candidate_id,name,normalized_name,raw_names,province,city,county,address,service_region,analysis_priority,credit_code,entity_type,parent_entity_name,parent_candidate_id,site_relation,node_type,node_subtype,recognition_level,grain,oil,processed_food,fresh_food,meat,vegetable,fruit,aquatic_product,dairy,daily_goods,storage_capability,processing_capability,distribution_capability,retail_capability,cold_chain_capability,storage_capacity,processing_capacity,distribution_capacity,capacity_value,capacity_unit,government_emergency_recognition,government_reserve_related,government_procurement_supplier,longitude,latitude,coordinate_source,longitude_raw,latitude_raw,coordinate_system_raw,geocoding_status,geocoding_confidence,spatial_ready,address_source,address_evidence_id,address_evidence_level,address_precision,address_confidence,address_evidence_source_url,address_evidence_source_note,physical_site_confirmed,storage_confirmed,previous_location,location_update_reason,source_count,source_categories,source_files,source_record_ids,evidence_level,verified,notes
cand_004a79cc2a0cc2dc,隆林各族自治县储备粮服务中心,隆林各族自治县储备粮服务中心,隆林各族自治县储备粮服务中心,广西壮族自治区,百色市,隆林各族自治县,,,reserve,,organization,,,,other,储备商品管理公司及其直属库,广西储备商品管理公司及其直属库名单(桂财税〔2024〕8号),true,false,false,false,false,false,false,false,false,false,false,false,false,false,false,,,,,,false,true,false,,,,,,,,,,,,,,,,,,,,,1,grain_reserve,data/raw/guangxi_reserve_companies_2024.html,rec_8e810286996ce2ad,A,true,属于储备商品管理公司及其直属库名单，但名称不足以安全判断为具体粮库或储备管理机构。 使用 lxml 从 HTML 正文容器按“行政区标题 + 序号 + 单位名称”结构抽取;原正文段落序号 263。
cand_00af0b74d7f59ee8,柳州市军粮供应有限公司,柳州市军粮供应有限公司,柳州市军粮供应有限公司,广西壮族自治区,柳州市,,,,secondary,,organization,,,,military_grain_supply,储备商品管理公司及其直属库,广西储备商品管理公司及其直属库名单(桂财税〔2024〕8号),true,false,false,false,false,false,false,false,false,false,false,false,false,false,false,,,,,,false,true,false,,,,,,,,,,,,,,,,,,,,,1,grain_reserve,data/raw/guangxi_reserve_companies_2024.html,rec_64aafb9bc4fae0ae,A,true,使用 lxml 从 HTML 正文容器按“行政区标题 + 序号 + 单位名称”结构抽取;原正文段落序号 76。
cand_00f10abe4f4c9c01,山东石岛水产品中心批发市场有限公司,山东石岛水产品中心批发市场有限公司,山东石岛水产品中心批发市场有限公司,山东省,,,,,external,,market,,,,agricultural_wholesale_market,农业农村部定点农产品批发市场,农业农村部定点市场,false,false,false,true,false,false,false,true,false,false,false,false,true,false,false,,,,,,false,false,false,,,,,,,,,,,,,,,,,,,,,1,wholesale_market,data/raw/moa_designated_wholesale_markets_2024.pdf,rec_0e1566bda738578d,A,true,按 PDF 两列表格抽取;原文件未提供详细地址和坐标。
cand_01271cf1700081c7,河北邢台润恒农副产品市场管理有限公司,河北邢台润恒农副产品市场管理有限公司,河北邢台润恒农副产品市场管理有限公司,河北省,,,,,external,,market,,,,agricultural_wholesale_market,农业农村部定点农产品批发市场,农业农村部定点市场,false,false,false,true,false,false,false,false,false,false,false,false,true,false,false,,,,,,false,false,false,,,,,,,,,,,,,,,,,,,,,1,wholesale_market,data/raw/moa_designated_wholesale_markets_2024.pdf,rec_378c1168ebbd7a1a,A,true,按 PDF 两列表格抽取;原文件未提供详细地址和坐标。
cand_0139cf3fb696d22f,盈顶汇食品集团股份有限公司,盈顶汇食品集团股份有限公司,盈顶汇食品集团股份有限公司,广西壮族自治区,南宁市,西乡塘区,南宁市西乡塘区大学东路27号嘉州华都A座一层104-117号、B座一层124、125-1、128-129号,贵港市,primary,91450102073756896K,organization,,,,government_procurement_supplier,畜肉类;禽肉类;生鲜时蔬、水果类,政府采购入围/中标供应商,false,false,true,true,true,true,true,false,false,false,false,false,false,false,false,,,,,,false,false,true,,,,,,,,,,,,,,,,,,,,,3,government_procurement,data/raw/guigang_food_suppliers_310.pdf,rec_3690e0c0d6da3a00;rec_6f2e254de53756ab;rec_0309863aafc0660b,C,true,"采购供应商身份不等同于实体仓储节点。 采购资料中的地址按企业登记/联系地址处理，不自动等同于仓库或配送节点地址。 按 PDF 表格行批量抽取;地址视为供应商登记/联系地址,不自动认定为仓储节点。 采购供应商地址不自动视为仓库地址；仅在原文出现仓库、粮库、配送中心、冷库、厂房等明确词时标记相应能力。"
cand_022f6c6f24484eb1,山东诸城市渤海水产城批发市场,山东诸城市渤海水产城批发市场,山东诸城市渤海水产城批发市场,山东省,,,,,external,,market,,,,agricultural_wholesale_market,农业农村部定点农产品批发市场,农业农村部定点市场,false,false,false,true,false,false,false,true,false,false,false,false,true,false,false,,,,,,false,false,false,,,,,,,,,,,,,,,,,,,,,1,wholesale_market,data/raw/moa_designated_wholesale_markets_2024.pdf,rec_edbb7225536846ca,A,true,按 PDF 两列表格抽取;原文件未提供详细地址和坐标。
cand_023fc4aaf6961bb6,湖北裕丰农副产品市场,湖北裕丰农副产品市场,湖北裕丰农副产品市场,湖北省,,,,,external,,market,,,,agricultural_wholesale_market,农业农村部定点农产品批发市场,农业农村部定点市场,false,false,false,true,false,false,false,false,false,false,false,false,true,false,false,,,,,,false,false,false,,,,,,,,,,,,,,,,,,,,,1,wholesale_market,data/raw/moa_designated_wholesale_markets_2024.pdf,rec_9dd45f219dec7e5f,A,true,按 PDF 两列表格抽取;原文件未提供详细地址和坐标。
cand_024802aa98c5b059,海南海口南北水果市场,海南海口南北水果市场,海南海口南北水果市场,海南省,,,,,external,,market,,,,agricultural_wholesale_market,农业农村部定点农产品批发市场,农业农村部定点市场,false,false,false,true,false,false,true,false,false,false,false,false,true,false,false,,,,,,false,false,false,,,,,,,,,,,,,,,,,,,,,1,wholesale_market,data/raw/moa_designated_wholesale_markets_2024.pdf,rec_e072e9f6f025e206,A,true,按 PDF 两列表格抽取;原文件未提供详细地址和坐标。
cand_028e850e05fadff8,贵州铜仁玉屏牲畜产地批发市场,贵州铜仁玉屏牲畜产地批发市场,贵州铜仁玉屏牲畜产地批发市场,贵州省,,,,,external,,market,,,,agricultural_wholesale_market,农业农村部定点农产品批发市场,农业农村部定点市场,false,false,false,true,false,false,false,false,false,false,false,false,true,false,false,,,,,,false,false,false,,,,,,,,,,,,,,,,,,,,,1,wholesale_market,data/raw/moa_designated_wholesale_markets_2024.pdf,rec_0fe0cebcc3cd0808,A,true,按 PDF 两列表格抽取;原文件未提供详细地址和坐标。
cand_028fed5aceba4b56,湖北鄂州市蟠龙农产品批发市场有限公司,湖北鄂州市蟠龙农产品批发市场有限公司,湖北鄂州市蟠龙农产品批发市场有限公司,湖北省,,,,,external,,market,,,,agricultural_wholesale_market,农业农村部定点农产品批发市场,农业农村部定点市场,false,false,false,true,false,false,false,false,false,false,false,false,true,false,false,,,,,,false,false,false,,,,,,,,,,,,,,,,,,,,,1,wholesale_market,data/raw/moa_designated_wholesale_markets_2024.pdf,rec_04038494ef5a6575,A,true,按 PDF 两列表格抽取;原文件未提供详细地址和坐标。
cand_028ffaea903f2bd2,山东滨州市六街商贸总公司(山东滨州鲁北(六街)蔬菜批发市场),山东滨州市六街商贸总公司(山东滨州鲁北(六街)蔬菜批发市场),山东滨州市六街商贸总公司(山东滨州鲁北(六街)蔬菜批发市场),山东省,,,,,external,,market,,,,agricultural_wholesale_market,农业农村部定点农产品批发市场,农业农村部定点市场,false,false,false,true,false,true,false,false,false,false,false,false,true,false,false,,,,,,false,false,false,,,,,,,,,,,,,,,,,,,,,1,wholesale_market,data/raw/moa_designated_wholesale_markets_2024.pdf,rec_4e6ebf954e982eff,A,true,按 PDF 两列表格抽取;原文件未提供详细地址和坐标。
cand_02ab31ac44976134,广西贵港市永兴盛商贸有限公司,广西贵港市永兴盛商贸有限公司,广西贵港市永兴盛商贸有限公司,广西壮族自治区,贵港市,港南区,广西壮族自治区贵港市港南区江一路132号(港南1号)鸿运阁2-4-603号,贵港市,reserve,91450803MADBDJ302M,organization,,,,government_procurement_supplier,生鲜时蔬、水果类,政府采购入围/中标供应商,false,false,false,true,false,true,true,false,false,false,false,false,false,false,false,,,,,,false,false,true,,,,,,,,,,,,,,,,,,,,,1,government_procurement,data/raw/guigang_food_suppliers_310.pdf,rec_5f25c5a1afa8cbd4,C,true,"采购供应商身份不等同于实体仓储节点。 采购资料中的地址按企业登记/联系地址处理，不自动等同于仓库或配送节点地址。 按 PDF 表格行批量抽取;地址视为供应商登记/联系地址,不自动认定为仓储节点。 采购供应商地址不自动视为仓库地址；仅在原文出现仓库、粮库、配送中心、冷库、厂房等明确词时标记相应能力。"
cand_02f28b86ecbcd6d8,吉林四平万邦农副产品批发市场,吉林四平万邦农副产品批发市场,吉林四平万邦农副产品批发市场,吉林省,,,,,external,,market,,,,agricultural_wholesale_market,农业农村部定点农产品批发市场,农业农村部定点市场,false,false,false,true,false,false,false,false,false,false,false,false,true,false,false,,,,,,false,false,false,,,,,,,,,,,,,,,,,,,,,1,wholesale_market,data/raw/moa_designated_wholesale_markets_2024.pdf,rec_224756dfe4ddda7e,A,true,按 PDF 两列表格抽取;原文件未提供详细地址和坐标。
cand_0311798dcb647ca6,河南源潭辣椒城,河南源潭辣椒城,河南源潭辣椒城,河南省,,,,,external,,market,,,,agricultural_wholesale_market,农业农村部定点农产品批发市场,农业农村部定点市场,false,false,false,true,false,false,false,false,false,false,false,false,true,false,false,,,,,,false,false,false,,,,,,,,,,,,,,,,,,,,,1,wholesale_market,data/raw/moa_designated_wholesale_markets_2024.pdf,rec_5ec7dbd570f9a8d4,A,true,按 PDF 两列表格抽取;原文件未提供详细地址和坐标。
cand_0349ef5012e8fd55,贵港市储备粮管理公司,贵港市储备粮管理公司,贵港市储备粮管理公司,广西壮族自治区,贵港市,,,,reserve,,organization,,,,grain_reserve,储备商品管理公司及其直属库,广西储备商品管理公司及其直属库名单(桂财税〔2024〕8号),true,false,false,false,false,false,false,false,false,false,false,false,false,false,false,,,,,,false,true,false,,,,,,,,,,,,,,,,,,,,,1,grain_reserve,data/raw/guangxi_reserve_companies_2024.html,rec_d2d9213caae89511,A,true,名单证明储备体系资格，但企业主体或管理机构名称不等同于具体物理粮库。 使用 lxml 从 HTML 正文容器按“行政区标题 + 序号 + 单位名称”结构抽取;原正文段落序号 338。
cand_03635333ce669225,黑龙江大庆农产品中心批发市场有限公司,黑龙江大庆农产品中心批发市场有限公司,黑龙江大庆农产品中心批发市场有限公司,黑龙江省,,,,,external,,market,,,,agricultural_wholesale_market,农业农村部定点农产品批发市场,农业农村部定点市场,false,false,false,true,false,false,false,false,false,false,false,false,true,false,false,,,,,,false,false,false,,,,,,,,,,,,,,,,,,,,,1,wholesale_market,data/raw/moa_designated_wholesale_markets_2024.pdf,rec_1fe3f05462a60382,A,true,按 PDF 两列表格抽取;原文件未提供详细地址和坐标。
cand_0396e57de85fd8ef,柳江县兴隆粮油购销有限责任公司,柳江县兴隆粮油购销有限责任公司,柳江县兴隆粮油购销有限责任公司,广西壮族自治区,柳州市,柳江县,,,secondary,,organization,,,,grain_reserve,储备商品管理公司及其直属库,广西储备商品管理公司及其直属库名单(桂财税〔2024〕8号),true,true,false,false,false,false,false,false,false,false,false,false,false,false,false,,,,,,false,true,false,,,,,,,,,,,,,,,,,,,,,1,grain_reserve,data/raw/guangxi_reserve_companies_2024.html,rec_6495fbacb9479b32,A,true,名单证明储备体系资格，但企业主体或管理机构名称不等同于具体物理粮库。 使用 lxml 从 HTML 正文容器按“行政区标题 + 序号 + 单位名称”结构抽取;原正文段落序号 84。
cand_03ace0791ecdeed9,南宁市青秀区南阳粮食管理所,南宁市青秀区南阳粮食管理所,南宁市青秀区南阳粮食管理所,广西壮族自治区,南宁市,青秀区,,,primary,,unknown,,,,grain_reserve,储备商品管理公司及其直属库,广西储备商品管理公司及其直属库名单(桂财税〔2024〕8号),true,false,false,false,false,false,false,false,false,false,false,false,false,false,false,,,,,,false,true,false,,,,,,,,,,,,,,,,,,,,,1,grain_reserve,data/raw/guangxi_reserve_companies_2024.html,rec_5eb4ca1bb6d1cd01,A,true,名单证明储备体系资格，但企业主体或管理机构名称不等同于具体物理粮库。 使用 lxml 从 HTML 正文容器按“行政区标题 + 序号 + 单位名称”结构抽取;原正文段落序号 49。
cand_03b47b4a057bcc47,辽宁阜新市瑞轩实业发展有限公司(辽宁阜新市瑞轩蔬菜农副产品综合批发市场),辽宁阜新市瑞轩实业发展有限公司(辽宁阜新市瑞轩蔬菜农副产品综合批发市场),辽宁阜新市瑞轩实业发展有限公司(辽宁阜新市瑞轩蔬菜农副产品综合批发市场),辽宁省,,,,,external,,market,,,,agricultural_wholesale_market,农业农村部定点农产品批发市场,农业农村部定点市场,false,false,false,true,false,true,false,false,false,false,false,false,true,false,false,,,,,,false,false,false,,,,,,,,,,,,,,,,,,,,,1,wholesale_market,data/raw/moa_designated_wholesale_markets_2024.pdf,rec_ea64d61e6566951f,A,true,按 PDF 两列表格抽取;原文件未提供详细地址和坐标。
cand_03c1e1548b407159,湖北随州香菇大市场,湖北随州香菇大市场,湖北随州香菇大市场,湖北省,,,,,external,,market,,,,agricultural_wholesale_market,农业农村部定点农产品批发市场,农业农村部定点市场,false,false,false,true,false,false,false,false,false,false,false,false,true,false,false,,,,,,false,false,false,,,,,,,,,,,,,,,,,,,,,1,wholesale_market,data/raw/moa_designated_wholesale_markets_2024.pdf,rec_1e21e5c2cbfbd184,A,true,按 PDF 两列表格抽取;原文件未提供详细地址和坐标。
cand_03ebbea40180f1d1,玉林市丰琦贸易有限公司,玉林市丰琦贸易有限公司,玉林市丰琦贸易有限公司,广西壮族自治区,玉林市,,,,reserve,,organization,,,,other,储备商品管理公司及其直属库,广西储备商品管理公司及其直属库名单(桂财税〔2024〕8号),true,false,false,false,false,false,false,false,false,false,false,false,false,false,false,,,,,,false,true,false,,,,,,,,,,,,,,,,,,,,,1,grain_reserve,data/raw/guangxi_reserve_companies_2024.html,rec_314c66b9871c7b7a,A,true,属于储备商品管理公司及其直属库名单，但名称不足以安全判断为具体粮库或储备管理机构。 使用 lxml 从 HTML 正文容器按“行政区标题 + 序号 + 单位名称”结构抽取;原正文段落序号 297。
cand_045774155c48ca1c,灵山县太平粮食管理所,灵山县太平粮食管理所,灵山县太平粮食管理所,广西壮族自治区,钦州市,灵山县,,,reserve,,unknown,,,,grain_reserve,储备商品管理公司及其直属库,广西储备商品管理公司及其直属库名单(桂财税〔2024〕8号),true,false,false,false,false,false,false,false,false,false,false,false,false,false,false,,,,,,false,true,false,,,,,,,,,,,,,,,,,,,,,1,grain_reserve,data/raw/guangxi_reserve_companies_2024.html,rec_406786081b5a1b0d,A,true,名单证明储备体系资格，但企业主体或管理机构名称不等同于具体物理粮库。 使用 lxml 从 HTML 正文容器按“行政区标题 + 序号 + 单位名称”结构抽取;原正文段落序号 202。
cand_0467ec0d0fa1e46d,云南滇东农产品集散交易与物流中心,云南滇东农产品集散交易与物流中心,云南滇东农产品集散交易与物流中心,云南省,,,,,external,,market,,,,agricultural_wholesale_market,农业农村部定点农产品批发市场,农业农村部定点市场,false,false,false,true,false,false,false,false,false,false,false,false,true,false,false,,,,,,false,false,false,,,,,,,,,,,,,,,,,,,,,1,wholesale_market,data/raw/moa_designated_wholesale_markets_2024.pdf,rec_00e7fa73f4ef7bf0,A,true,按 PDF 两列表格抽取;原文件未提供详细地址和坐标。
cand_046d43f21f88b5bc,宁夏四季鲜农产品综合批发市场,宁夏四季鲜农产品综合批发市场,宁夏四季鲜农产品综合批发市场,宁夏回族自治区,,,,,external,,market,,,,agricultural_wholesale_market,农业农村部定点农产品批发市场,农业农村部定点市场,false,false,false,true,false,false,false,false,false,false,false,false,true,false,false,,,,,,false,false,false,,,,,,,,,,,,,,,,,,,,,1,wholesale_market,data/raw/moa_designated_wholesale_markets_2024.pdf,rec_845a320251cdecd8,A,true,按 PDF 两列表格抽取;原文件未提供详细地址和坐标。
cand_0483f20f9440b908,平南县龚北粮食购销有限责任公司,平南县龚北粮食购销有限责任公司,平南县龚北粮食购销有限责任公司,广西壮族自治区,贵港市,平南县,,,reserve,,organization,,,,grain_reserve,储备商品管理公司及其直属库,广西储备商品管理公司及其直属库名单(桂财税〔2024〕8号),true,false,false,false,false,false,false,false,false,false,false,false,false,false,false,,,,,,false,true,false,,,,,,,,,,,,,,,,,,,,,1,grain_reserve,data/raw/guangxi_reserve_companies_2024.html,rec_5a84becb0822169f,A,true,名单证明储备体系资格，但企业主体或管理机构名称不等同于具体物理粮库。 使用 lxml 从 HTML 正文容器按“行政区标题 + 序号 + 单位名称”结构抽取;原正文段落序号 349。
cand_04a1349ecedb891c,河北黄骅市沈庄贸易城综合市场有限公司,河北黄骅市沈庄贸易城综合市场有限公司,河北黄骅市沈庄贸易城综合市场有限公司,河北省,,,,,external,,market,,,,agricultural_wholesale_market,农业农村部定点农产品批发市场,农业农村部定点市场,false,false,false,true,false,false,false,false,false,false,false,false,true,false,false,,,,,,false,false,false,,,,,,,,,,,,,,,,,,,,,1,wholesale_market,data/raw/moa_designated_wholesale_markets_2024.pdf,rec_97a35040d8eb205e,A,true,按 PDF 两列表格抽取;原文件未提供详细地址和坐标。
cand_04e378e155752c29,广西爱食鲜农产品有限公司,广西爱食鲜农产品有限公司,广西爱食鲜农产品有限公司,广西壮族自治区,南宁市,良庆区,南宁市良庆区博艺路10号金源一品2号楼二十五层2502号房,贵港市,primary,91450108MA5NB8C99Y,organization,,,,government_procurement_supplier,鱼及水产;生鲜时蔬、水果类;冷冻品类,政府采购入围/中标供应商,false,false,true,true,false,true,true,true,false,false,false,false,false,false,false,,,,,,false,false,true,,,,,,,,,,,,,,,,,,,,,3,government_procurement,data/raw/guigang_food_suppliers_310.pdf,rec_7f256e227fa6c738;rec_26e8a1e0b4647fd7;rec_689ab83e3576cb18,C,true,"采购供应商身份不等同于实体仓储节点。 采购资料中的地址按企业登记/联系地址处理，不自动等同于仓库或配送节点地址。 按 PDF 表格行批量抽取;地址视为供应商登记/联系地址,不自动认定为仓储节点。 采购供应商地址不自动视为仓库地址；仅在原文出现仓库、粮库、配送中心、冷库、厂房等明确词时标记相应能力。"
cand_056421c426edc1f8,阳朔县白沙粮食管理所,阳朔县白沙粮食管理所,阳朔县白沙粮食管理所,广西壮族自治区,桂林市,,,,reserve,,unknown,,,,grain_reserve,储备商品管理公司及其直属库,广西储备商品管理公司及其直属库名单(桂财税〔2024〕8号),true,false,false,false,false,false,false,false,false,false,false,false,false,false,false,,,,,,false,true,false,,,,,,,,,,,,,,,,,,,,,1,grain_reserve,data/raw/guangxi_reserve_companies_2024.html,rec_672bbe2d603e2dcb,A,true,名单证明储备体系资格，但企业主体或管理机构名称不等同于具体物理粮库。 使用 lxml 从 HTML 正文容器按“行政区标题 + 序号 + 单位名称”结构抽取;原正文段落序号 131。
cand_059804635defa995,江苏新沂市北方农副产品批发市场有限公司,江苏新沂市北方农副产品批发市场有限公司,江苏新沂市北方农副产品批发市场有限公司,江苏省,,,,,external,,market,,,,agricultural_wholesale_market,农业农村部定点农产品批发市场,农业农村部定点市场,false,false,false,true,false,false,false,false,false,false,false,false,true,false,false,,,,,,false,false,false,,,,,,,,,,,,,,,,,,,,,1,wholesale_market,data/raw/moa_designated_wholesale_markets_2024.pdf,rec_6a404ecf31d68fac,A,true,按 PDF 两列表格抽取;原文件未提供详细地址和坐标。
cand_05c9333305073fca,钦州市钦北区军粮供应站,钦州市钦北区军粮供应站,钦州市钦北区军粮供应站,广西壮族自治区,钦州市,,,,reserve,,unknown,,,,military_grain_supply,储备商品管理公司及其直属库,广西储备商品管理公司及其直属库名单(桂财税〔2024〕8号),true,false,false,false,false,false,false,false,false,false,false,false,false,false,false,,,,,,false,true,false,,,,,,,,,,,,,,,,,,,,,1,grain_reserve,data/raw/guangxi_reserve_companies_2024.html,rec_c6daca510c03a5ea,A,true,使用 lxml 从 HTML 正文容器按“行政区标题 + 序号 + 单位名称”结构抽取;原正文段落序号 188。
cand_06468a57ff3d7b0d,山东菏泽农产品物流中心,山东菏泽农产品物流中心,山东菏泽农产品物流中心,山东省,,,,,external,,market,,,,agricultural_wholesale_market,农业农村部定点农产品批发市场,农业农村部定点市场,false,false,false,true,false,false,false,false,false,false,false,false,true,false,false,,,,,,false,false,false,,,,,,,,,,,,,,,,,,,,,1,wholesale_market,data/raw/moa_designated_wholesale_markets_2024.pdf,rec_8a14f99a22148377,A,true,按 PDF 两列表格抽取;原文件未提供详细地址和坐标。
cand_068a45e35e55fffb,江西南昌赣昌水产品综合交易批发市场,江西南昌赣昌水产品综合交易批发市场,江西南昌赣昌水产品综合交易批发市场,江西省,,,,,external,,market,,,,agricultural_wholesale_market,农业农村部定点农产品批发市场,农业农村部定点市场,false,false,false,true,false,false,false,true,false,false,false,false,true,false,false,,,,,,false,false,false,,,,,,,,,,,,,,,,,,,,,1,wholesale_market,data/raw/moa_designated_wholesale_markets_2024.pdf,rec_d698d73e1235a239,A,true,按 PDF 两列表格抽取;原文件未提供详细地址和坐标。
cand_0692ab99f5901644,河南金河批发市场,河南金河批发市场,河南金河批发市场,河南省,,,,,external,,market,,,,agricultural_wholesale_market,农业农村部定点农产品批发市场,农业农村部定点市场,false,false,false,true,false,false,false,false,false,false,false,false,true,false,false,,,,,,false,false,false,,,,,,,,,,,,,,,,,,,,,1,wholesale_market,data/raw/moa_designated_wholesale_markets_2024.pdf,rec_3028dde97ca7ccfa,A,true,按 PDF 两列表格抽取;原文件未提供详细地址和坐标。
cand_0725cef02497b32f,浙江温州市菜篮子农副产品批发交易市场,浙江温州市菜篮子农副产品批发交易市场,浙江温州市菜篮子农副产品批发交易市场,浙江省,,,,,external,,market,,,,agricultural_wholesale_market,农业农村部定点农产品批发市场,农业农村部定点市场,false,false,false,true,false,true,false,false,false,false,false,false,true,false,false,,,,,,false,false,false,,,,,,,,,,,,,,,,,,,,,1,wholesale_market,data/raw/moa_designated_wholesale_markets_2024.pdf,rec_6d13a46c733995e1,A,true,按 PDF 两列表格抽取;原文件未提供详细地址和坐标。
cand_0736e6da864e815e,平果市力棉商贸有限公司,平果市力棉商贸有限公司,平果市力棉商贸有限公司,广西壮族自治区,百色市,平果市,,百色市/平果市,reserve,,organization,,,,government_procurement_supplier,鲜肉类;生鲜时蔬、水果类,政府采购入围/中标供应商,false,false,true,true,true,true,true,false,false,false,false,false,false,false,false,,,,,,false,false,true,,,,,,,,,,,,,,,,,,,,,2,government_procurement,data/raw/pingguo_meat_suppliers.pdf;data/raw/pingguo_vegetable_fruit_suppliers.pdf,rec_1a6449d200f59235;rec_3ab0db60a3aac855,C,true,"采购供应商身份不等同于实体仓储节点。 采购资料未提供企业地址；服务项目区域与企业所在地严格分开。 PDF 表格未提供地址和统一社会信用代码;服务项目所在地为平果市,不能据此推断企业所在地。 采购供应商地址不自动视为仓库地址；仅在原文出现仓库、粮库、配送中心、冷库、厂房等明确词时标记相应能力。"
cand_074c845627251651,永福县罗锦镇粮食管理所,永福县罗锦镇粮食管理所,永福县罗锦镇粮食管理所,广西壮族自治区,桂林市,永福县,,,reserve,,unknown,,,,grain_reserve,储备商品管理公司及其直属库,广西储备商品管理公司及其直属库名单(桂财税〔2024〕8号),true,false,false,false,false,false,false,false,false,false,false,false,false,false,false,,,,,,false,true,false,,,,,,,,,,,,,,,,,,,,,1,grain_reserve,data/raw/guangxi_reserve_companies_2024.html,rec_44d994fba1b0adec,A,true,名单证明储备体系资格，但企业主体或管理机构名称不等同于具体物理粮库。 使用 lxml 从 HTML 正文容器按“行政区标题 + 序号 + 单位名称”结构抽取;原正文段落序号 120。
cand_0776175013a09f62,天津韩家墅海吉星农产品物流有限公司(天津韩家墅海吉星农产品批发市场),天津韩家墅海吉星农产品物流有限公司(天津韩家墅海吉星农产品批发市场),天津韩家墅海吉星农产品物流有限公司(天津韩家墅海吉星农产品批发市场),天津市,天津市,,,,external,,market,,,,agricultural_wholesale_market,农业农村部定点农产品批发市场,农业农村部定点市场,false,false,false,true,false,false,false,false,false,false,false,false,true,false,false,,,,,,false,false,false,,,,,,,,,,,,,,,,,,,,,1,wholesale_market,data/raw/moa_designated_wholesale_markets_2024.pdf,rec_0a75c8d1d07bb49f,A,true,按 PDF 两列表格抽取;原文件未提供详细地址和坐标。
cand_077b8aadabb45ee9,天津市兴耀粮油食品批发市场有限公司(天津市兴耀粮油食品批发市场),天津市兴耀粮油食品批发市场有限公司(天津市兴耀粮油食品批发市场),天津市兴耀粮油食品批发市场有限公司(天津市兴耀粮油食品批发市场),天津市,天津市,,,,external,,market,,,,agricultural_wholesale_market,农业农村部定点农产品批发市场,农业农村部定点市场,true,true,true,true,false,false,false,false,false,false,false,false,true,false,false,,,,,,false,false,false,,,,,,,,,,,,,,,,,,,,,1,wholesale_market,data/raw/moa_designated_wholesale_markets_2024.pdf,rec_4516836fe78ec49b,A,true,按 PDF 两列表格抽取;原文件未提供详细地址和坐标。
cand_07b87312f04d558e,龙州县粮食和物资储备中心,龙州县粮食和物资储备中心,龙州县粮食和物资储备中心,广西壮族自治区,崇左市,,,,reserve,,organization,,,,grain_reserve,储备商品管理公司及其直属库,广西储备商品管理公司及其直属库名单(桂财税〔2024〕8号),true,false,false,false,false,false,false,false,false,false,false,false,false,false,false,,,,,,false,true,false,,,,,,,,,,,,,,,,,,,,,1,grain_reserve,data/raw/guangxi_reserve_companies_2024.html,rec_6e472aeaba4e4ad1,A,true,名单证明储备体系资格，但企业主体或管理机构名称不等同于具体物理粮库。 使用 lxml 从 HTML 正文容器按“行政区标题 + 序号 + 单位名称”结构抽取;原正文段落序号 394。
cand_07cd1a0be732d7b2,广西鑫三元食品配送有限公司,广西鑫三元食品配送有限公司,广西鑫三元食品配送有限公司,广西壮族自治区,桂林市,象山区,广西壮族自治区桂林市象山区安新南路18号406-409栋1-2号商铺,贵港市,reserve,91450304MADHLMUYXG,organization,,,,government_procurement_supplier,调味品类;奶制品及饮品,政府采购入围/中标供应商,false,false,true,true,false,false,false,false,true,false,false,false,true,false,false,,,,,,false,false,true,,,,,,,,,,,,,,,,,,,,,2,government_procurement,data/raw/guigang_food_suppliers_310.pdf,rec_fd60e396d042502c;rec_335383a5058d070a,C,true,"采购供应商身份不等同于实体仓储节点。 采购资料中的地址按企业登记/联系地址处理，不自动等同于仓库或配送节点地址。 按 PDF 表格行批量抽取;地址视为供应商登记/联系地址,不自动认定为仓储节点。 采购供应商地址不自动视为仓库地址；仅在原文出现仓库、粮库、配送中心、冷库、厂房等明确词时标记相应能力。"
cand_087b97b8263ae2be,福建闽台农产品市场,福建闽台农产品市场,福建闽台农产品市场,福建省,,,,,external,,market,,,,agricultural_wholesale_market,农业农村部定点农产品批发市场,农业农村部定点市场,false,false,false,true,false,false,false,false,false,false,false,false,true,false,false,,,,,,false,false,false,,,,,,,,,,,,,,,,,,,,,1,wholesale_market,data/raw/moa_designated_wholesale_markets_2024.pdf,rec_6014a2937d843153,A,true,按 PDF 两列表格抽取;原文件未提供详细地址和坐标。
cand_08c9beea1ee82700,广西天华盛隆餐饮管理有限公司,广西天华盛隆餐饮管理有限公司,广西天华盛隆餐饮管理有限公司,广西壮族自治区,南宁市,江南区,南宁市江南区白沙大道38-8号综合楼(北楼)25层2501、2502、2503、2503A号商铺,贵港市,primary,91450100315922835G,organization,,,,government_procurement_supplier,鱼及水产;鲜湿米粉、面食、糕点等早餐类、豆制品类;冷冻品类;调味品类;奶制品及饮品,政府采购入围/中标供应商,true,false,true,true,false,false,false,true,true,false,false,false,false,false,false,,,,,,false,false,true,,,,,,,,,,,,,,,,,,,,,5,government_procurement,data/raw/guigang_food_suppliers_310.pdf,rec_822803590b96ac03;rec_62a813f446dba246;rec_2ec75e90abb36d1c;rec_29577730b4d87757;rec_b3672cc1f6698d05,C,true,"采购供应商身份不等同于实体仓储节点。 采购资料中的地址按企业登记/联系地址处理，不自动等同于仓库或配送节点地址。 按 PDF 表格行批量抽取;地址视为供应商登记/联系地址,不自动认定为仓储节点。 采购供应商地址不自动视为仓库地址；仅在原文出现仓库、粮库、配送中心、冷库、厂房等明确词时标记相应能力。"
cand_08d7a091ae499c03,江苏南通吕四盈港市场有限公司,江苏南通吕四盈港市场有限公司,江苏南通吕四盈港市场有限公司,江苏省,,,,,external,,market,,,,agricultural_wholesale_market,农业农村部定点农产品批发市场,农业农村部定点市场,false,false,false,true,false,false,false,false,false,false,false,false,true,false,false,,,,,,false,false,false,,,,,,,,,,,,,,,,,,,,,1,wholesale_market,data/raw/moa_designated_wholesale_markets_2024.pdf,rec_4537f41b95d9f74e,A,true,按 PDF 两列表格抽取;原文件未提供详细地址和坐标。
cand_08ed3c94085f4687,天津市宝坻区京东市场建设服务有限公司农产品批发市场,天津市宝坻区京东市场建设服务有限公司农产品批发市场,天津市宝坻区京东市场建设服务有限公司农产品批发市场,天津市,天津市,,,,external,,market,,,,agricultural_wholesale_market,农业农村部定点农产品批发市场,农业农村部定点市场,false,false,false,true,false,false,false,false,false,false,false,false,true,false,false,,,,,,false,false,false,,,,,,,,,,,,,,,,,,,,,1,wholesale_market,data/raw/moa_designated_wholesale_markets_2024.pdf,rec_93f36f2a166fd4be,A,true,按 PDF 两列表格抽取;原文件未提供详细地址和坐标。
cand_09467fcb3d330775,江苏华东(盐城)农产品交易中心,江苏华东(盐城)农产品交易中心,江苏华东(盐城)农产品交易中心,江苏省,,,,,external,,market,,,,agricultural_wholesale_market,农业农村部定点农产品批发市场,农业农村部定点市场,false,false,false,true,false,false,false,false,false,false,false,false,true,false,false,,,,,,false,false,false,,,,,,,,,,,,,,,,,,,,,1,wholesale_market,data/raw/moa_designated_wholesale_markets_2024.pdf,rec_b6069c730a2a2069,A,true,按 PDF 两列表格抽取;原文件未提供详细地址和坐标。
cand_09c9fd2d80ec2239,山东青岛南村蔬菜有限公司(山东青岛平度市南村蔬菜批发市场),山东青岛南村蔬菜有限公司(山东青岛平度市南村蔬菜批发市场),山东青岛南村蔬菜有限公司(山东青岛平度市南村蔬菜批发市场),山东省,,,,,external,,market,,,,agricultural_wholesale_market,农业农村部定点农产品批发市场,农业农村部定点市场,false,false,false,true,false,true,false,false,false,false,false,false,true,false,false,,,,,,false,false,false,,,,,,,,,,,,,,,,,,,,,1,wholesale_market,data/raw/moa_designated_wholesale_markets_2024.pdf,rec_13748605a829767e,A,true,按 PDF 两列表格抽取;原文件未提供详细地址和坐标。
cand_0a00bd259ad8d562,贵港市覃塘区荷美山泉豆制品厂,贵港市覃塘区荷美山泉豆制品厂,贵港市覃塘区荷美山泉豆制品厂,广西壮族自治区,贵港市,覃塘区,贵港市覃塘区覃塘街道六务大队六角垌屯,贵港市,reserve,92450804MA5PTAY6XC,organization,,,,government_procurement_supplier,鲜湿米粉、面食、糕点等早餐类、豆制品类,政府采购入围/中标供应商,true,false,true,false,false,false,false,false,false,false,false,false,false,false,false,,,,,,false,false,true,,,,,,,,,,,,,,,,,,,,,1,government_procurement,data/raw/guigang_food_suppliers_310.pdf,rec_6e9806c6941ab644,C,true,"采购供应商身份不等同于实体仓储节点。 采购资料中的地址按企业登记/联系地址处理，不自动等同于仓库或配送节点地址。 按 PDF 表格行批量抽取;地址视为供应商登记/联系地址,不自动认定为仓储节点。 采购供应商地址不自动视为仓库地址；仅在原文出现仓库、粮库、配送中心、冷库、厂房等明确词时标记相应能力。"
cand_0a0c1ea6998fba90,广西新大乐购商贸有限公司,广西新大乐购商贸有限公司,广西新大乐购商贸有限公司,广西壮族自治区,梧州市,,梧州市新兴一路66号负一层,贵港市,reserve,91450400MA5L6NTD1Y,organization,,,,government_procurement_supplier,大米类;食用油类,政府采购入围/中标供应商,true,true,false,false,false,false,false,false,false,false,false,false,false,false,false,,,,,,false,false,true,,,,,,,,,,,,,,,,,,,,,2,government_procurement,data/raw/guigang_food_suppliers_310.pdf,rec_30437097ee0b2538;rec_447df313df08da84,C,true,"采购供应商身份不等同于实体仓储节点。 采购资料中的地址按企业登记/联系地址处理，不自动等同于仓库或配送节点地址。 按 PDF 表格行批量抽取;地址视为供应商登记/联系地址,不自动认定为仓储节点。 采购供应商地址不自动视为仓库地址；仅在原文出现仓库、粮库、配送中心、冷库、厂房等明确词时标记相应能力。"
cand_0a33cc9a06082e7f,崇左市粮油购销中心,崇左市粮油购销中心,崇左市粮油购销中心,广西壮族自治区,崇左市,,,,reserve,,organization,,,,grain_reserve,储备商品管理公司及其直属库,广西储备商品管理公司及其直属库名单(桂财税〔2024〕8号),true,true,false,false,false,false,false,false,false,false,false,false,false,false,false,,,,,,false,true,false,,,,,,,,,,,,,,,,,,,,,1,grain_reserve,data/raw/guangxi_reserve_companies_2024.html,rec_34b095dccaa5243f,A,true,名单证明储备体系资格，但企业主体或管理机构名称不等同于具体物理粮库。 使用 lxml 从 HTML 正文容器按“行政区标题 + 序号 + 单位名称”结构抽取;原正文段落序号 385。
cand_0a3ee269a1b2802b,上思县城镇粮油供应中心,上思县城镇粮油供应中心,上思县城镇粮油供应中心,广西壮族自治区,防城港市,,,,reserve,,organization,,,,other,储备商品管理公司及其直属库,广西储备商品管理公司及其直属库名单(桂财税〔2024〕8号),true,true,false,false,false,false,false,false,false,false,false,false,false,false,false,,,,,,false,true,false,,,,,,,,,,,,,,,,,,,,,1,grain_reserve,data/raw/guangxi_reserve_companies_2024.html,rec_1935756eb8f3bb0a,A,true,属于储备商品管理公司及其直属库名单，但名称不足以安全判断为具体粮库或储备管理机构。 使用 lxml 从 HTML 正文容器按“行政区标题 + 序号 + 单位名称”结构抽取;原正文段落序号 221。
cand_0a89097d153539f5,新疆克拉玛依农副产品批发市场,新疆克拉玛依农副产品批发市场,新疆克拉玛依农副产品批发市场,新疆维吾尔自治区,,,,,external,,market,,,,agricultural_wholesale_market,农业农村部定点农产品批发市场,农业农村部定点市场,false,false,false,true,false,false,false,false,false,false,false,false,true,false,false,,,,,,false,false,false,,,,,,,,,,,,,,,,,,,,,1,wholesale_market,data/raw/moa_designated_wholesale_markets_2024.pdf,rec_e33ef1b692e7bde5,A,true,按 PDF 两列表格抽取;原文件未提供详细地址和坐标。
cand_0a98c9df8535067e,贵港市绿奥贸易有限公司,贵港市绿奥贸易有限公司,贵港市绿奥贸易有限公司,广西壮族自治区,贵港市,港北区,广西壮族自治区贵港市港北区和平路188号广汇东湖城(新天地)3幢09号3楼,贵港市,reserve,91450800MA5N46RB7G,organization,,,,government_procurement_supplier,生鲜时蔬、水果类,政府采购入围/中标供应商,false,false,false,true,false,true,true,false,false,false,false,false,false,false,false,,,,,,false,false,true,,,,,,,,,,,,,,,,,,,,,1,government_procurement,data/raw/guigang_food_suppliers_310.pdf,rec_fc82b2ec7126d209,C,true,"采购供应商身份不等同于实体仓储节点。 采购资料中的地址按企业登记/联系地址处理，不自动等同于仓库或配送节点地址。 按 PDF 表格行批量抽取;地址视为供应商登记/联系地址,不自动认定为仓储节点。 采购供应商地址不自动视为仓库地址；仅在原文出现仓库、粮库、配送中心、冷库、厂房等明确词时标记相应能力。"
cand_0ab2dfcec67983e5,湖南常德国际农产品交易中心,湖南常德国际农产品交易中心,湖南常德国际农产品交易中心,湖南省,,,,,external,,market,,,,agricultural_wholesale_market,农业农村部定点农产品批发市场,农业农村部定点市场,false,false,false,true,false,false,false,false,false,false,false,false,true,false,false,,,,,,false,false,false,,,,,,,,,,,,,,,,,,,,,1,wholesale_market,data/raw/moa_designated_wholesale_markets_2024.pdf,rec_f0d9518d4900a94c,A,true,按 PDF 两列表格抽取;原文件未提供详细地址和坐标。
cand_0b5e268832a49bc2,靖西市粮油购销管理中心,靖西市粮油购销管理中心,靖西市粮油购销管理中心,广西壮族自治区,百色市,靖西市,,,reserve,,organization,,,,grain_reserve,储备商品管理公司及其直属库,广西储备商品管理公司及其直属库名单(桂财税〔2024〕8号),true,true,false,false,false,false,false,false,false,false,false,false,false,false,false,,,,,,false,true,false,,,,,,,,,,,,,,,,,,,,,1,grain_reserve,data/raw/guangxi_reserve_companies_2024.html,rec_50f087feb6f64cc2,A,true,名单证明储备体系资格，但企业主体或管理机构名称不等同于具体物理粮库。 使用 lxml 从 HTML 正文容器按“行政区标题 + 序号 + 单位名称”结构抽取;原正文段落序号 245。
cand_0bc760eb432f5b15,重庆吉之汇国际农贸物流城,重庆吉之汇国际农贸物流城,重庆吉之汇国际农贸物流城,重庆市,重庆市,,,,external,,market,,,,agricultural_wholesale_market,农业农村部定点农产品批发市场,农业农村部定点市场,false,false,false,true,false,false,false,false,false,false,false,false,true,false,false,,,,,,false,false,false,,,,,,,,,,,,,,,,,,,,,1,wholesale_market,data/raw/moa_designated_wholesale_markets_2024.pdf,rec_987f06c0c4cd01d1,A,true,按 PDF 两列表格抽取;原文件未提供详细地址和坐标。
cand_0c06540052610920,山东青岛抚顺路蔬菜副食品批发市场股份有限公司,山东青岛抚顺路蔬菜副食品批发市场股份有限公司,山东青岛抚顺路蔬菜副食品批发市场股份有限公司,山东省,,,,,external,,market,,,,agricultural_wholesale_market,农业农村部定点农产品批发市场,农业农村部定点市场,false,false,true,true,false,true,false,false,false,false,false,false,true,false,false,,,,,,false,false,false,,,,,,,,,,,,,,,,,,,,,1,wholesale_market,data/raw/moa_designated_wholesale_markets_2024.pdf,rec_3ded08b9298edbd4,A,true,按 PDF 两列表格抽取;原文件未提供详细地址和坐标。
cand_0c11d4306b76360d,广西南宁市佳禾市场投资开发有限公司,广西南宁市佳禾市场投资开发有限公司,广西南宁市佳禾市场投资开发有限公司,广西壮族自治区,南宁市,,,,primary,,market,,,,agricultural_wholesale_market,农业农村部定点农产品批发市场,农业农村部定点市场,false,false,false,true,false,false,false,false,false,false,false,false,true,false,false,,,,,,false,false,false,,,,,,,,,,,,,,,,,,,,,1,wholesale_market,data/raw/moa_designated_wholesale_markets_2024.pdf,rec_3ccb120ab1ff653d,A,true,按 PDF 两列表格抽取;原文件未提供详细地址和坐标。
cand_0c3523b8da21b818,广西桂然生态农业有限公司,广西桂然生态农业有限公司,广西桂然生态农业有限公司,广西壮族自治区,南宁市,江南区,南宁市江南区五一中路新福里2-1号-1,贵港市,primary,91450105MA5L6DA664,organization,,,,government_procurement_supplier,畜肉类;生鲜时蔬、水果类,政府采购入围/中标供应商,false,false,false,true,true,true,true,false,false,false,false,false,false,false,false,,,,,,false,false,true,,,,,,,,,,,,,,,,,,,,,2,government_procurement,data/raw/guigang_food_suppliers_310.pdf,rec_52a4a4f23e2e7793;rec_c27823ca1bad2d24,C,true,"采购供应商身份不等同于实体仓储节点。 采购资料中的地址按企业登记/联系地址处理，不自动等同于仓库或配送节点地址。 按 PDF 表格行批量抽取;地址视为供应商登记/联系地址,不自动认定为仓储节点。 采购供应商地址不自动视为仓库地址；仅在原文出现仓库、粮库、配送中心、冷库、厂房等明确词时标记相应能力。"
cand_0c70417013e0cf0a,平果市中转储备粮库,平果市中转储备粮库,平果市中转储备粮库,广西壮族自治区,百色市,平果市,,,reserve,,physical_site,,,,grain_depot,储备商品管理公司及其直属库,广西储备商品管理公司及其直属库名单(桂财税〔2024〕8号),true,false,false,false,false,false,false,false,false,false,true,false,false,false,false,,,,,,false,true,false,,,,,,,,,,,,,,,,,,,,,1,grain_reserve,data/raw/guangxi_reserve_companies_2024.html,rec_f9c53eec33036d5a,A,true,使用 lxml 从 HTML 正文容器按“行政区标题 + 序号 + 单位名称”结构抽取;原正文段落序号 252。
cand_0cb575874de05489,河南濮阳宏进农副产品批发市场有限公司,河南濮阳宏进农副产品批发市场有限公司,河南濮阳宏进农副产品批发市场有限公司,河南省,,,,,external,,market,,,,agricultural_wholesale_market,农业农村部定点农产品批发市场,农业农村部定点市场,false,false,false,true,false,false,false,false,false,false,false,false,true,false,false,,,,,,false,false,false,,,,,,,,,,,,,,,,,,,,,1,wholesale_market,data/raw/moa_designated_wholesale_markets_2024.pdf,rec_e89a74ad8ff63439,A,true,按 PDF 两列表格抽取;原文件未提供详细地址和坐标。
cand_0cb8e8a23f9e4d90,吉林省进步蔬菜批发市场有限公司,吉林省进步蔬菜批发市场有限公司,吉林省进步蔬菜批发市场有限公司,吉林省,,,,,external,,market,,,,agricultural_wholesale_market,农业农村部定点农产品批发市场,农业农村部定点市场,false,false,false,true,false,true,false,false,false,false,false,false,true,false,false,,,,,,false,false,false,,,,,,,,,,,,,,,,,,,,,1,wholesale_market,data/raw/moa_designated_wholesale_markets_2024.pdf,rec_d0d4cb117c5ad09a,A,true,按 PDF 两列表格抽取;原文件未提供详细地址和坐标。
cand_0ce020fcd6959122,天津何庄子农产品批发市场,天津何庄子农产品批发市场,天津何庄子农产品批发市场,天津市,天津市,,,,external,,market,,,,agricultural_wholesale_market,农业农村部定点农产品批发市场,农业农村部定点市场,false,false,false,true,false,false,false,false,false,false,false,false,true,false,false,,,,,,false,false,false,,,,,,,,,,,,,,,,,,,,,1,wholesale_market,data/raw/moa_designated_wholesale_markets_2024.pdf,rec_b6399eef6d06a351,A,true,按 PDF 两列表格抽取;原文件未提供详细地址和坐标。
cand_0d01f99fa96e8b7f,新疆兵团新疆绿珠九鼎农产品经营管理有限公司(新疆兵团第八师石河子市九鼎农产品批发市场),新疆兵团新疆绿珠九鼎农产品经营管理有限公司(新疆兵团第八师石河子市九鼎农产品批发市场),新疆兵团新疆绿珠九鼎农产品经营管理有限公司(新疆兵团第八师石河子市九鼎农产品批发市场),新疆维吾尔自治区,,,,,external,,market,,,,agricultural_wholesale_market,农业农村部定点农产品批发市场,农业农村部定点市场,false,false,false,true,false,false,false,false,false,false,false,false,true,false,false,,,,,,false,false,false,,,,,,,,,,,,,,,,,,,,,1,wholesale_market,data/raw/moa_designated_wholesale_markets_2024.pdf,rec_7d5ef91eb33e29a0,A,true,按 PDF 两列表格抽取;原文件未提供详细地址和坐标。
cand_0d1d87d9ec7c9b36,桂林市军粮供应有限公司,桂林市军粮供应有限公司,桂林市军粮供应有限公司,广西壮族自治区,桂林市,,,,reserve,,organization,,,,military_grain_supply,储备商品管理公司及其直属库,广西储备商品管理公司及其直属库名单(桂财税〔2024〕8号),true,false,false,false,false,false,false,false,false,false,false,false,false,false,false,,,,,,false,true,false,,,,,,,,,,,,,,,,,,,,,1,grain_reserve,data/raw/guangxi_reserve_companies_2024.html,rec_445ce8c18ee97922,A,true,使用 lxml 从 HTML 正文容器按“行政区标题 + 序号 + 单位名称”结构抽取;原正文段落序号 94。
cand_0d2f1cddbbd80d7f,湖北两湖平原农产品交易物流中心(湖北两湖绿谷农产品批发市场),湖北两湖平原农产品交易物流中心(湖北两湖绿谷农产品批发市场),湖北两湖平原农产品交易物流中心(湖北两湖绿谷农产品批发市场),湖北省,,,,,external,,market,,,,agricultural_wholesale_market,农业农村部定点农产品批发市场,农业农村部定点市场,false,false,false,true,false,false,false,false,false,false,false,false,true,false,false,,,,,,false,false,false,,,,,,,,,,,,,,,,,,,,,1,wholesale_market,data/raw/moa_designated_wholesale_markets_2024.pdf,rec_70e867ae69f2bed6,A,true,按 PDF 两列表格抽取;原文件未提供详细地址和坐标。
cand_0d40895f90523d58,博白县亚山粮食管理所,博白县亚山粮食管理所,博白县亚山粮食管理所,广西壮族自治区,玉林市,,,,reserve,,unknown,,,,grain_reserve,储备商品管理公司及其直属库,广西储备商品管理公司及其直属库名单(桂财税〔2024〕8号),true,false,false,false,false,false,false,false,false,false,false,false,false,false,false,,,,,,false,true,false,,,,,,,,,,,,,,,,,,,,,1,grain_reserve,data/raw/guangxi_reserve_companies_2024.html,rec_2bd84b4337117e09,A,true,名单证明储备体系资格，但企业主体或管理机构名称不等同于具体物理粮库。 使用 lxml 从 HTML 正文容器按“行政区标题 + 序号 + 单位名称”结构抽取;原正文段落序号 322。
cand_0ddcb70fdf181f87,山东日照市岚山兴海鲜活水产品批发有限公司,山东日照市岚山兴海鲜活水产品批发有限公司,山东日照市岚山兴海鲜活水产品批发有限公司,山东省,,,,,external,,market,,,,agricultural_wholesale_market,农业农村部定点农产品批发市场,农业农村部定点市场,false,false,false,true,false,false,false,true,false,false,false,false,true,false,false,,,,,,false,false,false,,,,,,,,,,,,,,,,,,,,,1,wholesale_market,data/raw/moa_designated_wholesale_markets_2024.pdf,rec_2c35c9357751bd55,A,true,按 PDF 两列表格抽取;原文件未提供详细地址和坐标。
cand_0df4923e7a859e00,河北定州市西城蔬菜批发市场,河北定州市西城蔬菜批发市场,河北定州市西城蔬菜批发市场,河北省,,,,,external,,market,,,,agricultural_wholesale_market,农业农村部定点农产品批发市场,农业农村部定点市场,false,false,false,true,false,true,false,false,false,false,false,false,true,false,false,,,,,,false,false,false,,,,,,,,,,,,,,,,,,,,,1,wholesale_market,data/raw/moa_designated_wholesale_markets_2024.pdf,rec_e8982f093beb66a8,A,true,按 PDF 两列表格抽取;原文件未提供详细地址和坐标。
cand_0e0de341b073c9a4,广西鲜绿康供应链管理有限公司,广西鲜绿康供应链管理有限公司,广西鲜绿康供应链管理有限公司,广西壮族自治区,,,,百色市/平果市,reserve,,organization,,,,government_procurement_supplier,生鲜时蔬、水果类,政府采购入围/中标供应商,false,false,true,true,false,true,true,false,false,false,false,false,false,false,false,,,,,,false,false,true,,,,,,,,,,,,,,,,,,,,,1,government_procurement,data/raw/pingguo_vegetable_fruit_suppliers.pdf,rec_e6d7eacb8d6d54e5,C,true,"采购供应商身份不等同于实体仓储节点。 采购资料未提供企业地址；服务项目区域与企业所在地严格分开。 可确认位于广西，但当前证据不足以安全确定地级市。 PDF 表格未提供地址和统一社会信用代码;服务项目所在地为平果市,不能据此推断企业所在地。 采购供应商地址不自动视为仓库地址；仅在原文出现仓库、粮库、配送中心、冷库、厂房等明确词时标记相应能力。"
cand_0e1dfef9f194be53,江苏渔婆农副产品批发市场有限公司,江苏渔婆农副产品批发市场有限公司,江苏渔婆农副产品批发市场有限公司,江苏省,,,,,external,,market,,,,agricultural_wholesale_market,农业农村部定点农产品批发市场,农业农村部定点市场,false,false,false,true,false,false,false,false,false,false,false,false,true,false,false,,,,,,false,false,false,,,,,,,,,,,,,,,,,,,,,1,wholesale_market,data/raw/moa_designated_wholesale_markets_2024.pdf,rec_b207da5eb0f9b7f6,A,true,按 PDF 两列表格抽取;原文件未提供详细地址和坐标。
cand_0e46769d711ca3e5,河北怀来县京西果菜批发市场有限责任公司,河北怀来县京西果菜批发市场有限责任公司,河北怀来县京西果菜批发市场有限责任公司,河北省,,,,,external,,market,,,,agricultural_wholesale_market,农业农村部定点农产品批发市场,农业农村部定点市场,false,false,false,true,false,true,true,false,false,false,false,false,true,false,false,,,,,,false,false,false,,,,,,,,,,,,,,,,,,,,,1,wholesale_market,data/raw/moa_designated_wholesale_markets_2024.pdf,rec_6678a451be7ffcd8,A,true,按 PDF 两列表格抽取;原文件未提供详细地址和坐标。
cand_0e7d6acae3fd3519,广西玉林宏进农副产品交易中心,广西玉林宏进农副产品交易中心,广西玉林宏进农副产品交易中心,广西壮族自治区,玉林市,,,,reserve,,market,,,,agricultural_wholesale_market,农业农村部定点农产品批发市场,农业农村部定点市场,false,false,false,true,false,false,false,false,false,false,false,false,true,false,false,,,,,,false,false,false,,,,,,,,,,,,,,,,,,,,,1,wholesale_market,data/raw/moa_designated_wholesale_markets_2024.pdf,rec_dc791c6f0546a032,A,true,按 PDF 两列表格抽取;原文件未提供详细地址和坐标。
cand_0e89d749836a890e,钟山公安广西粮食储备库,钟山公安广西粮食储备库,钟山公安广西粮食储备库,广西壮族自治区,贺州市,,,,reserve,,physical_site,,,,grain_depot,储备商品管理公司及其直属库,广西储备商品管理公司及其直属库名单(桂财税〔2024〕8号),true,false,false,false,false,false,false,false,false,false,true,false,false,false,false,,,,,,false,true,false,,,,,,,,,,,,,,,,,,,,,1,grain_reserve,data/raw/guangxi_reserve_companies_2024.html,rec_20a83e8dd63608ae,A,true,使用 lxml 从 HTML 正文容器按“行政区标题 + 序号 + 单位名称”结构抽取;原正文段落序号 361。
cand_0ef95076697e3a66,横州市六景粮食储备中心库,横州市六景粮食储备中心库,横州市六景粮食储备中心库,广西壮族自治区,南宁市,横州市,,,primary,,physical_site,,,,grain_depot,储备商品管理公司及其直属库,广西储备商品管理公司及其直属库名单(桂财税〔2024〕8号),true,false,false,false,false,false,false,false,false,false,true,false,false,false,false,,,,,,false,true,false,,,,,,,,,,,,,,,,,,,,,1,grain_reserve,data/raw/guangxi_reserve_companies_2024.html,rec_fc91f7cfaefa02dd,A,true,使用 lxml 从 HTML 正文容器按“行政区标题 + 序号 + 单位名称”结构抽取;原正文段落序号 57。
cand_0f5263d5b8190587,玉林市玉州区天星食品有限公司,玉林市玉州区天星食品有限公司,玉林市玉州区天星食品有限公司,广西壮族自治区,玉林市,,,,reserve,,organization,,,,other,储备商品管理公司及其直属库,广西储备商品管理公司及其直属库名单(桂财税〔2024〕8号),true,false,true,false,false,false,false,false,false,false,false,false,false,false,false,,,,,,false,true,false,,,,,,,,,,,,,,,,,,,,,1,grain_reserve,data/raw/guangxi_reserve_companies_2024.html,rec_9bf382f7f4aeeb90,A,true,属于储备商品管理公司及其直属库名单，但名称不足以安全判断为具体粮库或储备管理机构。 使用 lxml 从 HTML 正文容器按“行政区标题 + 序号 + 单位名称”结构抽取;原正文段落序号 298。
cand_0f88e97d5876edc7,辽宁万隆农产品大市场,辽宁万隆农产品大市场,辽宁万隆农产品大市场,辽宁省,,,,,external,,market,,,,agricultural_wholesale_market,农业农村部定点农产品批发市场,农业农村部定点市场,false,false,false,true,false,false,false,false,false,false,false,false,true,false,false,,,,,,false,false,false,,,,,,,,,,,,,,,,,,,,,1,wholesale_market,data/raw/moa_designated_wholesale_markets_2024.pdf,rec_3b79ce24260527b8,A,true,按 PDF 两列表格抽取;原文件未提供详细地址和坐标。
cand_0fd1fa2889b8272e,云南师宗县凤城综合农贸市场,云南师宗县凤城综合农贸市场,云南师宗县凤城综合农贸市场,云南省,,,,,external,,market,,,,agricultural_wholesale_market,农业农村部定点农产品批发市场,农业农村部定点市场,false,false,false,true,false,false,false,false,false,false,false,false,true,false,false,,,,,,false,false,false,,,,,,,,,,,,,,,,,,,,,1,wholesale_market,data/raw/moa_designated_wholesale_markets_2024.pdf,rec_606fcb5e5b13cec1,A,true,按 PDF 两列表格抽取;原文件未提供详细地址和坐标。
cand_101d0e2c28b6012d,个旧市大红屯粮食购销有限公司,个旧市大红屯粮食购销有限公司,个旧市大红屯粮食购销有限公司,,,,,全国,external,,organization,,,,other,国家级粮食应急保障企业,国家级粮食应急保障企业,true,false,false,false,false,false,false,false,false,false,false,false,false,false,false,,,,,,true,false,false,,,,,,,,,,,,,,,,,,,,,2,grain_emergency,data/raw/national_emergency_grain_enterprises_2025_reassessment.wps;data/raw/national_emergency_grain_enterprises_batch2.pdf,rec_72e0a6e41d49d2b2;rec_19184b6985c1a71b,B,true,"官方名单未给出储运、加工、配送等具体子类，保守归为 other。 当前原始记录未提供可安全解析的省级所在地。 保留国家级粮食应急保障企业身份，不凭名称猜测具体功能分类。 原文件扩展名为 .wps,文件签名为 WPS/OLE 复合文档;只读转换为临时标准 DOCX 后抽取。来源年份由文件名推断。 按 PDF 文本层中的编号名单逐条抽取;原文件未提供地址和具体功能子类。"
cand_10425c9fc4a869b0,辽宁大连棉麻有限公司果菜批发市场,辽宁大连棉麻有限公司果菜批发市场,辽宁大连棉麻有限公司果菜批发市场,辽宁省,,,,,external,,market,,,,agricultural_wholesale_market,农业农村部定点农产品批发市场,农业农村部定点市场,false,false,false,true,false,true,true,false,false,false,false,false,true,false,false,,,,,,false,false,false,,,,,,,,,,,,,,,,,,,,,1,wholesale_market,data/raw/moa_designated_wholesale_markets_2024.pdf,rec_7ff97432a39eeacb,A,true,按 PDF 两列表格抽取;原文件未提供详细地址和坐标。
cand_107d87fa017d4370,上林县安恒储备粮管理有限公司澄泰分公司,上林县安恒储备粮管理有限公司澄泰分公司,上林县安恒储备粮管理有限公司澄泰分公司,广西壮族自治区,南宁市,上林县,,,primary,,organization,上林县安恒储备粮管理有限公司,,,grain_reserve,储备商品管理公司及其直属库,广西储备商品管理公司及其直属库名单(桂财税〔2024〕8号),true,false,false,false,false,false,false,false,false,false,false,false,false,false,false,,,,,,false,true,false,,,,,,,,,,,,,,,,,,,,,1,grain_reserve,data/raw/guangxi_reserve_companies_2024.html,rec_4e3036d97ebeb28c,A,true,名单证明储备体系资格，但企业主体或管理机构名称不等同于具体物理粮库。 使用 lxml 从 HTML 正文容器按“行政区标题 + 序号 + 单位名称”结构抽取;原正文段落序号 66。
cand_10c5bc85786d5406,广西全州县永岁粮油购销有限公司,广西全州县永岁粮油购销有限公司,广西全州县永岁粮油购销有限公司,广西壮族自治区,桂林市,全州县,,,reserve,,organization,,,,grain_reserve,储备商品管理公司及其直属库,广西储备商品管理公司及其直属库名单(桂财税〔2024〕8号),true,true,false,false,false,false,false,false,false,false,false,false,false,false,false,,,,,,false,true,false,,,,,,,,,,,,,,,,,,,,,1,grain_reserve,data/raw/guangxi_reserve_companies_2024.html,rec_588f5201631db2a3,A,true,名单证明储备体系资格，但企业主体或管理机构名称不等同于具体物理粮库。 使用 lxml 从 HTML 正文容器按“行政区标题 + 序号 + 单位名称”结构抽取;原正文段落序号 98。
cand_10d9d54a0c96dc2b,东兴市马路粮食管理所,东兴市马路粮食管理所,东兴市马路粮食管理所,广西壮族自治区,防城港市,,,,reserve,,unknown,,,,grain_reserve,储备商品管理公司及其直属库,广西储备商品管理公司及其直属库名单(桂财税〔2024〕8号),true,false,false,false,false,false,false,false,false,false,false,false,false,false,false,,,,,,false,true,false,,,,,,,,,,,,,,,,,,,,,1,grain_reserve,data/raw/guangxi_reserve_companies_2024.html,rec_f8d9c84d10604d77,A,true,名单证明储备体系资格，但企业主体或管理机构名称不等同于具体物理粮库。 使用 lxml 从 HTML 正文容器按“行政区标题 + 序号 + 单位名称”结构抽取;原正文段落序号 218。
cand_11227f07f03bc5cc,湖北恩施华硒农副产品批发市场,湖北恩施华硒农副产品批发市场,湖北恩施华硒农副产品批发市场,湖北省,,,,,external,,market,,,,agricultural_wholesale_market,农业农村部定点农产品批发市场,农业农村部定点市场,false,false,false,true,false,false,false,false,false,false,false,false,true,false,false,,,,,,false,false,false,,,,,,,,,,,,,,,,,,,,,1,wholesale_market,data/raw/moa_designated_wholesale_markets_2024.pdf,rec_1568cdce39fd6601,A,true,按 PDF 两列表格抽取;原文件未提供详细地址和坐标。
cand_11360bcf156128b6,贵港市浩利商贸有限公司,贵港市浩利商贸有限公司,贵港市浩利商贸有限公司,广西壮族自治区,贵港市,港北区,广西壮族自治区贵港市港北区金港大道西段南侧(第六地质队西)金港仓库5-1号,贵港市,reserve,91450804MAA7PUPE3Q,organization,,,,government_procurement_supplier,大米类;食用油类,政府采购入围/中标供应商,true,true,false,false,false,false,false,false,false,false,true,false,false,false,false,,,,,,false,false,true,,,,,,,,,,,,,,,,,,,,,2,government_procurement,data/raw/guigang_food_suppliers_310.pdf,rec_53342cd9a3177aff;rec_080e6bdb606425d5,B,true,"采购供应商身份不等同于实体仓储节点。 采购资料中的地址按企业登记/联系地址处理，不自动等同于仓库或配送节点地址。 按 PDF 表格行批量抽取;地址视为供应商登记/联系地址,不自动认定为仓储节点。 采购供应商地址不自动视为仓库地址；仅在原文出现仓库、粮库、配送中心、冷库、厂房等明确词时标记相应能力。"
cand_11b1a0f4eff56c3a,西林县储备粮管理中心,西林县储备粮管理中心,西林县储备粮管理中心,广西壮族自治区,百色市,西林县,,,reserve,,organization,,,,grain_reserve,储备商品管理公司及其直属库,广西储备商品管理公司及其直属库名单(桂财税〔2024〕8号),true,false,false,false,false,false,false,false,false,false,false,false,false,false,false,,,,,,false,true,false,,,,,,,,,,,,,,,,,,,,,1,grain_reserve,data/raw/guangxi_reserve_companies_2024.html,rec_8e5f60464babcfdb,A,true,名单证明储备体系资格，但企业主体或管理机构名称不等同于具体物理粮库。 使用 lxml 从 HTML 正文容器按“行政区标题 + 序号 + 单位名称”结构抽取;原正文段落序号 265。
cand_11d1442aa4032052,贵港市腾越贸易有限公司,贵港市腾越贸易有限公司,贵港市腾越贸易有限公司,广西壮族自治区,贵港市,港北区,广西壮族自治区贵港市港北区贵城街道桂林路708号(东方巴黎)4幢1601号,贵港市,reserve,91450800MA7C75KN8F,organization,,,,government_procurement_supplier,畜肉类;禽肉类;鱼及水产;鲜湿米粉、面食、糕点等早餐类、豆制品类,政府采购入围/中标供应商,true,false,true,true,true,false,false,true,false,false,false,false,false,false,false,,,,,,false,false,true,,,,,,,,,,,,,,,,,,,,,4,government_procurement,data/raw/guigang_food_suppliers_310.pdf,rec_3dcda3206ad6cc8b;rec_09cc77f4ecbbf84a;rec_7d573b0492e9d2d0;rec_33cac3bebd9a3ed9,C,true,"采购供应商身份不等同于实体仓储节点。 采购资料中的地址按企业登记/联系地址处理，不自动等同于仓库或配送节点地址。 按 PDF 表格行批量抽取;地址视为供应商登记/联系地址,不自动认定为仓储节点。 采购供应商地址不自动视为仓库地址；仅在原文出现仓库、粮库、配送中心、冷库、厂房等明确词时标记相应能力。"
cand_1243f44067ec19ac,山东淄博鲁中蔬菜批发市场有限公司,山东淄博鲁中蔬菜批发市场有限公司,山东淄博鲁中蔬菜批发市场有限公司,山东省,,,,,external,,market,,,,agricultural_wholesale_market,农业农村部定点农产品批发市场,农业农村部定点市场,false,false,false,true,false,true,false,false,false,false,false,false,true,false,false,,,,,,false,false,false,,,,,,,,,,,,,,,,,,,,,1,wholesale_market,data/raw/moa_designated_wholesale_markets_2024.pdf,rec_a370f44f1f497d07,A,true,按 PDF 两列表格抽取;原文件未提供详细地址和坐标。
cand_12f16c3c4a223218,合浦县沙岗粮食管理所,合浦县沙岗粮食管理所,合浦县沙岗粮食管理所,广西壮族自治区,北海市,合浦县,,,reserve,,unknown,,,,grain_reserve,储备商品管理公司及其直属库,广西储备商品管理公司及其直属库名单(桂财税〔2024〕8号),true,false,false,false,false,false,false,false,false,false,false,false,false,false,false,,,,,,false,true,false,,,,,,,,,,,,,,,,,,,,,1,grain_reserve,data/raw/guangxi_reserve_companies_2024.html,rec_c8bb72a31816a78b,A,true,名单证明储备体系资格，但企业主体或管理机构名称不等同于具体物理粮库。 使用 lxml 从 HTML 正文容器按“行政区标题 + 序号 + 单位名称”结构抽取;原正文段落序号 176。
cand_130de6c777c2345f,江西吉安农副产品物流中心,江西吉安农副产品物流中心,江西吉安农副产品物流中心,江西省,,,,,external,,market,,,,agricultural_wholesale_market,农业农村部定点农产品批发市场,农业农村部定点市场,false,false,false,true,false,false,false,false,false,false,false,false,true,false,false,,,,,,false,false,false,,,,,,,,,,,,,,,,,,,,,1,wholesale_market,data/raw/moa_designated_wholesale_markets_2024.pdf,rec_3d955b3193373d6a,A,true,按 PDF 两列表格抽取;原文件未提供详细地址和坐标。
cand_130eb4466ee2b2f0,河池市宜州区储备粮管理公司,河池市宜州区储备粮管理公司,河池市宜州区储备粮管理公司,广西壮族自治区,河池市,宜州区,,,reserve,,organization,,,,grain_reserve,储备商品管理公司及其直属库,广西储备商品管理公司及其直属库名单(桂财税〔2024〕8号),true,false,false,false,false,false,false,false,false,false,false,false,false,false,false,,,,,,false,true,false,,,,,,,,,,,,,,,,,,,,,1,grain_reserve,data/raw/guangxi_reserve_companies_2024.html,rec_b92ab929c4c6b8bf,A,true,名单证明储备体系资格，但企业主体或管理机构名称不等同于具体物理粮库。 使用 lxml 从 HTML 正文容器按“行政区标题 + 序号 + 单位名称”结构抽取;原正文段落序号 270。
cand_1315acab250ad23f,福建福州民天实业有限公司海峡果品批发市场,福建福州民天实业有限公司海峡果品批发市场,福建福州民天实业有限公司海峡果品批发市场,福建省,,,,,external,,market,,,,agricultural_wholesale_market,农业农村部定点农产品批发市场,农业农村部定点市场,false,false,false,true,false,false,true,false,false,false,false,false,true,false,false,,,,,,false,false,false,,,,,,,,,,,,,,,,,,,,,1,wholesale_market,data/raw/moa_designated_wholesale_markets_2024.pdf,rec_6d55a349d0f4dde8,A,true,按 PDF 两列表格抽取;原文件未提供详细地址和坐标。
cand_1323d93665dcb8e2,合浦县廉州粮食管理所,合浦县廉州粮食管理所,合浦县廉州粮食管理所,广西壮族自治区,北海市,合浦县,,,reserve,,unknown,,,,grain_reserve,储备商品管理公司及其直属库,广西储备商品管理公司及其直属库名单(桂财税〔2024〕8号),true,false,false,false,false,false,false,false,false,false,false,false,false,false,false,,,,,,false,true,false,,,,,,,,,,,,,,,,,,,,,1,grain_reserve,data/raw/guangxi_reserve_companies_2024.html,rec_97be47abd36e7345,A,true,名单证明储备体系资格，但企业主体或管理机构名称不等同于具体物理粮库。 使用 lxml 从 HTML 正文容器按“行政区标题 + 序号 + 单位名称”结构抽取;原正文段落序号 174。
cand_133254a805b167da,河北邯郸市超盟农产品贸易有限公司(河北邯郸冀南超盟农副产品批发市场),河北邯郸市超盟农产品贸易有限公司(河北邯郸冀南超盟农副产品批发市场),河北邯郸市超盟农产品贸易有限公司(河北邯郸冀南超盟农副产品批发市场),河北省,,,,,external,,market,,,,agricultural_wholesale_market,农业农村部定点农产品批发市场,农业农村部定点市场,false,false,false,true,false,false,false,false,false,false,false,false,true,false,false,,,,,,false,false,false,,,,,,,,,,,,,,,,,,,,,1,wholesale_market,data/raw/moa_designated_wholesale_markets_2024.pdf,rec_f36de9b3dec3f11a,A,true,按 PDF 两列表格抽取;原文件未提供详细地址和坐标。
cand_135783553f32d4c9,山东青州市高柳蔬菜购销有限公司(山东青州市高柳蔬菜交易市场),山东青州市高柳蔬菜购销有限公司(山东青州市高柳蔬菜交易市场),山东青州市高柳蔬菜购销有限公司(山东青州市高柳蔬菜交易市场),山东省,,,,,external,,market,,,,agricultural_wholesale_market,农业农村部定点农产品批发市场,农业农村部定点市场,false,false,false,true,false,true,false,false,false,false,false,false,true,false,false,,,,,,false,false,false,,,,,,,,,,,,,,,,,,,,,1,wholesale_market,data/raw/moa_designated_wholesale_markets_2024.pdf,rec_b3b9f10d83896f2b,A,true,按 PDF 两列表格抽取;原文件未提供详细地址和坐标。
cand_13911d3e11763c79,贵州凤冈县金桥梁大牲畜交易有限公司,贵州凤冈县金桥梁大牲畜交易有限公司,贵州凤冈县金桥梁大牲畜交易有限公司,贵州省,,,,,external,,market,,,,agricultural_wholesale_market,农业农村部定点农产品批发市场,农业农村部定点市场,false,false,false,true,false,false,false,false,false,false,false,false,true,false,false,,,,,,false,false,false,,,,,,,,,,,,,,,,,,,,,1,wholesale_market,data/raw/moa_designated_wholesale_markets_2024.pdf,rec_0ad2e513bdae9e76,A,true,按 PDF 两列表格抽取;原文件未提供详细地址和坐标。
cand_13cc4a74c099665c,广东广州黄沙水产交易市场,广东广州黄沙水产交易市场,广东广州黄沙水产交易市场,广东省,,,,,external,,market,,,,agricultural_wholesale_market,农业农村部定点农产品批发市场,农业农村部定点市场,false,false,false,true,false,false,false,true,false,false,false,false,true,false,false,,,,,,false,false,false,,,,,,,,,,,,,,,,,,,,,1,wholesale_market,data/raw/moa_designated_wholesale_markets_2024.pdf,rec_066515c118164900,A,true,按 PDF 两列表格抽取;原文件未提供详细地址和坐标。
cand_13f3cb6c1e275685,湖北新华南国际农贸产业园,湖北新华南国际农贸产业园,湖北新华南国际农贸产业园,湖北省,,,,,external,,market,,,,agricultural_wholesale_market,农业农村部定点农产品批发市场,农业农村部定点市场,false,false,false,true,false,false,false,false,false,false,false,false,true,false,false,,,,,,false,false,false,,,,,,,,,,,,,,,,,,,,,1,wholesale_market,data/raw/moa_designated_wholesale_markets_2024.pdf,rec_961ba5d22c0a6f9d,A,true,按 PDF 两列表格抽取;原文件未提供详细地址和坐标。
cand_144b6f7403b05519,新疆兵团新疆九鼎农产品批发交易市场,新疆兵团新疆九鼎农产品批发交易市场,新疆兵团新疆九鼎农产品批发交易市场,新疆维吾尔自治区,,,,,external,,market,,,,agricultural_wholesale_market,农业农村部定点农产品批发市场,农业农村部定点市场,false,false,false,true,false,false,false,false,false,false,false,false,true,false,false,,,,,,false,false,false,,,,,,,,,,,,,,,,,,,,,1,wholesale_market,data/raw/moa_designated_wholesale_markets_2024.pdf,rec_bad21ade8b617697,A,true,按 PDF 两列表格抽取;原文件未提供详细地址和坐标。
cand_14557f2dc50dd5f4,湖南吉首市乾州农贸市场,湖南吉首市乾州农贸市场,湖南吉首市乾州农贸市场,湖南省,,,,,external,,market,,,,agricultural_wholesale_market,农业农村部定点农产品批发市场,农业农村部定点市场,false,false,false,true,false,false,false,false,false,false,false,false,true,false,false,,,,,,false,false,false,,,,,,,,,,,,,,,,,,,,,1,wholesale_market,data/raw/moa_designated_wholesale_markets_2024.pdf,rec_8df4688f4e8e0cc5,A,true,按 PDF 两列表格抽取;原文件未提供详细地址和坐标。
cand_145efd2b2c532da6,辽宁葫芦岛兴宫农副产品批发交易市场,辽宁葫芦岛兴宫农副产品批发交易市场,辽宁葫芦岛兴宫农副产品批发交易市场,辽宁省,,,,,external,,market,,,,agricultural_wholesale_market,农业农村部定点农产品批发市场,农业农村部定点市场,false,false,false,true,false,false,false,false,false,false,false,false,true,false,false,,,,,,false,false,false,,,,,,,,,,,,,,,,,,,,,1,wholesale_market,data/raw/moa_designated_wholesale_markets_2024.pdf,rec_b1fcdfa3c0c7ef7c,A,true,按 PDF 两列表格抽取;原文件未提供详细地址和坐标。
cand_147b7b0d30a42875,陕西富县综合市场,陕西富县综合市场,陕西富县综合市场,陕西省,,,,,external,,market,,,,agricultural_wholesale_market,农业农村部定点农产品批发市场,农业农村部定点市场,false,false,false,true,false,false,false,false,false,false,false,false,true,false,false,,,,,,false,false,false,,,,,,,,,,,,,,,,,,,,,1,wholesale_market,data/raw/moa_designated_wholesale_markets_2024.pdf,rec_e2e7f3d3a71a7be8,A,true,按 PDF 两列表格抽取;原文件未提供详细地址和坐标。
cand_1535cdaa9d431203,广西平南县亨源粮油食品有限公司,广西平南县亨源粮油食品有限公司,广西平南县亨源粮油食品有限公司,广西壮族自治区,贵港市,平南县,广西壮族自治区贵港市平南县平南街道平马公路(平南镇五中旁)三宝山副食调味品厂内,贵港市,reserve,91450821MA5QGQ2K4E,organization,,,,government_procurement_supplier,大米类;食用油类,政府采购入围/中标供应商,true,true,true,false,false,false,false,false,false,false,false,false,false,false,false,,,,,,false,false,true,,,,,,,,,,,,,,,,,,,,,2,government_procurement,data/raw/guigang_food_suppliers_310.pdf,rec_539e397bc87022dc;rec_21363f23601cf442,C,true,"采购供应商身份不等同于实体仓储节点。 采购资料中的地址按企业登记/联系地址处理，不自动等同于仓库或配送节点地址。 按 PDF 表格行批量抽取;地址视为供应商登记/联系地址,不自动认定为仓储节点。 采购供应商地址不自动视为仓库地址；仅在原文出现仓库、粮库、配送中心、冷库、厂房等明确词时标记相应能力。"
cand_153f6c68eda64062,贵港市郁江味来食品有限公司,贵港市郁江味来食品有限公司,贵港市郁江味来食品有限公司,广西壮族自治区,贵港市,港北区,广西壮族自治区贵港市港北区港城街道金港大道12队小区二十一巷55号院,贵港市,reserve,91450800MAEFQ4FD06,organization,,,,government_procurement_supplier,冷冻品类;蛋品类,政府采购入围/中标供应商,false,false,true,false,false,false,false,false,false,false,false,false,false,false,false,,,,,,false,false,true,,,,,,,,,,,,,,,,,,,,,2,government_procurement,data/raw/guigang_food_suppliers_310.pdf,rec_49703041d7097569;rec_142374148e84db7e,C,true,"采购供应商身份不等同于实体仓储节点。 采购资料中的地址按企业登记/联系地址处理，不自动等同于仓库或配送节点地址。 按 PDF 表格行批量抽取;地址视为供应商登记/联系地址,不自动认定为仓储节点。 采购供应商地址不自动视为仓库地址；仅在原文出现仓库、粮库、配送中心、冷库、厂房等明确词时标记相应能力。"
cand_154f2e36c48314c1,永福县苏桥镇粮食管理所,永福县苏桥镇粮食管理所,永福县苏桥镇粮食管理所,广西壮族自治区,桂林市,永福县,,,reserve,,unknown,,,,grain_reserve,储备商品管理公司及其直属库,广西储备商品管理公司及其直属库名单(桂财税〔2024〕8号),true,false,false,false,false,false,false,false,false,false,false,false,false,false,false,,,,,,false,true,false,,,,,,,,,,,,,,,,,,,,,1,grain_reserve,data/raw/guangxi_reserve_companies_2024.html,rec_8e6fb7d437282077,A,true,名单证明储备体系资格，但企业主体或管理机构名称不等同于具体物理粮库。 使用 lxml 从 HTML 正文容器按“行政区标题 + 序号 + 单位名称”结构抽取;原正文段落序号 119。
cand_158c8063018a8162,青海格尔木河东农贸市场,青海格尔木河东农贸市场,青海格尔木河东农贸市场,青海省,,,,,external,,market,,,,agricultural_wholesale_market,农业农村部定点农产品批发市场,农业农村部定点市场,false,false,false,true,false,false,false,false,false,false,false,false,true,false,false,,,,,,false,false,false,,,,,,,,,,,,,,,,,,,,,1,wholesale_market,data/raw/moa_designated_wholesale_markets_2024.pdf,rec_46ac7ec3eecfe10d,A,true,按 PDF 两列表格抽取;原文件未提供详细地址和坐标。
cand_15a871d07ad526bd,广西泓峻供应链管理有限公司,广西泓峻供应链管理有限公司,广西泓峻供应链管理有限公司,广西壮族自治区,贵港市,港北区,贵港市港北区西江科技创新产业城狮岭西路与西二路交汇处西南角(广西三雄机械设备有限公司产品检测楼5楼502室),贵港市,reserve,91450800MAK2HP612D,organization,,,,government_procurement_supplier,畜肉类;禽肉类;生鲜时蔬、水果类;冷冻品类;蛋品类,政府采购入围/中标供应商,false,false,true,true,true,true,true,false,false,false,false,false,false,false,false,,,,,,false,false,true,,,,,,,,,,,,,,,,,,,,,5,government_procurement,data/raw/guigang_food_suppliers_310.pdf,rec_4aee9f8e86ec94f2;rec_95b401860f86d6da;rec_310942e948a15512;rec_ab36def9bfa1bee4;rec_2ce7fae616e79325,C,true,"采购供应商身份不等同于实体仓储节点。 采购资料中的地址按企业登记/联系地址处理，不自动等同于仓库或配送节点地址。 按 PDF 表格行批量抽取;地址视为供应商登记/联系地址,不自动认定为仓储节点。 采购供应商地址不自动视为仓库地址；仅在原文出现仓库、粮库、配送中心、冷库、厂房等明确词时标记相应能力。"
cand_15bdd94a547f8e8f,贵港市安盛贸易有限公司,贵港市安盛贸易有限公司,贵港市安盛贸易有限公司,广西壮族自治区,贵港市,,贵港市荷城路西段六八村白沟井天之和品牌家具中心北B1,贵港市,reserve,91450802MA5KEBD896,organization,,,,government_procurement_supplier,畜肉类;禽肉类;生鲜时蔬、水果类,政府采购入围/中标供应商,false,false,false,true,true,true,true,false,false,false,false,false,false,false,false,,,,,,false,false,true,,,,,,,,,,,,,,,,,,,,,3,government_procurement,data/raw/guigang_food_suppliers_310.pdf,rec_da9bc6a08cd8a908;rec_f5f1a514eb6fca7b;rec_7be56cf7bf129025,C,true,"采购供应商身份不等同于实体仓储节点。 采购资料中的地址按企业登记/联系地址处理，不自动等同于仓库或配送节点地址。 按 PDF 表格行批量抽取;地址视为供应商登记/联系地址,不自动认定为仓储节点。 采购供应商地址不自动视为仓库地址；仅在原文出现仓库、粮库、配送中心、冷库、厂房等明确词时标记相应能力。"
cand_15c8c7a2f57ffbe3,广西平果宏晨商贸有限公司,广西平果宏晨商贸有限公司,广西平果宏晨商贸有限公司,广西壮族自治区,,,,百色市/平果市,reserve,,organization,,,,government_procurement_supplier,鲜肉类;生鲜时蔬、水果类,政府采购入围/中标供应商,false,false,true,true,true,true,true,false,false,false,false,false,false,false,false,,,,,,false,false,true,,,,,,,,,,,,,,,,,,,,,2,government_procurement,data/raw/pingguo_meat_suppliers.pdf;data/raw/pingguo_vegetable_fruit_suppliers.pdf,rec_d90bc2352e59ec4e;rec_a8fd65f695f31091,C,true,"采购供应商身份不等同于实体仓储节点。 采购资料未提供企业地址；服务项目区域与企业所在地严格分开。 可确认位于广西，但当前证据不足以安全确定地级市。 PDF 表格未提供地址和统一社会信用代码;服务项目所在地为平果市,不能据此推断企业所在地。 采购供应商地址不自动视为仓库地址；仅在原文出现仓库、粮库、配送中心、冷库、厂房等明确词时标记相应能力。"
cand_160e5ccb38c187ae,北京水屯农副产品批发市场有限公司,北京水屯农副产品批发市场有限公司,北京水屯农副产品批发市场有限公司,北京市,北京市,,,,external,,market,,,,agricultural_wholesale_market,农业农村部定点农产品批发市场,农业农村部定点市场,false,false,false,true,false,false,false,false,false,false,false,false,true,false,false,,,,,,false,false,false,,,,,,,,,,,,,,,,,,,,,1,wholesale_market,data/raw/moa_designated_wholesale_markets_2024.pdf,rec_24dd2f5c03e63303,A,true,按 PDF 两列表格抽取;原文件未提供详细地址和坐标。
cand_1626f4363440fdda,陆川县城区粮食管理所,陆川县城区粮食管理所,陆川县城区粮食管理所,广西壮族自治区,玉林市,,,,reserve,,unknown,,,,grain_reserve,储备商品管理公司及其直属库,广西储备商品管理公司及其直属库名单(桂财税〔2024〕8号),true,false,false,false,false,false,false,false,false,false,false,false,false,false,false,,,,,,false,true,false,,,,,,,,,,,,,,,,,,,,,1,grain_reserve,data/raw/guangxi_reserve_companies_2024.html,rec_dfa29fbe2b77b1b1,A,true,名单证明储备体系资格，但企业主体或管理机构名称不等同于具体物理粮库。 使用 lxml 从 HTML 正文容器按“行政区标题 + 序号 + 单位名称”结构抽取;原正文段落序号 331。
cand_162a5828abf65297,辽宁沈阳盛发菜果批发有限公司(辽宁沈阳盛发菜果批发市场),辽宁沈阳盛发菜果批发有限公司(辽宁沈阳盛发菜果批发市场),辽宁沈阳盛发菜果批发有限公司(辽宁沈阳盛发菜果批发市场),辽宁省,,,,,external,,market,,,,agricultural_wholesale_market,农业农村部定点农产品批发市场,农业农村部定点市场,false,false,false,true,false,true,true,false,false,false,false,false,true,false,false,,,,,,false,false,false,,,,,,,,,,,,,,,,,,,,,1,wholesale_market,data/raw/moa_designated_wholesale_markets_2024.pdf,rec_74f986ed9aac76da,A,true,按 PDF 两列表格抽取;原文件未提供详细地址和坐标。
cand_16e650991580debc,甘肃桃海市场,甘肃桃海市场,甘肃桃海市场,甘肃省,,,,,external,,market,,,,agricultural_wholesale_market,农业农村部定点农产品批发市场,农业农村部定点市场,false,false,false,true,false,false,false,false,false,false,false,false,true,false,false,,,,,,false,false,false,,,,,,,,,,,,,,,,,,,,,1,wholesale_market,data/raw/moa_designated_wholesale_markets_2024.pdf,rec_efbc2bc0fe43790e,A,true,按 PDF 两列表格抽取;原文件未提供详细地址和坐标。
cand_174652219772c515,安徽中瑞农产品批发市场,安徽中瑞农产品批发市场,安徽中瑞农产品批发市场,安徽省,,,,,external,,market,,,,agricultural_wholesale_market,农业农村部定点农产品批发市场,农业农村部定点市场,false,false,false,true,false,false,false,false,false,false,false,false,true,false,false,,,,,,false,false,false,,,,,,,,,,,,,,,,,,,,,1,wholesale_market,data/raw/moa_designated_wholesale_markets_2024.pdf,rec_9c8a98537c9e132f,A,true,按 PDF 两列表格抽取;原文件未提供详细地址和坐标。
cand_178c33d201012b1f,贺州市恒丰储备粮管理有限公司,贺州市恒丰储备粮管理有限公司,贺州市恒丰储备粮管理有限公司,广西壮族自治区,贺州市,,,,reserve,,organization,,,,grain_reserve,储备商品管理公司及其直属库,广西储备商品管理公司及其直属库名单(桂财税〔2024〕8号),true,false,false,false,false,false,false,false,false,false,false,false,false,false,false,,,,,,false,true,false,,,,,,,,,,,,,,,,,,,,,1,grain_reserve,data/raw/guangxi_reserve_companies_2024.html,rec_c03ca99e1654e4d2,A,true,名单证明储备体系资格，但企业主体或管理机构名称不等同于具体物理粮库。 使用 lxml 从 HTML 正文容器按“行政区标题 + 序号 + 单位名称”结构抽取;原正文段落序号 357。
cand_17b3ca4467b59f46,新疆果品(伽师)批发交易市场,新疆果品(伽师)批发交易市场,新疆果品(伽师)批发交易市场,新疆维吾尔自治区,,,,,external,,market,,,,agricultural_wholesale_market,农业农村部定点农产品批发市场,农业农村部定点市场,false,false,false,true,false,false,true,false,false,false,false,false,true,false,false,,,,,,false,false,false,,,,,,,,,,,,,,,,,,,,,1,wholesale_market,data/raw/moa_designated_wholesale_markets_2024.pdf,rec_23f96a4a296daf81,A,true,按 PDF 两列表格抽取;原文件未提供详细地址和坐标。
cand_1831d3a9f6e54ae6,贵港市覃塘区迅昌食品配送有限公司,贵港市覃塘区迅昌食品配送有限公司,贵港市覃塘区迅昌食品配送有限公司,广西壮族自治区,贵港市,覃塘区,覃塘街道覃南村细罗屯,贵港市,reserve,91450804MACUMQ3650,organization,,,,government_procurement_supplier,畜肉类,政府采购入围/中标供应商,false,false,true,true,true,false,false,false,false,false,false,false,true,false,false,,,,,,false,false,true,,,,,,,,,,,,,,,,,,,,,1,government_procurement,data/raw/guigang_food_suppliers_310.pdf,rec_9fe81aa43ea7b541,C,true,"采购供应商身份不等同于实体仓储节点。 采购资料中的地址按企业登记/联系地址处理，不自动等同于仓库或配送节点地址。 按 PDF 表格行批量抽取;地址视为供应商登记/联系地址,不自动认定为仓储节点。 采购供应商地址不自动视为仓库地址；仅在原文出现仓库、粮库、配送中心、冷库、厂房等明确词时标记相应能力。"
cand_183d22d3da721e5f,新疆塔城市华宝农贸批发市场,新疆塔城市华宝农贸批发市场,新疆塔城市华宝农贸批发市场,新疆维吾尔自治区,,,,,external,,market,,,,agricultural_wholesale_market,农业农村部定点农产品批发市场,农业农村部定点市场,false,false,false,true,false,false,false,false,false,false,false,false,true,false,false,,,,,,false,false,false,,,,,,,,,,,,,,,,,,,,,1,wholesale_market,data/raw/moa_designated_wholesale_markets_2024.pdf,rec_05d66507a3573b52,A,true,按 PDF 两列表格抽取;原文件未提供详细地址和坐标。
cand_18908c6e20592643,陕西泾云现代农业股份有限公司云阳蔬菜批发市场,陕西泾云现代农业股份有限公司云阳蔬菜批发市场,陕西泾云现代农业股份有限公司云阳蔬菜批发市场,陕西省,,,,,external,,market,,,,agricultural_wholesale_market,农业农村部定点农产品批发市场,农业农村部定点市场,false,false,false,true,false,true,false,false,false,false,false,false,true,false,false,,,,,,false,false,false,,,,,,,,,,,,,,,,,,,,,1,wholesale_market,data/raw/moa_designated_wholesale_markets_2024.pdf,rec_45b15c3d4b791514,A,true,按 PDF 两列表格抽取;原文件未提供详细地址和坐标。
cand_18b30b290e731e66,湖北潜江市四季友农产品市场有限公司,湖北潜江市四季友农产品市场有限公司,湖北潜江市四季友农产品市场有限公司,湖北省,,,,,external,,market,,,,agricultural_wholesale_market,农业农村部定点农产品批发市场,农业农村部定点市场,false,false,false,true,false,false,false,false,false,false,false,false,true,false,false,,,,,,false,false,false,,,,,,,,,,,,,,,,,,,,,1,wholesale_market,data/raw/moa_designated_wholesale_markets_2024.pdf,rec_017fa6835afc4408,A,true,按 PDF 两列表格抽取;原文件未提供详细地址和坐标。
cand_18b60f88b1716ce6,广西百宜安餐饮服务有限公司,广西百宜安餐饮服务有限公司,广西百宜安餐饮服务有限公司,广西壮族自治区,,,,百色市/平果市,reserve,,organization,,,,government_procurement_supplier,鲜肉类;生鲜时蔬、水果类,政府采购入围/中标供应商,false,false,true,true,true,true,true,false,false,false,false,false,false,false,false,,,,,,false,false,true,,,,,,,,,,,,,,,,,,,,,2,government_procurement,data/raw/pingguo_meat_suppliers.pdf;data/raw/pingguo_vegetable_fruit_suppliers.pdf,rec_489d1b2ac14d47c5;rec_44b462f8408931a9,C,true,"采购供应商身份不等同于实体仓储节点。 采购资料未提供企业地址；服务项目区域与企业所在地严格分开。 可确认位于广西，但当前证据不足以安全确定地级市。 PDF 表格未提供地址和统一社会信用代码;服务项目所在地为平果市,不能据此推断企业所在地。 采购供应商地址不自动视为仓库地址；仅在原文出现仓库、粮库、配送中心、冷库、厂房等明确词时标记相应能力。"
cand_1902e0db36f99fd3,宁夏同心县预旺马铃薯批发市场,宁夏同心县预旺马铃薯批发市场,宁夏同心县预旺马铃薯批发市场,宁夏回族自治区,,,,,external,,market,,,,agricultural_wholesale_market,农业农村部定点农产品批发市场,农业农村部定点市场,false,false,false,true,false,false,false,false,false,false,false,false,true,false,false,,,,,,false,false,false,,,,,,,,,,,,,,,,,,,,,1,wholesale_market,data/raw/moa_designated_wholesale_markets_2024.pdf,rec_2acf0aaf6ef0153a,A,true,按 PDF 两列表格抽取;原文件未提供详细地址和坐标。
cand_190afb3f474327c9,南宁市金谷隆粮油购销有限责任公司,南宁市金谷隆粮油购销有限责任公司,南宁市金谷隆粮油购销有限责任公司,广西壮族自治区,南宁市,,,,primary,,organization,,,,grain_reserve,储备商品管理公司及其直属库,广西储备商品管理公司及其直属库名单(桂财税〔2024〕8号),true,true,false,false,false,false,false,false,false,false,false,false,false,false,false,,,,,,false,true,false,,,,,,,,,,,,,,,,,,,,,1,grain_reserve,data/raw/guangxi_reserve_companies_2024.html,rec_eaa6d05dd40c0abc,A,true,名单证明储备体系资格，但企业主体或管理机构名称不等同于具体物理粮库。 使用 lxml 从 HTML 正文容器按“行政区标题 + 序号 + 单位名称”结构抽取;原正文段落序号 39。
cand_1915ddf771adcf36,香驰控股有限公司,香驰控股有限公司,香驰控股有限公司,,,,,全国,external,,organization,,,,other,国家级粮食应急保障企业,国家级粮食应急保障企业,true,false,false,false,false,false,false,false,false,false,false,false,false,false,false,,,,,,true,false,false,,,,,,,,,,,,,,,,,,,,,2,grain_emergency,data/raw/national_emergency_grain_enterprises_2025_reassessment.wps;data/raw/national_emergency_grain_enterprises_batch2.pdf,rec_af81229ab2a2ce14;rec_5074ce4658ee833b,B,true,"官方名单未给出储运、加工、配送等具体子类，保守归为 other。 当前原始记录未提供可安全解析的省级所在地。 保留国家级粮食应急保障企业身份，不凭名称猜测具体功能分类。 原文件扩展名为 .wps,文件签名为 WPS/OLE 复合文档;只读转换为临时标准 DOCX 后抽取。来源年份由文件名推断。 按 PDF 文本层中的编号名单逐条抽取;原文件未提供地址和具体功能子类。"
cand_1927aebf1b32e942,桂平市石龙粮食购销有限公司,桂平市石龙粮食购销有限公司,桂平市石龙粮食购销有限公司,广西壮族自治区,贵港市,桂平市,,,reserve,,organization,,,,grain_reserve,储备商品管理公司及其直属库,广西储备商品管理公司及其直属库名单(桂财税〔2024〕8号),true,false,false,false,false,false,false,false,false,false,false,false,false,false,false,,,,,,false,true,false,,,,,,,,,,,,,,,,,,,,,1,grain_reserve,data/raw/guangxi_reserve_companies_2024.html,rec_961c4f0a33782219,A,true,名单证明储备体系资格，但企业主体或管理机构名称不等同于具体物理粮库。 使用 lxml 从 HTML 正文容器按“行政区标题 + 序号 + 单位名称”结构抽取;原正文段落序号 344。
cand_192c0e596e81cecf,中国供销赣州国际农产品交易中心,中国供销赣州国际农产品交易中心,中国供销赣州国际农产品交易中心,江西省,,,,,external,,market,,,,agricultural_wholesale_market,农业农村部定点农产品批发市场,农业农村部定点市场,false,false,false,true,false,false,false,false,false,false,false,false,true,false,false,,,,,,false,false,false,,,,,,,,,,,,,,,,,,,,,1,wholesale_market,data/raw/moa_designated_wholesale_markets_2024.pdf,rec_50ac1ebe554f7daf,A,true,按 PDF 两列表格抽取;原文件未提供详细地址和坐标。
cand_195b5fcb6cee314a,江苏昆山市粮食批发交易市场贸易公司,江苏昆山市粮食批发交易市场贸易公司,江苏昆山市粮食批发交易市场贸易公司,江苏省,,,,,external,,market,,,,agricultural_wholesale_market,农业农村部定点农产品批发市场,农业农村部定点市场,true,false,false,true,false,false,false,false,false,false,false,false,true,false,false,,,,,,false,false,false,,,,,,,,,,,,,,,,,,,,,1,wholesale_market,data/raw/moa_designated_wholesale_markets_2024.pdf,rec_d270d6e421bb597f,A,true,按 PDF 两列表格抽取;原文件未提供详细地址和坐标。
cand_196a89e13033fcac,山东惠民蔬菜大市场,山东惠民蔬菜大市场,山东惠民蔬菜大市场,山东省,,,,,external,,market,,,,agricultural_wholesale_market,农业农村部定点农产品批发市场,农业农村部定点市场,false,false,false,true,false,true,false,false,false,false,false,false,true,false,false,,,,,,false,false,false,,,,,,,,,,,,,,,,,,,,,1,wholesale_market,data/raw/moa_designated_wholesale_markets_2024.pdf,rec_bda721697ec3c06a,A,true,按 PDF 两列表格抽取;原文件未提供详细地址和坐标。
cand_198634c1f425a46b,广东润丰农业发展集团有限公司石碣润丰(国际)蔬菜交易中心,广东润丰农业发展集团有限公司石碣润丰(国际)蔬菜交易中心,广东润丰农业发展集团有限公司石碣润丰(国际)蔬菜交易中心,广东省,,,,,external,,market,,,,agricultural_wholesale_market,农业农村部定点农产品批发市场,农业农村部定点市场,false,false,false,true,false,true,false,false,false,false,false,false,true,false,false,,,,,,false,false,false,,,,,,,,,,,,,,,,,,,,,1,wholesale_market,data/raw/moa_designated_wholesale_markets_2024.pdf,rec_01098a59fffb34df,A,true,按 PDF 两列表格抽取;原文件未提供详细地址和坐标。
cand_198d80301897c454,中国(赣州)华东农副产品综合商贸物流城,中国(赣州)华东农副产品综合商贸物流城,中国(赣州)华东农副产品综合商贸物流城,江西省,,,,,external,,market,,,,agricultural_wholesale_market,农业农村部定点农产品批发市场,农业农村部定点市场,false,false,false,true,false,false,false,false,false,false,false,false,true,false,false,,,,,,false,false,false,,,,,,,,,,,,,,,,,,,,,1,wholesale_market,data/raw/moa_designated_wholesale_markets_2024.pdf,rec_238c662ea2463d8c,A,true,按 PDF 两列表格抽取;原文件未提供详细地址和坐标。
cand_1abc45f578ddf53b,广东顺德三洲农产品交易中心,广东顺德三洲农产品交易中心,广东顺德三洲农产品交易中心,广东省,,,,,external,,market,,,,agricultural_wholesale_market,农业农村部定点农产品批发市场,农业农村部定点市场,false,false,false,true,false,false,false,false,false,false,false,false,true,false,false,,,,,,false,false,false,,,,,,,,,,,,,,,,,,,,,1,wholesale_market,data/raw/moa_designated_wholesale_markets_2024.pdf,rec_a6501c940122a242,A,true,按 PDF 两列表格抽取;原文件未提供详细地址和坐标。
cand_1ac114cfd73a1cbe,龙胜各族自治县粮食购销有限责任公司,龙胜各族自治县粮食购销有限责任公司,龙胜各族自治县粮食购销有限责任公司,广西壮族自治区,桂林市,龙胜各族自治县,,,reserve,,organization,,,,grain_reserve,储备商品管理公司及其直属库,广西储备商品管理公司及其直属库名单(桂财税〔2024〕8号),true,false,false,false,false,false,false,false,false,false,false,false,false,false,false,,,,,,false,true,false,,,,,,,,,,,,,,,,,,,,,1,grain_reserve,data/raw/guangxi_reserve_companies_2024.html,rec_0654f62db765573a,A,true,名单证明储备体系资格，但企业主体或管理机构名称不等同于具体物理粮库。 使用 lxml 从 HTML 正文容器按“行政区标题 + 序号 + 单位名称”结构抽取;原正文段落序号 118。
cand_1b187b45be157150,安徽联河股份有限公司,安徽联河股份有限公司,安徽联河股份有限公司,安徽省,,,,全国,external,,organization,,,,other,国家级粮食应急保障企业,国家级粮食应急保障企业,true,false,false,false,false,false,false,false,false,false,false,false,false,false,false,,,,,,true,false,false,,,,,,,,,,,,,,,,,,,,,2,grain_emergency,data/raw/national_emergency_grain_enterprises_2025_reassessment.wps;data/raw/national_emergency_grain_enterprises_batch2.pdf,rec_53b0f8ab78e4445f;rec_c29d96d1b33b9924,B,true,"官方名单未给出储运、加工、配送等具体子类，保守归为 other。 保留国家级粮食应急保障企业身份，不凭名称猜测具体功能分类。 原文件扩展名为 .wps,文件签名为 WPS/OLE 复合文档;只读转换为临时标准 DOCX 后抽取。来源年份由文件名推断。 按 PDF 文本层中的编号名单逐条抽取;原文件未提供地址和具体功能子类。"
cand_1b34d04fec223ec9,山东周公河蔬菜批发市场,山东周公河蔬菜批发市场,山东周公河蔬菜批发市场,山东省,,,,,external,,market,,,,agricultural_wholesale_market,农业农村部定点农产品批发市场,农业农村部定点市场,false,false,false,true,false,true,false,false,false,false,false,false,true,false,false,,,,,,false,false,false,,,,,,,,,,,,,,,,,,,,,1,wholesale_market,data/raw/moa_designated_wholesale_markets_2024.pdf,rec_99d461ffb5b6a2fc,A,true,按 PDF 两列表格抽取;原文件未提供详细地址和坐标。
cand_1b523d4d52f99f84,云南澄江县右所镇柿花园交易市场,云南澄江县右所镇柿花园交易市场,云南澄江县右所镇柿花园交易市场,云南省,,,,,external,,market,,,,agricultural_wholesale_market,农业农村部定点农产品批发市场,农业农村部定点市场,false,false,false,true,false,false,false,false,false,false,false,false,true,false,false,,,,,,false,false,false,,,,,,,,,,,,,,,,,,,,,1,wholesale_market,data/raw/moa_designated_wholesale_markets_2024.pdf,rec_19c51ba38bc1ec32,A,true,按 PDF 两列表格抽取;原文件未提供详细地址和坐标。
cand_1b5ee50a7b1ce752,江苏苏州市新福地农产品市场发展有限公司,江苏苏州市新福地农产品市场发展有限公司,江苏苏州市新福地农产品市场发展有限公司,江苏省,,,,,external,,market,,,,agricultural_wholesale_market,农业农村部定点农产品批发市场,农业农村部定点市场,false,false,false,true,false,false,false,false,false,false,false,false,true,false,false,,,,,,false,false,false,,,,,,,,,,,,,,,,,,,,,1,wholesale_market,data/raw/moa_designated_wholesale_markets_2024.pdf,rec_edc9e8949c51e159,A,true,按 PDF 两列表格抽取;原文件未提供详细地址和坐标。
cand_1bf9a21b9b784a87,梧州市军粮配送有限公司,梧州市军粮配送有限公司,梧州市军粮配送有限公司,广西壮族自治区,梧州市,,,,reserve,,organization,,,,military_grain_supply,储备商品管理公司及其直属库,广西储备商品管理公司及其直属库名单(桂财税〔2024〕8号),true,false,false,false,false,false,false,false,false,false,false,false,true,false,false,,,,,,false,true,false,,,,,,,,,,,,,,,,,,,,,1,grain_reserve,data/raw/guangxi_reserve_companies_2024.html,rec_fb7d24bf0550dc99,A,true,使用 lxml 从 HTML 正文容器按“行政区标题 + 序号 + 单位名称”结构抽取;原正文段落序号 164。
cand_1c0491a108d91117,安徽池州市杏花村农产品批发大市场,安徽池州市杏花村农产品批发大市场,安徽池州市杏花村农产品批发大市场,安徽省,,,,,external,,market,,,,agricultural_wholesale_market,农业农村部定点农产品批发市场,农业农村部定点市场,false,false,false,true,false,false,false,false,false,false,false,false,true,false,false,,,,,,false,false,false,,,,,,,,,,,,,,,,,,,,,1,wholesale_market,data/raw/moa_designated_wholesale_markets_2024.pdf,rec_11544d8d8a6e0d40,A,true,按 PDF 两列表格抽取;原文件未提供详细地址和坐标。
cand_1c567a278fc83128,贵港鑫美食品有限公司,贵港鑫美食品有限公司,贵港鑫美食品有限公司,广西壮族自治区,贵港市,港北区,广西壮族自治区贵港市港北区港城镇六八村白沟井(天之和品牌家具中心东C5幢原仓库),贵港市,reserve,91450800MAA7FPCF0D,organization,,,,government_procurement_supplier,食用油类,政府采购入围/中标供应商,false,true,true,false,false,false,false,false,false,false,true,false,false,false,false,,,,,,false,false,true,,,,,,,,,,,,,,,,,,,,,1,government_procurement,data/raw/guigang_food_suppliers_310.pdf,rec_a12a3939e6bc335f,B,true,"采购供应商身份不等同于实体仓储节点。 采购资料中的地址按企业登记/联系地址处理，不自动等同于仓库或配送节点地址。 按 PDF 表格行批量抽取;地址视为供应商登记/联系地址,不自动认定为仓储节点。 采购供应商地址不自动视为仓库地址；仅在原文出现仓库、粮库、配送中心、冷库、厂房等明确词时标记相应能力。"
cand_1c93c5983b1c73bf,桂平市江口粮食购销有限公司,桂平市江口粮食购销有限公司,桂平市江口粮食购销有限公司,广西壮族自治区,贵港市,桂平市,,,reserve,,organization,,,,grain_reserve,储备商品管理公司及其直属库,广西储备商品管理公司及其直属库名单(桂财税〔2024〕8号),true,false,false,false,false,false,false,false,false,false,false,false,false,false,false,,,,,,false,true,false,,,,,,,,,,,,,,,,,,,,,1,grain_reserve,data/raw/guangxi_reserve_companies_2024.html,rec_bed0bd31a973d025,A,true,名单证明储备体系资格，但企业主体或管理机构名称不等同于具体物理粮库。 使用 lxml 从 HTML 正文容器按“行政区标题 + 序号 + 单位名称”结构抽取;原正文段落序号 345。
cand_1ce4b05a6d03dd46,黑龙江东宁雨润绥阳木耳大市场有限公司,黑龙江东宁雨润绥阳木耳大市场有限公司,黑龙江东宁雨润绥阳木耳大市场有限公司,黑龙江省,,,,,external,,market,,,,agricultural_wholesale_market,农业农村部定点农产品批发市场,农业农村部定点市场,false,false,false,true,false,false,false,false,false,false,false,false,true,false,false,,,,,,false,false,false,,,,,,,,,,,,,,,,,,,,,1,wholesale_market,data/raw/moa_designated_wholesale_markets_2024.pdf,rec_d3732dafa74d8cd7,A,true,按 PDF 两列表格抽取;原文件未提供详细地址和坐标。
cand_1ceb11c5597ca134,河南双龙镇香菇批发市场,河南双龙镇香菇批发市场,河南双龙镇香菇批发市场,河南省,,,,,external,,market,,,,agricultural_wholesale_market,农业农村部定点农产品批发市场,农业农村部定点市场,false,false,false,true,false,false,false,false,false,false,false,false,true,false,false,,,,,,false,false,false,,,,,,,,,,,,,,,,,,,,,1,wholesale_market,data/raw/moa_designated_wholesale_markets_2024.pdf,rec_ad8d98d9157cc455,A,true,按 PDF 两列表格抽取;原文件未提供详细地址和坐标。
cand_1cfb74422c115c7d,广西家喻神马供应链管理有限公司,广西家喻神马供应链管理有限公司,广西家喻神马供应链管理有限公司,广西壮族自治区,桂林市,象山区,桂林市象山区环城西二路28号二楼南大厅,贵港市,reserve,91450300MA5KCY184M,organization,,,,government_procurement_supplier,畜肉类;禽肉类;生鲜时蔬、水果类,政府采购入围/中标供应商,false,false,false,true,true,true,true,false,false,false,false,false,false,false,false,,,,,,false,false,true,,,,,,,,,,,,,,,,,,,,,3,government_procurement,data/raw/guigang_food_suppliers_310.pdf,rec_20f4e6f59937e330;rec_25a1c9710a3a3adf;rec_d58fb82bbdf58b67,C,true,"采购供应商身份不等同于实体仓储节点。 采购资料中的地址按企业登记/联系地址处理，不自动等同于仓库或配送节点地址。 按 PDF 表格行批量抽取;地址视为供应商登记/联系地址,不自动认定为仓储节点。 采购供应商地址不自动视为仓库地址；仅在原文出现仓库、粮库、配送中心、冷库、厂房等明确词时标记相应能力。"
cand_1d047cf1dec05475,江苏沭阳蓝添花木城经营管理有限公司(中国沭阳国际花木城),江苏沭阳蓝添花木城经营管理有限公司(中国沭阳国际花木城),江苏沭阳蓝添花木城经营管理有限公司(中国沭阳国际花木城),江苏省,,,,,external,,market,,,,agricultural_wholesale_market,农业农村部定点农产品批发市场,农业农村部定点市场,false,false,false,true,false,false,false,false,false,false,false,false,true,false,false,,,,,,false,false,false,,,,,,,,,,,,,,,,,,,,,1,wholesale_market,data/raw/moa_designated_wholesale_markets_2024.pdf,rec_334bc0ad6ab31fdd,A,true,按 PDF 两列表格抽取;原文件未提供详细地址和坐标。
cand_1dd246a422eca872,大新县粮食和物资储备中心,大新县粮食和物资储备中心,大新县粮食和物资储备中心,广西壮族自治区,崇左市,,,,reserve,,organization,,,,grain_reserve,储备商品管理公司及其直属库,广西储备商品管理公司及其直属库名单(桂财税〔2024〕8号),true,false,false,false,false,false,false,false,false,false,false,false,false,false,false,,,,,,false,true,false,,,,,,,,,,,,,,,,,,,,,1,grain_reserve,data/raw/guangxi_reserve_companies_2024.html,rec_94245e7c2d3ed5af,A,true,名单证明储备体系资格，但企业主体或管理机构名称不等同于具体物理粮库。 使用 lxml 从 HTML 正文容器按“行政区标题 + 序号 + 单位名称”结构抽取;原正文段落序号 389。
cand_1e4720bfdc5e6592,湖南三得利水果批发市场,湖南三得利水果批发市场,湖南三得利水果批发市场,湖南省,,,,,external,,market,,,,agricultural_wholesale_market,农业农村部定点农产品批发市场,农业农村部定点市场,false,false,false,true,false,false,true,false,false,false,false,false,true,false,false,,,,,,false,false,false,,,,,,,,,,,,,,,,,,,,,1,wholesale_market,data/raw/moa_designated_wholesale_markets_2024.pdf,rec_3f868c108f3cfece,A,true,按 PDF 两列表格抽取;原文件未提供详细地址和坐标。
cand_1e80cb2ace404581,江苏太仓市江南农副食品城,江苏太仓市江南农副食品城,江苏太仓市江南农副食品城,江苏省,,,,,external,,market,,,,agricultural_wholesale_market,农业农村部定点农产品批发市场,农业农村部定点市场,false,false,true,true,false,false,false,false,false,false,false,false,true,false,false,,,,,,false,false,false,,,,,,,,,,,,,,,,,,,,,1,wholesale_market,data/raw/moa_designated_wholesale_markets_2024.pdf,rec_4be08bfa397d6b4b,A,true,按 PDF 两列表格抽取;原文件未提供详细地址和坐标。
cand_1e9fe4c9f58328d8,上林县安恒储备粮管理有限公司白圩分公司,上林县安恒储备粮管理有限公司白圩分公司,上林县安恒储备粮管理有限公司白圩分公司,广西壮族自治区,南宁市,上林县,,,primary,,organization,上林县安恒储备粮管理有限公司,,,grain_reserve,储备商品管理公司及其直属库,广西储备商品管理公司及其直属库名单(桂财税〔2024〕8号),true,false,false,false,false,false,false,false,false,false,false,false,false,false,false,,,,,,false,true,false,,,,,,,,,,,,,,,,,,,,,1,grain_reserve,data/raw/guangxi_reserve_companies_2024.html,rec_f8c62e1242f5fb57,A,true,名单证明储备体系资格，但企业主体或管理机构名称不等同于具体物理粮库。 使用 lxml 从 HTML 正文容器按“行政区标题 + 序号 + 单位名称”结构抽取;原正文段落序号 64。
cand_1eabbebf10a9b545,福建安溪茶叶批发市场,福建安溪茶叶批发市场,福建安溪茶叶批发市场,福建省,,,,,external,,market,,,,agricultural_wholesale_market,农业农村部定点农产品批发市场,农业农村部定点市场,false,false,false,true,false,false,false,false,false,false,false,false,true,false,false,,,,,,false,false,false,,,,,,,,,,,,,,,,,,,,,1,wholesale_market,data/raw/moa_designated_wholesale_markets_2024.pdf,rec_dcbeff2021254e1e,A,true,按 PDF 两列表格抽取;原文件未提供详细地址和坐标。
cand_1f1bb6bfad2480fb,北海市军粮仓储服务有限责任公司,北海市军粮仓储服务有限责任公司,北海市军粮仓储服务有限责任公司,广西壮族自治区,北海市,,,,reserve,,organization,,,,military_grain_supply,储备商品管理公司及其直属库,广西储备商品管理公司及其直属库名单(桂财税〔2024〕8号),true,false,false,false,false,false,false,false,false,false,true,false,false,false,false,,,,,,false,true,false,,,,,,,,,,,,,,,,,,,,,1,grain_reserve,data/raw/guangxi_reserve_companies_2024.html,rec_faa665d04f348925,A,true,使用 lxml 从 HTML 正文容器按“行政区标题 + 序号 + 单位名称”结构抽取;原正文段落序号 168。
cand_1f537d2e9d1e701e,广西睿慧农鲜供应链管理有限公司,广西睿慧农鲜供应链管理有限公司,广西睿慧农鲜供应链管理有限公司,广西壮族自治区,南宁市,青秀区,南宁市青秀区竹溪大道86号广源国际社区6号701号,贵港市,primary,91450103669732553E,organization,,,,government_procurement_supplier,畜肉类;禽肉类;生鲜时蔬、水果类,政府采购入围/中标供应商,false,false,false,true,true,true,true,false,false,false,false,false,false,false,false,,,,,,false,false,true,,,,,,,,,,,,,,,,,,,,,3,government_procurement,data/raw/guigang_food_suppliers_310.pdf,rec_5a868a5a2b2c85e8;rec_1be4a3469ee8b157;rec_b05acb71b1097779,C,true,"采购供应商身份不等同于实体仓储节点。 采购资料中的地址按企业登记/联系地址处理，不自动等同于仓库或配送节点地址。 按 PDF 表格行批量抽取;地址视为供应商登记/联系地址,不自动认定为仓储节点。 采购供应商地址不自动视为仓库地址；仅在原文出现仓库、粮库、配送中心、冷库、厂房等明确词时标记相应能力。"
cand_1f801d68472c8d74,柳州市柳江区军粮供应站,柳州市柳江区军粮供应站,柳州市柳江区军粮供应站,广西壮族自治区,柳州市,柳江区,,,secondary,,unknown,,,,military_grain_supply,储备商品管理公司及其直属库,广西储备商品管理公司及其直属库名单(桂财税〔2024〕8号),true,false,false,false,false,false,false,false,false,false,false,false,false,false,false,,,,,,false,true,false,,,,,,,,,,,,,,,,,,,,,1,grain_reserve,data/raw/guangxi_reserve_companies_2024.html,rec_8868b684338a0f43,A,true,使用 lxml 从 HTML 正文容器按“行政区标题 + 序号 + 单位名称”结构抽取;原正文段落序号 83。
cand_1f9ad23f9a21ef9f,上林县安恒储备粮管理有限公司镇圩分公司,上林县安恒储备粮管理有限公司镇圩分公司,上林县安恒储备粮管理有限公司镇圩分公司;上林县安恒储备粮管理有限公司镇圩分公司(原镇圩粮所);上林县安恒储备粮管理有限公司镇圩分公司(原镇圩粮所);上林县安恒储备粮管理有限公司镇圩分公司(原镇圩粮所);上林县安恒储备粮管理有限公司镇圩分公司(原镇圩粮所),广西壮族自治区,南宁市,上林县,上林县镇圩瑶族乡镇圩街（原镇圩粮所）,,primary,,physical_site,上林县安恒储备粮管理有限公司,cand_39a6690f6b3bfb94,branch_site,grain_reserve,储备商品管理公司及其直属库,广西储备商品管理公司及其直属库名单(桂财税〔2024〕8号),true,false,false,false,false,false,false,false,false,false,true,false,false,false,false,,,,,,false,true,false,,,,,,,approximate_region_only,manual_review,false,manual_verified_public_evidence,addr_ev_f808727fcbde1b8f,B,street,medium,https://nanning.11467.com/shanglin/,历史企业目录给出镇圩粮所地址为镇圩街；2024官方不动产资料证明安恒公司持有原镇圩粮所土地资产。未找到可靠门牌号。,true,true,,manual_address_evidence,1,grain_reserve;manual_address_evidence;manual_address_evidence;manual_address_evidence;manual_address_evidence,data/raw/guangxi_reserve_companies_2024.html;data/manual/nanning_grain_physical_sites_address_evidence.csv;data/manual/nanning_grain_physical_sites_address_evidence.csv;data/manual/nanning_grain_physical_sites_address_evidence.csv;data/manual/nanning_grain_physical_sites_address_evidence.csv,rec_e85aef44e4e6b995,A,true,名单证明储备体系资格，但企业主体或管理机构名称不等同于具体物理粮库。 使用 lxml 从 HTML 正文容器按“行政区标题 + 序号 + 单位名称”结构抽取;原正文段落序号 72。
cand_1fd9866422c0e9a6,吉林白山市星泰批发市场,吉林白山市星泰批发市场,吉林白山市星泰批发市场,吉林省,,,,,external,,market,,,,agricultural_wholesale_market,农业农村部定点农产品批发市场,农业农村部定点市场,false,false,false,true,false,false,false,false,false,false,false,false,true,false,false,,,,,,false,false,false,,,,,,,,,,,,,,,,,,,,,1,wholesale_market,data/raw/moa_designated_wholesale_markets_2024.pdf,rec_e491456831863210,A,true,按 PDF 两列表格抽取;原文件未提供详细地址和坐标。
cand_1fe393f1dc20ce71,青海青藏高原农副产品集散中心,青海青藏高原农副产品集散中心,青海青藏高原农副产品集散中心,青海省,,,,,external,,market,,,,agricultural_wholesale_market,农业农村部定点农产品批发市场,农业农村部定点市场,false,false,false,true,false,false,false,false,false,false,false,false,true,false,false,,,,,,false,false,false,,,,,,,,,,,,,,,,,,,,,1,wholesale_market,data/raw/moa_designated_wholesale_markets_2024.pdf,rec_dc1a1402aa70146f,A,true,按 PDF 两列表格抽取;原文件未提供详细地址和坐标。
cand_20261010b975ba6e,平乐县军粮供应站,平乐县军粮供应站,平乐县军粮供应站,广西壮族自治区,桂林市,平乐县,,,reserve,,unknown,,,,military_grain_supply,储备商品管理公司及其直属库,广西储备商品管理公司及其直属库名单(桂财税〔2024〕8号),true,false,false,false,false,false,false,false,false,false,false,false,false,false,false,,,,,,false,true,false,,,,,,,,,,,,,,,,,,,,,1,grain_reserve,data/raw/guangxi_reserve_companies_2024.html,rec_7aba3188dfb7645e,A,true,使用 lxml 从 HTML 正文容器按“行政区标题 + 序号 + 单位名称”结构抽取;原正文段落序号 127。
cand_208b284bb7700347,广西二师兄食品有限公司,广西二师兄食品有限公司,广西二师兄食品有限公司,广西壮族自治区,南宁市,江南区,南宁市江南区沙井街道办南乡村六组定津路 2 号,贵港市;百色市/平果市,primary,91450100MA5K9HW54C,organization,,,,government_procurement_supplier,畜肉类;禽肉类;鱼及水产;鲜湿米粉、面食、糕点等早餐类、豆制品类;冷冻品类;蛋品类;副食品;鲜肉类;生鲜时蔬、水果类,政府采购入围/中标供应商,true,false,true,true,true,true,true,true,false,false,false,false,false,false,false,,,,,,false,false,true,,,,,,,,,,,,,,,,,,,,,9,government_procurement,data/raw/guigang_food_suppliers_310.pdf;data/raw/pingguo_meat_suppliers.pdf;data/raw/pingguo_vegetable_fruit_suppliers.pdf,rec_da2b215e91be3923;rec_38fedf6a819e3387;rec_f8490234bee9c706;rec_7402631acfe84435;rec_6068cac77c8c5a09;rec_ae3aa98c3a7cd6e0;rec_df5d2f03aa9e0a8f;rec_0dfc664b3068df67;rec_9fe23308b7798ad2,C,true,"采购供应商身份不等同于实体仓储节点。 采购资料中的地址按企业登记/联系地址处理，不自动等同于仓库或配送节点地址。 按 PDF 表格行批量抽取;地址视为供应商登记/联系地址,不自动认定为仓储节点。 采购供应商身份不等同于实体仓储节点。 采购资料未提供企业地址；服务项目区域与企业所在地严格分开。 可确认位于广西，但当前证据不足以安全确定地级市。 PDF 表格未提供地址和统一社会信用代码;服务项目所在地为平果市,不能据此推断企业所在地。 采购供应商地址不自动视为仓库地址；仅在原文出现仓库、粮库、配送中心、冷库、厂房等明确词时标记相应能力。"
cand_208ea0d4a2840cd5,山东鲁南蔬菜产业有限公司(山东兰陵县鲁南蔬菜批发市场),山东鲁南蔬菜产业有限公司(山东兰陵县鲁南蔬菜批发市场),山东鲁南蔬菜产业有限公司(山东兰陵县鲁南蔬菜批发市场),山东省,,,,,external,,market,,,,agricultural_wholesale_market,农业农村部定点农产品批发市场,农业农村部定点市场,false,false,false,true,false,true,false,false,false,false,false,false,true,false,false,,,,,,false,false,false,,,,,,,,,,,,,,,,,,,,,1,wholesale_market,data/raw/moa_designated_wholesale_markets_2024.pdf,rec_a92ef39ccfd835ca,A,true,按 PDF 两列表格抽取;原文件未提供详细地址和坐标。
cand_20c4e7b5266962bc,浙江台州(中国)农港城,浙江台州(中国)农港城,浙江台州(中国)农港城,浙江省,,,,,external,,market,,,,agricultural_wholesale_market,农业农村部定点农产品批发市场,农业农村部定点市场,false,false,false,true,false,false,false,false,false,false,false,false,true,false,false,,,,,,false,false,false,,,,,,,,,,,,,,,,,,,,,1,wholesale_market,data/raw/moa_designated_wholesale_markets_2024.pdf,rec_0f5e20307abdf53f,A,true,按 PDF 两列表格抽取;原文件未提供详细地址和坐标。
cand_21446db2709ef6ff,重庆花枝农业九龙坡蔬菜批发市场,重庆花枝农业九龙坡蔬菜批发市场,重庆花枝农业九龙坡蔬菜批发市场,重庆市,重庆市,,,,external,,market,,,,agricultural_wholesale_market,农业农村部定点农产品批发市场,农业农村部定点市场,false,false,false,true,false,true,false,false,false,false,false,false,true,false,false,,,,,,false,false,false,,,,,,,,,,,,,,,,,,,,,1,wholesale_market,data/raw/moa_designated_wholesale_markets_2024.pdf,rec_d3176fc3cf88a000,A,true,按 PDF 两列表格抽取;原文件未提供详细地址和坐标。
cand_219ae26442d80da8,东兴市东兴粮食管理所,东兴市东兴粮食管理所,东兴市东兴粮食管理所,广西壮族自治区,防城港市,,,,reserve,,unknown,,,,grain_reserve,储备商品管理公司及其直属库,广西储备商品管理公司及其直属库名单(桂财税〔2024〕8号),true,false,false,false,false,false,false,false,false,false,false,false,false,false,false,,,,,,false,true,false,,,,,,,,,,,,,,,,,,,,,1,grain_reserve,data/raw/guangxi_reserve_companies_2024.html,rec_ad4bd3450f2c80b3,A,true,名单证明储备体系资格，但企业主体或管理机构名称不等同于具体物理粮库。 使用 lxml 从 HTML 正文容器按“行政区标题 + 序号 + 单位名称”结构抽取;原正文段落序号 216。
cand_21a936f65193ef90,河池市宜州区穗丰粮油购销公司,河池市宜州区穗丰粮油购销公司,河池市宜州区穗丰粮油购销公司,广西壮族自治区,河池市,宜州区,,,reserve,,organization,,,,grain_reserve,储备商品管理公司及其直属库,广西储备商品管理公司及其直属库名单(桂财税〔2024〕8号),true,true,false,false,false,false,false,false,false,false,false,false,false,false,false,,,,,,false,true,false,,,,,,,,,,,,,,,,,,,,,1,grain_reserve,data/raw/guangxi_reserve_companies_2024.html,rec_2bcf8eb80a66a73c,A,true,名单证明储备体系资格，但企业主体或管理机构名称不等同于具体物理粮库。 使用 lxml 从 HTML 正文容器按“行政区标题 + 序号 + 单位名称”结构抽取;原正文段落序号 271。
cand_21abc76a0bdf4d3c,湖北聚四海水产品批发市场,湖北聚四海水产品批发市场,湖北聚四海水产品批发市场,湖北省,,,,,external,,market,,,,agricultural_wholesale_market,农业农村部定点农产品批发市场,农业农村部定点市场,false,false,false,true,false,false,false,true,false,false,false,false,true,false,false,,,,,,false,false,false,,,,,,,,,,,,,,,,,,,,,1,wholesale_market,data/raw/moa_designated_wholesale_markets_2024.pdf,rec_c2414bc7a7b0b8b9,A,true,按 PDF 两列表格抽取;原文件未提供详细地址和坐标。
cand_21c0a691f3b326e8,北海市乐勤食品有限公司,北海市乐勤食品有限公司,北海市乐勤食品有限公司,广西壮族自治区,北海市,海城区,北海市海城区马栏村57号,北海市,reserve,91450502MA5KY5KB0G,organization,,,,government_procurement_supplier,面包糕点奶制品,政府采购入围/中标供应商,false,false,true,true,false,false,false,false,true,false,false,false,false,false,false,,,,,,false,false,true,,,,,,,,,,,,,,,,,,,,,1,government_procurement,data/raw/beihai_food_suppliers.pdf,rec_0a293f6f553cdee6,C,true,"采购供应商身份不等同于实体仓储节点。 采购资料中的地址按企业登记/联系地址处理，不自动等同于仓库或配送节点地址。 按 PDF 表格行批量抽取;地址视为供应商登记/联系地址,不自动认定为仓储节点。 采购供应商地址不自动视为仓库地址；仅在原文出现仓库、粮库、配送中心、冷库、厂房等明确词时标记相应能力。"
cand_21e1aea4ea1ff449,广西海吉星农产品国际物流中心,广西海吉星农产品国际物流中心,广西海吉星农产品国际物流中心,广西壮族自治区,,,,,reserve,,market,,,,agricultural_wholesale_market,农业农村部定点农产品批发市场,农业农村部定点市场,false,false,false,true,false,false,false,false,false,false,false,false,true,false,false,,,,,,false,false,false,,,,,,,,,,,,,,,,,,,,,1,wholesale_market,data/raw/moa_designated_wholesale_markets_2024.pdf,rec_86d0d0b8fc8fb1fe,A,true,可确认位于广西，但当前证据不足以安全确定地级市。 按 PDF 两列表格抽取;原文件未提供详细地址和坐标。
cand_22376ab468227254,广西鑫苗丰农业技术开发有限公司,广西鑫苗丰农业技术开发有限公司,广西鑫苗丰农业技术开发有限公司,广西壮族自治区,,,,百色市/平果市,reserve,,organization,,,,government_procurement_supplier,鲜肉类;生鲜时蔬、水果类,政府采购入围/中标供应商,false,false,true,true,true,true,true,false,false,false,false,false,false,false,false,,,,,,false,false,true,,,,,,,,,,,,,,,,,,,,,2,government_procurement,data/raw/pingguo_meat_suppliers.pdf;data/raw/pingguo_vegetable_fruit_suppliers.pdf,rec_d1a666e3a4e06bec;rec_703355ccd8af57b7,C,true,"采购供应商身份不等同于实体仓储节点。 采购资料未提供企业地址；服务项目区域与企业所在地严格分开。 可确认位于广西，但当前证据不足以安全确定地级市。 PDF 表格未提供地址和统一社会信用代码;服务项目所在地为平果市,不能据此推断企业所在地。 采购供应商地址不自动视为仓库地址；仅在原文出现仓库、粮库、配送中心、冷库、厂房等明确词时标记相应能力。"
cand_2279a9a086d61937,陕西西安市朱雀农产品市场有限公司(陕西西安朱雀农副产品物流中心),陕西西安市朱雀农产品市场有限公司(陕西西安朱雀农副产品物流中心),陕西西安市朱雀农产品市场有限公司(陕西西安朱雀农副产品物流中心),陕西省,,,,,external,,market,,,,agricultural_wholesale_market,农业农村部定点农产品批发市场,农业农村部定点市场,false,false,false,true,false,false,false,false,false,false,false,false,true,false,false,,,,,,false,false,false,,,,,,,,,,,,,,,,,,,,,1,wholesale_market,data/raw/moa_designated_wholesale_markets_2024.pdf,rec_3083a4e5d88e4602,A,true,按 PDF 两列表格抽取;原文件未提供详细地址和坐标。
cand_2298e7c393eea90d,安徽宿州市光彩城农资大市场,安徽宿州市光彩城农资大市场,安徽宿州市光彩城农资大市场,安徽省,,,,,external,,market,,,,agricultural_wholesale_market,农业农村部定点农产品批发市场,农业农村部定点市场,false,false,false,true,false,false,false,false,false,false,false,false,true,false,false,,,,,,false,false,false,,,,,,,,,,,,,,,,,,,,,1,wholesale_market,data/raw/moa_designated_wholesale_markets_2024.pdf,rec_d2a14261af579547,A,true,按 PDF 两列表格抽取;原文件未提供详细地址和坐标。
cand_22c1d04a0fc99bf2,陕西彬县商贸市场服务中心,陕西彬县商贸市场服务中心,陕西彬县商贸市场服务中心,陕西省,,,,,external,,market,,,,agricultural_wholesale_market,农业农村部定点农产品批发市场,农业农村部定点市场,false,false,false,true,false,false,false,false,false,false,false,false,true,false,false,,,,,,false,false,false,,,,,,,,,,,,,,,,,,,,,1,wholesale_market,data/raw/moa_designated_wholesale_markets_2024.pdf,rec_1478155c5dd1d294,A,true,按 PDF 两列表格抽取;原文件未提供详细地址和坐标。
cand_22ccdb6d4d485454,来宾市兴宾区储备粮管理公司,来宾市兴宾区储备粮管理公司,来宾市兴宾区储备粮管理公司,广西壮族自治区,来宾市,,,,reserve,,organization,,,,grain_reserve,储备商品管理公司及其直属库,广西储备商品管理公司及其直属库名单(桂财税〔2024〕8号),true,false,false,false,false,false,false,false,false,false,false,false,false,false,false,,,,,,false,true,false,,,,,,,,,,,,,,,,,,,,,1,grain_reserve,data/raw/guangxi_reserve_companies_2024.html,rec_442bc807c279fdd6,A,true,名单证明储备体系资格，但企业主体或管理机构名称不等同于具体物理粮库。 使用 lxml 从 HTML 正文容器按“行政区标题 + 序号 + 单位名称”结构抽取;原正文段落序号 373。
cand_23051c19c991fcfe,甘肃庆阳市西峰西郊瓜果蔬菜批发有限责任公司,甘肃庆阳市西峰西郊瓜果蔬菜批发有限责任公司,甘肃庆阳市西峰西郊瓜果蔬菜批发有限责任公司,甘肃省,,,,,external,,market,,,,agricultural_wholesale_market,农业农村部定点农产品批发市场,农业农村部定点市场,false,false,false,true,false,true,true,false,false,false,false,false,true,false,false,,,,,,false,false,false,,,,,,,,,,,,,,,,,,,,,1,wholesale_market,data/raw/moa_designated_wholesale_markets_2024.pdf,rec_e8e8b2ff7e0dda25,A,true,按 PDF 两列表格抽取;原文件未提供详细地址和坐标。
cand_23680c8910dfdf46,浙江平湖市农副产品综合批发市场有限公司,浙江平湖市农副产品综合批发市场有限公司,浙江平湖市农副产品综合批发市场有限公司,浙江省,,,,,external,,market,,,,agricultural_wholesale_market,农业农村部定点农产品批发市场,农业农村部定点市场,false,false,false,true,false,false,false,false,false,false,false,false,true,false,false,,,,,,false,false,false,,,,,,,,,,,,,,,,,,,,,1,wholesale_market,data/raw/moa_designated_wholesale_markets_2024.pdf,rec_558c0e31f33c5ab0,A,true,按 PDF 两列表格抽取;原文件未提供详细地址和坐标。
cand_23a47b076d0ae021,贵港市军霞农副产品贸易有限公司,贵港市军霞农副产品贸易有限公司,贵港市军霞农副产品贸易有限公司,广西壮族自治区,贵港市,,贵港市新华路南(七里桥基地南半岛)西南角,贵港市,reserve,91450802581958195Y,organization,,,,government_procurement_supplier,畜肉类;禽肉类;鲜湿米粉、面食、糕点等早餐类、豆制品类;生鲜时蔬、水果类;冷冻品类;蛋品类;调味品类,政府采购入围/中标供应商,true,false,true,true,true,true,true,false,false,false,false,false,false,false,false,,,,,,false,false,true,,,,,,,,,,,,,,,,,,,,,7,government_procurement,data/raw/guigang_food_suppliers_310.pdf,rec_d796b843c038a730;rec_00d9cfd651389db0;rec_b2a4f671a8dd7fdc;rec_0b1154426ba30003;rec_5051358b1b5bcf51;rec_4785731224ad94ca;rec_28a800f8901abf5b,C,true,"采购供应商身份不等同于实体仓储节点。 采购资料中的地址按企业登记/联系地址处理，不自动等同于仓库或配送节点地址。 按 PDF 表格行批量抽取;地址视为供应商登记/联系地址,不自动认定为仓储节点。 采购供应商地址不自动视为仓库地址；仅在原文出现仓库、粮库、配送中心、冷库、厂房等明确词时标记相应能力。"
cand_23b007a67e66ac82,河南内黄果蔬城农产品交易市场,河南内黄果蔬城农产品交易市场,河南内黄果蔬城农产品交易市场,河南省,,,,,external,,market,,,,agricultural_wholesale_market,农业农村部定点农产品批发市场,农业农村部定点市场,false,false,false,true,false,true,true,false,false,false,false,false,true,false,false,,,,,,false,false,false,,,,,,,,,,,,,,,,,,,,,1,wholesale_market,data/raw/moa_designated_wholesale_markets_2024.pdf,rec_1fd99f86619fc96b,A,true,按 PDF 两列表格抽取;原文件未提供详细地址和坐标。
cand_23b6a3821422a39a,北流市储备粮管理中心,北流市储备粮管理中心,北流市储备粮管理中心,广西壮族自治区,玉林市,,,,reserve,,organization,,,,grain_reserve,储备商品管理公司及其直属库,广西储备商品管理公司及其直属库名单(桂财税〔2024〕8号),true,false,false,false,false,false,false,false,false,false,false,false,false,false,false,,,,,,false,true,false,,,,,,,,,,,,,,,,,,,,,1,grain_reserve,data/raw/guangxi_reserve_companies_2024.html,rec_1772204ee0b9cc81,A,true,名单证明储备体系资格，但企业主体或管理机构名称不等同于具体物理粮库。 使用 lxml 从 HTML 正文容器按“行政区标题 + 序号 + 单位名称”结构抽取;原正文段落序号 334。
cand_23bedd3ef661beed,江苏凌家塘市场发展有限公司,江苏凌家塘市场发展有限公司,江苏凌家塘市场发展有限公司,江苏省,,,,,external,,market,,,,agricultural_wholesale_market,农业农村部定点农产品批发市场,农业农村部定点市场,false,false,false,true,false,false,false,false,false,false,false,false,true,false,false,,,,,,false,false,false,,,,,,,,,,,,,,,,,,,,,1,wholesale_market,data/raw/moa_designated_wholesale_markets_2024.pdf,rec_798ec1003518cef0,A,true,按 PDF 两列表格抽取;原文件未提供详细地址和坐标。
cand_23c1698d6aa950f1,浙闽赣食用菌交易市场,浙闽赣食用菌交易市场,浙闽赣食用菌交易市场,浙江省,,,,,external,,market,,,,agricultural_wholesale_market,农业农村部定点农产品批发市场,农业农村部定点市场,false,false,false,true,false,false,false,false,false,false,false,false,true,false,false,,,,,,false,false,false,,,,,,,,,,,,,,,,,,,,,1,wholesale_market,data/raw/moa_designated_wholesale_markets_2024.pdf,rec_21672c5cc55a030a,A,true,按 PDF 两列表格抽取;原文件未提供详细地址和坐标。
cand_23cf1e66c042916c,贵州黔西北农产品电商物流园,贵州黔西北农产品电商物流园,贵州黔西北农产品电商物流园,贵州省,,,,,external,,market,,,,agricultural_wholesale_market,农业农村部定点农产品批发市场,农业农村部定点市场,false,false,false,true,false,false,false,false,false,false,false,false,true,false,false,,,,,,false,false,false,,,,,,,,,,,,,,,,,,,,,1,wholesale_market,data/raw/moa_designated_wholesale_markets_2024.pdf,rec_4c56c8980675c2e1,A,true,按 PDF 两列表格抽取;原文件未提供详细地址和坐标。
cand_24052a854cd08328,恭城瑶族自治县泰源粮油购销公司,恭城瑶族自治县泰源粮油购销公司,恭城瑶族自治县泰源粮油购销公司,广西壮族自治区,桂林市,恭城瑶族自治县,,,reserve,,organization,,,,grain_reserve,储备商品管理公司及其直属库,广西储备商品管理公司及其直属库名单(桂财税〔2024〕8号),true,true,false,false,false,false,false,false,false,false,false,false,false,false,false,,,,,,false,true,false,,,,,,,,,,,,,,,,,,,,,1,grain_reserve,data/raw/guangxi_reserve_companies_2024.html,rec_b75ad8ab6194f336,A,true,名单证明储备体系资格，但企业主体或管理机构名称不等同于具体物理粮库。 使用 lxml 从 HTML 正文容器按“行政区标题 + 序号 + 单位名称”结构抽取;原正文段落序号 128。
cand_242316eda5ccb758,山东省金乡大蒜专业批发市场,山东省金乡大蒜专业批发市场,山东省金乡大蒜专业批发市场,山东省,,,,,external,,market,,,,agricultural_wholesale_market,农业农村部定点农产品批发市场,农业农村部定点市场,false,false,false,true,false,false,false,false,false,false,false,false,true,false,false,,,,,,false,false,false,,,,,,,,,,,,,,,,,,,,,1,wholesale_market,data/raw/moa_designated_wholesale_markets_2024.pdf,rec_9ba1a9e372145a30,A,true,按 PDF 两列表格抽取;原文件未提供详细地址和坐标。
cand_2425bfe942dea714,平南县龚南粮食购销有限责任公司,平南县龚南粮食购销有限责任公司,平南县龚南粮食购销有限责任公司,广西壮族自治区,贵港市,平南县,,,reserve,,organization,,,,grain_reserve,储备商品管理公司及其直属库,广西储备商品管理公司及其直属库名单(桂财税〔2024〕8号),true,false,false,false,false,false,false,false,false,false,false,false,false,false,false,,,,,,false,true,false,,,,,,,,,,,,,,,,,,,,,1,grain_reserve,data/raw/guangxi_reserve_companies_2024.html,rec_d23b4635844d373b,A,true,名单证明储备体系资格，但企业主体或管理机构名称不等同于具体物理粮库。 使用 lxml 从 HTML 正文容器按“行政区标题 + 序号 + 单位名称”结构抽取;原正文段落序号 348。
cand_2430949ba91ff36b,浙江台州市新路蔬菜批发有限公司(浙江台州市蔬菜批发中心),浙江台州市新路蔬菜批发有限公司(浙江台州市蔬菜批发中心),浙江台州市新路蔬菜批发有限公司(浙江台州市蔬菜批发中心),浙江省,,,,,external,,market,,,,agricultural_wholesale_market,农业农村部定点农产品批发市场,农业农村部定点市场,false,false,false,true,false,true,false,false,false,false,false,false,true,false,false,,,,,,false,false,false,,,,,,,,,,,,,,,,,,,,,1,wholesale_market,data/raw/moa_designated_wholesale_markets_2024.pdf,rec_11ff78346e445e63,A,true,按 PDF 两列表格抽取;原文件未提供详细地址和坐标。
cand_2474e02c6ca901a2,南宁市良庆区庆丰粮油购储管理有限公司,南宁市良庆区庆丰粮油购储管理有限公司,南宁市良庆区庆丰粮油购储管理有限公司,广西壮族自治区,南宁市,良庆区,,,primary,,organization,,,,other,储备商品管理公司及其直属库,广西储备商品管理公司及其直属库名单(桂财税〔2024〕8号),true,true,false,false,false,false,false,false,false,false,false,false,false,false,false,,,,,,false,true,false,,,,,,,,,,,,,,,,,,,,,1,grain_reserve,data/raw/guangxi_reserve_companies_2024.html,rec_54515906fecff157,A,true,属于储备商品管理公司及其直属库名单，但名称不足以安全判断为具体粮库或储备管理机构。 使用 lxml 从 HTML 正文容器按“行政区标题 + 序号 + 单位名称”结构抽取;原正文段落序号 51。
cand_248e713368ecc966,钦州市储备粮管理中心,钦州市储备粮管理中心,钦州市储备粮管理中心,广西壮族自治区,钦州市,,,,reserve,,organization,,,,grain_reserve,储备商品管理公司及其直属库,广西储备商品管理公司及其直属库名单(桂财税〔2024〕8号),true,false,false,false,false,false,false,false,false,false,false,false,false,false,false,,,,,,false,true,false,,,,,,,,,,,,,,,,,,,,,1,grain_reserve,data/raw/guangxi_reserve_companies_2024.html,rec_fb7b31a7ffb392b7,A,true,名单证明储备体系资格，但企业主体或管理机构名称不等同于具体物理粮库。 使用 lxml 从 HTML 正文容器按“行政区标题 + 序号 + 单位名称”结构抽取;原正文段落序号 178。
cand_24d1b68063f662f2,中国珍珠城北海水产市场,中国珍珠城北海水产市场,中国珍珠城北海水产市场,广西壮族自治区,北海市,,,,reserve,,market,,,,agricultural_wholesale_market,农业农村部定点农产品批发市场,农业农村部定点市场,false,false,false,true,false,false,false,true,false,false,false,false,true,false,false,,,,,,false,false,false,,,,,,,,,,,,,,,,,,,,,1,wholesale_market,data/raw/moa_designated_wholesale_markets_2024.pdf,rec_7990fa38174fc270,A,true,按 PDF 两列表格抽取;原文件未提供详细地址和坐标。
cand_2523cea464e3e0bd,北海海丝明珠商贸有限责任公司,北海海丝明珠商贸有限责任公司,北海海丝明珠商贸有限责任公司,广西壮族自治区,北海市,,广西壮族自治区北海市金海岸大道59号森海豪庭榕树园22幢,北海市,reserve,91450500MA5PHFT82C,organization,,,,government_procurement_supplier,米面油干货类;果蔬类,政府采购入围/中标供应商,true,true,true,true,false,true,true,false,false,false,false,false,false,false,false,,,,,,false,false,true,,,,,,,,,,,,,,,,,,,,,2,government_procurement,data/raw/beihai_food_suppliers.pdf,rec_065fa8f40797707a;rec_6d1641f82a50a835,C,true,"采购供应商身份不等同于实体仓储节点。 采购资料中的地址按企业登记/联系地址处理，不自动等同于仓库或配送节点地址。 按 PDF 表格行批量抽取;地址视为供应商登记/联系地址,不自动认定为仓储节点。 采购供应商地址不自动视为仓库地址；仅在原文出现仓库、粮库、配送中心、冷库、厂房等明确词时标记相应能力。"
cand_252446ca8e8039c2,松原市巨大粮油食品有限公司,松原市巨大粮油食品有限公司,松原市巨大粮油食品有限公司,,,,,全国,external,,organization,,,,emergency_processing,国家级粮食应急保障企业,国家级粮食应急保障企业,true,true,true,false,false,false,false,false,false,false,false,false,false,false,false,,,,,,true,false,false,,,,,,,,,,,,,,,,,,,,,2,grain_emergency,data/raw/national_emergency_grain_enterprises_2025_reassessment.wps;data/raw/national_emergency_grain_enterprises_batch2.pdf,rec_8f131e562bb294cf;rec_e6eaf31a2cc7c355,B,true,"当前原始记录未提供可安全解析的省级所在地。 原文件扩展名为 .wps,文件签名为 WPS/OLE 复合文档;只读转换为临时标准 DOCX 后抽取。来源年份由文件名推断。 按 PDF 文本层中的编号名单逐条抽取;原文件未提供地址和具体功能子类。"
cand_253af40b9a23c1ad,田阳县坡洪粮所,田阳县坡洪粮所,田阳县坡洪粮所,广西壮族自治区,百色市,,,,reserve,,unknown,,,,grain_reserve,储备商品管理公司及其直属库,广西储备商品管理公司及其直属库名单(桂财税〔2024〕8号),true,false,false,false,false,false,false,false,false,false,false,false,false,false,false,,,,,,false,true,false,,,,,,,,,,,,,,,,,,,,,1,grain_reserve,data/raw/guangxi_reserve_companies_2024.html,rec_0a47d3c36db5d3d0,A,true,名单证明储备体系资格，但企业主体或管理机构名称不等同于具体物理粮库。 使用 lxml 从 HTML 正文容器按“行政区标题 + 序号 + 单位名称”结构抽取;原正文段落序号 238。
cand_255404501f0e334a,广西平惠供应链集团有限公司,广西平惠供应链集团有限公司,广西平惠供应链集团有限公司,广西壮族自治区,,,广西-东盟经济技术开发区长岗大道3号东盟机电五金标准厂房项目6号厂房,贵港市,reserve,91450100MA5L8A3U01,organization,,,,government_procurement_supplier,禽肉类;鲜湿米粉、面食、糕点等早餐类、豆制品类,政府采购入围/中标供应商,true,false,true,true,true,false,false,false,false,false,false,true,false,false,false,,,,,,false,false,true,,,,,,,,,,,,,,,,,,,,,2,government_procurement,data/raw/guigang_food_suppliers_310.pdf,rec_3bc266fe44fb28d7;rec_817c53054a241eb1,B,true,"采购供应商身份不等同于实体仓储节点。 采购资料中的地址按企业登记/联系地址处理，不自动等同于仓库或配送节点地址。 可确认位于广西，但当前证据不足以安全确定地级市。 按 PDF 表格行批量抽取;地址视为供应商登记/联系地址,不自动认定为仓储节点。 采购供应商地址不自动视为仓库地址；仅在原文出现仓库、粮库、配送中心、冷库、厂房等明确词时标记相应能力。"
cand_256b81a3efdcbc14,湖北黄石市新港商贸发展有限公司农产品批发市场,湖北黄石市新港商贸发展有限公司农产品批发市场,湖北黄石市新港商贸发展有限公司农产品批发市场,湖北省,,,,,external,,market,,,,agricultural_wholesale_market,农业农村部定点农产品批发市场,农业农村部定点市场,false,false,false,true,false,false,false,false,false,false,false,false,true,false,false,,,,,,false,false,false,,,,,,,,,,,,,,,,,,,,,1,wholesale_market,data/raw/moa_designated_wholesale_markets_2024.pdf,rec_bb6ff38012e7c11a,A,true,按 PDF 两列表格抽取;原文件未提供详细地址和坐标。
cand_257162980dc2fd60,江苏泰兴市玉隆农贸批发市场有限公司,江苏泰兴市玉隆农贸批发市场有限公司,江苏泰兴市玉隆农贸批发市场有限公司,江苏省,,,,,external,,market,,,,agricultural_wholesale_market,农业农村部定点农产品批发市场,农业农村部定点市场,false,false,false,true,false,false,false,false,false,false,false,false,true,false,false,,,,,,false,false,false,,,,,,,,,,,,,,,,,,,,,1,wholesale_market,data/raw/moa_designated_wholesale_markets_2024.pdf,rec_faad1e137ffcbbe4,A,true,按 PDF 两列表格抽取;原文件未提供详细地址和坐标。
cand_25c1b76b2dfbc17a,来宾市兴宾区军粮供应站,来宾市兴宾区军粮供应站,来宾市兴宾区军粮供应站,广西壮族自治区,来宾市,,,,reserve,,unknown,,,,military_grain_supply,储备商品管理公司及其直属库,广西储备商品管理公司及其直属库名单(桂财税〔2024〕8号),true,false,false,false,false,false,false,false,false,false,false,false,false,false,false,,,,,,false,true,false,,,,,,,,,,,,,,,,,,,,,1,grain_reserve,data/raw/guangxi_reserve_companies_2024.html,rec_4c499cc9f7828ed1,A,true,使用 lxml 从 HTML 正文容器按“行政区标题 + 序号 + 单位名称”结构抽取;原正文段落序号 375。
cand_25d1fd72da1dfbc8,黑龙江齐齐哈尔市城乡粮油交易市场有限公司,黑龙江齐齐哈尔市城乡粮油交易市场有限公司,黑龙江齐齐哈尔市城乡粮油交易市场有限公司,黑龙江省,,,,,external,,market,,,,agricultural_wholesale_market,农业农村部定点农产品批发市场,农业农村部定点市场,true,true,false,true,false,false,false,false,false,false,false,false,true,false,false,,,,,,false,false,false,,,,,,,,,,,,,,,,,,,,,1,wholesale_market,data/raw/moa_designated_wholesale_markets_2024.pdf,rec_a809ba9628a9bcb1,A,true,按 PDF 两列表格抽取;原文件未提供详细地址和坐标。
cand_261adce69deeded5,桂林绿苑米业有限公司,桂林绿苑米业有限公司,桂林绿苑米业有限公司,广西壮族自治区,桂林市,,,,reserve,,organization,,,,other,储备商品管理公司及其直属库,广西储备商品管理公司及其直属库名单(桂财税〔2024〕8号),true,false,false,false,false,false,false,false,false,false,false,false,false,false,false,,,,,,false,true,false,,,,,,,,,,,,,,,,,,,,,1,grain_reserve,data/raw/guangxi_reserve_companies_2024.html,rec_c3217dfa90c39e07,A,true,属于储备商品管理公司及其直属库名单，但名称不足以安全判断为具体粮库或储备管理机构。 使用 lxml 从 HTML 正文容器按“行政区标题 + 序号 + 单位名称”结构抽取;原正文段落序号 113。
cand_26c9e1926df507c9,宁夏兴唐米业集团有限公司,宁夏兴唐米业集团有限公司,宁夏兴唐米业集团有限公司,宁夏回族自治区,,,,全国,external,,organization,,,,emergency_processing,国家级粮食应急保障企业,国家级粮食应急保障企业,true,false,false,false,false,false,false,false,false,false,false,false,false,false,false,,,,,,true,false,false,,,,,,,,,,,,,,,,,,,,,2,grain_emergency,data/raw/national_emergency_grain_enterprises_2025_reassessment.wps;data/raw/national_emergency_grain_enterprises_batch2.pdf,rec_e1f1a6d8320411a2;rec_3012f7b652a9a682,B,true,"原文件扩展名为 .wps,文件签名为 WPS/OLE 复合文档;只读转换为临时标准 DOCX 后抽取。来源年份由文件名推断。 按 PDF 文本层中的编号名单逐条抽取;原文件未提供地址和具体功能子类。"
cand_26fbd7368b8c1760,川陕甘农产品交易中心,川陕甘农产品交易中心,川陕甘农产品交易中心,四川省,,,,,external,,market,,,,agricultural_wholesale_market,农业农村部定点农产品批发市场,农业农村部定点市场,false,false,false,true,false,false,false,false,false,false,false,false,true,false,false,,,,,,false,false,false,,,,,,,,,,,,,,,,,,,,,1,wholesale_market,data/raw/moa_designated_wholesale_markets_2024.pdf,rec_a18cb6f3ac48d42e,A,true,按 PDF 两列表格抽取;原文件未提供详细地址和坐标。
cand_275ee2ed38624cac,上海西郊国际农产品交易有限公司(上海西郊国际农产品交易中心),上海西郊国际农产品交易有限公司(上海西郊国际农产品交易中心),上海西郊国际农产品交易有限公司(上海西郊国际农产品交易中心),上海市,上海市,,,,external,,market,,,,agricultural_wholesale_market,农业农村部定点农产品批发市场,农业农村部定点市场,false,false,false,true,false,false,false,false,false,false,false,false,true,false,false,,,,,,false,false,false,,,,,,,,,,,,,,,,,,,,,1,wholesale_market,data/raw/moa_designated_wholesale_markets_2024.pdf,rec_65c7360508fc852e,A,true,按 PDF 两列表格抽取;原文件未提供详细地址和坐标。
cand_27c124811b81de4a,云南元谋县蔬菜交易市场,云南元谋县蔬菜交易市场,云南元谋县蔬菜交易市场,云南省,,,,,external,,market,,,,agricultural_wholesale_market,农业农村部定点农产品批发市场,农业农村部定点市场,false,false,false,true,false,true,false,false,false,false,false,false,true,false,false,,,,,,false,false,false,,,,,,,,,,,,,,,,,,,,,1,wholesale_market,data/raw/moa_designated_wholesale_markets_2024.pdf,rec_9bc2fbb8db94c968,A,true,按 PDF 两列表格抽取;原文件未提供详细地址和坐标。
cand_282974729d5fbd85,河北乐亭县冀东国际农产品物流有限公司(河北乐亭县冀东果菜批发市场),河北乐亭县冀东国际农产品物流有限公司(河北乐亭县冀东果菜批发市场),河北乐亭县冀东国际农产品物流有限公司(河北乐亭县冀东果菜批发市场),河北省,,,,,external,,market,,,,agricultural_wholesale_market,农业农村部定点农产品批发市场,农业农村部定点市场,false,false,false,true,false,true,true,false,false,false,false,false,true,false,false,,,,,,false,false,false,,,,,,,,,,,,,,,,,,,,,1,wholesale_market,data/raw/moa_designated_wholesale_markets_2024.pdf,rec_69d8c3a5304339d9,A,true,按 PDF 两列表格抽取;原文件未提供详细地址和坐标。
cand_283efb5014f3c678,广西桂平市唐吉食品有限公司,广西桂平市唐吉食品有限公司,广西桂平市唐吉食品有限公司,广西壮族自治区,贵港市,桂平市,广西桂平市长安工业区广西玮力裕电子科技有限公司2号厂房第5层,贵港市,reserve,91450881MA5L7C6N28,organization,,,,government_procurement_supplier,禽肉类;鲜湿米粉、面食、糕点等早餐类、豆制品类;生鲜时蔬、水果类;冷冻品类;蛋品类;大米类;食用油类;副食品;调味品类;奶制品及饮品,政府采购入围/中标供应商,true,true,true,true,true,true,true,false,true,false,false,true,false,false,false,,,,,,false,false,true,,,,,,,,,,,,,,,,,,,,,10,government_procurement,data/raw/guigang_food_suppliers_310.pdf,rec_45250ac50e632330;rec_4fdae91a78751eb6;rec_d11b4e7b5f9b70ec;rec_48dc74150e77ffbc;rec_c262aef251790c5e;rec_62a0e1e45cc74351;rec_cfa39de15073dc63;rec_b469881d134f92de;rec_88e758a56c8364df;rec_0badb9e349709f78,B,true,"采购供应商身份不等同于实体仓储节点。 采购资料中的地址按企业登记/联系地址处理，不自动等同于仓库或配送节点地址。 按 PDF 表格行批量抽取;地址视为供应商登记/联系地址,不自动认定为仓储节点。 采购供应商地址不自动视为仓库地址；仅在原文出现仓库、粮库、配送中心、冷库、厂房等明确词时标记相应能力。"
cand_28b7d2c1e2a0dd0b,江苏兴化市桃源畜禽有限公司(江苏兴化桃源畜禽综合市场),江苏兴化市桃源畜禽有限公司(江苏兴化桃源畜禽综合市场),江苏兴化市桃源畜禽有限公司(江苏兴化桃源畜禽综合市场),江苏省,,,,,external,,market,,,,agricultural_wholesale_market,农业农村部定点农产品批发市场,农业农村部定点市场,false,false,false,true,true,false,false,false,false,false,false,false,true,false,false,,,,,,false,false,false,,,,,,,,,,,,,,,,,,,,,1,wholesale_market,data/raw/moa_designated_wholesale_markets_2024.pdf,rec_d5449b6debedbbbc,A,true,按 PDF 两列表格抽取;原文件未提供详细地址和坐标。
cand_2945be495815eda2,青海共和县恰卜恰镇农畜产品批发市场,青海共和县恰卜恰镇农畜产品批发市场,青海共和县恰卜恰镇农畜产品批发市场,青海省,,,,,external,,market,,,,agricultural_wholesale_market,农业农村部定点农产品批发市场,农业农村部定点市场,false,false,false,true,false,false,false,false,false,false,false,false,true,false,false,,,,,,false,false,false,,,,,,,,,,,,,,,,,,,,,1,wholesale_market,data/raw/moa_designated_wholesale_markets_2024.pdf,rec_dcff8c0fb0752b76,A,true,按 PDF 两列表格抽取;原文件未提供详细地址和坐标。
cand_29cb16fcfc12f376,贵州贵阳农产品物流园,贵州贵阳农产品物流园,贵州贵阳农产品物流园,贵州省,,,,,external,,market,,,,agricultural_wholesale_market,农业农村部定点农产品批发市场,农业农村部定点市场,false,false,false,true,false,false,false,false,false,false,false,false,true,false,false,,,,,,false,false,false,,,,,,,,,,,,,,,,,,,,,1,wholesale_market,data/raw/moa_designated_wholesale_markets_2024.pdf,rec_c17eb592c03f5716,A,true,按 PDF 两列表格抽取;原文件未提供详细地址和坐标。
cand_29f4b1d2c15ea9ff,广西南宁市饲料兽药名龟市场,广西南宁市饲料兽药名龟市场,广西南宁市饲料兽药名龟市场,广西壮族自治区,南宁市,,,,primary,,market,,,,agricultural_wholesale_market,农业农村部定点农产品批发市场,农业农村部定点市场,false,false,false,true,false,false,false,false,false,false,false,false,true,false,false,,,,,,false,false,false,,,,,,,,,,,,,,,,,,,,,1,wholesale_market,data/raw/moa_designated_wholesale_markets_2024.pdf,rec_7d282df014785214,A,true,按 PDF 两列表格抽取;原文件未提供详细地址和坐标。
cand_29ff3350895063de,山东青岛市城阳蔬菜水产品批发市场有限公司,山东青岛市城阳蔬菜水产品批发市场有限公司,山东青岛市城阳蔬菜水产品批发市场有限公司,山东省,,,,,external,,market,,,,agricultural_wholesale_market,农业农村部定点农产品批发市场,农业农村部定点市场,false,false,false,true,false,true,false,true,false,false,false,false,true,false,false,,,,,,false,false,false,,,,,,,,,,,,,,,,,,,,,1,wholesale_market,data/raw/moa_designated_wholesale_markets_2024.pdf,rec_7971393d42ff3a9f,A,true,按 PDF 两列表格抽取;原文件未提供详细地址和坐标。
cand_2a74d7cf40f6be1a,贵港圣人食品有限公司,贵港圣人食品有限公司,贵港圣人食品有限公司,广西壮族自治区,贵港市,港北区,贵港市港北区荷城路天之和品牌家具中心东C5幢原员工食堂,贵港市,reserve,91450802MAA7FMAP1U,organization,,,,government_procurement_supplier,大米类;副食品;调味品类,政府采购入围/中标供应商,true,false,true,false,false,false,false,false,false,false,false,false,false,false,false,,,,,,false,false,true,,,,,,,,,,,,,,,,,,,,,3,government_procurement,data/raw/guigang_food_suppliers_310.pdf,rec_c497b7fe8f383dbd;rec_c0c41205e2eb1782;rec_afa26e498aadf149,C,true,"采购供应商身份不等同于实体仓储节点。 采购资料中的地址按企业登记/联系地址处理，不自动等同于仓库或配送节点地址。 按 PDF 表格行批量抽取;地址视为供应商登记/联系地址,不自动认定为仓储节点。 采购供应商地址不自动视为仓库地址；仅在原文出现仓库、粮库、配送中心、冷库、厂房等明确词时标记相应能力。"
cand_2a9dc04493b6725c,平果市旺达诚业商贸有限公司,平果市旺达诚业商贸有限公司,平果市旺达诚业商贸有限公司,广西壮族自治区,百色市,平果市,,百色市/平果市,reserve,,organization,,,,government_procurement_supplier,鲜肉类;生鲜时蔬、水果类,政府采购入围/中标供应商,false,false,true,true,true,true,true,false,false,false,false,false,false,false,false,,,,,,false,false,true,,,,,,,,,,,,,,,,,,,,,2,government_procurement,data/raw/pingguo_meat_suppliers.pdf;data/raw/pingguo_vegetable_fruit_suppliers.pdf,rec_1678847d43fea3dd;rec_f3e45074a258f338,C,true,"采购供应商身份不等同于实体仓储节点。 采购资料未提供企业地址；服务项目区域与企业所在地严格分开。 PDF 表格未提供地址和统一社会信用代码;服务项目所在地为平果市,不能据此推断企业所在地。 采购供应商地址不自动视为仓库地址；仅在原文出现仓库、粮库、配送中心、冷库、厂房等明确词时标记相应能力。"
cand_2abdc62023fdac95,辽宁沈阳雨润农副产品全球采购中心(辽宁沈阳雨润农产品批发市场),辽宁沈阳雨润农副产品全球采购中心(辽宁沈阳雨润农产品批发市场),辽宁沈阳雨润农副产品全球采购中心(辽宁沈阳雨润农产品批发市场),辽宁省,,,,,external,,market,,,,agricultural_wholesale_market,农业农村部定点农产品批发市场,农业农村部定点市场,false,false,false,true,false,false,false,false,false,false,false,false,true,false,false,,,,,,false,false,false,,,,,,,,,,,,,,,,,,,,,1,wholesale_market,data/raw/moa_designated_wholesale_markets_2024.pdf,rec_a5e87b5afc2d2518,A,true,按 PDF 两列表格抽取;原文件未提供详细地址和坐标。
cand_2acc9a98c91bbecb,湖南邵阳市江北农产品市场,湖南邵阳市江北农产品市场,湖南邵阳市江北农产品市场,湖南省,,,,,external,,market,,,,agricultural_wholesale_market,农业农村部定点农产品批发市场,农业农村部定点市场,false,false,false,true,false,false,false,false,false,false,false,false,true,false,false,,,,,,false,false,false,,,,,,,,,,,,,,,,,,,,,1,wholesale_market,data/raw/moa_designated_wholesale_markets_2024.pdf,rec_81d6df9552e0bc52,A,true,按 PDF 两列表格抽取;原文件未提供详细地址和坐标。
cand_2af97a8e7a236420,兴业县蒲塘粮食管理所,兴业县蒲塘粮食管理所,兴业县蒲塘粮食管理所,广西壮族自治区,玉林市,,,,reserve,,unknown,,,,grain_reserve,储备商品管理公司及其直属库,广西储备商品管理公司及其直属库名单(桂财税〔2024〕8号),true,false,false,false,false,false,false,false,false,false,false,false,false,false,false,,,,,,false,true,false,,,,,,,,,,,,,,,,,,,,,1,grain_reserve,data/raw/guangxi_reserve_companies_2024.html,rec_12d385598b521859,A,true,名单证明储备体系资格，但企业主体或管理机构名称不等同于具体物理粮库。 使用 lxml 从 HTML 正文容器按“行政区标题 + 序号 + 单位名称”结构抽取;原正文段落序号 315。
cand_2b45706f97efb5de,广东中山公用事业集团股份有限公司中山农产品交易中心分公司,广东中山公用事业集团股份有限公司中山农产品交易中心分公司,广东中山公用事业集团股份有限公司中山农产品交易中心分公司,广东省,,,,,external,,market,,,,agricultural_wholesale_market,农业农村部定点农产品批发市场,农业农村部定点市场,false,false,false,true,false,false,false,false,false,false,false,false,true,false,false,,,,,,false,false,false,,,,,,,,,,,,,,,,,,,,,1,wholesale_market,data/raw/moa_designated_wholesale_markets_2024.pdf,rec_5b67c31ff8b2e7a6,A,true,按 PDF 两列表格抽取;原文件未提供详细地址和坐标。
cand_2b666064b7edf09a,忻城县粮油购销有限责任公司,忻城县粮油购销有限责任公司,忻城县粮油购销有限责任公司,广西壮族自治区,来宾市,,,,reserve,,organization,,,,grain_reserve,储备商品管理公司及其直属库,广西储备商品管理公司及其直属库名单(桂财税〔2024〕8号),true,true,false,false,false,false,false,false,false,false,false,false,false,false,false,,,,,,false,true,false,,,,,,,,,,,,,,,,,,,,,1,grain_reserve,data/raw/guangxi_reserve_companies_2024.html,rec_fb426be6582b0913,A,true,名单证明储备体系资格，但企业主体或管理机构名称不等同于具体物理粮库。 使用 lxml 从 HTML 正文容器按“行政区标题 + 序号 + 单位名称”结构抽取;原正文段落序号 378。
cand_2b7ac0889b3323e2,四川川南农副产品批发市场,四川川南农副产品批发市场,四川川南农副产品批发市场,四川省,,,,,external,,market,,,,agricultural_wholesale_market,农业农村部定点农产品批发市场,农业农村部定点市场,false,false,false,true,false,false,false,false,false,false,false,false,true,false,false,,,,,,false,false,false,,,,,,,,,,,,,,,,,,,,,1,wholesale_market,data/raw/moa_designated_wholesale_markets_2024.pdf,rec_985bbac198f2ed5e,A,true,按 PDF 两列表格抽取;原文件未提供详细地址和坐标。
cand_2bf75e2c5422ab3d,浙江嵊州市浙东农副产品物流中心,浙江嵊州市浙东农副产品物流中心,浙江嵊州市浙东农副产品物流中心,浙江省,,,,,external,,market,,,,agricultural_wholesale_market,农业农村部定点农产品批发市场,农业农村部定点市场,false,false,false,true,false,false,false,false,false,false,false,false,true,false,false,,,,,,false,false,false,,,,,,,,,,,,,,,,,,,,,1,wholesale_market,data/raw/moa_designated_wholesale_markets_2024.pdf,rec_44a010b52762d39a,A,true,按 PDF 两列表格抽取;原文件未提供详细地址和坐标。
cand_2c10d1d9db502730,宾阳县粮食收储有限责任公司,宾阳县粮食收储有限责任公司,宾阳县粮食收储有限责任公司,广西壮族自治区,南宁市,宾阳县,,,primary,,organization,,,,grain_reserve,储备商品管理公司及其直属库,广西储备商品管理公司及其直属库名单(桂财税〔2024〕8号),true,false,false,false,false,false,false,false,false,false,false,false,false,false,false,,,,,,false,true,false,,,,,,,,,,,,,,,,,,,,,1,grain_reserve,data/raw/guangxi_reserve_companies_2024.html,rec_c1bfc14f47884768,A,true,名单证明储备体系资格，但企业主体或管理机构名称不等同于具体物理粮库。 使用 lxml 从 HTML 正文容器按“行政区标题 + 序号 + 单位名称”结构抽取;原正文段落序号 55。
cand_2c1ee57216d4c453,灵山县武利粮食管理所,灵山县武利粮食管理所,灵山县武利粮食管理所,广西壮族自治区,钦州市,灵山县,,,reserve,,unknown,,,,grain_reserve,储备商品管理公司及其直属库,广西储备商品管理公司及其直属库名单(桂财税〔2024〕8号),true,false,false,false,false,false,false,false,false,false,false,false,false,false,false,,,,,,false,true,false,,,,,,,,,,,,,,,,,,,,,1,grain_reserve,data/raw/guangxi_reserve_companies_2024.html,rec_6963604cc09f0bff,A,true,名单证明储备体系资格，但企业主体或管理机构名称不等同于具体物理粮库。 使用 lxml 从 HTML 正文容器按“行政区标题 + 序号 + 单位名称”结构抽取;原正文段落序号 201。
cand_2c2d3f2a0a855b34,广西冠淇食品集团有限公司,广西冠淇食品集团有限公司,广西冠淇食品集团有限公司,广西壮族自治区,南宁市,,南宁市伊岭工业集中区B-43号1号厂房,贵港市,primary,91450122315851870E,organization,,,,government_procurement_supplier,食用油类,政府采购入围/中标供应商,false,true,true,false,false,false,false,false,false,false,false,true,false,false,false,,,,,,false,false,true,,,,,,,,,,,,,,,,,,,,,1,government_procurement,data/raw/guigang_food_suppliers_310.pdf,rec_8096ec24b99a4fd4,B,true,"采购供应商身份不等同于实体仓储节点。 采购资料中的地址按企业登记/联系地址处理，不自动等同于仓库或配送节点地址。 按 PDF 表格行批量抽取;地址视为供应商登记/联系地址,不自动认定为仓储节点。 采购供应商地址不自动视为仓库地址；仅在原文出现仓库、粮库、配送中心、冷库、厂房等明确词时标记相应能力。"
cand_2c582dafa2434180,江苏固城湖水产市场股份有限公司,江苏固城湖水产市场股份有限公司,江苏固城湖水产市场股份有限公司,江苏省,,,,,external,,market,,,,agricultural_wholesale_market,农业农村部定点农产品批发市场,农业农村部定点市场,false,false,false,true,false,false,false,true,false,false,false,false,true,false,false,,,,,,false,false,false,,,,,,,,,,,,,,,,,,,,,1,wholesale_market,data/raw/moa_designated_wholesale_markets_2024.pdf,rec_bde9775b6c25279c,A,true,按 PDF 两列表格抽取;原文件未提供详细地址和坐标。
cand_2c6b33c07a338460,德保县储备粮管理中心,德保县储备粮管理中心,德保县储备粮管理中心,广西壮族自治区,百色市,德保县,,,reserve,,organization,,,,grain_reserve,储备商品管理公司及其直属库,广西储备商品管理公司及其直属库名单(桂财税〔2024〕8号),true,false,false,false,false,false,false,false,false,false,false,false,false,false,false,,,,,,false,true,false,,,,,,,,,,,,,,,,,,,,,1,grain_reserve,data/raw/guangxi_reserve_companies_2024.html,rec_778c26c6e6dec96e,A,true,名单证明储备体系资格，但企业主体或管理机构名称不等同于具体物理粮库。 使用 lxml 从 HTML 正文容器按“行政区标题 + 序号 + 单位名称”结构抽取;原正文段落序号 243。
cand_2c79751b7bded1cd,广西誉明食品有限公司,广西誉明食品有限公司,广西誉明食品有限公司,广西壮族自治区,,,鑫山工业园区D幢一层,贵港市,reserve,91450981MA7APCXK18,organization,,,,government_procurement_supplier,畜肉类;鱼及水产;调味品类,政府采购入围/中标供应商,false,false,true,true,true,false,false,true,false,false,false,false,false,false,false,,,,,,false,false,true,,,,,,,,,,,,,,,,,,,,,3,government_procurement,data/raw/guigang_food_suppliers_310.pdf,rec_dd35e4c2d0820171;rec_9d71cd50c167d73b;rec_d6111a53baacf489,C,true,"采购供应商身份不等同于实体仓储节点。 采购资料中的地址按企业登记/联系地址处理，不自动等同于仓库或配送节点地址。 可确认位于广西，但当前证据不足以安全确定地级市。 按 PDF 表格行批量抽取;地址视为供应商登记/联系地址,不自动认定为仓储节点。 采购供应商地址不自动视为仓库地址；仅在原文出现仓库、粮库、配送中心、冷库、厂房等明确词时标记相应能力。"
cand_2d1153f8a854dccb,柳州市柳江区柳粮粮油有限公司,柳州市柳江区柳粮粮油有限公司,柳州市柳江区柳粮粮油有限公司,广西壮族自治区,柳州市,柳江区,,,secondary,,organization,,,,other,储备商品管理公司及其直属库,广西储备商品管理公司及其直属库名单(桂财税〔2024〕8号),true,true,false,false,false,false,false,false,false,false,false,false,false,false,false,,,,,,false,true,false,,,,,,,,,,,,,,,,,,,,,1,grain_reserve,data/raw/guangxi_reserve_companies_2024.html,rec_d6ff605cc6943bae,A,true,属于储备商品管理公司及其直属库名单，但名称不足以安全判断为具体粮库或储备管理机构。 使用 lxml 从 HTML 正文容器按“行政区标题 + 序号 + 单位名称”结构抽取;原正文段落序号 82。
cand_2d60c8ed341c437d,桂林永福福寿米业有限公司,桂林永福福寿米业有限公司,桂林永福福寿米业有限公司,广西壮族自治区,桂林市,,,,reserve,,organization,,,,other,储备商品管理公司及其直属库,广西储备商品管理公司及其直属库名单(桂财税〔2024〕8号),true,false,false,false,false,false,false,false,false,false,false,false,false,false,false,,,,,,false,true,false,,,,,,,,,,,,,,,,,,,,,1,grain_reserve,data/raw/guangxi_reserve_companies_2024.html,rec_3302f0869e32efc2,A,true,属于储备商品管理公司及其直属库名单，但名称不足以安全判断为具体粮库或储备管理机构。 使用 lxml 从 HTML 正文容器按“行政区标题 + 序号 + 单位名称”结构抽取;原正文段落序号 123。
cand_2dace2477f38e896,上林县安恒储备粮管理有限公司澄泰金鼓分公司,上林县安恒储备粮管理有限公司澄泰金鼓分公司,上林县安恒储备粮管理有限公司澄泰金鼓分公司,广西壮族自治区,南宁市,上林县,,,primary,,organization,上林县安恒储备粮管理有限公司,,,grain_reserve,储备商品管理公司及其直属库,广西储备商品管理公司及其直属库名单(桂财税〔2024〕8号),true,false,false,false,false,false,false,false,false,false,false,false,false,false,false,,,,,,false,true,false,,,,,,,,,,,,,,,,,,,,,1,grain_reserve,data/raw/guangxi_reserve_companies_2024.html,rec_7863b5e2b373e181,A,true,名单证明储备体系资格，但企业主体或管理机构名称不等同于具体物理粮库。 使用 lxml 从 HTML 正文容器按“行政区标题 + 序号 + 单位名称”结构抽取;原正文段落序号 67。
cand_2e2f30b3f8aba180,北海聚味全食品有限公司,北海聚味全食品有限公司,北海聚味全食品有限公司,广西壮族自治区,北海市,海城区,广西壮族自治区北海市海城区驿马街道驿马村21号A-6区,北海市,reserve,91450502MADN0GC28Q,organization,,,,government_procurement_supplier,面包糕点奶制品,政府采购入围/中标供应商,false,false,true,true,false,false,false,false,true,false,false,false,false,false,false,,,,,,false,false,true,,,,,,,,,,,,,,,,,,,,,1,government_procurement,data/raw/beihai_food_suppliers.pdf,rec_cf5c9f69094bb467,C,true,"采购供应商身份不等同于实体仓储节点。 采购资料中的地址按企业登记/联系地址处理，不自动等同于仓库或配送节点地址。 按 PDF 表格行批量抽取;地址视为供应商登记/联系地址,不自动认定为仓储节点。 采购供应商地址不自动视为仓库地址；仅在原文出现仓库、粮库、配送中心、冷库、厂房等明确词时标记相应能力。"
cand_2e4b701399ecca75,新疆奎屯市农资专业批发市场,新疆奎屯市农资专业批发市场,新疆奎屯市农资专业批发市场,新疆维吾尔自治区,,,,,external,,market,,,,agricultural_wholesale_market,农业农村部定点农产品批发市场,农业农村部定点市场,false,false,false,true,false,false,false,false,false,false,false,false,true,false,false,,,,,,false,false,false,,,,,,,,,,,,,,,,,,,,,1,wholesale_market,data/raw/moa_designated_wholesale_markets_2024.pdf,rec_5aa8b61fa72eb71e,A,true,按 PDF 两列表格抽取;原文件未提供详细地址和坐标。
cand_2e6c8efd1fa5a190,贵港市三顺食品有限公司,贵港市三顺食品有限公司,贵港市三顺食品有限公司,广西壮族自治区,贵港市,港北区,贵港市港北区西江农场旧纸厂冷库北面A区,贵港市,reserve,91450803MA5N4AEH47,organization,,,,government_procurement_supplier,鲜湿米粉、面食、糕点等早餐类、豆制品类;蛋品类;食用油类,政府采购入围/中标供应商,true,true,true,false,false,false,false,false,false,false,true,false,false,false,true,,,,,,false,false,true,,,,,,,,,,,,,,,,,,,,,3,government_procurement,data/raw/guigang_food_suppliers_310.pdf,rec_81b974330d12b023;rec_1d09809cd0c4c4cd;rec_46b6682fb12159dc,B,true,"采购供应商身份不等同于实体仓储节点。 采购资料中的地址按企业登记/联系地址处理，不自动等同于仓库或配送节点地址。 按 PDF 表格行批量抽取;地址视为供应商登记/联系地址,不自动认定为仓储节点。 采购供应商地址不自动视为仓库地址；仅在原文出现仓库、粮库、配送中心、冷库、厂房等明确词时标记相应能力。"
cand_2f355bfc7a75a185,陆川县良田粮食管理所,陆川县良田粮食管理所,陆川县良田粮食管理所,广西壮族自治区,玉林市,,,,reserve,,unknown,,,,grain_reserve,储备商品管理公司及其直属库,广西储备商品管理公司及其直属库名单(桂财税〔2024〕8号),true,false,false,false,false,false,false,false,false,false,false,false,false,false,false,,,,,,false,true,false,,,,,,,,,,,,,,,,,,,,,1,grain_reserve,data/raw/guangxi_reserve_companies_2024.html,rec_cb83cadccac15e12,A,true,名单证明储备体系资格，但企业主体或管理机构名称不等同于具体物理粮库。 使用 lxml 从 HTML 正文容器按“行政区标题 + 序号 + 单位名称”结构抽取;原正文段落序号 332。
cand_2fcbd4816edef3b2,新疆阿图什市博格拉市场管理有限公司,新疆阿图什市博格拉市场管理有限公司,新疆阿图什市博格拉市场管理有限公司,新疆维吾尔自治区,,,,,external,,market,,,,agricultural_wholesale_market,农业农村部定点农产品批发市场,农业农村部定点市场,false,false,false,true,false,false,false,false,false,false,false,false,true,false,false,,,,,,false,false,false,,,,,,,,,,,,,,,,,,,,,1,wholesale_market,data/raw/moa_designated_wholesale_markets_2024.pdf,rec_88094f707739a9cd,A,true,按 PDF 两列表格抽取;原文件未提供详细地址和坐标。
cand_2fcfcc2d74ae71ef,内蒙古食全食美股份有限公司石羊桥交易中心,内蒙古食全食美股份有限公司石羊桥交易中心,内蒙古食全食美股份有限公司石羊桥交易中心,内蒙古自治区,,,,,external,,market,,,,agricultural_wholesale_market,农业农村部定点农产品批发市场,农业农村部定点市场,false,false,false,true,false,false,false,false,false,false,false,false,true,false,false,,,,,,false,false,false,,,,,,,,,,,,,,,,,,,,,1,wholesale_market,data/raw/moa_designated_wholesale_markets_2024.pdf,rec_f3c4624c5074662b,A,true,按 PDF 两列表格抽取;原文件未提供详细地址和坐标。
cand_2ff20d683479cebb,资源县粮食收储中心,资源县粮食收储中心,资源县粮食收储中心,广西壮族自治区,桂林市,资源县,,,reserve,,organization,,,,grain_reserve,储备商品管理公司及其直属库,广西储备商品管理公司及其直属库名单(桂财税〔2024〕8号),true,false,false,false,false,false,false,false,false,false,false,false,false,false,false,,,,,,false,true,false,,,,,,,,,,,,,,,,,,,,,1,grain_reserve,data/raw/guangxi_reserve_companies_2024.html,rec_9f10fffb70462af8,A,true,名单证明储备体系资格，但企业主体或管理机构名称不等同于具体物理粮库。 使用 lxml 从 HTML 正文容器按“行政区标题 + 序号 + 单位名称”结构抽取;原正文段落序号 109。
cand_306c23d7b899e01c,广东韶关市东联水产批发市场,广东韶关市东联水产批发市场,广东韶关市东联水产批发市场,广东省,,,,,external,,market,,,,agricultural_wholesale_market,农业农村部定点农产品批发市场,农业农村部定点市场,false,false,false,true,false,false,false,true,false,false,false,false,true,false,false,,,,,,false,false,false,,,,,,,,,,,,,,,,,,,,,1,wholesale_market,data/raw/moa_designated_wholesale_markets_2024.pdf,rec_6376f770f87b489a,A,true,按 PDF 两列表格抽取;原文件未提供详细地址和坐标。
cand_30b7e7a32850d6fa,山东泰安市良庄北宋蔬菜批发市场开发服务中心,山东泰安市良庄北宋蔬菜批发市场开发服务中心,山东泰安市良庄北宋蔬菜批发市场开发服务中心,山东省,,,,,external,,market,,,,agricultural_wholesale_market,农业农村部定点农产品批发市场,农业农村部定点市场,false,false,false,true,false,true,false,false,false,false,false,false,true,false,false,,,,,,false,false,false,,,,,,,,,,,,,,,,,,,,,1,wholesale_market,data/raw/moa_designated_wholesale_markets_2024.pdf,rec_60b0bd6ab352b1e2,A,true,按 PDF 两列表格抽取;原文件未提供详细地址和坐标。
cand_30da60ceaf4a410f,扶绥县储备粮管理公司高岭库区,扶绥县储备粮管理公司高岭库区,扶绥县储备粮管理公司高岭库区,广西壮族自治区,崇左市,,,,reserve,,physical_site,扶绥县储备粮管理公司,,,grain_depot,储备商品管理公司及其直属库,广西储备商品管理公司及其直属库名单(桂财税〔2024〕8号),true,false,false,false,false,false,false,false,false,false,true,false,false,false,false,,,,,,false,true,false,,,,,,,,,,,,,,,,,,,,,1,grain_reserve,data/raw/guangxi_reserve_companies_2024.html,rec_7ad6dcae1507b9f4,A,true,使用 lxml 从 HTML 正文容器按“行政区标题 + 序号 + 单位名称”结构抽取;原正文段落序号 395。
cand_30dabc00435006e0,苍梧县桂江粮食管理所,苍梧县桂江粮食管理所,苍梧县桂江粮食管理所,广西壮族自治区,梧州市,,,,reserve,,unknown,,,,grain_reserve,储备商品管理公司及其直属库,广西储备商品管理公司及其直属库名单(桂财税〔2024〕8号),true,false,false,false,false,false,false,false,false,false,false,false,false,false,false,,,,,,false,true,false,,,,,,,,,,,,,,,,,,,,,1,grain_reserve,data/raw/guangxi_reserve_companies_2024.html,rec_6ffdc6e19903c851,A,true,名单证明储备体系资格，但企业主体或管理机构名称不等同于具体物理粮库。 使用 lxml 从 HTML 正文容器按“行政区标题 + 序号 + 单位名称”结构抽取;原正文段落序号 146。
cand_31075dbd797a10ad,上林县安恒储备粮管理有限公司三里分公司,上林县安恒储备粮管理有限公司三里分公司,上林县安恒储备粮管理有限公司三里分公司,广西壮族自治区,南宁市,上林县,上林县三里镇三里街（三里分公司库区）,,primary,,physical_site,上林县安恒储备粮管理有限公司,cand_39a6690f6b3bfb94,branch_site,grain_reserve,储备商品管理公司及其直属库,广西储备商品管理公司及其直属库名单(桂财税〔2024〕8号),true,false,false,false,false,false,false,false,false,false,true,false,false,false,false,,,,,,false,true,false,,,,,,,approximate_region_only,manual_review,false,manual_verified_public_evidence,addr_ev_d7e2d9a9d10fe937,A,street,medium,https://jxpub.nntv.cn/a/202411/15/AP673724575e0e05680f05cb08.html | https://m.qiyeku.cn/hy900640,2024年南宁市融媒体报道确认三里分公司现有库房、收购和入库活动；原三里粮所公开企业资料给出地址为三里街。门牌号未找到，因此按街道级地址输出。,true,true,,manual_address_evidence,1,grain_reserve;manual_address_evidence;manual_address_evidence;manual_address_evidence;manual_address_evidence,data/raw/guangxi_reserve_companies_2024.html;data/manual/nanning_grain_physical_sites_address_evidence.csv;data/manual/nanning_grain_physical_sites_address_evidence.csv;data/manual/nanning_grain_physical_sites_address_evidence.csv;data/manual/nanning_grain_physical_sites_address_evidence.csv,rec_3f396d23525cd410,A,true,名单证明储备体系资格，但企业主体或管理机构名称不等同于具体物理粮库。 使用 lxml 从 HTML 正文容器按“行政区标题 + 序号 + 单位名称”结构抽取;原正文段落序号 68。
cand_31667755e95746cd,辽宁大连双兴商品城有限公司(辽宁大连双兴批发市场),辽宁大连双兴商品城有限公司(辽宁大连双兴批发市场),辽宁大连双兴商品城有限公司(辽宁大连双兴批发市场),辽宁省,,,,,external,,market,,,,agricultural_wholesale_market,农业农村部定点农产品批发市场,农业农村部定点市场,false,false,false,true,false,false,false,false,false,false,false,false,true,false,false,,,,,,false,false,false,,,,,,,,,,,,,,,,,,,,,1,wholesale_market,data/raw/moa_designated_wholesale_markets_2024.pdf,rec_a2aeceefa70cfede,A,true,按 PDF 两列表格抽取;原文件未提供详细地址和坐标。
cand_31c9a1cfa194afa6,崇左市粮食储备库,崇左市粮食储备库,崇左市粮食储备库,广西壮族自治区,崇左市,,,,reserve,,physical_site,,,,grain_depot,储备商品管理公司及其直属库,广西储备商品管理公司及其直属库名单(桂财税〔2024〕8号),true,false,false,false,false,false,false,false,false,false,true,false,false,false,false,,,,,,false,true,false,,,,,,,,,,,,,,,,,,,,,1,grain_reserve,data/raw/guangxi_reserve_companies_2024.html,rec_10e059f40b0c3f45,A,true,使用 lxml 从 HTML 正文容器按“行政区标题 + 序号 + 单位名称”结构抽取;原正文段落序号 383。
cand_31cb936a6b5fd5a3,广西壮族自治区防城港粮食储备库有限公司,广西壮族自治区防城港粮食储备库有限公司,广西壮族自治区防城港粮食储备库有限公司,广西壮族自治区,防城港市,,,,reserve,,physical_site,,,,grain_depot,储备商品管理公司及其直属库,广西储备商品管理公司及其直属库名单(桂财税〔2024〕8号),true,false,false,false,false,false,false,false,false,false,true,false,false,false,false,,,,,,false,true,false,,,,,,,,,,,,,,,,,,,,,1,grain_reserve,data/raw/guangxi_reserve_companies_2024.html,rec_155d7743ea5d8e8b,A,true,使用 lxml 从 HTML 正文容器按“行政区标题 + 序号 + 单位名称”结构抽取;原正文段落序号 23。
cand_31dfb70c54c3afee,青海新发地农副产品批发市场,青海新发地农副产品批发市场,青海新发地农副产品批发市场,青海省,,,,,external,,market,,,,agricultural_wholesale_market,农业农村部定点农产品批发市场,农业农村部定点市场,false,false,false,true,false,false,false,false,false,false,false,false,true,false,false,,,,,,false,false,false,,,,,,,,,,,,,,,,,,,,,1,wholesale_market,data/raw/moa_designated_wholesale_markets_2024.pdf,rec_ea2a4a3b7f4f957a,A,true,按 PDF 两列表格抽取;原文件未提供详细地址和坐标。
cand_3221f0e582c3ef7f,八步区储备粮管理中心,八步区储备粮管理中心,八步区储备粮管理中心,广西壮族自治区,贺州市,,,,reserve,,organization,,,,grain_reserve,储备商品管理公司及其直属库,广西储备商品管理公司及其直属库名单(桂财税〔2024〕8号),true,false,false,false,false,false,false,false,false,false,false,false,false,false,false,,,,,,false,true,false,,,,,,,,,,,,,,,,,,,,,1,grain_reserve,data/raw/guangxi_reserve_companies_2024.html,rec_31b2659fb814c968,A,true,名单证明储备体系资格，但企业主体或管理机构名称不等同于具体物理粮库。 使用 lxml 从 HTML 正文容器按“行政区标题 + 序号 + 单位名称”结构抽取;原正文段落序号 360。
cand_322e3a8201c32a7d,北京大洋路农副产品市场有限公司,北京大洋路农副产品市场有限公司,北京大洋路农副产品市场有限公司,北京市,北京市,,,,external,,market,,,,agricultural_wholesale_market,农业农村部定点农产品批发市场,农业农村部定点市场,false,false,false,true,false,false,false,false,false,false,false,false,true,false,false,,,,,,false,false,false,,,,,,,,,,,,,,,,,,,,,1,wholesale_market,data/raw/moa_designated_wholesale_markets_2024.pdf,rec_36f259bfd1a6be0a,A,true,按 PDF 两列表格抽取;原文件未提供详细地址和坐标。
cand_325d63af32a5b831,贵港市军粮供应站,贵港市军粮供应站,贵港市军粮供应站,广西壮族自治区,贵港市,,,,reserve,,unknown,,,,military_grain_supply,储备商品管理公司及其直属库,广西储备商品管理公司及其直属库名单(桂财税〔2024〕8号),true,false,false,false,false,false,false,false,false,false,false,false,false,false,false,,,,,,false,true,false,,,,,,,,,,,,,,,,,,,,,1,grain_reserve,data/raw/guangxi_reserve_companies_2024.html,rec_c1d8ef649f086bb1,A,true,使用 lxml 从 HTML 正文容器按“行政区标题 + 序号 + 单位名称”结构抽取;原正文段落序号 339。
cand_327043fd258fdf09,南宁市江丰粮食收储管理中心,南宁市江丰粮食收储管理中心,南宁市江丰粮食收储管理中心,广西壮族自治区,南宁市,江南区,南宁市江南区苏圩镇团结路2号,,primary,,physical_site,,,unknown,grain_reserve,储备商品管理公司及其直属库,广西储备商品管理公司及其直属库名单(桂财税〔2024〕8号),true,false,false,false,false,false,false,false,false,false,true,false,false,false,false,,,,,,false,true,false,,,,,,,approximate_region_only,manual_review,false,manual_verified_public_evidence,addr_ev_cae102399204e9a2,A,door_number,high,https://www.nnjn.gov.cn/xxgk/xxgkml/zdjsxmpzhsslygk/xmztbxx_/t5929156.html,江南区政府中心粮食储备库项目公告明确给出招标人及地址。,true,true,,manual_address_evidence,1,grain_reserve;manual_address_evidence;manual_address_evidence;manual_address_evidence;manual_address_evidence,data/raw/guangxi_reserve_companies_2024.html;data/manual/nanning_grain_physical_sites_address_evidence.csv;data/manual/nanning_grain_physical_sites_address_evidence.csv;data/manual/nanning_grain_physical_sites_address_evidence.csv;data/manual/nanning_grain_physical_sites_address_evidence.csv,rec_1dc7f05d53baf9a5,A,true,名单证明储备体系资格，但企业主体或管理机构名称不等同于具体物理粮库。 使用 lxml 从 HTML 正文容器按“行政区标题 + 序号 + 单位名称”结构抽取;原正文段落序号 48。
cand_329ab6ea4bc5c331,南丹城关广西粮食储备库,南丹城关广西粮食储备库,南丹城关广西粮食储备库,广西壮族自治区,河池市,,,,reserve,,physical_site,,,,grain_depot,储备商品管理公司及其直属库,广西储备商品管理公司及其直属库名单(桂财税〔2024〕8号),true,false,false,false,false,false,false,false,false,false,true,false,false,false,false,,,,,,false,true,false,,,,,,,,,,,,,,,,,,,,,1,grain_reserve,data/raw/guangxi_reserve_companies_2024.html,rec_bdab69231ea055a9,A,true,使用 lxml 从 HTML 正文容器按“行政区标题 + 序号 + 单位名称”结构抽取;原正文段落序号 276。
cand_32dc55ccfca67ff7,北京锦绣大地农副产品批发市场有限责任公司,北京锦绣大地农副产品批发市场有限责任公司,北京锦绣大地农副产品批发市场有限责任公司,北京市,北京市,,,,external,,market,,,,agricultural_wholesale_market,农业农村部定点农产品批发市场,农业农村部定点市场,false,false,false,true,false,false,false,false,false,false,false,false,true,false,false,,,,,,false,false,false,,,,,,,,,,,,,,,,,,,,,1,wholesale_market,data/raw/moa_designated_wholesale_markets_2024.pdf,rec_d59ed39379a31d68,A,true,按 PDF 两列表格抽取;原文件未提供详细地址和坐标。
cand_32ecdc229d8ae11f,浙江江山成坤农贸城有限公司(浙江江山农贸城),浙江江山成坤农贸城有限公司(浙江江山农贸城),浙江江山成坤农贸城有限公司(浙江江山农贸城),浙江省,,,,,external,,market,,,,agricultural_wholesale_market,农业农村部定点农产品批发市场,农业农村部定点市场,false,false,false,true,false,false,false,false,false,false,false,false,true,false,false,,,,,,false,false,false,,,,,,,,,,,,,,,,,,,,,1,wholesale_market,data/raw/moa_designated_wholesale_markets_2024.pdf,rec_dff6e87d94ef8c0f,A,true,按 PDF 两列表格抽取;原文件未提供详细地址和坐标。
cand_32f2941e8c9ff16b,南宁市邕宁区储备粮管理有限责任公司,南宁市邕宁区储备粮管理有限责任公司,南宁市邕宁区储备粮管理有限责任公司,广西壮族自治区,南宁市,邕宁区,,,primary,,organization,,,,grain_reserve,储备商品管理公司及其直属库,广西储备商品管理公司及其直属库名单(桂财税〔2024〕8号),true,false,false,false,false,false,false,false,false,false,false,false,false,false,false,,,,,,false,true,false,,,,,,,,,,,,,,,,,,,,,1,grain_reserve,data/raw/guangxi_reserve_companies_2024.html,rec_79f1683260483ae5,A,true,名单证明储备体系资格，但企业主体或管理机构名称不等同于具体物理粮库。 使用 lxml 从 HTML 正文容器按“行政区标题 + 序号 + 单位名称”结构抽取;原正文段落序号 41。
cand_3320f0296c1915e8,安徽阜南县会龙蔬菜批发市场,安徽阜南县会龙蔬菜批发市场,安徽阜南县会龙蔬菜批发市场,安徽省,,,,,external,,market,,,,agricultural_wholesale_market,农业农村部定点农产品批发市场,农业农村部定点市场,false,false,false,true,false,true,false,false,false,false,false,false,true,false,false,,,,,,false,false,false,,,,,,,,,,,,,,,,,,,,,1,wholesale_market,data/raw/moa_designated_wholesale_markets_2024.pdf,rec_6ce46fc342c8f4ea,A,true,按 PDF 两列表格抽取;原文件未提供详细地址和坐标。
cand_333aaca381877c85,山东匡山农产品综合交易市场管理有限公司,山东匡山农产品综合交易市场管理有限公司,山东匡山农产品综合交易市场管理有限公司,山东省,,,,,external,,market,,,,agricultural_wholesale_market,农业农村部定点农产品批发市场,农业农村部定点市场,false,false,false,true,false,false,false,false,false,false,false,false,true,false,false,,,,,,false,false,false,,,,,,,,,,,,,,,,,,,,,1,wholesale_market,data/raw/moa_designated_wholesale_markets_2024.pdf,rec_c9a8428565680a2e,A,true,按 PDF 两列表格抽取;原文件未提供详细地址和坐标。
cand_3351a759ac49dd6e,广西全州县石塘粮油购销有限公司,广西全州县石塘粮油购销有限公司,广西全州县石塘粮油购销有限公司,广西壮族自治区,桂林市,全州县,,,reserve,,organization,,,,grain_reserve,储备商品管理公司及其直属库,广西储备商品管理公司及其直属库名单(桂财税〔2024〕8号),true,true,false,false,false,false,false,false,false,false,false,false,false,false,false,,,,,,false,true,false,,,,,,,,,,,,,,,,,,,,,1,grain_reserve,data/raw/guangxi_reserve_companies_2024.html,rec_62cc0550528fc2c8,A,true,名单证明储备体系资格，但企业主体或管理机构名称不等同于具体物理粮库。 使用 lxml 从 HTML 正文容器按“行政区标题 + 序号 + 单位名称”结构抽取;原正文段落序号 101。
cand_33c604b170714fc8,兴安县城关粮油购销有限责任公司,兴安县城关粮油购销有限责任公司,兴安县城关粮油购销有限责任公司,广西壮族自治区,桂林市,兴安县,,,reserve,,organization,,,,grain_reserve,储备商品管理公司及其直属库,广西储备商品管理公司及其直属库名单(桂财税〔2024〕8号),true,true,false,false,false,false,false,false,false,false,false,false,false,false,false,,,,,,false,true,false,,,,,,,,,,,,,,,,,,,,,1,grain_reserve,data/raw/guangxi_reserve_companies_2024.html,rec_78d4f30ff6ef2da4,A,true,名单证明储备体系资格，但企业主体或管理机构名称不等同于具体物理粮库。 使用 lxml 从 HTML 正文容器按“行政区标题 + 序号 + 单位名称”结构抽取;原正文段落序号 103。
cand_33e953f8893743ed,钦州市钦北区小董中心粮所,钦州市钦北区小董中心粮所,钦州市钦北区小董中心粮所,广西壮族自治区,钦州市,,,,reserve,,unknown,,,,grain_reserve,储备商品管理公司及其直属库,广西储备商品管理公司及其直属库名单(桂财税〔2024〕8号),true,false,false,false,false,false,false,false,false,false,false,false,false,false,false,,,,,,false,true,false,,,,,,,,,,,,,,,,,,,,,1,grain_reserve,data/raw/guangxi_reserve_companies_2024.html,rec_17ccddbeaaf5d3ec,A,true,名单证明储备体系资格，但企业主体或管理机构名称不等同于具体物理粮库。 使用 lxml 从 HTML 正文容器按“行政区标题 + 序号 + 单位名称”结构抽取;原正文段落序号 184。
cand_342f345dd5e578ef,山西华胜农贸市场有限公司,山西华胜农贸市场有限公司,山西华胜农贸市场有限公司,山西省,,,,,external,,market,,,,agricultural_wholesale_market,农业农村部定点农产品批发市场,农业农村部定点市场,false,false,false,true,false,false,false,false,false,false,false,false,true,false,false,,,,,,false,false,false,,,,,,,,,,,,,,,,,,,,,1,wholesale_market,data/raw/moa_designated_wholesale_markets_2024.pdf,rec_f86f7faacc4eb525,A,true,按 PDF 两列表格抽取;原文件未提供详细地址和坐标。
cand_34ce01b78bf9e52d,安徽青松食品有限公司,安徽青松食品有限公司,安徽青松食品有限公司,安徽省,,,,全国,external,,organization,,,,emergency_processing,国家级粮食应急保障企业,国家级粮食应急保障企业,true,false,true,false,false,false,false,false,false,false,false,false,false,false,false,,,,,,true,false,false,,,,,,,,,,,,,,,,,,,,,2,grain_emergency,data/raw/national_emergency_grain_enterprises_2025_reassessment.wps;data/raw/national_emergency_grain_enterprises_batch2.pdf,rec_c18cff14f8429a50;rec_db4b33f973b43ed9,B,true,"原文件扩展名为 .wps,文件签名为 WPS/OLE 复合文档;只读转换为临时标准 DOCX 后抽取。来源年份由文件名推断。 按 PDF 文本层中的编号名单逐条抽取;原文件未提供地址和具体功能子类。"
cand_34ddd58614a5e6cb,甘肃古浪县八步沙羊产业链服务中心,甘肃古浪县八步沙羊产业链服务中心,甘肃古浪县八步沙羊产业链服务中心,甘肃省,,,,,external,,market,,,,agricultural_wholesale_market,农业农村部定点农产品批发市场,农业农村部定点市场,false,false,false,true,false,false,false,false,false,false,false,false,true,false,false,,,,,,false,false,false,,,,,,,,,,,,,,,,,,,,,1,wholesale_market,data/raw/moa_designated_wholesale_markets_2024.pdf,rec_a1779ba1467824ef,A,true,按 PDF 两列表格抽取;原文件未提供详细地址和坐标。
cand_3513b862f6baa8b4,环江毛南族自治县粮食局直属粮库,环江毛南族自治县粮食局直属粮库,环江毛南族自治县粮食局直属粮库,广西壮族自治区,河池市,环江毛南族自治县,,,reserve,,physical_site,,,,grain_depot,储备商品管理公司及其直属库,广西储备商品管理公司及其直属库名单(桂财税〔2024〕8号),true,false,false,false,false,false,false,false,false,false,true,false,false,false,false,,,,,,false,true,false,,,,,,,,,,,,,,,,,,,,,1,grain_reserve,data/raw/guangxi_reserve_companies_2024.html,rec_2f168fc04c586a54,A,true,使用 lxml 从 HTML 正文容器按“行政区标题 + 序号 + 单位名称”结构抽取;原正文段落序号 274。
cand_3516fc2ada87fc64,凤山县粮食储备库,凤山县粮食储备库,凤山县粮食储备库,广西壮族自治区,河池市,凤山县,,,reserve,,physical_site,,,,grain_depot,储备商品管理公司及其直属库,广西储备商品管理公司及其直属库名单(桂财税〔2024〕8号),true,false,false,false,false,false,false,false,false,false,true,false,false,false,false,,,,,,false,true,false,,,,,,,,,,,,,,,,,,,,,1,grain_reserve,data/raw/guangxi_reserve_companies_2024.html,rec_0bf3132a3438cf19,A,true,使用 lxml 从 HTML 正文容器按“行政区标题 + 序号 + 单位名称”结构抽取;原正文段落序号 281。
cand_3607f685a474335d,内蒙古通辽市科尔沁区建国农产品批发市场有限责任公司,内蒙古通辽市科尔沁区建国农产品批发市场有限责任公司,内蒙古通辽市科尔沁区建国农产品批发市场有限责任公司,内蒙古自治区,,,,,external,,market,,,,agricultural_wholesale_market,农业农村部定点农产品批发市场,农业农村部定点市场,false,false,false,true,false,false,false,false,false,false,false,false,true,false,false,,,,,,false,false,false,,,,,,,,,,,,,,,,,,,,,1,wholesale_market,data/raw/moa_designated_wholesale_markets_2024.pdf,rec_ed4e89b91a504c21,A,true,按 PDF 两列表格抽取;原文件未提供详细地址和坐标。
cand_36673105c5764768,广西全州县凤凰粮油购销有限公司,广西全州县凤凰粮油购销有限公司,广西全州县凤凰粮油购销有限公司,广西壮族自治区,桂林市,全州县,,,reserve,,organization,,,,grain_reserve,储备商品管理公司及其直属库,广西储备商品管理公司及其直属库名单(桂财税〔2024〕8号),true,true,false,false,false,false,false,false,false,false,false,false,false,false,false,,,,,,false,true,false,,,,,,,,,,,,,,,,,,,,,1,grain_reserve,data/raw/guangxi_reserve_companies_2024.html,rec_baec34b6ab23fc6c,A,true,名单证明储备体系资格，但企业主体或管理机构名称不等同于具体物理粮库。 使用 lxml 从 HTML 正文容器按“行政区标题 + 序号 + 单位名称”结构抽取;原正文段落序号 102。
cand_376b0d20cb433337,安徽岳西县金翠兰茶叶大市场,安徽岳西县金翠兰茶叶大市场,安徽岳西县金翠兰茶叶大市场,安徽省,,,,,external,,market,,,,agricultural_wholesale_market,农业农村部定点农产品批发市场,农业农村部定点市场,false,false,false,true,false,false,false,false,false,false,false,false,true,false,false,,,,,,false,false,false,,,,,,,,,,,,,,,,,,,,,1,wholesale_market,data/raw/moa_designated_wholesale_markets_2024.pdf,rec_723c9ee6d7dff6ae,A,true,按 PDF 两列表格抽取;原文件未提供详细地址和坐标。
cand_377c7aab5a75eb87,新疆和田北园春慕士塔格农产品批发有限责任公司,新疆和田北园春慕士塔格农产品批发有限责任公司,新疆和田北园春慕士塔格农产品批发有限责任公司,新疆维吾尔自治区,,,,,external,,market,,,,agricultural_wholesale_market,农业农村部定点农产品批发市场,农业农村部定点市场,false,false,false,true,false,false,false,false,false,false,false,false,true,false,false,,,,,,false,false,false,,,,,,,,,,,,,,,,,,,,,1,wholesale_market,data/raw/moa_designated_wholesale_markets_2024.pdf,rec_ff9e38caba20adaf,A,true,按 PDF 两列表格抽取;原文件未提供详细地址和坐标。
cand_377d201293595d14,黑龙江北安市北方商城有限责任公司(黑龙江北安市北方商城农贸市场),黑龙江北安市北方商城有限责任公司(黑龙江北安市北方商城农贸市场),黑龙江北安市北方商城有限责任公司(黑龙江北安市北方商城农贸市场),黑龙江省,,,,,external,,market,,,,agricultural_wholesale_market,农业农村部定点农产品批发市场,农业农村部定点市场,false,false,false,true,false,false,false,false,false,false,false,false,true,false,false,,,,,,false,false,false,,,,,,,,,,,,,,,,,,,,,1,wholesale_market,data/raw/moa_designated_wholesale_markets_2024.pdf,rec_3ba9965c9b9558c2,A,true,按 PDF 两列表格抽取;原文件未提供详细地址和坐标。
cand_37e5fe58ed6b1019,广西南宁农产品交易中心,广西南宁农产品交易中心,广西南宁农产品交易中心,广西壮族自治区,南宁市,,,,primary,,market,,,,agricultural_wholesale_market,农业农村部定点农产品批发市场,农业农村部定点市场,false,false,false,true,false,false,false,false,false,false,false,false,true,false,false,,,,,,false,false,false,,,,,,,,,,,,,,,,,,,,,1,wholesale_market,data/raw/moa_designated_wholesale_markets_2024.pdf,rec_ee9278ec309cd697,A,true,按 PDF 两列表格抽取;原文件未提供详细地址和坐标。
cand_38720b4419fdc9b8,江苏宜兴市瑞德蔬菜果品批发市场有限公司,江苏宜兴市瑞德蔬菜果品批发市场有限公司,江苏宜兴市瑞德蔬菜果品批发市场有限公司,江苏省,,,,,external,,market,,,,agricultural_wholesale_market,农业农村部定点农产品批发市场,农业农村部定点市场,false,false,false,true,false,true,true,false,false,false,false,false,true,false,false,,,,,,false,false,false,,,,,,,,,,,,,,,,,,,,,1,wholesale_market,data/raw/moa_designated_wholesale_markets_2024.pdf,rec_b1cfafe1d67d4c99,A,true,按 PDF 两列表格抽取;原文件未提供详细地址和坐标。
cand_388270512948432a,百色煜煜商贸有限公司,百色煜煜商贸有限公司,百色煜煜商贸有限公司,广西壮族自治区,百色市,,,百色市/平果市,reserve,,organization,,,,government_procurement_supplier,鲜肉类;生鲜时蔬、水果类,政府采购入围/中标供应商,false,false,true,true,true,true,true,false,false,false,false,false,false,false,false,,,,,,false,false,true,,,,,,,,,,,,,,,,,,,,,2,government_procurement,data/raw/pingguo_meat_suppliers.pdf;data/raw/pingguo_vegetable_fruit_suppliers.pdf,rec_e86c458c579ca1dd;rec_867eb77ef7c9e207,C,true,"采购供应商身份不等同于实体仓储节点。 采购资料未提供企业地址；服务项目区域与企业所在地严格分开。 PDF 表格未提供地址和统一社会信用代码;服务项目所在地为平果市,不能据此推断企业所在地。 采购供应商地址不自动视为仓库地址；仅在原文出现仓库、粮库、配送中心、冷库、厂房等明确词时标记相应能力。"
cand_38b8788e99da80d7,内蒙古扎赉特旗石头城子牲畜交易(市场)有限公司,内蒙古扎赉特旗石头城子牲畜交易(市场)有限公司,内蒙古扎赉特旗石头城子牲畜交易(市场)有限公司,内蒙古自治区,,,,,external,,market,,,,agricultural_wholesale_market,农业农村部定点农产品批发市场,农业农村部定点市场,false,false,false,true,false,false,false,false,false,false,false,false,true,false,false,,,,,,false,false,false,,,,,,,,,,,,,,,,,,,,,1,wholesale_market,data/raw/moa_designated_wholesale_markets_2024.pdf,rec_8dc752a685b85072,A,true,按 PDF 两列表格抽取;原文件未提供详细地址和坐标。
cand_38ea8b023d2b2361,内蒙古赤峰八里罕活畜市场有限责任公司,内蒙古赤峰八里罕活畜市场有限责任公司,内蒙古赤峰八里罕活畜市场有限责任公司,内蒙古自治区,,,,,external,,market,,,,agricultural_wholesale_market,农业农村部定点农产品批发市场,农业农村部定点市场,false,false,false,true,false,false,false,false,false,false,false,false,true,false,false,,,,,,false,false,false,,,,,,,,,,,,,,,,,,,,,1,wholesale_market,data/raw/moa_designated_wholesale_markets_2024.pdf,rec_ae65e479b4ee6eb2,A,true,按 PDF 两列表格抽取;原文件未提供详细地址和坐标。
cand_38fca031a3c7cfac,广西藤县天平粮所,广西藤县天平粮所,广西藤县天平粮所,广西壮族自治区,梧州市,,,,reserve,,unknown,,,,grain_reserve,储备商品管理公司及其直属库,广西储备商品管理公司及其直属库名单(桂财税〔2024〕8号),true,false,false,false,false,false,false,false,false,false,false,false,false,false,false,,,,,,false,true,false,,,,,,,,,,,,,,,,,,,,,1,grain_reserve,data/raw/guangxi_reserve_companies_2024.html,rec_643c215b313decdf,A,true,名单证明储备体系资格，但企业主体或管理机构名称不等同于具体物理粮库。 使用 lxml 从 HTML 正文容器按“行政区标题 + 序号 + 单位名称”结构抽取;原正文段落序号 153。
cand_3957e69669d68cca,浦北县鑫浦粮油购销有限责任公司,浦北县鑫浦粮油购销有限责任公司,浦北县鑫浦粮油购销有限责任公司,广西壮族自治区,钦州市,,,,reserve,,organization,,,,grain_reserve,储备商品管理公司及其直属库,广西储备商品管理公司及其直属库名单(桂财税〔2024〕8号),true,true,false,false,false,false,false,false,false,false,false,false,false,false,false,,,,,,false,true,false,,,,,,,,,,,,,,,,,,,,,1,grain_reserve,data/raw/guangxi_reserve_companies_2024.html,rec_02baa2f804ad7bf7,A,true,名单证明储备体系资格，但企业主体或管理机构名称不等同于具体物理粮库。 使用 lxml 从 HTML 正文容器按“行政区标题 + 序号 + 单位名称”结构抽取;原正文段落序号 206。
cand_3966120d6063b224,阳朔县金宝粮食管理所,阳朔县金宝粮食管理所,阳朔县金宝粮食管理所,广西壮族自治区,桂林市,,,,reserve,,unknown,,,,grain_reserve,储备商品管理公司及其直属库,广西储备商品管理公司及其直属库名单(桂财税〔2024〕8号),true,false,false,false,false,false,false,false,false,false,false,false,false,false,false,,,,,,false,true,false,,,,,,,,,,,,,,,,,,,,,1,grain_reserve,data/raw/guangxi_reserve_companies_2024.html,rec_8a7b34fb9e33a973,A,true,名单证明储备体系资格，但企业主体或管理机构名称不等同于具体物理粮库。 使用 lxml 从 HTML 正文容器按“行政区标题 + 序号 + 单位名称”结构抽取;原正文段落序号 133。
cand_396917e353eb8c1d,山东微山新农商市场有限公司,山东微山新农商市场有限公司,山东微山新农商市场有限公司,山东省,,,,,external,,market,,,,agricultural_wholesale_market,农业农村部定点农产品批发市场,农业农村部定点市场,false,false,false,true,false,false,false,false,false,false,false,false,true,false,false,,,,,,false,false,false,,,,,,,,,,,,,,,,,,,,,1,wholesale_market,data/raw/moa_designated_wholesale_markets_2024.pdf,rec_2e3abf7987c96643,A,true,按 PDF 两列表格抽取;原文件未提供详细地址和坐标。
cand_398de142675e2d0b,蒙山县粮食和物资储备库,蒙山县粮食和物资储备库,蒙山县粮食和物资储备库,广西壮族自治区,梧州市,,,,reserve,,physical_site,,,,grain_depot,储备商品管理公司及其直属库,广西储备商品管理公司及其直属库名单(桂财税〔2024〕8号),true,false,false,false,false,false,false,false,false,false,true,false,false,false,false,,,,,,false,true,false,,,,,,,,,,,,,,,,,,,,,1,grain_reserve,data/raw/guangxi_reserve_companies_2024.html,rec_bd92bb7b882bf5d1,A,true,使用 lxml 从 HTML 正文容器按“行政区标题 + 序号 + 单位名称”结构抽取;原正文段落序号 160。
cand_39a6690f6b3bfb94,上林县安恒储备粮管理有限公司,上林县安恒储备粮管理有限公司,上林县安恒储备粮管理有限公司,广西壮族自治区,南宁市,上林县,,,primary,,organization,,,,grain_reserve,储备商品管理公司及其直属库,广西储备商品管理公司及其直属库名单(桂财税〔2024〕8号),true,false,false,false,false,false,false,false,false,false,false,false,false,false,false,,,,,,false,true,false,,,,,,,,,,,,,,,,,,,,,1,grain_reserve,data/raw/guangxi_reserve_companies_2024.html,rec_329fed119b72e5c2,A,true,名单证明储备体系资格，但企业主体或管理机构名称不等同于具体物理粮库。 使用 lxml 从 HTML 正文容器按“行政区标题 + 序号 + 单位名称”结构抽取;原正文段落序号 60。
cand_39cb9d66e7e3e600,广西粤桂尚品餐饮配送服务有限公司,广西粤桂尚品餐饮配送服务有限公司,广西粤桂尚品餐饮配送服务有限公司,广西壮族自治区,贵港市,港南区,广西壮族自治区贵港市港南区江南大道410号(原通泰汽车维修车间1号-2号铺),贵港市,reserve,91450803MA5PNR1A6N,organization,,,,government_procurement_supplier,畜肉类;禽肉类;生鲜时蔬、水果类;冷冻品类;副食品;调味品类;奶制品及饮品,政府采购入围/中标供应商,false,false,true,true,true,true,true,false,true,false,false,false,true,false,false,,,,,,false,false,true,,,,,,,,,,,,,,,,,,,,,7,government_procurement,data/raw/guigang_food_suppliers_310.pdf,rec_926016457138e888;rec_d62a767c2a9c831c;rec_ffe3bebea32ef2fb;rec_c49d6beb1655e301;rec_b852a00b06247db0;rec_5171a827fefacf59;rec_736b938a313b7a71,C,true,"采购供应商身份不等同于实体仓储节点。 采购资料中的地址按企业登记/联系地址处理，不自动等同于仓库或配送节点地址。 按 PDF 表格行批量抽取;地址视为供应商登记/联系地址,不自动认定为仓储节点。 采购供应商地址不自动视为仓库地址；仅在原文出现仓库、粮库、配送中心、冷库、厂房等明确词时标记相应能力。"
cand_39d0d738002de739,广西平果创益供应链管理有限公司,广西平果创益供应链管理有限公司,广西平果创益供应链管理有限公司,广西壮族自治区,,,,百色市/平果市,reserve,,organization,,,,government_procurement_supplier,鲜肉类;生鲜时蔬、水果类,政府采购入围/中标供应商,false,false,true,true,true,true,true,false,false,false,false,false,false,false,false,,,,,,false,false,true,,,,,,,,,,,,,,,,,,,,,2,government_procurement,data/raw/pingguo_meat_suppliers.pdf;data/raw/pingguo_vegetable_fruit_suppliers.pdf,rec_58151bc1a5bef1d0;rec_f8d94c94f9ac69c2,C,true,"采购供应商身份不等同于实体仓储节点。 采购资料未提供企业地址；服务项目区域与企业所在地严格分开。 可确认位于广西，但当前证据不足以安全确定地级市。 PDF 表格未提供地址和统一社会信用代码;服务项目所在地为平果市,不能据此推断企业所在地。 采购供应商地址不自动视为仓库地址；仅在原文出现仓库、粮库、配送中心、冷库、厂房等明确词时标记相应能力。"
cand_39f0434158cddc0a,玉林市直属石鼓塘储备粮库,玉林市直属石鼓塘储备粮库,玉林市直属石鼓塘储备粮库,广西壮族自治区,玉林市,,,,reserve,,physical_site,,,,grain_depot,储备商品管理公司及其直属库,广西储备商品管理公司及其直属库名单(桂财税〔2024〕8号),true,false,false,false,false,false,false,false,false,false,true,false,false,false,false,,,,,,false,true,false,,,,,,,,,,,,,,,,,,,,,1,grain_reserve,data/raw/guangxi_reserve_companies_2024.html,rec_3c3191df8d1cdba7,A,true,使用 lxml 从 HTML 正文容器按“行政区标题 + 序号 + 单位名称”结构抽取;原正文段落序号 306。
cand_3a51aa204d9ee144,辽宁沈阳市粮食批发市场,辽宁沈阳市粮食批发市场,辽宁沈阳市粮食批发市场,辽宁省,,,,,external,,market,,,,agricultural_wholesale_market,农业农村部定点农产品批发市场,农业农村部定点市场,true,false,false,true,false,false,false,false,false,false,false,false,true,false,false,,,,,,false,false,false,,,,,,,,,,,,,,,,,,,,,1,wholesale_market,data/raw/moa_designated_wholesale_markets_2024.pdf,rec_6f3fe618c077f034,A,true,按 PDF 两列表格抽取;原文件未提供详细地址和坐标。
cand_3a922a6e70bafbcc,广西南宁明璨贸易有限公司,广西南宁明璨贸易有限公司,广西南宁明璨贸易有限公司,广西壮族自治区,南宁市,青秀区,南宁市青秀区竹溪南路8号新新家园邕江云影A栋2单元0601号房,贵港市;百色市/平果市,primary,91450100559421383N,organization,,,,government_procurement_supplier,冷冻品类;奶制品及饮品;鲜肉类;生鲜时蔬、水果类,政府采购入围/中标供应商,false,false,true,true,true,true,true,false,true,false,false,false,false,false,false,,,,,,false,false,true,,,,,,,,,,,,,,,,,,,,,4,government_procurement,data/raw/guigang_food_suppliers_310.pdf;data/raw/pingguo_meat_suppliers.pdf;data/raw/pingguo_vegetable_fruit_suppliers.pdf,rec_d0922b601666259a;rec_fad1df8e06f748da;rec_19a5623dd7f8a9ad;rec_7a3a9e61adf76165,C,true,"采购供应商身份不等同于实体仓储节点。 采购资料中的地址按企业登记/联系地址处理，不自动等同于仓库或配送节点地址。 按 PDF 表格行批量抽取;地址视为供应商登记/联系地址,不自动认定为仓储节点。 采购供应商身份不等同于实体仓储节点。 采购资料未提供企业地址；服务项目区域与企业所在地严格分开。 PDF 表格未提供地址和统一社会信用代码;服务项目所在地为平果市,不能据此推断企业所在地。 采购供应商地址不自动视为仓库地址；仅在原文出现仓库、粮库、配送中心、冷库、厂房等明确词时标记相应能力。"
cand_3b34cee466a6171e,北海市日鲜达食品配送有限公司,北海市日鲜达食品配送有限公司,北海市日鲜达食品配送有限公司,广西壮族自治区,北海市,,北海市重庆路以南湖南路以西逢时商城花园2幢117号118号商铺,北海市,reserve,91450502MA5NBE1L3J,organization,,,,government_procurement_supplier,米面油干货类;肉及水产类,政府采购入围/中标供应商,true,true,true,true,true,false,false,true,false,false,false,false,true,false,false,,,,,,false,false,true,,,,,,,,,,,,,,,,,,,,,2,government_procurement,data/raw/beihai_food_suppliers.pdf,rec_894a6539e6a60b73;rec_2b3861e614b63fc2,C,true,"采购供应商身份不等同于实体仓储节点。 采购资料中的地址按企业登记/联系地址处理，不自动等同于仓库或配送节点地址。 按 PDF 表格行批量抽取;地址视为供应商登记/联系地址,不自动认定为仓储节点。 采购供应商地址不自动视为仓库地址；仅在原文出现仓库、粮库、配送中心、冷库、厂房等明确词时标记相应能力。"
cand_3b88ec459ae3ba72,广东广州江南果蔬批发市场,广东广州江南果蔬批发市场,广东广州江南果蔬批发市场,广东省,,,,,external,,market,,,,agricultural_wholesale_market,农业农村部定点农产品批发市场,农业农村部定点市场,false,false,false,true,false,true,true,false,false,false,false,false,true,false,false,,,,,,false,false,false,,,,,,,,,,,,,,,,,,,,,1,wholesale_market,data/raw/moa_designated_wholesale_markets_2024.pdf,rec_548897869c40ebc8,A,true,按 PDF 两列表格抽取;原文件未提供详细地址和坐标。
cand_3b9e773a013ef1fa,新疆兵团第七师一三七团绿衡蔬菜瓜果批发市场,新疆兵团第七师一三七团绿衡蔬菜瓜果批发市场,新疆兵团第七师一三七团绿衡蔬菜瓜果批发市场,新疆维吾尔自治区,,,,,external,,market,,,,agricultural_wholesale_market,农业农村部定点农产品批发市场,农业农村部定点市场,false,false,false,true,false,true,true,false,false,false,false,false,true,false,false,,,,,,false,false,false,,,,,,,,,,,,,,,,,,,,,1,wholesale_market,data/raw/moa_designated_wholesale_markets_2024.pdf,rec_bf07f5e5c6f5bc52,A,true,按 PDF 两列表格抽取;原文件未提供详细地址和坐标。
cand_3bcf04ff57f70b2c,广西盛鲜源供应链管理有限公司,广西盛鲜源供应链管理有限公司,广西盛鲜源供应链管理有限公司,广西壮族自治区,南宁市,兴宁区,南宁市兴宁区三塘南路86号标准厂项目第7栋1层101号房,北海市,primary,91450103MA5KE10F6C,organization,,,,government_procurement_supplier,肉及水产类;果蔬类,政府采购入围/中标供应商,false,false,false,true,true,true,true,true,false,false,false,false,false,false,false,,,,,,false,false,true,,,,,,,,,,,,,,,,,,,,,2,government_procurement,data/raw/beihai_food_suppliers.pdf,rec_f63e996277342524;rec_31b3f93a74aeb3b4,C,true,"采购供应商身份不等同于实体仓储节点。 采购资料中的地址按企业登记/联系地址处理，不自动等同于仓库或配送节点地址。 按 PDF 表格行批量抽取;地址视为供应商登记/联系地址,不自动认定为仓储节点。 采购供应商地址不自动视为仓库地址；仅在原文出现仓库、粮库、配送中心、冷库、厂房等明确词时标记相应能力。"
cand_3be9d9bcac184709,广西藤县埌南粮所,广西藤县埌南粮所,广西藤县埌南粮所,广西壮族自治区,梧州市,,,,reserve,,unknown,,,,grain_reserve,储备商品管理公司及其直属库,广西储备商品管理公司及其直属库名单(桂财税〔2024〕8号),true,false,false,false,false,false,false,false,false,false,false,false,false,false,false,,,,,,false,true,false,,,,,,,,,,,,,,,,,,,,,1,grain_reserve,data/raw/guangxi_reserve_companies_2024.html,rec_064ce9a2815c861b,A,true,名单证明储备体系资格，但企业主体或管理机构名称不等同于具体物理粮库。 使用 lxml 从 HTML 正文容器按“行政区标题 + 序号 + 单位名称”结构抽取;原正文段落序号 150。
cand_3bf7b4f215886891,甘肃甘南牦牛及产品专业批发市场,甘肃甘南牦牛及产品专业批发市场,甘肃甘南牦牛及产品专业批发市场,甘肃省,,,,,external,,market,,,,agricultural_wholesale_market,农业农村部定点农产品批发市场,农业农村部定点市场,false,false,false,true,false,false,false,false,false,false,false,false,true,false,false,,,,,,false,false,false,,,,,,,,,,,,,,,,,,,,,1,wholesale_market,data/raw/moa_designated_wholesale_markets_2024.pdf,rec_ae017667e22d516c,A,true,按 PDF 两列表格抽取;原文件未提供详细地址和坐标。
cand_3c708088929976b7,黑龙江苇河黑木耳批发市场有限公司,黑龙江苇河黑木耳批发市场有限公司,黑龙江苇河黑木耳批发市场有限公司,黑龙江省,,,,,external,,market,,,,agricultural_wholesale_market,农业农村部定点农产品批发市场,农业农村部定点市场,false,false,false,true,false,false,false,false,false,false,false,false,true,false,false,,,,,,false,false,false,,,,,,,,,,,,,,,,,,,,,1,wholesale_market,data/raw/moa_designated_wholesale_markets_2024.pdf,rec_d073d910ab1986f6,A,true,按 PDF 两列表格抽取;原文件未提供详细地址和坐标。
cand_3c8cf2b3ebed9d56,吉林汪清县天成农业服务有限公司(吉林省延边州汪清县天成黑木耳批发市场),吉林汪清县天成农业服务有限公司(吉林省延边州汪清县天成黑木耳批发市场),吉林汪清县天成农业服务有限公司(吉林省延边州汪清县天成黑木耳批发市场),吉林省,,,,,external,,market,,,,agricultural_wholesale_market,农业农村部定点农产品批发市场,农业农村部定点市场,false,false,false,true,false,false,false,false,false,false,false,false,true,false,false,,,,,,false,false,false,,,,,,,,,,,,,,,,,,,,,1,wholesale_market,data/raw/moa_designated_wholesale_markets_2024.pdf,rec_561d7344fb728906,A,true,按 PDF 两列表格抽取;原文件未提供详细地址和坐标。
cand_3cb2e982f06219e8,广西全州县庙头粮油购销有限公司,广西全州县庙头粮油购销有限公司,广西全州县庙头粮油购销有限公司,广西壮族自治区,桂林市,全州县,,,reserve,,organization,,,,grain_reserve,储备商品管理公司及其直属库,广西储备商品管理公司及其直属库名单(桂财税〔2024〕8号),true,true,false,false,false,false,false,false,false,false,false,false,false,false,false,,,,,,false,true,false,,,,,,,,,,,,,,,,,,,,,1,grain_reserve,data/raw/guangxi_reserve_companies_2024.html,rec_de46ce65d576c08e,A,true,名单证明储备体系资格，但企业主体或管理机构名称不等同于具体物理粮库。 使用 lxml 从 HTML 正文容器按“行政区标题 + 序号 + 单位名称”结构抽取;原正文段落序号 97。
cand_3d2decd67519d9c2,广东穗丰食品有限公司,广东穗丰食品有限公司,广东穗丰食品有限公司,广东省,,,,全国,external,,organization,,,,emergency_processing,国家级粮食应急保障企业,国家级粮食应急保障企业,true,false,true,false,false,false,false,false,false,false,false,false,false,false,false,,,,,,true,false,false,,,,,,,,,,,,,,,,,,,,,2,grain_emergency,data/raw/national_emergency_grain_enterprises_2025_reassessment.wps;data/raw/national_emergency_grain_enterprises_batch2.pdf,rec_36ff493fe0308788;rec_f1f379b85fc84e9a,B,true,"原文件扩展名为 .wps,文件签名为 WPS/OLE 复合文档;只读转换为临时标准 DOCX 后抽取。来源年份由文件名推断。 按 PDF 文本层中的编号名单逐条抽取;原文件未提供地址和具体功能子类。"
cand_3d3b599481bdc9c6,桂林金土地粮油食品有限公司,桂林金土地粮油食品有限公司,桂林金土地粮油食品有限公司,广西壮族自治区,桂林市,,,,reserve,,organization,,,,other,储备商品管理公司及其直属库,广西储备商品管理公司及其直属库名单(桂财税〔2024〕8号),true,true,true,false,false,false,false,false,false,false,false,false,false,false,false,,,,,,false,true,false,,,,,,,,,,,,,,,,,,,,,1,grain_reserve,data/raw/guangxi_reserve_companies_2024.html,rec_e5a1a463740f075f,A,true,属于储备商品管理公司及其直属库名单，但名称不足以安全判断为具体粮库或储备管理机构。 使用 lxml 从 HTML 正文容器按“行政区标题 + 序号 + 单位名称”结构抽取;原正文段落序号 115。
cand_3d561dbca1f93871,新疆喀什疆南农副产品批发市场,新疆喀什疆南农副产品批发市场,新疆喀什疆南农副产品批发市场,新疆维吾尔自治区,,,,,external,,market,,,,agricultural_wholesale_market,农业农村部定点农产品批发市场,农业农村部定点市场,false,false,false,true,false,false,false,false,false,false,false,false,true,false,false,,,,,,false,false,false,,,,,,,,,,,,,,,,,,,,,1,wholesale_market,data/raw/moa_designated_wholesale_markets_2024.pdf,rec_1be94d9f02a14946,A,true,按 PDF 两列表格抽取;原文件未提供详细地址和坐标。
cand_3d5efc194e053913,广西艺博农产品有限公司,广西艺博农产品有限公司,广西艺博农产品有限公司,广西壮族自治区,贵港市,港北区,广西壮族自治区贵港市港北区港城街道金港大道东段北侧永隆市场小区第二排(黄敏华房屋)一楼,贵港市,reserve,91450800MAEHM3EW7C,organization,,,,government_procurement_supplier,蛋品类;大米类;食用油类;奶制品及饮品,政府采购入围/中标供应商,true,true,true,true,false,false,false,false,true,false,false,false,false,false,false,,,,,,false,false,true,,,,,,,,,,,,,,,,,,,,,4,government_procurement,data/raw/guigang_food_suppliers_310.pdf,rec_76ecf92f2813f500;rec_bd51927892414747;rec_70a4159ccf9a164d;rec_7994f94359be37b7,C,true,"采购供应商身份不等同于实体仓储节点。 采购资料中的地址按企业登记/联系地址处理，不自动等同于仓库或配送节点地址。 按 PDF 表格行批量抽取;地址视为供应商登记/联系地址,不自动认定为仓储节点。 采购供应商地址不自动视为仓库地址；仅在原文出现仓库、粮库、配送中心、冷库、厂房等明确词时标记相应能力。"
cand_3d73c43546663329,宁明县储备粮管理中心,宁明县储备粮管理中心,宁明县储备粮管理中心,广西壮族自治区,崇左市,,,,reserve,,organization,,,,grain_reserve,储备商品管理公司及其直属库,广西储备商品管理公司及其直属库名单(桂财税〔2024〕8号),true,false,false,false,false,false,false,false,false,false,false,false,false,false,false,,,,,,false,true,false,,,,,,,,,,,,,,,,,,,,,1,grain_reserve,data/raw/guangxi_reserve_companies_2024.html,rec_c989c08c64f8e457,A,true,名单证明储备体系资格，但企业主体或管理机构名称不等同于具体物理粮库。 使用 lxml 从 HTML 正文容器按“行政区标题 + 序号 + 单位名称”结构抽取;原正文段落序号 390。
cand_3da134dc9337e7f7,广西文广米业有限公司,广西文广米业有限公司,广西文广米业有限公司,广西壮族自治区,玉林市,,,,reserve,,organization,,,,other,储备商品管理公司及其直属库,广西储备商品管理公司及其直属库名单(桂财税〔2024〕8号),true,false,false,false,false,false,false,false,false,false,false,false,false,false,false,,,,,,false,true,false,,,,,,,,,,,,,,,,,,,,,1,grain_reserve,data/raw/guangxi_reserve_companies_2024.html,rec_1b4995c906699717,A,true,属于储备商品管理公司及其直属库名单，但名称不足以安全判断为具体粮库或储备管理机构。 使用 lxml 从 HTML 正文容器按“行政区标题 + 序号 + 单位名称”结构抽取;原正文段落序号 294。
cand_3dcc6126b4074ee9,广西平果县广烨商贸有限公司,广西平果县广烨商贸有限公司,广西平果县广烨商贸有限公司,广西壮族自治区,,,,百色市/平果市,reserve,,organization,,,,government_procurement_supplier,鲜肉类;生鲜时蔬、水果类,政府采购入围/中标供应商,false,false,true,true,true,true,true,false,false,false,false,false,false,false,false,,,,,,false,false,true,,,,,,,,,,,,,,,,,,,,,2,government_procurement,data/raw/pingguo_meat_suppliers.pdf;data/raw/pingguo_vegetable_fruit_suppliers.pdf,rec_0a7dbb98db337efa;rec_9ff75b9482ccc879,C,true,"采购供应商身份不等同于实体仓储节点。 采购资料未提供企业地址；服务项目区域与企业所在地严格分开。 可确认位于广西，但当前证据不足以安全确定地级市。 PDF 表格未提供地址和统一社会信用代码;服务项目所在地为平果市,不能据此推断企业所在地。 采购供应商地址不自动视为仓库地址；仅在原文出现仓库、粮库、配送中心、冷库、厂房等明确词时标记相应能力。"
cand_3e240c6dc4086811,广西福象粮油有限公司,广西福象粮油有限公司,广西福象粮油有限公司,广西壮族自治区,柳州市,,,,secondary,,organization,,,,other,储备商品管理公司及其直属库,广西储备商品管理公司及其直属库名单(桂财税〔2024〕8号),true,true,false,false,false,false,false,false,false,false,false,false,false,false,false,,,,,,false,true,false,,,,,,,,,,,,,,,,,,,,,1,grain_reserve,data/raw/guangxi_reserve_companies_2024.html,rec_85936580b10df917,A,true,属于储备商品管理公司及其直属库名单，但名称不足以安全判断为具体粮库或储备管理机构。 使用 lxml 从 HTML 正文容器按“行政区标题 + 序号 + 单位名称”结构抽取;原正文段落序号 79。
cand_3e44a833003fc5dc,广西丰膳供应链有限公司,广西丰膳供应链有限公司,广西丰膳供应链有限公司,广西壮族自治区,,,,百色市/平果市,reserve,,organization,,,,government_procurement_supplier,生鲜时蔬、水果类,政府采购入围/中标供应商,false,false,true,true,false,true,true,false,false,false,false,false,false,false,false,,,,,,false,false,true,,,,,,,,,,,,,,,,,,,,,1,government_procurement,data/raw/pingguo_vegetable_fruit_suppliers.pdf,rec_7a47bace1a02ebec,C,true,"采购供应商身份不等同于实体仓储节点。 采购资料未提供企业地址；服务项目区域与企业所在地严格分开。 可确认位于广西，但当前证据不足以安全确定地级市。 PDF 表格未提供地址和统一社会信用代码;服务项目所在地为平果市,不能据此推断企业所在地。 采购供应商地址不自动视为仓库地址；仅在原文出现仓库、粮库、配送中心、冷库、厂房等明确词时标记相应能力。"
cand_3eeaefad790dd352,广西壮族自治区五象粮食储备库有限公司,广西壮族自治区五象粮食储备库有限公司,广西壮族自治区五象粮食储备库有限公司,广西壮族自治区,南宁市,,,,primary,,physical_site,,,,grain_depot,储备商品管理公司及其直属库,广西储备商品管理公司及其直属库名单(桂财税〔2024〕8号),true,false,false,false,false,false,false,false,false,false,true,false,false,false,false,,,,,,false,true,false,,,,,,,,,,,,,,,,,,,,,1,grain_reserve,data/raw/guangxi_reserve_companies_2024.html,rec_ecf9569a66185af9,A,true,使用 lxml 从 HTML 正文容器按“行政区标题 + 序号 + 单位名称”结构抽取;原正文段落序号 18。
cand_3ef8578379c49ff4,广西南宁福象粮油有限公司,广西南宁福象粮油有限公司,广西南宁福象粮油有限公司,广西壮族自治区,南宁市,,,,primary,,organization,,,,other,储备商品管理公司及其直属库,广西储备商品管理公司及其直属库名单(桂财税〔2024〕8号),true,true,false,false,false,false,false,false,false,false,false,false,false,false,false,,,,,,false,true,false,,,,,,,,,,,,,,,,,,,,,1,grain_reserve,data/raw/guangxi_reserve_companies_2024.html,rec_586f07b3e23f5796,A,true,属于储备商品管理公司及其直属库名单，但名称不足以安全判断为具体粮库或储备管理机构。 使用 lxml 从 HTML 正文容器按“行政区标题 + 序号 + 单位名称”结构抽取;原正文段落序号 33。
cand_3f0071340f80aa3a,中国崇仁麻鸡农博城,中国崇仁麻鸡农博城,中国崇仁麻鸡农博城,江西省,,,,,external,,market,,,,agricultural_wholesale_market,农业农村部定点农产品批发市场,农业农村部定点市场,false,false,false,true,false,false,false,false,false,false,false,false,true,false,false,,,,,,false,false,false,,,,,,,,,,,,,,,,,,,,,1,wholesale_market,data/raw/moa_designated_wholesale_markets_2024.pdf,rec_dec7b01a358f5abc,A,true,按 PDF 两列表格抽取;原文件未提供详细地址和坐标。
cand_3f3ea0adb52f117d,广西藤县潭东粮所,广西藤县潭东粮所,广西藤县潭东粮所,广西壮族自治区,梧州市,,,,reserve,,unknown,,,,grain_reserve,储备商品管理公司及其直属库,广西储备商品管理公司及其直属库名单(桂财税〔2024〕8号),true,false,false,false,false,false,false,false,false,false,false,false,false,false,false,,,,,,false,true,false,,,,,,,,,,,,,,,,,,,,,1,grain_reserve,data/raw/guangxi_reserve_companies_2024.html,rec_107290fcfbac0649,A,true,名单证明储备体系资格，但企业主体或管理机构名称不等同于具体物理粮库。 使用 lxml 从 HTML 正文容器按“行政区标题 + 序号 + 单位名称”结构抽取;原正文段落序号 149。
cand_3f75cbe79a82c40c,重庆市合川区蟠龙市场管理有限公司,重庆市合川区蟠龙市场管理有限公司,重庆市合川区蟠龙市场管理有限公司,重庆市,重庆市,,,,external,,market,,,,agricultural_wholesale_market,农业农村部定点农产品批发市场,农业农村部定点市场,false,false,false,true,false,false,false,false,false,false,false,false,true,false,false,,,,,,false,false,false,,,,,,,,,,,,,,,,,,,,,1,wholesale_market,data/raw/moa_designated_wholesale_markets_2024.pdf,rec_81d852466a888b54,A,true,按 PDF 两列表格抽取;原文件未提供详细地址和坐标。
cand_3f7e3e57f394daa3,新疆喀什曙光农博城,新疆喀什曙光农博城,新疆喀什曙光农博城,新疆维吾尔自治区,,,,,external,,market,,,,agricultural_wholesale_market,农业农村部定点农产品批发市场,农业农村部定点市场,false,false,false,true,false,false,false,false,false,false,false,false,true,false,false,,,,,,false,false,false,,,,,,,,,,,,,,,,,,,,,1,wholesale_market,data/raw/moa_designated_wholesale_markets_2024.pdf,rec_1d5d150d0377f214,A,true,按 PDF 两列表格抽取;原文件未提供详细地址和坐标。
cand_3fb24788602743af,苍梧县粮食储备库,苍梧县粮食储备库,苍梧县粮食储备库,广西壮族自治区,梧州市,,,,reserve,,physical_site,,,,grain_depot,储备商品管理公司及其直属库,广西储备商品管理公司及其直属库名单(桂财税〔2024〕8号),true,false,false,false,false,false,false,false,false,false,true,false,false,false,false,,,,,,false,true,false,,,,,,,,,,,,,,,,,,,,,1,grain_reserve,data/raw/guangxi_reserve_companies_2024.html,rec_6a78a1fe8f628d33,A,true,使用 lxml 从 HTML 正文容器按“行政区标题 + 序号 + 单位名称”结构抽取;原正文段落序号 144。
cand_3fbb3618c7bf9dbb,罗城仫佬族自治县粮食局直属库,罗城仫佬族自治县粮食局直属库,罗城仫佬族自治县粮食局直属库,广西壮族自治区,河池市,罗城仫佬族自治县,,,reserve,,physical_site,,,,grain_depot,储备商品管理公司及其直属库,广西储备商品管理公司及其直属库名单(桂财税〔2024〕8号),true,false,false,false,false,false,false,false,false,false,true,false,false,false,false,,,,,,false,true,false,,,,,,,,,,,,,,,,,,,,,1,grain_reserve,data/raw/guangxi_reserve_companies_2024.html,rec_a3031e0a26b97a0f,A,true,使用 lxml 从 HTML 正文容器按“行政区标题 + 序号 + 单位名称”结构抽取;原正文段落序号 272。
cand_3fc15e363ed12084,河南商丘农产品中心批发市场,河南商丘农产品中心批发市场,河南商丘农产品中心批发市场,河南省,,,,,external,,market,,,,agricultural_wholesale_market,农业农村部定点农产品批发市场,农业农村部定点市场,false,false,false,true,false,false,false,false,false,false,false,false,true,false,false,,,,,,false,false,false,,,,,,,,,,,,,,,,,,,,,1,wholesale_market,data/raw/moa_designated_wholesale_markets_2024.pdf,rec_f56b6f2d29f2f075,A,true,按 PDF 两列表格抽取;原文件未提供详细地址和坐标。
cand_40021e8b742d070d,宁夏固原农副产品批发市场,宁夏固原农副产品批发市场,宁夏固原农副产品批发市场,宁夏回族自治区,,,,,external,,market,,,,agricultural_wholesale_market,农业农村部定点农产品批发市场,农业农村部定点市场,false,false,false,true,false,false,false,false,false,false,false,false,true,false,false,,,,,,false,false,false,,,,,,,,,,,,,,,,,,,,,1,wholesale_market,data/raw/moa_designated_wholesale_markets_2024.pdf,rec_d26e2ea9c0d9e6b8,A,true,按 PDF 两列表格抽取;原文件未提供详细地址和坐标。
cand_400c2fde25727894,博白县旺茂粮食管理所,博白县旺茂粮食管理所,博白县旺茂粮食管理所,广西壮族自治区,玉林市,,,,reserve,,unknown,,,,grain_reserve,储备商品管理公司及其直属库,广西储备商品管理公司及其直属库名单(桂财税〔2024〕8号),true,false,false,false,false,false,false,false,false,false,false,false,false,false,false,,,,,,false,true,false,,,,,,,,,,,,,,,,,,,,,1,grain_reserve,data/raw/guangxi_reserve_companies_2024.html,rec_b9705121708aa1b4,A,true,名单证明储备体系资格，但企业主体或管理机构名称不等同于具体物理粮库。 使用 lxml 从 HTML 正文容器按“行政区标题 + 序号 + 单位名称”结构抽取;原正文段落序号 326。
cand_4049d18e5d228967,福安市富秋供应链有限公司北海分公司,福安市富秋供应链有限公司北海分公司,福安市富秋供应链有限公司北海分公司,广西壮族自治区,北海市,海城区,北海市海城区四川路62号文邦国际大厦2224号,北海市,reserve,91450500MAEWDM4Y6K,organization,,,,government_procurement_supplier,米面油干货类;果蔬类,政府采购入围/中标供应商,true,true,true,true,false,true,true,false,false,false,false,false,false,false,false,,,,,,false,false,true,,,,,,,,,,,,,,,,,,,,,2,government_procurement,data/raw/beihai_food_suppliers.pdf,rec_d693ae4630a26d53;rec_a47a665ce5bc2f92,C,true,"采购供应商身份不等同于实体仓储节点。 采购资料中的地址按企业登记/联系地址处理，不自动等同于仓库或配送节点地址。 按 PDF 表格行批量抽取;地址视为供应商登记/联系地址,不自动认定为仓储节点。 采购供应商地址不自动视为仓库地址；仅在原文出现仓库、粮库、配送中心、冷库、厂房等明确词时标记相应能力。"
cand_4074480dcf0df651,广西田东县千村电子商务有限公司,广西田东县千村电子商务有限公司,广西田东县千村电子商务有限公司,广西壮族自治区,百色市,田东县,,百色市/平果市,reserve,,organization,,,,government_procurement_supplier,鲜肉类;生鲜时蔬、水果类,政府采购入围/中标供应商,false,false,true,true,true,true,true,false,false,false,false,false,false,false,false,,,,,,false,false,true,,,,,,,,,,,,,,,,,,,,,2,government_procurement,data/raw/pingguo_meat_suppliers.pdf;data/raw/pingguo_vegetable_fruit_suppliers.pdf,rec_c9262caee5ff5d4f;rec_4f87977c5281e2be,C,true,"采购供应商身份不等同于实体仓储节点。 采购资料未提供企业地址；服务项目区域与企业所在地严格分开。 PDF 表格未提供地址和统一社会信用代码;服务项目所在地为平果市,不能据此推断企业所在地。 采购供应商地址不自动视为仓库地址；仅在原文出现仓库、粮库、配送中心、冷库、厂房等明确词时标记相应能力。"
cand_40bf15ae8ffc111a,内蒙古鄂托克前旗三段地活畜交易市场,内蒙古鄂托克前旗三段地活畜交易市场,内蒙古鄂托克前旗三段地活畜交易市场,内蒙古自治区,,,,,external,,market,,,,agricultural_wholesale_market,农业农村部定点农产品批发市场,农业农村部定点市场,false,false,false,true,false,false,false,false,false,false,false,false,true,false,false,,,,,,false,false,false,,,,,,,,,,,,,,,,,,,,,1,wholesale_market,data/raw/moa_designated_wholesale_markets_2024.pdf,rec_39632a706b339585,A,true,按 PDF 两列表格抽取;原文件未提供详细地址和坐标。
cand_40c51acd9fce3d6c,广西藤县东荣粮所,广西藤县东荣粮所,广西藤县东荣粮所,广西壮族自治区,梧州市,,,,reserve,,unknown,,,,grain_reserve,储备商品管理公司及其直属库,广西储备商品管理公司及其直属库名单(桂财税〔2024〕8号),true,false,false,false,false,false,false,false,false,false,false,false,false,false,false,,,,,,false,true,false,,,,,,,,,,,,,,,,,,,,,1,grain_reserve,data/raw/guangxi_reserve_companies_2024.html,rec_82fa2817cb3d0b86,A,true,名单证明储备体系资格，但企业主体或管理机构名称不等同于具体物理粮库。 使用 lxml 从 HTML 正文容器按“行政区标题 + 序号 + 单位名称”结构抽取;原正文段落序号 156。
cand_411901b4d1540fca,广西千骏农产品销售有限公司,广西千骏农产品销售有限公司,广西千骏农产品销售有限公司,广西壮族自治区,北海市,海城区,广西壮族自治区北海市海城区庞屋新村北区10-2号,北海市,reserve,91450502MA5Q84434T,organization,,,,government_procurement_supplier,米粉豆制品类;面包糕点奶制品,政府采购入围/中标供应商,true,false,true,true,false,false,false,false,true,false,false,false,false,false,false,,,,,,false,false,true,,,,,,,,,,,,,,,,,,,,,2,government_procurement,data/raw/beihai_food_suppliers.pdf,rec_2fafb16e9579604f;rec_e03f95dd724f2ad1,C,true,"采购供应商身份不等同于实体仓储节点。 采购资料中的地址按企业登记/联系地址处理，不自动等同于仓库或配送节点地址。 按 PDF 表格行批量抽取;地址视为供应商登记/联系地址,不自动认定为仓储节点。 采购供应商地址不自动视为仓库地址；仅在原文出现仓库、粮库、配送中心、冷库、厂房等明确词时标记相应能力。"
cand_419bcb22efce5c66,安徽六安市紫竹林农副产品批发有限公司(安徽六安市紫竹林农产品物流中心),安徽六安市紫竹林农副产品批发有限公司(安徽六安市紫竹林农产品物流中心),安徽六安市紫竹林农副产品批发有限公司(安徽六安市紫竹林农产品物流中心),安徽省,,,,,external,,market,,,,agricultural_wholesale_market,农业农村部定点农产品批发市场,农业农村部定点市场,false,false,false,true,false,false,false,false,false,false,false,false,true,false,false,,,,,,false,false,false,,,,,,,,,,,,,,,,,,,,,1,wholesale_market,data/raw/moa_designated_wholesale_markets_2024.pdf,rec_b665911ace11e87a,A,true,按 PDF 两列表格抽取;原文件未提供详细地址和坐标。
cand_41bb1a66d5db2d05,渭南长安花粮油有限公司,渭南长安花粮油有限公司,渭南长安花粮油有限公司(原:渭南石羊长安花粮油有限公司);渭南石羊长安花粮油有限公司,,,,,全国,external,,organization,,,,emergency_processing,国家级粮食应急保障企业,国家级粮食应急保障企业,true,true,false,false,false,false,false,false,false,false,false,false,false,false,false,,,,,,true,false,false,,,,,,,,,,,,,,,,,,,,,2,grain_emergency,data/raw/national_emergency_grain_enterprises_2025_reassessment.wps;data/raw/national_emergency_grain_enterprises_batch2.pdf,rec_3e07a4ca12d84d27;rec_6daf8309fcc407d5,B,true,"当前原始记录未提供可安全解析的省级所在地。 原文件扩展名为 .wps,文件签名为 WPS/OLE 复合文档;只读转换为临时标准 DOCX 后抽取。来源年份由文件名推断。 按 PDF 文本层中的编号名单逐条抽取;原文件未提供地址和具体功能子类。"
cand_41d6fb82386235d7,辽宁塔湾北行农贸市场,辽宁塔湾北行农贸市场,辽宁塔湾北行农贸市场,辽宁省,,,,,external,,market,,,,agricultural_wholesale_market,农业农村部定点农产品批发市场,农业农村部定点市场,false,false,false,true,false,false,false,false,false,false,false,false,true,false,false,,,,,,false,false,false,,,,,,,,,,,,,,,,,,,,,1,wholesale_market,data/raw/moa_designated_wholesale_markets_2024.pdf,rec_969cf732df1b1621,A,true,按 PDF 两列表格抽取;原文件未提供详细地址和坐标。
cand_4201e49623d8a4ea,新疆海宝国际农产品物流商贸城,新疆海宝国际农产品物流商贸城,新疆海宝国际农产品物流商贸城,新疆维吾尔自治区,,,,,external,,market,,,,agricultural_wholesale_market,农业农村部定点农产品批发市场,农业农村部定点市场,false,false,false,true,false,false,false,false,false,false,false,false,true,false,false,,,,,,false,false,false,,,,,,,,,,,,,,,,,,,,,1,wholesale_market,data/raw/moa_designated_wholesale_markets_2024.pdf,rec_33ecfe87816d818e,A,true,按 PDF 两列表格抽取;原文件未提供详细地址和坐标。
cand_420e7dba2b818548,黑龙江七台河市合兴蔬菜综合批发股份合作公司,黑龙江七台河市合兴蔬菜综合批发股份合作公司,黑龙江七台河市合兴蔬菜综合批发股份合作公司,黑龙江省,,,,,external,,market,,,,agricultural_wholesale_market,农业农村部定点农产品批发市场,农业农村部定点市场,false,false,false,true,false,true,false,false,false,false,false,false,true,false,false,,,,,,false,false,false,,,,,,,,,,,,,,,,,,,,,1,wholesale_market,data/raw/moa_designated_wholesale_markets_2024.pdf,rec_0326e40a9d120365,A,true,按 PDF 两列表格抽取;原文件未提供详细地址和坐标。
cand_420f7e58ed7dd346,融安县储备粮管理公司,融安县储备粮管理公司,融安县储备粮管理公司,广西壮族自治区,柳州市,融安县,,,secondary,,organization,,,,grain_reserve,储备商品管理公司及其直属库,广西储备商品管理公司及其直属库名单(桂财税〔2024〕8号),true,false,false,false,false,false,false,false,false,false,false,false,false,false,false,,,,,,false,true,false,,,,,,,,,,,,,,,,,,,,,1,grain_reserve,data/raw/guangxi_reserve_companies_2024.html,rec_e61902ab92bc1b70,A,true,名单证明储备体系资格，但企业主体或管理机构名称不等同于具体物理粮库。 使用 lxml 从 HTML 正文容器按“行政区标题 + 序号 + 单位名称”结构抽取;原正文段落序号 89。
cand_42114c4b7e2c04ea,山东黄河三角洲畜产品购销有限公司(山东利津县黄河三角洲畜产品大市场),山东黄河三角洲畜产品购销有限公司(山东利津县黄河三角洲畜产品大市场),山东黄河三角洲畜产品购销有限公司(山东利津县黄河三角洲畜产品大市场),山东省,,,,,external,,market,,,,agricultural_wholesale_market,农业农村部定点农产品批发市场,农业农村部定点市场,false,false,false,true,false,false,false,false,false,false,false,false,true,false,false,,,,,,false,false,false,,,,,,,,,,,,,,,,,,,,,1,wholesale_market,data/raw/moa_designated_wholesale_markets_2024.pdf,rec_60b26cd0f6a59e10,A,true,按 PDF 两列表格抽取;原文件未提供详细地址和坐标。
cand_426bef33d1de049e,灵山县平南粮食管理所,灵山县平南粮食管理所,灵山县平南粮食管理所,广西壮族自治区,钦州市,灵山县,,,reserve,,unknown,,,,grain_reserve,储备商品管理公司及其直属库,广西储备商品管理公司及其直属库名单(桂财税〔2024〕8号),true,false,false,false,false,false,false,false,false,false,false,false,false,false,false,,,,,,false,true,false,,,,,,,,,,,,,,,,,,,,,1,grain_reserve,data/raw/guangxi_reserve_companies_2024.html,rec_a39238cfa7b39051,A,true,名单证明储备体系资格，但企业主体或管理机构名称不等同于具体物理粮库。 使用 lxml 从 HTML 正文容器按“行政区标题 + 序号 + 单位名称”结构抽取;原正文段落序号 204。
cand_42c9c2324b56f463,山东莱州市吕村大姜批发市场管理有限公司,山东莱州市吕村大姜批发市场管理有限公司,山东莱州市吕村大姜批发市场管理有限公司,山东省,,,,,external,,market,,,,agricultural_wholesale_market,农业农村部定点农产品批发市场,农业农村部定点市场,false,false,false,true,false,false,false,false,false,false,false,false,true,false,false,,,,,,false,false,false,,,,,,,,,,,,,,,,,,,,,1,wholesale_market,data/raw/moa_designated_wholesale_markets_2024.pdf,rec_d3f7e2a5eceb2e99,A,true,按 PDF 两列表格抽取;原文件未提供详细地址和坐标。
cand_42fbe5cf10f18a65,柳州市大富氏粮油有限责任公司,柳州市大富氏粮油有限责任公司,柳州市大富氏粮油有限责任公司,广西壮族自治区,柳州市,,,,secondary,,organization,,,,other,储备商品管理公司及其直属库,广西储备商品管理公司及其直属库名单(桂财税〔2024〕8号),true,true,false,false,false,false,false,false,false,false,false,false,false,false,false,,,,,,false,true,false,,,,,,,,,,,,,,,,,,,,,1,grain_reserve,data/raw/guangxi_reserve_companies_2024.html,rec_12929b5bf6c10e34,A,true,属于储备商品管理公司及其直属库名单，但名称不足以安全判断为具体粮库或储备管理机构。 使用 lxml 从 HTML 正文容器按“行政区标题 + 序号 + 单位名称”结构抽取;原正文段落序号 78。
cand_431503d0eb3aa918,浙南茶叶市场,浙南茶叶市场,浙南茶叶市场,浙江省,,,,,external,,market,,,,agricultural_wholesale_market,农业农村部定点农产品批发市场,农业农村部定点市场,false,false,false,true,false,false,false,false,false,false,false,false,true,false,false,,,,,,false,false,false,,,,,,,,,,,,,,,,,,,,,1,wholesale_market,data/raw/moa_designated_wholesale_markets_2024.pdf,rec_a374ef9fb202dd10,A,true,按 PDF 两列表格抽取;原文件未提供详细地址和坐标。
cand_43176882908586ad,天津大沙河蔬菜批发市场,天津大沙河蔬菜批发市场,天津大沙河蔬菜批发市场,天津市,天津市,,,,external,,market,,,,agricultural_wholesale_market,农业农村部定点农产品批发市场,农业农村部定点市场,false,false,false,true,false,true,false,false,false,false,false,false,true,false,false,,,,,,false,false,false,,,,,,,,,,,,,,,,,,,,,1,wholesale_market,data/raw/moa_designated_wholesale_markets_2024.pdf,rec_c17b4845fb28960c,A,true,按 PDF 两列表格抽取;原文件未提供详细地址和坐标。
cand_434110e9f048b5c6,广西华新农业发展有限公司,广西华新农业发展有限公司,广西华新农业发展有限公司,广西壮族自治区,梧州市,,,,reserve,,organization,,,,other,储备商品管理公司及其直属库,广西储备商品管理公司及其直属库名单(桂财税〔2024〕8号),true,false,false,false,false,false,false,false,false,false,false,false,false,false,false,,,,,,false,true,false,,,,,,,,,,,,,,,,,,,,,1,grain_reserve,data/raw/guangxi_reserve_companies_2024.html,rec_03269eade571da4b,A,true,属于储备商品管理公司及其直属库名单，但名称不足以安全判断为具体粮库或储备管理机构。 使用 lxml 从 HTML 正文容器按“行政区标题 + 序号 + 单位名称”结构抽取;原正文段落序号 141。
cand_43981c0dc0a2974c,江西省上饶市江天农博城,江西省上饶市江天农博城,江西省上饶市江天农博城,江西省,,,,,external,,market,,,,agricultural_wholesale_market,农业农村部定点农产品批发市场,农业农村部定点市场,false,false,false,true,false,false,false,false,false,false,false,false,true,false,false,,,,,,false,false,false,,,,,,,,,,,,,,,,,,,,,1,wholesale_market,data/raw/moa_designated_wholesale_markets_2024.pdf,rec_5fdc92152191e300,A,true,按 PDF 两列表格抽取;原文件未提供详细地址和坐标。
cand_439eef3e516d5a95,浦北县粮食局直属粮库,浦北县粮食局直属粮库,浦北县粮食局直属粮库,广西壮族自治区,钦州市,,,,reserve,,physical_site,,,,grain_depot,储备商品管理公司及其直属库,广西储备商品管理公司及其直属库名单(桂财税〔2024〕8号),true,false,false,false,false,false,false,false,false,false,true,false,false,false,false,,,,,,false,true,false,,,,,,,,,,,,,,,,,,,,,1,grain_reserve,data/raw/guangxi_reserve_companies_2024.html,rec_07f375c645863e69,A,true,使用 lxml 从 HTML 正文容器按“行政区标题 + 序号 + 单位名称”结构抽取;原正文段落序号 205。
cand_43b64b42ab8c9a41,柳州市五里卡粮库有限公司,柳州市五里卡粮库有限公司,柳州市五里卡粮库有限公司,广西壮族自治区,柳州市,,,,secondary,,physical_site,,,,grain_depot,储备商品管理公司及其直属库,广西储备商品管理公司及其直属库名单(桂财税〔2024〕8号),true,false,false,false,false,false,false,false,false,false,true,false,false,false,false,,,,,,false,true,false,,,,,,,,,,,,,,,,,,,,,1,grain_reserve,data/raw/guangxi_reserve_companies_2024.html,rec_b8557e5fb94fe8bc,A,true,使用 lxml 从 HTML 正文容器按“行政区标题 + 序号 + 单位名称”结构抽取;原正文段落序号 75。
cand_43da48ab29571718,贵州关岭自治县断桥果蔬批发市场,贵州关岭自治县断桥果蔬批发市场,贵州关岭自治县断桥果蔬批发市场,贵州省,,,,,external,,market,,,,agricultural_wholesale_market,农业农村部定点农产品批发市场,农业农村部定点市场,false,false,false,true,false,true,true,false,false,false,false,false,true,false,false,,,,,,false,false,false,,,,,,,,,,,,,,,,,,,,,1,wholesale_market,data/raw/moa_designated_wholesale_markets_2024.pdf,rec_fc19776c7892de90,A,true,按 PDF 两列表格抽取;原文件未提供详细地址和坐标。
cand_44027e8d4cf091a1,百色市粮食局百色粮库,百色市粮食局百色粮库,百色市粮食局百色粮库,广西壮族自治区,百色市,,,,reserve,,physical_site,,,,grain_depot,储备商品管理公司及其直属库,广西储备商品管理公司及其直属库名单(桂财税〔2024〕8号),true,false,false,false,false,false,false,false,false,false,true,false,false,false,false,,,,,,false,true,false,,,,,,,,,,,,,,,,,,,,,1,grain_reserve,data/raw/guangxi_reserve_companies_2024.html,rec_5af492d8f06a45b3,A,true,使用 lxml 从 HTML 正文容器按“行政区标题 + 序号 + 单位名称”结构抽取;原正文段落序号 224。
cand_44061e6c47ae34ec,贵州万屯大牲畜交易市场,贵州万屯大牲畜交易市场,贵州万屯大牲畜交易市场,贵州省,,,,,external,,market,,,,agricultural_wholesale_market,农业农村部定点农产品批发市场,农业农村部定点市场,false,false,false,true,false,false,false,false,false,false,false,false,true,false,false,,,,,,false,false,false,,,,,,,,,,,,,,,,,,,,,1,wholesale_market,data/raw/moa_designated_wholesale_markets_2024.pdf,rec_2a053b140935a659,A,true,按 PDF 两列表格抽取;原文件未提供详细地址和坐标。
cand_4407319371bdf994,吉林市东北亚农产品批发市场,吉林市东北亚农产品批发市场,吉林市东北亚农产品批发市场,吉林省,,,,,external,,market,,,,agricultural_wholesale_market,农业农村部定点农产品批发市场,农业农村部定点市场,false,false,false,true,false,false,false,false,false,false,false,false,true,false,false,,,,,,false,false,false,,,,,,,,,,,,,,,,,,,,,1,wholesale_market,data/raw/moa_designated_wholesale_markets_2024.pdf,rec_89512c4730e2e481,A,true,按 PDF 两列表格抽取;原文件未提供详细地址和坐标。
cand_44245649fe844461,江苏南门市场发展有限公司,江苏南门市场发展有限公司,江苏南门市场发展有限公司,江苏省,,,,,external,,market,,,,agricultural_wholesale_market,农业农村部定点农产品批发市场,农业农村部定点市场,false,false,false,true,false,false,false,false,false,false,false,false,true,false,false,,,,,,false,false,false,,,,,,,,,,,,,,,,,,,,,1,wholesale_market,data/raw/moa_designated_wholesale_markets_2024.pdf,rec_1f561a147381a788,A,true,按 PDF 两列表格抽取;原文件未提供详细地址和坐标。
cand_44511684dd557d47,吉林长春汉夏农业发展有限公司(吉林省长春市汉夏牛交易市场),吉林长春汉夏农业发展有限公司(吉林省长春市汉夏牛交易市场),吉林长春汉夏农业发展有限公司(吉林省长春市汉夏牛交易市场),吉林省,,,,,external,,market,,,,agricultural_wholesale_market,农业农村部定点农产品批发市场,农业农村部定点市场,false,false,false,true,false,false,false,false,false,false,false,false,true,false,false,,,,,,false,false,false,,,,,,,,,,,,,,,,,,,,,1,wholesale_market,data/raw/moa_designated_wholesale_markets_2024.pdf,rec_2bde6f6c82044605,A,true,按 PDF 两列表格抽取;原文件未提供详细地址和坐标。
cand_446728c9128a24ed,广西梧州国家粮食储备库,广西梧州国家粮食储备库,广西梧州国家粮食储备库,广西壮族自治区,梧州市,,,,reserve,,physical_site,,,,grain_depot,储备商品管理公司及其直属库,广西储备商品管理公司及其直属库名单(桂财税〔2024〕8号),true,false,false,false,false,false,false,false,false,false,true,false,false,false,false,,,,,,false,true,false,,,,,,,,,,,,,,,,,,,,,1,grain_reserve,data/raw/guangxi_reserve_companies_2024.html,rec_e8d66109fdbbd842,A,true,使用 lxml 从 HTML 正文容器按“行政区标题 + 序号 + 单位名称”结构抽取;原正文段落序号 138。
cand_44d46b714e82e738,山东青岛东庄头蔬菜批发市场有限公司,山东青岛东庄头蔬菜批发市场有限公司,山东青岛东庄头蔬菜批发市场有限公司,山东省,,,,,external,,market,,,,agricultural_wholesale_market,农业农村部定点农产品批发市场,农业农村部定点市场,false,false,false,true,false,true,false,false,false,false,false,false,true,false,false,,,,,,false,false,false,,,,,,,,,,,,,,,,,,,,,1,wholesale_market,data/raw/moa_designated_wholesale_markets_2024.pdf,rec_a349dbd0d9269bd7,A,true,按 PDF 两列表格抽取;原文件未提供详细地址和坐标。
cand_44f513ccba783d33,河南黄淮农产品股份有限公司(河南周口市黄淮物流港农产品批发市场),河南黄淮农产品股份有限公司(河南周口市黄淮物流港农产品批发市场),河南黄淮农产品股份有限公司(河南周口市黄淮物流港农产品批发市场),河南省,,,,,external,,market,,,,agricultural_wholesale_market,农业农村部定点农产品批发市场,农业农村部定点市场,false,false,false,true,false,false,false,false,false,false,false,false,true,false,false,,,,,,false,false,false,,,,,,,,,,,,,,,,,,,,,1,wholesale_market,data/raw/moa_designated_wholesale_markets_2024.pdf,rec_badad634e7fc88a0,A,true,按 PDF 两列表格抽取;原文件未提供详细地址和坐标。
cand_4562aab136dd294e,新疆通汇市场有限公司,新疆通汇市场有限公司,新疆通汇市场有限公司,新疆维吾尔自治区,,,,,external,,market,,,,agricultural_wholesale_market,农业农村部定点农产品批发市场,农业农村部定点市场,false,false,false,true,false,false,false,false,false,false,false,false,true,false,false,,,,,,false,false,false,,,,,,,,,,,,,,,,,,,,,1,wholesale_market,data/raw/moa_designated_wholesale_markets_2024.pdf,rec_08eddffb5ee1c864,A,true,按 PDF 两列表格抽取;原文件未提供详细地址和坐标。
cand_458a2ee6233c69c1,永福县广福乡粮食管理所,永福县广福乡粮食管理所,永福县广福乡粮食管理所,广西壮族自治区,桂林市,永福县,,,reserve,,unknown,,,,grain_reserve,储备商品管理公司及其直属库,广西储备商品管理公司及其直属库名单(桂财税〔2024〕8号),true,false,false,false,false,false,false,false,false,false,false,false,false,false,false,,,,,,false,true,false,,,,,,,,,,,,,,,,,,,,,1,grain_reserve,data/raw/guangxi_reserve_companies_2024.html,rec_e090d6f42b3a3661,A,true,名单证明储备体系资格，但企业主体或管理机构名称不等同于具体物理粮库。 使用 lxml 从 HTML 正文容器按“行政区标题 + 序号 + 单位名称”结构抽取;原正文段落序号 121。
cand_45ee05c2688b7e8d,兴业县高峰粮食管理所,兴业县高峰粮食管理所,兴业县高峰粮食管理所,广西壮族自治区,玉林市,,,,reserve,,unknown,,,,grain_reserve,储备商品管理公司及其直属库,广西储备商品管理公司及其直属库名单(桂财税〔2024〕8号),true,false,false,false,false,false,false,false,false,false,false,false,false,false,false,,,,,,false,true,false,,,,,,,,,,,,,,,,,,,,,1,grain_reserve,data/raw/guangxi_reserve_companies_2024.html,rec_d241c24cc3944040,A,true,名单证明储备体系资格，但企业主体或管理机构名称不等同于具体物理粮库。 使用 lxml 从 HTML 正文容器按“行政区标题 + 序号 + 单位名称”结构抽取;原正文段落序号 312。
cand_45f13f3700470f16,重庆新大兴·国际农副产品交易中心,重庆新大兴·国际农副产品交易中心,重庆新大兴·国际农副产品交易中心,重庆市,重庆市,,,,external,,market,,,,agricultural_wholesale_market,农业农村部定点农产品批发市场,农业农村部定点市场,false,false,false,true,false,false,false,false,false,false,false,false,true,false,false,,,,,,false,false,false,,,,,,,,,,,,,,,,,,,,,1,wholesale_market,data/raw/moa_designated_wholesale_markets_2024.pdf,rec_b5a73ab2a00b2542,A,true,按 PDF 两列表格抽取;原文件未提供详细地址和坐标。
cand_4647f8d8f2592d51,辽宁绥中县荣利农贸蔬菜批发市场,辽宁绥中县荣利农贸蔬菜批发市场,辽宁绥中县荣利农贸蔬菜批发市场,辽宁省,,,,,external,,market,,,,agricultural_wholesale_market,农业农村部定点农产品批发市场,农业农村部定点市场,false,false,false,true,false,true,false,false,false,false,false,false,true,false,false,,,,,,false,false,false,,,,,,,,,,,,,,,,,,,,,1,wholesale_market,data/raw/moa_designated_wholesale_markets_2024.pdf,rec_8c4f426aef658521,A,true,按 PDF 两列表格抽取;原文件未提供详细地址和坐标。
cand_464c94942b0ddb75,安徽东至县官港茶叶香菇市场,安徽东至县官港茶叶香菇市场,安徽东至县官港茶叶香菇市场,安徽省,,,,,external,,market,,,,agricultural_wholesale_market,农业农村部定点农产品批发市场,农业农村部定点市场,false,false,false,true,false,false,false,false,false,false,false,false,true,false,false,,,,,,false,false,false,,,,,,,,,,,,,,,,,,,,,1,wholesale_market,data/raw/moa_designated_wholesale_markets_2024.pdf,rec_65bb0f469e2f55fa,A,true,按 PDF 两列表格抽取;原文件未提供详细地址和坐标。
cand_4650e313e0222cc4,广西桂林五里店果蔬批发市场,广西桂林五里店果蔬批发市场,广西桂林五里店果蔬批发市场,广西壮族自治区,桂林市,,,,reserve,,market,,,,agricultural_wholesale_market,农业农村部定点农产品批发市场,农业农村部定点市场,false,false,false,true,false,true,true,false,false,false,false,false,true,false,false,,,,,,false,false,false,,,,,,,,,,,,,,,,,,,,,1,wholesale_market,data/raw/moa_designated_wholesale_markets_2024.pdf,rec_fcf25e883a3433bd,A,true,按 PDF 两列表格抽取;原文件未提供详细地址和坐标。
cand_46776a54cad5ba55,福建厦门夏商农产品集团有限公司中埔蔬菜农副产品批发市场,福建厦门夏商农产品集团有限公司中埔蔬菜农副产品批发市场,福建厦门夏商农产品集团有限公司中埔蔬菜农副产品批发市场,福建省,,,,,external,,market,,,,agricultural_wholesale_market,农业农村部定点农产品批发市场,农业农村部定点市场,false,false,false,true,false,true,false,false,false,false,false,false,true,false,false,,,,,,false,false,false,,,,,,,,,,,,,,,,,,,,,1,wholesale_market,data/raw/moa_designated_wholesale_markets_2024.pdf,rec_cb6d19c9c1de4379,A,true,按 PDF 两列表格抽取;原文件未提供详细地址和坐标。
cand_4684c8ddcfad0346,中国武城辣椒城,中国武城辣椒城,中国武城辣椒城,山东省,,,,,external,,market,,,,agricultural_wholesale_market,农业农村部定点农产品批发市场,农业农村部定点市场,false,false,false,true,false,false,false,false,false,false,false,false,true,false,false,,,,,,false,false,false,,,,,,,,,,,,,,,,,,,,,1,wholesale_market,data/raw/moa_designated_wholesale_markets_2024.pdf,rec_a7e9bf9a178c5817,A,true,按 PDF 两列表格抽取;原文件未提供详细地址和坐标。
cand_46f6f2941cb3b72b,平果鑫和食品配送有限公司,平果鑫和食品配送有限公司,平果鑫和食品配送有限公司,广西壮族自治区,百色市,平果市,,百色市/平果市,reserve,,organization,,,,government_procurement_supplier,鲜肉类,政府采购入围/中标供应商,false,false,true,true,true,false,false,false,false,false,false,false,true,false,false,,,,,,false,false,true,,,,,,,,,,,,,,,,,,,,,1,government_procurement,data/raw/pingguo_meat_suppliers.pdf,rec_efcde9e44bb3b8a0,C,true,"采购供应商身份不等同于实体仓储节点。 采购资料未提供企业地址；服务项目区域与企业所在地严格分开。 PDF 表格未提供地址和统一社会信用代码;服务项目所在地为平果市,不能据此推断企业所在地。 采购供应商地址不自动视为仓库地址；仅在原文出现仓库、粮库、配送中心、冷库、厂房等明确词时标记相应能力。"
cand_477a7dd5f7426e0e,南宁市武鸣区岭南粮油工贸有限责任公司,南宁市武鸣区岭南粮油工贸有限责任公司,南宁市武鸣区岭南粮油工贸有限责任公司,广西壮族自治区,南宁市,武鸣区,,,primary,,organization,,,,other,储备商品管理公司及其直属库,广西储备商品管理公司及其直属库名单(桂财税〔2024〕8号),true,true,false,false,false,false,false,false,false,false,false,false,false,false,false,,,,,,false,true,false,,,,,,,,,,,,,,,,,,,,,1,grain_reserve,data/raw/guangxi_reserve_companies_2024.html,rec_828a5606b8b1877c,A,true,属于储备商品管理公司及其直属库名单，但名称不足以安全判断为具体粮库或储备管理机构。 使用 lxml 从 HTML 正文容器按“行政区标题 + 序号 + 单位名称”结构抽取;原正文段落序号 53。
cand_478617c6005c7bd4,新腾(山东)供应链科技有限公司(山东沂南县北于蔬菜交易市场),新腾(山东)供应链科技有限公司(山东沂南县北于蔬菜交易市场),新腾(山东)供应链科技有限公司(山东沂南县北于蔬菜交易市场),山东省,,,,,external,,market,,,,agricultural_wholesale_market,农业农村部定点农产品批发市场,农业农村部定点市场,false,false,false,true,false,true,false,false,false,false,false,false,true,false,false,,,,,,false,false,false,,,,,,,,,,,,,,,,,,,,,1,wholesale_market,data/raw/moa_designated_wholesale_markets_2024.pdf,rec_e19b2ba0e7d45b42,A,true,按 PDF 两列表格抽取;原文件未提供详细地址和坐标。
cand_4791986341039292,河南天香面业有限公司,河南天香面业有限公司,河南天香面业有限公司,河南省,,,,全国,external,,organization,,,,other,国家级粮食应急保障企业,国家级粮食应急保障企业,true,false,false,false,false,false,false,false,false,false,false,false,false,false,false,,,,,,true,false,false,,,,,,,,,,,,,,,,,,,,,1,grain_emergency,data/raw/national_emergency_grain_enterprises_batch2.pdf,rec_54d730a3834929ea,B,true,官方名单未给出储运、加工、配送等具体子类，保守归为 other。 保留国家级粮食应急保障企业身份，不凭名称猜测具体功能分类。 按 PDF 文本层中的编号名单逐条抽取;原文件未提供地址和具体功能子类。
cand_47a8b5a603e81608,东兰县粮食和物资储备中心,东兰县粮食和物资储备中心,东兰县粮食和物资储备中心,广西壮族自治区,河池市,东兰县,,,reserve,,organization,,,,grain_reserve,储备商品管理公司及其直属库,广西储备商品管理公司及其直属库名单(桂财税〔2024〕8号),true,false,false,false,false,false,false,false,false,false,false,false,false,false,false,,,,,,false,true,false,,,,,,,,,,,,,,,,,,,,,1,grain_reserve,data/raw/guangxi_reserve_companies_2024.html,rec_01947c95c3a0c71b,A,true,名单证明储备体系资格，但企业主体或管理机构名称不等同于具体物理粮库。 使用 lxml 从 HTML 正文容器按“行政区标题 + 序号 + 单位名称”结构抽取;原正文段落序号 282。
cand_47f6edb229f49de0,河北秦皇岛农副产品批发市场,河北秦皇岛农副产品批发市场,河北秦皇岛农副产品批发市场,河北省,,,,,external,,market,,,,agricultural_wholesale_market,农业农村部定点农产品批发市场,农业农村部定点市场,false,false,false,true,false,false,false,false,false,false,false,false,true,false,false,,,,,,false,false,false,,,,,,,,,,,,,,,,,,,,,1,wholesale_market,data/raw/moa_designated_wholesale_markets_2024.pdf,rec_69f5c3ba8e57be10,A,true,按 PDF 两列表格抽取;原文件未提供详细地址和坐标。
cand_4831e939eac32df8,甘肃陇南农副产品批发交易中心,甘肃陇南农副产品批发交易中心,甘肃陇南农副产品批发交易中心,甘肃省,,,,,external,,market,,,,agricultural_wholesale_market,农业农村部定点农产品批发市场,农业农村部定点市场,false,false,false,true,false,false,false,false,false,false,false,false,true,false,false,,,,,,false,false,false,,,,,,,,,,,,,,,,,,,,,1,wholesale_market,data/raw/moa_designated_wholesale_markets_2024.pdf,rec_585c97739018b8b3,A,true,按 PDF 两列表格抽取;原文件未提供详细地址和坐标。
cand_483c06d582eb9320,广西明君供应链有限公司,广西明君供应链有限公司,广西明君供应链有限公司,广西壮族自治区,,,北湖北路20号云星·城市春天23号楼1104号,贵港市,reserve,91450107MACWTGMP4B,organization,,,,government_procurement_supplier,奶制品及饮品,政府采购入围/中标供应商,false,false,true,true,false,false,false,false,true,false,false,false,false,false,false,,,,,,false,false,true,,,,,,,,,,,,,,,,,,,,,1,government_procurement,data/raw/guigang_food_suppliers_310.pdf,rec_5e41572dc8fca0cd,C,true,"采购供应商身份不等同于实体仓储节点。 采购资料中的地址按企业登记/联系地址处理，不自动等同于仓库或配送节点地址。 可确认位于广西，但当前证据不足以安全确定地级市。 按 PDF 表格行批量抽取;地址视为供应商登记/联系地址,不自动认定为仓储节点。 采购供应商地址不自动视为仓库地址；仅在原文出现仓库、粮库、配送中心、冷库、厂房等明确词时标记相应能力。"
cand_484242ceb009ed92,四川三联禽畜水产交易中心,四川三联禽畜水产交易中心,四川三联禽畜水产交易中心,四川省,,,,,external,,market,,,,agricultural_wholesale_market,农业农村部定点农产品批发市场,农业农村部定点市场,false,false,false,true,false,false,false,true,false,false,false,false,true,false,false,,,,,,false,false,false,,,,,,,,,,,,,,,,,,,,,1,wholesale_market,data/raw/moa_designated_wholesale_markets_2024.pdf,rec_f0c879e61ec14d85,A,true,按 PDF 两列表格抽取;原文件未提供详细地址和坐标。
cand_4845a0275156f9cd,内蒙古包头市友谊蔬菜批发市场有限责任公司,内蒙古包头市友谊蔬菜批发市场有限责任公司,内蒙古包头市友谊蔬菜批发市场有限责任公司,内蒙古自治区,,,,,external,,market,,,,agricultural_wholesale_market,农业农村部定点农产品批发市场,农业农村部定点市场,false,false,false,true,false,true,false,false,false,false,false,false,true,false,false,,,,,,false,false,false,,,,,,,,,,,,,,,,,,,,,1,wholesale_market,data/raw/moa_designated_wholesale_markets_2024.pdf,rec_4f14baedc8f6a566,A,true,按 PDF 两列表格抽取;原文件未提供详细地址和坐标。
cand_4848517eb024c7a2,内蒙古察右后旗北方马铃薯批发市场有限责任公司,内蒙古察右后旗北方马铃薯批发市场有限责任公司,内蒙古察右后旗北方马铃薯批发市场有限责任公司,内蒙古自治区,,,,,external,,market,,,,agricultural_wholesale_market,农业农村部定点农产品批发市场,农业农村部定点市场,false,false,false,true,false,false,false,false,false,false,false,false,true,false,false,,,,,,false,false,false,,,,,,,,,,,,,,,,,,,,,1,wholesale_market,data/raw/moa_designated_wholesale_markets_2024.pdf,rec_8d12aa760745a25f,A,true,按 PDF 两列表格抽取;原文件未提供详细地址和坐标。
cand_4883a85ab1975174,广东连州市南北农产品批发市场有限公司,广东连州市南北农产品批发市场有限公司,广东连州市南北农产品批发市场有限公司,广东省,,,,,external,,market,,,,agricultural_wholesale_market,农业农村部定点农产品批发市场,农业农村部定点市场,false,false,false,true,false,false,false,false,false,false,false,false,true,false,false,,,,,,false,false,false,,,,,,,,,,,,,,,,,,,,,1,wholesale_market,data/raw/moa_designated_wholesale_markets_2024.pdf,rec_0024afa4ba04f90b,A,true,按 PDF 两列表格抽取;原文件未提供详细地址和坐标。
cand_4888652aba8cd13f,广西北流市正香食品有限责任公司,广西北流市正香食品有限责任公司,广西北流市正香食品有限责任公司,广西壮族自治区,玉林市,,,,reserve,,organization,,,,other,储备商品管理公司及其直属库,广西储备商品管理公司及其直属库名单(桂财税〔2024〕8号),true,false,true,false,false,false,false,false,false,false,false,false,false,false,false,,,,,,false,true,false,,,,,,,,,,,,,,,,,,,,,1,grain_reserve,data/raw/guangxi_reserve_companies_2024.html,rec_7ab6933539d1e813,A,true,属于储备商品管理公司及其直属库名单，但名称不足以安全判断为具体粮库或储备管理机构。 使用 lxml 从 HTML 正文容器按“行政区标题 + 序号 + 单位名称”结构抽取;原正文段落序号 299。
cand_48e0afd58cb79ee4,广西来邦供应链有限公司,广西来邦供应链有限公司,广西来邦供应链有限公司,广西壮族自治区,北海市,,北海市北海大道北、西藏路以西北海银河城市科技产业城3幢1205号房,北海市,reserve,91450500MA5NNB8N1Q,organization,,,,government_procurement_supplier,肉及水产类;果蔬类,政府采购入围/中标供应商,false,false,false,true,true,true,true,true,false,false,false,false,false,false,false,,,,,,false,false,true,,,,,,,,,,,,,,,,,,,,,2,government_procurement,data/raw/beihai_food_suppliers.pdf,rec_9157aca5151d53b1;rec_29fe122017fef73e,C,true,"采购供应商身份不等同于实体仓储节点。 采购资料中的地址按企业登记/联系地址处理，不自动等同于仓库或配送节点地址。 按 PDF 表格行批量抽取;地址视为供应商登记/联系地址,不自动认定为仓储节点。 采购供应商地址不自动视为仓库地址；仅在原文出现仓库、粮库、配送中心、冷库、厂房等明确词时标记相应能力。"
cand_491ab2c4a8342fea,来宾市粮食储备库,来宾市粮食储备库,来宾市粮食储备库,广西壮族自治区,来宾市,,,,reserve,,physical_site,,,,grain_depot,储备商品管理公司及其直属库,广西储备商品管理公司及其直属库名单(桂财税〔2024〕8号),true,false,false,false,false,false,false,false,false,false,true,false,false,false,false,,,,,,false,true,false,,,,,,,,,,,,,,,,,,,,,1,grain_reserve,data/raw/guangxi_reserve_companies_2024.html,rec_622ec881a282488b,A,true,使用 lxml 从 HTML 正文容器按“行政区标题 + 序号 + 单位名称”结构抽取;原正文段落序号 367。
cand_49482bb9f63ece05,四川春天花乐园国家花卉市场,四川春天花乐园国家花卉市场,四川春天花乐园国家花卉市场,四川省,,,,,external,,market,,,,agricultural_wholesale_market,农业农村部定点农产品批发市场,农业农村部定点市场,false,false,false,true,false,false,false,false,false,false,false,false,true,false,false,,,,,,false,false,false,,,,,,,,,,,,,,,,,,,,,1,wholesale_market,data/raw/moa_designated_wholesale_markets_2024.pdf,rec_b36d74e1519352fb,A,true,按 PDF 两列表格抽取;原文件未提供详细地址和坐标。
cand_496e79ef24839af0,广西壮族自治区黎塘粮食储备库有限公司,广西壮族自治区黎塘粮食储备库有限公司,广西壮族自治区黎塘粮食储备库有限公司,广西壮族自治区,南宁市,宾阳县,,,primary,,physical_site,,,,grain_depot,储备商品管理公司及其直属库,广西储备商品管理公司及其直属库名单(桂财税〔2024〕8号),true,false,false,false,false,false,false,false,false,false,true,false,false,false,false,,,,,,false,true,false,,,,,,,,,,,,,,,,,,,,,1,grain_reserve,data/raw/guangxi_reserve_companies_2024.html,rec_5db31527e4661750,A,true,使用 lxml 从 HTML 正文容器按“行政区标题 + 序号 + 单位名称”结构抽取;原正文段落序号 19。
cand_4976c28295a7a030,山东潍坊亿家安农贸批发市场有限公司,山东潍坊亿家安农贸批发市场有限公司,山东潍坊亿家安农贸批发市场有限公司,山东省,,,,,external,,market,,,,agricultural_wholesale_market,农业农村部定点农产品批发市场,农业农村部定点市场,false,false,false,true,false,false,false,false,false,false,false,false,true,false,false,,,,,,false,false,false,,,,,,,,,,,,,,,,,,,,,1,wholesale_market,data/raw/moa_designated_wholesale_markets_2024.pdf,rec_ff7707e5b10438a4,A,true,按 PDF 两列表格抽取;原文件未提供详细地址和坐标。
cand_49831ffcb62d20e2,黑龙江先锋农业生产资料交易市场有限责任公司,黑龙江先锋农业生产资料交易市场有限责任公司,黑龙江先锋农业生产资料交易市场有限责任公司,黑龙江省,,,,,external,,market,,,,agricultural_wholesale_market,农业农村部定点农产品批发市场,农业农村部定点市场,false,false,false,true,false,false,false,false,false,false,false,false,true,false,false,,,,,,false,false,false,,,,,,,,,,,,,,,,,,,,,1,wholesale_market,data/raw/moa_designated_wholesale_markets_2024.pdf,rec_6a2d9bb0d347de2e,A,true,按 PDF 两列表格抽取;原文件未提供详细地址和坐标。
cand_49b8e7766163cf5a,广东丰泉餐饮管理集团有限公司,广东丰泉餐饮管理集团有限公司,广东丰泉餐饮管理集团有限公司,广东省,,,广州市番禺区大龙街傍雁路13号四幢101,贵港市,external,91440113691509710J,organization,,,,government_procurement_supplier,畜肉类,政府采购入围/中标供应商,false,false,false,true,true,false,false,false,false,false,false,false,false,false,false,,,,,,false,false,true,,,,,,,,,,,,,,,,,,,,,1,government_procurement,data/raw/guigang_food_suppliers_310.pdf,rec_50196818e4517a39,C,true,"采购供应商身份不等同于实体仓储节点。 采购资料中的地址按企业登记/联系地址处理，不自动等同于仓库或配送节点地址。 按 PDF 表格行批量抽取;地址视为供应商登记/联系地址,不自动认定为仓储节点。 采购供应商地址不自动视为仓库地址；仅在原文出现仓库、粮库、配送中心、冷库、厂房等明确词时标记相应能力。"
cand_4a0949ab080f54a6,广西壮族自治区储备粮管理集团有限公司,广西壮族自治区储备粮管理集团有限公司,广西壮族自治区储备粮管理集团有限公司,广西壮族自治区,,,,,reserve,,organization,,,,grain_reserve,储备商品管理公司及其直属库,广西储备商品管理公司及其直属库名单(桂财税〔2024〕8号),true,false,false,false,false,false,false,false,false,false,false,false,false,false,false,,,,,,false,true,false,,,,,,,,,,,,,,,,,,,,,1,grain_reserve,data/raw/guangxi_reserve_companies_2024.html,rec_93ccd352460cc55a,A,true,名单证明储备体系资格，但企业主体或管理机构名称不等同于具体物理粮库。 可确认位于广西，但当前证据不足以安全确定地级市。 使用 lxml 从 HTML 正文容器按“行政区标题 + 序号 + 单位名称”结构抽取;原正文段落序号 17。
cand_4a3ae4cd782ea90e,广西渔公子配送有限公司,广西渔公子配送有限公司,广西渔公子配送有限公司,广西壮族自治区,贵港市,港北区,广西壮族自治区贵港市港北区震塘村三队回头龙岭(港北区中学入口300米)(陈基梅、李毓亮房屋),贵港市,reserve,91450800MA7B4DY38A,organization,,,,government_procurement_supplier,鱼及水产;冷冻品类,政府采购入围/中标供应商,false,false,true,true,false,false,false,true,false,false,false,false,true,false,false,,,,,,false,false,true,,,,,,,,,,,,,,,,,,,,,2,government_procurement,data/raw/guigang_food_suppliers_310.pdf,rec_73466e2fbfb88ffa;rec_081024fb5408839a,C,true,"采购供应商身份不等同于实体仓储节点。 采购资料中的地址按企业登记/联系地址处理，不自动等同于仓库或配送节点地址。 按 PDF 表格行批量抽取;地址视为供应商登记/联系地址,不自动认定为仓储节点。 采购供应商地址不自动视为仓库地址；仅在原文出现仓库、粮库、配送中心、冷库、厂房等明确词时标记相应能力。"
cand_4a6288a96ab1d5b9,河北石家庄雨润农产品全球采购有限公司(河北石家庄雨润农产品全球采购中心),河北石家庄雨润农产品全球采购有限公司(河北石家庄雨润农产品全球采购中心),河北石家庄雨润农产品全球采购有限公司(河北石家庄雨润农产品全球采购中心),河北省,,,,,external,,market,,,,agricultural_wholesale_market,农业农村部定点农产品批发市场,农业农村部定点市场,false,false,false,true,false,false,false,false,false,false,false,false,true,false,false,,,,,,false,false,false,,,,,,,,,,,,,,,,,,,,,1,wholesale_market,data/raw/moa_designated_wholesale_markets_2024.pdf,rec_44f59fd0bd8ad971,A,true,按 PDF 两列表格抽取;原文件未提供详细地址和坐标。
cand_4ac834b0c41226be,河南新乡市牧绿菜业股份有限公司(河南新乡市牧绿菜业批发市场),河南新乡市牧绿菜业股份有限公司(河南新乡市牧绿菜业批发市场),河南新乡市牧绿菜业股份有限公司(河南新乡市牧绿菜业批发市场),河南省,,,,,external,,market,,,,agricultural_wholesale_market,农业农村部定点农产品批发市场,农业农村部定点市场,false,false,false,true,false,true,false,false,false,false,false,false,true,false,false,,,,,,false,false,false,,,,,,,,,,,,,,,,,,,,,1,wholesale_market,data/raw/moa_designated_wholesale_markets_2024.pdf,rec_62affbcdb74594ed,A,true,按 PDF 两列表格抽取;原文件未提供详细地址和坐标。
cand_4ad596ffa07b1b32,甘肃甘谷浙江商贸城农产品冷链物流中心,甘肃甘谷浙江商贸城农产品冷链物流中心,甘肃甘谷浙江商贸城农产品冷链物流中心,浙江省,,,,,external,,market,,,,agricultural_wholesale_market,农业农村部定点农产品批发市场,农业农村部定点市场,false,false,false,true,false,false,false,false,false,false,false,false,true,false,true,,,,,,false,false,false,,,,,,,,,,,,,,,,,,,,,1,wholesale_market,data/raw/moa_designated_wholesale_markets_2024.pdf,rec_980be7140b89a899,A,true,按 PDF 两列表格抽取;原文件未提供详细地址和坐标。
cand_4b34b1729b033e70,湖北武汉白沙洲农副产品大市场有限公司,湖北武汉白沙洲农副产品大市场有限公司,湖北武汉白沙洲农副产品大市场有限公司,湖北省,,,,,external,,market,,,,agricultural_wholesale_market,农业农村部定点农产品批发市场,农业农村部定点市场,false,false,false,true,false,false,false,false,false,false,false,false,true,false,false,,,,,,false,false,false,,,,,,,,,,,,,,,,,,,,,1,wholesale_market,data/raw/moa_designated_wholesale_markets_2024.pdf,rec_fd6ca86aba1c9ebe,A,true,按 PDF 两列表格抽取;原文件未提供详细地址和坐标。
cand_4bd8a61e49192fe8,灵山县粮油收储有限责任公司,灵山县粮油收储有限责任公司,灵山县粮油收储有限责任公司,广西壮族自治区,钦州市,灵山县,,,reserve,,organization,,,,grain_reserve,储备商品管理公司及其直属库,广西储备商品管理公司及其直属库名单(桂财税〔2024〕8号),true,true,false,false,false,false,false,false,false,false,false,false,false,false,false,,,,,,false,true,false,,,,,,,,,,,,,,,,,,,,,1,grain_reserve,data/raw/guangxi_reserve_companies_2024.html,rec_b42d50b064235073,A,true,名单证明储备体系资格，但企业主体或管理机构名称不等同于具体物理粮库。 使用 lxml 从 HTML 正文容器按“行政区标题 + 序号 + 单位名称”结构抽取;原正文段落序号 189。
cand_4bdd34223e0f1dcb,安徽淮南市安成鑫海农产品批发市场有限公司(安徽淮南安成批发市场),安徽淮南市安成鑫海农产品批发市场有限公司(安徽淮南安成批发市场),安徽淮南市安成鑫海农产品批发市场有限公司(安徽淮南安成批发市场),安徽省,,,,,external,,market,,,,agricultural_wholesale_market,农业农村部定点农产品批发市场,农业农村部定点市场,false,false,false,true,false,false,false,false,false,false,false,false,true,false,false,,,,,,false,false,false,,,,,,,,,,,,,,,,,,,,,1,wholesale_market,data/raw/moa_designated_wholesale_markets_2024.pdf,rec_a92735896128c880,A,true,按 PDF 两列表格抽取;原文件未提供详细地址和坐标。
cand_4bdd693d364b75d9,广西贵港市尚丰配送有限公司,广西贵港市尚丰配送有限公司,广西贵港市尚丰配送有限公司,广西壮族自治区,贵港市,覃塘区,广西壮族自治区贵港市覃塘区覃塘街道石叠垌C区29号,贵港市,reserve,91450800MA7B5T2W02,organization,,,,government_procurement_supplier,生鲜时蔬、水果类,政府采购入围/中标供应商,false,false,false,true,false,true,true,false,false,false,false,false,true,false,false,,,,,,false,false,true,,,,,,,,,,,,,,,,,,,,,1,government_procurement,data/raw/guigang_food_suppliers_310.pdf,rec_db9f16d61e5988e1,C,true,"采购供应商身份不等同于实体仓储节点。 采购资料中的地址按企业登记/联系地址处理，不自动等同于仓库或配送节点地址。 按 PDF 表格行批量抽取;地址视为供应商登记/联系地址,不自动认定为仓储节点。 采购供应商地址不自动视为仓库地址；仅在原文出现仓库、粮库、配送中心、冷库、厂房等明确词时标记相应能力。"
cand_4c480fcdcc6ba518,安徽芜湖大地农副产品批发市场管理有限责任公司(安徽芜湖大地农副,安徽芜湖大地农副产品批发市场管理有限责任公司(安徽芜湖大地农副,安徽芜湖大地农副产品批发市场管理有限责任公司(安徽芜湖大地农副,安徽省,,,,,external,,market,,,,agricultural_wholesale_market,农业农村部定点农产品批发市场,农业农村部定点市场,false,false,false,true,false,false,false,false,false,false,false,false,true,false,false,,,,,,false,false,false,,,,,,,,,,,,,,,,,,,,,1,wholesale_market,data/raw/moa_designated_wholesale_markets_2024.pdf,rec_c2cc9f26692040aa,A,true,按 PDF 两列表格抽取;原文件未提供详细地址和坐标。
cand_4c72cf86700755c8,南宁市邕宁区新江镇粮食管理所,南宁市邕宁区新江镇粮食管理所,南宁市邕宁区新江镇粮食管理所,广西壮族自治区,南宁市,邕宁区,,,primary,,unknown,,,,grain_reserve,储备商品管理公司及其直属库,广西储备商品管理公司及其直属库名单(桂财税〔2024〕8号),true,false,false,false,false,false,false,false,false,false,false,false,false,false,false,,,,,,false,true,false,,,,,,,,,,,,,,,,,,,,,1,grain_reserve,data/raw/guangxi_reserve_companies_2024.html,rec_8fd6a836a6609a71,A,true,名单证明储备体系资格，但企业主体或管理机构名称不等同于具体物理粮库。 使用 lxml 从 HTML 正文容器按“行政区标题 + 序号 + 单位名称”结构抽取;原正文段落序号 44。
cand_4c891bf58b231821,广西捷奥食品配送有限公司,广西捷奥食品配送有限公司,广西捷奥食品配送有限公司,广西壮族自治区,贵港市,港北区,广西壮族自治区贵港市港北区西江产业园所西四路与西一路交汇处西北角(新宇电气科技有限责任公司厂区宿舍楼),贵港市,reserve,91450800MADP8R0P55,organization,,,,government_procurement_supplier,畜肉类;禽肉类;鲜湿米粉、面食、糕点等早餐类、豆制品类;蛋品类;大米类;食用油类;副食品;调味品类;奶制品及饮品,政府采购入围/中标供应商,true,true,true,true,true,false,false,false,true,false,false,false,true,false,false,,,,,,false,false,true,,,,,,,,,,,,,,,,,,,,,9,government_procurement,data/raw/guigang_food_suppliers_310.pdf,rec_cb997e06e1e0e09d;rec_2a76f9507b1bcd36;rec_6a1f37be72186a61;rec_90cc1ca2d9afd1f0;rec_ef3e2a0e9b871f7c;rec_f2c094944bd03ea7;rec_59c2a5e83532072c;rec_37c09729688edf49;rec_8c3855836ae8bc56,C,true,"采购供应商身份不等同于实体仓储节点。 采购资料中的地址按企业登记/联系地址处理，不自动等同于仓库或配送节点地址。 按 PDF 表格行批量抽取;地址视为供应商登记/联系地址,不自动认定为仓储节点。 采购供应商地址不自动视为仓库地址；仅在原文出现仓库、粮库、配送中心、冷库、厂房等明确词时标记相应能力。"
cand_4cb83b13beb5a355,河南济源市亚桥农产品有限责任公司(河南济源亚桥农贸市场),河南济源市亚桥农产品有限责任公司(河南济源亚桥农贸市场),河南济源市亚桥农产品有限责任公司(河南济源亚桥农贸市场),河南省,,,,,external,,market,,,,agricultural_wholesale_market,农业农村部定点农产品批发市场,农业农村部定点市场,false,false,false,true,false,false,false,false,false,false,false,false,true,false,false,,,,,,false,false,false,,,,,,,,,,,,,,,,,,,,,1,wholesale_market,data/raw/moa_designated_wholesale_markets_2024.pdf,rec_4522b36eff46ee21,A,true,按 PDF 两列表格抽取;原文件未提供详细地址和坐标。
cand_4cc9e9e7b22afaf3,湖南吉首市蔬菜果品批发大市场,湖南吉首市蔬菜果品批发大市场,湖南吉首市蔬菜果品批发大市场,湖南省,,,,,external,,market,,,,agricultural_wholesale_market,农业农村部定点农产品批发市场,农业农村部定点市场,false,false,false,true,false,true,true,false,false,false,false,false,true,false,false,,,,,,false,false,false,,,,,,,,,,,,,,,,,,,,,1,wholesale_market,data/raw/moa_designated_wholesale_markets_2024.pdf,rec_e2069357e8eab001,A,true,按 PDF 两列表格抽取;原文件未提供详细地址和坐标。
cand_4cf38b8e02bb5be1,浙江庆元香菇市场,浙江庆元香菇市场,浙江庆元香菇市场,浙江省,,,,,external,,market,,,,agricultural_wholesale_market,农业农村部定点农产品批发市场,农业农村部定点市场,false,false,false,true,false,false,false,false,false,false,false,false,true,false,false,,,,,,false,false,false,,,,,,,,,,,,,,,,,,,,,1,wholesale_market,data/raw/moa_designated_wholesale_markets_2024.pdf,rec_a61116969bc4fb06,A,true,按 PDF 两列表格抽取;原文件未提供详细地址和坐标。
cand_4cf53431e8eff67f,崇左市粮食直属储备库,崇左市粮食直属储备库,崇左市粮食直属储备库,广西壮族自治区,崇左市,,,,reserve,,physical_site,,,,grain_depot,储备商品管理公司及其直属库,广西储备商品管理公司及其直属库名单(桂财税〔2024〕8号),true,false,false,false,false,false,false,false,false,false,true,false,false,false,false,,,,,,false,true,false,,,,,,,,,,,,,,,,,,,,,1,grain_reserve,data/raw/guangxi_reserve_companies_2024.html,rec_6934fda4a6e88f4b,A,true,使用 lxml 从 HTML 正文容器按“行政区标题 + 序号 + 单位名称”结构抽取;原正文段落序号 384。
cand_4cfa8c52ac9eb309,防城港市储备粮管理中心,防城港市储备粮管理中心,防城港市储备粮管理中心,广西壮族自治区,防城港市,,,,reserve,,organization,,,,grain_reserve,储备商品管理公司及其直属库,广西储备商品管理公司及其直属库名单(桂财税〔2024〕8号),true,false,false,false,false,false,false,false,false,false,false,false,false,false,false,,,,,,false,true,false,,,,,,,,,,,,,,,,,,,,,1,grain_reserve,data/raw/guangxi_reserve_companies_2024.html,rec_838e363155d27b8b,A,true,名单证明储备体系资格，但企业主体或管理机构名称不等同于具体物理粮库。 使用 lxml 从 HTML 正文容器按“行政区标题 + 序号 + 单位名称”结构抽取;原正文段落序号 209。
cand_4d43b6a73af44f63,河北保定新发地联农批发市场,河北保定新发地联农批发市场,河北保定新发地联农批发市场,河北省,,,,,external,,market,,,,agricultural_wholesale_market,农业农村部定点农产品批发市场,农业农村部定点市场,false,false,false,true,false,false,false,false,false,false,false,false,true,false,false,,,,,,false,false,false,,,,,,,,,,,,,,,,,,,,,1,wholesale_market,data/raw/moa_designated_wholesale_markets_2024.pdf,rec_1d4185b670a5b68a,A,true,按 PDF 两列表格抽取;原文件未提供详细地址和坐标。
cand_4d938ee57ec43488,青海西宁盛强综合批发市场,青海西宁盛强综合批发市场,青海西宁盛强综合批发市场,青海省,,,,,external,,market,,,,agricultural_wholesale_market,农业农村部定点农产品批发市场,农业农村部定点市场,false,false,false,true,false,false,false,false,false,false,false,false,true,false,false,,,,,,false,false,false,,,,,,,,,,,,,,,,,,,,,1,wholesale_market,data/raw/moa_designated_wholesale_markets_2024.pdf,rec_17b606fd7d419e74,A,true,按 PDF 两列表格抽取;原文件未提供详细地址和坐标。
cand_4db459e3227aadbf,山东日照新发地农副产品批发市场,山东日照新发地农副产品批发市场,山东日照新发地农副产品批发市场,山东省,,,,,external,,market,,,,agricultural_wholesale_market,农业农村部定点农产品批发市场,农业农村部定点市场,false,false,false,true,false,false,false,false,false,false,false,false,true,false,false,,,,,,false,false,false,,,,,,,,,,,,,,,,,,,,,1,wholesale_market,data/raw/moa_designated_wholesale_markets_2024.pdf,rec_33cfd0f0f34195f9,A,true,按 PDF 两列表格抽取;原文件未提供详细地址和坐标。
cand_4e2cb8681aa2a4ee,广西华创农牧业发展有限公司,广西华创农牧业发展有限公司,广西华创农牧业发展有限公司,广西壮族自治区,贵港市,港北区,贵港市港北区解放北路龙圣小区1幢A区20、21号,贵港市,reserve,914508020994519517,organization,,,,government_procurement_supplier,畜肉类;禽肉类;生鲜时蔬、水果类;冷冻品类,政府采购入围/中标供应商,false,false,true,true,true,true,true,false,false,false,false,false,false,false,false,,,,,,false,false,true,,,,,,,,,,,,,,,,,,,,,4,government_procurement,data/raw/guigang_food_suppliers_310.pdf,rec_fa0e1a26acae56b4;rec_7da994ac10c2df16;rec_d57667421953430c;rec_427e8156bff2ebd5,C,true,"采购供应商身份不等同于实体仓储节点。 采购资料中的地址按企业登记/联系地址处理，不自动等同于仓库或配送节点地址。 按 PDF 表格行批量抽取;地址视为供应商登记/联系地址,不自动认定为仓储节点。 采购供应商地址不自动视为仓库地址；仅在原文出现仓库、粮库、配送中心、冷库、厂房等明确词时标记相应能力。"
cand_4e794775250fb2ea,贵州黔东南银田农产品物流园,贵州黔东南银田农产品物流园,贵州黔东南银田农产品物流园,贵州省,,,,,external,,market,,,,agricultural_wholesale_market,农业农村部定点农产品批发市场,农业农村部定点市场,false,false,false,true,false,false,false,false,false,false,false,false,true,false,false,,,,,,false,false,false,,,,,,,,,,,,,,,,,,,,,1,wholesale_market,data/raw/moa_designated_wholesale_markets_2024.pdf,rec_9c39c74ea0cec43a,A,true,按 PDF 两列表格抽取;原文件未提供详细地址和坐标。
cand_4f02d7d43525f947,广西多递湾贸易集团有限公司,广西多递湾贸易集团有限公司,广西多递湾贸易集团有限公司,广西壮族自治区,,,,百色市/平果市,reserve,,organization,,,,government_procurement_supplier,鲜肉类;生鲜时蔬、水果类,政府采购入围/中标供应商,false,false,true,true,true,true,true,false,false,false,false,false,false,false,false,,,,,,false,false,true,,,,,,,,,,,,,,,,,,,,,2,government_procurement,data/raw/pingguo_meat_suppliers.pdf;data/raw/pingguo_vegetable_fruit_suppliers.pdf,rec_08d09792cd839940;rec_0a1a4ed23880be54,C,true,"采购供应商身份不等同于实体仓储节点。 采购资料未提供企业地址；服务项目区域与企业所在地严格分开。 可确认位于广西，但当前证据不足以安全确定地级市。 PDF 表格未提供地址和统一社会信用代码;服务项目所在地为平果市,不能据此推断企业所在地。 采购供应商地址不自动视为仓库地址；仅在原文出现仓库、粮库、配送中心、冷库、厂房等明确词时标记相应能力。"
cand_4f4774a8c7a551dd,罗城仫佬族自治县储备粮管理公司,罗城仫佬族自治县储备粮管理公司,罗城仫佬族自治县储备粮管理公司,广西壮族自治区,河池市,罗城仫佬族自治县,,,reserve,,organization,,,,grain_reserve,储备商品管理公司及其直属库,广西储备商品管理公司及其直属库名单(桂财税〔2024〕8号),true,false,false,false,false,false,false,false,false,false,false,false,false,false,false,,,,,,false,true,false,,,,,,,,,,,,,,,,,,,,,1,grain_reserve,data/raw/guangxi_reserve_companies_2024.html,rec_598b05fed1d50b09,A,true,名单证明储备体系资格，但企业主体或管理机构名称不等同于具体物理粮库。 使用 lxml 从 HTML 正文容器按“行政区标题 + 序号 + 单位名称”结构抽取;原正文段落序号 273。
cand_4fe1097d58f3cd3b,广西衡尚餐饮管理有限公司,广西衡尚餐饮管理有限公司,广西衡尚餐饮管理有限公司,广西壮族自治区,南宁市,,南宁市桃源路62号市体育局饭堂(基地食尚家)第1-4层,贵港市;百色市/平果市,primary,91450100MA5KF7MPXT,organization,,,,government_procurement_supplier,鱼及水产;鲜肉类;生鲜时蔬、水果类,政府采购入围/中标供应商,false,false,true,true,true,true,true,true,false,false,false,false,false,false,false,,,,,,false,false,true,,,,,,,,,,,,,,,,,,,,,3,government_procurement,data/raw/guigang_food_suppliers_310.pdf;data/raw/pingguo_meat_suppliers.pdf;data/raw/pingguo_vegetable_fruit_suppliers.pdf,rec_ae477449c8866170;rec_bc95e8a84ae5efa0;rec_a48572d647c2151e,C,true,"采购供应商身份不等同于实体仓储节点。 采购资料中的地址按企业登记/联系地址处理，不自动等同于仓库或配送节点地址。 按 PDF 表格行批量抽取;地址视为供应商登记/联系地址,不自动认定为仓储节点。 采购供应商身份不等同于实体仓储节点。 采购资料未提供企业地址；服务项目区域与企业所在地严格分开。 可确认位于广西，但当前证据不足以安全确定地级市。 PDF 表格未提供地址和统一社会信用代码;服务项目所在地为平果市,不能据此推断企业所在地。 采购供应商地址不自动视为仓库地址；仅在原文出现仓库、粮库、配送中心、冷库、厂房等明确词时标记相应能力。"
cand_50002a0ad5c3fd7c,黑龙江齐齐哈尔水产品批发市场,黑龙江齐齐哈尔水产品批发市场,黑龙江齐齐哈尔水产品批发市场,黑龙江省,,,,,external,,market,,,,agricultural_wholesale_market,农业农村部定点农产品批发市场,农业农村部定点市场,false,false,false,true,false,false,false,true,false,false,false,false,true,false,false,,,,,,false,false,false,,,,,,,,,,,,,,,,,,,,,1,wholesale_market,data/raw/moa_designated_wholesale_markets_2024.pdf,rec_304dde42d03a3a69,A,true,按 PDF 两列表格抽取;原文件未提供详细地址和坐标。
cand_5004f0f5c11baa0d,新疆明珠花卉市场,新疆明珠花卉市场,新疆明珠花卉市场,新疆维吾尔自治区,,,,,external,,market,,,,agricultural_wholesale_market,农业农村部定点农产品批发市场,农业农村部定点市场,false,false,false,true,false,false,false,false,false,false,false,false,true,false,false,,,,,,false,false,false,,,,,,,,,,,,,,,,,,,,,1,wholesale_market,data/raw/moa_designated_wholesale_markets_2024.pdf,rec_a782c57618e67797,A,true,按 PDF 两列表格抽取;原文件未提供详细地址和坐标。
cand_5086b308441ac722,重庆潼南蔬菜批发物流市场有限公司,重庆潼南蔬菜批发物流市场有限公司,重庆潼南蔬菜批发物流市场有限公司,重庆市,重庆市,,,,external,,market,,,,agricultural_wholesale_market,农业农村部定点农产品批发市场,农业农村部定点市场,false,false,false,true,false,true,false,false,false,false,false,false,true,false,false,,,,,,false,false,false,,,,,,,,,,,,,,,,,,,,,1,wholesale_market,data/raw/moa_designated_wholesale_markets_2024.pdf,rec_c0132ed29cc6f3de,A,true,按 PDF 两列表格抽取;原文件未提供详细地址和坐标。
cand_5087fcaf3e904b63,江西萍乡市城南农副产品批发市场,江西萍乡市城南农副产品批发市场,江西萍乡市城南农副产品批发市场,江西省,,,,,external,,market,,,,agricultural_wholesale_market,农业农村部定点农产品批发市场,农业农村部定点市场,false,false,false,true,false,false,false,false,false,false,false,false,true,false,false,,,,,,false,false,false,,,,,,,,,,,,,,,,,,,,,1,wholesale_market,data/raw/moa_designated_wholesale_markets_2024.pdf,rec_c02df342113357a5,A,true,按 PDF 两列表格抽取;原文件未提供详细地址和坐标。
cand_50a6ae91da776fa0,辽宁凌源市四官营子果菜批发市场,辽宁凌源市四官营子果菜批发市场,辽宁凌源市四官营子果菜批发市场,辽宁省,,,,,external,,market,,,,agricultural_wholesale_market,农业农村部定点农产品批发市场,农业农村部定点市场,false,false,false,true,false,true,true,false,false,false,false,false,true,false,false,,,,,,false,false,false,,,,,,,,,,,,,,,,,,,,,1,wholesale_market,data/raw/moa_designated_wholesale_markets_2024.pdf,rec_5f8cde71b8914c45,A,true,按 PDF 两列表格抽取;原文件未提供详细地址和坐标。
cand_50c8b5cce04297c0,湖北新华南国际果品(湖北华南果品批发市场),湖北新华南国际果品(湖北华南果品批发市场),湖北新华南国际果品(湖北华南果品批发市场),湖北省,,,,,external,,market,,,,agricultural_wholesale_market,农业农村部定点农产品批发市场,农业农村部定点市场,false,false,false,true,false,false,true,false,false,false,false,false,true,false,false,,,,,,false,false,false,,,,,,,,,,,,,,,,,,,,,1,wholesale_market,data/raw/moa_designated_wholesale_markets_2024.pdf,rec_841bf84210e172bd,A,true,按 PDF 两列表格抽取;原文件未提供详细地址和坐标。
cand_50cd530ac6642c5c,中国供销上饶农产品交易城,中国供销上饶农产品交易城,中国供销上饶农产品交易城,江西省,,,,,external,,market,,,,agricultural_wholesale_market,农业农村部定点农产品批发市场,农业农村部定点市场,false,false,false,true,false,false,false,false,false,false,false,false,true,false,false,,,,,,false,false,false,,,,,,,,,,,,,,,,,,,,,1,wholesale_market,data/raw/moa_designated_wholesale_markets_2024.pdf,rec_d5bf7f664c65638f,A,true,按 PDF 两列表格抽取;原文件未提供详细地址和坐标。
cand_50ebf0964f15c3fc,广西柏力食品有限公司,广西柏力食品有限公司,广西柏力食品有限公司,广西壮族自治区,贵港市,平南县,平南县工业园区,贵港市,reserve,91450821310135955K,organization,,,,government_procurement_supplier,冷冻品类;大米类;食用油类;副食品;调味品类;奶制品及饮品,政府采购入围/中标供应商,true,true,true,true,false,false,false,false,true,false,false,false,false,false,false,,,,,,false,false,true,,,,,,,,,,,,,,,,,,,,,6,government_procurement,data/raw/guigang_food_suppliers_310.pdf,rec_1bd28d9816ac3641;rec_4c7c69eb0999182b;rec_d07d3e4c31a64096;rec_3847ea94db66fa60;rec_264d7515303a0cbe;rec_a37b2fa291d890af,C,true,"采购供应商身份不等同于实体仓储节点。 采购资料中的地址按企业登记/联系地址处理，不自动等同于仓库或配送节点地址。 按 PDF 表格行批量抽取;地址视为供应商登记/联系地址,不自动认定为仓储节点。 采购供应商地址不自动视为仓库地址；仅在原文出现仓库、粮库、配送中心、冷库、厂房等明确词时标记相应能力。"
cand_5132e9e873b694bc,山西长治市紫坊农产品综合交易市场有限公司,山西长治市紫坊农产品综合交易市场有限公司,山西长治市紫坊农产品综合交易市场有限公司,山西省,,,,,external,,market,,,,agricultural_wholesale_market,农业农村部定点农产品批发市场,农业农村部定点市场,false,false,false,true,false,false,false,false,false,false,false,false,true,false,false,,,,,,false,false,false,,,,,,,,,,,,,,,,,,,,,1,wholesale_market,data/raw/moa_designated_wholesale_markets_2024.pdf,rec_0e8dfd0184ce38c4,A,true,按 PDF 两列表格抽取;原文件未提供详细地址和坐标。
cand_516d219c91ea35bc,广东佛山中南农产品批发市场,广东佛山中南农产品批发市场,广东佛山中南农产品批发市场,广东省,,,,,external,,market,,,,agricultural_wholesale_market,农业农村部定点农产品批发市场,农业农村部定点市场,false,false,false,true,false,false,false,false,false,false,false,false,true,false,false,,,,,,false,false,false,,,,,,,,,,,,,,,,,,,,,1,wholesale_market,data/raw/moa_designated_wholesale_markets_2024.pdf,rec_40cb19d06d79a83d,A,true,按 PDF 两列表格抽取;原文件未提供详细地址和坐标。
cand_51a15c6a164e752f,南宁市储备粮管理有限责任公司沙井粮库,南宁市储备粮管理有限责任公司沙井粮库,南宁市储备粮管理有限责任公司沙井粮库,广西壮族自治区,南宁市,江南区,南宁市江南区旱塘路9号,,primary,,physical_site,南宁市储备粮管理有限责任公司,cand_91ebae3cd24b144c,grain_storage_site,grain_depot,储备商品管理公司及其直属库,广西储备商品管理公司及其直属库名单(桂财税〔2024〕8号),true,false,false,false,false,false,false,false,false,false,true,false,false,false,false,,,,,,false,true,false,,,,108.268884,22.792138,GCJ02,success,high,true,manual_verified_public_evidence,addr_ev_b17077ab7c26efe2,A,door_number,high,https://finance.sina.cn/2024-12-19/detail-inczysvv6884104.d.html,2024年食品安全监督抽检信息中生产者为沙井粮库，地址为旱塘路9号；2026年威宁集团采购公告亦指向该粮库。,true,true,,manual_address_evidence,1,grain_reserve;manual_address_evidence;manual_address_evidence;manual_address_evidence;manual_address_evidence,data/raw/guangxi_reserve_companies_2024.html;data/manual/nanning_grain_physical_sites_address_evidence.csv;data/manual/nanning_grain_physical_sites_address_evidence.csv;data/manual/nanning_grain_physical_sites_address_evidence.csv;data/manual/nanning_grain_physical_sites_address_evidence.csv,rec_169703f7921bfc33,A,true,使用 lxml 从 HTML 正文容器按“行政区标题 + 序号 + 单位名称”结构抽取;原正文段落序号 37。
cand_51b1f9f903759ef0,重庆观农贸批发市场,重庆观农贸批发市场,重庆观农贸批发市场,重庆市,重庆市,,,,external,,market,,,,agricultural_wholesale_market,农业农村部定点农产品批发市场,农业农村部定点市场,false,false,false,true,false,false,false,false,false,false,false,false,true,false,false,,,,,,false,false,false,,,,,,,,,,,,,,,,,,,,,1,wholesale_market,data/raw/moa_designated_wholesale_markets_2024.pdf,rec_b477ad0b2418e29c,A,true,按 PDF 两列表格抽取;原文件未提供详细地址和坐标。
cand_51bdcd05887ffc59,广东东莞市信立国际农产品贸易城,广东东莞市信立国际农产品贸易城,广东东莞市信立国际农产品贸易城,广东省,,,,,external,,market,,,,agricultural_wholesale_market,农业农村部定点农产品批发市场,农业农村部定点市场,false,false,false,true,false,false,false,false,false,false,false,false,true,false,false,,,,,,false,false,false,,,,,,,,,,,,,,,,,,,,,1,wholesale_market,data/raw/moa_designated_wholesale_markets_2024.pdf,rec_3ed134568f3fe431,A,true,按 PDF 两列表格抽取;原文件未提供详细地址和坐标。
cand_521825015fced104,河北宣化盛发蔬菜水产有限责任公司(河北宣化盛发蔬菜批发市场有限公司),河北宣化盛发蔬菜水产有限责任公司(河北宣化盛发蔬菜批发市场有限公司),河北宣化盛发蔬菜水产有限责任公司(河北宣化盛发蔬菜批发市场有限公司),河北省,,,,,external,,market,,,,agricultural_wholesale_market,农业农村部定点农产品批发市场,农业农村部定点市场,false,false,false,true,false,true,false,true,false,false,false,false,true,false,false,,,,,,false,false,false,,,,,,,,,,,,,,,,,,,,,1,wholesale_market,data/raw/moa_designated_wholesale_markets_2024.pdf,rec_99402b01823ae11f,A,true,按 PDF 两列表格抽取;原文件未提供详细地址和坐标。
cand_5234d88758ddcdf6,青海柴达木枸杞批发市场,青海柴达木枸杞批发市场,青海柴达木枸杞批发市场,青海省,,,,,external,,market,,,,agricultural_wholesale_market,农业农村部定点农产品批发市场,农业农村部定点市场,false,false,false,true,false,false,false,false,false,false,false,false,true,false,false,,,,,,false,false,false,,,,,,,,,,,,,,,,,,,,,1,wholesale_market,data/raw/moa_designated_wholesale_markets_2024.pdf,rec_5101e8a9b4ec386f,A,true,按 PDF 两列表格抽取;原文件未提供详细地址和坐标。
cand_52c2d98904cc1cbd,海南东部畜禽批发市场,海南东部畜禽批发市场,海南东部畜禽批发市场,海南省,,,,,external,,market,,,,agricultural_wholesale_market,农业农村部定点农产品批发市场,农业农村部定点市场,false,false,false,true,true,false,false,false,false,false,false,false,true,false,false,,,,,,false,false,false,,,,,,,,,,,,,,,,,,,,,1,wholesale_market,data/raw/moa_designated_wholesale_markets_2024.pdf,rec_70da0bcda99fdba8,A,true,按 PDF 两列表格抽取;原文件未提供详细地址和坐标。
cand_52c498ac99474c2c,甘肃高台景隆农产品市场流通有限责任公司,甘肃高台景隆农产品市场流通有限责任公司,甘肃高台景隆农产品市场流通有限责任公司,甘肃省,,,,,external,,market,,,,agricultural_wholesale_market,农业农村部定点农产品批发市场,农业农村部定点市场,false,false,false,true,false,false,false,false,false,false,false,false,true,false,false,,,,,,false,false,false,,,,,,,,,,,,,,,,,,,,,1,wholesale_market,data/raw/moa_designated_wholesale_markets_2024.pdf,rec_8eaa64b1eb9ecfcc,A,true,按 PDF 两列表格抽取;原文件未提供详细地址和坐标。
cand_531c6b6dd084cc4d,安徽安庆海吉星农产品物流园有限公司(安徽安庆海吉星农产品批发市场),安徽安庆海吉星农产品物流园有限公司(安徽安庆海吉星农产品批发市场),安徽安庆海吉星农产品物流园有限公司(安徽安庆海吉星农产品批发市场),安徽省,,,,,external,,market,,,,agricultural_wholesale_market,农业农村部定点农产品批发市场,农业农村部定点市场,false,false,false,true,false,false,false,false,false,false,false,false,true,false,false,,,,,,false,false,false,,,,,,,,,,,,,,,,,,,,,1,wholesale_market,data/raw/moa_designated_wholesale_markets_2024.pdf,rec_55591e6a7fac194d,A,true,按 PDF 两列表格抽取;原文件未提供详细地址和坐标。
cand_5321074ff3ddf3bd,甘肃兰州高原夏菜蔬菜物流交易中心,甘肃兰州高原夏菜蔬菜物流交易中心,甘肃兰州高原夏菜蔬菜物流交易中心,甘肃省,,,,,external,,market,,,,agricultural_wholesale_market,农业农村部定点农产品批发市场,农业农村部定点市场,false,false,false,true,false,true,false,false,false,false,false,false,true,false,false,,,,,,false,false,false,,,,,,,,,,,,,,,,,,,,,1,wholesale_market,data/raw/moa_designated_wholesale_markets_2024.pdf,rec_a0bd371def0cdbf3,A,true,按 PDF 两列表格抽取;原文件未提供详细地址和坐标。
cand_5343080d534e5317,大化瑶族自治县储备粮管理中心,大化瑶族自治县储备粮管理中心,大化瑶族自治县储备粮管理中心,广西壮族自治区,河池市,大化瑶族自治县,,,reserve,,organization,,,,grain_reserve,储备商品管理公司及其直属库,广西储备商品管理公司及其直属库名单(桂财税〔2024〕8号),true,false,false,false,false,false,false,false,false,false,false,false,false,false,false,,,,,,false,true,false,,,,,,,,,,,,,,,,,,,,,1,grain_reserve,data/raw/guangxi_reserve_companies_2024.html,rec_d91a030cbdca8257,A,true,名单证明储备体系资格，但企业主体或管理机构名称不等同于具体物理粮库。 使用 lxml 从 HTML 正文容器按“行政区标题 + 序号 + 单位名称”结构抽取;原正文段落序号 289。
cand_53696888a773f6cc,四川西南农商国际物流港,四川西南农商国际物流港,四川西南农商国际物流港,四川省,,,,,external,,market,,,,agricultural_wholesale_market,农业农村部定点农产品批发市场,农业农村部定点市场,false,false,false,true,false,false,false,false,false,false,false,false,true,false,false,,,,,,false,false,false,,,,,,,,,,,,,,,,,,,,,1,wholesale_market,data/raw/moa_designated_wholesale_markets_2024.pdf,rec_0e1f90a333792c56,A,true,按 PDF 两列表格抽取;原文件未提供详细地址和坐标。
cand_537b9d67401e6a43,青海西宁仁杰粮油批发市场,青海西宁仁杰粮油批发市场,青海西宁仁杰粮油批发市场,青海省,,,,,external,,market,,,,agricultural_wholesale_market,农业农村部定点农产品批发市场,农业农村部定点市场,true,true,false,true,false,false,false,false,false,false,false,false,true,false,false,,,,,,false,false,false,,,,,,,,,,,,,,,,,,,,,1,wholesale_market,data/raw/moa_designated_wholesale_markets_2024.pdf,rec_f1e3870ab6941e23,A,true,按 PDF 两列表格抽取;原文件未提供详细地址和坐标。
cand_5381672778f8d693,山东青岛黄河路市场经营服务有限责任公司,山东青岛黄河路市场经营服务有限责任公司,山东青岛黄河路市场经营服务有限责任公司,山东省,,,,,external,,market,,,,agricultural_wholesale_market,农业农村部定点农产品批发市场,农业农村部定点市场,false,false,false,true,false,false,false,false,false,false,false,false,true,false,false,,,,,,false,false,false,,,,,,,,,,,,,,,,,,,,,1,wholesale_market,data/raw/moa_designated_wholesale_markets_2024.pdf,rec_79fe2afd83d855b1,A,true,按 PDF 两列表格抽取;原文件未提供详细地址和坐标。
cand_53b7543e4e6b4bfe,北海美加鲜食品有限公司,北海美加鲜食品有限公司,北海美加鲜食品有限公司,广西壮族自治区,北海市,海城区,北海市海城区北部湾东路84-1号全满康大厦一楼139号,北海市,reserve,91450502MAK01GLU1E,organization,,,,government_procurement_supplier,米面油干货类;肉及水产类,政府采购入围/中标供应商,true,true,true,true,true,false,false,true,false,false,false,false,false,false,false,,,,,,false,false,true,,,,,,,,,,,,,,,,,,,,,2,government_procurement,data/raw/beihai_food_suppliers.pdf,rec_937377dd203af3f2;rec_f1cea31703f3f87b,C,true,"采购供应商身份不等同于实体仓储节点。 采购资料中的地址按企业登记/联系地址处理，不自动等同于仓库或配送节点地址。 按 PDF 表格行批量抽取;地址视为供应商登记/联系地址,不自动认定为仓储节点。 采购供应商地址不自动视为仓库地址；仅在原文出现仓库、粮库、配送中心、冷库、厂房等明确词时标记相应能力。"
cand_53e88fb723569a26,黑龙江鹤岗市万圃源蔬菜批发市场有限公司,黑龙江鹤岗市万圃源蔬菜批发市场有限公司,黑龙江鹤岗市万圃源蔬菜批发市场有限公司,黑龙江省,,,,,external,,market,,,,agricultural_wholesale_market,农业农村部定点农产品批发市场,农业农村部定点市场,false,false,false,true,false,true,false,false,false,false,false,false,true,false,false,,,,,,false,false,false,,,,,,,,,,,,,,,,,,,,,1,wholesale_market,data/raw/moa_designated_wholesale_markets_2024.pdf,rec_a764e3cc226f1460,A,true,按 PDF 两列表格抽取;原文件未提供详细地址和坐标。
cand_540e4349656da77a,桂林金峰食品有限公司,桂林金峰食品有限公司,桂林金峰食品有限公司,广西壮族自治区,桂林市,,,,reserve,,organization,,,,other,储备商品管理公司及其直属库,广西储备商品管理公司及其直属库名单(桂财税〔2024〕8号),true,false,true,false,false,false,false,false,false,false,false,false,false,false,false,,,,,,false,true,false,,,,,,,,,,,,,,,,,,,,,1,grain_reserve,data/raw/guangxi_reserve_companies_2024.html,rec_0a68537d1efd92c3,A,true,属于储备商品管理公司及其直属库名单，但名称不足以安全判断为具体粮库或储备管理机构。 使用 lxml 从 HTML 正文容器按“行政区标题 + 序号 + 单位名称”结构抽取;原正文段落序号 92。
cand_545e8152c4ba0834,广西壮族自治区贵港粮食储备库有限公司,广西壮族自治区贵港粮食储备库有限公司,广西壮族自治区贵港粮食储备库有限公司,广西壮族自治区,贵港市,,,,reserve,,physical_site,,,,grain_depot,储备商品管理公司及其直属库,广西储备商品管理公司及其直属库名单(桂财税〔2024〕8号),true,false,false,false,false,false,false,false,false,false,true,false,false,false,false,,,,,,false,true,false,,,,,,,,,,,,,,,,,,,,,1,grain_reserve,data/raw/guangxi_reserve_companies_2024.html,rec_4bd0b16ef05f2c9b,A,true,使用 lxml 从 HTML 正文容器按“行政区标题 + 序号 + 单位名称”结构抽取;原正文段落序号 24。
cand_54c62c5780d772b2,广西叁六玖供应链管理有限公司,广西叁六玖供应链管理有限公司,广西叁六玖供应链管理有限公司,广西壮族自治区,南宁市,江南区,南宁市江南区江南街道富德村十六组28号B区1栋101号,贵港市;百色市/平果市,primary,91450102MAD5J5F32K,organization,,,,government_procurement_supplier,禽肉类;鲜肉类;生鲜时蔬、水果类,政府采购入围/中标供应商,false,false,true,true,true,true,true,false,false,false,false,false,false,false,false,,,,,,false,false,true,,,,,,,,,,,,,,,,,,,,,3,government_procurement,data/raw/guigang_food_suppliers_310.pdf;data/raw/pingguo_meat_suppliers.pdf;data/raw/pingguo_vegetable_fruit_suppliers.pdf,rec_b8d64815aa807a2b;rec_586726b77c2a9f73;rec_9ba1b548ceb79dd7,C,true,"采购供应商身份不等同于实体仓储节点。 采购资料中的地址按企业登记/联系地址处理，不自动等同于仓库或配送节点地址。 按 PDF 表格行批量抽取;地址视为供应商登记/联系地址,不自动认定为仓储节点。 采购供应商身份不等同于实体仓储节点。 采购资料未提供企业地址；服务项目区域与企业所在地严格分开。 可确认位于广西，但当前证据不足以安全确定地级市。 PDF 表格未提供地址和统一社会信用代码;服务项目所在地为平果市,不能据此推断企业所在地。 采购供应商地址不自动视为仓库地址；仅在原文出现仓库、粮库、配送中心、冷库、厂房等明确词时标记相应能力。"
cand_54ce3c140bd5b540,广东四会市仓丰农贸交易市场,广东四会市仓丰农贸交易市场,广东四会市仓丰农贸交易市场,广东省,,,,,external,,market,,,,agricultural_wholesale_market,农业农村部定点农产品批发市场,农业农村部定点市场,false,false,false,true,false,false,false,false,false,false,false,false,true,false,false,,,,,,false,false,false,,,,,,,,,,,,,,,,,,,,,1,wholesale_market,data/raw/moa_designated_wholesale_markets_2024.pdf,rec_97150a38e9dfb491,A,true,按 PDF 两列表格抽取;原文件未提供详细地址和坐标。
cand_553559dc2ad3a84b,江苏中合兴业市场建设管理有限公司(江苏滨海农副产品批发市场),江苏中合兴业市场建设管理有限公司(江苏滨海农副产品批发市场),江苏中合兴业市场建设管理有限公司(江苏滨海农副产品批发市场),江苏省,,,,,external,,market,,,,agricultural_wholesale_market,农业农村部定点农产品批发市场,农业农村部定点市场,false,false,false,true,false,false,false,false,false,false,false,false,true,false,false,,,,,,false,false,false,,,,,,,,,,,,,,,,,,,,,1,wholesale_market,data/raw/moa_designated_wholesale_markets_2024.pdf,rec_f2ebe71bcbf4b70d,A,true,按 PDF 两列表格抽取;原文件未提供详细地址和坐标。
cand_55597fbe6f09f18b,防城港市港口区粮食和物资储备中心,防城港市港口区粮食和物资储备中心,防城港市港口区粮食和物资储备中心,广西壮族自治区,防城港市,,,,reserve,,organization,,,,grain_reserve,储备商品管理公司及其直属库,广西储备商品管理公司及其直属库名单(桂财税〔2024〕8号),true,false,false,false,false,false,false,false,false,false,false,false,false,false,false,,,,,,false,true,false,,,,,,,,,,,,,,,,,,,,,1,grain_reserve,data/raw/guangxi_reserve_companies_2024.html,rec_9c75f9353edf7188,A,true,名单证明储备体系资格，但企业主体或管理机构名称不等同于具体物理粮库。 使用 lxml 从 HTML 正文容器按“行政区标题 + 序号 + 单位名称”结构抽取;原正文段落序号 219。
cand_55688df536ee306f,广西田阳农副产品综合批发市场,广西田阳农副产品综合批发市场,广西田阳农副产品综合批发市场,广西壮族自治区,,,,,reserve,,market,,,,agricultural_wholesale_market,农业农村部定点农产品批发市场,农业农村部定点市场,false,false,false,true,false,false,false,false,false,false,false,false,true,false,false,,,,,,false,false,false,,,,,,,,,,,,,,,,,,,,,1,wholesale_market,data/raw/moa_designated_wholesale_markets_2024.pdf,rec_7d7ef8ecdc468668,A,true,可确认位于广西，但当前证据不足以安全确定地级市。 按 PDF 两列表格抽取;原文件未提供详细地址和坐标。
cand_557ac7e1fe8ec912,平果华粮有限公司,平果华粮有限公司,平果华粮有限公司,广西壮族自治区,百色市,平果市,,,reserve,,organization,,,,other,储备商品管理公司及其直属库,广西储备商品管理公司及其直属库名单(桂财税〔2024〕8号),true,false,false,false,false,false,false,false,false,false,false,false,false,false,false,,,,,,false,true,false,,,,,,,,,,,,,,,,,,,,,1,grain_reserve,data/raw/guangxi_reserve_companies_2024.html,rec_7ac816e12d87f27f,A,true,属于储备商品管理公司及其直属库名单，但名称不足以安全判断为具体粮库或储备管理机构。 使用 lxml 从 HTML 正文容器按“行政区标题 + 序号 + 单位名称”结构抽取;原正文段落序号 253。
cand_55a042b3235c4e20,广东惠州海吉星农产品国际物流园,广东惠州海吉星农产品国际物流园,广东惠州海吉星农产品国际物流园,广东省,,,,,external,,market,,,,agricultural_wholesale_market,农业农村部定点农产品批发市场,农业农村部定点市场,false,false,false,true,false,false,false,false,false,false,false,false,true,false,false,,,,,,false,false,false,,,,,,,,,,,,,,,,,,,,,1,wholesale_market,data/raw/moa_designated_wholesale_markets_2024.pdf,rec_492b73610c363d59,A,true,按 PDF 两列表格抽取;原文件未提供详细地址和坐标。
cand_55a9da86952c822a,广西首丰粮食有限公司,广西首丰粮食有限公司,广西首丰粮食有限公司,广西壮族自治区,玉林市,,,,reserve,,organization,,,,other,储备商品管理公司及其直属库,广西储备商品管理公司及其直属库名单(桂财税〔2024〕8号),true,false,false,false,false,false,false,false,false,false,false,false,false,false,false,,,,,,false,true,false,,,,,,,,,,,,,,,,,,,,,1,grain_reserve,data/raw/guangxi_reserve_companies_2024.html,rec_83de7abff42b375f,A,true,属于储备商品管理公司及其直属库名单，但名称不足以安全判断为具体粮库或储备管理机构。 使用 lxml 从 HTML 正文容器按“行政区标题 + 序号 + 单位名称”结构抽取;原正文段落序号 291。
cand_55b23b4010fb732d,博白县储备粮管理公司,博白县储备粮管理公司,博白县储备粮管理公司,广西壮族自治区,玉林市,,,,reserve,,organization,,,,grain_reserve,储备商品管理公司及其直属库,广西储备商品管理公司及其直属库名单(桂财税〔2024〕8号),true,false,false,false,false,false,false,false,false,false,false,false,false,false,false,,,,,,false,true,false,,,,,,,,,,,,,,,,,,,,,1,grain_reserve,data/raw/guangxi_reserve_companies_2024.html,rec_873a6647c2a5e684,A,true,名单证明储备体系资格，但企业主体或管理机构名称不等同于具体物理粮库。 使用 lxml 从 HTML 正文容器按“行政区标题 + 序号 + 单位名称”结构抽取;原正文段落序号 319。
cand_561f59332a0328a5,苍梧县东安粮食管理所,苍梧县东安粮食管理所,苍梧县东安粮食管理所,广西壮族自治区,梧州市,,,,reserve,,unknown,,,,grain_reserve,储备商品管理公司及其直属库,广西储备商品管理公司及其直属库名单(桂财税〔2024〕8号),true,false,false,false,false,false,false,false,false,false,false,false,false,false,false,,,,,,false,true,false,,,,,,,,,,,,,,,,,,,,,1,grain_reserve,data/raw/guangxi_reserve_companies_2024.html,rec_ba856653ab2f98c2,A,true,名单证明储备体系资格，但企业主体或管理机构名称不等同于具体物理粮库。 使用 lxml 从 HTML 正文容器按“行政区标题 + 序号 + 单位名称”结构抽取;原正文段落序号 147。
cand_5629ccfcf140778c,江西南昌市佛塔农产品批发市场有限公司,江西南昌市佛塔农产品批发市场有限公司,江西南昌市佛塔农产品批发市场有限公司,江西省,,,,,external,,market,,,,agricultural_wholesale_market,农业农村部定点农产品批发市场,农业农村部定点市场,false,false,false,true,false,false,false,false,false,false,false,false,true,false,false,,,,,,false,false,false,,,,,,,,,,,,,,,,,,,,,1,wholesale_market,data/raw/moa_designated_wholesale_markets_2024.pdf,rec_1c1fe0d88972ed43,A,true,按 PDF 两列表格抽取;原文件未提供详细地址和坐标。
cand_563a365d2bc47fbe,山东莘县十八里铺蔬菜购销服务中心,山东莘县十八里铺蔬菜购销服务中心,山东莘县十八里铺蔬菜购销服务中心,山东省,,,,,external,,market,,,,agricultural_wholesale_market,农业农村部定点农产品批发市场,农业农村部定点市场,false,false,false,true,false,true,false,false,false,false,false,false,true,false,false,,,,,,false,false,false,,,,,,,,,,,,,,,,,,,,,1,wholesale_market,data/raw/moa_designated_wholesale_markets_2024.pdf,rec_b3c03a190ba0615e,A,true,按 PDF 两列表格抽取;原文件未提供详细地址和坐标。
cand_564f126650bd5330,贵港市港南区储备粮管理有限公司,贵港市港南区储备粮管理有限公司,贵港市港南区储备粮管理有限公司,广西壮族自治区,贵港市,港南区,,,reserve,,organization,,,,grain_reserve,储备商品管理公司及其直属库,广西储备商品管理公司及其直属库名单(桂财税〔2024〕8号),true,false,false,false,false,false,false,false,false,false,false,false,false,false,false,,,,,,false,true,false,,,,,,,,,,,,,,,,,,,,,1,grain_reserve,data/raw/guangxi_reserve_companies_2024.html,rec_616690adc3d88e2f,A,true,名单证明储备体系资格，但企业主体或管理机构名称不等同于具体物理粮库。 使用 lxml 从 HTML 正文容器按“行政区标题 + 序号 + 单位名称”结构抽取;原正文段落序号 350。
cand_567043f0db30c02e,浙江嘉兴蔬菜批发交易市场,浙江嘉兴蔬菜批发交易市场,浙江嘉兴蔬菜批发交易市场,浙江省,,,,,external,,market,,,,agricultural_wholesale_market,农业农村部定点农产品批发市场,农业农村部定点市场,false,false,false,true,false,true,false,false,false,false,false,false,true,false,false,,,,,,false,false,false,,,,,,,,,,,,,,,,,,,,,1,wholesale_market,data/raw/moa_designated_wholesale_markets_2024.pdf,rec_5b9dc58fdaf68a79,A,true,按 PDF 两列表格抽取;原文件未提供详细地址和坐标。
cand_56dca4a8c13fe8d3,崇左市江州区粮食和物资储备中心,崇左市江州区粮食和物资储备中心,崇左市江州区粮食和物资储备中心,广西壮族自治区,崇左市,,,,reserve,,organization,,,,grain_reserve,储备商品管理公司及其直属库,广西储备商品管理公司及其直属库名单(桂财税〔2024〕8号),true,false,false,false,false,false,false,false,false,false,false,false,false,false,false,,,,,,false,true,false,,,,,,,,,,,,,,,,,,,,,1,grain_reserve,data/raw/guangxi_reserve_companies_2024.html,rec_a347d98dbcf7fca1,A,true,名单证明储备体系资格，但企业主体或管理机构名称不等同于具体物理粮库。 使用 lxml 从 HTML 正文容器按“行政区标题 + 序号 + 单位名称”结构抽取;原正文段落序号 386。
cand_56df1c57973fd5b8,钦州市钦北区平吉中心粮所,钦州市钦北区平吉中心粮所,钦州市钦北区平吉中心粮所,广西壮族自治区,钦州市,,,,reserve,,unknown,,,,grain_reserve,储备商品管理公司及其直属库,广西储备商品管理公司及其直属库名单(桂财税〔2024〕8号),true,false,false,false,false,false,false,false,false,false,false,false,false,false,false,,,,,,false,true,false,,,,,,,,,,,,,,,,,,,,,1,grain_reserve,data/raw/guangxi_reserve_companies_2024.html,rec_116ff376f2a0b6c1,A,true,名单证明储备体系资格，但企业主体或管理机构名称不等同于具体物理粮库。 使用 lxml 从 HTML 正文容器按“行政区标题 + 序号 + 单位名称”结构抽取;原正文段落序号 186。
cand_56efdb910a3e134c,辽宁鞍山宁远农产品批发市场,辽宁鞍山宁远农产品批发市场,辽宁鞍山宁远农产品批发市场,辽宁省,,,,,external,,market,,,,agricultural_wholesale_market,农业农村部定点农产品批发市场,农业农村部定点市场,false,false,false,true,false,false,false,false,false,false,false,false,true,false,false,,,,,,false,false,false,,,,,,,,,,,,,,,,,,,,,1,wholesale_market,data/raw/moa_designated_wholesale_markets_2024.pdf,rec_129e4485cd01fe29,A,true,按 PDF 两列表格抽取;原文件未提供详细地址和坐标。
cand_5702ce0bd87bb880,甘肃定西市临洮县崖湾蔬菜批发市场,甘肃定西市临洮县崖湾蔬菜批发市场,甘肃定西市临洮县崖湾蔬菜批发市场,甘肃省,,,,,external,,market,,,,agricultural_wholesale_market,农业农村部定点农产品批发市场,农业农村部定点市场,false,false,false,true,false,true,false,false,false,false,false,false,true,false,false,,,,,,false,false,false,,,,,,,,,,,,,,,,,,,,,1,wholesale_market,data/raw/moa_designated_wholesale_markets_2024.pdf,rec_376aee08bd2e530b,A,true,按 PDF 两列表格抽取;原文件未提供详细地址和坐标。
cand_570d34891c1bcc99,广西扬凯供应链管理有限公司,广西扬凯供应链管理有限公司,广西扬凯供应链管理有限公司,广西壮族自治区,贵港市,港北区,广西壮族自治区贵港市港北区贵城街道贵港市西江科技创新产业城狮岭西路与西二路交汇处西南角(广西三雄机械设备有限公司1#厂房内)),贵港市,reserve,91450800MA5QBCXP7A,organization,,,,government_procurement_supplier,生鲜时蔬、水果类;冷冻品类;食用油类,政府采购入围/中标供应商,false,true,true,true,false,true,true,false,false,false,false,true,false,false,false,,,,,,false,false,true,,,,,,,,,,,,,,,,,,,,,3,government_procurement,data/raw/guigang_food_suppliers_310.pdf,rec_d138e1bd0aa00fb0;rec_7b7f1f3fcf557114;rec_62aa8dfa77b444a2,B,true,"采购供应商身份不等同于实体仓储节点。 采购资料中的地址按企业登记/联系地址处理，不自动等同于仓库或配送节点地址。 按 PDF 表格行批量抽取;地址视为供应商登记/联系地址,不自动认定为仓储节点。 采购供应商地址不自动视为仓库地址；仅在原文出现仓库、粮库、配送中心、冷库、厂房等明确词时标记相应能力。"
cand_576fc6ea7ac9967e,江苏亚联农副产品有限公司(江苏亚联农副产品批发市场),江苏亚联农副产品有限公司(江苏亚联农副产品批发市场),江苏亚联农副产品有限公司(江苏亚联农副产品批发市场),江苏省,,,,,external,,market,,,,agricultural_wholesale_market,农业农村部定点农产品批发市场,农业农村部定点市场,false,false,false,true,false,false,false,false,false,false,false,false,true,false,false,,,,,,false,false,false,,,,,,,,,,,,,,,,,,,,,1,wholesale_market,data/raw/moa_designated_wholesale_markets_2024.pdf,rec_3fa53664017fd2e6,A,true,按 PDF 两列表格抽取;原文件未提供详细地址和坐标。
cand_5775b03f67423844,湖南岳阳海吉星国际农产品物流园,湖南岳阳海吉星国际农产品物流园,湖南岳阳海吉星国际农产品物流园,湖南省,,,,,external,,market,,,,agricultural_wholesale_market,农业农村部定点农产品批发市场,农业农村部定点市场,false,false,false,true,false,false,false,false,false,false,false,false,true,false,false,,,,,,false,false,false,,,,,,,,,,,,,,,,,,,,,1,wholesale_market,data/raw/moa_designated_wholesale_markets_2024.pdf,rec_cea859cff1025bc1,A,true,按 PDF 两列表格抽取;原文件未提供详细地址和坐标。
cand_577e0ac3e18bd169,广西平果市中兴恒联投资有限公司,广西平果市中兴恒联投资有限公司,广西平果市中兴恒联投资有限公司,广西壮族自治区,百色市,平果市,,百色市/平果市,reserve,,organization,,,,government_procurement_supplier,鲜肉类,政府采购入围/中标供应商,false,false,true,true,true,false,false,false,false,false,false,false,false,false,false,,,,,,false,false,true,,,,,,,,,,,,,,,,,,,,,1,government_procurement,data/raw/pingguo_meat_suppliers.pdf,rec_246ebbaba7c51d26,C,true,"采购供应商身份不等同于实体仓储节点。 采购资料未提供企业地址；服务项目区域与企业所在地严格分开。 PDF 表格未提供地址和统一社会信用代码;服务项目所在地为平果市,不能据此推断企业所在地。 采购供应商地址不自动视为仓库地址；仅在原文出现仓库、粮库、配送中心、冷库、厂房等明确词时标记相应能力。"
cand_58288ab51107edc4,山东青岛丁家庄蔬菜果品批发市场有限公司,山东青岛丁家庄蔬菜果品批发市场有限公司,山东青岛丁家庄蔬菜果品批发市场有限公司,山东省,,,,,external,,market,,,,agricultural_wholesale_market,农业农村部定点农产品批发市场,农业农村部定点市场,false,false,false,true,false,true,true,false,false,false,false,false,true,false,false,,,,,,false,false,false,,,,,,,,,,,,,,,,,,,,,1,wholesale_market,data/raw/moa_designated_wholesale_markets_2024.pdf,rec_154c8a0cca22d37c,A,true,按 PDF 两列表格抽取;原文件未提供详细地址和坐标。
cand_5845b3eb9887691c,山东济南维尔康肉类水产批发市场,山东济南维尔康肉类水产批发市场,山东济南维尔康肉类水产批发市场,山东省,,,,,external,,market,,,,agricultural_wholesale_market,农业农村部定点农产品批发市场,农业农村部定点市场,false,false,false,true,true,false,false,true,false,false,false,false,true,false,false,,,,,,false,false,false,,,,,,,,,,,,,,,,,,,,,1,wholesale_market,data/raw/moa_designated_wholesale_markets_2024.pdf,rec_b7ca21f969c1146d,A,true,按 PDF 两列表格抽取;原文件未提供详细地址和坐标。
cand_58917c33e94ace1a,云南新登生猪交易有限公司(云南省大理州辛屯新登生猪交易市场),云南新登生猪交易有限公司(云南省大理州辛屯新登生猪交易市场),云南新登生猪交易有限公司(云南省大理州辛屯新登生猪交易市场),云南省,,,,,external,,market,,,,agricultural_wholesale_market,农业农村部定点农产品批发市场,农业农村部定点市场,false,false,false,true,false,false,false,false,false,false,false,false,true,false,false,,,,,,false,false,false,,,,,,,,,,,,,,,,,,,,,1,wholesale_market,data/raw/moa_designated_wholesale_markets_2024.pdf,rec_f69af2abb0a01ced,A,true,按 PDF 两列表格抽取;原文件未提供详细地址和坐标。
cand_58f34ead2bb50551,平果市粮食购销有限责任公司,平果市粮食购销有限责任公司,平果市粮食购销有限责任公司,广西壮族自治区,百色市,平果市,,,reserve,,organization,,,,grain_reserve,储备商品管理公司及其直属库,广西储备商品管理公司及其直属库名单(桂财税〔2024〕8号),true,false,false,false,false,false,false,false,false,false,false,false,false,false,false,,,,,,false,true,false,,,,,,,,,,,,,,,,,,,,,1,grain_reserve,data/raw/guangxi_reserve_companies_2024.html,rec_fb3c78e007ec2d63,A,true,名单证明储备体系资格，但企业主体或管理机构名称不等同于具体物理粮库。 使用 lxml 从 HTML 正文容器按“行政区标题 + 序号 + 单位名称”结构抽取;原正文段落序号 254。
cand_590df344d6e208f9,平果市福品润供应链管理有限公司,平果市福品润供应链管理有限公司,平果市福品润供应链管理有限公司,广西壮族自治区,百色市,平果市,,百色市/平果市,reserve,,organization,,,,government_procurement_supplier,鲜肉类;生鲜时蔬、水果类,政府采购入围/中标供应商,false,false,true,true,true,true,true,false,false,false,false,false,false,false,false,,,,,,false,false,true,,,,,,,,,,,,,,,,,,,,,2,government_procurement,data/raw/pingguo_meat_suppliers.pdf;data/raw/pingguo_vegetable_fruit_suppliers.pdf,rec_e7086bd4e8f75a4c;rec_af9f757295735673,C,true,"采购供应商身份不等同于实体仓储节点。 采购资料未提供企业地址；服务项目区域与企业所在地严格分开。 PDF 表格未提供地址和统一社会信用代码;服务项目所在地为平果市,不能据此推断企业所在地。 采购供应商地址不自动视为仓库地址；仅在原文出现仓库、粮库、配送中心、冷库、厂房等明确词时标记相应能力。"
cand_595372d30830a136,博白县城区粮食管理所,博白县城区粮食管理所,博白县城区粮食管理所,广西壮族自治区,玉林市,,,,reserve,,unknown,,,,grain_reserve,储备商品管理公司及其直属库,广西储备商品管理公司及其直属库名单(桂财税〔2024〕8号),true,false,false,false,false,false,false,false,false,false,false,false,false,false,false,,,,,,false,true,false,,,,,,,,,,,,,,,,,,,,,1,grain_reserve,data/raw/guangxi_reserve_companies_2024.html,rec_30ad05b5c6858ff1,A,true,名单证明储备体系资格，但企业主体或管理机构名称不等同于具体物理粮库。 使用 lxml 从 HTML 正文容器按“行政区标题 + 序号 + 单位名称”结构抽取;原正文段落序号 321。
cand_5988a8a4346b3e5c,陆川县马坡粮食管理所,陆川县马坡粮食管理所,陆川县马坡粮食管理所,广西壮族自治区,玉林市,,,,reserve,,unknown,,,,grain_reserve,储备商品管理公司及其直属库,广西储备商品管理公司及其直属库名单(桂财税〔2024〕8号),true,false,false,false,false,false,false,false,false,false,false,false,false,false,false,,,,,,false,true,false,,,,,,,,,,,,,,,,,,,,,1,grain_reserve,data/raw/guangxi_reserve_companies_2024.html,rec_1f4afebbf6168726,A,true,名单证明储备体系资格，但企业主体或管理机构名称不等同于具体物理粮库。 使用 lxml 从 HTML 正文容器按“行政区标题 + 序号 + 单位名称”结构抽取;原正文段落序号 330。
cand_59abd5999fe65c2f,新疆兵团第五师博乐三和农副产品综合批发市场,新疆兵团第五师博乐三和农副产品综合批发市场,新疆兵团第五师博乐三和农副产品综合批发市场,新疆维吾尔自治区,,,,,external,,market,,,,agricultural_wholesale_market,农业农村部定点农产品批发市场,农业农村部定点市场,false,false,false,true,false,false,false,false,false,false,false,false,true,false,false,,,,,,false,false,false,,,,,,,,,,,,,,,,,,,,,1,wholesale_market,data/raw/moa_designated_wholesale_markets_2024.pdf,rec_2e36bdc3451bd477,A,true,按 PDF 两列表格抽取;原文件未提供详细地址和坐标。
cand_59b19adb09e2b2db,灵山县平山粮食管理所,灵山县平山粮食管理所,灵山县平山粮食管理所,广西壮族自治区,钦州市,灵山县,,,reserve,,unknown,,,,grain_reserve,储备商品管理公司及其直属库,广西储备商品管理公司及其直属库名单(桂财税〔2024〕8号),true,false,false,false,false,false,false,false,false,false,false,false,false,false,false,,,,,,false,true,false,,,,,,,,,,,,,,,,,,,,,1,grain_reserve,data/raw/guangxi_reserve_companies_2024.html,rec_3a35d28241d353b3,A,true,名单证明储备体系资格，但企业主体或管理机构名称不等同于具体物理粮库。 使用 lxml 从 HTML 正文容器按“行政区标题 + 序号 + 单位名称”结构抽取;原正文段落序号 198。
cand_59ce14452d8470cf,广东江门市江会水果批发市场,广东江门市江会水果批发市场,广东江门市江会水果批发市场,广东省,,,,,external,,market,,,,agricultural_wholesale_market,农业农村部定点农产品批发市场,农业农村部定点市场,false,false,false,true,false,false,true,false,false,false,false,false,true,false,false,,,,,,false,false,false,,,,,,,,,,,,,,,,,,,,,1,wholesale_market,data/raw/moa_designated_wholesale_markets_2024.pdf,rec_c086f8119fba63fc,A,true,按 PDF 两列表格抽取;原文件未提供详细地址和坐标。
cand_59d7c6b2af9decc1,宁夏西北农资城,宁夏西北农资城,宁夏西北农资城,宁夏回族自治区,,,,,external,,market,,,,agricultural_wholesale_market,农业农村部定点农产品批发市场,农业农村部定点市场,false,false,false,true,false,false,false,false,false,false,false,false,true,false,false,,,,,,false,false,false,,,,,,,,,,,,,,,,,,,,,1,wholesale_market,data/raw/moa_designated_wholesale_markets_2024.pdf,rec_5e41436061b7284a,A,true,按 PDF 两列表格抽取;原文件未提供详细地址和坐标。
cand_5a3c27f6065db31b,北海万鑫食品有限公司,北海万鑫食品有限公司,北海万鑫食品有限公司,广西壮族自治区,北海市,合浦县,广西壮族自治区北海市合浦县廉州镇华市街43号,北海市,reserve,91450521MADDYHH291,organization,,,,government_procurement_supplier,肉及水产类,政府采购入围/中标供应商,false,false,true,true,true,false,false,true,false,false,false,false,false,false,false,,,,,,false,false,true,,,,,,,,,,,,,,,,,,,,,1,government_procurement,data/raw/beihai_food_suppliers.pdf,rec_f3f1e118fb32a03b,C,true,"采购供应商身份不等同于实体仓储节点。 采购资料中的地址按企业登记/联系地址处理，不自动等同于仓库或配送节点地址。 按 PDF 表格行批量抽取;地址视为供应商登记/联系地址,不自动认定为仓储节点。 采购供应商地址不自动视为仓库地址；仅在原文出现仓库、粮库、配送中心、冷库、厂房等明确词时标记相应能力。"
cand_5a5767ea5d7292ab,新疆焉耆县光明农副产品综合批发市场,新疆焉耆县光明农副产品综合批发市场,新疆焉耆县光明农副产品综合批发市场,新疆维吾尔自治区,,,,,external,,market,,,,agricultural_wholesale_market,农业农村部定点农产品批发市场,农业农村部定点市场,false,false,false,true,false,false,false,false,false,false,false,false,true,false,false,,,,,,false,false,false,,,,,,,,,,,,,,,,,,,,,1,wholesale_market,data/raw/moa_designated_wholesale_markets_2024.pdf,rec_63bf07afcabce8f8,A,true,按 PDF 两列表格抽取;原文件未提供详细地址和坐标。
cand_5a6c19de396a08f2,灵山县新圩粮食管理所,灵山县新圩粮食管理所,灵山县新圩粮食管理所,广西壮族自治区,钦州市,灵山县,,,reserve,,unknown,,,,grain_reserve,储备商品管理公司及其直属库,广西储备商品管理公司及其直属库名单(桂财税〔2024〕8号),true,false,false,false,false,false,false,false,false,false,false,false,false,false,false,,,,,,false,true,false,,,,,,,,,,,,,,,,,,,,,1,grain_reserve,data/raw/guangxi_reserve_companies_2024.html,rec_65c7af1ca77d0ad2,A,true,名单证明储备体系资格，但企业主体或管理机构名称不等同于具体物理粮库。 使用 lxml 从 HTML 正文容器按“行政区标题 + 序号 + 单位名称”结构抽取;原正文段落序号 194。
cand_5aa1ba2639b0a595,河北威县冀南瓜菜有限公司(河北威县瓜菜批发市场),河北威县冀南瓜菜有限公司(河北威县瓜菜批发市场),河北威县冀南瓜菜有限公司(河北威县瓜菜批发市场),河北省,,,,,external,,market,,,,agricultural_wholesale_market,农业农村部定点农产品批发市场,农业农村部定点市场,false,false,false,true,false,true,false,false,false,false,false,false,true,false,false,,,,,,false,false,false,,,,,,,,,,,,,,,,,,,,,1,wholesale_market,data/raw/moa_designated_wholesale_markets_2024.pdf,rec_024ccbe900c56965,A,true,按 PDF 两列表格抽取;原文件未提供详细地址和坐标。
cand_5b0a2225d985b6ff,东兴市军粮供应站,东兴市军粮供应站,东兴市军粮供应站,广西壮族自治区,防城港市,,,,reserve,,unknown,,,,military_grain_supply,储备商品管理公司及其直属库,广西储备商品管理公司及其直属库名单(桂财税〔2024〕8号),true,false,false,false,false,false,false,false,false,false,false,false,false,false,false,,,,,,false,true,false,,,,,,,,,,,,,,,,,,,,,1,grain_reserve,data/raw/guangxi_reserve_companies_2024.html,rec_5a40df130a7e2f28,A,true,使用 lxml 从 HTML 正文容器按“行政区标题 + 序号 + 单位名称”结构抽取;原正文段落序号 215。
cand_5b6f38c15fa5f82c,河北承德市南区农产品批发市场有限公司,河北承德市南区农产品批发市场有限公司,河北承德市南区农产品批发市场有限公司,河北省,,,,,external,,market,,,,agricultural_wholesale_market,农业农村部定点农产品批发市场,农业农村部定点市场,false,false,false,true,false,false,false,false,false,false,false,false,true,false,false,,,,,,false,false,false,,,,,,,,,,,,,,,,,,,,,1,wholesale_market,data/raw/moa_designated_wholesale_markets_2024.pdf,rec_fa44a1e7ff402211,A,true,按 PDF 两列表格抽取;原文件未提供详细地址和坐标。
cand_5b8177f8bf008756,江西省供销余干农商大市场,江西省供销余干农商大市场,江西省供销余干农商大市场,江西省,,,,,external,,market,,,,agricultural_wholesale_market,农业农村部定点农产品批发市场,农业农村部定点市场,false,false,false,true,false,false,false,false,false,false,false,false,true,false,false,,,,,,false,false,false,,,,,,,,,,,,,,,,,,,,,1,wholesale_market,data/raw/moa_designated_wholesale_markets_2024.pdf,rec_36a1a21feee0b775,A,true,按 PDF 两列表格抽取;原文件未提供详细地址和坐标。
cand_5bb09c754605a3f1,山东喜地农产品批发市场,山东喜地农产品批发市场,山东喜地农产品批发市场,山东省,,,,,external,,market,,,,agricultural_wholesale_market,农业农村部定点农产品批发市场,农业农村部定点市场,false,false,false,true,false,false,false,false,false,false,false,false,true,false,false,,,,,,false,false,false,,,,,,,,,,,,,,,,,,,,,1,wholesale_market,data/raw/moa_designated_wholesale_markets_2024.pdf,rec_51cc005f38a2d454,A,true,按 PDF 两列表格抽取;原文件未提供详细地址和坐标。
cand_5bc8c509d943d911,云南通海金山蔬菜批发市场,云南通海金山蔬菜批发市场,云南通海金山蔬菜批发市场,云南省,,,,,external,,market,,,,agricultural_wholesale_market,农业农村部定点农产品批发市场,农业农村部定点市场,false,false,false,true,false,true,false,false,false,false,false,false,true,false,false,,,,,,false,false,false,,,,,,,,,,,,,,,,,,,,,1,wholesale_market,data/raw/moa_designated_wholesale_markets_2024.pdf,rec_1b6b0ca7c9e003f4,A,true,按 PDF 两列表格抽取;原文件未提供详细地址和坐标。
cand_5bead4b578b5e419,柳州市君厨粮油有限公司,柳州市君厨粮油有限公司,柳州市君厨粮油有限公司,广西壮族自治区,柳州市,,,,secondary,,organization,,,,other,储备商品管理公司及其直属库,广西储备商品管理公司及其直属库名单(桂财税〔2024〕8号),true,true,false,false,false,false,false,false,false,false,false,false,false,false,false,,,,,,false,true,false,,,,,,,,,,,,,,,,,,,,,1,grain_reserve,data/raw/guangxi_reserve_companies_2024.html,rec_a5d5923ebd9438bc,A,true,属于储备商品管理公司及其直属库名单，但名称不足以安全判断为具体粮库或储备管理机构。 使用 lxml 从 HTML 正文容器按“行政区标题 + 序号 + 单位名称”结构抽取;原正文段落序号 77。
cand_5bf0f44a7afd3a01,湖北鄂南农贸大市场,湖北鄂南农贸大市场,湖北鄂南农贸大市场,湖北省,,,,,external,,market,,,,agricultural_wholesale_market,农业农村部定点农产品批发市场,农业农村部定点市场,false,false,false,true,false,false,false,false,false,false,false,false,true,false,false,,,,,,false,false,false,,,,,,,,,,,,,,,,,,,,,1,wholesale_market,data/raw/moa_designated_wholesale_markets_2024.pdf,rec_33cdb121a056c342,A,true,按 PDF 两列表格抽取;原文件未提供详细地址和坐标。
cand_5c0079f25716da8a,广西瑶香樟农业科技有限公司,广西瑶香樟农业科技有限公司,广西瑶香樟农业科技有限公司,广西壮族自治区,,,,百色市/平果市,reserve,,organization,,,,government_procurement_supplier,鲜肉类,政府采购入围/中标供应商,false,false,true,true,true,false,false,false,false,false,false,false,false,false,false,,,,,,false,false,true,,,,,,,,,,,,,,,,,,,,,1,government_procurement,data/raw/pingguo_meat_suppliers.pdf,rec_a9e46fc853edcc2a,C,true,"采购供应商身份不等同于实体仓储节点。 采购资料未提供企业地址；服务项目区域与企业所在地严格分开。 可确认位于广西，但当前证据不足以安全确定地级市。 PDF 表格未提供地址和统一社会信用代码;服务项目所在地为平果市,不能据此推断企业所在地。 采购供应商地址不自动视为仓库地址；仅在原文出现仓库、粮库、配送中心、冷库、厂房等明确词时标记相应能力。"
cand_5c0abc4376a2e20b,陕西渭南市华州区君沙蔬菜批发中心,陕西渭南市华州区君沙蔬菜批发中心,陕西渭南市华州区君沙蔬菜批发中心,陕西省,,,,,external,,market,,,,agricultural_wholesale_market,农业农村部定点农产品批发市场,农业农村部定点市场,false,false,false,true,false,true,false,false,false,false,false,false,true,false,false,,,,,,false,false,false,,,,,,,,,,,,,,,,,,,,,1,wholesale_market,data/raw/moa_designated_wholesale_markets_2024.pdf,rec_d09dd676dd813573,A,true,按 PDF 两列表格抽取;原文件未提供详细地址和坐标。
cand_5c2b9b41788f059f,成都红旗连锁股份有限公司,成都红旗连锁股份有限公司,成都红旗连锁股份有限公司,,,,,全国,external,,organization,,,,other,国家级粮食应急保障企业,国家级粮食应急保障企业,true,false,false,false,false,false,false,false,false,false,false,false,false,false,false,,,,,,true,false,false,,,,,,,,,,,,,,,,,,,,,2,grain_emergency,data/raw/national_emergency_grain_enterprises_2025_reassessment.wps;data/raw/national_emergency_grain_enterprises_batch2.pdf,rec_93b51bd247c484a0;rec_028bfdab419b947b,B,true,"官方名单未给出储运、加工、配送等具体子类，保守归为 other。 当前原始记录未提供可安全解析的省级所在地。 保留国家级粮食应急保障企业身份，不凭名称猜测具体功能分类。 原文件扩展名为 .wps,文件签名为 WPS/OLE 复合文档;只读转换为临时标准 DOCX 后抽取。来源年份由文件名推断。 按 PDF 文本层中的编号名单逐条抽取;原文件未提供地址和具体功能子类。"
cand_5c32dbab94efded3,湖北四季青农贸城管理有限公司,湖北四季青农贸城管理有限公司,湖北四季青农贸城管理有限公司,湖北省,,,,,external,,market,,,,agricultural_wholesale_market,农业农村部定点农产品批发市场,农业农村部定点市场,false,false,false,true,false,false,false,false,false,false,false,false,true,false,false,,,,,,false,false,false,,,,,,,,,,,,,,,,,,,,,1,wholesale_market,data/raw/moa_designated_wholesale_markets_2024.pdf,rec_4056276c90cbc6bf,A,true,按 PDF 两列表格抽取;原文件未提供详细地址和坐标。
cand_5c462ff2729b041f,平果方圆食品有限公司,平果方圆食品有限公司,平果方圆食品有限公司,广西壮族自治区,百色市,平果市,,百色市/平果市,reserve,,organization,,,,government_procurement_supplier,鲜肉类;生鲜时蔬、水果类,政府采购入围/中标供应商,false,false,true,true,true,true,true,false,false,false,false,false,false,false,false,,,,,,false,false,true,,,,,,,,,,,,,,,,,,,,,2,government_procurement,data/raw/pingguo_meat_suppliers.pdf;data/raw/pingguo_vegetable_fruit_suppliers.pdf,rec_607fd0baa069ac33;rec_286f6fa95cbfe7da,C,true,"采购供应商身份不等同于实体仓储节点。 采购资料未提供企业地址；服务项目区域与企业所在地严格分开。 PDF 表格未提供地址和统一社会信用代码;服务项目所在地为平果市,不能据此推断企业所在地。 采购供应商地址不自动视为仓库地址；仅在原文出现仓库、粮库、配送中心、冷库、厂房等明确词时标记相应能力。"
cand_5ccd3a4354b57546,武宣县粮食储备库,武宣县粮食储备库,武宣县粮食储备库,广西壮族自治区,来宾市,,,,reserve,,physical_site,,,,grain_depot,储备商品管理公司及其直属库,广西储备商品管理公司及其直属库名单(桂财税〔2024〕8号),true,false,false,false,false,false,false,false,false,false,true,false,false,false,false,,,,,,false,true,false,,,,,,,,,,,,,,,,,,,,,1,grain_reserve,data/raw/guangxi_reserve_companies_2024.html,rec_0858c8e3de6162ae,A,true,使用 lxml 从 HTML 正文容器按“行政区标题 + 序号 + 单位名称”结构抽取;原正文段落序号 371。
cand_5cd76a158b9a8cba,桂林市第三粮库有限公司,桂林市第三粮库有限公司,桂林市第三粮库有限公司,广西壮族自治区,桂林市,,,,reserve,,physical_site,,,,grain_depot,储备商品管理公司及其直属库,广西储备商品管理公司及其直属库名单(桂财税〔2024〕8号),true,false,false,false,false,false,false,false,false,false,true,false,false,false,false,,,,,,false,true,false,,,,,,,,,,,,,,,,,,,,,1,grain_reserve,data/raw/guangxi_reserve_companies_2024.html,rec_1ddedf3726b3d458,A,true,使用 lxml 从 HTML 正文容器按“行政区标题 + 序号 + 单位名称”结构抽取;原正文段落序号 93。
cand_5ce11377d4903e5c,四川雨润国际农产品交易中心,四川雨润国际农产品交易中心,四川雨润国际农产品交易中心,四川省,,,,,external,,market,,,,agricultural_wholesale_market,农业农村部定点农产品批发市场,农业农村部定点市场,false,false,false,true,false,false,false,false,false,false,false,false,true,false,false,,,,,,false,false,false,,,,,,,,,,,,,,,,,,,,,1,wholesale_market,data/raw/moa_designated_wholesale_markets_2024.pdf,rec_16ccf2858e08f4a7,A,true,按 PDF 两列表格抽取;原文件未提供详细地址和坐标。
cand_5cff99a02c1e4857,宾阳县黎塘粮食购销有限责任公司,宾阳县黎塘粮食购销有限责任公司,宾阳县黎塘粮食购销有限责任公司,广西壮族自治区,南宁市,宾阳县,,,primary,,organization,,,,grain_reserve,储备商品管理公司及其直属库,广西储备商品管理公司及其直属库名单(桂财税〔2024〕8号),true,false,false,false,false,false,false,false,false,false,false,false,false,false,false,,,,,,false,true,false,,,,,,,,,,,,,,,,,,,,,1,grain_reserve,data/raw/guangxi_reserve_companies_2024.html,rec_2300ba0f9f63f50b,A,true,名单证明储备体系资格，但企业主体或管理机构名称不等同于具体物理粮库。 使用 lxml 从 HTML 正文容器按“行政区标题 + 序号 + 单位名称”结构抽取;原正文段落序号 56。
cand_5d730d84723f836f,广西平果先优创供应链管理有限公司,广西平果先优创供应链管理有限公司,广西平果先优创供应链管理有限公司,广西壮族自治区,,,,百色市/平果市,reserve,,organization,,,,government_procurement_supplier,鲜肉类;生鲜时蔬、水果类,政府采购入围/中标供应商,false,false,true,true,true,true,true,false,false,false,false,false,false,false,false,,,,,,false,false,true,,,,,,,,,,,,,,,,,,,,,2,government_procurement,data/raw/pingguo_meat_suppliers.pdf;data/raw/pingguo_vegetable_fruit_suppliers.pdf,rec_53bb835313de3b4a;rec_2665d8010068d378,C,true,"采购供应商身份不等同于实体仓储节点。 采购资料未提供企业地址；服务项目区域与企业所在地严格分开。 可确认位于广西，但当前证据不足以安全确定地级市。 PDF 表格未提供地址和统一社会信用代码;服务项目所在地为平果市,不能据此推断企业所在地。 采购供应商地址不自动视为仓库地址；仅在原文出现仓库、粮库、配送中心、冷库、厂房等明确词时标记相应能力。"
cand_5d924ce791966c8b,安徽六安中川农贸城,安徽六安中川农贸城,安徽六安中川农贸城,安徽省,,,,,external,,market,,,,agricultural_wholesale_market,农业农村部定点农产品批发市场,农业农村部定点市场,false,false,false,true,false,false,false,false,false,false,false,false,true,false,false,,,,,,false,false,false,,,,,,,,,,,,,,,,,,,,,1,wholesale_market,data/raw/moa_designated_wholesale_markets_2024.pdf,rec_9bb99488cd21eb7b,A,true,按 PDF 两列表格抽取;原文件未提供详细地址和坐标。
cand_5dbc62dbbf3a7a2f,吉林敦化市长白山特产市场有限责任公司,吉林敦化市长白山特产市场有限责任公司,吉林敦化市长白山特产市场有限责任公司,吉林省,,,,,external,,market,,,,agricultural_wholesale_market,农业农村部定点农产品批发市场,农业农村部定点市场,false,false,false,true,false,false,false,false,false,false,false,false,true,false,false,,,,,,false,false,false,,,,,,,,,,,,,,,,,,,,,1,wholesale_market,data/raw/moa_designated_wholesale_markets_2024.pdf,rec_9c46b4a067d81bb5,A,true,按 PDF 两列表格抽取;原文件未提供详细地址和坐标。
cand_5e06eacfe37721e4,四川金沙江智慧物流商贸城,四川金沙江智慧物流商贸城,四川金沙江智慧物流商贸城,四川省,,,,,external,,market,,,,agricultural_wholesale_market,农业农村部定点农产品批发市场,农业农村部定点市场,false,false,false,true,false,false,false,false,false,false,false,false,true,false,false,,,,,,false,false,false,,,,,,,,,,,,,,,,,,,,,1,wholesale_market,data/raw/moa_designated_wholesale_markets_2024.pdf,rec_8fc628d40bd314d8,A,true,按 PDF 两列表格抽取;原文件未提供详细地址和坐标。
cand_5e0f820569fae897,广西中邮物流有限责任公司,广西中邮物流有限责任公司,广西中邮物流有限责任公司,广西壮族自治区,南宁市,青秀区,南宁市青秀区金浦路三支路1号广西邮政南宁物流中心及通信调度楼五至七层,贵港市,primary,91450000759775119K,organization,,,,government_procurement_supplier,冷冻品类,政府采购入围/中标供应商,false,false,true,false,false,false,false,false,false,false,false,false,true,false,false,,,,,,false,false,true,,,,,,,,,,,,,,,,,,,,,1,government_procurement,data/raw/guigang_food_suppliers_310.pdf,rec_cca737bc3b7e0554,B,true,"采购供应商身份不等同于实体仓储节点。 采购资料中的地址按企业登记/联系地址处理，不自动等同于仓库或配送节点地址。 按 PDF 表格行批量抽取;地址视为供应商登记/联系地址,不自动认定为仓储节点。 采购供应商地址不自动视为仓库地址；仅在原文出现仓库、粮库、配送中心、冷库、厂房等明确词时标记相应能力。"
cand_5efb69cc79c4ee0a,广西全州县才湾粮油购销有限公司,广西全州县才湾粮油购销有限公司,广西全州县才湾粮油购销有限公司,广西壮族自治区,桂林市,全州县,,,reserve,,organization,,,,grain_reserve,储备商品管理公司及其直属库,广西储备商品管理公司及其直属库名单(桂财税〔2024〕8号),true,true,false,false,false,false,false,false,false,false,false,false,false,false,false,,,,,,false,true,false,,,,,,,,,,,,,,,,,,,,,1,grain_reserve,data/raw/guangxi_reserve_companies_2024.html,rec_0422542bc4e3348d,A,true,名单证明储备体系资格，但企业主体或管理机构名称不等同于具体物理粮库。 使用 lxml 从 HTML 正文容器按“行政区标题 + 序号 + 单位名称”结构抽取;原正文段落序号 100。
cand_5f25088de863b72b,内蒙古赤峰西城市场,内蒙古赤峰西城市场,内蒙古赤峰西城市场,内蒙古自治区,,,,,external,,market,,,,agricultural_wholesale_market,农业农村部定点农产品批发市场,农业农村部定点市场,false,false,false,true,false,false,false,false,false,false,false,false,true,false,false,,,,,,false,false,false,,,,,,,,,,,,,,,,,,,,,1,wholesale_market,data/raw/moa_designated_wholesale_markets_2024.pdf,rec_267e36e606eff12d,A,true,按 PDF 两列表格抽取;原文件未提供详细地址和坐标。
cand_5f3d73469c2f250c,四川聚和生态农业发展有限公司(四川成都龙泉聚合(国际)果蔬菜交易中心),四川聚和生态农业发展有限公司(四川成都龙泉聚合(国际)果蔬菜交易中心),四川聚和生态农业发展有限公司(四川成都龙泉聚合(国际)果蔬菜交易中心),四川省,,,,,external,,market,,,,agricultural_wholesale_market,农业农村部定点农产品批发市场,农业农村部定点市场,false,false,false,true,false,true,true,false,false,false,false,false,true,false,false,,,,,,false,false,false,,,,,,,,,,,,,,,,,,,,,1,wholesale_market,data/raw/moa_designated_wholesale_markets_2024.pdf,rec_199cebcbb57bb791,A,true,按 PDF 两列表格抽取;原文件未提供详细地址和坐标。
cand_5fcf8d6f1285bebb,福建省古田食用菌批发市场,福建省古田食用菌批发市场,福建省古田食用菌批发市场,福建省,,,,,external,,market,,,,agricultural_wholesale_market,农业农村部定点农产品批发市场,农业农村部定点市场,false,false,false,true,false,false,false,false,false,false,false,false,true,false,false,,,,,,false,false,false,,,,,,,,,,,,,,,,,,,,,1,wholesale_market,data/raw/moa_designated_wholesale_markets_2024.pdf,rec_ddcc5ad2a4db98bf,A,true,按 PDF 两列表格抽取;原文件未提供详细地址和坐标。
cand_60076226c90028c4,广西联利餐饮管理有限公司,广西联利餐饮管理有限公司,广西联利餐饮管理有限公司,广西壮族自治区,,,,百色市/平果市,reserve,,organization,,,,government_procurement_supplier,鲜肉类;生鲜时蔬、水果类,政府采购入围/中标供应商,false,false,true,true,true,true,true,false,false,false,false,false,false,false,false,,,,,,false,false,true,,,,,,,,,,,,,,,,,,,,,2,government_procurement,data/raw/pingguo_meat_suppliers.pdf;data/raw/pingguo_vegetable_fruit_suppliers.pdf,rec_41a2def7111d9f40;rec_11a2550208af97e8,C,true,"采购供应商身份不等同于实体仓储节点。 采购资料未提供企业地址；服务项目区域与企业所在地严格分开。 可确认位于广西，但当前证据不足以安全确定地级市。 PDF 表格未提供地址和统一社会信用代码;服务项目所在地为平果市,不能据此推断企业所在地。 采购供应商地址不自动视为仓库地址；仅在原文出现仓库、粮库、配送中心、冷库、厂房等明确词时标记相应能力。"
cand_6078b5683a2a223a,安徽黄山茶叶城,安徽黄山茶叶城,安徽黄山茶叶城,安徽省,,,,,external,,market,,,,agricultural_wholesale_market,农业农村部定点农产品批发市场,农业农村部定点市场,false,false,false,true,false,false,false,false,false,false,false,false,true,false,false,,,,,,false,false,false,,,,,,,,,,,,,,,,,,,,,1,wholesale_market,data/raw/moa_designated_wholesale_markets_2024.pdf,rec_0a628c0ba4870b64,A,true,按 PDF 两列表格抽取;原文件未提供详细地址和坐标。
cand_6081a5ed0d876cd5,甘肃金昌市金川天然农产品发展有限责任公司(甘肃金昌农产品综合批发市场),甘肃金昌市金川天然农产品发展有限责任公司(甘肃金昌农产品综合批发市场),甘肃金昌市金川天然农产品发展有限责任公司(甘肃金昌农产品综合批发市场),甘肃省,,,,,external,,market,,,,agricultural_wholesale_market,农业农村部定点农产品批发市场,农业农村部定点市场,false,false,false,true,false,false,false,false,false,false,false,false,true,false,false,,,,,,false,false,false,,,,,,,,,,,,,,,,,,,,,1,wholesale_market,data/raw/moa_designated_wholesale_markets_2024.pdf,rec_8972e598b6d8e677,A,true,按 PDF 两列表格抽取;原文件未提供详细地址和坐标。
cand_60d229a350be34f4,贵州黔北鸭溪大牲畜交易市场,贵州黔北鸭溪大牲畜交易市场,贵州黔北鸭溪大牲畜交易市场,贵州省,,,,,external,,market,,,,agricultural_wholesale_market,农业农村部定点农产品批发市场,农业农村部定点市场,false,false,false,true,false,false,false,false,false,false,false,false,true,false,false,,,,,,false,false,false,,,,,,,,,,,,,,,,,,,,,1,wholesale_market,data/raw/moa_designated_wholesale_markets_2024.pdf,rec_a9f0448b383ef36f,A,true,按 PDF 两列表格抽取;原文件未提供详细地址和坐标。
cand_60ddd09b6009b64a,山东康巨农产品商贸有限公司(山东巨野县康巨农产品批发市场),山东康巨农产品商贸有限公司(山东巨野县康巨农产品批发市场),山东康巨农产品商贸有限公司(山东巨野县康巨农产品批发市场),山东省,,,,,external,,market,,,,agricultural_wholesale_market,农业农村部定点农产品批发市场,农业农村部定点市场,false,false,false,true,false,false,false,false,false,false,false,false,true,false,false,,,,,,false,false,false,,,,,,,,,,,,,,,,,,,,,1,wholesale_market,data/raw/moa_designated_wholesale_markets_2024.pdf,rec_3c27cfca25d6d808,A,true,按 PDF 两列表格抽取;原文件未提供详细地址和坐标。
cand_61005c48411bcf31,安徽马鞍山市安民农副产品贸易有限公司(安徽马鞍山安民农副产品批发交易中心),安徽马鞍山市安民农副产品贸易有限公司(安徽马鞍山安民农副产品批发交易中心),安徽马鞍山市安民农副产品贸易有限公司(安徽马鞍山安民农副产品批发交易中心),安徽省,,,,,external,,market,,,,agricultural_wholesale_market,农业农村部定点农产品批发市场,农业农村部定点市场,false,false,false,true,false,false,false,false,false,false,false,false,true,false,false,,,,,,false,false,false,,,,,,,,,,,,,,,,,,,,,1,wholesale_market,data/raw/moa_designated_wholesale_markets_2024.pdf,rec_0da9d52cda248804,A,true,按 PDF 两列表格抽取;原文件未提供详细地址和坐标。
cand_610ac91057589ba3,隆林各族自治县粮食购销服务中心,隆林各族自治县粮食购销服务中心,隆林各族自治县粮食购销服务中心,广西壮族自治区,百色市,隆林各族自治县,,,reserve,,organization,,,,grain_reserve,储备商品管理公司及其直属库,广西储备商品管理公司及其直属库名单(桂财税〔2024〕8号),true,false,false,false,false,false,false,false,false,false,false,false,false,false,false,,,,,,false,true,false,,,,,,,,,,,,,,,,,,,,,1,grain_reserve,data/raw/guangxi_reserve_companies_2024.html,rec_8b3ada26af9e45b5,A,true,名单证明储备体系资格，但企业主体或管理机构名称不等同于具体物理粮库。 使用 lxml 从 HTML 正文容器按“行政区标题 + 序号 + 单位名称”结构抽取;原正文段落序号 264。
cand_62127a05f1e1761e,山东金乡凯盛国际农产品物流园,山东金乡凯盛国际农产品物流园,山东金乡凯盛国际农产品物流园,山东省,,,,,external,,market,,,,agricultural_wholesale_market,农业农村部定点农产品批发市场,农业农村部定点市场,false,false,false,true,false,false,false,false,false,false,false,false,true,false,false,,,,,,false,false,false,,,,,,,,,,,,,,,,,,,,,1,wholesale_market,data/raw/moa_designated_wholesale_markets_2024.pdf,rec_0a92c8a57cce4264,A,true,按 PDF 两列表格抽取;原文件未提供详细地址和坐标。
cand_6264444caecd4bea,广西荔浦市农副产品综合批发市场,广西荔浦市农副产品综合批发市场,广西荔浦市农副产品综合批发市场,广西壮族自治区,桂林市,荔浦市,,,reserve,,market,,,,agricultural_wholesale_market,农业农村部定点农产品批发市场,农业农村部定点市场,false,false,false,true,false,false,false,false,false,false,false,false,true,false,false,,,,,,false,false,false,,,,,,,,,,,,,,,,,,,,,1,wholesale_market,data/raw/moa_designated_wholesale_markets_2024.pdf,rec_8221e00dd463ab60,A,true,按 PDF 两列表格抽取;原文件未提供详细地址和坐标。
cand_627f47adb3573fcb,河北康保县杂粮商会(河北康保县杂粮市场),河北康保县杂粮商会(河北康保县杂粮市场),河北康保县杂粮商会(河北康保县杂粮市场),河北省,,,,,external,,market,,,,agricultural_wholesale_market,农业农村部定点农产品批发市场,农业农村部定点市场,false,false,false,true,false,false,false,false,false,false,false,false,true,false,false,,,,,,false,false,false,,,,,,,,,,,,,,,,,,,,,1,wholesale_market,data/raw/moa_designated_wholesale_markets_2024.pdf,rec_63e63af70f4f5a7f,A,true,按 PDF 两列表格抽取;原文件未提供详细地址和坐标。
cand_62aee526ecf20b50,广东佛山市大沥桂江农产品综合批发市场,广东佛山市大沥桂江农产品综合批发市场,广东佛山市大沥桂江农产品综合批发市场,广东省,,,,,external,,market,,,,agricultural_wholesale_market,农业农村部定点农产品批发市场,农业农村部定点市场,false,false,false,true,false,false,false,false,false,false,false,false,true,false,false,,,,,,false,false,false,,,,,,,,,,,,,,,,,,,,,1,wholesale_market,data/raw/moa_designated_wholesale_markets_2024.pdf,rec_7dcffda8b5981239,A,true,按 PDF 两列表格抽取;原文件未提供详细地址和坐标。
cand_62e4ad278275a965,山东博发农副产品综合批发市场有限公司,山东博发农副产品综合批发市场有限公司,山东博发农副产品综合批发市场有限公司,山东省,,,,,external,,market,,,,agricultural_wholesale_market,农业农村部定点农产品批发市场,农业农村部定点市场,false,false,false,true,false,false,false,false,false,false,false,false,true,false,false,,,,,,false,false,false,,,,,,,,,,,,,,,,,,,,,1,wholesale_market,data/raw/moa_designated_wholesale_markets_2024.pdf,rec_acfe73c5b87571c3,A,true,按 PDF 两列表格抽取;原文件未提供详细地址和坐标。
cand_62f5a0525b6bdb01,河北唐山市荷花坑农副产品批发市场,河北唐山市荷花坑农副产品批发市场,河北唐山市荷花坑农副产品批发市场,河北省,,,,,external,,market,,,,agricultural_wholesale_market,农业农村部定点农产品批发市场,农业农村部定点市场,false,false,false,true,false,false,false,false,false,false,false,false,true,false,false,,,,,,false,false,false,,,,,,,,,,,,,,,,,,,,,1,wholesale_market,data/raw/moa_designated_wholesale_markets_2024.pdf,rec_eff1bade6699edf5,A,true,按 PDF 两列表格抽取;原文件未提供详细地址和坐标。
cand_6366f4e165f44cbd,浙江嘉兴水果市场,浙江嘉兴水果市场,浙江嘉兴水果市场,浙江省,,,,,external,,market,,,,agricultural_wholesale_market,农业农村部定点农产品批发市场,农业农村部定点市场,false,false,false,true,false,false,true,false,false,false,false,false,true,false,false,,,,,,false,false,false,,,,,,,,,,,,,,,,,,,,,1,wholesale_market,data/raw/moa_designated_wholesale_markets_2024.pdf,rec_11ebd3dd146dbf8f,A,true,按 PDF 两列表格抽取;原文件未提供详细地址和坐标。
cand_6383a1e3021e08f9,河北衡水市东明村农产品企业管理有限责任公司(河北衡水市东明蔬菜果品批发市场),河北衡水市东明村农产品企业管理有限责任公司(河北衡水市东明蔬菜果品批发市场),河北衡水市东明村农产品企业管理有限责任公司(河北衡水市东明蔬菜果品批发市场),河北省,,,,,external,,market,,,,agricultural_wholesale_market,农业农村部定点农产品批发市场,农业农村部定点市场,false,false,false,true,false,true,true,false,false,false,false,false,true,false,false,,,,,,false,false,false,,,,,,,,,,,,,,,,,,,,,1,wholesale_market,data/raw/moa_designated_wholesale_markets_2024.pdf,rec_d455ab7c49c4b69c,A,true,按 PDF 两列表格抽取;原文件未提供详细地址和坐标。
cand_63cb94a1effd7ee5,黑龙江金农人粮食有限公司,黑龙江金农人粮食有限公司,黑龙江金农人粮食有限公司,黑龙江省,,,,全国,external,,organization,,,,other,国家级粮食应急保障企业,国家级粮食应急保障企业,true,false,false,false,false,false,false,false,false,false,false,false,false,false,false,,,,,,true,false,false,,,,,,,,,,,,,,,,,,,,,1,grain_emergency,data/raw/national_emergency_grain_enterprises_batch2.pdf,rec_756c47f91c4ea317,B,true,官方名单未给出储运、加工、配送等具体子类，保守归为 other。 保留国家级粮食应急保障企业身份，不凭名称猜测具体功能分类。 按 PDF 文本层中的编号名单逐条抽取;原文件未提供地址和具体功能子类。
cand_63e92dc91c141294,云南砚山县稼依辣椒专业交易市场,云南砚山县稼依辣椒专业交易市场,云南砚山县稼依辣椒专业交易市场,云南省,,,,,external,,market,,,,agricultural_wholesale_market,农业农村部定点农产品批发市场,农业农村部定点市场,false,false,false,true,false,false,false,false,false,false,false,false,true,false,false,,,,,,false,false,false,,,,,,,,,,,,,,,,,,,,,1,wholesale_market,data/raw/moa_designated_wholesale_markets_2024.pdf,rec_bdd0ced2ccc68612,A,true,按 PDF 两列表格抽取;原文件未提供详细地址和坐标。
cand_641288ba22112912,广西藤县金鸡粮所,广西藤县金鸡粮所,广西藤县金鸡粮所,广西壮族自治区,梧州市,,,,reserve,,unknown,,,,grain_reserve,储备商品管理公司及其直属库,广西储备商品管理公司及其直属库名单(桂财税〔2024〕8号),true,false,false,false,false,false,false,false,false,false,false,false,false,false,false,,,,,,false,true,false,,,,,,,,,,,,,,,,,,,,,1,grain_reserve,data/raw/guangxi_reserve_companies_2024.html,rec_ee4ad333ddac0edc,A,true,名单证明储备体系资格，但企业主体或管理机构名称不等同于具体物理粮库。 使用 lxml 从 HTML 正文容器按“行政区标题 + 序号 + 单位名称”结构抽取;原正文段落序号 152。
cand_64432caf78d78ad1,海南岛东农产品物流中心批发市场,海南岛东农产品物流中心批发市场,海南岛东农产品物流中心批发市场,海南省,,,,,external,,market,,,,agricultural_wholesale_market,农业农村部定点农产品批发市场,农业农村部定点市场,false,false,false,true,false,false,false,false,false,false,false,false,true,false,false,,,,,,false,false,false,,,,,,,,,,,,,,,,,,,,,1,wholesale_market,data/raw/moa_designated_wholesale_markets_2024.pdf,rec_2e62e390937f14f1,A,true,按 PDF 两列表格抽取;原文件未提供详细地址和坐标。
cand_645fb65a99fe6693,山东兰陵县公益性农产品批发市场,山东兰陵县公益性农产品批发市场,山东兰陵县公益性农产品批发市场,山东省,,,,,external,,market,,,,agricultural_wholesale_market,农业农村部定点农产品批发市场,农业农村部定点市场,false,false,false,true,false,false,false,false,false,false,false,false,true,false,false,,,,,,false,false,false,,,,,,,,,,,,,,,,,,,,,1,wholesale_market,data/raw/moa_designated_wholesale_markets_2024.pdf,rec_6d6352575cc2d8be,A,true,按 PDF 两列表格抽取;原文件未提供详细地址和坐标。
cand_64ab0b31114b67d6,贵港市竹香园食品有限公司,贵港市竹香园食品有限公司,贵港市竹香园食品有限公司,广西壮族自治区,贵港市,港北区,广西壮族自治区贵港市港北区贵港国家生态工业(制糖)示范园区内7幢,贵港市,reserve,91450802MA5LBN5P4K,organization,,,,government_procurement_supplier,鲜湿米粉、面食、糕点等早餐类、豆制品类,政府采购入围/中标供应商,true,false,true,false,false,false,false,false,false,false,false,false,false,false,false,,,,,,false,false,true,,,,,,,,,,,,,,,,,,,,,1,government_procurement,data/raw/guigang_food_suppliers_310.pdf,rec_9cb55b7d2905a227,C,true,"采购供应商身份不等同于实体仓储节点。 采购资料中的地址按企业登记/联系地址处理，不自动等同于仓库或配送节点地址。 按 PDF 表格行批量抽取;地址视为供应商登记/联系地址,不自动认定为仓储节点。 采购供应商地址不自动视为仓库地址；仅在原文出现仓库、粮库、配送中心、冷库、厂房等明确词时标记相应能力。"
cand_64ba800e42aa9809,广西星美农业有限公司,广西星美农业有限公司,广西星美农业有限公司,广西壮族自治区,贵港市,港北区,贵港市港北区民生路与布山大道交汇处东北角(广西壮族自治区贵港茶厂地块钢结构仓库1号、2号),贵港市,reserve,91450800MA5PG3FXX8,organization,,,,government_procurement_supplier,奶制品及饮品,政府采购入围/中标供应商,false,false,true,true,false,false,false,false,true,false,true,false,false,false,false,,,,,,false,false,true,,,,,,,,,,,,,,,,,,,,,1,government_procurement,data/raw/guigang_food_suppliers_310.pdf,rec_4409f6d378f1a9d5,B,true,"采购供应商身份不等同于实体仓储节点。 采购资料中的地址按企业登记/联系地址处理，不自动等同于仓库或配送节点地址。 按 PDF 表格行批量抽取;地址视为供应商登记/联系地址,不自动认定为仓储节点。 采购供应商地址不自动视为仓库地址；仅在原文出现仓库、粮库、配送中心、冷库、厂房等明确词时标记相应能力。"
cand_64d909eb1c5502f2,象州县储备粮管理公司,象州县储备粮管理公司,象州县储备粮管理公司,广西壮族自治区,来宾市,,,,reserve,,organization,,,,grain_reserve,储备商品管理公司及其直属库,广西储备商品管理公司及其直属库名单(桂财税〔2024〕8号),true,false,false,false,false,false,false,false,false,false,false,false,false,false,false,,,,,,false,true,false,,,,,,,,,,,,,,,,,,,,,1,grain_reserve,data/raw/guangxi_reserve_companies_2024.html,rec_486024c907340fd1,A,true,名单证明储备体系资格，但企业主体或管理机构名称不等同于具体物理粮库。 使用 lxml 从 HTML 正文容器按“行政区标题 + 序号 + 单位名称”结构抽取;原正文段落序号 369。
cand_650e1f2bcb377b34,浙江省黄岩柑桔果品副食品综合市场,浙江省黄岩柑桔果品副食品综合市场,浙江省黄岩柑桔果品副食品综合市场,浙江省,,,,,external,,market,,,,agricultural_wholesale_market,农业农村部定点农产品批发市场,农业农村部定点市场,false,false,true,true,false,false,true,false,false,false,false,false,true,false,false,,,,,,false,false,false,,,,,,,,,,,,,,,,,,,,,1,wholesale_market,data/raw/moa_designated_wholesale_markets_2024.pdf,rec_5142ed9cf91b5c17,A,true,按 PDF 两列表格抽取;原文件未提供详细地址和坐标。
cand_659c0e8737128cce,新疆核桃(叶城)批发交易市场,新疆核桃(叶城)批发交易市场,新疆核桃(叶城)批发交易市场,新疆维吾尔自治区,,,,,external,,market,,,,agricultural_wholesale_market,农业农村部定点农产品批发市场,农业农村部定点市场,false,false,false,true,false,false,false,false,false,false,false,false,true,false,false,,,,,,false,false,false,,,,,,,,,,,,,,,,,,,,,1,wholesale_market,data/raw/moa_designated_wholesale_markets_2024.pdf,rec_857bc0f0d70f3f86,A,true,按 PDF 两列表格抽取;原文件未提供详细地址和坐标。
cand_65fa03f274e11530,宾阳县芦圩粮食购销有限责任公司,宾阳县芦圩粮食购销有限责任公司,宾阳县芦圩粮食购销有限责任公司,广西壮族自治区,南宁市,宾阳县,,,primary,,organization,,,,grain_reserve,储备商品管理公司及其直属库,广西储备商品管理公司及其直属库名单(桂财税〔2024〕8号),true,false,false,false,false,false,false,false,false,false,false,false,false,false,false,,,,,,false,true,false,,,,,,,,,,,,,,,,,,,,,1,grain_reserve,data/raw/guangxi_reserve_companies_2024.html,rec_68c74a394dfa504d,A,true,名单证明储备体系资格，但企业主体或管理机构名称不等同于具体物理粮库。 使用 lxml 从 HTML 正文容器按“行政区标题 + 序号 + 单位名称”结构抽取;原正文段落序号 54。
cand_669d6303792563c1,梧州市优之粮粮油贸易有限公司,梧州市优之粮粮油贸易有限公司,梧州市优之粮粮油贸易有限公司,广西壮族自治区,梧州市,,,,reserve,,organization,,,,other,储备商品管理公司及其直属库,广西储备商品管理公司及其直属库名单(桂财税〔2024〕8号),true,true,false,false,false,false,false,false,false,false,false,false,false,false,false,,,,,,false,true,false,,,,,,,,,,,,,,,,,,,,,1,grain_reserve,data/raw/guangxi_reserve_companies_2024.html,rec_4f1b73ee6a6d7214,A,true,属于储备商品管理公司及其直属库名单，但名称不足以安全判断为具体粮库或储备管理机构。 使用 lxml 从 HTML 正文容器按“行政区标题 + 序号 + 单位名称”结构抽取;原正文段落序号 162。
cand_6756489326463bba,广西北海粮食储备库有限公司,广西北海粮食储备库有限公司,广西北海粮食储备库有限公司,广西壮族自治区,北海市,,,,reserve,,physical_site,,,,grain_depot,储备商品管理公司及其直属库,广西储备商品管理公司及其直属库名单(桂财税〔2024〕8号),true,false,false,false,false,false,false,false,false,false,true,false,false,false,false,,,,,,false,true,false,,,,,,,,,,,,,,,,,,,,,1,grain_reserve,data/raw/guangxi_reserve_companies_2024.html,rec_abd4b1287c676ba1,A,true,使用 lxml 从 HTML 正文容器按“行政区标题 + 序号 + 单位名称”结构抽取;原正文段落序号 166。
cand_676c47bafa641575,湖北农发洪森米业有限公司,湖北农发洪森米业有限公司,湖北农发洪森米业有限公司(原:湖北洪森实业(集团)有限公司);湖北洪森实业(集团)有限公司,湖北省,,,,全国,external,,organization,,,,emergency_processing,国家级粮食应急保障企业,国家级粮食应急保障企业,true,false,false,false,false,false,false,false,false,false,false,false,false,false,false,,,,,,true,false,false,,,,,,,,,,,,,,,,,,,,,2,grain_emergency,data/raw/national_emergency_grain_enterprises_2025_reassessment.wps;data/raw/national_emergency_grain_enterprises_batch2.pdf,rec_314a6f62e1a2e13e;rec_d52f0c3fa9fff25d,B,true,"原文件扩展名为 .wps,文件签名为 WPS/OLE 复合文档;只读转换为临时标准 DOCX 后抽取。来源年份由文件名推断。 官方名单未给出储运、加工、配送等具体子类，保守归为 other。 保留国家级粮食应急保障企业身份，不凭名称猜测具体功能分类。 按 PDF 文本层中的编号名单逐条抽取;原文件未提供地址和具体功能子类。"
cand_67c0eb64d09eb47f,广西桂平市润兴供应链管理有限责任公司,广西桂平市润兴供应链管理有限责任公司,广西桂平市润兴供应链管理有限责任公司,广西壮族自治区,贵港市,桂平市,广西壮族自治区贵港市桂平市寻旺乡桂平市长安工业区集中区玮力裕科技园2#3层西边场地,贵港市,reserve,91450881MADC9DHF7J,organization,,,,government_procurement_supplier,鲜湿米粉、面食、糕点等早餐类、豆制品类;蛋品类;大米类;食用油类;奶制品及饮品,政府采购入围/中标供应商,true,true,true,true,false,false,false,false,true,false,false,false,false,false,false,,,,,,false,false,true,,,,,,,,,,,,,,,,,,,,,5,government_procurement,data/raw/guigang_food_suppliers_310.pdf,rec_fb0fb92f77a105b0;rec_27e8cb559be78c54;rec_942406257b6d3e5f;rec_9050c6ecee9b6358;rec_f49c23a6912f1a75,C,true,"采购供应商身份不等同于实体仓储节点。 采购资料中的地址按企业登记/联系地址处理，不自动等同于仓库或配送节点地址。 按 PDF 表格行批量抽取;地址视为供应商登记/联系地址,不自动认定为仓储节点。 采购供应商地址不自动视为仓库地址；仅在原文出现仓库、粮库、配送中心、冷库、厂房等明确词时标记相应能力。"
cand_67f4cd26ebfe4ef1,山西大同市康圆果蔬贸易有限责任公司(山西大同市平城区康圆果蔬批发市场),山西大同市康圆果蔬贸易有限责任公司(山西大同市平城区康圆果蔬批发市场),山西大同市康圆果蔬贸易有限责任公司(山西大同市平城区康圆果蔬批发市场),山西省,,,,,external,,market,,,,agricultural_wholesale_market,农业农村部定点农产品批发市场,农业农村部定点市场,false,false,false,true,false,true,true,false,false,false,false,false,true,false,false,,,,,,false,false,false,,,,,,,,,,,,,,,,,,,,,1,wholesale_market,data/raw/moa_designated_wholesale_markets_2024.pdf,rec_211d3306b9e42ddf,A,true,按 PDF 两列表格抽取;原文件未提供详细地址和坐标。
cand_6863eccb353f2b75,甘肃兰州新区国源农贸副食品批发市场,甘肃兰州新区国源农贸副食品批发市场,甘肃兰州新区国源农贸副食品批发市场,甘肃省,,,,,external,,market,,,,agricultural_wholesale_market,农业农村部定点农产品批发市场,农业农村部定点市场,false,false,true,true,false,false,false,false,false,false,false,false,true,false,false,,,,,,false,false,false,,,,,,,,,,,,,,,,,,,,,1,wholesale_market,data/raw/moa_designated_wholesale_markets_2024.pdf,rec_6c2cfcefa8d4998c,A,true,按 PDF 两列表格抽取;原文件未提供详细地址和坐标。
cand_6871981b9d0fea13,河南中原四季水产物流港,河南中原四季水产物流港,河南中原四季水产物流港,河南省,,,,,external,,market,,,,agricultural_wholesale_market,农业农村部定点农产品批发市场,农业农村部定点市场,false,false,false,true,false,false,false,true,false,false,false,false,true,false,false,,,,,,false,false,false,,,,,,,,,,,,,,,,,,,,,1,wholesale_market,data/raw/moa_designated_wholesale_markets_2024.pdf,rec_9c297a9091155bf3,A,true,按 PDF 两列表格抽取;原文件未提供详细地址和坐标。
cand_68768b3d69136552,中国快大人参交易市场,中国快大人参交易市场,中国快大人参交易市场,吉林省,,,,,external,,market,,,,agricultural_wholesale_market,农业农村部定点农产品批发市场,农业农村部定点市场,false,false,false,true,false,false,false,false,false,false,false,false,true,false,false,,,,,,false,false,false,,,,,,,,,,,,,,,,,,,,,1,wholesale_market,data/raw/moa_designated_wholesale_markets_2024.pdf,rec_80c91e8f638c1f99,A,true,按 PDF 两列表格抽取;原文件未提供详细地址和坐标。
cand_689e0bf37e841004,江苏苏浙皖边界市场发展有限公司,江苏苏浙皖边界市场发展有限公司,江苏苏浙皖边界市场发展有限公司,江苏省,,,,,external,,market,,,,agricultural_wholesale_market,农业农村部定点农产品批发市场,农业农村部定点市场,false,false,false,true,false,false,false,false,false,false,false,false,true,false,false,,,,,,false,false,false,,,,,,,,,,,,,,,,,,,,,1,wholesale_market,data/raw/moa_designated_wholesale_markets_2024.pdf,rec_fc2301751fb3b95f,A,true,按 PDF 两列表格抽取;原文件未提供详细地址和坐标。
cand_68a50ddfcb394302,贵港市泓泰商贸有限公司,贵港市泓泰商贸有限公司,贵港市泓泰商贸有限公司,广西壮族自治区,贵港市,港南区,广西壮族自治区贵港市港南区江南街道办江一路128号122室,贵港市,reserve,91450800MA5QJ00DXY,organization,,,,government_procurement_supplier,冷冻品类;调味品类;奶制品及饮品,政府采购入围/中标供应商,false,false,true,true,false,false,false,false,true,false,false,false,false,false,false,,,,,,false,false,true,,,,,,,,,,,,,,,,,,,,,3,government_procurement,data/raw/guigang_food_suppliers_310.pdf,rec_7b213bed9e5720e2;rec_563b0d753ac0f50f;rec_3accc24220039304,C,true,"采购供应商身份不等同于实体仓储节点。 采购资料中的地址按企业登记/联系地址处理，不自动等同于仓库或配送节点地址。 按 PDF 表格行批量抽取;地址视为供应商登记/联系地址,不自动认定为仓储节点。 采购供应商地址不自动视为仓库地址；仅在原文出现仓库、粮库、配送中心、冷库、厂房等明确词时标记相应能力。"
cand_68a9a3b49a93bce6,金秀瑶族自治县粮食储备库,金秀瑶族自治县粮食储备库,金秀瑶族自治县粮食储备库,广西壮族自治区,来宾市,,,,reserve,,physical_site,,,,grain_depot,储备商品管理公司及其直属库,广西储备商品管理公司及其直属库名单(桂财税〔2024〕8号),true,false,false,false,false,false,false,false,false,false,true,false,false,false,false,,,,,,false,true,false,,,,,,,,,,,,,,,,,,,,,1,grain_reserve,data/raw/guangxi_reserve_companies_2024.html,rec_75d1acdc161e8fdc,A,true,使用 lxml 从 HTML 正文容器按“行政区标题 + 序号 + 单位名称”结构抽取;原正文段落序号 376。
cand_68b715dbbab49644,山西长治市天禾农产品有限公司(山西长治市上党经开区天禾农产品交易市场),山西长治市天禾农产品有限公司(山西长治市上党经开区天禾农产品交易市场),山西长治市天禾农产品有限公司(山西长治市上党经开区天禾农产品交易市场),山西省,,,,,external,,market,,,,agricultural_wholesale_market,农业农村部定点农产品批发市场,农业农村部定点市场,false,false,false,true,false,false,false,false,false,false,false,false,true,false,false,,,,,,false,false,false,,,,,,,,,,,,,,,,,,,,,1,wholesale_market,data/raw/moa_designated_wholesale_markets_2024.pdf,rec_da830b3532840cbd,A,true,按 PDF 两列表格抽取;原文件未提供详细地址和坐标。
cand_68ed1b9ed20263de,内蒙古呼伦贝尔市海拉尔区胜利农工商联合公司(内蒙古呼伦贝尔市新桥市场),内蒙古呼伦贝尔市海拉尔区胜利农工商联合公司(内蒙古呼伦贝尔市新桥市场),内蒙古呼伦贝尔市海拉尔区胜利农工商联合公司(内蒙古呼伦贝尔市新桥市场),内蒙古自治区,,,,,external,,market,,,,agricultural_wholesale_market,农业农村部定点农产品批发市场,农业农村部定点市场,false,false,false,true,false,false,false,false,false,false,false,false,true,false,false,,,,,,false,false,false,,,,,,,,,,,,,,,,,,,,,1,wholesale_market,data/raw/moa_designated_wholesale_markets_2024.pdf,rec_940897168ee88ef6,A,true,按 PDF 两列表格抽取;原文件未提供详细地址和坐标。
cand_6a26f30310ac6b1b,云南昆明市金马正昌第二果品市场,云南昆明市金马正昌第二果品市场,云南昆明市金马正昌第二果品市场,云南省,,,,,external,,market,,,,agricultural_wholesale_market,农业农村部定点农产品批发市场,农业农村部定点市场,false,false,false,true,false,false,true,false,false,false,false,false,true,false,false,,,,,,false,false,false,,,,,,,,,,,,,,,,,,,,,1,wholesale_market,data/raw/moa_designated_wholesale_markets_2024.pdf,rec_729b4166b131e6f7,A,true,按 PDF 两列表格抽取;原文件未提供详细地址和坐标。
cand_6a3ac0b5c6fc50e5,湖南武陵缘现代农产品大市场,湖南武陵缘现代农产品大市场,湖南武陵缘现代农产品大市场,湖南省,,,,,external,,market,,,,agricultural_wholesale_market,农业农村部定点农产品批发市场,农业农村部定点市场,false,false,false,true,false,false,false,false,false,false,false,false,true,false,false,,,,,,false,false,false,,,,,,,,,,,,,,,,,,,,,1,wholesale_market,data/raw/moa_designated_wholesale_markets_2024.pdf,rec_a5f288387507bb34,A,true,按 PDF 两列表格抽取;原文件未提供详细地址和坐标。
cand_6a6a67d58d998ffd,山西太原市裕吉经贸发展有限公司(山西太原市杏花岭区城东利民果菜批发市场),山西太原市裕吉经贸发展有限公司(山西太原市杏花岭区城东利民果菜批发市场),山西太原市裕吉经贸发展有限公司(山西太原市杏花岭区城东利民果菜批发市场),山西省,,,,,external,,market,,,,agricultural_wholesale_market,农业农村部定点农产品批发市场,农业农村部定点市场,false,false,false,true,false,true,true,false,false,false,false,false,true,false,false,,,,,,false,false,false,,,,,,,,,,,,,,,,,,,,,1,wholesale_market,data/raw/moa_designated_wholesale_markets_2024.pdf,rec_30c8b662197ca330,A,true,按 PDF 两列表格抽取;原文件未提供详细地址和坐标。
cand_6aa53f27c59f93c2,中国供销·大别山农产品批发市场,中国供销·大别山农产品批发市场,中国供销·大别山农产品批发市场,安徽省,,,,,external,,market,,,,agricultural_wholesale_market,农业农村部定点农产品批发市场,农业农村部定点市场,false,false,false,true,false,false,false,false,false,false,false,false,true,false,false,,,,,,false,false,false,,,,,,,,,,,,,,,,,,,,,1,wholesale_market,data/raw/moa_designated_wholesale_markets_2024.pdf,rec_8afcd74249367bcd,A,true,按 PDF 两列表格抽取;原文件未提供详细地址和坐标。
cand_6af18a60142250f1,南宁市武鸣区粮油购销有限总公司,南宁市武鸣区粮油购销有限总公司,南宁市武鸣区粮油购销有限总公司,广西壮族自治区,南宁市,武鸣区,,,primary,,organization,,,,grain_reserve,储备商品管理公司及其直属库,广西储备商品管理公司及其直属库名单(桂财税〔2024〕8号),true,true,false,false,false,false,false,false,false,false,false,false,false,false,false,,,,,,false,true,false,,,,,,,,,,,,,,,,,,,,,1,grain_reserve,data/raw/guangxi_reserve_companies_2024.html,rec_a8487aca7d7600e0,A,true,名单证明储备体系资格，但企业主体或管理机构名称不等同于具体物理粮库。 使用 lxml 从 HTML 正文容器按“行政区标题 + 序号 + 单位名称”结构抽取;原正文段落序号 52。
cand_6b37bcd5304a5568,陕西渭南市曙光农副综合批发市场,陕西渭南市曙光农副综合批发市场,陕西渭南市曙光农副综合批发市场,陕西省,,,,,external,,market,,,,agricultural_wholesale_market,农业农村部定点农产品批发市场,农业农村部定点市场,false,false,false,true,false,false,false,false,false,false,false,false,true,false,false,,,,,,false,false,false,,,,,,,,,,,,,,,,,,,,,1,wholesale_market,data/raw/moa_designated_wholesale_markets_2024.pdf,rec_79d8f99f99173177,A,true,按 PDF 两列表格抽取;原文件未提供详细地址和坐标。
cand_6b3e878525434acb,南丹县储备粮管理公司,南丹县储备粮管理公司,南丹县储备粮管理公司,广西壮族自治区,河池市,南丹县,,,reserve,,organization,,,,grain_reserve,储备商品管理公司及其直属库,广西储备商品管理公司及其直属库名单(桂财税〔2024〕8号),true,false,false,false,false,false,false,false,false,false,false,false,false,false,false,,,,,,false,true,false,,,,,,,,,,,,,,,,,,,,,1,grain_reserve,data/raw/guangxi_reserve_companies_2024.html,rec_752e61a7ff71f853,A,true,名单证明储备体系资格，但企业主体或管理机构名称不等同于具体物理粮库。 使用 lxml 从 HTML 正文容器按“行政区标题 + 序号 + 单位名称”结构抽取;原正文段落序号 278。
cand_6bb376a598e3f4cc,荔浦市粮食和物资储备中心,荔浦市粮食和物资储备中心,荔浦市粮食和物资储备中心,广西壮族自治区,桂林市,荔浦市,,,reserve,,organization,,,,grain_reserve,储备商品管理公司及其直属库,广西储备商品管理公司及其直属库名单(桂财税〔2024〕8号),true,false,false,false,false,false,false,false,false,false,false,false,false,false,false,,,,,,false,true,false,,,,,,,,,,,,,,,,,,,,,1,grain_reserve,data/raw/guangxi_reserve_companies_2024.html,rec_a5d749acb97514f4,A,true,名单证明储备体系资格，但企业主体或管理机构名称不等同于具体物理粮库。 使用 lxml 从 HTML 正文容器按“行政区标题 + 序号 + 单位名称”结构抽取;原正文段落序号 125。
cand_6bf78224f7bb71c7,隆安县粮食收储有限责任公司古潭仓储点,隆安县粮食收储有限责任公司古潭仓储点,隆安县粮食收储有限责任公司古潭仓储点,广西壮族自治区,南宁市,隆安县,隆安县古潭乡水果街28-1号,,primary,,physical_site,隆安县粮食收储有限责任公司,,warehouse_site,grain_reserve,,,true,false,false,false,false,false,false,false,false,false,true,false,false,false,false,,,,,,false,true,false,,,,,,,approximate_region_only,manual_review,false,manual_verified_public_evidence,addr_ev_6bf78224f7bb71c7,A,door_number,high,https://lax.gov.cn/zlzt_gd/gtj_gtxxgkzlgd/gttzgg/t1618466.html,隆安县不动产首次登记公告明确给出地址，土地用途为仓储用地。,true,true,,manual_address_evidence,0,manual_address_evidence,data/manual/nanning_grain_physical_sites_address_evidence.csv,,A,true,由人工核验的公开地址证据新增为独立 physical_site；未替代或删除组织主体。
cand_6bf9fba2a09552d6,广西捷邦贸易有限公司,广西捷邦贸易有限公司,广西捷邦贸易有限公司,广西壮族自治区,南宁市,良庆区,广西南宁市良庆区金龙路2号万科大厦B座1146,贵港市,primary,91450108MA5P51KA86,organization,,,,government_procurement_supplier,蛋品类;大米类;食用油类;副食品;调味品类;奶制品及饮品,政府采购入围/中标供应商,true,true,true,true,false,false,false,false,true,false,false,false,false,false,false,,,,,,false,false,true,,,,,,,,,,,,,,,,,,,,,6,government_procurement,data/raw/guigang_food_suppliers_310.pdf,rec_e7c7c65a437fecf8;rec_f59b7654f51d0785;rec_a562f9c8fa4b4623;rec_ff589c8232e52d2d;rec_805ae62e139b2305;rec_c1c9ea1a3199a9e0,C,true,"采购供应商身份不等同于实体仓储节点。 采购资料中的地址按企业登记/联系地址处理，不自动等同于仓库或配送节点地址。 按 PDF 表格行批量抽取;地址视为供应商登记/联系地址,不自动认定为仓储节点。 采购供应商地址不自动视为仓库地址；仅在原文出现仓库、粮库、配送中心、冷库、厂房等明确词时标记相应能力。"
cand_6c2c244f16656758,南宁市邕宁区百济粮食管理所,南宁市邕宁区百济粮食管理所,南宁市邕宁区百济粮食管理所,广西壮族自治区,南宁市,邕宁区,,,primary,,unknown,,,,grain_reserve,储备商品管理公司及其直属库,广西储备商品管理公司及其直属库名单(桂财税〔2024〕8号),true,false,false,false,false,false,false,false,false,false,false,false,false,false,false,,,,,,false,true,false,,,,,,,,,,,,,,,,,,,,,1,grain_reserve,data/raw/guangxi_reserve_companies_2024.html,rec_c111f05a56ffbcc7,A,true,名单证明储备体系资格，但企业主体或管理机构名称不等同于具体物理粮库。 使用 lxml 从 HTML 正文容器按“行政区标题 + 序号 + 单位名称”结构抽取;原正文段落序号 47。
cand_6c524e3f1db5712a,安徽蒙城新发地农副产品有限公司(安徽蒙城新发地农副产品批发市场),安徽蒙城新发地农副产品有限公司(安徽蒙城新发地农副产品批发市场),安徽蒙城新发地农副产品有限公司(安徽蒙城新发地农副产品批发市场),安徽省,,,,,external,,market,,,,agricultural_wholesale_market,农业农村部定点农产品批发市场,农业农村部定点市场,false,false,false,true,false,false,false,false,false,false,false,false,true,false,false,,,,,,false,false,false,,,,,,,,,,,,,,,,,,,,,1,wholesale_market,data/raw/moa_designated_wholesale_markets_2024.pdf,rec_79575a4cc6d53eeb,A,true,按 PDF 两列表格抽取;原文件未提供详细地址和坐标。
cand_6c8c491b729b4545,黑龙江哈尔滨哈达农副产品股份有限公司(黑龙江哈尔滨哈达农副产品批发市场),黑龙江哈尔滨哈达农副产品股份有限公司(黑龙江哈尔滨哈达农副产品批发市场),黑龙江哈尔滨哈达农副产品股份有限公司(黑龙江哈尔滨哈达农副产品批发市场),黑龙江省,,,,,external,,market,,,,agricultural_wholesale_market,农业农村部定点农产品批发市场,农业农村部定点市场,false,false,false,true,false,false,false,false,false,false,false,false,true,false,false,,,,,,false,false,false,,,,,,,,,,,,,,,,,,,,,1,wholesale_market,data/raw/moa_designated_wholesale_markets_2024.pdf,rec_fc38bd598bc08016,A,true,按 PDF 两列表格抽取;原文件未提供详细地址和坐标。
cand_6cd85a2718364f14,内蒙古乌兰浩特泰华农产品批发市场有限公司,内蒙古乌兰浩特泰华农产品批发市场有限公司,内蒙古乌兰浩特泰华农产品批发市场有限公司,内蒙古自治区,,,,,external,,market,,,,agricultural_wholesale_market,农业农村部定点农产品批发市场,农业农村部定点市场,false,false,false,true,false,false,false,false,false,false,false,false,true,false,false,,,,,,false,false,false,,,,,,,,,,,,,,,,,,,,,1,wholesale_market,data/raw/moa_designated_wholesale_markets_2024.pdf,rec_c9f94b3f675497c3,A,true,按 PDF 两列表格抽取;原文件未提供详细地址和坐标。
cand_6d1a718f0d89a515,内蒙古察右中旗红胡萝卜批发市场,内蒙古察右中旗红胡萝卜批发市场,内蒙古察右中旗红胡萝卜批发市场,内蒙古自治区,,,,,external,,market,,,,agricultural_wholesale_market,农业农村部定点农产品批发市场,农业农村部定点市场,false,false,false,true,false,false,false,false,false,false,false,false,true,false,false,,,,,,false,false,false,,,,,,,,,,,,,,,,,,,,,1,wholesale_market,data/raw/moa_designated_wholesale_markets_2024.pdf,rec_0727dd7a81255f3c,A,true,按 PDF 两列表格抽取;原文件未提供详细地址和坐标。
cand_6d55daae11d4c440,上林县安恒储备粮管理有限公司巷贤分公司,上林县安恒储备粮管理有限公司巷贤分公司,上林县安恒储备粮管理有限公司巷贤分公司,广西壮族自治区,南宁市,上林县,,,primary,,organization,上林县安恒储备粮管理有限公司,,,grain_reserve,储备商品管理公司及其直属库,广西储备商品管理公司及其直属库名单(桂财税〔2024〕8号),true,false,false,false,false,false,false,false,false,false,false,false,false,false,false,,,,,,false,true,false,,,,,,,,,,,,,,,,,,,,,1,grain_reserve,data/raw/guangxi_reserve_companies_2024.html,rec_3a5244ae939afec5,A,true,名单证明储备体系资格，但企业主体或管理机构名称不等同于具体物理粮库。 使用 lxml 从 HTML 正文容器按“行政区标题 + 序号 + 单位名称”结构抽取;原正文段落序号 63。
cand_6d90275376cbc85c,贵港市兴华商贸有限公司,贵港市兴华商贸有限公司,贵港市兴华商贸有限公司,广西壮族自治区,贵港市,港北区,贵港市港北区金港大道工商建材市场商住楼三楼,贵港市,reserve,91450802685191988G,organization,,,,government_procurement_supplier,大米类;食用油类,政府采购入围/中标供应商,true,true,false,false,false,false,false,false,false,false,false,false,false,false,false,,,,,,false,false,true,,,,,,,,,,,,,,,,,,,,,2,government_procurement,data/raw/guigang_food_suppliers_310.pdf,rec_781d4d5ef0e34b23;rec_1248d4680a1f5627,C,true,"采购供应商身份不等同于实体仓储节点。 采购资料中的地址按企业登记/联系地址处理，不自动等同于仓库或配送节点地址。 按 PDF 表格行批量抽取;地址视为供应商登记/联系地址,不自动认定为仓储节点。 采购供应商地址不自动视为仓库地址；仅在原文出现仓库、粮库、配送中心、冷库、厂房等明确词时标记相应能力。"
cand_6dc425e108a64665,山西应县南河种蔬菜批发市场,山西应县南河种蔬菜批发市场,山西应县南河种蔬菜批发市场,山西省,,,,,external,,market,,,,agricultural_wholesale_market,农业农村部定点农产品批发市场,农业农村部定点市场,false,false,false,true,false,true,false,false,false,false,false,false,true,false,false,,,,,,false,false,false,,,,,,,,,,,,,,,,,,,,,1,wholesale_market,data/raw/moa_designated_wholesale_markets_2024.pdf,rec_d2fa9827ee2199e4,A,true,按 PDF 两列表格抽取;原文件未提供详细地址和坐标。
cand_6df7d90580e4eeed,河北邯郸市蔚庄农产品市场有限公司,河北邯郸市蔚庄农产品市场有限公司,河北邯郸市蔚庄农产品市场有限公司,河北省,,,,,external,,market,,,,agricultural_wholesale_market,农业农村部定点农产品批发市场,农业农村部定点市场,false,false,false,true,false,false,false,false,false,false,false,false,true,false,false,,,,,,false,false,false,,,,,,,,,,,,,,,,,,,,,1,wholesale_market,data/raw/moa_designated_wholesale_markets_2024.pdf,rec_558ffde1a950ef22,A,true,按 PDF 两列表格抽取;原文件未提供详细地址和坐标。
cand_6e18e1bcffccb41d,河北魏县现代农业产业发展服务中心(河北邯郸(魏县)天仙果菜批发交易市场),河北魏县现代农业产业发展服务中心(河北邯郸(魏县)天仙果菜批发交易市场),河北魏县现代农业产业发展服务中心(河北邯郸(魏县)天仙果菜批发交易市场),河北省,,,,,external,,market,,,,agricultural_wholesale_market,农业农村部定点农产品批发市场,农业农村部定点市场,false,false,false,true,false,true,true,false,false,false,false,false,true,false,false,,,,,,false,false,false,,,,,,,,,,,,,,,,,,,,,1,wholesale_market,data/raw/moa_designated_wholesale_markets_2024.pdf,rec_a74c242f4b3aad76,A,true,按 PDF 两列表格抽取;原文件未提供详细地址和坐标。
cand_6e3b6daccf988c27,广西国良种业有限公司,广西国良种业有限公司,广西国良种业有限公司,广西壮族自治区,玉林市,,,,reserve,,organization,,,,other,储备商品管理公司及其直属库,广西储备商品管理公司及其直属库名单(桂财税〔2024〕8号),true,false,false,false,false,false,false,false,false,false,false,false,false,false,false,,,,,,false,true,false,,,,,,,,,,,,,,,,,,,,,1,grain_reserve,data/raw/guangxi_reserve_companies_2024.html,rec_e621b16071dd8ffc,A,true,属于储备商品管理公司及其直属库名单，但名称不足以安全判断为具体粮库或储备管理机构。 使用 lxml 从 HTML 正文容器按“行政区标题 + 序号 + 单位名称”结构抽取;原正文段落序号 304。
cand_6e958c965ceaeef0,辽宁朝阳市朱碌科杂粮专业批发市场管理有限公司,辽宁朝阳市朱碌科杂粮专业批发市场管理有限公司,辽宁朝阳市朱碌科杂粮专业批发市场管理有限公司,辽宁省,,,,,external,,market,,,,agricultural_wholesale_market,农业农村部定点农产品批发市场,农业农村部定点市场,false,false,false,true,false,false,false,false,false,false,false,false,true,false,false,,,,,,false,false,false,,,,,,,,,,,,,,,,,,,,,1,wholesale_market,data/raw/moa_designated_wholesale_markets_2024.pdf,rec_435cea5c5c2de6e9,A,true,按 PDF 两列表格抽取;原文件未提供详细地址和坐标。
cand_6ebc40762dcc3a94,河南省金土地农产品流通市场有限公司,河南省金土地农产品流通市场有限公司,河南省金土地农产品流通市场有限公司,河南省,,,,,external,,market,,,,agricultural_wholesale_market,农业农村部定点农产品批发市场,农业农村部定点市场,false,false,false,true,false,false,false,false,false,false,false,false,true,false,false,,,,,,false,false,false,,,,,,,,,,,,,,,,,,,,,1,wholesale_market,data/raw/moa_designated_wholesale_markets_2024.pdf,rec_dabdb54a9895eda1,A,true,按 PDF 两列表格抽取;原文件未提供详细地址和坐标。
cand_6ef5d5ae2bfff6d1,江苏南通农副产品物流有限公司(江苏南通农副产品物流中心),江苏南通农副产品物流有限公司(江苏南通农副产品物流中心),江苏南通农副产品物流有限公司(江苏南通农副产品物流中心),江苏省,,,,,external,,market,,,,agricultural_wholesale_market,农业农村部定点农产品批发市场,农业农村部定点市场,false,false,false,true,false,false,false,false,false,false,false,false,true,false,false,,,,,,false,false,false,,,,,,,,,,,,,,,,,,,,,1,wholesale_market,data/raw/moa_designated_wholesale_markets_2024.pdf,rec_731d164880e2fc2e,A,true,按 PDF 两列表格抽取;原文件未提供详细地址和坐标。
cand_6efecf212d20108c,鄱阳湖生态农业股份有限公司,鄱阳湖生态农业股份有限公司,鄱阳湖生态农业股份有限公司,,,,,全国,external,,organization,,,,other,国家级粮食应急保障企业,国家级粮食应急保障企业,true,false,false,false,false,false,false,false,false,false,false,false,false,false,false,,,,,,true,false,false,,,,,,,,,,,,,,,,,,,,,2,grain_emergency,data/raw/national_emergency_grain_enterprises_2025_reassessment.wps;data/raw/national_emergency_grain_enterprises_batch2.pdf,rec_4df4180e55d5fe34;rec_9156e3fe829ba662,B,true,"官方名单未给出储运、加工、配送等具体子类，保守归为 other。 当前原始记录未提供可安全解析的省级所在地。 保留国家级粮食应急保障企业身份，不凭名称猜测具体功能分类。 原文件扩展名为 .wps,文件签名为 WPS/OLE 复合文档;只读转换为临时标准 DOCX 后抽取。来源年份由文件名推断。 按 PDF 文本层中的编号名单逐条抽取;原文件未提供地址和具体功能子类。"
cand_6f5c09a51b5a3903,黑龙江四达农副产品有限公司(黑龙江四达中俄国际贸易中心),黑龙江四达农副产品有限公司(黑龙江四达中俄国际贸易中心),黑龙江四达农副产品有限公司(黑龙江四达中俄国际贸易中心),黑龙江省,,,,,external,,market,,,,agricultural_wholesale_market,农业农村部定点农产品批发市场,农业农村部定点市场,false,false,false,true,false,false,false,false,false,false,false,false,true,false,false,,,,,,false,false,false,,,,,,,,,,,,,,,,,,,,,1,wholesale_market,data/raw/moa_designated_wholesale_markets_2024.pdf,rec_3c36884ca6a6cba8,A,true,按 PDF 两列表格抽取;原文件未提供详细地址和坐标。
cand_6f7e0144c4f72f80,上林县安恒储备粮管理有限公司塘红分公司仓库,上林县安恒储备粮管理有限公司塘红分公司仓库,上林县安恒储备粮管理有限公司塘红分公司仓库,广西壮族自治区,南宁市,上林县,上林县塘红乡塘红街6号,,primary,,physical_site,上林县安恒储备粮管理有限公司塘红分公司,cand_bca8e2dd3a82b40a,warehouse_site,grain_depot,,,true,false,false,false,false,false,false,false,false,false,true,false,false,false,false,,,,,,false,true,false,,,,108.639303,23.669529,GCJ02,success,high,true,manual_verified_public_evidence,addr_ev_6f7e0144c4f72f80,A,door_number,high,https://www.dscq.com/packageDetails/181c7bf2ea4247d4ad9467691df35e20.shtml,广西联合产权交易相关项目披露塘红分公司1、3仓及2仓；前期核验到坐落位置为塘红街6号。,true,true,,manual_address_evidence,1,grain_reserve;manual_address_evidence;manual_address_evidence;manual_address_evidence;manual_address_evidence,data/raw/guangxi_reserve_companies_2024.html;data/manual/nanning_grain_physical_sites_address_evidence.csv;data/manual/nanning_grain_physical_sites_address_evidence.csv;data/manual/nanning_grain_physical_sites_address_evidence.csv;data/manual/nanning_grain_physical_sites_address_evidence.csv,rec_3b771f55910a99d9,A,true,由人工核验的公开地址证据新增为独立 physical_site；未替代或删除组织主体。
cand_7035cd27d7d96da2,云南文山三七国际交易中心,云南文山三七国际交易中心,云南文山三七国际交易中心,云南省,,,,,external,,market,,,,agricultural_wholesale_market,农业农村部定点农产品批发市场,农业农村部定点市场,false,false,false,true,false,false,false,false,false,false,false,false,true,false,false,,,,,,false,false,false,,,,,,,,,,,,,,,,,,,,,1,wholesale_market,data/raw/moa_designated_wholesale_markets_2024.pdf,rec_1bf17d10946df689,A,true,按 PDF 两列表格抽取;原文件未提供详细地址和坐标。
cand_704a08e011c73bb3,青海赓续军粮集团有限公司,青海赓续军粮集团有限公司,青海赓续军粮集团有限公司,青海省,,,,全国,external,,organization,,,,military_grain_supply,国家级粮食应急保障企业,国家级粮食应急保障企业,true,false,false,false,false,false,false,false,false,false,false,false,false,false,false,,,,,,true,true,false,,,,,,,,,,,,,,,,,,,,,2,grain_emergency,data/raw/national_emergency_grain_enterprises_2025_reassessment.wps;data/raw/national_emergency_grain_enterprises_batch2.pdf,rec_b0cbc0928b5c1211;rec_450dd97fae0f13e7,B,true,"原文件扩展名为 .wps,文件签名为 WPS/OLE 复合文档;只读转换为临时标准 DOCX 后抽取。来源年份由文件名推断。 按 PDF 文本层中的编号名单逐条抽取;原文件未提供地址和具体功能子类。"
cand_7053439c06d1d6e1,辽宁沈阳水产批发市场,辽宁沈阳水产批发市场,辽宁沈阳水产批发市场,辽宁省,,,,,external,,market,,,,agricultural_wholesale_market,农业农村部定点农产品批发市场,农业农村部定点市场,false,false,false,true,false,false,false,true,false,false,false,false,true,false,false,,,,,,false,false,false,,,,,,,,,,,,,,,,,,,,,1,wholesale_market,data/raw/moa_designated_wholesale_markets_2024.pdf,rec_b70224827f9f91d1,A,true,按 PDF 两列表格抽取;原文件未提供详细地址和坐标。
cand_70b7c08f1dc4845c,山东平原蔬菜果品批发市场,山东平原蔬菜果品批发市场,山东平原蔬菜果品批发市场,山东省,,,,,external,,market,,,,agricultural_wholesale_market,农业农村部定点农产品批发市场,农业农村部定点市场,false,false,false,true,false,true,true,false,false,false,false,false,true,false,false,,,,,,false,false,false,,,,,,,,,,,,,,,,,,,,,1,wholesale_market,data/raw/moa_designated_wholesale_markets_2024.pdf,rec_5b880df805227d6a,A,true,按 PDF 两列表格抽取;原文件未提供详细地址和坐标。
cand_70ddfe0f984055ac,广西贵港市满庭芳现代农业发展有限公司,广西贵港市满庭芳现代农业发展有限公司,广西贵港市满庭芳现代农业发展有限公司,广西壮族自治区,贵港市,覃塘区,广西壮族自治区贵港市覃塘区石卡镇沿江路大道1-8号13幢125号商铺,贵港市,reserve,91450800MA5N55MM8P,organization,,,,government_procurement_supplier,禽肉类,政府采购入围/中标供应商,false,false,false,true,true,false,false,false,false,false,false,false,false,false,false,,,,,,false,false,true,,,,,,,,,,,,,,,,,,,,,1,government_procurement,data/raw/guigang_food_suppliers_310.pdf,rec_7a9c8839d862c829,C,true,"采购供应商身份不等同于实体仓储节点。 采购资料中的地址按企业登记/联系地址处理，不自动等同于仓库或配送节点地址。 按 PDF 表格行批量抽取;地址视为供应商登记/联系地址,不自动认定为仓储节点。 采购供应商地址不自动视为仓库地址；仅在原文出现仓库、粮库、配送中心、冷库、厂房等明确词时标记相应能力。"
cand_70ea120906fd1fc0,田林县丰益粮油贸易有限公司,田林县丰益粮油贸易有限公司,田林县丰益粮油贸易有限公司,广西壮族自治区,百色市,田林县,,,reserve,,organization,,,,other,储备商品管理公司及其直属库,广西储备商品管理公司及其直属库名单(桂财税〔2024〕8号),true,true,false,false,false,false,false,false,false,false,false,false,false,false,false,,,,,,false,true,false,,,,,,,,,,,,,,,,,,,,,1,grain_reserve,data/raw/guangxi_reserve_companies_2024.html,rec_b53e0c0a43c993f9,A,true,属于储备商品管理公司及其直属库名单，但名称不足以安全判断为具体粮库或储备管理机构。 使用 lxml 从 HTML 正文容器按“行政区标题 + 序号 + 单位名称”结构抽取;原正文段落序号 262。
cand_710e65ed1fd26869,重庆恒康茶叶批发市场有限公司,重庆恒康茶叶批发市场有限公司,重庆恒康茶叶批发市场有限公司,重庆市,重庆市,,,,external,,market,,,,agricultural_wholesale_market,农业农村部定点农产品批发市场,农业农村部定点市场,false,false,false,true,false,false,false,false,false,false,false,false,true,false,false,,,,,,false,false,false,,,,,,,,,,,,,,,,,,,,,1,wholesale_market,data/raw/moa_designated_wholesale_markets_2024.pdf,rec_df6c7bba191ca005,A,true,按 PDF 两列表格抽取;原文件未提供详细地址和坐标。
cand_71303d8240cff633,巴马瑶族自治县粮食购销总公司,巴马瑶族自治县粮食购销总公司,巴马瑶族自治县粮食购销总公司,广西壮族自治区,河池市,巴马瑶族自治县,,,reserve,,organization,,,,grain_reserve,储备商品管理公司及其直属库,广西储备商品管理公司及其直属库名单(桂财税〔2024〕8号),true,false,false,false,false,false,false,false,false,false,false,false,false,false,false,,,,,,false,true,false,,,,,,,,,,,,,,,,,,,,,1,grain_reserve,data/raw/guangxi_reserve_companies_2024.html,rec_b1d5385c3fe560b4,A,true,名单证明储备体系资格，但企业主体或管理机构名称不等同于具体物理粮库。 使用 lxml 从 HTML 正文容器按“行政区标题 + 序号 + 单位名称”结构抽取;原正文段落序号 285。
cand_713a365dcbc4fd4d,环江毛南族自治县粮油购销公司,环江毛南族自治县粮油购销公司,环江毛南族自治县粮油购销公司,广西壮族自治区,河池市,环江毛南族自治县,,,reserve,,organization,,,,grain_reserve,储备商品管理公司及其直属库,广西储备商品管理公司及其直属库名单(桂财税〔2024〕8号),true,true,false,false,false,false,false,false,false,false,false,false,false,false,false,,,,,,false,true,false,,,,,,,,,,,,,,,,,,,,,1,grain_reserve,data/raw/guangxi_reserve_companies_2024.html,rec_1e2a2a8ecb12db81,A,true,名单证明储备体系资格，但企业主体或管理机构名称不等同于具体物理粮库。 使用 lxml 从 HTML 正文容器按“行政区标题 + 序号 + 单位名称”结构抽取;原正文段落序号 275。
cand_71410c72e7fbaa5d,湖北天门供销华西农商城有限公司,湖北天门供销华西农商城有限公司,湖北天门供销华西农商城有限公司,湖北省,,,,,external,,market,,,,agricultural_wholesale_market,农业农村部定点农产品批发市场,农业农村部定点市场,false,false,false,true,false,false,false,false,false,false,false,false,true,false,false,,,,,,false,false,false,,,,,,,,,,,,,,,,,,,,,1,wholesale_market,data/raw/moa_designated_wholesale_markets_2024.pdf,rec_dde0b016092bffd7,A,true,按 PDF 两列表格抽取;原文件未提供详细地址和坐标。
cand_714b673832c4c75b,宁夏瑞加祥定点活禽交易市场,宁夏瑞加祥定点活禽交易市场,宁夏瑞加祥定点活禽交易市场,宁夏回族自治区,,,,,external,,market,,,,agricultural_wholesale_market,农业农村部定点农产品批发市场,农业农村部定点市场,false,false,false,true,false,false,false,false,false,false,false,false,true,false,false,,,,,,false,false,false,,,,,,,,,,,,,,,,,,,,,1,wholesale_market,data/raw/moa_designated_wholesale_markets_2024.pdf,rec_8a9fbd3831d96270,A,true,按 PDF 两列表格抽取;原文件未提供详细地址和坐标。
cand_718e1abc29ed6507,湖北南漳食用菌交易市场,湖北南漳食用菌交易市场,湖北南漳食用菌交易市场,湖北省,,,,,external,,market,,,,agricultural_wholesale_market,农业农村部定点农产品批发市场,农业农村部定点市场,false,false,false,true,false,false,false,false,false,false,false,false,true,false,false,,,,,,false,false,false,,,,,,,,,,,,,,,,,,,,,1,wholesale_market,data/raw/moa_designated_wholesale_markets_2024.pdf,rec_ed5dd69ceefb4c99,A,true,按 PDF 两列表格抽取;原文件未提供详细地址和坐标。
cand_7235a9c10cea8211,广西金桥国际农产品批发市场,广西金桥国际农产品批发市场,广西金桥国际农产品批发市场,广西壮族自治区,,,,,reserve,,market,,,,agricultural_wholesale_market,农业农村部定点农产品批发市场,农业农村部定点市场,false,false,false,true,false,false,false,false,false,false,false,false,true,false,false,,,,,,false,false,false,,,,,,,,,,,,,,,,,,,,,1,wholesale_market,data/raw/moa_designated_wholesale_markets_2024.pdf,rec_5dd4094e4938041a,A,true,可确认位于广西，但当前证据不足以安全确定地级市。 按 PDF 两列表格抽取;原文件未提供详细地址和坐标。
cand_72e00f859afe9294,广西良堂餐饮管理有限公司,广西良堂餐饮管理有限公司,广西良堂餐饮管理有限公司,广西壮族自治区,,,,百色市/平果市,reserve,,organization,,,,government_procurement_supplier,鲜肉类,政府采购入围/中标供应商,false,false,true,true,true,false,false,false,false,false,false,false,false,false,false,,,,,,false,false,true,,,,,,,,,,,,,,,,,,,,,1,government_procurement,data/raw/pingguo_meat_suppliers.pdf,rec_1586507525370af4,C,true,"采购供应商身份不等同于实体仓储节点。 采购资料未提供企业地址；服务项目区域与企业所在地严格分开。 可确认位于广西，但当前证据不足以安全确定地级市。 PDF 表格未提供地址和统一社会信用代码;服务项目所在地为平果市,不能据此推断企业所在地。 采购供应商地址不自动视为仓库地址；仅在原文出现仓库、粮库、配送中心、冷库、厂房等明确词时标记相应能力。"
cand_732c61187396c493,山西临汾市尧都区奶牛场尧丰农副产品批发市场,山西临汾市尧都区奶牛场尧丰农副产品批发市场,山西临汾市尧都区奶牛场尧丰农副产品批发市场,山西省,,,,,external,,market,,,,agricultural_wholesale_market,农业农村部定点农产品批发市场,农业农村部定点市场,false,false,false,true,false,false,false,false,false,false,false,false,true,false,false,,,,,,false,false,false,,,,,,,,,,,,,,,,,,,,,1,wholesale_market,data/raw/moa_designated_wholesale_markets_2024.pdf,rec_79842fdba683209e,A,true,按 PDF 两列表格抽取;原文件未提供详细地址和坐标。
cand_7344478f32578d5d,山东省临沂市费县自由市场开发有限公司,山东省临沂市费县自由市场开发有限公司,山东省临沂市费县自由市场开发有限公司,山东省,,,,,external,,market,,,,agricultural_wholesale_market,农业农村部定点农产品批发市场,农业农村部定点市场,false,false,false,true,false,false,false,false,false,false,false,false,true,false,false,,,,,,false,false,false,,,,,,,,,,,,,,,,,,,,,1,wholesale_market,data/raw/moa_designated_wholesale_markets_2024.pdf,rec_972e972316e43fd2,A,true,按 PDF 两列表格抽取;原文件未提供详细地址和坐标。
cand_736016c2b6b51d6e,宁夏中宁国际枸杞交易中心,宁夏中宁国际枸杞交易中心,宁夏中宁国际枸杞交易中心,宁夏回族自治区,,,,,external,,market,,,,agricultural_wholesale_market,农业农村部定点农产品批发市场,农业农村部定点市场,false,false,false,true,false,false,false,false,false,false,false,false,true,false,false,,,,,,false,false,false,,,,,,,,,,,,,,,,,,,,,1,wholesale_market,data/raw/moa_designated_wholesale_markets_2024.pdf,rec_12af261a2d0495c3,A,true,按 PDF 两列表格抽取;原文件未提供详细地址和坐标。
cand_73b89f5c5e49fcb1,山西吕梁市离石区马茂庄常青蔬菜瓜果综合市场,山西吕梁市离石区马茂庄常青蔬菜瓜果综合市场,山西吕梁市离石区马茂庄常青蔬菜瓜果综合市场,山西省,,,,,external,,market,,,,agricultural_wholesale_market,农业农村部定点农产品批发市场,农业农村部定点市场,false,false,false,true,false,true,true,false,false,false,false,false,true,false,false,,,,,,false,false,false,,,,,,,,,,,,,,,,,,,,,1,wholesale_market,data/raw/moa_designated_wholesale_markets_2024.pdf,rec_033f64329f8398fd,A,true,按 PDF 两列表格抽取;原文件未提供详细地址和坐标。
cand_73c723dc2ae38ae5,河北河间市堤口农产品批发市场,河北河间市堤口农产品批发市场,河北河间市堤口农产品批发市场,河北省,,,,,external,,market,,,,agricultural_wholesale_market,农业农村部定点农产品批发市场,农业农村部定点市场,false,false,false,true,false,false,false,false,false,false,false,false,true,false,false,,,,,,false,false,false,,,,,,,,,,,,,,,,,,,,,1,wholesale_market,data/raw/moa_designated_wholesale_markets_2024.pdf,rec_28e52153e9093ef3,A,true,按 PDF 两列表格抽取;原文件未提供详细地址和坐标。
cand_73d1321a0d20d199,上海市江桥批发市场经营管理有限公司,上海市江桥批发市场经营管理有限公司,上海市江桥批发市场经营管理有限公司,上海市,上海市,,,,external,,market,,,,agricultural_wholesale_market,农业农村部定点农产品批发市场,农业农村部定点市场,false,false,false,true,false,false,false,false,false,false,false,false,true,false,false,,,,,,false,false,false,,,,,,,,,,,,,,,,,,,,,1,wholesale_market,data/raw/moa_designated_wholesale_markets_2024.pdf,rec_10020aa17899289c,A,true,按 PDF 两列表格抽取;原文件未提供详细地址和坐标。
cand_73d7dc7976344414,湖南衡阳市西园农副产品批发大市场,湖南衡阳市西园农副产品批发大市场,湖南衡阳市西园农副产品批发大市场,湖南省,,,,,external,,market,,,,agricultural_wholesale_market,农业农村部定点农产品批发市场,农业农村部定点市场,false,false,false,true,false,false,false,false,false,false,false,false,true,false,false,,,,,,false,false,false,,,,,,,,,,,,,,,,,,,,,1,wholesale_market,data/raw/moa_designated_wholesale_markets_2024.pdf,rec_dc495e5cfeb09e81,A,true,按 PDF 两列表格抽取;原文件未提供详细地址和坐标。
cand_73e368250ad23241,青海乐都区东升综合农贸市场,青海乐都区东升综合农贸市场,青海乐都区东升综合农贸市场,青海省,,,,,external,,market,,,,agricultural_wholesale_market,农业农村部定点农产品批发市场,农业农村部定点市场,false,false,false,true,false,false,false,false,false,false,false,false,true,false,false,,,,,,false,false,false,,,,,,,,,,,,,,,,,,,,,1,wholesale_market,data/raw/moa_designated_wholesale_markets_2024.pdf,rec_3e0799e4c30b5d7e,A,true,按 PDF 两列表格抽取;原文件未提供详细地址和坐标。
cand_73f685a3936c40eb,北海鸿宽食材供应链有限公司,北海鸿宽食材供应链有限公司,北海鸿宽食材供应链有限公司,广西壮族自治区,北海市,海城区,广西壮族自治区北海市海城区驿马街道驿马村21号一栋B区,北海市,reserve,91450502MADMEP3UXW,organization,,,,government_procurement_supplier,米面油干货类;肉及水产类,政府采购入围/中标供应商,true,true,true,true,true,false,false,true,false,false,false,false,false,false,false,,,,,,false,false,true,,,,,,,,,,,,,,,,,,,,,2,government_procurement,data/raw/beihai_food_suppliers.pdf,rec_07f495f3db3f451a;rec_8d9e023668426ab6,C,true,"采购供应商身份不等同于实体仓储节点。 采购资料中的地址按企业登记/联系地址处理，不自动等同于仓库或配送节点地址。 按 PDF 表格行批量抽取;地址视为供应商登记/联系地址,不自动认定为仓储节点。 采购供应商地址不自动视为仓库地址；仅在原文出现仓库、粮库、配送中心、冷库、厂房等明确词时标记相应能力。"
cand_745a8ddb511c546f,天津市隆海葛沽农产品市场,天津市隆海葛沽农产品市场,天津市隆海葛沽农产品市场,天津市,天津市,,,,external,,market,,,,agricultural_wholesale_market,农业农村部定点农产品批发市场,农业农村部定点市场,false,false,false,true,false,false,false,false,false,false,false,false,true,false,false,,,,,,false,false,false,,,,,,,,,,,,,,,,,,,,,1,wholesale_market,data/raw/moa_designated_wholesale_markets_2024.pdf,rec_934168b16187c6a4,A,true,按 PDF 两列表格抽取;原文件未提供详细地址和坐标。
cand_7493398fdb6b8fe8,河北无极县王村鲜活农产品交易市场,河北无极县王村鲜活农产品交易市场,河北无极县王村鲜活农产品交易市场,河北省,,,,,external,,market,,,,agricultural_wholesale_market,农业农村部定点农产品批发市场,农业农村部定点市场,false,false,false,true,false,false,false,false,false,false,false,false,true,false,false,,,,,,false,false,false,,,,,,,,,,,,,,,,,,,,,1,wholesale_market,data/raw/moa_designated_wholesale_markets_2024.pdf,rec_99866216012a5dfd,A,true,按 PDF 两列表格抽取;原文件未提供详细地址和坐标。
cand_74d6f8c878cff256,安徽徽商集团肥东大市场农副产品批发园区(安徽徽商农产品批发大市场),安徽徽商集团肥东大市场农副产品批发园区(安徽徽商农产品批发大市场),安徽徽商集团肥东大市场农副产品批发园区(安徽徽商农产品批发大市场),安徽省,,,,,external,,market,,,,agricultural_wholesale_market,农业农村部定点农产品批发市场,农业农村部定点市场,false,false,false,true,false,false,false,false,false,false,false,false,true,false,false,,,,,,false,false,false,,,,,,,,,,,,,,,,,,,,,1,wholesale_market,data/raw/moa_designated_wholesale_markets_2024.pdf,rec_7735c3e83390f2a9,A,true,按 PDF 两列表格抽取;原文件未提供详细地址和坐标。
cand_750ac3c410a95b7e,湖北洪湖市闽洪水产品原产地批发交易市场,湖北洪湖市闽洪水产品原产地批发交易市场,湖北洪湖市闽洪水产品原产地批发交易市场,湖北省,,,,,external,,market,,,,agricultural_wholesale_market,农业农村部定点农产品批发市场,农业农村部定点市场,false,false,false,true,false,false,false,true,false,false,false,false,true,false,false,,,,,,false,false,false,,,,,,,,,,,,,,,,,,,,,1,wholesale_market,data/raw/moa_designated_wholesale_markets_2024.pdf,rec_9c7d171b5732fd73,A,true,按 PDF 两列表格抽取;原文件未提供详细地址和坐标。
cand_750e89541c896853,甘肃渭源县会川马铃薯优质种薯专业批发市场,甘肃渭源县会川马铃薯优质种薯专业批发市场,甘肃渭源县会川马铃薯优质种薯专业批发市场,甘肃省,,,,,external,,market,,,,agricultural_wholesale_market,农业农村部定点农产品批发市场,农业农村部定点市场,false,false,false,true,false,false,false,false,false,false,false,false,true,false,false,,,,,,false,false,false,,,,,,,,,,,,,,,,,,,,,1,wholesale_market,data/raw/moa_designated_wholesale_markets_2024.pdf,rec_e2cb78f92b508181,A,true,按 PDF 两列表格抽取;原文件未提供详细地址和坐标。
cand_757b198deb3bd7aa,桂平市粮油军供站,桂平市粮油军供站,桂平市粮油军供站,广西壮族自治区,贵港市,桂平市,,,reserve,,unknown,,,,military_grain_supply,储备商品管理公司及其直属库,广西储备商品管理公司及其直属库名单(桂财税〔2024〕8号),true,true,false,false,false,false,false,false,false,false,false,false,false,false,false,,,,,,false,true,false,,,,,,,,,,,,,,,,,,,,,1,grain_reserve,data/raw/guangxi_reserve_companies_2024.html,rec_1c04b749d4dc0510,A,true,使用 lxml 从 HTML 正文容器按“行政区标题 + 序号 + 单位名称”结构抽取;原正文段落序号 346。
cand_75820e677e1ee5b0,广东江门市蓬江区远洋农副产品批发市场,广东江门市蓬江区远洋农副产品批发市场,广东江门市蓬江区远洋农副产品批发市场,广东省,,,,,external,,market,,,,agricultural_wholesale_market,农业农村部定点农产品批发市场,农业农村部定点市场,false,false,false,true,false,false,false,false,false,false,false,false,true,false,false,,,,,,false,false,false,,,,,,,,,,,,,,,,,,,,,1,wholesale_market,data/raw/moa_designated_wholesale_markets_2024.pdf,rec_5306d584243db506,A,true,按 PDF 两列表格抽取;原文件未提供详细地址和坐标。
cand_75a2bf5422338def,灵山县烟墩粮食管理所,灵山县烟墩粮食管理所,灵山县烟墩粮食管理所,广西壮族自治区,钦州市,灵山县,,,reserve,,unknown,,,,grain_reserve,储备商品管理公司及其直属库,广西储备商品管理公司及其直属库名单(桂财税〔2024〕8号),true,false,false,false,false,false,false,false,false,false,false,false,false,false,false,,,,,,false,true,false,,,,,,,,,,,,,,,,,,,,,1,grain_reserve,data/raw/guangxi_reserve_companies_2024.html,rec_4d64fb79652711a8,A,true,名单证明储备体系资格，但企业主体或管理机构名称不等同于具体物理粮库。 使用 lxml 从 HTML 正文容器按“行政区标题 + 序号 + 单位名称”结构抽取;原正文段落序号 199。
cand_75a67c2caa115485,宁夏宁北鲜活农产品综合批发市场,宁夏宁北鲜活农产品综合批发市场,宁夏宁北鲜活农产品综合批发市场,宁夏回族自治区,,,,,external,,market,,,,agricultural_wholesale_market,农业农村部定点农产品批发市场,农业农村部定点市场,false,false,false,true,false,false,false,false,false,false,false,false,true,false,false,,,,,,false,false,false,,,,,,,,,,,,,,,,,,,,,1,wholesale_market,data/raw/moa_designated_wholesale_markets_2024.pdf,rec_a887555b09b94775,A,true,按 PDF 两列表格抽取;原文件未提供详细地址和坐标。
cand_75ba996e7b3a240a,广西马山县蔡家粮油食品有限公司,广西马山县蔡家粮油食品有限公司,广西马山县蔡家粮油食品有限公司,广西壮族自治区,南宁市,马山县,,百色市/平果市,primary,,organization,,,,government_procurement_supplier,生鲜时蔬、水果类,政府采购入围/中标供应商,true,true,true,true,false,true,true,false,false,false,false,false,false,false,false,,,,,,false,false,true,,,,,,,,,,,,,,,,,,,,,1,government_procurement,data/raw/pingguo_vegetable_fruit_suppliers.pdf,rec_573cfa1ca66c5d1f,C,true,"采购供应商身份不等同于实体仓储节点。 采购资料未提供企业地址；服务项目区域与企业所在地严格分开。 PDF 表格未提供地址和统一社会信用代码;服务项目所在地为平果市,不能据此推断企业所在地。 采购供应商地址不自动视为仓库地址；仅在原文出现仓库、粮库、配送中心、冷库、厂房等明确词时标记相应能力。"
cand_75ccea87aa989d41,合浦县储备粮管理公司,合浦县储备粮管理公司,合浦县储备粮管理公司,广西壮族自治区,北海市,合浦县,,,reserve,,organization,,,,grain_reserve,储备商品管理公司及其直属库,广西储备商品管理公司及其直属库名单(桂财税〔2024〕8号),true,false,false,false,false,false,false,false,false,false,false,false,false,false,false,,,,,,false,true,false,,,,,,,,,,,,,,,,,,,,,1,grain_reserve,data/raw/guangxi_reserve_companies_2024.html,rec_1bba7c301c15db0a,A,true,名单证明储备体系资格，但企业主体或管理机构名称不等同于具体物理粮库。 使用 lxml 从 HTML 正文容器按“行政区标题 + 序号 + 单位名称”结构抽取;原正文段落序号 172。
cand_75d8b4bfaff20265,山东安丘市盛大农产品交易市场有限公司,山东安丘市盛大农产品交易市场有限公司,山东安丘市盛大农产品交易市场有限公司,山东省,,,,,external,,market,,,,agricultural_wholesale_market,农业农村部定点农产品批发市场,农业农村部定点市场,false,false,false,true,false,false,false,false,false,false,false,false,true,false,false,,,,,,false,false,false,,,,,,,,,,,,,,,,,,,,,1,wholesale_market,data/raw/moa_designated_wholesale_markets_2024.pdf,rec_c4eab49a1ff8d8ea,A,true,按 PDF 两列表格抽取;原文件未提供详细地址和坐标。
cand_7621ff7a1fde1477,兴安县粮食储备库,兴安县粮食储备库,兴安县粮食储备库,广西壮族自治区,桂林市,兴安县,,,reserve,,physical_site,,,,grain_depot,储备商品管理公司及其直属库,广西储备商品管理公司及其直属库名单(桂财税〔2024〕8号),true,false,false,false,false,false,false,false,false,false,true,false,false,false,false,,,,,,false,true,false,,,,,,,,,,,,,,,,,,,,,1,grain_reserve,data/raw/guangxi_reserve_companies_2024.html,rec_f1b5ed1a50dbdff9,A,true,使用 lxml 从 HTML 正文容器按“行政区标题 + 序号 + 单位名称”结构抽取;原正文段落序号 104。
cand_76695cc48e6b43da,合山市储备粮管理公司,合山市储备粮管理公司,合山市储备粮管理公司,广西壮族自治区,来宾市,,,,reserve,,organization,,,,grain_reserve,储备商品管理公司及其直属库,广西储备商品管理公司及其直属库名单(桂财税〔2024〕8号),true,false,false,false,false,false,false,false,false,false,false,false,false,false,false,,,,,,false,true,false,,,,,,,,,,,,,,,,,,,,,1,grain_reserve,data/raw/guangxi_reserve_companies_2024.html,rec_96a410ce0a9e68ad,A,true,名单证明储备体系资格，但企业主体或管理机构名称不等同于具体物理粮库。 使用 lxml 从 HTML 正文容器按“行政区标题 + 序号 + 单位名称”结构抽取;原正文段落序号 368。
cand_76bf89d3c0726834,北京大红门京深海鲜批发市场有限公司,北京大红门京深海鲜批发市场有限公司,北京大红门京深海鲜批发市场有限公司,北京市,北京市,,,,external,,market,,,,agricultural_wholesale_market,农业农村部定点农产品批发市场,农业农村部定点市场,false,false,false,true,false,false,false,true,false,false,false,false,true,false,false,,,,,,false,false,false,,,,,,,,,,,,,,,,,,,,,1,wholesale_market,data/raw/moa_designated_wholesale_markets_2024.pdf,rec_d448327c4cfbb4fc,A,true,按 PDF 两列表格抽取;原文件未提供详细地址和坐标。
cand_7723b2aab95018f3,康师傅方便面投资(中国)有限公司,康师傅方便面投资(中国)有限公司,康师傅方便面投资(中国)有限公司,,,,,全国,external,,organization,,,,other,国家级粮食应急保障企业,国家级粮食应急保障企业,true,false,false,false,false,false,false,false,false,false,false,false,false,false,false,,,,,,true,false,false,,,,,,,,,,,,,,,,,,,,,2,grain_emergency,data/raw/national_emergency_grain_enterprises_2025_reassessment.wps;data/raw/national_emergency_grain_enterprises_batch2.pdf,rec_142dad31c5798851;rec_40d756286b3627dd,B,true,"官方名单未给出储运、加工、配送等具体子类，保守归为 other。 当前原始记录未提供可安全解析的省级所在地。 保留国家级粮食应急保障企业身份，不凭名称猜测具体功能分类。 原文件扩展名为 .wps,文件签名为 WPS/OLE 复合文档;只读转换为临时标准 DOCX 后抽取。来源年份由文件名推断。 按 PDF 文本层中的编号名单逐条抽取;原文件未提供地址和具体功能子类。"
cand_773f04e3611bd7f4,永福县粮食和物资储备中心,永福县粮食和物资储备中心,永福县粮食和物资储备中心,广西壮族自治区,桂林市,永福县,,,reserve,,organization,,,,grain_reserve,储备商品管理公司及其直属库,广西储备商品管理公司及其直属库名单(桂财税〔2024〕8号),true,false,false,false,false,false,false,false,false,false,false,false,false,false,false,,,,,,false,true,false,,,,,,,,,,,,,,,,,,,,,1,grain_reserve,data/raw/guangxi_reserve_companies_2024.html,rec_8e3972b2a03da25e,A,true,名单证明储备体系资格，但企业主体或管理机构名称不等同于具体物理粮库。 使用 lxml 从 HTML 正文容器按“行政区标题 + 序号 + 单位名称”结构抽取;原正文段落序号 124。
cand_77684c91f764c24d,四川平昌县新华农产品批发市场,四川平昌县新华农产品批发市场,四川平昌县新华农产品批发市场,四川省,,,,,external,,market,,,,agricultural_wholesale_market,农业农村部定点农产品批发市场,农业农村部定点市场,false,false,false,true,false,false,false,false,false,false,false,false,true,false,false,,,,,,false,false,false,,,,,,,,,,,,,,,,,,,,,1,wholesale_market,data/raw/moa_designated_wholesale_markets_2024.pdf,rec_d92d31a69be5a76e,A,true,按 PDF 两列表格抽取;原文件未提供详细地址和坐标。
cand_780c79e0afc8ab2f,广西港青油脂有限公司,广西港青油脂有限公司,广西港青油脂有限公司,广西壮族自治区,,,,全国,reserve,,organization,,,,emergency_processing,国家级粮食应急保障企业,国家级粮食应急保障企业,true,true,false,false,false,false,false,false,false,false,false,false,false,false,false,,,,,,true,false,false,,,,,,,,,,,,,,,,,,,,,2,grain_emergency,data/raw/national_emergency_grain_enterprises_2025_reassessment.wps;data/raw/national_emergency_grain_enterprises_batch2.pdf,rec_015673f08ba50f02;rec_56666221b241f3c4,B,true,"可确认位于广西，但当前证据不足以安全确定地级市。 原文件扩展名为 .wps,文件签名为 WPS/OLE 复合文档;只读转换为临时标准 DOCX 后抽取。来源年份由文件名推断。 按 PDF 文本层中的编号名单逐条抽取;原文件未提供地址和具体功能子类。"
cand_78316314eb960fa9,广西力源餐饮管理有限公司,广西力源餐饮管理有限公司,广西力源餐饮管理有限公司,广西壮族自治区,桂林市,叠彩区,桂林市叠彩区中山北路122号(原860号)57栋,贵港市,reserve,91450303MA5PC7XP80,organization,,,,government_procurement_supplier,冷冻品类;蛋品类;食用油类,政府采购入围/中标供应商,false,true,true,false,false,false,false,false,false,false,false,false,false,false,false,,,,,,false,false,true,,,,,,,,,,,,,,,,,,,,,3,government_procurement,data/raw/guigang_food_suppliers_310.pdf,rec_43e9498953e33d85;rec_62f251815e2caad3;rec_f287fad24d15329b,C,true,"采购供应商身份不等同于实体仓储节点。 采购资料中的地址按企业登记/联系地址处理，不自动等同于仓库或配送节点地址。 按 PDF 表格行批量抽取;地址视为供应商登记/联系地址,不自动认定为仓储节点。 采购供应商地址不自动视为仓库地址；仅在原文出现仓库、粮库、配送中心、冷库、厂房等明确词时标记相应能力。"
cand_78b323d329d00b04,河南南阳中商农产品批发市场开发有限公司,河南南阳中商农产品批发市场开发有限公司,河南南阳中商农产品批发市场开发有限公司,河南省,,,,,external,,market,,,,agricultural_wholesale_market,农业农村部定点农产品批发市场,农业农村部定点市场,false,false,false,true,false,false,false,false,false,false,false,false,true,false,false,,,,,,false,false,false,,,,,,,,,,,,,,,,,,,,,1,wholesale_market,data/raw/moa_designated_wholesale_markets_2024.pdf,rec_f55bd0d623191577,A,true,按 PDF 两列表格抽取;原文件未提供详细地址和坐标。
cand_78bd25608516ef0b,贵港市三禾米业有限公司,贵港市三禾米业有限公司,贵港市三禾米业有限公司,广西壮族自治区,贵港市,,,,reserve,,organization,,,,other,储备商品管理公司及其直属库,广西储备商品管理公司及其直属库名单(桂财税〔2024〕8号),true,false,false,false,false,false,false,false,false,false,false,false,false,false,false,,,,,,false,true,false,,,,,,,,,,,,,,,,,,,,,1,grain_reserve,data/raw/guangxi_reserve_companies_2024.html,rec_239fbf3fd162e902,A,true,属于储备商品管理公司及其直属库名单，但名称不足以安全判断为具体粮库或储备管理机构。 使用 lxml 从 HTML 正文容器按“行政区标题 + 序号 + 单位名称”结构抽取;原正文段落序号 340。
cand_78e5edce0b29cc99,河北邯郸开发区滏东现代农业管理有限公司(河北邯郸南大堡蔬菜批发,河北邯郸开发区滏东现代农业管理有限公司(河北邯郸南大堡蔬菜批发,河北邯郸开发区滏东现代农业管理有限公司(河北邯郸南大堡蔬菜批发,河北省,,,,,external,,market,,,,agricultural_wholesale_market,农业农村部定点农产品批发市场,农业农村部定点市场,false,false,false,true,false,true,false,false,false,false,false,false,true,false,false,,,,,,false,false,false,,,,,,,,,,,,,,,,,,,,,1,wholesale_market,data/raw/moa_designated_wholesale_markets_2024.pdf,rec_369ab77f03b372d7,A,true,按 PDF 两列表格抽取;原文件未提供详细地址和坐标。
cand_795f71403a69953a,吉林蛟河市黄松甸食用菌市场,吉林蛟河市黄松甸食用菌市场,吉林蛟河市黄松甸食用菌市场,吉林省,,,,,external,,market,,,,agricultural_wholesale_market,农业农村部定点农产品批发市场,农业农村部定点市场,false,false,false,true,false,false,false,false,false,false,false,false,true,false,false,,,,,,false,false,false,,,,,,,,,,,,,,,,,,,,,1,wholesale_market,data/raw/moa_designated_wholesale_markets_2024.pdf,rec_1da6ac91ba381fcb,A,true,按 PDF 两列表格抽取;原文件未提供详细地址和坐标。
cand_7972657212dab520,广西源养农业发展有限公司,广西源养农业发展有限公司,广西源养农业发展有限公司,广西壮族自治区,,,,百色市/平果市,reserve,,organization,,,,government_procurement_supplier,生鲜时蔬、水果类,政府采购入围/中标供应商,false,false,true,true,false,true,true,false,false,false,false,false,false,false,false,,,,,,false,false,true,,,,,,,,,,,,,,,,,,,,,1,government_procurement,data/raw/pingguo_vegetable_fruit_suppliers.pdf,rec_3cabc766db513ea2,C,true,"采购供应商身份不等同于实体仓储节点。 采购资料未提供企业地址；服务项目区域与企业所在地严格分开。 可确认位于广西，但当前证据不足以安全确定地级市。 PDF 表格未提供地址和统一社会信用代码;服务项目所在地为平果市,不能据此推断企业所在地。 采购供应商地址不自动视为仓库地址；仅在原文出现仓库、粮库、配送中心、冷库、厂房等明确词时标记相应能力。"
cand_7985d7e532177ea8,广东阳江市宏粤海产品批发,广东阳江市宏粤海产品批发,广东阳江市宏粤海产品批发,广东省,,,,,external,,market,,,,agricultural_wholesale_market,农业农村部定点农产品批发市场,农业农村部定点市场,false,false,false,true,false,false,false,false,false,false,false,false,true,false,false,,,,,,false,false,false,,,,,,,,,,,,,,,,,,,,,1,wholesale_market,data/raw/moa_designated_wholesale_markets_2024.pdf,rec_4d6bdb84f2da32b3,A,true,按 PDF 两列表格抽取;原文件未提供详细地址和坐标。
cand_7a1d97400cb91b10,博白县文地粮食管理所,博白县文地粮食管理所,博白县文地粮食管理所,广西壮族自治区,玉林市,,,,reserve,,unknown,,,,grain_reserve,储备商品管理公司及其直属库,广西储备商品管理公司及其直属库名单(桂财税〔2024〕8号),true,false,false,false,false,false,false,false,false,false,false,false,false,false,false,,,,,,false,true,false,,,,,,,,,,,,,,,,,,,,,1,grain_reserve,data/raw/guangxi_reserve_companies_2024.html,rec_9c55647770e9d300,A,true,名单证明储备体系资格，但企业主体或管理机构名称不等同于具体物理粮库。 使用 lxml 从 HTML 正文容器按“行政区标题 + 序号 + 单位名称”结构抽取;原正文段落序号 323。
cand_7a46aa81495713c7,金秀瑶族自治县军粮供应站,金秀瑶族自治县军粮供应站,金秀瑶族自治县军粮供应站,广西壮族自治区,来宾市,,,,reserve,,unknown,,,,military_grain_supply,储备商品管理公司及其直属库,广西储备商品管理公司及其直属库名单(桂财税〔2024〕8号),true,false,false,false,false,false,false,false,false,false,false,false,false,false,false,,,,,,false,true,false,,,,,,,,,,,,,,,,,,,,,1,grain_reserve,data/raw/guangxi_reserve_companies_2024.html,rec_cdc9bd1e46447e9f,A,true,使用 lxml 从 HTML 正文容器按“行政区标题 + 序号 + 单位名称”结构抽取;原正文段落序号 377。
cand_7a4b28418a86f269,湖南湘潭市农产品物流配送中心,湖南湘潭市农产品物流配送中心,湖南湘潭市农产品物流配送中心,湖南省,,,,,external,,market,,,,agricultural_wholesale_market,农业农村部定点农产品批发市场,农业农村部定点市场,false,false,false,true,false,false,false,false,false,false,false,false,true,false,false,,,,,,false,false,false,,,,,,,,,,,,,,,,,,,,,1,wholesale_market,data/raw/moa_designated_wholesale_markets_2024.pdf,rec_6bd14d941eb3609c,A,true,按 PDF 两列表格抽取;原文件未提供详细地址和坐标。
cand_7a4fd13f60b25121,田东县储备粮管理公司,田东县储备粮管理公司,田东县储备粮管理公司,广西壮族自治区,百色市,田东县,,,reserve,,organization,,,,grain_reserve,储备商品管理公司及其直属库,广西储备商品管理公司及其直属库名单(桂财税〔2024〕8号),true,false,false,false,false,false,false,false,false,false,false,false,false,false,false,,,,,,false,true,false,,,,,,,,,,,,,,,,,,,,,1,grain_reserve,data/raw/guangxi_reserve_companies_2024.html,rec_540aa4f33f5cfbf2,A,true,名单证明储备体系资格，但企业主体或管理机构名称不等同于具体物理粮库。 使用 lxml 从 HTML 正文容器按“行政区标题 + 序号 + 单位名称”结构抽取;原正文段落序号 241。
cand_7ad771eb6339fac9,辽宁前当堡鲜鱼批发市场,辽宁前当堡鲜鱼批发市场,辽宁前当堡鲜鱼批发市场,辽宁省,,,,,external,,market,,,,agricultural_wholesale_market,农业农村部定点农产品批发市场,农业农村部定点市场,false,false,false,true,false,false,false,false,false,false,false,false,true,false,false,,,,,,false,false,false,,,,,,,,,,,,,,,,,,,,,1,wholesale_market,data/raw/moa_designated_wholesale_markets_2024.pdf,rec_a101b15a86132e4b,A,true,按 PDF 两列表格抽取;原文件未提供详细地址和坐标。
cand_7b1256aaf76530fc,贵州施秉太子参牛大场交易中心,贵州施秉太子参牛大场交易中心,贵州施秉太子参牛大场交易中心,贵州省,,,,,external,,market,,,,agricultural_wholesale_market,农业农村部定点农产品批发市场,农业农村部定点市场,false,false,false,true,false,false,false,false,false,false,false,false,true,false,false,,,,,,false,false,false,,,,,,,,,,,,,,,,,,,,,1,wholesale_market,data/raw/moa_designated_wholesale_markets_2024.pdf,rec_8592ed9834104b1e,A,true,按 PDF 两列表格抽取;原文件未提供详细地址和坐标。
cand_7b22a0be85bbbca3,阳朔县储备粮管理中心,阳朔县储备粮管理中心,阳朔县储备粮管理中心,广西壮族自治区,桂林市,,,,reserve,,organization,,,,grain_reserve,储备商品管理公司及其直属库,广西储备商品管理公司及其直属库名单(桂财税〔2024〕8号),true,false,false,false,false,false,false,false,false,false,false,false,false,false,false,,,,,,false,true,false,,,,,,,,,,,,,,,,,,,,,1,grain_reserve,data/raw/guangxi_reserve_companies_2024.html,rec_27951e788373d807,A,true,名单证明储备体系资格，但企业主体或管理机构名称不等同于具体物理粮库。 使用 lxml 从 HTML 正文容器按“行政区标题 + 序号 + 单位名称”结构抽取;原正文段落序号 135。
cand_7b6cc030d3c877ea,上林县安恒储备粮管理有限公司大丰分公司,上林县安恒储备粮管理有限公司大丰分公司,上林县安恒储备粮管理有限公司大丰分公司,广西壮族自治区,南宁市,上林县,,,primary,,organization,上林县安恒储备粮管理有限公司,,,grain_reserve,储备商品管理公司及其直属库,广西储备商品管理公司及其直属库名单(桂财税〔2024〕8号),true,false,false,false,false,false,false,false,false,false,false,false,false,false,false,,,,,,false,true,false,,,,,,,,,,,,,,,,,,,,,1,grain_reserve,data/raw/guangxi_reserve_companies_2024.html,rec_88a6cb8c16dcd358,A,true,名单证明储备体系资格，但企业主体或管理机构名称不等同于具体物理粮库。 使用 lxml 从 HTML 正文容器按“行政区标题 + 序号 + 单位名称”结构抽取;原正文段落序号 61。
cand_7bc4f2f54bf6d8f9,德州军粮食品产业集团有限公司,德州军粮食品产业集团有限公司,德州军粮食品产业集团有限公司,,,,,全国,external,,organization,,,,military_grain_supply,国家级粮食应急保障企业,国家级粮食应急保障企业,true,false,true,false,false,false,false,false,false,false,false,false,false,false,false,,,,,,true,true,false,,,,,,,,,,,,,,,,,,,,,2,grain_emergency,data/raw/national_emergency_grain_enterprises_2025_reassessment.wps;data/raw/national_emergency_grain_enterprises_batch2.pdf,rec_4e3ddc9ea33d57cc;rec_2e167e357fc6020d,B,true,"当前原始记录未提供可安全解析的省级所在地。 原文件扩展名为 .wps,文件签名为 WPS/OLE 复合文档;只读转换为临时标准 DOCX 后抽取。来源年份由文件名推断。 按 PDF 文本层中的编号名单逐条抽取;原文件未提供地址和具体功能子类。"
cand_7c1c67c31c0e2f92,内蒙呼和浩特市东瓦窑农副产品批发市场有限责任公司,内蒙呼和浩特市东瓦窑农副产品批发市场有限责任公司,内蒙呼和浩特市东瓦窑农副产品批发市场有限责任公司,内蒙古自治区,,,,,external,,market,,,,agricultural_wholesale_market,农业农村部定点农产品批发市场,农业农村部定点市场,false,false,false,true,false,false,false,false,false,false,false,false,true,false,false,,,,,,false,false,false,,,,,,,,,,,,,,,,,,,,,1,wholesale_market,data/raw/moa_designated_wholesale_markets_2024.pdf,rec_113d65adb893b4a1,A,true,按 PDF 两列表格抽取;原文件未提供详细地址和坐标。
cand_7c6ca5c74c2c2049,内蒙古赤峰平庄新发地农副产品批发市场,内蒙古赤峰平庄新发地农副产品批发市场,内蒙古赤峰平庄新发地农副产品批发市场,内蒙古自治区,,,,,external,,market,,,,agricultural_wholesale_market,农业农村部定点农产品批发市场,农业农村部定点市场,false,false,false,true,false,false,false,false,false,false,false,false,true,false,false,,,,,,false,false,false,,,,,,,,,,,,,,,,,,,,,1,wholesale_market,data/raw/moa_designated_wholesale_markets_2024.pdf,rec_6c6ef3e93e158219,A,true,按 PDF 两列表格抽取;原文件未提供详细地址和坐标。
cand_7ceb7c2821494911,崇左市江州区军粮供应站,崇左市江州区军粮供应站,崇左市江州区军粮供应站,广西壮族自治区,崇左市,,,,reserve,,unknown,,,,military_grain_supply,储备商品管理公司及其直属库,广西储备商品管理公司及其直属库名单(桂财税〔2024〕8号),true,false,false,false,false,false,false,false,false,false,false,false,false,false,false,,,,,,false,true,false,,,,,,,,,,,,,,,,,,,,,1,grain_reserve,data/raw/guangxi_reserve_companies_2024.html,rec_479bbc3d1a166c15,A,true,使用 lxml 从 HTML 正文容器按“行政区标题 + 序号 + 单位名称”结构抽取;原正文段落序号 382。
cand_7d0349cecdcee212,东兰县粮食购销有限责任公司,东兰县粮食购销有限责任公司,东兰县粮食购销有限责任公司,广西壮族自治区,河池市,东兰县,,,reserve,,organization,,,,grain_reserve,储备商品管理公司及其直属库,广西储备商品管理公司及其直属库名单(桂财税〔2024〕8号),true,false,false,false,false,false,false,false,false,false,false,false,false,false,false,,,,,,false,true,false,,,,,,,,,,,,,,,,,,,,,1,grain_reserve,data/raw/guangxi_reserve_companies_2024.html,rec_b744e653f9414650,A,true,名单证明储备体系资格，但企业主体或管理机构名称不等同于具体物理粮库。 使用 lxml 从 HTML 正文容器按“行政区标题 + 序号 + 单位名称”结构抽取;原正文段落序号 283。
cand_7d89ac373b46dd47,内蒙古开鲁县雨田农畜交易市场有限责任公司,内蒙古开鲁县雨田农畜交易市场有限责任公司,内蒙古开鲁县雨田农畜交易市场有限责任公司,内蒙古自治区,,,,,external,,market,,,,agricultural_wholesale_market,农业农村部定点农产品批发市场,农业农村部定点市场,false,false,false,true,false,false,false,false,false,false,false,false,true,false,false,,,,,,false,false,false,,,,,,,,,,,,,,,,,,,,,1,wholesale_market,data/raw/moa_designated_wholesale_markets_2024.pdf,rec_ce37217802319743,A,true,按 PDF 两列表格抽取;原文件未提供详细地址和坐标。
cand_7d8d2ed2a9240943,重庆万州区宏远批发市场,重庆万州区宏远批发市场,重庆万州区宏远批发市场,重庆市,重庆市,,,,external,,market,,,,agricultural_wholesale_market,农业农村部定点农产品批发市场,农业农村部定点市场,false,false,false,true,false,false,false,false,false,false,false,false,true,false,false,,,,,,false,false,false,,,,,,,,,,,,,,,,,,,,,1,wholesale_market,data/raw/moa_designated_wholesale_markets_2024.pdf,rec_a95a3af3211fc0b0,A,true,按 PDF 两列表格抽取;原文件未提供详细地址和坐标。
cand_7d906f82b73816ad,广东河源市农副产品批发中心,广东河源市农副产品批发中心,广东河源市农副产品批发中心,广东省,,,,,external,,market,,,,agricultural_wholesale_market,农业农村部定点农产品批发市场,农业农村部定点市场,false,false,false,true,false,false,false,false,false,false,false,false,true,false,false,,,,,,false,false,false,,,,,,,,,,,,,,,,,,,,,1,wholesale_market,data/raw/moa_designated_wholesale_markets_2024.pdf,rec_bdd4cdfef6fc209b,A,true,按 PDF 两列表格抽取;原文件未提供详细地址和坐标。
cand_7df180de02604a54,广西四季嘉宴餐饮有限公司,广西四季嘉宴餐饮有限公司,广西四季嘉宴餐饮有限公司,广西壮族自治区,,,,百色市/平果市,reserve,,organization,,,,government_procurement_supplier,鲜肉类;生鲜时蔬、水果类,政府采购入围/中标供应商,false,false,true,true,true,true,true,false,false,false,false,false,false,false,false,,,,,,false,false,true,,,,,,,,,,,,,,,,,,,,,2,government_procurement,data/raw/pingguo_meat_suppliers.pdf;data/raw/pingguo_vegetable_fruit_suppliers.pdf,rec_6755c49da23a35e0;rec_eac0f6620022744d,C,true,"采购供应商身份不等同于实体仓储节点。 采购资料未提供企业地址；服务项目区域与企业所在地严格分开。 可确认位于广西，但当前证据不足以安全确定地级市。 PDF 表格未提供地址和统一社会信用代码;服务项目所在地为平果市,不能据此推断企业所在地。 采购供应商地址不自动视为仓库地址；仅在原文出现仓库、粮库、配送中心、冷库、厂房等明确词时标记相应能力。"
cand_7df47649fa9924dd,上林县安恒储备粮管理有限公司乔贤分公司,上林县安恒储备粮管理有限公司乔贤分公司,上林县安恒储备粮管理有限公司乔贤分公司;上林县安恒储备粮管理有限公司乔贤分公司(原乔贤粮所);上林县安恒储备粮管理有限公司乔贤分公司(原乔贤粮所);上林县安恒储备粮管理有限公司乔贤分公司(原乔贤粮所);上林县安恒储备粮管理有限公司乔贤分公司(原乔贤粮所),广西壮族自治区,南宁市,上林县,上林县乔贤镇乔贤街木山路口（原乔贤粮所）,,primary,,physical_site,上林县安恒储备粮管理有限公司,cand_39a6690f6b3bfb94,branch_site,grain_reserve,储备商品管理公司及其直属库,广西储备商品管理公司及其直属库名单(桂财税〔2024〕8号),true,false,false,false,false,false,false,false,false,false,true,false,false,false,false,,,,,,false,true,false,,,,,,,approximate_region_only,manual_review,false,manual_verified_public_evidence,addr_ev_3eab62f202b32de1,B,street_landmark,medium,https://www.qixin.com/name/e69e97e4b88ae4b994,企业信息源给出原乔贤粮所位置为乔贤街木山路口；政府不动产资料证明安恒公司持有原乔贤粮所土地资产。,true,true,,manual_address_evidence,1,grain_reserve;manual_address_evidence;manual_address_evidence;manual_address_evidence;manual_address_evidence,data/raw/guangxi_reserve_companies_2024.html;data/manual/nanning_grain_physical_sites_address_evidence.csv;data/manual/nanning_grain_physical_sites_address_evidence.csv;data/manual/nanning_grain_physical_sites_address_evidence.csv;data/manual/nanning_grain_physical_sites_address_evidence.csv,rec_3e36d92b7ed7194b,A,true,名单证明储备体系资格，但企业主体或管理机构名称不等同于具体物理粮库。 使用 lxml 从 HTML 正文容器按“行政区标题 + 序号 + 单位名称”结构抽取;原正文段落序号 69。
cand_7e0df0f8ec6cd3da,河南南阳果品批发交易中心,河南南阳果品批发交易中心,河南南阳果品批发交易中心,河南省,,,,,external,,market,,,,agricultural_wholesale_market,农业农村部定点农产品批发市场,农业农村部定点市场,false,false,false,true,false,false,true,false,false,false,false,false,true,false,false,,,,,,false,false,false,,,,,,,,,,,,,,,,,,,,,1,wholesale_market,data/raw/moa_designated_wholesale_markets_2024.pdf,rec_8687e5a296357975,A,true,按 PDF 两列表格抽取;原文件未提供详细地址和坐标。
cand_7e1189d9726fee06,天津市静海区范庄子蔬菜批发中心,天津市静海区范庄子蔬菜批发中心,天津市静海区范庄子蔬菜批发中心,天津市,天津市,,,,external,,market,,,,agricultural_wholesale_market,农业农村部定点农产品批发市场,农业农村部定点市场,false,false,false,true,false,true,false,false,false,false,false,false,true,false,false,,,,,,false,false,false,,,,,,,,,,,,,,,,,,,,,1,wholesale_market,data/raw/moa_designated_wholesale_markets_2024.pdf,rec_253d1b47608685b4,A,true,按 PDF 两列表格抽取;原文件未提供详细地址和坐标。
cand_7e13582795eb2e81,北海市储备粮管理有限公司,北海市储备粮管理有限公司,北海市储备粮管理有限公司,广西壮族自治区,北海市,,,,reserve,,organization,,,,grain_reserve,储备商品管理公司及其直属库,广西储备商品管理公司及其直属库名单(桂财税〔2024〕8号),true,false,false,false,false,false,false,false,false,false,false,false,false,false,false,,,,,,false,true,false,,,,,,,,,,,,,,,,,,,,,1,grain_reserve,data/raw/guangxi_reserve_companies_2024.html,rec_076a6c23c889c1b9,A,true,名单证明储备体系资格，但企业主体或管理机构名称不等同于具体物理粮库。 使用 lxml 从 HTML 正文容器按“行政区标题 + 序号 + 单位名称”结构抽取;原正文段落序号 167。
cand_7e30c05114d4084a,防城港市军粮供应站,防城港市军粮供应站,防城港市军粮供应站,广西壮族自治区,防城港市,,,,reserve,,unknown,,,,military_grain_supply,储备商品管理公司及其直属库,广西储备商品管理公司及其直属库名单(桂财税〔2024〕8号),true,false,false,false,false,false,false,false,false,false,false,false,false,false,false,,,,,,false,true,false,,,,,,,,,,,,,,,,,,,,,1,grain_reserve,data/raw/guangxi_reserve_companies_2024.html,rec_8b55f24343e5c504,A,true,使用 lxml 从 HTML 正文容器按“行政区标题 + 序号 + 单位名称”结构抽取;原正文段落序号 210。
cand_7e35290ba42a71aa,内蒙古包头市远大诚信瓜果蔬菜副食市场有限公司,内蒙古包头市远大诚信瓜果蔬菜副食市场有限公司,内蒙古包头市远大诚信瓜果蔬菜副食市场有限公司,内蒙古自治区,,,,,external,,market,,,,agricultural_wholesale_market,农业农村部定点农产品批发市场,农业农村部定点市场,false,false,false,true,false,true,true,false,false,false,false,false,true,false,false,,,,,,false,false,false,,,,,,,,,,,,,,,,,,,,,1,wholesale_market,data/raw/moa_designated_wholesale_markets_2024.pdf,rec_ab1cdd8b13051405,A,true,按 PDF 两列表格抽取;原文件未提供详细地址和坐标。
cand_7eb55f8cff560607,桂林玉基米业有限公司,桂林玉基米业有限公司,桂林玉基米业有限公司,广西壮族自治区,桂林市,,,,reserve,,organization,,,,other,储备商品管理公司及其直属库,广西储备商品管理公司及其直属库名单(桂财税〔2024〕8号),true,false,false,false,false,false,false,false,false,false,false,false,false,false,false,,,,,,false,true,false,,,,,,,,,,,,,,,,,,,,,1,grain_reserve,data/raw/guangxi_reserve_companies_2024.html,rec_93b0bf9e05a37ba1,A,true,属于储备商品管理公司及其直属库名单，但名称不足以安全判断为具体粮库或储备管理机构。 使用 lxml 从 HTML 正文容器按“行政区标题 + 序号 + 单位名称”结构抽取;原正文段落序号 106。
cand_7ec8689e805d9964,兴业县城隍粮食管理所,兴业县城隍粮食管理所,兴业县城隍粮食管理所,广西壮族自治区,玉林市,,,,reserve,,unknown,,,,grain_reserve,储备商品管理公司及其直属库,广西储备商品管理公司及其直属库名单(桂财税〔2024〕8号),true,false,false,false,false,false,false,false,false,false,false,false,false,false,false,,,,,,false,true,false,,,,,,,,,,,,,,,,,,,,,1,grain_reserve,data/raw/guangxi_reserve_companies_2024.html,rec_a3a7f6014ebcb333,A,true,名单证明储备体系资格，但企业主体或管理机构名称不等同于具体物理粮库。 使用 lxml 从 HTML 正文容器按“行政区标题 + 序号 + 单位名称”结构抽取;原正文段落序号 313。
cand_7ecdd913ea59a815,象州县粮食购销有限公司,象州县粮食购销有限公司,象州县粮食购销有限公司,广西壮族自治区,来宾市,,,,reserve,,organization,,,,grain_reserve,储备商品管理公司及其直属库,广西储备商品管理公司及其直属库名单(桂财税〔2024〕8号),true,false,false,false,false,false,false,false,false,false,false,false,false,false,false,,,,,,false,true,false,,,,,,,,,,,,,,,,,,,,,1,grain_reserve,data/raw/guangxi_reserve_companies_2024.html,rec_62491f2e34854978,A,true,名单证明储备体系资格，但企业主体或管理机构名称不等同于具体物理粮库。 使用 lxml 从 HTML 正文容器按“行政区标题 + 序号 + 单位名称”结构抽取;原正文段落序号 370。
cand_7ed27a7b749ca0ae,广西万马供应链有限公司,广西万马供应链有限公司,广西万马供应链有限公司,广西壮族自治区,,,,百色市/平果市,reserve,,organization,,,,government_procurement_supplier,鲜肉类,政府采购入围/中标供应商,false,false,true,true,true,false,false,false,false,false,false,false,false,false,false,,,,,,false,false,true,,,,,,,,,,,,,,,,,,,,,1,government_procurement,data/raw/pingguo_meat_suppliers.pdf,rec_64f50276b47b343e,C,true,"采购供应商身份不等同于实体仓储节点。 采购资料未提供企业地址；服务项目区域与企业所在地严格分开。 可确认位于广西，但当前证据不足以安全确定地级市。 PDF 表格未提供地址和统一社会信用代码;服务项目所在地为平果市,不能据此推断企业所在地。 采购供应商地址不自动视为仓库地址；仅在原文出现仓库、粮库、配送中心、冷库、厂房等明确词时标记相应能力。"
cand_7f30dcbc6a38dfb0,百色市右江区军粮供应站,百色市右江区军粮供应站,百色市右江区军粮供应站,广西壮族自治区,百色市,右江区,,,reserve,,unknown,,,,military_grain_supply,储备商品管理公司及其直属库,广西储备商品管理公司及其直属库名单(桂财税〔2024〕8号),true,false,false,false,false,false,false,false,false,false,false,false,false,false,false,,,,,,false,true,false,,,,,,,,,,,,,,,,,,,,,1,grain_reserve,data/raw/guangxi_reserve_companies_2024.html,rec_97fc1e64fe5ed5f6,A,true,使用 lxml 从 HTML 正文容器按“行政区标题 + 序号 + 单位名称”结构抽取;原正文段落序号 226。
cand_7f9fe76b60e77fa9,安徽亳州蔬菜批发市场,安徽亳州蔬菜批发市场,安徽亳州蔬菜批发市场,安徽省,,,,,external,,market,,,,agricultural_wholesale_market,农业农村部定点农产品批发市场,农业农村部定点市场,false,false,false,true,false,true,false,false,false,false,false,false,true,false,false,,,,,,false,false,false,,,,,,,,,,,,,,,,,,,,,1,wholesale_market,data/raw/moa_designated_wholesale_markets_2024.pdf,rec_67bfb23d594427f8,A,true,按 PDF 两列表格抽取;原文件未提供详细地址和坐标。
cand_7fcf621260759737,北海市肥佬华福粮油有限公司,北海市肥佬华福粮油有限公司,北海市肥佬华福粮油有限公司,广西壮族自治区,北海市,,北海市工业园区科龙路一号一幢第一层,北海市,reserve,91450500MA5N04EG8D,organization,,,,government_procurement_supplier,米面油干货类,政府采购入围/中标供应商,true,true,true,false,false,false,false,false,false,false,false,false,false,false,false,,,,,,false,false,true,,,,,,,,,,,,,,,,,,,,,1,government_procurement,data/raw/beihai_food_suppliers.pdf,rec_422cb07360908ae6,C,true,"采购供应商身份不等同于实体仓储节点。 采购资料中的地址按企业登记/联系地址处理，不自动等同于仓库或配送节点地址。 按 PDF 表格行批量抽取;地址视为供应商登记/联系地址,不自动认定为仓储节点。 采购供应商地址不自动视为仓库地址；仅在原文出现仓库、粮库、配送中心、冷库、厂房等明确词时标记相应能力。"
cand_80090411c388cb69,南宁佳美粮油食品有限公司,南宁佳美粮油食品有限公司,南宁佳美粮油食品有限公司,广西壮族自治区,南宁市,,,,primary,,organization,,,,other,储备商品管理公司及其直属库,广西储备商品管理公司及其直属库名单(桂财税〔2024〕8号),true,true,true,false,false,false,false,false,false,false,false,false,false,false,false,,,,,,false,true,false,,,,,,,,,,,,,,,,,,,,,1,grain_reserve,data/raw/guangxi_reserve_companies_2024.html,rec_403bcf1bace98b24,A,true,属于储备商品管理公司及其直属库名单，但名称不足以安全判断为具体粮库或储备管理机构。 使用 lxml 从 HTML 正文容器按“行政区标题 + 序号 + 单位名称”结构抽取;原正文段落序号 40。
cand_800aafdc0be2f545,青海通达油脂加工有限责任公司,青海通达油脂加工有限责任公司,青海通达油脂加工有限责任公司,青海省,,,,全国,external,,organization,,,,emergency_processing,国家级粮食应急保障企业,国家级粮食应急保障企业,true,true,false,false,false,false,false,false,false,false,false,true,false,false,false,,,,,,true,false,false,,,,,,,,,,,,,,,,,,,,,2,grain_emergency,data/raw/national_emergency_grain_enterprises_2025_reassessment.wps;data/raw/national_emergency_grain_enterprises_batch2.pdf,rec_b0eebcdb3dec6c79;rec_e2247e397a4437c8,B,true,"原文件扩展名为 .wps,文件签名为 WPS/OLE 复合文档;只读转换为临时标准 DOCX 后抽取。来源年份由文件名推断。 按 PDF 文本层中的编号名单逐条抽取;原文件未提供地址和具体功能子类。"
cand_80439e4d00c01809,宁夏涝河桥清真牛羊肉批发市场,宁夏涝河桥清真牛羊肉批发市场,宁夏涝河桥清真牛羊肉批发市场,宁夏回族自治区,,,,,external,,market,,,,agricultural_wholesale_market,农业农村部定点农产品批发市场,农业农村部定点市场,false,false,false,true,true,false,false,false,false,false,false,false,true,false,false,,,,,,false,false,false,,,,,,,,,,,,,,,,,,,,,1,wholesale_market,data/raw/moa_designated_wholesale_markets_2024.pdf,rec_9b1e6ad340a98fbc,A,true,按 PDF 两列表格抽取;原文件未提供详细地址和坐标。
cand_8048046bbe684871,河北邯郸市(馆陶)金凤禽蛋农贸批发市场,河北邯郸市(馆陶)金凤禽蛋农贸批发市场,河北邯郸市(馆陶)金凤禽蛋农贸批发市场,河北省,,,,,external,,market,,,,agricultural_wholesale_market,农业农村部定点农产品批发市场,农业农村部定点市场,false,false,false,true,false,false,false,false,false,false,false,false,true,false,false,,,,,,false,false,false,,,,,,,,,,,,,,,,,,,,,1,wholesale_market,data/raw/moa_designated_wholesale_markets_2024.pdf,rec_6c2f6df8f2fcdb89,A,true,按 PDF 两列表格抽取;原文件未提供详细地址和坐标。
cand_807529441ea4cc26,辽宁朝阳果菜批发市场,辽宁朝阳果菜批发市场,辽宁朝阳果菜批发市场,辽宁省,,,,,external,,market,,,,agricultural_wholesale_market,农业农村部定点农产品批发市场,农业农村部定点市场,false,false,false,true,false,true,true,false,false,false,false,false,true,false,false,,,,,,false,false,false,,,,,,,,,,,,,,,,,,,,,1,wholesale_market,data/raw/moa_designated_wholesale_markets_2024.pdf,rec_c3151bcb6b009742,A,true,按 PDF 两列表格抽取;原文件未提供详细地址和坐标。
cand_80cc4373fbfbf34f,那坡县物资储备中心,那坡县物资储备中心,那坡县物资储备中心,广西壮族自治区,百色市,那坡县,,,reserve,,organization,,,,other,储备商品管理公司及其直属库,广西储备商品管理公司及其直属库名单(桂财税〔2024〕8号),true,false,false,false,false,false,false,false,false,false,false,false,false,false,false,,,,,,false,true,false,,,,,,,,,,,,,,,,,,,,,1,grain_reserve,data/raw/guangxi_reserve_companies_2024.html,rec_a77884213ebbb4dc,A,true,属于储备商品管理公司及其直属库名单，但名称不足以安全判断为具体粮库或储备管理机构。 使用 lxml 从 HTML 正文容器按“行政区标题 + 序号 + 单位名称”结构抽取;原正文段落序号 249。
cand_810655cf604ade8c,湖北英山县大别山茶叶广场,湖北英山县大别山茶叶广场,湖北英山县大别山茶叶广场,湖北省,,,,,external,,market,,,,agricultural_wholesale_market,农业农村部定点农产品批发市场,农业农村部定点市场,false,false,false,true,false,false,false,false,false,false,false,false,true,false,false,,,,,,false,false,false,,,,,,,,,,,,,,,,,,,,,1,wholesale_market,data/raw/moa_designated_wholesale_markets_2024.pdf,rec_0a2427a2b170b486,A,true,按 PDF 两列表格抽取;原文件未提供详细地址和坐标。
cand_8142f8516fc62d11,浙江宁波蔬菜批发市场,浙江宁波蔬菜批发市场,浙江宁波蔬菜批发市场,浙江省,,,,,external,,market,,,,agricultural_wholesale_market,农业农村部定点农产品批发市场,农业农村部定点市场,false,false,false,true,false,true,false,false,false,false,false,false,true,false,false,,,,,,false,false,false,,,,,,,,,,,,,,,,,,,,,1,wholesale_market,data/raw/moa_designated_wholesale_markets_2024.pdf,rec_3beaf63abe0520a0,A,true,按 PDF 两列表格抽取;原文件未提供详细地址和坐标。
cand_81823d01705b7135,四川绵阳高水蔬菜批发市场,四川绵阳高水蔬菜批发市场,四川绵阳高水蔬菜批发市场,四川省,,,,,external,,market,,,,agricultural_wholesale_market,农业农村部定点农产品批发市场,农业农村部定点市场,false,false,false,true,false,true,false,false,false,false,false,false,true,false,false,,,,,,false,false,false,,,,,,,,,,,,,,,,,,,,,1,wholesale_market,data/raw/moa_designated_wholesale_markets_2024.pdf,rec_be82c0681caec3ed,A,true,按 PDF 两列表格抽取;原文件未提供详细地址和坐标。
cand_81907ba1e0b568a8,北流市金穗食品有限公司,北流市金穗食品有限公司,北流市金穗食品有限公司,广西壮族自治区,玉林市,,,,reserve,,organization,,,,other,储备商品管理公司及其直属库,广西储备商品管理公司及其直属库名单(桂财税〔2024〕8号),true,false,true,false,false,false,false,false,false,false,false,false,false,false,false,,,,,,false,true,false,,,,,,,,,,,,,,,,,,,,,1,grain_reserve,data/raw/guangxi_reserve_companies_2024.html,rec_bfcefab9ec5e1960,A,true,属于储备商品管理公司及其直属库名单，但名称不足以安全判断为具体粮库或储备管理机构。 使用 lxml 从 HTML 正文容器按“行政区标题 + 序号 + 单位名称”结构抽取;原正文段落序号 310。
cand_819f55098d83ce5b,河北唐山市丰南农副产品交易市场,河北唐山市丰南农副产品交易市场,河北唐山市丰南农副产品交易市场,河北省,,,,,external,,market,,,,agricultural_wholesale_market,农业农村部定点农产品批发市场,农业农村部定点市场,false,false,false,true,false,false,false,false,false,false,false,false,true,false,false,,,,,,false,false,false,,,,,,,,,,,,,,,,,,,,,1,wholesale_market,data/raw/moa_designated_wholesale_markets_2024.pdf,rec_51da61c16744f5f9,A,true,按 PDF 两列表格抽取;原文件未提供详细地址和坐标。
cand_81c4b7f8c4561e69,光明农业发展(集团)有限公司,光明农业发展(集团)有限公司,光明农业发展(集团)有限公司,,,,,全国,external,,organization,,,,other,国家级粮食应急保障企业,国家级粮食应急保障企业,true,false,false,false,false,false,false,false,false,false,false,false,false,false,false,,,,,,true,false,false,,,,,,,,,,,,,,,,,,,,,2,grain_emergency,data/raw/national_emergency_grain_enterprises_2025_reassessment.wps;data/raw/national_emergency_grain_enterprises_batch2.pdf,rec_9be2973d2f769ac7;rec_5cc9e62ecc8b3490,B,true,"官方名单未给出储运、加工、配送等具体子类，保守归为 other。 当前原始记录未提供可安全解析的省级所在地。 保留国家级粮食应急保障企业身份，不凭名称猜测具体功能分类。 原文件扩展名为 .wps,文件签名为 WPS/OLE 复合文档;只读转换为临时标准 DOCX 后抽取。来源年份由文件名推断。 按 PDF 文本层中的编号名单逐条抽取;原文件未提供地址和具体功能子类。"
cand_81fc93013958113d,湖北汉川市宏翔农贸有限公司(湖北汉川市宏翔农副产品批发市场),湖北汉川市宏翔农贸有限公司(湖北汉川市宏翔农副产品批发市场),湖北汉川市宏翔农贸有限公司(湖北汉川市宏翔农副产品批发市场),湖北省,,,,,external,,market,,,,agricultural_wholesale_market,农业农村部定点农产品批发市场,农业农村部定点市场,false,false,false,true,false,false,false,false,false,false,false,false,true,false,false,,,,,,false,false,false,,,,,,,,,,,,,,,,,,,,,1,wholesale_market,data/raw/moa_designated_wholesale_markets_2024.pdf,rec_e1c871eac87b3e77,A,true,按 PDF 两列表格抽取;原文件未提供详细地址和坐标。
cand_821e6eef7cb554b2,江苏联谊农副产品批发市场,江苏联谊农副产品批发市场,江苏联谊农副产品批发市场,江苏省,,,,,external,,market,,,,agricultural_wholesale_market,农业农村部定点农产品批发市场,农业农村部定点市场,false,false,false,true,false,false,false,false,false,false,false,false,true,false,false,,,,,,false,false,false,,,,,,,,,,,,,,,,,,,,,1,wholesale_market,data/raw/moa_designated_wholesale_markets_2024.pdf,rec_045968c85026abd9,A,true,按 PDF 两列表格抽取;原文件未提供详细地址和坐标。
cand_829757280a74f713,山东黑马农副产品批发市场,山东黑马农副产品批发市场,山东黑马农副产品批发市场,山东省,,,,,external,,market,,,,agricultural_wholesale_market,农业农村部定点农产品批发市场,农业农村部定点市场,false,false,false,true,false,false,false,false,false,false,false,false,true,false,false,,,,,,false,false,false,,,,,,,,,,,,,,,,,,,,,1,wholesale_market,data/raw/moa_designated_wholesale_markets_2024.pdf,rec_d971c2f6392e1811,A,true,按 PDF 两列表格抽取;原文件未提供详细地址和坐标。
cand_82a0333d8a692b2f,四川成都农产品中心批发市场有限责任公司,四川成都农产品中心批发市场有限责任公司,四川成都农产品中心批发市场有限责任公司,四川省,,,,,external,,market,,,,agricultural_wholesale_market,农业农村部定点农产品批发市场,农业农村部定点市场,false,false,false,true,false,false,false,false,false,false,false,false,true,false,false,,,,,,false,false,false,,,,,,,,,,,,,,,,,,,,,1,wholesale_market,data/raw/moa_designated_wholesale_markets_2024.pdf,rec_3c2669ddb5da095a,A,true,按 PDF 两列表格抽取;原文件未提供详细地址和坐标。
cand_82b033a6b0cdac5d,天等县粮食和物资储备中心,天等县粮食和物资储备中心,天等县粮食和物资储备中心,广西壮族自治区,崇左市,,,,reserve,,organization,,,,grain_reserve,储备商品管理公司及其直属库,广西储备商品管理公司及其直属库名单(桂财税〔2024〕8号),true,false,false,false,false,false,false,false,false,false,false,false,false,false,false,,,,,,false,true,false,,,,,,,,,,,,,,,,,,,,,1,grain_reserve,data/raw/guangxi_reserve_companies_2024.html,rec_129c9eb36077bc83,A,true,名单证明储备体系资格，但企业主体或管理机构名称不等同于具体物理粮库。 使用 lxml 从 HTML 正文容器按“行政区标题 + 序号 + 单位名称”结构抽取;原正文段落序号 392。
cand_82f430f9fe83d23c,江西新余市优质农产品批发市场,江西新余市优质农产品批发市场,江西新余市优质农产品批发市场,江西省,,,,,external,,market,,,,agricultural_wholesale_market,农业农村部定点农产品批发市场,农业农村部定点市场,false,false,false,true,false,false,false,false,false,false,false,false,true,false,false,,,,,,false,false,false,,,,,,,,,,,,,,,,,,,,,1,wholesale_market,data/raw/moa_designated_wholesale_markets_2024.pdf,rec_450b60ccdf256032,A,true,按 PDF 两列表格抽取;原文件未提供详细地址和坐标。
cand_83420b03653eac1b,河北邢州现代农产品市场服务有限公司,河北邢州现代农产品市场服务有限公司,河北邢州现代农产品市场服务有限公司,河北省,,,,,external,,market,,,,agricultural_wholesale_market,农业农村部定点农产品批发市场,农业农村部定点市场,false,false,false,true,false,false,false,false,false,false,false,false,true,false,false,,,,,,false,false,false,,,,,,,,,,,,,,,,,,,,,1,wholesale_market,data/raw/moa_designated_wholesale_markets_2024.pdf,rec_8b701b1289b33321,A,true,按 PDF 两列表格抽取;原文件未提供详细地址和坐标。
cand_83ad872591e44857,上思县储备粮管理中心,上思县储备粮管理中心,上思县储备粮管理中心,广西壮族自治区,防城港市,,,,reserve,,organization,,,,grain_reserve,储备商品管理公司及其直属库,广西储备商品管理公司及其直属库名单(桂财税〔2024〕8号),true,false,false,false,false,false,false,false,false,false,false,false,false,false,false,,,,,,false,true,false,,,,,,,,,,,,,,,,,,,,,1,grain_reserve,data/raw/guangxi_reserve_companies_2024.html,rec_0e2bcc72f4a05377,A,true,名单证明储备体系资格，但企业主体或管理机构名称不等同于具体物理粮库。 使用 lxml 从 HTML 正文容器按“行政区标题 + 序号 + 单位名称”结构抽取;原正文段落序号 220。
cand_83e96ef4adb2f1b9,广东佛山市南海盐步环球水产交易市场,广东佛山市南海盐步环球水产交易市场,广东佛山市南海盐步环球水产交易市场,广东省,,,,,external,,market,,,,agricultural_wholesale_market,农业农村部定点农产品批发市场,农业农村部定点市场,false,false,false,true,false,false,false,true,false,false,false,false,true,false,false,,,,,,false,false,false,,,,,,,,,,,,,,,,,,,,,1,wholesale_market,data/raw/moa_designated_wholesale_markets_2024.pdf,rec_24fea4b6b3d1c927,A,true,按 PDF 两列表格抽取;原文件未提供详细地址和坐标。
cand_8427fb77b9757f9d,甘肃北方菜业有限责任公司(甘肃省靖远县瓜果蔬菜批发市场),甘肃北方菜业有限责任公司(甘肃省靖远县瓜果蔬菜批发市场),甘肃北方菜业有限责任公司(甘肃省靖远县瓜果蔬菜批发市场),甘肃省,,,,,external,,market,,,,agricultural_wholesale_market,农业农村部定点农产品批发市场,农业农村部定点市场,false,false,false,true,false,true,true,false,false,false,false,false,true,false,false,,,,,,false,false,false,,,,,,,,,,,,,,,,,,,,,1,wholesale_market,data/raw/moa_designated_wholesale_markets_2024.pdf,rec_541cedeb8c28d93e,A,true,按 PDF 两列表格抽取;原文件未提供详细地址和坐标。
cand_843044b5514b78db,容县泰民粮食购销有限公司,容县泰民粮食购销有限公司,容县泰民粮食购销有限公司,广西壮族自治区,玉林市,,,,reserve,,organization,,,,grain_reserve,储备商品管理公司及其直属库,广西储备商品管理公司及其直属库名单(桂财税〔2024〕8号),true,false,false,false,false,false,false,false,false,false,false,false,false,false,false,,,,,,false,true,false,,,,,,,,,,,,,,,,,,,,,1,grain_reserve,data/raw/guangxi_reserve_companies_2024.html,rec_5e1d9b2b2244408c,A,true,名单证明储备体系资格，但企业主体或管理机构名称不等同于具体物理粮库。 使用 lxml 从 HTML 正文容器按“行政区标题 + 序号 + 单位名称”结构抽取;原正文段落序号 333。
cand_8481127860b1c04d,江苏兴化市粮食交易市场,江苏兴化市粮食交易市场,江苏兴化市粮食交易市场,江苏省,,,,,external,,market,,,,agricultural_wholesale_market,农业农村部定点农产品批发市场,农业农村部定点市场,true,false,false,true,false,false,false,false,false,false,false,false,true,false,false,,,,,,false,false,false,,,,,,,,,,,,,,,,,,,,,1,wholesale_market,data/raw/moa_designated_wholesale_markets_2024.pdf,rec_e5d125c0f8f1c031,A,true,按 PDF 两列表格抽取;原文件未提供详细地址和坐标。
cand_84daad32725c78e7,河南鹤壁市四季青农产品批发市场,河南鹤壁市四季青农产品批发市场,河南鹤壁市四季青农产品批发市场,河南省,,,,,external,,market,,,,agricultural_wholesale_market,农业农村部定点农产品批发市场,农业农村部定点市场,false,false,false,true,false,false,false,false,false,false,false,false,true,false,false,,,,,,false,false,false,,,,,,,,,,,,,,,,,,,,,1,wholesale_market,data/raw/moa_designated_wholesale_markets_2024.pdf,rec_47fbb270b67a7e8a,A,true,按 PDF 两列表格抽取;原文件未提供详细地址和坐标。
cand_8507f65c7cf9164f,钦州市方顺粮油有限公司,钦州市方顺粮油有限公司,钦州市方顺粮油有限公司,广西壮族自治区,钦州市,,,,reserve,,organization,,,,other,储备商品管理公司及其直属库,广西储备商品管理公司及其直属库名单(桂财税〔2024〕8号),true,true,false,false,false,false,false,false,false,false,false,false,false,false,false,,,,,,false,true,false,,,,,,,,,,,,,,,,,,,,,1,grain_reserve,data/raw/guangxi_reserve_companies_2024.html,rec_ca845eb7b0fd7bcc,A,true,属于储备商品管理公司及其直属库名单，但名称不足以安全判断为具体粮库或储备管理机构。 使用 lxml 从 HTML 正文容器按“行政区标题 + 序号 + 单位名称”结构抽取;原正文段落序号 305。
cand_850c1b18b35c855e,上林县安恒储备粮管理有限公司西燕分公司,上林县安恒储备粮管理有限公司西燕分公司,上林县安恒储备粮管理有限公司西燕分公司,广西壮族自治区,南宁市,上林县,,,primary,,organization,上林县安恒储备粮管理有限公司,,,grain_reserve,储备商品管理公司及其直属库,广西储备商品管理公司及其直属库名单(桂财税〔2024〕8号),true,false,false,false,false,false,false,false,false,false,false,false,false,false,false,,,,,,false,true,false,,,,,,,,,,,,,,,,,,,,,1,grain_reserve,data/raw/guangxi_reserve_companies_2024.html,rec_04fe8771fa5ea953,A,true,名单证明储备体系资格，但企业主体或管理机构名称不等同于具体物理粮库。 使用 lxml 从 HTML 正文容器按“行政区标题 + 序号 + 单位名称”结构抽取;原正文段落序号 73。
cand_85942dd2a7d45ac7,新疆兵团第二师孔雀市场,新疆兵团第二师孔雀市场,新疆兵团第二师孔雀市场,新疆维吾尔自治区,,,,,external,,market,,,,agricultural_wholesale_market,农业农村部定点农产品批发市场,农业农村部定点市场,false,false,false,true,false,false,false,false,false,false,false,false,true,false,false,,,,,,false,false,false,,,,,,,,,,,,,,,,,,,,,1,wholesale_market,data/raw/moa_designated_wholesale_markets_2024.pdf,rec_d8c7c705f6ee6298,A,true,按 PDF 两列表格抽取;原文件未提供详细地址和坐标。
cand_862de8dcf1467ca9,广西龙威集采集配供应链管理有限公司,广西龙威集采集配供应链管理有限公司,广西龙威集采集配供应链管理有限公司,广西壮族自治区,贵港市,港南区,广西壮族自治区贵港市港南区新塘镇大郑村西江航运枢纽二线船闸南边(原指挥部二号仓库),贵港市,reserve,91450803MABPMDFU6E,organization,,,,government_procurement_supplier,畜肉类;禽肉类;生鲜时蔬、水果类,政府采购入围/中标供应商,false,false,false,true,true,true,true,false,false,false,true,false,false,false,false,,,,,,false,false,true,,,,,,,,,,,,,,,,,,,,,3,government_procurement,data/raw/guigang_food_suppliers_310.pdf,rec_0363ab0bf43c7409;rec_8ddcf14322b6ebd3;rec_d6ceaeacdaca4205,B,true,"采购供应商身份不等同于实体仓储节点。 采购资料中的地址按企业登记/联系地址处理，不自动等同于仓库或配送节点地址。 按 PDF 表格行批量抽取;地址视为供应商登记/联系地址,不自动认定为仓储节点。 采购供应商地址不自动视为仓库地址；仅在原文出现仓库、粮库、配送中心、冷库、厂房等明确词时标记相应能力。"
cand_864fe76372ef3911,广西藤县塘步粮所,广西藤县塘步粮所,广西藤县塘步粮所,广西壮族自治区,梧州市,,,,reserve,,unknown,,,,grain_reserve,储备商品管理公司及其直属库,广西储备商品管理公司及其直属库名单(桂财税〔2024〕8号),true,false,false,false,false,false,false,false,false,false,false,false,false,false,false,,,,,,false,true,false,,,,,,,,,,,,,,,,,,,,,1,grain_reserve,data/raw/guangxi_reserve_companies_2024.html,rec_ba6d3da00fcf961b,A,true,名单证明储备体系资格，但企业主体或管理机构名称不等同于具体物理粮库。 使用 lxml 从 HTML 正文容器按“行政区标题 + 序号 + 单位名称”结构抽取;原正文段落序号 151。
cand_866e7d9337ea9fa0,广西桂海通餐饮服务有限公司,广西桂海通餐饮服务有限公司,广西桂海通餐饮服务有限公司,广西壮族自治区,南宁市,兴宁区,南宁市兴宁区昆岭路5号内四号仓库1号库房,贵港市,primary,91450107310281223J,organization,,,,government_procurement_supplier,大米类,政府采购入围/中标供应商,true,false,false,false,false,false,false,false,false,false,true,false,false,false,false,,,,,,false,false,true,,,,,,,,,,,,,,,,,,,,,1,government_procurement,data/raw/guigang_food_suppliers_310.pdf,rec_1e1a3ed716a957f1,B,true,"采购供应商身份不等同于实体仓储节点。 采购资料中的地址按企业登记/联系地址处理，不自动等同于仓库或配送节点地址。 按 PDF 表格行批量抽取;地址视为供应商登记/联系地址,不自动认定为仓储节点。 采购供应商地址不自动视为仓库地址；仅在原文出现仓库、粮库、配送中心、冷库、厂房等明确词时标记相应能力。"
cand_8685dddd2b68e3f1,新疆兵团农二师二十一团制干红辣椒批发市场,新疆兵团农二师二十一团制干红辣椒批发市场,新疆兵团农二师二十一团制干红辣椒批发市场,新疆维吾尔自治区,,,,,external,,market,,,,agricultural_wholesale_market,农业农村部定点农产品批发市场,农业农村部定点市场,false,false,false,true,false,false,false,false,false,false,false,false,true,false,false,,,,,,false,false,false,,,,,,,,,,,,,,,,,,,,,1,wholesale_market,data/raw/moa_designated_wholesale_markets_2024.pdf,rec_7e0f150526919393,A,true,按 PDF 两列表格抽取;原文件未提供详细地址和坐标。
cand_869a64e853957204,广西华臣春粟贸易有限公司,广西华臣春粟贸易有限公司,广西华臣春粟贸易有限公司,广西壮族自治区,贵港市,港北区,贵港市港北区贵城镇东森士林园第16幢1号,贵港市,reserve,91450802MA5PB2FK3C,organization,,,,government_procurement_supplier,调味品类,政府采购入围/中标供应商,false,false,true,false,false,false,false,false,false,false,false,false,false,false,false,,,,,,false,false,true,,,,,,,,,,,,,,,,,,,,,1,government_procurement,data/raw/guigang_food_suppliers_310.pdf,rec_267b890049156e2a,C,true,"采购供应商身份不等同于实体仓储节点。 采购资料中的地址按企业登记/联系地址处理，不自动等同于仓库或配送节点地址。 按 PDF 表格行批量抽取;地址视为供应商登记/联系地址,不自动认定为仓储节点。 采购供应商地址不自动视为仓库地址；仅在原文出现仓库、粮库、配送中心、冷库、厂房等明确词时标记相应能力。"
cand_86a460eedfa09804,山西忻州市忻府区华瑞农副产品转运中心,山西忻州市忻府区华瑞农副产品转运中心,山西忻州市忻府区华瑞农副产品转运中心,山西省,,,,,external,,market,,,,agricultural_wholesale_market,农业农村部定点农产品批发市场,农业农村部定点市场,false,false,false,true,false,false,false,false,false,false,false,false,true,false,false,,,,,,false,false,false,,,,,,,,,,,,,,,,,,,,,1,wholesale_market,data/raw/moa_designated_wholesale_markets_2024.pdf,rec_c876091401fb8f27,A,true,按 PDF 两列表格抽取;原文件未提供详细地址和坐标。
cand_86e3738ed76ab437,山东济南市章丘区刁镇蔬菜批发市场,山东济南市章丘区刁镇蔬菜批发市场,山东济南市章丘区刁镇蔬菜批发市场,山东省,,,,,external,,market,,,,agricultural_wholesale_market,农业农村部定点农产品批发市场,农业农村部定点市场,false,false,false,true,false,true,false,false,false,false,false,false,true,false,false,,,,,,false,false,false,,,,,,,,,,,,,,,,,,,,,1,wholesale_market,data/raw/moa_designated_wholesale_markets_2024.pdf,rec_88fe785a5a779018,A,true,按 PDF 两列表格抽取;原文件未提供详细地址和坐标。
cand_86fa15a9ea9fadf7,陆川县粮食购储公司,陆川县粮食购储公司,陆川县粮食购储公司,广西壮族自治区,玉林市,,,,reserve,,organization,,,,grain_reserve,储备商品管理公司及其直属库,广西储备商品管理公司及其直属库名单(桂财税〔2024〕8号),true,false,false,false,false,false,false,false,false,false,false,false,false,false,false,,,,,,false,true,false,,,,,,,,,,,,,,,,,,,,,1,grain_reserve,data/raw/guangxi_reserve_companies_2024.html,rec_583021ba8e1790a9,A,true,名单证明储备体系资格，但企业主体或管理机构名称不等同于具体物理粮库。 使用 lxml 从 HTML 正文容器按“行政区标题 + 序号 + 单位名称”结构抽取;原正文段落序号 329。
cand_87459feb82081702,北海康信食品配送服务有限公司,北海康信食品配送服务有限公司,北海康信食品配送服务有限公司,广西壮族自治区,北海市,银海区,广西壮族自治区北海市银海区江苏路与贵阳路交汇处东南角贵南综合商业城A28号铺面,北海市,reserve,91450500MAA7K0G617,organization,,,,government_procurement_supplier,米面油干货类;肉及水产类,政府采购入围/中标供应商,true,true,true,true,true,false,false,true,false,false,false,false,true,false,false,,,,,,false,false,true,,,,,,,,,,,,,,,,,,,,,2,government_procurement,data/raw/beihai_food_suppliers.pdf,rec_192b0b3d91e99dcc;rec_60a89db2023ef66f,C,true,"采购供应商身份不等同于实体仓储节点。 采购资料中的地址按企业登记/联系地址处理，不自动等同于仓库或配送节点地址。 按 PDF 表格行批量抽取;地址视为供应商登记/联系地址,不自动认定为仓储节点。 采购供应商地址不自动视为仓库地址；仅在原文出现仓库、粮库、配送中心、冷库、厂房等明确词时标记相应能力。"
cand_874f625e75b4b61f,防城港市防城区军粮供应站,防城港市防城区军粮供应站,防城港市防城区军粮供应站,广西壮族自治区,防城港市,,,,reserve,,unknown,,,,military_grain_supply,储备商品管理公司及其直属库,广西储备商品管理公司及其直属库名单(桂财税〔2024〕8号),true,false,false,false,false,false,false,false,false,false,false,false,false,false,false,,,,,,false,true,false,,,,,,,,,,,,,,,,,,,,,1,grain_reserve,data/raw/guangxi_reserve_companies_2024.html,rec_11731ea9ce55f389,A,true,使用 lxml 从 HTML 正文容器按“行政区标题 + 序号 + 单位名称”结构抽取;原正文段落序号 212。
cand_875049f13af44edc,广西港厨食品有限公司,广西港厨食品有限公司,广西港厨食品有限公司,广西壮族自治区,贵港市,港北区,贵港市港北区中山路北环新村良生农贸市场B栋一楼内侧BD05\BD06铺,贵港市,reserve,91450802MAA7MET044,organization,,,,government_procurement_supplier,生鲜时蔬、水果类;调味品类;奶制品及饮品,政府采购入围/中标供应商,false,false,true,true,false,true,true,false,true,false,false,false,false,false,false,,,,,,false,false,true,,,,,,,,,,,,,,,,,,,,,3,government_procurement,data/raw/guigang_food_suppliers_310.pdf,rec_e093152771d69370;rec_f456bb6c186ede35;rec_01652a87bfe0c780,C,true,"采购供应商身份不等同于实体仓储节点。 采购资料中的地址按企业登记/联系地址处理，不自动等同于仓库或配送节点地址。 按 PDF 表格行批量抽取;地址视为供应商登记/联系地址,不自动认定为仓储节点。 采购供应商地址不自动视为仓库地址；仅在原文出现仓库、粮库、配送中心、冷库、厂房等明确词时标记相应能力。"
cand_87a8ce7e33622fe6,广西藤县濛江粮所,广西藤县濛江粮所,广西藤县濛江粮所,广西壮族自治区,梧州市,,,,reserve,,unknown,,,,grain_reserve,储备商品管理公司及其直属库,广西储备商品管理公司及其直属库名单(桂财税〔2024〕8号),true,false,false,false,false,false,false,false,false,false,false,false,false,false,false,,,,,,false,true,false,,,,,,,,,,,,,,,,,,,,,1,grain_reserve,data/raw/guangxi_reserve_companies_2024.html,rec_21db930bd9a45faa,A,true,名单证明储备体系资格，但企业主体或管理机构名称不等同于具体物理粮库。 使用 lxml 从 HTML 正文容器按“行政区标题 + 序号 + 单位名称”结构抽取;原正文段落序号 154。
cand_87ba8d421a00f333,广东东莞市果菜副食交易市场有限公司,广东东莞市果菜副食交易市场有限公司,广东东莞市果菜副食交易市场有限公司,广东省,,,,,external,,market,,,,agricultural_wholesale_market,农业农村部定点农产品批发市场,农业农村部定点市场,false,false,false,true,false,true,true,false,false,false,false,false,true,false,false,,,,,,false,false,false,,,,,,,,,,,,,,,,,,,,,1,wholesale_market,data/raw/moa_designated_wholesale_markets_2024.pdf,rec_65d86fd4c620e497,A,true,按 PDF 两列表格抽取;原文件未提供详细地址和坐标。
cand_87e42826ff7fc1f0,广东东莞市大京九农副产品中心批发市场,广东东莞市大京九农副产品中心批发市场,广东东莞市大京九农副产品中心批发市场,广东省,,,,,external,,market,,,,agricultural_wholesale_market,农业农村部定点农产品批发市场,农业农村部定点市场,false,false,false,true,false,false,false,false,false,false,false,false,true,false,false,,,,,,false,false,false,,,,,,,,,,,,,,,,,,,,,1,wholesale_market,data/raw/moa_designated_wholesale_markets_2024.pdf,rec_e7ae7524846ed6c9,A,true,按 PDF 两列表格抽取;原文件未提供详细地址和坐标。
cand_8816d3c8eebd56f6,广西晟丰食品有限公司,广西晟丰食品有限公司,广西晟丰食品有限公司,广西壮族自治区,贵港市,港北区,贵港市港北区西江产业园区西区六路与西七路交汇处西北角(广西源龙新能源车辆有限公司内),贵港市,reserve,91450802MADMGMJU45,organization,,,,government_procurement_supplier,鲜湿米粉、面食、糕点等早餐类、豆制品类;冷冻品类;蛋品类;大米类;食用油类;副食品;调味品类;奶制品及饮品,政府采购入围/中标供应商,true,true,true,true,false,false,false,false,true,false,false,false,false,false,false,,,,,,false,false,true,,,,,,,,,,,,,,,,,,,,,8,government_procurement,data/raw/guigang_food_suppliers_310.pdf,rec_d63bdd961dd35e22;rec_8f182f36de71c4a6;rec_0d4f671c53171b1e;rec_4aca21d42cdb2f43;rec_1b30ced9dfef5b24;rec_eed455ec6fb12ed6;rec_4a07a7c6c047a0f0;rec_484e9181a6c47073,C,true,"采购供应商身份不等同于实体仓储节点。 采购资料中的地址按企业登记/联系地址处理，不自动等同于仓库或配送节点地址。 按 PDF 表格行批量抽取;地址视为供应商登记/联系地址,不自动认定为仓储节点。 采购供应商地址不自动视为仓库地址；仅在原文出现仓库、粮库、配送中心、冷库、厂房等明确词时标记相应能力。"
cand_8828fa5e1f0d2aa9,南丹县粮油购销公司,南丹县粮油购销公司,南丹县粮油购销公司,广西壮族自治区,河池市,南丹县,,,reserve,,organization,,,,grain_reserve,储备商品管理公司及其直属库,广西储备商品管理公司及其直属库名单(桂财税〔2024〕8号),true,true,false,false,false,false,false,false,false,false,false,false,false,false,false,,,,,,false,true,false,,,,,,,,,,,,,,,,,,,,,1,grain_reserve,data/raw/guangxi_reserve_companies_2024.html,rec_61cc7d03f8aac370,A,true,名单证明储备体系资格，但企业主体或管理机构名称不等同于具体物理粮库。 使用 lxml 从 HTML 正文容器按“行政区标题 + 序号 + 单位名称”结构抽取;原正文段落序号 277。
cand_88521c778943eaa6,新疆兵团新疆昆仑农产品有限公司(新疆兵团第三师图木舒克市昆仑农产品市场),新疆兵团新疆昆仑农产品有限公司(新疆兵团第三师图木舒克市昆仑农产品市场),新疆兵团新疆昆仑农产品有限公司(新疆兵团第三师图木舒克市昆仑农产品市场),新疆维吾尔自治区,,,,,external,,market,,,,agricultural_wholesale_market,农业农村部定点农产品批发市场,农业农村部定点市场,false,false,false,true,false,false,false,false,false,false,false,false,true,false,false,,,,,,false,false,false,,,,,,,,,,,,,,,,,,,,,1,wholesale_market,data/raw/moa_designated_wholesale_markets_2024.pdf,rec_49a48daace03ab5e,A,true,按 PDF 两列表格抽取;原文件未提供详细地址和坐标。
cand_88f87be3136e6cd7,南宁市储备粮管理有限责任公司五象粮库,南宁市储备粮管理有限责任公司五象粮库,南宁市储备粮管理有限责任公司五象粮库,广西壮族自治区,南宁市,良庆区,南宁市良庆区沙河路8号,,primary,,physical_site,南宁市储备粮管理有限责任公司,cand_91ebae3cd24b144c,grain_storage_site,grain_depot,储备商品管理公司及其直属库,广西储备商品管理公司及其直属库名单(桂财税〔2024〕8号),true,false,false,false,false,false,false,false,false,false,true,false,false,false,false,,,,,,false,true,false,,,,108.388866,22.686831,GCJ02,success,high,true,manual_verified_public_evidence,addr_ev_c1a61f508b40aa12,A,door_number,high,https://www.cqn.com.cn/pp/content/2022-09/07/content_8859152.htm,南宁市市场监督管理局飞行检查信息明确给出五象粮库生产地址为沙河路8号。,true,true,,manual_address_evidence,1,grain_reserve;manual_address_evidence;manual_address_evidence;manual_address_evidence;manual_address_evidence,data/raw/guangxi_reserve_companies_2024.html;data/manual/nanning_grain_physical_sites_address_evidence.csv;data/manual/nanning_grain_physical_sites_address_evidence.csv;data/manual/nanning_grain_physical_sites_address_evidence.csv;data/manual/nanning_grain_physical_sites_address_evidence.csv,rec_214eafe41396980c,A,true,使用 lxml 从 HTML 正文容器按“行政区标题 + 序号 + 单位名称”结构抽取;原正文段落序号 38。
cand_893e6f1f3b963811,广西南宁粮满餐餐饮服务有限公司,广西南宁粮满餐餐饮服务有限公司,广西南宁粮满餐餐饮服务有限公司,广西壮族自治区,南宁市,,,百色市/平果市,primary,,organization,,,,government_procurement_supplier,鲜肉类;生鲜时蔬、水果类,政府采购入围/中标供应商,false,false,true,true,true,true,true,false,false,false,false,false,false,false,false,,,,,,false,false,true,,,,,,,,,,,,,,,,,,,,,2,government_procurement,data/raw/pingguo_meat_suppliers.pdf;data/raw/pingguo_vegetable_fruit_suppliers.pdf,rec_0bb31fa455abcb53;rec_11b0d83ce97e4647,C,true,"采购供应商身份不等同于实体仓储节点。 采购资料未提供企业地址；服务项目区域与企业所在地严格分开。 PDF 表格未提供地址和统一社会信用代码;服务项目所在地为平果市,不能据此推断企业所在地。 采购供应商地址不自动视为仓库地址；仅在原文出现仓库、粮库、配送中心、冷库、厂房等明确词时标记相应能力。"
cand_898be9219a371f5f,河南金牛大别山农产品现代物流中心,河南金牛大别山农产品现代物流中心,河南金牛大别山农产品现代物流中心,河南省,,,,,external,,market,,,,agricultural_wholesale_market,农业农村部定点农产品批发市场,农业农村部定点市场,false,false,false,true,false,false,false,false,false,false,false,false,true,false,false,,,,,,false,false,false,,,,,,,,,,,,,,,,,,,,,1,wholesale_market,data/raw/moa_designated_wholesale_markets_2024.pdf,rec_cdea89ef72fb4d6c,A,true,按 PDF 两列表格抽取;原文件未提供详细地址和坐标。
cand_89a0a803a26cb876,融水苗族自治县储备粮管理公司,融水苗族自治县储备粮管理公司,融水苗族自治县储备粮管理公司,广西壮族自治区,柳州市,融水苗族自治县,,,secondary,,organization,,,,grain_reserve,储备商品管理公司及其直属库,广西储备商品管理公司及其直属库名单(桂财税〔2024〕8号),true,false,false,false,false,false,false,false,false,false,false,false,false,false,false,,,,,,false,true,false,,,,,,,,,,,,,,,,,,,,,1,grain_reserve,data/raw/guangxi_reserve_companies_2024.html,rec_e204d20b305101c0,A,true,名单证明储备体系资格，但企业主体或管理机构名称不等同于具体物理粮库。 使用 lxml 从 HTML 正文容器按“行政区标题 + 序号 + 单位名称”结构抽取;原正文段落序号 85。
cand_89ccebb4057d6bb3,内蒙古科左后旗科尔沁黄牛市场有限公司,内蒙古科左后旗科尔沁黄牛市场有限公司,内蒙古科左后旗科尔沁黄牛市场有限公司,内蒙古自治区,,,,,external,,market,,,,agricultural_wholesale_market,农业农村部定点农产品批发市场,农业农村部定点市场,false,false,false,true,false,false,false,false,false,false,false,false,true,false,false,,,,,,false,false,false,,,,,,,,,,,,,,,,,,,,,1,wholesale_market,data/raw/moa_designated_wholesale_markets_2024.pdf,rec_2e15836b55ffb9db,A,true,按 PDF 两列表格抽取;原文件未提供详细地址和坐标。
cand_8a46ce9813138db6,贵州黔匀和农产品物流园,贵州黔匀和农产品物流园,贵州黔匀和农产品物流园,贵州省,,,,,external,,market,,,,agricultural_wholesale_market,农业农村部定点农产品批发市场,农业农村部定点市场,false,false,false,true,false,false,false,false,false,false,false,false,true,false,false,,,,,,false,false,false,,,,,,,,,,,,,,,,,,,,,1,wholesale_market,data/raw/moa_designated_wholesale_markets_2024.pdf,rec_b70dc9d869865c65,A,true,按 PDF 两列表格抽取;原文件未提供详细地址和坐标。
cand_8a8773a411f80e50,田阳县那坡粮所,田阳县那坡粮所,田阳县那坡粮所,广西壮族自治区,百色市,,,,reserve,,unknown,,,,grain_reserve,储备商品管理公司及其直属库,广西储备商品管理公司及其直属库名单(桂财税〔2024〕8号),true,false,false,false,false,false,false,false,false,false,false,false,false,false,false,,,,,,false,true,false,,,,,,,,,,,,,,,,,,,,,1,grain_reserve,data/raw/guangxi_reserve_companies_2024.html,rec_f2c8f2e2d38582e1,A,true,名单证明储备体系资格，但企业主体或管理机构名称不等同于具体物理粮库。 使用 lxml 从 HTML 正文容器按“行政区标题 + 序号 + 单位名称”结构抽取;原正文段落序号 239。
cand_8acfc058efdb2acf,马山县储备粮管理公司,马山县储备粮管理公司,马山县储备粮管理公司,广西壮族自治区,南宁市,马山县,,,primary,,organization,,,,grain_reserve,储备商品管理公司及其直属库,广西储备商品管理公司及其直属库名单(桂财税〔2024〕8号),true,false,false,false,false,false,false,false,false,false,false,false,false,false,false,,,,,,false,true,false,,,,,,,,,,,,,,,,,,,,,1,grain_reserve,data/raw/guangxi_reserve_companies_2024.html,rec_8f87253fdf4df0c2,A,true,名单证明储备体系资格，但企业主体或管理机构名称不等同于具体物理粮库。 使用 lxml 从 HTML 正文容器按“行政区标题 + 序号 + 单位名称”结构抽取;原正文段落序号 58。
cand_8adfe02874c91e97,鹿寨县军粮供应站,鹿寨县军粮供应站,鹿寨县军粮供应站,广西壮族自治区,柳州市,鹿寨县,,,secondary,,unknown,,,,military_grain_supply,储备商品管理公司及其直属库,广西储备商品管理公司及其直属库名单(桂财税〔2024〕8号),true,false,false,false,false,false,false,false,false,false,false,false,false,false,false,,,,,,false,true,false,,,,,,,,,,,,,,,,,,,,,1,grain_reserve,data/raw/guangxi_reserve_companies_2024.html,rec_1ed80dc2110eb68f,A,true,使用 lxml 从 HTML 正文容器按“行政区标题 + 序号 + 单位名称”结构抽取;原正文段落序号 88。
cand_8aefe7eac381b08d,黑龙江鸡西市绿信蔬菜副食品有限公司(黑龙江鸡西市绿信蔬菜副食品批发市场),黑龙江鸡西市绿信蔬菜副食品有限公司(黑龙江鸡西市绿信蔬菜副食品批发市场),黑龙江鸡西市绿信蔬菜副食品有限公司(黑龙江鸡西市绿信蔬菜副食品批发市场),黑龙江省,,,,,external,,market,,,,agricultural_wholesale_market,农业农村部定点农产品批发市场,农业农村部定点市场,false,false,true,true,false,true,false,false,false,false,false,false,true,false,false,,,,,,false,false,false,,,,,,,,,,,,,,,,,,,,,1,wholesale_market,data/raw/moa_designated_wholesale_markets_2024.pdf,rec_eff0dedf2d76a4cb,A,true,按 PDF 两列表格抽取;原文件未提供详细地址和坐标。
cand_8b1f20df20532fa6,广西佳茂蔬菜配送有限公司,广西佳茂蔬菜配送有限公司,广西佳茂蔬菜配送有限公司,广西壮族自治区,北海市,银海区,广西壮族自治区北海市银海区平阳镇海达加油站北边第二排第二间,北海市,reserve,91450503MAA7UYNB4R,organization,,,,government_procurement_supplier,肉及水产类;果蔬类,政府采购入围/中标供应商,false,false,false,true,true,true,true,true,false,false,false,false,true,false,false,,,,,,false,false,true,,,,,,,,,,,,,,,,,,,,,2,government_procurement,data/raw/beihai_food_suppliers.pdf,rec_bb60babb2b6bf92b;rec_e576fddfe8d1bb0f,C,true,"采购供应商身份不等同于实体仓储节点。 采购资料中的地址按企业登记/联系地址处理，不自动等同于仓库或配送节点地址。 按 PDF 表格行批量抽取;地址视为供应商登记/联系地址,不自动认定为仓储节点。 采购供应商地址不自动视为仓库地址；仅在原文出现仓库、粮库、配送中心、冷库、厂房等明确词时标记相应能力。"
cand_8b456ac5c429a670,广西百色大同国家粮食储备库,广西百色大同国家粮食储备库,广西百色大同国家粮食储备库,广西壮族自治区,百色市,,,,reserve,,physical_site,,,,grain_depot,储备商品管理公司及其直属库,广西储备商品管理公司及其直属库名单(桂财税〔2024〕8号),true,false,false,false,false,false,false,false,false,false,true,false,false,false,false,,,,,,false,true,false,,,,,,,,,,,,,,,,,,,,,1,grain_reserve,data/raw/guangxi_reserve_companies_2024.html,rec_037d90532a5acff8,A,true,使用 lxml 从 HTML 正文容器按“行政区标题 + 序号 + 单位名称”结构抽取;原正文段落序号 223。
cand_8b4f0eb2ad42ec9f,资源县储备粮管理中心,资源县储备粮管理中心,资源县储备粮管理中心,广西壮族自治区,桂林市,资源县,,,reserve,,organization,,,,grain_reserve,储备商品管理公司及其直属库,广西储备商品管理公司及其直属库名单(桂财税〔2024〕8号),true,false,false,false,false,false,false,false,false,false,false,false,false,false,false,,,,,,false,true,false,,,,,,,,,,,,,,,,,,,,,1,grain_reserve,data/raw/guangxi_reserve_companies_2024.html,rec_08434442a8c86922,A,true,名单证明储备体系资格，但企业主体或管理机构名称不等同于具体物理粮库。 使用 lxml 从 HTML 正文容器按“行政区标题 + 序号 + 单位名称”结构抽取;原正文段落序号 110。
cand_8bc1e15a9f9d7962,江西九江市琵琶湖农产品物流有限公司,江西九江市琵琶湖农产品物流有限公司,江西九江市琵琶湖农产品物流有限公司,江西省,,,,,external,,market,,,,agricultural_wholesale_market,农业农村部定点农产品批发市场,农业农村部定点市场,false,false,false,true,false,false,false,false,false,false,false,false,true,false,false,,,,,,false,false,false,,,,,,,,,,,,,,,,,,,,,1,wholesale_market,data/raw/moa_designated_wholesale_markets_2024.pdf,rec_2c90a29864d3e18e,A,true,按 PDF 两列表格抽取;原文件未提供详细地址和坐标。
cand_8bdc2268f5358f4b,北京顺鑫石门国际农产品批发市场集团有限公司,北京顺鑫石门国际农产品批发市场集团有限公司,北京顺鑫石门国际农产品批发市场集团有限公司,北京市,北京市,,,,external,,market,,,,agricultural_wholesale_market,农业农村部定点农产品批发市场,农业农村部定点市场,false,false,false,true,false,false,false,false,false,false,false,false,true,false,false,,,,,,false,false,false,,,,,,,,,,,,,,,,,,,,,1,wholesale_market,data/raw/moa_designated_wholesale_markets_2024.pdf,rec_d1f764aa1895e6c1,A,true,按 PDF 两列表格抽取;原文件未提供详细地址和坐标。
cand_8c78b23a2fb9be16,北京京丰岳各庄农副产品批发市场中心,北京京丰岳各庄农副产品批发市场中心,北京京丰岳各庄农副产品批发市场中心,北京市,北京市,,,,external,,market,,,,agricultural_wholesale_market,农业农村部定点农产品批发市场,农业农村部定点市场,false,false,false,true,false,false,false,false,false,false,false,false,true,false,false,,,,,,false,false,false,,,,,,,,,,,,,,,,,,,,,1,wholesale_market,data/raw/moa_designated_wholesale_markets_2024.pdf,rec_d536118356571e1c,A,true,按 PDF 两列表格抽取;原文件未提供详细地址和坐标。
cand_8c803cfd1ba3a927,贵港市覃塘区储备粮管理有限责任公司,贵港市覃塘区储备粮管理有限责任公司,贵港市覃塘区储备粮管理有限责任公司,广西壮族自治区,贵港市,覃塘区,,,reserve,,organization,,,,grain_reserve,储备商品管理公司及其直属库,广西储备商品管理公司及其直属库名单(桂财税〔2024〕8号),true,false,false,false,false,false,false,false,false,false,false,false,false,false,false,,,,,,false,true,false,,,,,,,,,,,,,,,,,,,,,1,grain_reserve,data/raw/guangxi_reserve_companies_2024.html,rec_78563c591b707b6a,A,true,名单证明储备体系资格，但企业主体或管理机构名称不等同于具体物理粮库。 使用 lxml 从 HTML 正文容器按“行政区标题 + 序号 + 单位名称”结构抽取;原正文段落序号 355。
cand_8cb8c2cca159d2cb,北流市兴民粮食直属库有限公司,北流市兴民粮食直属库有限公司,北流市兴民粮食直属库有限公司,广西壮族自治区,玉林市,,,,reserve,,physical_site,,,,grain_depot,储备商品管理公司及其直属库,广西储备商品管理公司及其直属库名单(桂财税〔2024〕8号),true,false,false,false,false,false,false,false,false,false,true,false,false,false,false,,,,,,false,true,false,,,,,,,,,,,,,,,,,,,,,1,grain_reserve,data/raw/guangxi_reserve_companies_2024.html,rec_f483cf2a74fd3bf2,A,true,使用 lxml 从 HTML 正文容器按“行政区标题 + 序号 + 单位名称”结构抽取;原正文段落序号 336。
cand_8cc1df99536db614,五常市乔府大院农业股份有限公司,五常市乔府大院农业股份有限公司,五常市乔府大院农业股份有限公司,,,,,全国,external,,organization,,,,other,国家级粮食应急保障企业,国家级粮食应急保障企业,true,false,false,false,false,false,false,false,false,false,false,false,false,false,false,,,,,,true,false,false,,,,,,,,,,,,,,,,,,,,,2,grain_emergency,data/raw/national_emergency_grain_enterprises_2025_reassessment.wps;data/raw/national_emergency_grain_enterprises_batch2.pdf,rec_1778834c5215b4ef;rec_968db33a413b8bb2,B,true,"官方名单未给出储运、加工、配送等具体子类，保守归为 other。 当前原始记录未提供可安全解析的省级所在地。 保留国家级粮食应急保障企业身份，不凭名称猜测具体功能分类。 原文件扩展名为 .wps,文件签名为 WPS/OLE 复合文档;只读转换为临时标准 DOCX 后抽取。来源年份由文件名推断。 按 PDF 文本层中的编号名单逐条抽取;原文件未提供地址和具体功能子类。"
cand_8d443691be271c91,甘肃天水瀛池果菜批发市场,甘肃天水瀛池果菜批发市场,甘肃天水瀛池果菜批发市场,甘肃省,,,,,external,,market,,,,agricultural_wholesale_market,农业农村部定点农产品批发市场,农业农村部定点市场,false,false,false,true,false,true,true,false,false,false,false,false,true,false,false,,,,,,false,false,false,,,,,,,,,,,,,,,,,,,,,1,wholesale_market,data/raw/moa_designated_wholesale_markets_2024.pdf,rec_b91fcda02e23f83c,A,true,按 PDF 两列表格抽取;原文件未提供详细地址和坐标。
cand_8d5e1cfced411f3f,玉林市玉州区粮油贸易总公司,玉林市玉州区粮油贸易总公司,玉林市玉州区粮油贸易总公司,广西壮族自治区,玉林市,,,,reserve,,organization,,,,other,储备商品管理公司及其直属库,广西储备商品管理公司及其直属库名单(桂财税〔2024〕8号),true,true,false,false,false,false,false,false,false,false,false,false,false,false,false,,,,,,false,true,false,,,,,,,,,,,,,,,,,,,,,1,grain_reserve,data/raw/guangxi_reserve_companies_2024.html,rec_19770f6c69d73091,A,true,属于储备商品管理公司及其直属库名单，但名称不足以安全判断为具体粮库或储备管理机构。 使用 lxml 从 HTML 正文容器按“行政区标题 + 序号 + 单位名称”结构抽取;原正文段落序号 309。
cand_8db24acc4b1ff1c4,广西壮族自治区南宁粮食储备库有限公司,广西壮族自治区南宁粮食储备库有限公司,广西壮族自治区南宁粮食储备库有限公司,广西壮族自治区,南宁市,江南区,南宁市江南区壮锦大道10号,,primary,,physical_site,,,unknown,grain_depot,储备商品管理公司及其直属库,广西储备商品管理公司及其直属库名单(桂财税〔2024〕8号),true,false,false,false,false,false,false,false,false,false,true,false,false,false,false,,,,,,false,true,false,,,,108.271820,22.796083,GCJ02,success,high,true,manual_verified_public_evidence,addr_ev_900fe9dea120fa0b,A,door_number,high,https://ggzy.jgswj.gxzf.gov.cn/jyxx/001001/001001001/001001001001/20251010/82365d96-5fda-452c-a986-3d733f79eb07.html,广西公共资源交易平台2025年粮库仓房升级改造项目明确建设地点为壮锦大道10号，并涉及10间仓房。,true,true,,manual_address_evidence,1,grain_reserve;manual_address_evidence;manual_address_evidence;manual_address_evidence;manual_address_evidence,data/raw/guangxi_reserve_companies_2024.html;data/manual/nanning_grain_physical_sites_address_evidence.csv;data/manual/nanning_grain_physical_sites_address_evidence.csv;data/manual/nanning_grain_physical_sites_address_evidence.csv;data/manual/nanning_grain_physical_sites_address_evidence.csv,rec_b9c1afcc7327c499,A,true,使用 lxml 从 HTML 正文容器按“行政区标题 + 序号 + 单位名称”结构抽取;原正文段落序号 20。
cand_8dd0068b272e64bb,天津宁河区贸易开发区综合批发市场,天津宁河区贸易开发区综合批发市场,天津宁河区贸易开发区综合批发市场,天津市,天津市,,,,external,,market,,,,agricultural_wholesale_market,农业农村部定点农产品批发市场,农业农村部定点市场,false,false,false,true,false,false,false,false,false,false,false,false,true,false,false,,,,,,false,false,false,,,,,,,,,,,,,,,,,,,,,1,wholesale_market,data/raw/moa_designated_wholesale_markets_2024.pdf,rec_3e3c328f55df1892,A,true,按 PDF 两列表格抽取;原文件未提供详细地址和坐标。
cand_8e8472d55b3bf57c,百色市田阳区粮食储备中心(百色市田阳区粮食质量检验站),百色市田阳区粮食储备中心(百色市田阳区粮食质量检验站),百色市田阳区粮食储备中心(百色市田阳区粮食质量检验站),广西壮族自治区,百色市,田阳区,,,reserve,,unknown,,,,grain_reserve,储备商品管理公司及其直属库,广西储备商品管理公司及其直属库名单(桂财税〔2024〕8号),true,false,false,false,false,false,false,false,false,false,false,false,false,false,false,,,,,,false,true,false,,,,,,,,,,,,,,,,,,,,,1,grain_reserve,data/raw/guangxi_reserve_companies_2024.html,rec_de7272ffdc05e9ff,A,true,名单证明储备体系资格，但企业主体或管理机构名称不等同于具体物理粮库。 使用 lxml 从 HTML 正文容器按“行政区标题 + 序号 + 单位名称”结构抽取;原正文段落序号 228。
cand_8ec72e55e2e1e0d7,广东梅州海吉新城农副产品商贸物流园,广东梅州海吉新城农副产品商贸物流园,广东梅州海吉新城农副产品商贸物流园,广东省,,,,,external,,market,,,,agricultural_wholesale_market,农业农村部定点农产品批发市场,农业农村部定点市场,false,false,false,true,false,false,false,false,false,false,false,false,true,false,false,,,,,,false,false,false,,,,,,,,,,,,,,,,,,,,,1,wholesale_market,data/raw/moa_designated_wholesale_markets_2024.pdf,rec_9779bf2e5113f5b4,A,true,按 PDF 两列表格抽取;原文件未提供详细地址和坐标。
cand_8ef2eac1bd35b8c1,山东海月龙宫商业管理有限公司(山东淄博海盛水产品市场),山东海月龙宫商业管理有限公司(山东淄博海盛水产品市场),山东海月龙宫商业管理有限公司(山东淄博海盛水产品市场),山东省,,,,,external,,market,,,,agricultural_wholesale_market,农业农村部定点农产品批发市场,农业农村部定点市场,false,false,false,true,false,false,false,true,false,false,false,false,true,false,false,,,,,,false,false,false,,,,,,,,,,,,,,,,,,,,,1,wholesale_market,data/raw/moa_designated_wholesale_markets_2024.pdf,rec_492fc5ebf362a35a,A,true,按 PDF 两列表格抽取;原文件未提供详细地址和坐标。
cand_8f48238345939eb9,喀什天山面粉有限公司,喀什天山面粉有限公司,喀什天山面粉有限公司,,,,,全国,external,,organization,,,,emergency_processing,国家级粮食应急保障企业,国家级粮食应急保障企业,true,false,false,false,false,false,false,false,false,false,false,true,false,false,false,,,,,,true,false,false,,,,,,,,,,,,,,,,,,,,,2,grain_emergency,data/raw/national_emergency_grain_enterprises_2025_reassessment.wps;data/raw/national_emergency_grain_enterprises_batch2.pdf,rec_229fee4d463abe7f;rec_1de8aea332eb52a7,B,true,"当前原始记录未提供可安全解析的省级所在地。 原文件扩展名为 .wps,文件签名为 WPS/OLE 复合文档;只读转换为临时标准 DOCX 后抽取。来源年份由文件名推断。 按 PDF 文本层中的编号名单逐条抽取;原文件未提供地址和具体功能子类。"
cand_8f561022d8000b46,湖北供销华西十堰农商城,湖北供销华西十堰农商城,湖北供销华西十堰农商城,湖北省,,,,,external,,market,,,,agricultural_wholesale_market,农业农村部定点农产品批发市场,农业农村部定点市场,false,false,false,true,false,false,false,false,false,false,false,false,true,false,false,,,,,,false,false,false,,,,,,,,,,,,,,,,,,,,,1,wholesale_market,data/raw/moa_designated_wholesale_markets_2024.pdf,rec_19414fedfff127af,A,true,按 PDF 两列表格抽取;原文件未提供详细地址和坐标。
cand_8f56b9f3b72d6bde,玉林市广生米业有限公司,玉林市广生米业有限公司,玉林市广生米业有限公司,广西壮族自治区,玉林市,,,,reserve,,organization,,,,other,储备商品管理公司及其直属库,广西储备商品管理公司及其直属库名单(桂财税〔2024〕8号),true,false,false,false,false,false,false,false,false,false,false,false,false,false,false,,,,,,false,true,false,,,,,,,,,,,,,,,,,,,,,1,grain_reserve,data/raw/guangxi_reserve_companies_2024.html,rec_a3cf79cbf3a2a191,A,true,属于储备商品管理公司及其直属库名单，但名称不足以安全判断为具体粮库或储备管理机构。 使用 lxml 从 HTML 正文容器按“行政区标题 + 序号 + 单位名称”结构抽取;原正文段落序号 300。
cand_8fcc220962480ad4,田林县储备粮管理中心,田林县储备粮管理中心,田林县储备粮管理中心,广西壮族自治区,百色市,田林县,,,reserve,,organization,,,,grain_reserve,储备商品管理公司及其直属库,广西储备商品管理公司及其直属库名单(桂财税〔2024〕8号),true,false,false,false,false,false,false,false,false,false,false,false,false,false,false,,,,,,false,true,false,,,,,,,,,,,,,,,,,,,,,1,grain_reserve,data/raw/guangxi_reserve_companies_2024.html,rec_69006fb006b570e7,A,true,名单证明储备体系资格，但企业主体或管理机构名称不等同于具体物理粮库。 使用 lxml 从 HTML 正文容器按“行政区标题 + 序号 + 单位名称”结构抽取;原正文段落序号 261。
cand_8fde2ba5e8456ee6,甘肃巨龙农产品综合批发市场,甘肃巨龙农产品综合批发市场,甘肃巨龙农产品综合批发市场,甘肃省,,,,,external,,market,,,,agricultural_wholesale_market,农业农村部定点农产品批发市场,农业农村部定点市场,false,false,false,true,false,false,false,false,false,false,false,false,true,false,false,,,,,,false,false,false,,,,,,,,,,,,,,,,,,,,,1,wholesale_market,data/raw/moa_designated_wholesale_markets_2024.pdf,rec_08ff936b7654ce54,A,true,按 PDF 两列表格抽取;原文件未提供详细地址和坐标。
cand_8fe91ce3e450f8b8,山东定陶区黄店镇万家蔬菜交易市场,山东定陶区黄店镇万家蔬菜交易市场,山东定陶区黄店镇万家蔬菜交易市场,山东省,,,,,external,,market,,,,agricultural_wholesale_market,农业农村部定点农产品批发市场,农业农村部定点市场,false,false,false,true,false,true,false,false,false,false,false,false,true,false,false,,,,,,false,false,false,,,,,,,,,,,,,,,,,,,,,1,wholesale_market,data/raw/moa_designated_wholesale_markets_2024.pdf,rec_a4be3d79664afda6,A,true,按 PDF 两列表格抽取;原文件未提供详细地址和坐标。
cand_9009263806132854,天津金钟农产品批发市场,天津金钟农产品批发市场,天津金钟农产品批发市场,天津市,天津市,,,,external,,market,,,,agricultural_wholesale_market,农业农村部定点农产品批发市场,农业农村部定点市场,false,false,false,true,false,false,false,false,false,false,false,false,true,false,false,,,,,,false,false,false,,,,,,,,,,,,,,,,,,,,,1,wholesale_market,data/raw/moa_designated_wholesale_markets_2024.pdf,rec_21b1815d6ce21aa2,A,true,按 PDF 两列表格抽取;原文件未提供详细地址和坐标。
cand_90afe3bb36beb8f5,广西藤县储备粮管理公司,广西藤县储备粮管理公司,广西藤县储备粮管理公司,广西壮族自治区,梧州市,,,,reserve,,organization,,,,grain_reserve,储备商品管理公司及其直属库,广西储备商品管理公司及其直属库名单(桂财税〔2024〕8号),true,false,false,false,false,false,false,false,false,false,false,false,false,false,false,,,,,,false,true,false,,,,,,,,,,,,,,,,,,,,,1,grain_reserve,data/raw/guangxi_reserve_companies_2024.html,rec_b9ce8f955a31aa23,A,true,名单证明储备体系资格，但企业主体或管理机构名称不等同于具体物理粮库。 使用 lxml 从 HTML 正文容器按“行政区标题 + 序号 + 单位名称”结构抽取;原正文段落序号 157。
cand_910e678617e68981,内蒙古美通首府无公害农产品物流中心,内蒙古美通首府无公害农产品物流中心,内蒙古美通首府无公害农产品物流中心,内蒙古自治区,,,,,external,,market,,,,agricultural_wholesale_market,农业农村部定点农产品批发市场,农业农村部定点市场,false,false,false,true,false,false,false,false,false,false,false,false,true,false,false,,,,,,false,false,false,,,,,,,,,,,,,,,,,,,,,1,wholesale_market,data/raw/moa_designated_wholesale_markets_2024.pdf,rec_94df9df9918073fc,A,true,按 PDF 两列表格抽取;原文件未提供详细地址和坐标。
cand_915a9b79d5cbb699,合浦县平田粮食储备库,合浦县平田粮食储备库,合浦县平田粮食储备库,广西壮族自治区,北海市,合浦县,,,reserve,,physical_site,,,,grain_depot,储备商品管理公司及其直属库,广西储备商品管理公司及其直属库名单(桂财税〔2024〕8号),true,false,false,false,false,false,false,false,false,false,true,false,false,false,false,,,,,,false,true,false,,,,,,,,,,,,,,,,,,,,,1,grain_reserve,data/raw/guangxi_reserve_companies_2024.html,rec_0e0694b9f9685d33,A,true,使用 lxml 从 HTML 正文容器按“行政区标题 + 序号 + 单位名称”结构抽取;原正文段落序号 173。
cand_915b0b9201d7c6c3,玉林市军粮供应站,玉林市军粮供应站,玉林市军粮供应站,广西壮族自治区,玉林市,,,,reserve,,unknown,,,,military_grain_supply,储备商品管理公司及其直属库,广西储备商品管理公司及其直属库名单(桂财税〔2024〕8号),true,false,false,false,false,false,false,false,false,false,false,false,false,false,false,,,,,,false,true,false,,,,,,,,,,,,,,,,,,,,,1,grain_reserve,data/raw/guangxi_reserve_companies_2024.html,rec_89690ea2c17afd34,A,true,使用 lxml 从 HTML 正文容器按“行政区标题 + 序号 + 单位名称”结构抽取;原正文段落序号 292。
cand_9172edd85d56ab43,吉林仙城物流园区农产品批发市场,吉林仙城物流园区农产品批发市场,吉林仙城物流园区农产品批发市场,吉林省,,,,,external,,market,,,,agricultural_wholesale_market,农业农村部定点农产品批发市场,农业农村部定点市场,false,false,false,true,false,false,false,false,false,false,false,false,true,false,false,,,,,,false,false,false,,,,,,,,,,,,,,,,,,,,,1,wholesale_market,data/raw/moa_designated_wholesale_markets_2024.pdf,rec_ae558a65a50cb3a3,A,true,按 PDF 两列表格抽取;原文件未提供详细地址和坐标。
cand_918079c60435444d,湖南醴陵市湘东农副产品大市场,湖南醴陵市湘东农副产品大市场,湖南醴陵市湘东农副产品大市场,湖南省,,,,,external,,market,,,,agricultural_wholesale_market,农业农村部定点农产品批发市场,农业农村部定点市场,false,false,false,true,false,false,false,false,false,false,false,false,true,false,false,,,,,,false,false,false,,,,,,,,,,,,,,,,,,,,,1,wholesale_market,data/raw/moa_designated_wholesale_markets_2024.pdf,rec_86dd0b3a684fe27e,A,true,按 PDF 两列表格抽取;原文件未提供详细地址和坐标。
cand_91b9f6e8015f45b6,安徽铜陵绿源农产品大市场,安徽铜陵绿源农产品大市场,安徽铜陵绿源农产品大市场,安徽省,,,,,external,,market,,,,agricultural_wholesale_market,农业农村部定点农产品批发市场,农业农村部定点市场,false,false,false,true,false,false,false,false,false,false,false,false,true,false,false,,,,,,false,false,false,,,,,,,,,,,,,,,,,,,,,1,wholesale_market,data/raw/moa_designated_wholesale_markets_2024.pdf,rec_db8bc914c6122b4e,A,true,按 PDF 两列表格抽取;原文件未提供详细地址和坐标。
cand_91d0f69a476732db,河南杞县大蒜国际交易市场,河南杞县大蒜国际交易市场,河南杞县大蒜国际交易市场,河南省,,,,,external,,market,,,,agricultural_wholesale_market,农业农村部定点农产品批发市场,农业农村部定点市场,false,false,false,true,false,false,false,false,false,false,false,false,true,false,false,,,,,,false,false,false,,,,,,,,,,,,,,,,,,,,,1,wholesale_market,data/raw/moa_designated_wholesale_markets_2024.pdf,rec_75d461249722d4ef,A,true,按 PDF 两列表格抽取;原文件未提供详细地址和坐标。
cand_91de29da4cbe7024,陕西宝鸡汇农常丰商贸有限公司(陕西宝鸡汇丰农副产品交易中心),陕西宝鸡汇农常丰商贸有限公司(陕西宝鸡汇丰农副产品交易中心),陕西宝鸡汇农常丰商贸有限公司(陕西宝鸡汇丰农副产品交易中心),陕西省,,,,,external,,market,,,,agricultural_wholesale_market,农业农村部定点农产品批发市场,农业农村部定点市场,false,false,false,true,false,false,false,false,false,false,false,false,true,false,false,,,,,,false,false,false,,,,,,,,,,,,,,,,,,,,,1,wholesale_market,data/raw/moa_designated_wholesale_markets_2024.pdf,rec_806665ec2bf36ef3,A,true,按 PDF 两列表格抽取;原文件未提供详细地址和坐标。
cand_91e48d5e21ade1ce,宏盛粮油集团股份有限公司,宏盛粮油集团股份有限公司,宏盛粮油集团股份有限公司(原:杭州宏盛粮油贸易有限公司);杭州宏盛粮油贸易有限公司,,,,,全国,external,,organization,,,,emergency_processing,国家级粮食应急保障企业,国家级粮食应急保障企业,true,true,false,false,false,false,false,false,false,false,false,false,false,false,false,,,,,,true,false,false,,,,,,,,,,,,,,,,,,,,,2,grain_emergency,data/raw/national_emergency_grain_enterprises_2025_reassessment.wps;data/raw/national_emergency_grain_enterprises_batch2.pdf,rec_e25eda6f6a847659;rec_2d3e1c063604998a,B,true,"当前原始记录未提供可安全解析的省级所在地。 原文件扩展名为 .wps,文件签名为 WPS/OLE 复合文档;只读转换为临时标准 DOCX 后抽取。来源年份由文件名推断。 按 PDF 文本层中的编号名单逐条抽取;原文件未提供地址和具体功能子类。"
cand_91ebae3cd24b144c,南宁市储备粮管理有限责任公司,南宁市储备粮管理有限责任公司,南宁市储备粮管理有限责任公司,广西壮族自治区,南宁市,,,,primary,,organization,,,,grain_reserve,储备商品管理公司及其直属库,广西储备商品管理公司及其直属库名单(桂财税〔2024〕8号),true,false,false,false,false,false,false,false,false,false,false,false,false,false,false,,,,,,false,true,false,,,,,,,,,,,,,,,,,,,,,1,grain_reserve,data/raw/guangxi_reserve_companies_2024.html,rec_0b4e9939bf0257a8,A,true,名单证明储备体系资格，但企业主体或管理机构名称不等同于具体物理粮库。 使用 lxml 从 HTML 正文容器按“行政区标题 + 序号 + 单位名称”结构抽取;原正文段落序号 36。
cand_92055f37490cf687,云南昆明市王旗营蔬菜批发市场有限公司,云南昆明市王旗营蔬菜批发市场有限公司,云南昆明市王旗营蔬菜批发市场有限公司,云南省,,,,,external,,market,,,,agricultural_wholesale_market,农业农村部定点农产品批发市场,农业农村部定点市场,false,false,false,true,false,true,false,false,false,false,false,false,true,false,false,,,,,,false,false,false,,,,,,,,,,,,,,,,,,,,,1,wholesale_market,data/raw/moa_designated_wholesale_markets_2024.pdf,rec_8a130b1bd72d9fc5,A,true,按 PDF 两列表格抽取;原文件未提供详细地址和坐标。
cand_92155f0b5db1a829,辽宁凌源市八里堡蔬菜果品批发市场有限公司,辽宁凌源市八里堡蔬菜果品批发市场有限公司,辽宁凌源市八里堡蔬菜果品批发市场有限公司,辽宁省,,,,,external,,market,,,,agricultural_wholesale_market,农业农村部定点农产品批发市场,农业农村部定点市场,false,false,false,true,false,true,true,false,false,false,false,false,true,false,false,,,,,,false,false,false,,,,,,,,,,,,,,,,,,,,,1,wholesale_market,data/raw/moa_designated_wholesale_markets_2024.pdf,rec_97dc2f46d8a0e4b1,A,true,按 PDF 两列表格抽取;原文件未提供详细地址和坐标。
cand_926edd216eb2c643,湖北金银丰食品有限公司,湖北金银丰食品有限公司,湖北金银丰食品有限公司,湖北省,,,,全国,external,,organization,,,,emergency_processing,国家级粮食应急保障企业,国家级粮食应急保障企业,true,false,true,false,false,false,false,false,false,false,false,false,false,false,false,,,,,,true,false,false,,,,,,,,,,,,,,,,,,,,,1,grain_emergency,data/raw/national_emergency_grain_enterprises_batch2.pdf,rec_d5a24fd1f0347008,B,true,按 PDF 文本层中的编号名单逐条抽取;原文件未提供地址和具体功能子类。
cand_9373ed7f6991039f,河南省新野新蔬菜有限责任公司(河南新野蔬菜批发市场),河南省新野新蔬菜有限责任公司(河南新野蔬菜批发市场),河南省新野新蔬菜有限责任公司(河南新野蔬菜批发市场),河南省,,,,,external,,market,,,,agricultural_wholesale_market,农业农村部定点农产品批发市场,农业农村部定点市场,false,false,false,true,false,true,false,false,false,false,false,false,true,false,false,,,,,,false,false,false,,,,,,,,,,,,,,,,,,,,,1,wholesale_market,data/raw/moa_designated_wholesale_markets_2024.pdf,rec_6de0b27a40ebc946,A,true,按 PDF 两列表格抽取;原文件未提供详细地址和坐标。
cand_93798ee82806d0fd,玉林市玉储粮油有限公司,玉林市玉储粮油有限公司,玉林市玉储粮油有限公司,广西壮族自治区,玉林市,,,,reserve,,organization,,,,other,储备商品管理公司及其直属库,广西储备商品管理公司及其直属库名单(桂财税〔2024〕8号),true,true,false,false,false,false,false,false,false,false,false,false,false,false,false,,,,,,false,true,false,,,,,,,,,,,,,,,,,,,,,1,grain_reserve,data/raw/guangxi_reserve_companies_2024.html,rec_0e69b88a6e9505c4,A,true,属于储备商品管理公司及其直属库名单，但名称不足以安全判断为具体粮库或储备管理机构。 使用 lxml 从 HTML 正文容器按“行政区标题 + 序号 + 单位名称”结构抽取;原正文段落序号 295。
cand_93e97233eff66c19,红星实业集团有限公司红星农副产品大市场,红星实业集团有限公司红星农副产品大市场,红星实业集团有限公司红星农副产品大市场,湖南省,,,,,external,,market,,,,agricultural_wholesale_market,农业农村部定点农产品批发市场,农业农村部定点市场,false,false,false,true,false,false,false,false,false,false,false,false,true,false,false,,,,,,false,false,false,,,,,,,,,,,,,,,,,,,,,1,wholesale_market,data/raw/moa_designated_wholesale_markets_2024.pdf,rec_ae20191393872fd2,A,true,按 PDF 两列表格抽取;原文件未提供详细地址和坐标。
cand_93f15c80008486dd,海南崖州果蔬综合批发市场,海南崖州果蔬综合批发市场,海南崖州果蔬综合批发市场,海南省,,,,,external,,market,,,,agricultural_wholesale_market,农业农村部定点农产品批发市场,农业农村部定点市场,false,false,false,true,false,true,true,false,false,false,false,false,true,false,false,,,,,,false,false,false,,,,,,,,,,,,,,,,,,,,,1,wholesale_market,data/raw/moa_designated_wholesale_markets_2024.pdf,rec_80afa009d425e482,A,true,按 PDF 两列表格抽取;原文件未提供详细地址和坐标。
cand_944524e12d01414f,合浦县公馆粮食管理所,合浦县公馆粮食管理所,合浦县公馆粮食管理所,广西壮族自治区,北海市,合浦县,,,reserve,,unknown,,,,grain_reserve,储备商品管理公司及其直属库,广西储备商品管理公司及其直属库名单(桂财税〔2024〕8号),true,false,false,false,false,false,false,false,false,false,false,false,false,false,false,,,,,,false,true,false,,,,,,,,,,,,,,,,,,,,,1,grain_reserve,data/raw/guangxi_reserve_companies_2024.html,rec_560c8507c8e6e499,A,true,名单证明储备体系资格，但企业主体或管理机构名称不等同于具体物理粮库。 使用 lxml 从 HTML 正文容器按“行政区标题 + 序号 + 单位名称”结构抽取;原正文段落序号 175。
cand_94b00531035a9180,四川广安临港国际农产品食品城,四川广安临港国际农产品食品城,四川广安临港国际农产品食品城,四川省,,,,,external,,market,,,,agricultural_wholesale_market,农业农村部定点农产品批发市场,农业农村部定点市场,false,false,true,true,false,false,false,false,false,false,false,false,true,false,false,,,,,,false,false,false,,,,,,,,,,,,,,,,,,,,,1,wholesale_market,data/raw/moa_designated_wholesale_markets_2024.pdf,rec_2d53b65ad8b2dccf,A,true,按 PDF 两列表格抽取;原文件未提供详细地址和坐标。
cand_94fdc3857740b210,浙江兰溪农产品交易城,浙江兰溪农产品交易城,浙江兰溪农产品交易城,浙江省,,,,,external,,market,,,,agricultural_wholesale_market,农业农村部定点农产品批发市场,农业农村部定点市场,false,false,false,true,false,false,false,false,false,false,false,false,true,false,false,,,,,,false,false,false,,,,,,,,,,,,,,,,,,,,,1,wholesale_market,data/raw/moa_designated_wholesale_markets_2024.pdf,rec_f1a827e1d5432961,A,true,按 PDF 两列表格抽取;原文件未提供详细地址和坐标。
cand_95af18b38edfef73,山东寿光果菜批发市场有限公司,山东寿光果菜批发市场有限公司,山东寿光果菜批发市场有限公司,山东省,,,,,external,,market,,,,agricultural_wholesale_market,农业农村部定点农产品批发市场,农业农村部定点市场,false,false,false,true,false,true,true,false,false,false,false,false,true,false,false,,,,,,false,false,false,,,,,,,,,,,,,,,,,,,,,1,wholesale_market,data/raw/moa_designated_wholesale_markets_2024.pdf,rec_51f8b3b5989a1cb2,A,true,按 PDF 两列表格抽取;原文件未提供详细地址和坐标。
cand_95e1277da9ec2159,田阳县洞靖粮所,田阳县洞靖粮所,田阳县洞靖粮所,广西壮族自治区,百色市,,,,reserve,,unknown,,,,grain_reserve,储备商品管理公司及其直属库,广西储备商品管理公司及其直属库名单(桂财税〔2024〕8号),true,false,false,false,false,false,false,false,false,false,false,false,false,false,false,,,,,,false,true,false,,,,,,,,,,,,,,,,,,,,,1,grain_reserve,data/raw/guangxi_reserve_companies_2024.html,rec_29619f63ffc56d3a,A,true,名单证明储备体系资格，但企业主体或管理机构名称不等同于具体物理粮库。 使用 lxml 从 HTML 正文容器按“行政区标题 + 序号 + 单位名称”结构抽取;原正文段落序号 234。
cand_95e1ebffcea71e00,广西旅发洪泉智慧城市运营管理有限公司,广西旅发洪泉智慧城市运营管理有限公司,广西旅发洪泉智慧城市运营管理有限公司,广西壮族自治区,南宁市,,中国 (广西)自由贸易试验区南宁片区平乐大道10号五象新区核心区商务街商务办公区4号楼14层1401号,贵港市,primary,914501005913019123,organization,,,,government_procurement_supplier,奶制品及饮品,政府采购入围/中标供应商,false,false,true,true,false,false,false,false,true,false,false,false,false,false,false,,,,,,false,false,true,,,,,,,,,,,,,,,,,,,,,1,government_procurement,data/raw/guigang_food_suppliers_310.pdf,rec_b4f1899cf1fdabb3,C,true,"采购供应商身份不等同于实体仓储节点。 采购资料中的地址按企业登记/联系地址处理，不自动等同于仓库或配送节点地址。 按 PDF 表格行批量抽取;地址视为供应商登记/联系地址,不自动认定为仓储节点。 采购供应商地址不自动视为仓库地址；仅在原文出现仓库、粮库、配送中心、冷库、厂房等明确词时标记相应能力。"
cand_95e7dfd3a42bf36e,山西朔州大运果菜批发市场有限公司,山西朔州大运果菜批发市场有限公司,山西朔州大运果菜批发市场有限公司,山西省,,,,,external,,market,,,,agricultural_wholesale_market,农业农村部定点农产品批发市场,农业农村部定点市场,false,false,false,true,false,true,true,false,false,false,false,false,true,false,false,,,,,,false,false,false,,,,,,,,,,,,,,,,,,,,,1,wholesale_market,data/raw/moa_designated_wholesale_markets_2024.pdf,rec_eaaff1e3249b36a7,A,true,按 PDF 两列表格抽取;原文件未提供详细地址和坐标。
cand_9601c1551034527f,平果牧滋商贸有限公司,平果牧滋商贸有限公司,平果牧滋商贸有限公司,广西壮族自治区,百色市,平果市,,百色市/平果市,reserve,,organization,,,,government_procurement_supplier,鲜肉类;生鲜时蔬、水果类,政府采购入围/中标供应商,false,false,true,true,true,true,true,false,false,false,false,false,false,false,false,,,,,,false,false,true,,,,,,,,,,,,,,,,,,,,,2,government_procurement,data/raw/pingguo_meat_suppliers.pdf;data/raw/pingguo_vegetable_fruit_suppliers.pdf,rec_73c21eaf22e2265a;rec_a86da81d5d733b6c,C,true,"采购供应商身份不等同于实体仓储节点。 采购资料未提供企业地址；服务项目区域与企业所在地严格分开。 PDF 表格未提供地址和统一社会信用代码;服务项目所在地为平果市,不能据此推断企业所在地。 采购供应商地址不自动视为仓库地址；仅在原文出现仓库、粮库、配送中心、冷库、厂房等明确词时标记相应能力。"
cand_96192ec0d12f107b,内蒙古西龙王庙万惠农副产品商贸有限责任公司(内蒙古呼和浩特市万惠农副产品批发市场),内蒙古西龙王庙万惠农副产品商贸有限责任公司(内蒙古呼和浩特市万惠农副产品批发市场),内蒙古西龙王庙万惠农副产品商贸有限责任公司(内蒙古呼和浩特市万惠农副产品批发市场),内蒙古自治区,,,,,external,,market,,,,agricultural_wholesale_market,农业农村部定点农产品批发市场,农业农村部定点市场,false,false,false,true,false,false,false,false,false,false,false,false,true,false,false,,,,,,false,false,false,,,,,,,,,,,,,,,,,,,,,1,wholesale_market,data/raw/moa_designated_wholesale_markets_2024.pdf,rec_538467f1da146a26,A,true,按 PDF 两列表格抽取;原文件未提供详细地址和坐标。
cand_9662bfd527601ee0,平果市直属储备粮库,平果市直属储备粮库,平果市直属储备粮库,广西壮族自治区,百色市,平果市,,,reserve,,physical_site,,,,grain_depot,储备商品管理公司及其直属库,广西储备商品管理公司及其直属库名单(桂财税〔2024〕8号),true,false,false,false,false,false,false,false,false,false,true,false,false,false,false,,,,,,false,true,false,,,,,,,,,,,,,,,,,,,,,1,grain_reserve,data/raw/guangxi_reserve_companies_2024.html,rec_51f2eea0c3d6eeda,A,true,使用 lxml 从 HTML 正文容器按“行政区标题 + 序号 + 单位名称”结构抽取;原正文段落序号 255。
cand_969f869619070ee7,湖南邵阳市湘西南大市场,湖南邵阳市湘西南大市场,湖南邵阳市湘西南大市场,湖南省,,,,,external,,market,,,,agricultural_wholesale_market,农业农村部定点农产品批发市场,农业农村部定点市场,false,false,false,true,false,false,false,false,false,false,false,false,true,false,false,,,,,,false,false,false,,,,,,,,,,,,,,,,,,,,,1,wholesale_market,data/raw/moa_designated_wholesale_markets_2024.pdf,rec_1688c92e26b81238,A,true,按 PDF 两列表格抽取;原文件未提供详细地址和坐标。
cand_96c4023f9ded75a1,贵州贵阳花溪云上大牲畜交易批发市场有限公司,贵州贵阳花溪云上大牲畜交易批发市场有限公司,贵州贵阳花溪云上大牲畜交易批发市场有限公司,贵州省,,,,,external,,market,,,,agricultural_wholesale_market,农业农村部定点农产品批发市场,农业农村部定点市场,false,false,false,true,false,false,false,false,false,false,false,false,true,false,false,,,,,,false,false,false,,,,,,,,,,,,,,,,,,,,,1,wholesale_market,data/raw/moa_designated_wholesale_markets_2024.pdf,rec_e47811449c9a20b2,A,true,按 PDF 两列表格抽取;原文件未提供详细地址和坐标。
cand_96dacb2f1160672d,江苏张家港市青草巷农副产品批发市场有限公司,江苏张家港市青草巷农副产品批发市场有限公司,江苏张家港市青草巷农副产品批发市场有限公司,江苏省,,,,,external,,market,,,,agricultural_wholesale_market,农业农村部定点农产品批发市场,农业农村部定点市场,false,false,false,true,false,false,false,false,false,false,false,false,true,false,false,,,,,,false,false,false,,,,,,,,,,,,,,,,,,,,,1,wholesale_market,data/raw/moa_designated_wholesale_markets_2024.pdf,rec_0c7b7cdbbcdbc735,A,true,按 PDF 两列表格抽取;原文件未提供详细地址和坐标。
cand_9733eb4a41a5484c,河南万邦水产冻品物流有限公司(河南万邦水产冻品海鲜市场),河南万邦水产冻品物流有限公司(河南万邦水产冻品海鲜市场),河南万邦水产冻品物流有限公司(河南万邦水产冻品海鲜市场),河南省,,,,,external,,market,,,,agricultural_wholesale_market,农业农村部定点农产品批发市场,农业农村部定点市场,false,false,false,true,false,false,false,true,false,false,false,false,true,false,false,,,,,,false,false,false,,,,,,,,,,,,,,,,,,,,,1,wholesale_market,data/raw/moa_designated_wholesale_markets_2024.pdf,rec_d2e9c358614a38cc,A,true,按 PDF 两列表格抽取;原文件未提供详细地址和坐标。
cand_97ac8dcd435a67c5,湖南省岳阳市茶博城,湖南省岳阳市茶博城,湖南省岳阳市茶博城,湖南省,,,,,external,,market,,,,agricultural_wholesale_market,农业农村部定点农产品批发市场,农业农村部定点市场,false,false,false,true,false,false,false,false,false,false,false,false,true,false,false,,,,,,false,false,false,,,,,,,,,,,,,,,,,,,,,1,wholesale_market,data/raw/moa_designated_wholesale_markets_2024.pdf,rec_b3fb73d9b8ee5215,A,true,按 PDF 两列表格抽取;原文件未提供详细地址和坐标。
cand_97b92b83c3c41558,北海市铁山港区南康粮食管理所,北海市铁山港区南康粮食管理所,北海市铁山港区南康粮食管理所,广西壮族自治区,北海市,铁山港区,,,reserve,,unknown,,,,grain_reserve,储备商品管理公司及其直属库,广西储备商品管理公司及其直属库名单(桂财税〔2024〕8号),true,false,false,false,false,false,false,false,false,false,false,false,false,false,false,,,,,,false,true,false,,,,,,,,,,,,,,,,,,,,,1,grain_reserve,data/raw/guangxi_reserve_companies_2024.html,rec_7b8edd03cae7c674,A,true,名单证明储备体系资格，但企业主体或管理机构名称不等同于具体物理粮库。 使用 lxml 从 HTML 正文容器按“行政区标题 + 序号 + 单位名称”结构抽取;原正文段落序号 171。
cand_97faf77ee2395aa9,河北遵化市燕山果菜批发市场有限公司,河北遵化市燕山果菜批发市场有限公司,河北遵化市燕山果菜批发市场有限公司,河北省,,,,,external,,market,,,,agricultural_wholesale_market,农业农村部定点农产品批发市场,农业农村部定点市场,false,false,false,true,false,true,true,false,false,false,false,false,true,false,false,,,,,,false,false,false,,,,,,,,,,,,,,,,,,,,,1,wholesale_market,data/raw/moa_designated_wholesale_markets_2024.pdf,rec_060341eff3765f2b,A,true,按 PDF 两列表格抽取;原文件未提供详细地址和坐标。
cand_980e38768d5564b8,湖北仙桃市先锋黄鳝大市场有限责任公司,湖北仙桃市先锋黄鳝大市场有限责任公司,湖北仙桃市先锋黄鳝大市场有限责任公司,湖北省,,,,,external,,market,,,,agricultural_wholesale_market,农业农村部定点农产品批发市场,农业农村部定点市场,false,false,false,true,false,false,false,false,false,false,false,false,true,false,false,,,,,,false,false,false,,,,,,,,,,,,,,,,,,,,,1,wholesale_market,data/raw/moa_designated_wholesale_markets_2024.pdf,rec_2ed6484258ca002e,A,true,按 PDF 两列表格抽取;原文件未提供详细地址和坐标。
cand_984ef012d4951026,德保县粮食购销管理中心,德保县粮食购销管理中心,德保县粮食购销管理中心,广西壮族自治区,百色市,德保县,,,reserve,,organization,,,,grain_reserve,储备商品管理公司及其直属库,广西储备商品管理公司及其直属库名单(桂财税〔2024〕8号),true,false,false,false,false,false,false,false,false,false,false,false,false,false,false,,,,,,false,true,false,,,,,,,,,,,,,,,,,,,,,1,grain_reserve,data/raw/guangxi_reserve_companies_2024.html,rec_525f70dae85539e0,A,true,名单证明储备体系资格，但企业主体或管理机构名称不等同于具体物理粮库。 使用 lxml 从 HTML 正文容器按“行政区标题 + 序号 + 单位名称”结构抽取;原正文段落序号 242。
cand_9894b3e6b53d12af,河北省粮食产业集团有限公司,河北省粮食产业集团有限公司,河北省粮食产业集团有限公司,河北省,,,,全国,external,,organization,,,,other,国家级粮食应急保障企业,国家级粮食应急保障企业,true,false,false,false,false,false,false,false,false,false,false,false,false,false,false,,,,,,true,false,false,,,,,,,,,,,,,,,,,,,,,2,grain_emergency,data/raw/national_emergency_grain_enterprises_2025_reassessment.wps;data/raw/national_emergency_grain_enterprises_batch2.pdf,rec_f7f30a3d84283ac9;rec_b945cf816efc3a61,B,true,"官方名单未给出储运、加工、配送等具体子类，保守归为 other。 保留国家级粮食应急保障企业身份，不凭名称猜测具体功能分类。 原文件扩展名为 .wps,文件签名为 WPS/OLE 复合文档;只读转换为临时标准 DOCX 后抽取。来源年份由文件名推断。 按 PDF 文本层中的编号名单逐条抽取;原文件未提供地址和具体功能子类。"
cand_98ed2e012bf73c16,青海农牧生产资料(集团)股份有限公司定点农资市场,青海农牧生产资料(集团)股份有限公司定点农资市场,青海农牧生产资料(集团)股份有限公司定点农资市场,青海省,,,,,external,,market,,,,agricultural_wholesale_market,农业农村部定点农产品批发市场,农业农村部定点市场,false,false,false,true,false,false,false,false,false,false,false,false,true,false,false,,,,,,false,false,false,,,,,,,,,,,,,,,,,,,,,1,wholesale_market,data/raw/moa_designated_wholesale_markets_2024.pdf,rec_8b1f4c053394180f,A,true,按 PDF 两列表格抽取;原文件未提供详细地址和坐标。
cand_98ef93b38efd3e75,贵港市金财贸易有限公司,贵港市金财贸易有限公司,贵港市金财贸易有限公司,广西壮族自治区,贵港市,港北区,贵港市港北区解放北路88号龙圣五小区43号,贵港市,reserve,91450802MADA33CM0D,organization,,,,government_procurement_supplier,副食品;调味品类,政府采购入围/中标供应商,false,false,true,false,false,false,false,false,false,false,false,false,false,false,false,,,,,,false,false,true,,,,,,,,,,,,,,,,,,,,,2,government_procurement,data/raw/guigang_food_suppliers_310.pdf,rec_2ff60a8d55491c3f;rec_6de307e8ce73eb8e,C,true,"采购供应商身份不等同于实体仓储节点。 采购资料中的地址按企业登记/联系地址处理，不自动等同于仓库或配送节点地址。 按 PDF 表格行批量抽取;地址视为供应商登记/联系地址,不自动认定为仓储节点。 采购供应商地址不自动视为仓库地址；仅在原文出现仓库、粮库、配送中心、冷库、厂房等明确词时标记相应能力。"
cand_98f3cf1d03ba9d88,宜昌粮食集团有限公司,宜昌粮食集团有限公司,宜昌粮食集团有限公司,,,,,全国,external,,organization,,,,other,国家级粮食应急保障企业,国家级粮食应急保障企业,true,false,false,false,false,false,false,false,false,false,false,false,false,false,false,,,,,,true,false,false,,,,,,,,,,,,,,,,,,,,,2,grain_emergency,data/raw/national_emergency_grain_enterprises_2025_reassessment.wps;data/raw/national_emergency_grain_enterprises_batch2.pdf,rec_d1942248d7a2607a;rec_2eb7cbee079ad5f2,B,true,"官方名单未给出储运、加工、配送等具体子类，保守归为 other。 当前原始记录未提供可安全解析的省级所在地。 保留国家级粮食应急保障企业身份，不凭名称猜测具体功能分类。 原文件扩展名为 .wps,文件签名为 WPS/OLE 复合文档;只读转换为临时标准 DOCX 后抽取。来源年份由文件名推断。 按 PDF 文本层中的编号名单逐条抽取;原文件未提供地址和具体功能子类。"
cand_9931963899cb2d34,新疆沙湾县宝源农副产品批发交易市场,新疆沙湾县宝源农副产品批发交易市场,新疆沙湾县宝源农副产品批发交易市场,新疆维吾尔自治区,,,,,external,,market,,,,agricultural_wholesale_market,农业农村部定点农产品批发市场,农业农村部定点市场,false,false,false,true,false,false,false,false,false,false,false,false,true,false,false,,,,,,false,false,false,,,,,,,,,,,,,,,,,,,,,1,wholesale_market,data/raw/moa_designated_wholesale_markets_2024.pdf,rec_7924deb314e51b90,A,true,按 PDF 两列表格抽取;原文件未提供详细地址和坐标。
cand_9931e69b141e36d4,广西壮族自治区钦州粮食储备库有限公司,广西壮族自治区钦州粮食储备库有限公司,广西壮族自治区钦州粮食储备库有限公司,广西壮族自治区,钦州市,,,,reserve,,physical_site,,,,grain_depot,储备商品管理公司及其直属库,广西储备商品管理公司及其直属库名单(桂财税〔2024〕8号),true,false,false,false,false,false,false,false,false,false,true,false,false,false,false,,,,,,false,true,false,,,,,,,,,,,,,,,,,,,,,1,grain_reserve,data/raw/guangxi_reserve_companies_2024.html,rec_46d50c6c90c23f4b,A,true,使用 lxml 从 HTML 正文容器按“行政区标题 + 序号 + 单位名称”结构抽取;原正文段落序号 28。
cand_993f4d1ba494f607,桂平市柏泰食品有限公司,桂平市柏泰食品有限公司,桂平市柏泰食品有限公司,广西壮族自治区,贵港市,桂平市,贵港市桂平市西山镇岭头村长蛇岭6队(桂金路中石油加油站旁),贵港市,reserve,91450881MAERC1XEX2,organization,,,,government_procurement_supplier,生鲜时蔬、水果类;冷冻品类;大米类,政府采购入围/中标供应商,true,false,true,true,false,true,true,false,false,false,false,false,false,false,false,,,,,,false,false,true,,,,,,,,,,,,,,,,,,,,,3,government_procurement,data/raw/guigang_food_suppliers_310.pdf,rec_5e6f417fa8ca2e27;rec_75813a62f70946ed;rec_752d93cb187ff2bc,C,true,"采购供应商身份不等同于实体仓储节点。 采购资料中的地址按企业登记/联系地址处理，不自动等同于仓库或配送节点地址。 按 PDF 表格行批量抽取;地址视为供应商登记/联系地址,不自动认定为仓储节点。 采购供应商地址不自动视为仓库地址；仅在原文出现仓库、粮库、配送中心、冷库、厂房等明确词时标记相应能力。"
cand_9955317aa3f85f03,大新县昌和粮食发展有限责任公司,大新县昌和粮食发展有限责任公司,大新县昌和粮食发展有限责任公司,广西壮族自治区,崇左市,,,,reserve,,organization,,,,other,储备商品管理公司及其直属库,广西储备商品管理公司及其直属库名单(桂财税〔2024〕8号),true,false,false,false,false,false,false,false,false,false,false,false,false,false,false,,,,,,false,true,false,,,,,,,,,,,,,,,,,,,,,1,grain_reserve,data/raw/guangxi_reserve_companies_2024.html,rec_a92cbe984c8e2704,A,true,属于储备商品管理公司及其直属库名单，但名称不足以安全判断为具体粮库或储备管理机构。 使用 lxml 从 HTML 正文容器按“行政区标题 + 序号 + 单位名称”结构抽取;原正文段落序号 388。
cand_9955d3bd4a2cf0b0,田阳县玉凤粮所,田阳县玉凤粮所,田阳县玉凤粮所,广西壮族自治区,百色市,,,,reserve,,unknown,,,,grain_reserve,储备商品管理公司及其直属库,广西储备商品管理公司及其直属库名单(桂财税〔2024〕8号),true,false,false,false,false,false,false,false,false,false,false,false,false,false,false,,,,,,false,true,false,,,,,,,,,,,,,,,,,,,,,1,grain_reserve,data/raw/guangxi_reserve_companies_2024.html,rec_8c3743d1f878b9f7,A,true,名单证明储备体系资格，但企业主体或管理机构名称不等同于具体物理粮库。 使用 lxml 从 HTML 正文容器按“行政区标题 + 序号 + 单位名称”结构抽取;原正文段落序号 235。
cand_99e5cd2dca4a315d,凌云县粮油购销管理中心,凌云县粮油购销管理中心,凌云县粮油购销管理中心,广西壮族自治区,百色市,凌云县,,,reserve,,organization,,,,grain_reserve,储备商品管理公司及其直属库,广西储备商品管理公司及其直属库名单(桂财税〔2024〕8号),true,true,false,false,false,false,false,false,false,false,false,false,false,false,false,,,,,,false,true,false,,,,,,,,,,,,,,,,,,,,,1,grain_reserve,data/raw/guangxi_reserve_companies_2024.html,rec_24e6f50a881e9497,A,true,名单证明储备体系资格，但企业主体或管理机构名称不等同于具体物理粮库。 使用 lxml 从 HTML 正文容器按“行政区标题 + 序号 + 单位名称”结构抽取;原正文段落序号 257。
cand_9a35e387f72116ec,陕西西部欣桥农产品物流中心市场,陕西西部欣桥农产品物流中心市场,陕西西部欣桥农产品物流中心市场,陕西省,,,,,external,,market,,,,agricultural_wholesale_market,农业农村部定点农产品批发市场,农业农村部定点市场,false,false,false,true,false,false,false,false,false,false,false,false,true,false,false,,,,,,false,false,false,,,,,,,,,,,,,,,,,,,,,1,wholesale_market,data/raw/moa_designated_wholesale_markets_2024.pdf,rec_86071cc6d8ba6cee,A,true,按 PDF 两列表格抽取;原文件未提供详细地址和坐标。
cand_9a74da58374791c6,乐业县粮食储备中心,乐业县粮食储备中心,乐业县粮食储备中心,广西壮族自治区,百色市,乐业县,,,reserve,,organization,,,,grain_reserve,储备商品管理公司及其直属库,广西储备商品管理公司及其直属库名单(桂财税〔2024〕8号),true,false,false,false,false,false,false,false,false,false,false,false,false,false,false,,,,,,false,true,false,,,,,,,,,,,,,,,,,,,,,1,grain_reserve,data/raw/guangxi_reserve_companies_2024.html,rec_58451c542a985bd3,A,true,名单证明储备体系资格，但企业主体或管理机构名称不等同于具体物理粮库。 使用 lxml 从 HTML 正文容器按“行政区标题 + 序号 + 单位名称”结构抽取;原正文段落序号 258。
cand_9aae78a5715e9e82,南宁市青秀区刘圩粮食管理所,南宁市青秀区刘圩粮食管理所,南宁市青秀区刘圩粮食管理所,广西壮族自治区,南宁市,青秀区,,,primary,,unknown,,,,grain_reserve,储备商品管理公司及其直属库,广西储备商品管理公司及其直属库名单(桂财税〔2024〕8号),true,false,false,false,false,false,false,false,false,false,false,false,false,false,false,,,,,,false,true,false,,,,,,,,,,,,,,,,,,,,,1,grain_reserve,data/raw/guangxi_reserve_companies_2024.html,rec_6dacf49e726b364d,A,true,名单证明储备体系资格，但企业主体或管理机构名称不等同于具体物理粮库。 使用 lxml 从 HTML 正文容器按“行政区标题 + 序号 + 单位名称”结构抽取;原正文段落序号 50。
cand_9aeea2776d55194c,福州恒丰米业有限公司,福州恒丰米业有限公司,福州恒丰米业有限公司,,,,,全国,external,,organization,,,,emergency_processing,国家级粮食应急保障企业,国家级粮食应急保障企业,true,false,false,false,false,false,false,false,false,false,false,false,false,false,false,,,,,,true,false,false,,,,,,,,,,,,,,,,,,,,,2,grain_emergency,data/raw/national_emergency_grain_enterprises_2025_reassessment.wps;data/raw/national_emergency_grain_enterprises_batch2.pdf,rec_513c4b59fb807dbb;rec_a246cd5e5ed52e64,B,true,"当前原始记录未提供可安全解析的省级所在地。 原文件扩展名为 .wps,文件签名为 WPS/OLE 复合文档;只读转换为临时标准 DOCX 后抽取。来源年份由文件名推断。 按 PDF 文本层中的编号名单逐条抽取;原文件未提供地址和具体功能子类。"
cand_9b18f504be0749c2,国家级武山洛门蔬菜批发市场,国家级武山洛门蔬菜批发市场,国家级武山洛门蔬菜批发市场,甘肃省,,,,,external,,market,,,,agricultural_wholesale_market,农业农村部定点农产品批发市场,农业农村部定点市场,false,false,false,true,false,true,false,false,false,false,false,false,true,false,false,,,,,,false,false,false,,,,,,,,,,,,,,,,,,,,,1,wholesale_market,data/raw/moa_designated_wholesale_markets_2024.pdf,rec_c72f23a7eea7aa6e,A,true,按 PDF 两列表格抽取;原文件未提供详细地址和坐标。
cand_9b8ea92d716fb1dc,云南昆明斗南花卉市场,云南昆明斗南花卉市场,云南昆明斗南花卉市场,云南省,,,,,external,,market,,,,agricultural_wholesale_market,农业农村部定点农产品批发市场,农业农村部定点市场,false,false,false,true,false,false,false,false,false,false,false,false,true,false,false,,,,,,false,false,false,,,,,,,,,,,,,,,,,,,,,1,wholesale_market,data/raw/moa_designated_wholesale_markets_2024.pdf,rec_fe3d8be95f8173a2,A,true,按 PDF 两列表格抽取;原文件未提供详细地址和坐标。
cand_9bd4bb1737a8ed42,海南符氏食品有限公司,海南符氏食品有限公司,海南符氏食品有限公司,海南省,,,,全国,external,,organization,,,,emergency_processing,国家级粮食应急保障企业,国家级粮食应急保障企业,true,false,true,false,false,false,false,false,false,false,false,false,false,false,false,,,,,,true,false,false,,,,,,,,,,,,,,,,,,,,,2,grain_emergency,data/raw/national_emergency_grain_enterprises_2025_reassessment.wps;data/raw/national_emergency_grain_enterprises_batch2.pdf,rec_cc38299525ed3bdf;rec_8b9f13152e81ea9f,B,true,"原文件扩展名为 .wps,文件签名为 WPS/OLE 复合文档;只读转换为临时标准 DOCX 后抽取。来源年份由文件名推断。 按 PDF 文本层中的编号名单逐条抽取;原文件未提供地址和具体功能子类。"
cand_9c0fc20f42cc0496,内蒙古临河四季青批发市场有限公司,内蒙古临河四季青批发市场有限公司,内蒙古临河四季青批发市场有限公司,内蒙古自治区,,,,,external,,market,,,,agricultural_wholesale_market,农业农村部定点农产品批发市场,农业农村部定点市场,false,false,false,true,false,false,false,false,false,false,false,false,true,false,false,,,,,,false,false,false,,,,,,,,,,,,,,,,,,,,,1,wholesale_market,data/raw/moa_designated_wholesale_markets_2024.pdf,rec_afd349d13b1e35ad,A,true,按 PDF 两列表格抽取;原文件未提供详细地址和坐标。
cand_9c54ed1cd26ccf72,田阳县百育粮所,田阳县百育粮所,田阳县百育粮所,广西壮族自治区,百色市,,,,reserve,,unknown,,,,grain_reserve,储备商品管理公司及其直属库,广西储备商品管理公司及其直属库名单(桂财税〔2024〕8号),true,false,false,false,false,false,false,false,false,false,false,false,false,false,false,,,,,,false,true,false,,,,,,,,,,,,,,,,,,,,,1,grain_reserve,data/raw/guangxi_reserve_companies_2024.html,rec_131209b341ed77c3,A,true,名单证明储备体系资格，但企业主体或管理机构名称不等同于具体物理粮库。 使用 lxml 从 HTML 正文容器按“行政区标题 + 序号 + 单位名称”结构抽取;原正文段落序号 231。
cand_9c5d04b0f884dcb3,广东东莞市江南农副产品批发市场,广东东莞市江南农副产品批发市场,广东东莞市江南农副产品批发市场,广东省,,,,,external,,market,,,,agricultural_wholesale_market,农业农村部定点农产品批发市场,农业农村部定点市场,false,false,false,true,false,false,false,false,false,false,false,false,true,false,false,,,,,,false,false,false,,,,,,,,,,,,,,,,,,,,,1,wholesale_market,data/raw/moa_designated_wholesale_markets_2024.pdf,rec_1211eff29ccc7d1e,A,true,按 PDF 两列表格抽取;原文件未提供详细地址和坐标。
cand_9c8903db6409fd78,贵港市楠泰贸易有限公司,贵港市楠泰贸易有限公司,贵港市楠泰贸易有限公司,广西壮族自治区,贵港市,港北区,贵港市港北区金港大道(德宝华厦)1311号,贵港市,reserve,91450800310275202H,organization,,,,government_procurement_supplier,奶制品及饮品,政府采购入围/中标供应商,false,false,true,true,false,false,false,false,true,false,false,false,false,false,false,,,,,,false,false,true,,,,,,,,,,,,,,,,,,,,,1,government_procurement,data/raw/guigang_food_suppliers_310.pdf,rec_d15649481194b2a1,C,true,"采购供应商身份不等同于实体仓储节点。 采购资料中的地址按企业登记/联系地址处理，不自动等同于仓库或配送节点地址。 按 PDF 表格行批量抽取;地址视为供应商登记/联系地址,不自动认定为仓储节点。 采购供应商地址不自动视为仓库地址；仅在原文出现仓库、粮库、配送中心、冷库、厂房等明确词时标记相应能力。"
cand_9c892d82213f246a,广西海峰物业服务有限公司,广西海峰物业服务有限公司,广西海峰物业服务有限公司,广西壮族自治区,北海市,,北海市北海大道68号庞屋新村北区12-5号,北海市,reserve,91450500MABW9J3B63,organization,,,,government_procurement_supplier,米面油干货类;果蔬类,政府采购入围/中标供应商,true,true,true,true,false,true,true,false,false,false,false,false,false,false,false,,,,,,false,false,true,,,,,,,,,,,,,,,,,,,,,2,government_procurement,data/raw/beihai_food_suppliers.pdf,rec_de066a4ec5cca3da;rec_433de7853deb94fb,C,true,"采购供应商身份不等同于实体仓储节点。 采购资料中的地址按企业登记/联系地址处理，不自动等同于仓库或配送节点地址。 按 PDF 表格行批量抽取;地址视为供应商登记/联系地址,不自动认定为仓储节点。 采购供应商地址不自动视为仓库地址；仅在原文出现仓库、粮库、配送中心、冷库、厂房等明确词时标记相应能力。"
cand_9ca3af7e95041f51,上林县安恒储备粮管理有限公司白圩狮螺分公司,上林县安恒储备粮管理有限公司白圩狮螺分公司,上林县安恒储备粮管理有限公司白圩狮螺分公司,广西壮族自治区,南宁市,上林县,,,primary,,organization,上林县安恒储备粮管理有限公司,,,grain_reserve,储备商品管理公司及其直属库,广西储备商品管理公司及其直属库名单(桂财税〔2024〕8号),true,false,false,false,false,false,false,false,false,false,false,false,false,false,false,,,,,,false,true,false,,,,,,,,,,,,,,,,,,,,,1,grain_reserve,data/raw/guangxi_reserve_companies_2024.html,rec_52073b609a096e8e,A,true,名单证明储备体系资格，但企业主体或管理机构名称不等同于具体物理粮库。 使用 lxml 从 HTML 正文容器按“行政区标题 + 序号 + 单位名称”结构抽取;原正文段落序号 65。
cand_9cb74cbcc6808f08,福建海峡水产品交易中心,福建海峡水产品交易中心,福建海峡水产品交易中心,福建省,,,,,external,,market,,,,agricultural_wholesale_market,农业农村部定点农产品批发市场,农业农村部定点市场,false,false,false,true,false,false,false,true,false,false,false,false,true,false,false,,,,,,false,false,false,,,,,,,,,,,,,,,,,,,,,1,wholesale_market,data/raw/moa_designated_wholesale_markets_2024.pdf,rec_d466481cd689b468,A,true,按 PDF 两列表格抽取;原文件未提供详细地址和坐标。
cand_9ccd1b4f835edcf2,山东威海市蔬菜有限公司农副产品批发市场管理分公司,山东威海市蔬菜有限公司农副产品批发市场管理分公司,山东威海市蔬菜有限公司农副产品批发市场管理分公司,山东省,,,,,external,,market,,,,agricultural_wholesale_market,农业农村部定点农产品批发市场,农业农村部定点市场,false,false,false,true,false,true,false,false,false,false,false,false,true,false,false,,,,,,false,false,false,,,,,,,,,,,,,,,,,,,,,1,wholesale_market,data/raw/moa_designated_wholesale_markets_2024.pdf,rec_e161f3f206c6a9d6,A,true,按 PDF 两列表格抽取;原文件未提供详细地址和坐标。
cand_9d358bc3e90db310,江西新余市果蔬批发市场,江西新余市果蔬批发市场,江西新余市果蔬批发市场,江西省,,,,,external,,market,,,,agricultural_wholesale_market,农业农村部定点农产品批发市场,农业农村部定点市场,false,false,false,true,false,true,true,false,false,false,false,false,true,false,false,,,,,,false,false,false,,,,,,,,,,,,,,,,,,,,,1,wholesale_market,data/raw/moa_designated_wholesale_markets_2024.pdf,rec_30ee17ca78ccc1ce,A,true,按 PDF 两列表格抽取;原文件未提供详细地址和坐标。
cand_9d5f431edddd5fdf,浦北县储备粮管理中心,浦北县储备粮管理中心,浦北县储备粮管理中心,广西壮族自治区,钦州市,,,,reserve,,organization,,,,grain_reserve,储备商品管理公司及其直属库,广西储备商品管理公司及其直属库名单(桂财税〔2024〕8号),true,false,false,false,false,false,false,false,false,false,false,false,false,false,false,,,,,,false,true,false,,,,,,,,,,,,,,,,,,,,,1,grain_reserve,data/raw/guangxi_reserve_companies_2024.html,rec_b24e8f1f15ed5106,A,true,名单证明储备体系资格，但企业主体或管理机构名称不等同于具体物理粮库。 使用 lxml 从 HTML 正文容器按“行政区标题 + 序号 + 单位名称”结构抽取;原正文段落序号 207。
cand_9d608911c917421c,绵阳仙特米业有限公司,绵阳仙特米业有限公司,绵阳仙特米业有限公司,,,,,全国,external,,organization,,,,emergency_processing,国家级粮食应急保障企业,国家级粮食应急保障企业,true,false,false,false,false,false,false,false,false,false,false,false,false,false,false,,,,,,true,false,false,,,,,,,,,,,,,,,,,,,,,2,grain_emergency,data/raw/national_emergency_grain_enterprises_2025_reassessment.wps;data/raw/national_emergency_grain_enterprises_batch2.pdf,rec_be4193249a45868b;rec_8c59f3584761ed64,B,true,"当前原始记录未提供可安全解析的省级所在地。 原文件扩展名为 .wps,文件签名为 WPS/OLE 复合文档;只读转换为临时标准 DOCX 后抽取。来源年份由文件名推断。 按 PDF 文本层中的编号名单逐条抽取;原文件未提供地址和具体功能子类。"
cand_9e085073a11ee592,宁夏中卫四季鲜农产品综合批发市场,宁夏中卫四季鲜农产品综合批发市场,宁夏中卫四季鲜农产品综合批发市场,宁夏回族自治区,,,,,external,,market,,,,agricultural_wholesale_market,农业农村部定点农产品批发市场,农业农村部定点市场,false,false,false,true,false,false,false,false,false,false,false,false,true,false,false,,,,,,false,false,false,,,,,,,,,,,,,,,,,,,,,1,wholesale_market,data/raw/moa_designated_wholesale_markets_2024.pdf,rec_7d860dec5853c8fc,A,true,按 PDF 两列表格抽取;原文件未提供详细地址和坐标。
cand_9e20f42510b57029,崇左市粮食和物资储备管理有限公司,崇左市粮食和物资储备管理有限公司,崇左市粮食和物资储备管理有限公司,广西壮族自治区,崇左市,,,,reserve,,organization,,,,grain_reserve,储备商品管理公司及其直属库,广西储备商品管理公司及其直属库名单(桂财税〔2024〕8号),true,false,false,false,false,false,false,false,false,false,false,false,false,false,false,,,,,,false,true,false,,,,,,,,,,,,,,,,,,,,,1,grain_reserve,data/raw/guangxi_reserve_companies_2024.html,rec_242f22d4d282f266,A,true,名单证明储备体系资格，但企业主体或管理机构名称不等同于具体物理粮库。 使用 lxml 从 HTML 正文容器按“行政区标题 + 序号 + 单位名称”结构抽取;原正文段落序号 381。
cand_9e3c9e4bdb27e2e8,贵州六盘水市农产品综合物流园,贵州六盘水市农产品综合物流园,贵州六盘水市农产品综合物流园,贵州省,,,,,external,,market,,,,agricultural_wholesale_market,农业农村部定点农产品批发市场,农业农村部定点市场,false,false,false,true,false,false,false,false,false,false,false,false,true,false,false,,,,,,false,false,false,,,,,,,,,,,,,,,,,,,,,1,wholesale_market,data/raw/moa_designated_wholesale_markets_2024.pdf,rec_e5868eedda8ebd0a,A,true,按 PDF 两列表格抽取;原文件未提供详细地址和坐标。
cand_9e52f55419d31a0d,灵川县金地粮食收储有限公司,灵川县金地粮食收储有限公司,灵川县金地粮食收储有限公司,广西壮族自治区,桂林市,,,,reserve,,organization,,,,grain_reserve,储备商品管理公司及其直属库,广西储备商品管理公司及其直属库名单(桂财税〔2024〕8号),true,false,false,false,false,false,false,false,false,false,false,false,false,false,false,,,,,,false,true,false,,,,,,,,,,,,,,,,,,,,,1,grain_reserve,data/raw/guangxi_reserve_companies_2024.html,rec_57ca2647701edaa8,A,true,名单证明储备体系资格，但企业主体或管理机构名称不等同于具体物理粮库。 使用 lxml 从 HTML 正文容器按“行政区标题 + 序号 + 单位名称”结构抽取;原正文段落序号 116。
cand_9e791f5a46fe7702,贺州市融和资产管理有限公司,贺州市融和资产管理有限公司,贺州市融和资产管理有限公司,广西壮族自治区,贺州市,,,,reserve,,organization,,,,other,储备商品管理公司及其直属库,广西储备商品管理公司及其直属库名单(桂财税〔2024〕8号),true,false,false,false,false,false,false,false,false,false,false,false,false,false,false,,,,,,false,true,false,,,,,,,,,,,,,,,,,,,,,1,grain_reserve,data/raw/guangxi_reserve_companies_2024.html,rec_6454ee6e65533620,A,true,属于储备商品管理公司及其直属库名单，但名称不足以安全判断为具体粮库或储备管理机构。 使用 lxml 从 HTML 正文容器按“行政区标题 + 序号 + 单位名称”结构抽取;原正文段落序号 358。
cand_9edc1be4d8764605,马山县储备粮管理公司周鹿镇粮油网点19号仓库,马山县储备粮管理公司周鹿镇粮油网点19号仓库,马山县储备粮管理公司周鹿镇粮油网点19号仓库,广西壮族自治区,南宁市,马山县,马山县周鹿镇周鹿粮所（周鹿镇粮油网点19号仓库）,,primary,,physical_site,马山县储备粮管理公司,cand_8acfc058efdb2acf,warehouse_site,grain_depot,,,true,false,false,false,false,false,false,false,false,false,true,false,false,false,false,,,,,,false,true,false,,,,,,,approximate_region_only,manual_review,false,manual_verified_public_evidence,addr_ev_9edc1be4d8764605,A,site_town,medium,https://www.gxjjw.gov.cn/mobile/article.php?articleid=167906,广西纪检监察公开报道明确出现周鹿镇粮油网点19号仓库及储备粮；未找到可靠门牌号，因此不虚构。,true,true,,manual_address_evidence,1,grain_reserve;manual_address_evidence;manual_address_evidence;manual_address_evidence;manual_address_evidence,data/raw/guangxi_reserve_companies_2024.html;data/manual/nanning_grain_physical_sites_address_evidence.csv;data/manual/nanning_grain_physical_sites_address_evidence.csv;data/manual/nanning_grain_physical_sites_address_evidence.csv;data/manual/nanning_grain_physical_sites_address_evidence.csv,rec_8f87253fdf4df0c2,A,true,由人工核验的公开地址证据新增为独立 physical_site；未替代或删除组织主体。
cand_9f1693b64a6da53e,广西贵港市华宇肉类加工配送有限公司,广西贵港市华宇肉类加工配送有限公司,广西贵港市华宇肉类加工配送有限公司,广西壮族自治区,贵港市,,金田路安居市场A区A1-31号,贵港市,reserve,914508006750422333,organization,,,,government_procurement_supplier,生鲜时蔬、水果类;蛋品类,政府采购入围/中标供应商,false,false,false,true,true,true,true,false,false,false,false,false,true,false,false,,,,,,false,false,true,,,,,,,,,,,,,,,,,,,,,2,government_procurement,data/raw/guigang_food_suppliers_310.pdf,rec_8bc298caf571593f;rec_3e4980fc5cc9a4ee,C,true,"采购供应商身份不等同于实体仓储节点。 采购资料中的地址按企业登记/联系地址处理，不自动等同于仓库或配送节点地址。 按 PDF 表格行批量抽取;地址视为供应商登记/联系地址,不自动认定为仓储节点。 采购供应商地址不自动视为仓库地址；仅在原文出现仓库、粮库、配送中心、冷库、厂房等明确词时标记相应能力。"
cand_9f16db262d721a03,山东利津县田园投资开发有限公司(山东利津县北岭蔬菜批发市场),山东利津县田园投资开发有限公司(山东利津县北岭蔬菜批发市场),山东利津县田园投资开发有限公司(山东利津县北岭蔬菜批发市场),山东省,,,,,external,,market,,,,agricultural_wholesale_market,农业农村部定点农产品批发市场,农业农村部定点市场,false,false,false,true,false,true,false,false,false,false,false,false,true,false,false,,,,,,false,false,false,,,,,,,,,,,,,,,,,,,,,1,wholesale_market,data/raw/moa_designated_wholesale_markets_2024.pdf,rec_b3e69726d01dc2fe,A,true,按 PDF 两列表格抽取;原文件未提供详细地址和坐标。
cand_9f23c382db445c27,广西新发展米业有限公司,广西新发展米业有限公司,广西新发展米业有限公司,广西壮族自治区,,,,,reserve,,organization,,,,other,储备商品管理公司及其直属库,广西储备商品管理公司及其直属库名单(桂财税〔2024〕8号),true,false,false,false,false,false,false,false,false,false,false,false,false,false,false,,,,,,false,true,false,,,,,,,,,,,,,,,,,,,,,1,grain_reserve,data/raw/guangxi_reserve_companies_2024.html,rec_816bc27c0f5d44e4,A,true,属于储备商品管理公司及其直属库名单，但名称不足以安全判断为具体粮库或储备管理机构。 可确认位于广西，但当前证据不足以安全确定地级市。 使用 lxml 从 HTML 正文容器按“行政区标题 + 序号 + 单位名称”结构抽取;原正文段落序号 34。
cand_9f2c60155373ed74,浙江余姚海吉新城农副产品批发市场,浙江余姚海吉新城农副产品批发市场,浙江余姚海吉新城农副产品批发市场,浙江省,,,,,external,,market,,,,agricultural_wholesale_market,农业农村部定点农产品批发市场,农业农村部定点市场,false,false,false,true,false,false,false,false,false,false,false,false,true,false,false,,,,,,false,false,false,,,,,,,,,,,,,,,,,,,,,1,wholesale_market,data/raw/moa_designated_wholesale_markets_2024.pdf,rec_17ca07af38060f01,A,true,按 PDF 两列表格抽取;原文件未提供详细地址和坐标。
cand_9f3920236d4cdd1e,河池市粮食和物资储备有限公司,河池市粮食和物资储备有限公司,河池市粮食和物资储备有限公司,广西壮族自治区,河池市,,,,reserve,,organization,,,,grain_reserve,储备商品管理公司及其直属库,广西储备商品管理公司及其直属库名单(桂财税〔2024〕8号),true,false,false,false,false,false,false,false,false,false,false,false,false,false,false,,,,,,false,true,false,,,,,,,,,,,,,,,,,,,,,1,grain_reserve,data/raw/guangxi_reserve_companies_2024.html,rec_4bfae876fdcb89ea,A,true,名单证明储备体系资格，但企业主体或管理机构名称不等同于具体物理粮库。 使用 lxml 从 HTML 正文容器按“行政区标题 + 序号 + 单位名称”结构抽取;原正文段落序号 267。
cand_9f76f4d9a7bd9d3e,湖北首衡孝感国际农产品交易中心,湖北首衡孝感国际农产品交易中心,湖北首衡孝感国际农产品交易中心,湖北省,,,,,external,,market,,,,agricultural_wholesale_market,农业农村部定点农产品批发市场,农业农村部定点市场,false,false,false,true,false,false,false,false,false,false,false,false,true,false,false,,,,,,false,false,false,,,,,,,,,,,,,,,,,,,,,1,wholesale_market,data/raw/moa_designated_wholesale_markets_2024.pdf,rec_e7491eae163a5541,A,true,按 PDF 两列表格抽取;原文件未提供详细地址和坐标。
cand_9f7ac79d820af594,天津碧城农产品批发市场,天津碧城农产品批发市场,天津碧城农产品批发市场,天津市,天津市,,,,external,,market,,,,agricultural_wholesale_market,农业农村部定点农产品批发市场,农业农村部定点市场,false,false,false,true,false,false,false,false,false,false,false,false,true,false,false,,,,,,false,false,false,,,,,,,,,,,,,,,,,,,,,1,wholesale_market,data/raw/moa_designated_wholesale_markets_2024.pdf,rec_c1acb0dc2f218073,A,true,按 PDF 两列表格抽取;原文件未提供详细地址和坐标。
cand_9f9757ecae6786c7,贵州高峰十里香米业有限公司,贵州高峰十里香米业有限公司,贵州高峰十里香米业有限公司,贵州省,,,,全国,external,,organization,,,,emergency_processing,国家级粮食应急保障企业,国家级粮食应急保障企业,true,false,false,false,false,false,false,false,false,false,false,false,false,false,false,,,,,,true,false,false,,,,,,,,,,,,,,,,,,,,,2,grain_emergency,data/raw/national_emergency_grain_enterprises_2025_reassessment.wps;data/raw/national_emergency_grain_enterprises_batch2.pdf,rec_7e4db87225966f2f;rec_9efbf4fe0b434fcc,B,true,"原文件扩展名为 .wps,文件签名为 WPS/OLE 复合文档;只读转换为临时标准 DOCX 后抽取。来源年份由文件名推断。 按 PDF 文本层中的编号名单逐条抽取;原文件未提供地址和具体功能子类。"
cand_9fe896fda77d6f9f,贵港市平南县泽珈贸易有限公司,贵港市平南县泽珈贸易有限公司,贵港市平南县泽珈贸易有限公司,广西壮族自治区,贵港市,平南县,广西壮族自治区贵港市平南县上渡街道柘畲村莫屋屯(莫亦绪房屋),贵港市,reserve,91450821MAE8C0TD6Q,organization,,,,government_procurement_supplier,畜肉类;禽肉类;生鲜时蔬、水果类;大米类,政府采购入围/中标供应商,true,false,false,true,true,true,true,false,false,false,false,false,false,false,false,,,,,,false,false,true,,,,,,,,,,,,,,,,,,,,,4,government_procurement,data/raw/guigang_food_suppliers_310.pdf,rec_c190e13df1589b80;rec_16e3e60c0da0d44e;rec_79e195a77a585525;rec_8584a35dbd5b7253,C,true,"采购供应商身份不等同于实体仓储节点。 采购资料中的地址按企业登记/联系地址处理，不自动等同于仓库或配送节点地址。 按 PDF 表格行批量抽取;地址视为供应商登记/联系地址,不自动认定为仓储节点。 采购供应商地址不自动视为仓库地址；仅在原文出现仓库、粮库、配送中心、冷库、厂房等明确词时标记相应能力。"
cand_a04decc505961a84,广西柳州福象粮油有限公司,广西柳州福象粮油有限公司,广西柳州福象粮油有限公司,广西壮族自治区,柳州市,,,,secondary,,organization,,,,other,储备商品管理公司及其直属库,广西储备商品管理公司及其直属库名单(桂财税〔2024〕8号),true,true,false,false,false,false,false,false,false,false,false,false,false,false,false,,,,,,false,true,false,,,,,,,,,,,,,,,,,,,,,1,grain_reserve,data/raw/guangxi_reserve_companies_2024.html,rec_214c7d91bd4798ef,A,true,属于储备商品管理公司及其直属库名单，但名称不足以安全判断为具体粮库或储备管理机构。 使用 lxml 从 HTML 正文容器按“行政区标题 + 序号 + 单位名称”结构抽取;原正文段落序号 80。
cand_a09dc1db65ed7ec1,田东县粮食购销公司,田东县粮食购销公司,田东县粮食购销公司,广西壮族自治区,百色市,田东县,,,reserve,,organization,,,,grain_reserve,储备商品管理公司及其直属库,广西储备商品管理公司及其直属库名单(桂财税〔2024〕8号),true,false,false,false,false,false,false,false,false,false,false,false,false,false,false,,,,,,false,true,false,,,,,,,,,,,,,,,,,,,,,1,grain_reserve,data/raw/guangxi_reserve_companies_2024.html,rec_0ff269eaf3647dc7,A,true,名单证明储备体系资格，但企业主体或管理机构名称不等同于具体物理粮库。 使用 lxml 从 HTML 正文容器按“行政区标题 + 序号 + 单位名称”结构抽取;原正文段落序号 240。
cand_a0a1a73dfdc62c00,昭平县储备粮管理公司,昭平县储备粮管理公司,昭平县储备粮管理公司,广西壮族自治区,贺州市,,,,reserve,,organization,,,,grain_reserve,储备商品管理公司及其直属库,广西储备商品管理公司及其直属库名单(桂财税〔2024〕8号),true,false,false,false,false,false,false,false,false,false,false,false,false,false,false,,,,,,false,true,false,,,,,,,,,,,,,,,,,,,,,1,grain_reserve,data/raw/guangxi_reserve_companies_2024.html,rec_7f0195cf11c24be7,A,true,名单证明储备体系资格，但企业主体或管理机构名称不等同于具体物理粮库。 使用 lxml 从 HTML 正文容器按“行政区标题 + 序号 + 单位名称”结构抽取;原正文段落序号 363。
cand_a0d4c4b48c169788,贵港市覃塘区直属粮库有限公司,贵港市覃塘区直属粮库有限公司,贵港市覃塘区直属粮库有限公司,广西壮族自治区,贵港市,覃塘区,,,reserve,,physical_site,,,,grain_depot,储备商品管理公司及其直属库,广西储备商品管理公司及其直属库名单(桂财税〔2024〕8号),true,false,false,false,false,false,false,false,false,false,true,false,false,false,false,,,,,,false,true,false,,,,,,,,,,,,,,,,,,,,,1,grain_reserve,data/raw/guangxi_reserve_companies_2024.html,rec_2b3caa5479f68d3a,A,true,使用 lxml 从 HTML 正文容器按“行政区标题 + 序号 + 单位名称”结构抽取;原正文段落序号 354。
cand_a16da0615e7d4a72,固安县参花面粉有限公司,固安县参花面粉有限公司,固安县参花面粉有限公司,,,,,全国,external,,organization,,,,emergency_processing,国家级粮食应急保障企业,国家级粮食应急保障企业,true,false,false,false,false,false,false,false,false,false,false,true,false,false,false,,,,,,true,false,false,,,,,,,,,,,,,,,,,,,,,2,grain_emergency,data/raw/national_emergency_grain_enterprises_2025_reassessment.wps;data/raw/national_emergency_grain_enterprises_batch2.pdf,rec_d318bb0d241b341a;rec_ddda3512188a5358,B,true,"当前原始记录未提供可安全解析的省级所在地。 原文件扩展名为 .wps,文件签名为 WPS/OLE 复合文档;只读转换为临时标准 DOCX 后抽取。来源年份由文件名推断。 按 PDF 文本层中的编号名单逐条抽取;原文件未提供地址和具体功能子类。"
cand_a181eb9f9808d07b,云南寻甸羊街大型畜产品综合交易市场,云南寻甸羊街大型畜产品综合交易市场,云南寻甸羊街大型畜产品综合交易市场,云南省,,,,,external,,market,,,,agricultural_wholesale_market,农业农村部定点农产品批发市场,农业农村部定点市场,false,false,false,true,false,false,false,false,false,false,false,false,true,false,false,,,,,,false,false,false,,,,,,,,,,,,,,,,,,,,,1,wholesale_market,data/raw/moa_designated_wholesale_markets_2024.pdf,rec_11ebbbaaa74d9b41,A,true,按 PDF 两列表格抽取;原文件未提供详细地址和坐标。
cand_a1a9645f1e2bdbb9,广西博焜贸易集团有限公司,广西博焜贸易集团有限公司,广西博焜贸易集团有限公司,广西壮族自治区,,,,百色市/平果市,reserve,,organization,,,,government_procurement_supplier,鲜肉类;生鲜时蔬、水果类,政府采购入围/中标供应商,false,false,true,true,true,true,true,false,false,false,false,false,false,false,false,,,,,,false,false,true,,,,,,,,,,,,,,,,,,,,,2,government_procurement,data/raw/pingguo_meat_suppliers.pdf;data/raw/pingguo_vegetable_fruit_suppliers.pdf,rec_14f5cc2509e7fb45;rec_3a114ac3a55bc8d2,C,true,"采购供应商身份不等同于实体仓储节点。 采购资料未提供企业地址；服务项目区域与企业所在地严格分开。 可确认位于广西，但当前证据不足以安全确定地级市。 PDF 表格未提供地址和统一社会信用代码;服务项目所在地为平果市,不能据此推断企业所在地。 采购供应商地址不自动视为仓库地址；仅在原文出现仓库、粮库、配送中心、冷库、厂房等明确词时标记相应能力。"
cand_a1cf75cc4bd6dd88,中国邮政集团有限公司,中国邮政集团有限公司,中国邮政集团有限公司,,,,,全国,external,,organization,,,,other,国家级粮食应急保障企业,国家级粮食应急保障企业,true,false,false,false,false,false,false,false,false,false,false,false,false,false,false,,,,,,true,false,false,,,,,,,,,,,,,,,,,,,,,2,grain_emergency,data/raw/national_emergency_grain_enterprises_2025_reassessment.wps;data/raw/national_emergency_grain_enterprises_batch2.pdf,rec_5357b49aab6a3612;rec_6bf74837867d28f8,B,true,"官方名单未给出储运、加工、配送等具体子类，保守归为 other。 当前原始记录未提供可安全解析的省级所在地。 保留国家级粮食应急保障企业身份，不凭名称猜测具体功能分类。 原文件扩展名为 .wps,文件签名为 WPS/OLE 复合文档;只读转换为临时标准 DOCX 后抽取。来源年份由文件名推断。 按 PDF 文本层中的编号名单逐条抽取;原文件未提供地址和具体功能子类。"
cand_a239b1f6b7d8c252,广西壮族自治区柳州粮食储备库有限公司,广西壮族自治区柳州粮食储备库有限公司,广西壮族自治区柳州粮食储备库有限公司,广西壮族自治区,柳州市,,,,secondary,,physical_site,,,,grain_depot,储备商品管理公司及其直属库,广西储备商品管理公司及其直属库名单(桂财税〔2024〕8号),true,false,false,false,false,false,false,false,false,false,true,false,false,false,false,,,,,,false,true,false,,,,,,,,,,,,,,,,,,,,,1,grain_reserve,data/raw/guangxi_reserve_companies_2024.html,rec_ea6713f8b844ec2c,A,true,使用 lxml 从 HTML 正文容器按“行政区标题 + 序号 + 单位名称”结构抽取;原正文段落序号 21。
cand_a27adfb266133be5,河南万邦国际农产品物流股份有限公司(河南万邦果蔬市场),河南万邦国际农产品物流股份有限公司(河南万邦果蔬市场),河南万邦国际农产品物流股份有限公司(河南万邦果蔬市场),河南省,,,,,external,,market,,,,agricultural_wholesale_market,农业农村部定点农产品批发市场,农业农村部定点市场,false,false,false,true,false,true,true,false,false,false,false,false,true,false,false,,,,,,false,false,false,,,,,,,,,,,,,,,,,,,,,1,wholesale_market,data/raw/moa_designated_wholesale_markets_2024.pdf,rec_4368e4ab8159e07f,A,true,按 PDF 两列表格抽取;原文件未提供详细地址和坐标。
cand_a2e5fdb23071b29d,平果市裕康鲜达供应链管理有限公司,平果市裕康鲜达供应链管理有限公司,平果市裕康鲜达供应链管理有限公司,广西壮族自治区,百色市,平果市,,百色市/平果市,reserve,,organization,,,,government_procurement_supplier,鲜肉类,政府采购入围/中标供应商,false,false,true,true,true,false,false,false,false,false,false,false,false,false,false,,,,,,false,false,true,,,,,,,,,,,,,,,,,,,,,1,government_procurement,data/raw/pingguo_meat_suppliers.pdf,rec_538091db2985fee7,C,true,"采购供应商身份不等同于实体仓储节点。 采购资料未提供企业地址；服务项目区域与企业所在地严格分开。 PDF 表格未提供地址和统一社会信用代码;服务项目所在地为平果市,不能据此推断企业所在地。 采购供应商地址不自动视为仓库地址；仅在原文出现仓库、粮库、配送中心、冷库、厂房等明确词时标记相应能力。"
cand_a2e7bc9cfde45a7d,山东金乡大蒜国际交易市场,山东金乡大蒜国际交易市场,山东金乡大蒜国际交易市场,山东省,,,,,external,,market,,,,agricultural_wholesale_market,农业农村部定点农产品批发市场,农业农村部定点市场,false,false,false,true,false,false,false,false,false,false,false,false,true,false,false,,,,,,false,false,false,,,,,,,,,,,,,,,,,,,,,1,wholesale_market,data/raw/moa_designated_wholesale_markets_2024.pdf,rec_8e994d406a1031aa,A,true,按 PDF 两列表格抽取;原文件未提供详细地址和坐标。
cand_a34d951f0bb975e5,阳朔县粮食局直属粮库,阳朔县粮食局直属粮库,阳朔县粮食局直属粮库,广西壮族自治区,桂林市,,,,reserve,,physical_site,,,,grain_depot,储备商品管理公司及其直属库,广西储备商品管理公司及其直属库名单(桂财税〔2024〕8号),true,false,false,false,false,false,false,false,false,false,true,false,false,false,false,,,,,,false,true,false,,,,,,,,,,,,,,,,,,,,,1,grain_reserve,data/raw/guangxi_reserve_companies_2024.html,rec_17a38ccb98d9132f,A,true,使用 lxml 从 HTML 正文容器按“行政区标题 + 序号 + 单位名称”结构抽取;原正文段落序号 130。
cand_a36f11b3ce2e710b,隆安县储备粮管理公司,隆安县储备粮管理公司,隆安县储备粮管理公司,广西壮族自治区,南宁市,隆安县,,,primary,,organization,,,,grain_reserve,储备商品管理公司及其直属库,广西储备商品管理公司及其直属库名单(桂财税〔2024〕8号),true,false,false,false,false,false,false,false,false,false,false,false,false,false,false,,,,,,false,true,false,,,,,,,,,,,,,,,,,,,,,1,grain_reserve,data/raw/guangxi_reserve_companies_2024.html,rec_d0ea32a1e209e553,A,true,名单证明储备体系资格，但企业主体或管理机构名称不等同于具体物理粮库。 使用 lxml 从 HTML 正文容器按“行政区标题 + 序号 + 单位名称”结构抽取;原正文段落序号 59。
cand_a398d9cb2ef44bf7,新疆乌鲁木齐北园春果业经营管理有限责任公司(新疆北园春市场),新疆乌鲁木齐北园春果业经营管理有限责任公司(新疆北园春市场),新疆乌鲁木齐北园春果业经营管理有限责任公司(新疆北园春市场),新疆维吾尔自治区,,,,,external,,market,,,,agricultural_wholesale_market,农业农村部定点农产品批发市场,农业农村部定点市场,false,false,false,true,false,false,true,false,false,false,false,false,true,false,false,,,,,,false,false,false,,,,,,,,,,,,,,,,,,,,,1,wholesale_market,data/raw/moa_designated_wholesale_markets_2024.pdf,rec_489cfabcca9668c0,A,true,按 PDF 两列表格抽取;原文件未提供详细地址和坐标。
cand_a3d4a32f95737a90,山东济南曲堤蔬菜销售有限公司(山东济南曲堤蔬菜批发市场),山东济南曲堤蔬菜销售有限公司(山东济南曲堤蔬菜批发市场),山东济南曲堤蔬菜销售有限公司(山东济南曲堤蔬菜批发市场),山东省,,,,,external,,market,,,,agricultural_wholesale_market,农业农村部定点农产品批发市场,农业农村部定点市场,false,false,false,true,false,true,false,false,false,false,false,false,true,false,false,,,,,,false,false,false,,,,,,,,,,,,,,,,,,,,,1,wholesale_market,data/raw/moa_designated_wholesale_markets_2024.pdf,rec_489e2d19e74959bb,A,true,按 PDF 两列表格抽取;原文件未提供详细地址和坐标。
cand_a3edd51854abaf12,南宁市邕宁区中和粮食管理所,南宁市邕宁区中和粮食管理所,南宁市邕宁区中和粮食管理所,广西壮族自治区,南宁市,邕宁区,,,primary,,unknown,,,,grain_reserve,储备商品管理公司及其直属库,广西储备商品管理公司及其直属库名单(桂财税〔2024〕8号),true,false,false,false,false,false,false,false,false,false,false,false,false,false,false,,,,,,false,true,false,,,,,,,,,,,,,,,,,,,,,1,grain_reserve,data/raw/guangxi_reserve_companies_2024.html,rec_0a3eea9cd611d928,A,true,名单证明储备体系资格，但企业主体或管理机构名称不等同于具体物理粮库。 使用 lxml 从 HTML 正文容器按“行政区标题 + 序号 + 单位名称”结构抽取;原正文段落序号 45。
cand_a3fb129bca270164,广东中山市之荣水产批发市场服务管理有限公司,广东中山市之荣水产批发市场服务管理有限公司,广东中山市之荣水产批发市场服务管理有限公司,广东省,,,,,external,,market,,,,agricultural_wholesale_market,农业农村部定点农产品批发市场,农业农村部定点市场,false,false,false,true,false,false,false,true,false,false,false,false,true,false,false,,,,,,false,false,false,,,,,,,,,,,,,,,,,,,,,1,wholesale_market,data/raw/moa_designated_wholesale_markets_2024.pdf,rec_0fed4a12a2cf1f93,A,true,按 PDF 两列表格抽取;原文件未提供详细地址和坐标。
cand_a3fc14483cf4cd07,靖西市储备粮管理中心,靖西市储备粮管理中心,靖西市储备粮管理中心,广西壮族自治区,百色市,靖西市,,,reserve,,organization,,,,grain_reserve,储备商品管理公司及其直属库,广西储备商品管理公司及其直属库名单(桂财税〔2024〕8号),true,false,false,false,false,false,false,false,false,false,false,false,false,false,false,,,,,,false,true,false,,,,,,,,,,,,,,,,,,,,,1,grain_reserve,data/raw/guangxi_reserve_companies_2024.html,rec_7f3e384af46df386,A,true,名单证明储备体系资格，但企业主体或管理机构名称不等同于具体物理粮库。 使用 lxml 从 HTML 正文容器按“行政区标题 + 序号 + 单位名称”结构抽取;原正文段落序号 247。
cand_a41eaff9c483b613,甘肃陇西县清吉洋芋批发交易市场有限责任公司,甘肃陇西县清吉洋芋批发交易市场有限责任公司,甘肃陇西县清吉洋芋批发交易市场有限责任公司,甘肃省,,,,,external,,market,,,,agricultural_wholesale_market,农业农村部定点农产品批发市场,农业农村部定点市场,false,false,false,true,false,false,false,false,false,false,false,false,true,false,false,,,,,,false,false,false,,,,,,,,,,,,,,,,,,,,,1,wholesale_market,data/raw/moa_designated_wholesale_markets_2024.pdf,rec_9e3314629633e278,A,true,按 PDF 两列表格抽取;原文件未提供详细地址和坐标。
cand_a43116a1602a27ab,上林县安恒储备粮管理有限公司塘红万福分公司,上林县安恒储备粮管理有限公司塘红万福分公司,上林县安恒储备粮管理有限公司塘红万福分公司,广西壮族自治区,南宁市,上林县,,,primary,,organization,上林县安恒储备粮管理有限公司,,,grain_reserve,储备商品管理公司及其直属库,广西储备商品管理公司及其直属库名单(桂财税〔2024〕8号),true,false,false,false,false,false,false,false,false,false,false,false,false,false,false,,,,,,false,true,false,,,,,,,,,,,,,,,,,,,,,1,grain_reserve,data/raw/guangxi_reserve_companies_2024.html,rec_7ab5cda81c309b42,A,true,名单证明储备体系资格，但企业主体或管理机构名称不等同于具体物理粮库。 使用 lxml 从 HTML 正文容器按“行政区标题 + 序号 + 单位名称”结构抽取;原正文段落序号 71。
cand_a4d653286934ffd2,中国三井子杂粮市场,中国三井子杂粮市场,中国三井子杂粮市场,吉林省,,,,,external,,market,,,,agricultural_wholesale_market,农业农村部定点农产品批发市场,农业农村部定点市场,false,false,false,true,false,false,false,false,false,false,false,false,true,false,false,,,,,,false,false,false,,,,,,,,,,,,,,,,,,,,,1,wholesale_market,data/raw/moa_designated_wholesale_markets_2024.pdf,rec_af4f2cfd4978b374,A,true,按 PDF 两列表格抽取;原文件未提供详细地址和坐标。
cand_a54273882a73c315,防城港市防城区粮食储备中心,防城港市防城区粮食储备中心,防城港市防城区粮食储备中心,广西壮族自治区,防城港市,,,,reserve,,organization,,,,grain_reserve,储备商品管理公司及其直属库,广西储备商品管理公司及其直属库名单(桂财税〔2024〕8号),true,false,false,false,false,false,false,false,false,false,false,false,false,false,false,,,,,,false,true,false,,,,,,,,,,,,,,,,,,,,,1,grain_reserve,data/raw/guangxi_reserve_companies_2024.html,rec_ac4fbba8ad5fac59,A,true,名单证明储备体系资格，但企业主体或管理机构名称不等同于具体物理粮库。 使用 lxml 从 HTML 正文容器按“行政区标题 + 序号 + 单位名称”结构抽取;原正文段落序号 211。
cand_a57d47b45585c69d,广西晨日配送有限公司,广西晨日配送有限公司,广西晨日配送有限公司,广西壮族自治区,贵港市,港北区,贵港市港北区贵城登龙桥四队,贵港市,reserve,91450800566774822H,organization,,,,government_procurement_supplier,鱼及水产;鲜湿米粉、面食、糕点等早餐类、豆制品类;大米类;食用油类;奶制品及饮品,政府采购入围/中标供应商,true,true,true,true,false,false,false,true,true,false,false,false,true,false,false,,,,,,false,false,true,,,,,,,,,,,,,,,,,,,,,5,government_procurement,data/raw/guigang_food_suppliers_310.pdf,rec_fcccee93d79c26e8;rec_8ddf2fd2c1c0db16;rec_1aa78e1700f779f6;rec_a46560ebc6e838c1;rec_00ad4a56927cff20,C,true,"采购供应商身份不等同于实体仓储节点。 采购资料中的地址按企业登记/联系地址处理，不自动等同于仓库或配送节点地址。 按 PDF 表格行批量抽取;地址视为供应商登记/联系地址,不自动认定为仓储节点。 采购供应商地址不自动视为仓库地址；仅在原文出现仓库、粮库、配送中心、冷库、厂房等明确词时标记相应能力。"
cand_a5c1ee6f513ffca8,贵州贵阳谷丰粮油食品批发市场,贵州贵阳谷丰粮油食品批发市场,贵州贵阳谷丰粮油食品批发市场,贵州省,,,,,external,,market,,,,agricultural_wholesale_market,农业农村部定点农产品批发市场,农业农村部定点市场,true,true,true,true,false,false,false,false,false,false,false,false,true,false,false,,,,,,false,false,false,,,,,,,,,,,,,,,,,,,,,1,wholesale_market,data/raw/moa_designated_wholesale_markets_2024.pdf,rec_9e46faf6baa247c2,A,true,按 PDF 两列表格抽取;原文件未提供详细地址和坐标。
cand_a619bc34a855927a,黑龙江华博农产品市场有限公司,黑龙江华博农产品市场有限公司,黑龙江华博农产品市场有限公司,黑龙江省,,,,,external,,market,,,,agricultural_wholesale_market,农业农村部定点农产品批发市场,农业农村部定点市场,false,false,false,true,false,false,false,false,false,false,false,false,true,false,false,,,,,,false,false,false,,,,,,,,,,,,,,,,,,,,,1,wholesale_market,data/raw/moa_designated_wholesale_markets_2024.pdf,rec_b82f9133abb10036,A,true,按 PDF 两列表格抽取;原文件未提供详细地址和坐标。
cand_a625d306541045c9,阳朔县福利粮食管理所,阳朔县福利粮食管理所,阳朔县福利粮食管理所,广西壮族自治区,桂林市,,,,reserve,,unknown,,,,grain_reserve,储备商品管理公司及其直属库,广西储备商品管理公司及其直属库名单(桂财税〔2024〕8号),true,false,false,false,false,false,false,false,false,false,false,false,false,false,false,,,,,,false,true,false,,,,,,,,,,,,,,,,,,,,,1,grain_reserve,data/raw/guangxi_reserve_companies_2024.html,rec_826ddf18d37eecaf,A,true,名单证明储备体系资格，但企业主体或管理机构名称不等同于具体物理粮库。 使用 lxml 从 HTML 正文容器按“行政区标题 + 序号 + 单位名称”结构抽取;原正文段落序号 132。
cand_a66a4fe1f2f8974c,湖北多辉农产品物流园开发有限公司,湖北多辉农产品物流园开发有限公司,湖北多辉农产品物流园开发有限公司,湖北省,,,,,external,,market,,,,agricultural_wholesale_market,农业农村部定点农产品批发市场,农业农村部定点市场,false,false,false,true,false,false,false,false,false,false,false,false,true,false,false,,,,,,false,false,false,,,,,,,,,,,,,,,,,,,,,1,wholesale_market,data/raw/moa_designated_wholesale_markets_2024.pdf,rec_041fd2d1ed7e8141,A,true,按 PDF 两列表格抽取;原文件未提供详细地址和坐标。
cand_a695277347edc9ab,内蒙古鸿鼎工贸园(内蒙古五原县鸿鼎农贸市场),内蒙古鸿鼎工贸园(内蒙古五原县鸿鼎农贸市场),内蒙古鸿鼎工贸园(内蒙古五原县鸿鼎农贸市场),内蒙古自治区,,,,,external,,market,,,,agricultural_wholesale_market,农业农村部定点农产品批发市场,农业农村部定点市场,false,false,false,true,false,false,false,false,false,false,false,false,true,false,false,,,,,,false,false,false,,,,,,,,,,,,,,,,,,,,,1,wholesale_market,data/raw/moa_designated_wholesale_markets_2024.pdf,rec_423d6f3be4e6c576,A,true,按 PDF 两列表格抽取;原文件未提供详细地址和坐标。
cand_a6d3661a0d06a266,梧州市龙圩粮食管理所,梧州市龙圩粮食管理所,梧州市龙圩粮食管理所,广西壮族自治区,梧州市,,,,reserve,,unknown,,,,grain_reserve,储备商品管理公司及其直属库,广西储备商品管理公司及其直属库名单(桂财税〔2024〕8号),true,false,false,false,false,false,false,false,false,false,false,false,false,false,false,,,,,,false,true,false,,,,,,,,,,,,,,,,,,,,,1,grain_reserve,data/raw/guangxi_reserve_companies_2024.html,rec_ef7c339d7a96d393,A,true,名单证明储备体系资格，但企业主体或管理机构名称不等同于具体物理粮库。 使用 lxml 从 HTML 正文容器按“行政区标题 + 序号 + 单位名称”结构抽取;原正文段落序号 140。
cand_a6d5b75ea414dc10,广西腾冠商贸有限公司,广西腾冠商贸有限公司,广西腾冠商贸有限公司,广西壮族自治区,玉林市,,,,reserve,,organization,,,,other,储备商品管理公司及其直属库,广西储备商品管理公司及其直属库名单(桂财税〔2024〕8号),true,false,false,false,false,false,false,false,false,false,false,false,false,false,false,,,,,,false,true,false,,,,,,,,,,,,,,,,,,,,,1,grain_reserve,data/raw/guangxi_reserve_companies_2024.html,rec_1b4781958626d60b,A,true,属于储备商品管理公司及其直属库名单，但名称不足以安全判断为具体粮库或储备管理机构。 使用 lxml 从 HTML 正文容器按“行政区标题 + 序号 + 单位名称”结构抽取;原正文段落序号 293。
cand_a73f7c9df61bd727,山东昌邑琨福大姜蔬菜批发市场,山东昌邑琨福大姜蔬菜批发市场,山东昌邑琨福大姜蔬菜批发市场,山东省,,,,,external,,market,,,,agricultural_wholesale_market,农业农村部定点农产品批发市场,农业农村部定点市场,false,false,false,true,false,true,false,false,false,false,false,false,true,false,false,,,,,,false,false,false,,,,,,,,,,,,,,,,,,,,,1,wholesale_market,data/raw/moa_designated_wholesale_markets_2024.pdf,rec_1fb4148166f5ebe0,A,true,按 PDF 两列表格抽取;原文件未提供详细地址和坐标。
cand_a77435ff35e8eee2,广西壮族自治区桂林粮食储备库有限公司,广西壮族自治区桂林粮食储备库有限公司,广西壮族自治区桂林粮食储备库有限公司,广西壮族自治区,桂林市,,,,reserve,,physical_site,,,,grain_depot,储备商品管理公司及其直属库,广西储备商品管理公司及其直属库名单(桂财税〔2024〕8号),true,false,false,false,false,false,false,false,false,false,true,false,false,false,false,,,,,,false,true,false,,,,,,,,,,,,,,,,,,,,,1,grain_reserve,data/raw/guangxi_reserve_companies_2024.html,rec_b594ef131dacbbe2,A,true,使用 lxml 从 HTML 正文容器按“行政区标题 + 序号 + 单位名称”结构抽取;原正文段落序号 25。
cand_a8089e411866890a,河南济源市南街集贸中心,河南济源市南街集贸中心,河南济源市南街集贸中心,河南省,,,,,external,,market,,,,agricultural_wholesale_market,农业农村部定点农产品批发市场,农业农村部定点市场,false,false,false,true,false,false,false,false,false,false,false,false,true,false,false,,,,,,false,false,false,,,,,,,,,,,,,,,,,,,,,1,wholesale_market,data/raw/moa_designated_wholesale_markets_2024.pdf,rec_2f84c938a26b48a8,A,true,按 PDF 两列表格抽取;原文件未提供详细地址和坐标。
cand_a8a795ac77e91750,海南海口市菜篮子江楠农产品批发市场,海南海口市菜篮子江楠农产品批发市场,海南海口市菜篮子江楠农产品批发市场,海南省,,,,,external,,market,,,,agricultural_wholesale_market,农业农村部定点农产品批发市场,农业农村部定点市场,false,false,false,true,false,true,false,false,false,false,false,false,true,false,false,,,,,,false,false,false,,,,,,,,,,,,,,,,,,,,,1,wholesale_market,data/raw/moa_designated_wholesale_markets_2024.pdf,rec_23602ca818eb8d72,A,true,按 PDF 两列表格抽取;原文件未提供详细地址和坐标。
cand_a8c342c78fc23926,兴业县葵阳粮食管理所,兴业县葵阳粮食管理所,兴业县葵阳粮食管理所,广西壮族自治区,玉林市,,,,reserve,,unknown,,,,grain_reserve,储备商品管理公司及其直属库,广西储备商品管理公司及其直属库名单(桂财税〔2024〕8号),true,false,false,false,false,false,false,false,false,false,false,false,false,false,false,,,,,,false,true,false,,,,,,,,,,,,,,,,,,,,,1,grain_reserve,data/raw/guangxi_reserve_companies_2024.html,rec_9b62a3070d6d13cf,A,true,名单证明储备体系资格，但企业主体或管理机构名称不等同于具体物理粮库。 使用 lxml 从 HTML 正文容器按“行政区标题 + 序号 + 单位名称”结构抽取;原正文段落序号 314。
cand_a95b59df61709b2f,田林县粮食购销中心,田林县粮食购销中心,田林县粮食购销中心,广西壮族自治区,百色市,田林县,,,reserve,,organization,,,,grain_reserve,储备商品管理公司及其直属库,广西储备商品管理公司及其直属库名单(桂财税〔2024〕8号),true,false,false,false,false,false,false,false,false,false,false,false,false,false,false,,,,,,false,true,false,,,,,,,,,,,,,,,,,,,,,1,grain_reserve,data/raw/guangxi_reserve_companies_2024.html,rec_98e87aa9f2aea91a,A,true,名单证明储备体系资格，但企业主体或管理机构名称不等同于具体物理粮库。 使用 lxml 从 HTML 正文容器按“行政区标题 + 序号 + 单位名称”结构抽取;原正文段落序号 260。
cand_a9830aa9a2268466,中国(荣昌)畜牧产品交易市场,中国(荣昌)畜牧产品交易市场,中国(荣昌)畜牧产品交易市场,重庆市,重庆市,,,,external,,market,,,,agricultural_wholesale_market,农业农村部定点农产品批发市场,农业农村部定点市场,false,false,false,true,false,false,false,false,false,false,false,false,true,false,false,,,,,,false,false,false,,,,,,,,,,,,,,,,,,,,,1,wholesale_market,data/raw/moa_designated_wholesale_markets_2024.pdf,rec_797135f240199fec,A,true,按 PDF 两列表格抽取;原文件未提供详细地址和坐标。
cand_a998a8ae1e220c37,广东江门市白沙江南蔬菜禽畜批发市场,广东江门市白沙江南蔬菜禽畜批发市场,广东江门市白沙江南蔬菜禽畜批发市场,广东省,,,,,external,,market,,,,agricultural_wholesale_market,农业农村部定点农产品批发市场,农业农村部定点市场,false,false,false,true,false,true,false,false,false,false,false,false,true,false,false,,,,,,false,false,false,,,,,,,,,,,,,,,,,,,,,1,wholesale_market,data/raw/moa_designated_wholesale_markets_2024.pdf,rec_9eee26ede3bcc6ca,A,true,按 PDF 两列表格抽取;原文件未提供详细地址和坐标。
cand_a9afd824306d4b10,贵州贵阳地利农产品物流园,贵州贵阳地利农产品物流园,贵州贵阳地利农产品物流园,贵州省,,,,,external,,market,,,,agricultural_wholesale_market,农业农村部定点农产品批发市场,农业农村部定点市场,false,false,false,true,false,false,false,false,false,false,false,false,true,false,false,,,,,,false,false,false,,,,,,,,,,,,,,,,,,,,,1,wholesale_market,data/raw/moa_designated_wholesale_markets_2024.pdf,rec_e67a9ac504eb3f30,A,true,按 PDF 两列表格抽取;原文件未提供详细地址和坐标。
cand_aac668e17c0e0946,江苏徐州源洋商贸发展有限公司(江苏徐州农副产品中心批发市场),江苏徐州源洋商贸发展有限公司(江苏徐州农副产品中心批发市场),江苏徐州源洋商贸发展有限公司(江苏徐州农副产品中心批发市场),江苏省,,,,,external,,market,,,,agricultural_wholesale_market,农业农村部定点农产品批发市场,农业农村部定点市场,false,false,false,true,false,false,false,false,false,false,false,false,true,false,false,,,,,,false,false,false,,,,,,,,,,,,,,,,,,,,,1,wholesale_market,data/raw/moa_designated_wholesale_markets_2024.pdf,rec_54a91093802d2a72,A,true,按 PDF 两列表格抽取;原文件未提供详细地址和坐标。
cand_aac83fe8a0cb1611,浙江松门水产品批发市场,浙江松门水产品批发市场,浙江松门水产品批发市场,浙江省,,,,,external,,market,,,,agricultural_wholesale_market,农业农村部定点农产品批发市场,农业农村部定点市场,false,false,false,true,false,false,false,true,false,false,false,false,true,false,false,,,,,,false,false,false,,,,,,,,,,,,,,,,,,,,,1,wholesale_market,data/raw/moa_designated_wholesale_markets_2024.pdf,rec_26e944d538546f38,A,true,按 PDF 两列表格抽取;原文件未提供详细地址和坐标。
cand_aaf3e1ebc7812a01,天峨县粮食购销公司,天峨县粮食购销公司,天峨县粮食购销公司,广西壮族自治区,河池市,天峨县,,,reserve,,organization,,,,grain_reserve,储备商品管理公司及其直属库,广西储备商品管理公司及其直属库名单(桂财税〔2024〕8号),true,false,false,false,false,false,false,false,false,false,false,false,false,false,false,,,,,,false,true,false,,,,,,,,,,,,,,,,,,,,,1,grain_reserve,data/raw/guangxi_reserve_companies_2024.html,rec_f7e36f6968b6e842,A,true,名单证明储备体系资格，但企业主体或管理机构名称不等同于具体物理粮库。 使用 lxml 从 HTML 正文容器按“行政区标题 + 序号 + 单位名称”结构抽取;原正文段落序号 279。
cand_aafc75f49d0305b1,江苏南京农副产品物流配送中心有限公司,江苏南京农副产品物流配送中心有限公司,江苏南京农副产品物流配送中心有限公司,江苏省,,,,,external,,market,,,,agricultural_wholesale_market,农业农村部定点农产品批发市场,农业农村部定点市场,false,false,false,true,false,false,false,false,false,false,false,false,true,false,false,,,,,,false,false,false,,,,,,,,,,,,,,,,,,,,,1,wholesale_market,data/raw/moa_designated_wholesale_markets_2024.pdf,rec_815c09ec9d44d612,A,true,按 PDF 两列表格抽取;原文件未提供详细地址和坐标。
cand_ab16393969901ac5,灵山县那隆粮食管理所,灵山县那隆粮食管理所,灵山县那隆粮食管理所,广西壮族自治区,钦州市,灵山县,,,reserve,,unknown,,,,grain_reserve,储备商品管理公司及其直属库,广西储备商品管理公司及其直属库名单(桂财税〔2024〕8号),true,false,false,false,false,false,false,false,false,false,false,false,false,false,false,,,,,,false,true,false,,,,,,,,,,,,,,,,,,,,,1,grain_reserve,data/raw/guangxi_reserve_companies_2024.html,rec_edff9839e2c54f59,A,true,名单证明储备体系资格，但企业主体或管理机构名称不等同于具体物理粮库。 使用 lxml 从 HTML 正文容器按“行政区标题 + 序号 + 单位名称”结构抽取;原正文段落序号 196。
cand_ab9827625921a1b8,广西那鑫食品有限公司,广西那鑫食品有限公司,广西那鑫食品有限公司,广西壮族自治区,,,,百色市/平果市,reserve,,organization,,,,government_procurement_supplier,生鲜时蔬、水果类,政府采购入围/中标供应商,false,false,true,true,false,true,true,false,false,false,false,false,false,false,false,,,,,,false,false,true,,,,,,,,,,,,,,,,,,,,,1,government_procurement,data/raw/pingguo_vegetable_fruit_suppliers.pdf,rec_3537e9fd9d0f70d1,C,true,"采购供应商身份不等同于实体仓储节点。 采购资料未提供企业地址；服务项目区域与企业所在地严格分开。 可确认位于广西，但当前证据不足以安全确定地级市。 PDF 表格未提供地址和统一社会信用代码;服务项目所在地为平果市,不能据此推断企业所在地。 采购供应商地址不自动视为仓库地址；仅在原文出现仓库、粮库、配送中心、冷库、厂房等明确词时标记相应能力。"
cand_abe3f5d1ba69ff51,贵港市天纯食品配送有限公司,贵港市天纯食品配送有限公司,贵港市天纯食品配送有限公司,广西壮族自治区,贵港市,港北区,贵港市港北区西江农场广场南面的西江商贸城二期钢棚铺面(1#棚1-5号铺面),贵港市,reserve,91450802MAA7AJTB21,organization,,,,government_procurement_supplier,畜肉类;生鲜时蔬、水果类,政府采购入围/中标供应商,false,false,true,true,true,true,true,false,false,false,false,false,true,false,false,,,,,,false,false,true,,,,,,,,,,,,,,,,,,,,,2,government_procurement,data/raw/guigang_food_suppliers_310.pdf,rec_7ebe7be9804cc01a;rec_517dc4f854cf7862,C,true,"采购供应商身份不等同于实体仓储节点。 采购资料中的地址按企业登记/联系地址处理，不自动等同于仓库或配送节点地址。 按 PDF 表格行批量抽取;地址视为供应商登记/联系地址,不自动认定为仓储节点。 采购供应商地址不自动视为仓库地址；仅在原文出现仓库、粮库、配送中心、冷库、厂房等明确词时标记相应能力。"
cand_abed55de0478c561,黑龙江宝清县紫香白瓜籽交易市场有限公司,黑龙江宝清县紫香白瓜籽交易市场有限公司,黑龙江宝清县紫香白瓜籽交易市场有限公司,黑龙江省,,,,,external,,market,,,,agricultural_wholesale_market,农业农村部定点农产品批发市场,农业农村部定点市场,false,false,false,true,false,false,false,false,false,false,false,false,true,false,false,,,,,,false,false,false,,,,,,,,,,,,,,,,,,,,,1,wholesale_market,data/raw/moa_designated_wholesale_markets_2024.pdf,rec_5e2da81728ced985,A,true,按 PDF 两列表格抽取;原文件未提供详细地址和坐标。
cand_aca7e45e031df15f,灵川县储备粮管理公司,灵川县储备粮管理公司,灵川县储备粮管理公司,广西壮族自治区,桂林市,,,,reserve,,organization,,,,grain_reserve,储备商品管理公司及其直属库,广西储备商品管理公司及其直属库名单(桂财税〔2024〕8号),true,false,false,false,false,false,false,false,false,false,false,false,false,false,false,,,,,,false,true,false,,,,,,,,,,,,,,,,,,,,,1,grain_reserve,data/raw/guangxi_reserve_companies_2024.html,rec_b0ad235551d89eb7,A,true,名单证明储备体系资格，但企业主体或管理机构名称不等同于具体物理粮库。 使用 lxml 从 HTML 正文容器按“行政区标题 + 序号 + 单位名称”结构抽取;原正文段落序号 112。
cand_acf1f2cdb3fad323,广西防城港华粮仓储有限公司,广西防城港华粮仓储有限公司,广西防城港华粮仓储有限公司,广西壮族自治区,防城港市,,,,reserve,,organization,,,,other,储备商品管理公司及其直属库,广西储备商品管理公司及其直属库名单(桂财税〔2024〕8号),true,false,false,false,false,false,false,false,false,false,true,false,false,false,false,,,,,,false,true,false,,,,,,,,,,,,,,,,,,,,,1,grain_reserve,data/raw/guangxi_reserve_companies_2024.html,rec_bc00205b13968f44,A,true,属于储备商品管理公司及其直属库名单，但名称不足以安全判断为具体粮库或储备管理机构。 使用 lxml 从 HTML 正文容器按“行政区标题 + 序号 + 单位名称”结构抽取;原正文段落序号 30。
cand_acfce0f83b5be898,辽宁辽阳市果品批发市场,辽宁辽阳市果品批发市场,辽宁辽阳市果品批发市场,辽宁省,,,,,external,,market,,,,agricultural_wholesale_market,农业农村部定点农产品批发市场,农业农村部定点市场,false,false,false,true,false,false,true,false,false,false,false,false,true,false,false,,,,,,false,false,false,,,,,,,,,,,,,,,,,,,,,1,wholesale_market,data/raw/moa_designated_wholesale_markets_2024.pdf,rec_90072ddb3ac76786,A,true,按 PDF 两列表格抽取;原文件未提供详细地址和坐标。
cand_ad195e20cbd6823b,湖南红联大市场,湖南红联大市场,湖南红联大市场,湖南省,,,,,external,,market,,,,agricultural_wholesale_market,农业农村部定点农产品批发市场,农业农村部定点市场,false,false,false,true,false,false,false,false,false,false,false,false,true,false,false,,,,,,false,false,false,,,,,,,,,,,,,,,,,,,,,1,wholesale_market,data/raw/moa_designated_wholesale_markets_2024.pdf,rec_8c358714423717e5,A,true,按 PDF 两列表格抽取;原文件未提供详细地址和坐标。
cand_ad2d12e0ae07a47f,广东深圳市海吉星国际农产品物流园,广东深圳市海吉星国际农产品物流园,广东深圳市海吉星国际农产品物流园,广东省,,,,,external,,market,,,,agricultural_wholesale_market,农业农村部定点农产品批发市场,农业农村部定点市场,false,false,false,true,false,false,false,false,false,false,false,false,true,false,false,,,,,,false,false,false,,,,,,,,,,,,,,,,,,,,,1,wholesale_market,data/raw/moa_designated_wholesale_markets_2024.pdf,rec_bfe1a08d067c5bab,A,true,按 PDF 两列表格抽取;原文件未提供详细地址和坐标。
cand_ad64685ed66719c9,钦州市钦南区城区粮食储备库,钦州市钦南区城区粮食储备库,钦州市钦南区城区粮食储备库,广西壮族自治区,钦州市,,,,reserve,,physical_site,,,,grain_depot,储备商品管理公司及其直属库,广西储备商品管理公司及其直属库名单(桂财税〔2024〕8号),true,false,false,false,false,false,false,false,false,false,true,false,false,false,false,,,,,,false,true,false,,,,,,,,,,,,,,,,,,,,,1,grain_reserve,data/raw/guangxi_reserve_companies_2024.html,rec_de58b943396baa0a,A,true,使用 lxml 从 HTML 正文容器按“行政区标题 + 序号 + 单位名称”结构抽取;原正文段落序号 182。
cand_ad8f790c7c33f0b2,湖北浠水城北农产品批发市场,湖北浠水城北农产品批发市场,湖北浠水城北农产品批发市场,湖北省,,,,,external,,market,,,,agricultural_wholesale_market,农业农村部定点农产品批发市场,农业农村部定点市场,false,false,false,true,false,false,false,false,false,false,false,false,true,false,false,,,,,,false,false,false,,,,,,,,,,,,,,,,,,,,,1,wholesale_market,data/raw/moa_designated_wholesale_markets_2024.pdf,rec_080ead5170a4d5a5,A,true,按 PDF 两列表格抽取;原文件未提供详细地址和坐标。
cand_ada1a3648c301b0c,防城港市防城区粮食购销有限公司,防城港市防城区粮食购销有限公司,防城港市防城区粮食购销有限公司,广西壮族自治区,防城港市,,,,reserve,,organization,,,,grain_reserve,储备商品管理公司及其直属库,广西储备商品管理公司及其直属库名单(桂财税〔2024〕8号),true,false,false,false,false,false,false,false,false,false,false,false,false,false,false,,,,,,false,true,false,,,,,,,,,,,,,,,,,,,,,1,grain_reserve,data/raw/guangxi_reserve_companies_2024.html,rec_5b6ecadf9f5a18cd,A,true,名单证明储备体系资格，但企业主体或管理机构名称不等同于具体物理粮库。 使用 lxml 从 HTML 正文容器按“行政区标题 + 序号 + 单位名称”结构抽取;原正文段落序号 213。
cand_adb769f2ceaeb170,湖南永州商业城果蔬批发市场,湖南永州商业城果蔬批发市场,湖南永州商业城果蔬批发市场,湖南省,,,,,external,,market,,,,agricultural_wholesale_market,农业农村部定点农产品批发市场,农业农村部定点市场,false,false,false,true,false,true,true,false,false,false,false,false,true,false,false,,,,,,false,false,false,,,,,,,,,,,,,,,,,,,,,1,wholesale_market,data/raw/moa_designated_wholesale_markets_2024.pdf,rec_de6350082c742608,A,true,按 PDF 两列表格抽取;原文件未提供详细地址和坐标。
cand_adba4378970afa36,金沙河集团有限公司,金沙河集团有限公司,金沙河集团有限公司,,,,,全国,external,,organization,,,,other,国家级粮食应急保障企业,国家级粮食应急保障企业,true,false,false,false,false,false,false,false,false,false,false,false,false,false,false,,,,,,true,false,false,,,,,,,,,,,,,,,,,,,,,2,grain_emergency,data/raw/national_emergency_grain_enterprises_2025_reassessment.wps;data/raw/national_emergency_grain_enterprises_batch2.pdf,rec_508b0acbd7a53b43;rec_5ffaf1ef2e1c313a,B,true,"官方名单未给出储运、加工、配送等具体子类，保守归为 other。 当前原始记录未提供可安全解析的省级所在地。 保留国家级粮食应急保障企业身份，不凭名称猜测具体功能分类。 原文件扩展名为 .wps,文件签名为 WPS/OLE 复合文档;只读转换为临时标准 DOCX 后抽取。来源年份由文件名推断。 按 PDF 文本层中的编号名单逐条抽取;原文件未提供地址和具体功能子类。"
cand_ade4df1a8f60d926,山西右玉玉羊畜产品有限责任公司(山西朔州市右玉县玉羊肉类批发市场),山西右玉玉羊畜产品有限责任公司(山西朔州市右玉县玉羊肉类批发市场),山西右玉玉羊畜产品有限责任公司(山西朔州市右玉县玉羊肉类批发市场),山西省,,,,,external,,market,,,,agricultural_wholesale_market,农业农村部定点农产品批发市场,农业农村部定点市场,false,false,false,true,true,false,false,false,false,false,false,false,true,false,false,,,,,,false,false,false,,,,,,,,,,,,,,,,,,,,,1,wholesale_market,data/raw/moa_designated_wholesale_markets_2024.pdf,rec_6c8a0036ff8cd033,A,true,按 PDF 两列表格抽取;原文件未提供详细地址和坐标。
cand_ae3d1487d9990b01,广西合浦麦香皇食品有限公司,广西合浦麦香皇食品有限公司,广西合浦麦香皇食品有限公司,广西壮族自治区,北海市,合浦县,广西壮族自治区北海市合浦县廉州镇合浦大道东侧A1厂房(月饼小镇内),北海市,reserve,91450521MA5L0XWL05,organization,,,,government_procurement_supplier,面包糕点奶制品,政府采购入围/中标供应商,false,false,true,true,false,false,false,false,true,false,false,true,false,false,false,,,,,,false,false,true,,,,,,,,,,,,,,,,,,,,,1,government_procurement,data/raw/beihai_food_suppliers.pdf,rec_a1a5a9ee5e4fbf90,B,true,"采购供应商身份不等同于实体仓储节点。 采购资料中的地址按企业登记/联系地址处理，不自动等同于仓库或配送节点地址。 按 PDF 表格行批量抽取;地址视为供应商登记/联系地址,不自动认定为仓储节点。 采购供应商地址不自动视为仓库地址；仅在原文出现仓库、粮库、配送中心、冷库、厂房等明确词时标记相应能力。"
cand_ae9843ba50bcf277,那坡县储备粮管理中心,那坡县储备粮管理中心,那坡县储备粮管理中心,广西壮族自治区,百色市,那坡县,,,reserve,,organization,,,,grain_reserve,储备商品管理公司及其直属库,广西储备商品管理公司及其直属库名单(桂财税〔2024〕8号),true,false,false,false,false,false,false,false,false,false,false,false,false,false,false,,,,,,false,true,false,,,,,,,,,,,,,,,,,,,,,1,grain_reserve,data/raw/guangxi_reserve_companies_2024.html,rec_6ae2b65d42051c23,A,true,名单证明储备体系资格，但企业主体或管理机构名称不等同于具体物理粮库。 使用 lxml 从 HTML 正文容器按“行政区标题 + 序号 + 单位名称”结构抽取;原正文段落序号 250。
cand_aeec3f3a4f14b042,广西汇源供应链有限公司,广西汇源供应链有限公司,广西汇源供应链有限公司,广西壮族自治区,贵港市,港北区,广西壮族自治区贵港市港北区贵城街道西江产业园区西二路与西一路交汇处西北角(广西汇源包装有限公司厂房),贵港市,reserve,91450800MADMPGLH38,organization,,,,government_procurement_supplier,鲜湿米粉、面食、糕点等早餐类、豆制品类,政府采购入围/中标供应商,true,false,true,false,false,false,false,false,false,false,false,true,false,false,false,,,,,,false,false,true,,,,,,,,,,,,,,,,,,,,,1,government_procurement,data/raw/guigang_food_suppliers_310.pdf,rec_7c9550e8fde675fe,B,true,"采购供应商身份不等同于实体仓储节点。 采购资料中的地址按企业登记/联系地址处理，不自动等同于仓库或配送节点地址。 按 PDF 表格行批量抽取;地址视为供应商登记/联系地址,不自动认定为仓储节点。 采购供应商地址不自动视为仓库地址；仅在原文出现仓库、粮库、配送中心、冷库、厂房等明确词时标记相应能力。"
cand_af3562ed9749e697,湖北黄冈市天宏商贸有限公司天宏农副产品分公司(湖北黄冈天宏农副产品批发市场),湖北黄冈市天宏商贸有限公司天宏农副产品分公司(湖北黄冈天宏农副产品批发市场),湖北黄冈市天宏商贸有限公司天宏农副产品分公司(湖北黄冈天宏农副产品批发市场),湖北省,,,,,external,,market,,,,agricultural_wholesale_market,农业农村部定点农产品批发市场,农业农村部定点市场,false,false,false,true,false,false,false,false,false,false,false,false,true,false,false,,,,,,false,false,false,,,,,,,,,,,,,,,,,,,,,1,wholesale_market,data/raw/moa_designated_wholesale_markets_2024.pdf,rec_c8b033aac3d6fbd1,A,true,按 PDF 两列表格抽取;原文件未提供详细地址和坐标。
cand_afafba6a04f10f70,浙江金华农产品批发市场有限公司,浙江金华农产品批发市场有限公司,浙江金华农产品批发市场有限公司,浙江省,,,,,external,,market,,,,agricultural_wholesale_market,农业农村部定点农产品批发市场,农业农村部定点市场,false,false,false,true,false,false,false,false,false,false,false,false,true,false,false,,,,,,false,false,false,,,,,,,,,,,,,,,,,,,,,1,wholesale_market,data/raw/moa_designated_wholesale_markets_2024.pdf,rec_75d8487463501d1f,A,true,按 PDF 两列表格抽取;原文件未提供详细地址和坐标。
cand_b037ea45f0f5cc41,山东安丘市姜蒜批发市场服务中心,山东安丘市姜蒜批发市场服务中心,山东安丘市姜蒜批发市场服务中心,山东省,,,,,external,,market,,,,agricultural_wholesale_market,农业农村部定点农产品批发市场,农业农村部定点市场,false,false,false,true,false,false,false,false,false,false,false,false,true,false,false,,,,,,false,false,false,,,,,,,,,,,,,,,,,,,,,1,wholesale_market,data/raw/moa_designated_wholesale_markets_2024.pdf,rec_53f109c13d637250,A,true,按 PDF 两列表格抽取;原文件未提供详细地址和坐标。
cand_b06c42b8fa1ee5bf,益海嘉里金龙鱼食品股份有限公司,益海嘉里金龙鱼食品股份有限公司,益海嘉里金龙鱼食品股份有限公司(原名:益海嘉里金龙鱼粮油食品股份有限公司);益海嘉里金龙鱼粮油食品股份有限公司,,,,,全国,external,,organization,,,,emergency_processing,国家级粮食应急保障企业,国家级粮食应急保障企业,true,true,true,false,false,false,false,false,false,false,false,false,false,false,false,,,,,,true,false,false,,,,,,,,,,,,,,,,,,,,,2,grain_emergency,data/raw/national_emergency_grain_enterprises_2025_reassessment.wps;data/raw/national_emergency_grain_enterprises_batch2.pdf,rec_d0546afa2cea7db5;rec_58af1c38e036aaed,B,true,"当前原始记录未提供可安全解析的省级所在地。 原文件扩展名为 .wps,文件签名为 WPS/OLE 复合文档;只读转换为临时标准 DOCX 后抽取。来源年份由文件名推断。 按 PDF 文本层中的编号名单逐条抽取;原文件未提供地址和具体功能子类。"
cand_b0778a9a5e12f7ed,广西万乡河餐饮集团有限公司,广西万乡河餐饮集团有限公司,广西万乡河餐饮集团有限公司,广西壮族自治区,南宁市,,南宁市广西-东盟经济技术开发区安平路23号(1号厂房),北海市;贵港市;百色市/平果市,primary,91450100MA5KBGRT7J,organization,,,,government_procurement_supplier,米面油干货类;肉及水产类;畜肉类;禽肉类;鲜湿米粉、面食、糕点等早餐类、豆制品类;生鲜时蔬、水果类;冷冻品类;鲜肉类,政府采购入围/中标供应商,true,true,true,true,true,true,true,true,false,false,false,true,false,false,false,,,,,,false,false,true,,,,,,,,,,,,,,,,,,,,,9,government_procurement,data/raw/beihai_food_suppliers.pdf;data/raw/guigang_food_suppliers_310.pdf;data/raw/pingguo_meat_suppliers.pdf;data/raw/pingguo_vegetable_fruit_suppliers.pdf,rec_6c463fedbab6175b;rec_dcc36ac0282b6f2b;rec_b3c4eb7db7a799bd;rec_157027e022047c74;rec_169907eed22b65ca;rec_77bd352a2c09c2e8;rec_fcdcbd5c644c9912;rec_47d6718866b48c36;rec_286d5d606f41045c,B,true,"采购供应商身份不等同于实体仓储节点。 采购资料中的地址按企业登记/联系地址处理，不自动等同于仓库或配送节点地址。 按 PDF 表格行批量抽取;地址视为供应商登记/联系地址,不自动认定为仓储节点。 采购供应商身份不等同于实体仓储节点。 采购资料未提供企业地址；服务项目区域与企业所在地严格分开。 可确认位于广西，但当前证据不足以安全确定地级市。 PDF 表格未提供地址和统一社会信用代码;服务项目所在地为平果市,不能据此推断企业所在地。 采购供应商地址不自动视为仓库地址；仅在原文出现仓库、粮库、配送中心、冷库、厂房等明确词时标记相应能力。"
cand_b09c36f7c89c3231,北海市银海区福豆豆制品加工厂(个体工商户),北海市银海区福豆豆制品加工厂(个体工商户),北海市银海区福豆豆制品加工厂(个体工商户),广西壮族自治区,北海市,银海区,沙江路2号3栋内,北海市,reserve,92450503MAEDQ8956Y,unknown,,,,government_procurement_supplier,米粉豆制品类,政府采购入围/中标供应商,true,false,true,false,false,false,false,false,false,false,false,true,false,false,false,,,,,,false,false,true,,,,,,,,,,,,,,,,,,,,,1,government_procurement,data/raw/beihai_food_suppliers.pdf,rec_1f8e87bda1900a2f,C,true,"采购供应商身份不等同于实体仓储节点。 采购资料中的地址按企业登记/联系地址处理，不自动等同于仓库或配送节点地址。 按 PDF 表格行批量抽取;地址视为供应商登记/联系地址,不自动认定为仓储节点。 采购供应商地址不自动视为仓库地址；仅在原文出现仓库、粮库、配送中心、冷库、厂房等明确词时标记相应能力。"
cand_b0c681bb2695597e,渝西国际商贸物流港,渝西国际商贸物流港,渝西国际商贸物流港,重庆市,重庆市,,,,external,,market,,,,agricultural_wholesale_market,农业农村部定点农产品批发市场,农业农村部定点市场,false,false,false,true,false,false,false,false,false,false,false,false,true,false,false,,,,,,false,false,false,,,,,,,,,,,,,,,,,,,,,1,wholesale_market,data/raw/moa_designated_wholesale_markets_2024.pdf,rec_be12237ce5386c18,A,true,按 PDF 两列表格抽取;原文件未提供详细地址和坐标。
cand_b13d851b2ade9f41,广西新柳邕农产品批发市场,广西新柳邕农产品批发市场,广西新柳邕农产品批发市场,广西壮族自治区,,,,,reserve,,market,,,,agricultural_wholesale_market,农业农村部定点农产品批发市场,农业农村部定点市场,false,false,false,true,false,false,false,false,false,false,false,false,true,false,false,,,,,,false,false,false,,,,,,,,,,,,,,,,,,,,,1,wholesale_market,data/raw/moa_designated_wholesale_markets_2024.pdf,rec_d30dfd2d337ab598,A,true,可确认位于广西，但当前证据不足以安全确定地级市。 按 PDF 两列表格抽取;原文件未提供详细地址和坐标。
cand_b1c8974083f54cb0,河南志情面业有限责任公司,河南志情面业有限责任公司,河南志情面业有限责任公司,河南省,,,,全国,external,,organization,,,,other,国家级粮食应急保障企业,国家级粮食应急保障企业,true,false,false,false,false,false,false,false,false,false,false,false,false,false,false,,,,,,true,false,false,,,,,,,,,,,,,,,,,,,,,2,grain_emergency,data/raw/national_emergency_grain_enterprises_2025_reassessment.wps;data/raw/national_emergency_grain_enterprises_batch2.pdf,rec_fe6e220f730338f4;rec_17de8a966f28eda6,B,true,"官方名单未给出储运、加工、配送等具体子类，保守归为 other。 保留国家级粮食应急保障企业身份，不凭名称猜测具体功能分类。 原文件扩展名为 .wps,文件签名为 WPS/OLE 复合文档;只读转换为临时标准 DOCX 后抽取。来源年份由文件名推断。 按 PDF 文本层中的编号名单逐条抽取;原文件未提供地址和具体功能子类。"
cand_b1d9c3d72c515ed9,甘肃兰州蒋氏农产品有限公司(甘肃省榆中县蒋氏农产品交易市场),甘肃兰州蒋氏农产品有限公司(甘肃省榆中县蒋氏农产品交易市场),甘肃兰州蒋氏农产品有限公司(甘肃省榆中县蒋氏农产品交易市场),甘肃省,,,,,external,,market,,,,agricultural_wholesale_market,农业农村部定点农产品批发市场,农业农村部定点市场,false,false,false,true,false,false,false,false,false,false,false,false,true,false,false,,,,,,false,false,false,,,,,,,,,,,,,,,,,,,,,1,wholesale_market,data/raw/moa_designated_wholesale_markets_2024.pdf,rec_e4d7cf352e591d94,A,true,按 PDF 两列表格抽取;原文件未提供详细地址和坐标。
cand_b1de0d89f789d020,黑龙江齐齐哈尔市站前农产品综合批发市场,黑龙江齐齐哈尔市站前农产品综合批发市场,黑龙江齐齐哈尔市站前农产品综合批发市场,黑龙江省,,,,,external,,market,,,,agricultural_wholesale_market,农业农村部定点农产品批发市场,农业农村部定点市场,false,false,false,true,false,false,false,false,false,false,false,false,true,false,false,,,,,,false,false,false,,,,,,,,,,,,,,,,,,,,,1,wholesale_market,data/raw/moa_designated_wholesale_markets_2024.pdf,rec_6877542a603ad07a,A,true,按 PDF 两列表格抽取;原文件未提供详细地址和坐标。
cand_b1e7a44a1d41b72f,广西北海美味达配送有限公司,广西北海美味达配送有限公司,广西北海美味达配送有限公司,广西壮族自治区,北海市,,中山东路316号,北海市,reserve,91450500MAD8A57L29,organization,,,,government_procurement_supplier,面包糕点奶制品,政府采购入围/中标供应商,false,false,true,true,false,false,false,false,true,false,false,false,true,false,false,,,,,,false,false,true,,,,,,,,,,,,,,,,,,,,,1,government_procurement,data/raw/beihai_food_suppliers.pdf,rec_cf0461eca9be0a72,C,true,"采购供应商身份不等同于实体仓储节点。 采购资料中的地址按企业登记/联系地址处理，不自动等同于仓库或配送节点地址。 按 PDF 表格行批量抽取;地址视为供应商登记/联系地址,不自动认定为仓储节点。 采购供应商地址不自动视为仓库地址；仅在原文出现仓库、粮库、配送中心、冷库、厂房等明确词时标记相应能力。"
cand_b222f2476f4c4b25,广西福松贸易有限公司,广西福松贸易有限公司,广西福松贸易有限公司,广西壮族自治区,梧州市,,,,reserve,,organization,,,,other,储备商品管理公司及其直属库,广西储备商品管理公司及其直属库名单(桂财税〔2024〕8号),true,false,false,false,false,false,false,false,false,false,false,false,false,false,false,,,,,,false,true,false,,,,,,,,,,,,,,,,,,,,,1,grain_reserve,data/raw/guangxi_reserve_companies_2024.html,rec_3300d9965512664e,A,true,属于储备商品管理公司及其直属库名单，但名称不足以安全判断为具体粮库或储备管理机构。 使用 lxml 从 HTML 正文容器按“行政区标题 + 序号 + 单位名称”结构抽取;原正文段落序号 143。
cand_b273b60f74002829,北海市成达食品有限公司,北海市成达食品有限公司,北海市成达食品有限公司,广西壮族自治区,北海市,海城区,广西壮族自治区北海市海城区北海大道与湖南路交汇处东南角金癸花园A1-6号,北海市,reserve,91450502MA5MXQT60R,organization,,,,government_procurement_supplier,肉及水产类;果蔬类,政府采购入围/中标供应商,false,false,true,true,true,true,true,true,false,false,false,false,false,false,false,,,,,,false,false,true,,,,,,,,,,,,,,,,,,,,,2,government_procurement,data/raw/beihai_food_suppliers.pdf,rec_d85178a101fbe14a;rec_6230b3eff96f72bf,C,true,"采购供应商身份不等同于实体仓储节点。 采购资料中的地址按企业登记/联系地址处理，不自动等同于仓库或配送节点地址。 按 PDF 表格行批量抽取;地址视为供应商登记/联系地址,不自动认定为仓储节点。 采购供应商地址不自动视为仓库地址；仅在原文出现仓库、粮库、配送中心、冷库、厂房等明确词时标记相应能力。"
cand_b28b80a4a4871143,山东青州市佳腾瓜菜购销服务中心,山东青州市佳腾瓜菜购销服务中心,山东青州市佳腾瓜菜购销服务中心,山东省,,,,,external,,market,,,,agricultural_wholesale_market,农业农村部定点农产品批发市场,农业农村部定点市场,false,false,false,true,false,true,false,false,false,false,false,false,true,false,false,,,,,,false,false,false,,,,,,,,,,,,,,,,,,,,,1,wholesale_market,data/raw/moa_designated_wholesale_markets_2024.pdf,rec_236f7ab294b8caa5,A,true,按 PDF 两列表格抽取;原文件未提供详细地址和坐标。
cand_b292a382d5ed8fa4,河北宁晋县绿源蔬菜果品批发市场有限公司,河北宁晋县绿源蔬菜果品批发市场有限公司,河北宁晋县绿源蔬菜果品批发市场有限公司,河北省,,,,,external,,market,,,,agricultural_wholesale_market,农业农村部定点农产品批发市场,农业农村部定点市场,false,false,false,true,false,true,true,false,false,false,false,false,true,false,false,,,,,,false,false,false,,,,,,,,,,,,,,,,,,,,,1,wholesale_market,data/raw/moa_designated_wholesale_markets_2024.pdf,rec_5a2e6d225e559479,A,true,按 PDF 两列表格抽取;原文件未提供详细地址和坐标。
cand_b307cb5978730a33,灵山县沙坪粮食管理所,灵山县沙坪粮食管理所,灵山县沙坪粮食管理所,广西壮族自治区,钦州市,灵山县,,,reserve,,unknown,,,,grain_reserve,储备商品管理公司及其直属库,广西储备商品管理公司及其直属库名单(桂财税〔2024〕8号),true,false,false,false,false,false,false,false,false,false,false,false,false,false,false,,,,,,false,true,false,,,,,,,,,,,,,,,,,,,,,1,grain_reserve,data/raw/guangxi_reserve_companies_2024.html,rec_6ede80013ccc33fe,A,true,名单证明储备体系资格，但企业主体或管理机构名称不等同于具体物理粮库。 使用 lxml 从 HTML 正文容器按“行政区标题 + 序号 + 单位名称”结构抽取;原正文段落序号 193。
cand_b378f467a729099c,新疆昌吉市亚中商城综合批发市场,新疆昌吉市亚中商城综合批发市场,新疆昌吉市亚中商城综合批发市场,新疆维吾尔自治区,,,,,external,,market,,,,agricultural_wholesale_market,农业农村部定点农产品批发市场,农业农村部定点市场,false,false,false,true,false,false,false,false,false,false,false,false,true,false,false,,,,,,false,false,false,,,,,,,,,,,,,,,,,,,,,1,wholesale_market,data/raw/moa_designated_wholesale_markets_2024.pdf,rec_ce9c674111549304,A,true,按 PDF 两列表格抽取;原文件未提供详细地址和坐标。
cand_b39c521b119d6dd5,青海裕泰牛羊肉交易市场,青海裕泰牛羊肉交易市场,青海裕泰牛羊肉交易市场,青海省,,,,,external,,market,,,,agricultural_wholesale_market,农业农村部定点农产品批发市场,农业农村部定点市场,false,false,false,true,true,false,false,false,false,false,false,false,true,false,false,,,,,,false,false,false,,,,,,,,,,,,,,,,,,,,,1,wholesale_market,data/raw/moa_designated_wholesale_markets_2024.pdf,rec_9e8bf471b6ab4047,A,true,按 PDF 两列表格抽取;原文件未提供详细地址和坐标。
cand_b3b2af51c7d14cdf,广西全州国家粮食储备库,广西全州国家粮食储备库,广西全州国家粮食储备库,广西壮族自治区,桂林市,,,,reserve,,physical_site,,,,grain_depot,储备商品管理公司及其直属库,广西储备商品管理公司及其直属库名单(桂财税〔2024〕8号),true,false,false,false,false,false,false,false,false,false,true,false,false,false,false,,,,,,false,true,false,,,,,,,,,,,,,,,,,,,,,1,grain_reserve,data/raw/guangxi_reserve_companies_2024.html,rec_31fc44c7f10e4150,A,true,使用 lxml 从 HTML 正文容器按“行政区标题 + 序号 + 单位名称”结构抽取;原正文段落序号 96。
cand_b3c4e0179fcd8f0a,川九襄农贸商城,川九襄农贸商城,川九襄农贸商城,四川省,,,,,external,,market,,,,agricultural_wholesale_market,农业农村部定点农产品批发市场,农业农村部定点市场,false,false,false,true,false,false,false,false,false,false,false,false,true,false,false,,,,,,false,false,false,,,,,,,,,,,,,,,,,,,,,1,wholesale_market,data/raw/moa_designated_wholesale_markets_2024.pdf,rec_27124c6a4747f8ea,A,true,按 PDF 两列表格抽取;原文件未提供详细地址和坐标。
cand_b3e09f3022bf3bd7,浙江温州市浙南农副产品中心市场,浙江温州市浙南农副产品中心市场,浙江温州市浙南农副产品中心市场,浙江省,,,,,external,,market,,,,agricultural_wholesale_market,农业农村部定点农产品批发市场,农业农村部定点市场,false,false,false,true,false,false,false,false,false,false,false,false,true,false,false,,,,,,false,false,false,,,,,,,,,,,,,,,,,,,,,1,wholesale_market,data/raw/moa_designated_wholesale_markets_2024.pdf,rec_71027e63b91442d3,A,true,按 PDF 两列表格抽取;原文件未提供详细地址和坐标。
cand_b42c8b1f985cbf58,灌阳县宏泰粮油有限责任公司,灌阳县宏泰粮油有限责任公司,灌阳县宏泰粮油有限责任公司,广西壮族自治区,桂林市,灌阳县,,,reserve,,organization,,,,other,储备商品管理公司及其直属库,广西储备商品管理公司及其直属库名单(桂财税〔2024〕8号),true,true,false,false,false,false,false,false,false,false,false,false,false,false,false,,,,,,false,true,false,,,,,,,,,,,,,,,,,,,,,1,grain_reserve,data/raw/guangxi_reserve_companies_2024.html,rec_8b8236d996f42b0d,A,true,属于储备商品管理公司及其直属库名单，但名称不足以安全判断为具体粮库或储备管理机构。 使用 lxml 从 HTML 正文容器按“行政区标题 + 序号 + 单位名称”结构抽取;原正文段落序号 108。
cand_b4fa16520a8d7729,北流市珍威米业有限公司,北流市珍威米业有限公司,北流市珍威米业有限公司,广西壮族自治区,玉林市,,,,reserve,,organization,,,,other,储备商品管理公司及其直属库,广西储备商品管理公司及其直属库名单(桂财税〔2024〕8号),true,false,false,false,false,false,false,false,false,false,false,false,false,false,false,,,,,,false,true,false,,,,,,,,,,,,,,,,,,,,,1,grain_reserve,data/raw/guangxi_reserve_companies_2024.html,rec_3b3005dbf8f056ae,A,true,属于储备商品管理公司及其直属库名单，但名称不足以安全判断为具体粮库或储备管理机构。 使用 lxml 从 HTML 正文容器按“行政区标题 + 序号 + 单位名称”结构抽取;原正文段落序号 301。
cand_b506779a600eb420,贵州遵义市博源果蔬市场经营管理有限公司,贵州遵义市博源果蔬市场经营管理有限公司,贵州遵义市博源果蔬市场经营管理有限公司,贵州省,,,,,external,,market,,,,agricultural_wholesale_market,农业农村部定点农产品批发市场,农业农村部定点市场,false,false,false,true,false,true,true,false,false,false,false,false,true,false,false,,,,,,false,false,false,,,,,,,,,,,,,,,,,,,,,1,wholesale_market,data/raw/moa_designated_wholesale_markets_2024.pdf,rec_76de54138fbaeed4,A,true,按 PDF 两列表格抽取;原文件未提供详细地址和坐标。
cand_b53097fecb6bb9b6,广西宇桐食品有限公司,广西宇桐食品有限公司,广西宇桐食品有限公司,广西壮族自治区,,,,百色市/平果市,reserve,,organization,,,,government_procurement_supplier,鲜肉类;生鲜时蔬、水果类,政府采购入围/中标供应商,false,false,true,true,true,true,true,false,false,false,false,false,false,false,false,,,,,,false,false,true,,,,,,,,,,,,,,,,,,,,,2,government_procurement,data/raw/pingguo_meat_suppliers.pdf;data/raw/pingguo_vegetable_fruit_suppliers.pdf,rec_c449d4ce6bdd1512;rec_922aee215471cefc,C,true,"采购供应商身份不等同于实体仓储节点。 采购资料未提供企业地址；服务项目区域与企业所在地严格分开。 可确认位于广西，但当前证据不足以安全确定地级市。 PDF 表格未提供地址和统一社会信用代码;服务项目所在地为平果市,不能据此推断企业所在地。 采购供应商地址不自动视为仓库地址；仅在原文出现仓库、粮库、配送中心、冷库、厂房等明确词时标记相应能力。"
cand_b55d5a0ff2a6f329,上海农产品中心批发市场经营管理有限公司,上海农产品中心批发市场经营管理有限公司,上海农产品中心批发市场经营管理有限公司,上海市,上海市,,,,external,,market,,,,agricultural_wholesale_market,农业农村部定点农产品批发市场,农业农村部定点市场,false,false,false,true,false,false,false,false,false,false,false,false,true,false,false,,,,,,false,false,false,,,,,,,,,,,,,,,,,,,,,1,wholesale_market,data/raw/moa_designated_wholesale_markets_2024.pdf,rec_f127e3e253db8378,A,true,按 PDF 两列表格抽取;原文件未提供详细地址和坐标。
cand_b564fa69a2feac09,河北承德市隆化县兴业大牲畜交易市场,河北承德市隆化县兴业大牲畜交易市场,河北承德市隆化县兴业大牲畜交易市场,河北省,,,,,external,,market,,,,agricultural_wholesale_market,农业农村部定点农产品批发市场,农业农村部定点市场,false,false,false,true,false,false,false,false,false,false,false,false,true,false,false,,,,,,false,false,false,,,,,,,,,,,,,,,,,,,,,1,wholesale_market,data/raw/moa_designated_wholesale_markets_2024.pdf,rec_639e0036f792b73c,A,true,按 PDF 两列表格抽取;原文件未提供详细地址和坐标。
cand_b56ea0cadf26d511,河南许昌市群发实业有限公司(河南许昌群发农产品批发市场),河南许昌市群发实业有限公司(河南许昌群发农产品批发市场),河南许昌市群发实业有限公司(河南许昌群发农产品批发市场),河南省,,,,,external,,market,,,,agricultural_wholesale_market,农业农村部定点农产品批发市场,农业农村部定点市场,false,false,false,true,false,false,false,false,false,false,false,false,true,false,false,,,,,,false,false,false,,,,,,,,,,,,,,,,,,,,,1,wholesale_market,data/raw/moa_designated_wholesale_markets_2024.pdf,rec_e7944e4714b26d15,A,true,按 PDF 两列表格抽取;原文件未提供详细地址和坐标。
cand_b5a0618267e4207c,河北首衡高碑店国际农产品交易中心,河北首衡高碑店国际农产品交易中心,河北首衡高碑店国际农产品交易中心,河北省,,,,,external,,market,,,,agricultural_wholesale_market,农业农村部定点农产品批发市场,农业农村部定点市场,false,false,false,true,false,false,false,false,false,false,false,false,true,false,false,,,,,,false,false,false,,,,,,,,,,,,,,,,,,,,,1,wholesale_market,data/raw/moa_designated_wholesale_markets_2024.pdf,rec_58d1d35895140edf,A,true,按 PDF 两列表格抽取;原文件未提供详细地址和坐标。
cand_b5bcca2104bd1cc1,广东深圳市福田农产品批发市场有限公司,广东深圳市福田农产品批发市场有限公司,广东深圳市福田农产品批发市场有限公司,广东省,,,,,external,,market,,,,agricultural_wholesale_market,农业农村部定点农产品批发市场,农业农村部定点市场,false,false,false,true,false,false,false,false,false,false,false,false,true,false,false,,,,,,false,false,false,,,,,,,,,,,,,,,,,,,,,1,wholesale_market,data/raw/moa_designated_wholesale_markets_2024.pdf,rec_26083902d95846c9,A,true,按 PDF 两列表格抽取;原文件未提供详细地址和坐标。
cand_b630175bcee48602,广西康然生态农业有限公司,广西康然生态农业有限公司,广西康然生态农业有限公司,广西壮族自治区,南宁市,,南宁市金凯路98号光科技产业园科研楼二,北海市;贵港市;百色市/平果市,primary,91450100MA5KDK5M1E,organization,,,,government_procurement_supplier,肉及水产类;果蔬类;畜肉类;禽肉类;生鲜时蔬、水果类;冷冻品类;鲜肉类,政府采购入围/中标供应商,false,false,true,true,true,true,true,true,false,false,false,false,false,false,false,,,,,,false,false,true,,,,,,,,,,,,,,,,,,,,,8,government_procurement,data/raw/beihai_food_suppliers.pdf;data/raw/guigang_food_suppliers_310.pdf;data/raw/pingguo_meat_suppliers.pdf;data/raw/pingguo_vegetable_fruit_suppliers.pdf,rec_3157ed7487407578;rec_b982a9f6382be577;rec_a5005c0266291b04;rec_cef76101ffc2cc4f;rec_6f6c76490a2f87de;rec_8cb0a26a0d35c24e;rec_ef65c2bcd9a44b1d;rec_7bb68806473dc697,C,true,"采购供应商身份不等同于实体仓储节点。 采购资料中的地址按企业登记/联系地址处理，不自动等同于仓库或配送节点地址。 按 PDF 表格行批量抽取;地址视为供应商登记/联系地址,不自动认定为仓储节点。 采购供应商身份不等同于实体仓储节点。 采购资料未提供企业地址；服务项目区域与企业所在地严格分开。 可确认位于广西，但当前证据不足以安全确定地级市。 PDF 表格未提供地址和统一社会信用代码;服务项目所在地为平果市,不能据此推断企业所在地。 采购供应商地址不自动视为仓库地址；仅在原文出现仓库、粮库、配送中心、冷库、厂房等明确词时标记相应能力。"
cand_b64998ca83a4fdf5,辽宁大连辽渔国际水产品市场,辽宁大连辽渔国际水产品市场,辽宁大连辽渔国际水产品市场,辽宁省,,,,,external,,market,,,,agricultural_wholesale_market,农业农村部定点农产品批发市场,农业农村部定点市场,false,false,false,true,false,false,false,true,false,false,false,false,true,false,false,,,,,,false,false,false,,,,,,,,,,,,,,,,,,,,,1,wholesale_market,data/raw/moa_designated_wholesale_markets_2024.pdf,rec_5712ef1859d7b90f,A,true,按 PDF 两列表格抽取;原文件未提供详细地址和坐标。
cand_b68be4c1d1ddaab5,广东汕头市农副产品批发中心市场,广东汕头市农副产品批发中心市场,广东汕头市农副产品批发中心市场,广东省,,,,,external,,market,,,,agricultural_wholesale_market,农业农村部定点农产品批发市场,农业农村部定点市场,false,false,false,true,false,false,false,false,false,false,false,false,true,false,false,,,,,,false,false,false,,,,,,,,,,,,,,,,,,,,,1,wholesale_market,data/raw/moa_designated_wholesale_markets_2024.pdf,rec_f16952f18d6bedc4,A,true,按 PDF 两列表格抽取;原文件未提供详细地址和坐标。
cand_b6cf881b953961c4,吉林农安县万隆三辣交易市场有限公司,吉林农安县万隆三辣交易市场有限公司,吉林农安县万隆三辣交易市场有限公司,吉林省,,,,,external,,market,,,,agricultural_wholesale_market,农业农村部定点农产品批发市场,农业农村部定点市场,false,false,false,true,false,false,false,false,false,false,false,false,true,false,false,,,,,,false,false,false,,,,,,,,,,,,,,,,,,,,,1,wholesale_market,data/raw/moa_designated_wholesale_markets_2024.pdf,rec_aa7c152b485554a2,A,true,按 PDF 两列表格抽取;原文件未提供详细地址和坐标。
cand_b71a3320ed0ee004,广西浩业贸易有限公司,广西浩业贸易有限公司,广西浩业贸易有限公司,广西壮族自治区,,,,百色市/平果市,reserve,,organization,,,,government_procurement_supplier,鲜肉类,政府采购入围/中标供应商,false,false,true,true,true,false,false,false,false,false,false,false,false,false,false,,,,,,false,false,true,,,,,,,,,,,,,,,,,,,,,1,government_procurement,data/raw/pingguo_meat_suppliers.pdf,rec_1f285fc9e98b2646,C,true,"采购供应商身份不等同于实体仓储节点。 采购资料未提供企业地址；服务项目区域与企业所在地严格分开。 可确认位于广西，但当前证据不足以安全确定地级市。 PDF 表格未提供地址和统一社会信用代码;服务项目所在地为平果市,不能据此推断企业所在地。 采购供应商地址不自动视为仓库地址；仅在原文出现仓库、粮库、配送中心、冷库、厂房等明确词时标记相应能力。"
cand_b71f6e61ff7607a5,北海强洁复兴商贸有限责任公司,北海强洁复兴商贸有限责任公司,北海强洁复兴商贸有限责任公司,广西壮族自治区,北海市,海城区,广西北海市海城区香港路38号,北海市,reserve,91450500729757171K,organization,,,,government_procurement_supplier,米面油干货类;肉及水产类,政府采购入围/中标供应商,true,true,true,true,true,false,false,true,false,false,false,false,false,false,false,,,,,,false,false,true,,,,,,,,,,,,,,,,,,,,,2,government_procurement,data/raw/beihai_food_suppliers.pdf,rec_7317dee0a3715ad9;rec_04a9d47fa59adaaa,C,true,"采购供应商身份不等同于实体仓储节点。 采购资料中的地址按企业登记/联系地址处理，不自动等同于仓库或配送节点地址。 按 PDF 表格行批量抽取;地址视为供应商登记/联系地址,不自动认定为仓储节点。 采购供应商地址不自动视为仓库地址；仅在原文出现仓库、粮库、配送中心、冷库、厂房等明确词时标记相应能力。"
cand_b7c0c6c426a15e3d,岑溪市粮食和物资储备中心,岑溪市粮食和物资储备中心,岑溪市粮食和物资储备中心,广西壮族自治区,梧州市,,,,reserve,,organization,,,,grain_reserve,储备商品管理公司及其直属库,广西储备商品管理公司及其直属库名单(桂财税〔2024〕8号),true,false,false,false,false,false,false,false,false,false,false,false,false,false,false,,,,,,false,true,false,,,,,,,,,,,,,,,,,,,,,1,grain_reserve,data/raw/guangxi_reserve_companies_2024.html,rec_e9af7465b79b5c2a,A,true,名单证明储备体系资格，但企业主体或管理机构名称不等同于具体物理粮库。 使用 lxml 从 HTML 正文容器按“行政区标题 + 序号 + 单位名称”结构抽取;原正文段落序号 159。
cand_b7ddb37d10626c82,武宣县粮食收储有限责任公司,武宣县粮食收储有限责任公司,武宣县粮食收储有限责任公司,广西壮族自治区,来宾市,,,,reserve,,organization,,,,grain_reserve,储备商品管理公司及其直属库,广西储备商品管理公司及其直属库名单(桂财税〔2024〕8号),true,false,false,false,false,false,false,false,false,false,false,false,false,false,false,,,,,,false,true,false,,,,,,,,,,,,,,,,,,,,,1,grain_reserve,data/raw/guangxi_reserve_companies_2024.html,rec_aea36edd213cdc0f,A,true,名单证明储备体系资格，但企业主体或管理机构名称不等同于具体物理粮库。 使用 lxml 从 HTML 正文容器按“行政区标题 + 序号 + 单位名称”结构抽取;原正文段落序号 372。
cand_b7e6049e83f42b93,贵州贵阳共享农创城,贵州贵阳共享农创城,贵州贵阳共享农创城,贵州省,,,,,external,,market,,,,agricultural_wholesale_market,农业农村部定点农产品批发市场,农业农村部定点市场,false,false,false,true,false,false,false,false,false,false,false,false,true,false,false,,,,,,false,false,false,,,,,,,,,,,,,,,,,,,,,1,wholesale_market,data/raw/moa_designated_wholesale_markets_2024.pdf,rec_7a8b85c566734fa7,A,true,按 PDF 两列表格抽取;原文件未提供详细地址和坐标。
cand_b7eab335595c04ea,南宁市食桂鲜农产品配送有限公司,南宁市食桂鲜农产品配送有限公司,南宁市食桂鲜农产品配送有限公司,广西壮族自治区,南宁市,江南区,"南宁市江南区五一路101号,南宁市五一中路农贸市场综合楼一楼11号铺面",北海市;贵港市;百色市/平果市,primary,91450100MA5KEA2198,organization,,,,government_procurement_supplier,米面油干货类;肉及水产类;畜肉类;鱼及水产;鲜湿米粉、面食、糕点等早餐类、豆制品类;生鲜时蔬、水果类;冷冻品类;蛋品类;大米类;食用油类;副食品;调味品类;奶制品及饮品;鲜肉类,政府采购入围/中标供应商,true,true,true,true,true,true,true,true,true,false,false,false,true,false,false,,,,,,false,false,true,,,,,,,,,,,,,,,,,,,,,15,government_procurement,data/raw/beihai_food_suppliers.pdf;data/raw/guigang_food_suppliers_310.pdf;data/raw/pingguo_meat_suppliers.pdf;data/raw/pingguo_vegetable_fruit_suppliers.pdf,rec_fa592a18ccdd657b;rec_5d550b872e056373;rec_2cb59a155a4bb56c;rec_38a65a05b1887393;rec_7adfe6569d30871f;rec_d7f26c02124f3efc;rec_42a724f99613685e;rec_13cfd912e819d73c;rec_654d57355c9797c8;rec_ff08cf1bee560372;rec_d3d32ab3a7cc2e4e;rec_b4d2ff13337fdc80;rec_2f75412032154ae4;rec_f079d49b322b3d0f;rec_d247409b7514fcca,C,true,"采购供应商身份不等同于实体仓储节点。 采购资料中的地址按企业登记/联系地址处理，不自动等同于仓库或配送节点地址。 按 PDF 表格行批量抽取;地址视为供应商登记/联系地址,不自动认定为仓储节点。 采购供应商身份不等同于实体仓储节点。 采购资料未提供企业地址；服务项目区域与企业所在地严格分开。 PDF 表格未提供地址和统一社会信用代码;服务项目所在地为平果市,不能据此推断企业所在地。 采购供应商地址不自动视为仓库地址；仅在原文出现仓库、粮库、配送中心、冷库、厂房等明确词时标记相应能力。"
cand_b8472452a6c4670e,钟山县钟山粮食管理所,钟山县钟山粮食管理所,钟山县钟山粮食管理所,广西壮族自治区,贺州市,,,,reserve,,unknown,,,,grain_reserve,储备商品管理公司及其直属库,广西储备商品管理公司及其直属库名单(桂财税〔2024〕8号),true,false,false,false,false,false,false,false,false,false,false,false,false,false,false,,,,,,false,true,false,,,,,,,,,,,,,,,,,,,,,1,grain_reserve,data/raw/guangxi_reserve_companies_2024.html,rec_cc7099b5af812733,A,true,名单证明储备体系资格，但企业主体或管理机构名称不等同于具体物理粮库。 使用 lxml 从 HTML 正文容器按“行政区标题 + 序号 + 单位名称”结构抽取;原正文段落序号 362。
cand_b873c40bafa176c3,广西平果每一天商贸有限公司,广西平果每一天商贸有限公司,广西平果每一天商贸有限公司,广西壮族自治区,,,,百色市/平果市,reserve,,organization,,,,government_procurement_supplier,生鲜时蔬、水果类,政府采购入围/中标供应商,false,false,true,true,false,true,true,false,false,false,false,false,false,false,false,,,,,,false,false,true,,,,,,,,,,,,,,,,,,,,,1,government_procurement,data/raw/pingguo_vegetable_fruit_suppliers.pdf,rec_92c925f679625d40,C,true,"采购供应商身份不等同于实体仓储节点。 采购资料未提供企业地址；服务项目区域与企业所在地严格分开。 可确认位于广西，但当前证据不足以安全确定地级市。 PDF 表格未提供地址和统一社会信用代码;服务项目所在地为平果市,不能据此推断企业所在地。 采购供应商地址不自动视为仓库地址；仅在原文出现仓库、粮库、配送中心、冷库、厂房等明确词时标记相应能力。"
cand_b8b7fdc4fdc2cf01,安徽西商农副产品批发市场,安徽西商农副产品批发市场,安徽西商农副产品批发市场,安徽省,,,,,external,,market,,,,agricultural_wholesale_market,农业农村部定点农产品批发市场,农业农村部定点市场,false,false,false,true,false,false,false,false,false,false,false,false,true,false,false,,,,,,false,false,false,,,,,,,,,,,,,,,,,,,,,1,wholesale_market,data/raw/moa_designated_wholesale_markets_2024.pdf,rec_ed536d0786610854,A,true,按 PDF 两列表格抽取;原文件未提供详细地址和坐标。
cand_b932da9d16d3e626,江苏苏州市粮食批发交易市场服务有限公司,江苏苏州市粮食批发交易市场服务有限公司,江苏苏州市粮食批发交易市场服务有限公司,江苏省,,,,,external,,market,,,,agricultural_wholesale_market,农业农村部定点农产品批发市场,农业农村部定点市场,true,false,false,true,false,false,false,false,false,false,false,false,true,false,false,,,,,,false,false,false,,,,,,,,,,,,,,,,,,,,,1,wholesale_market,data/raw/moa_designated_wholesale_markets_2024.pdf,rec_4d136957a7420675,A,true,按 PDF 两列表格抽取;原文件未提供详细地址和坐标。
cand_b9390271c409da81,灵山县石塘粮食管理所,灵山县石塘粮食管理所,灵山县石塘粮食管理所,广西壮族自治区,钦州市,灵山县,,,reserve,,unknown,,,,grain_reserve,储备商品管理公司及其直属库,广西储备商品管理公司及其直属库名单(桂财税〔2024〕8号),true,false,false,false,false,false,false,false,false,false,false,false,false,false,false,,,,,,false,true,false,,,,,,,,,,,,,,,,,,,,,1,grain_reserve,data/raw/guangxi_reserve_companies_2024.html,rec_b1e6c693b4e6c8ed,A,true,名单证明储备体系资格，但企业主体或管理机构名称不等同于具体物理粮库。 使用 lxml 从 HTML 正文容器按“行政区标题 + 序号 + 单位名称”结构抽取;原正文段落序号 195。
cand_b96231d8a04cd0bd,山西晋中汇隆农产品置业有限公司(山西晋中市榆次区汇隆市场),山西晋中汇隆农产品置业有限公司(山西晋中市榆次区汇隆市场),山西晋中汇隆农产品置业有限公司(山西晋中市榆次区汇隆市场),山西省,,,,,external,,market,,,,agricultural_wholesale_market,农业农村部定点农产品批发市场,农业农村部定点市场,false,false,false,true,false,false,false,false,false,false,false,false,true,false,false,,,,,,false,false,false,,,,,,,,,,,,,,,,,,,,,1,wholesale_market,data/raw/moa_designated_wholesale_markets_2024.pdf,rec_b822ae3aca8cdfa5,A,true,按 PDF 两列表格抽取;原文件未提供详细地址和坐标。
cand_b967a4d0725a5176,浙江舟山水产品中心批发市场,浙江舟山水产品中心批发市场,浙江舟山水产品中心批发市场,浙江省,,,,,external,,market,,,,agricultural_wholesale_market,农业农村部定点农产品批发市场,农业农村部定点市场,false,false,false,true,false,false,false,true,false,false,false,false,true,false,false,,,,,,false,false,false,,,,,,,,,,,,,,,,,,,,,1,wholesale_market,data/raw/moa_designated_wholesale_markets_2024.pdf,rec_bddf9d144dee425c,A,true,按 PDF 两列表格抽取;原文件未提供详细地址和坐标。
cand_b9a5efc53a24d32e,江苏南方小麦交易市场有限公司,江苏南方小麦交易市场有限公司,江苏南方小麦交易市场有限公司,江苏省,,,,,external,,market,,,,agricultural_wholesale_market,农业农村部定点农产品批发市场,农业农村部定点市场,false,false,false,true,false,false,false,false,false,false,false,false,true,false,false,,,,,,false,false,false,,,,,,,,,,,,,,,,,,,,,1,wholesale_market,data/raw/moa_designated_wholesale_markets_2024.pdf,rec_c75262af46d9e7ff,A,true,按 PDF 两列表格抽取;原文件未提供详细地址和坐标。
cand_b9d8f6f34f31f180,广西藤县太平粮所,广西藤县太平粮所,广西藤县太平粮所,广西壮族自治区,梧州市,,,,reserve,,unknown,,,,grain_reserve,储备商品管理公司及其直属库,广西储备商品管理公司及其直属库名单(桂财税〔2024〕8号),true,false,false,false,false,false,false,false,false,false,false,false,false,false,false,,,,,,false,true,false,,,,,,,,,,,,,,,,,,,,,1,grain_reserve,data/raw/guangxi_reserve_companies_2024.html,rec_3f832b433119adfc,A,true,名单证明储备体系资格，但企业主体或管理机构名称不等同于具体物理粮库。 使用 lxml 从 HTML 正文容器按“行政区标题 + 序号 + 单位名称”结构抽取;原正文段落序号 155。
cand_b9e2acace1df56d3,玉林市福绵区储备粮服务中心,玉林市福绵区储备粮服务中心,玉林市福绵区储备粮服务中心,广西壮族自治区,玉林市,,,,reserve,,organization,,,,other,储备商品管理公司及其直属库,广西储备商品管理公司及其直属库名单(桂财税〔2024〕8号),true,false,false,false,false,false,false,false,false,false,false,false,false,false,false,,,,,,false,true,false,,,,,,,,,,,,,,,,,,,,,1,grain_reserve,data/raw/guangxi_reserve_companies_2024.html,rec_83b17a0b99cef92d,A,true,属于储备商品管理公司及其直属库名单，但名称不足以安全判断为具体粮库或储备管理机构。 使用 lxml 从 HTML 正文容器按“行政区标题 + 序号 + 单位名称”结构抽取;原正文段落序号 316。
cand_ba85c0ebdbd985eb,安徽阜阳瑶海农产品市场开发有限公司(安徽阜阳农产品物流中心),安徽阜阳瑶海农产品市场开发有限公司(安徽阜阳农产品物流中心),安徽阜阳瑶海农产品市场开发有限公司(安徽阜阳农产品物流中心),安徽省,,,,,external,,market,,,,agricultural_wholesale_market,农业农村部定点农产品批发市场,农业农村部定点市场,false,false,false,true,false,false,false,false,false,false,false,false,true,false,false,,,,,,false,false,false,,,,,,,,,,,,,,,,,,,,,1,wholesale_market,data/raw/moa_designated_wholesale_markets_2024.pdf,rec_96a839461cc4e271,A,true,按 PDF 两列表格抽取;原文件未提供详细地址和坐标。
cand_bac0850f123ac97e,广西高盛顶格实业集团有限公司,广西高盛顶格实业集团有限公司,广西高盛顶格实业集团有限公司,广西壮族自治区,北海市,,广西壮族自治区北海市贵州路109号海域新天地4幢0201号-1,北海市,reserve,91450500MAA7TE7A4W,organization,,,,government_procurement_supplier,果蔬类,政府采购入围/中标供应商,false,false,false,true,false,true,true,false,false,false,false,false,false,false,false,,,,,,false,false,true,,,,,,,,,,,,,,,,,,,,,1,government_procurement,data/raw/beihai_food_suppliers.pdf,rec_20336faa9d7328e5,C,true,"采购供应商身份不等同于实体仓储节点。 采购资料中的地址按企业登记/联系地址处理，不自动等同于仓库或配送节点地址。 按 PDF 表格行批量抽取;地址视为供应商登记/联系地址,不自动认定为仓储节点。 采购供应商地址不自动视为仓库地址；仅在原文出现仓库、粮库、配送中心、冷库、厂房等明确词时标记相应能力。"
cand_bad713dd799afbbe,广西益福康食品有限责任公司,广西益福康食品有限责任公司,广西益福康食品有限责任公司,广西壮族自治区,,,,百色市/平果市,reserve,,organization,,,,government_procurement_supplier,鲜肉类;生鲜时蔬、水果类,政府采购入围/中标供应商,false,false,true,true,true,true,true,false,false,false,false,false,false,false,false,,,,,,false,false,true,,,,,,,,,,,,,,,,,,,,,2,government_procurement,data/raw/pingguo_meat_suppliers.pdf;data/raw/pingguo_vegetable_fruit_suppliers.pdf,rec_fae810e59ca9d031;rec_a2eab601f43ddbe5,C,true,"采购供应商身份不等同于实体仓储节点。 采购资料未提供企业地址；服务项目区域与企业所在地严格分开。 可确认位于广西，但当前证据不足以安全确定地级市。 PDF 表格未提供地址和统一社会信用代码;服务项目所在地为平果市,不能据此推断企业所在地。 采购供应商地址不自动视为仓库地址；仅在原文出现仓库、粮库、配送中心、冷库、厂房等明确词时标记相应能力。"
cand_bb6afb02b45ce653,辽宁窟窿台蔬菜批发市场,辽宁窟窿台蔬菜批发市场,辽宁窟窿台蔬菜批发市场,辽宁省,,,,,external,,market,,,,agricultural_wholesale_market,农业农村部定点农产品批发市场,农业农村部定点市场,false,false,false,true,false,true,false,false,false,false,false,false,true,false,false,,,,,,false,false,false,,,,,,,,,,,,,,,,,,,,,1,wholesale_market,data/raw/moa_designated_wholesale_markets_2024.pdf,rec_30af795b2f08f31e,A,true,按 PDF 两列表格抽取;原文件未提供详细地址和坐标。
cand_bb6e91adbb84a4cc,贵港市港南区金稻粮食收储有限公司,贵港市港南区金稻粮食收储有限公司,贵港市港南区金稻粮食收储有限公司,广西壮族自治区,贵港市,港南区,,,reserve,,organization,,,,grain_reserve,储备商品管理公司及其直属库,广西储备商品管理公司及其直属库名单(桂财税〔2024〕8号),true,false,false,false,false,false,false,false,false,false,false,false,false,false,false,,,,,,false,true,false,,,,,,,,,,,,,,,,,,,,,1,grain_reserve,data/raw/guangxi_reserve_companies_2024.html,rec_1eb4d890125ea69b,A,true,名单证明储备体系资格，但企业主体或管理机构名称不等同于具体物理粮库。 使用 lxml 从 HTML 正文容器按“行政区标题 + 序号 + 单位名称”结构抽取;原正文段落序号 351。
cand_bbba94899fa5a82c,平南县金禾顺食品有限公司,平南县金禾顺食品有限公司,平南县金禾顺食品有限公司,广西壮族自治区,贵港市,平南县,广西壮族自治区贵港市平南县临江工业园入园大道地段(江滨中学地块),贵港市,reserve,91450821MAEALEL83G,organization,,,,government_procurement_supplier,大米类;食用油类;奶制品及饮品,政府采购入围/中标供应商,true,true,true,true,false,false,false,false,true,false,false,false,false,false,false,,,,,,false,false,true,,,,,,,,,,,,,,,,,,,,,3,government_procurement,data/raw/guigang_food_suppliers_310.pdf,rec_71d340efbef5e0a7;rec_ae0fd9272784ccef;rec_03ea29d253da44b7,C,true,"采购供应商身份不等同于实体仓储节点。 采购资料中的地址按企业登记/联系地址处理，不自动等同于仓库或配送节点地址。 按 PDF 表格行批量抽取;地址视为供应商登记/联系地址,不自动认定为仓储节点。 采购供应商地址不自动视为仓库地址；仅在原文出现仓库、粮库、配送中心、冷库、厂房等明确词时标记相应能力。"
cand_bbd0414fd28766af,黑龙江大豆贸易中心有限公司,黑龙江大豆贸易中心有限公司,黑龙江大豆贸易中心有限公司,黑龙江省,,,,,external,,market,,,,agricultural_wholesale_market,农业农村部定点农产品批发市场,农业农村部定点市场,false,false,false,true,false,false,false,false,false,false,false,false,true,false,false,,,,,,false,false,false,,,,,,,,,,,,,,,,,,,,,1,wholesale_market,data/raw/moa_designated_wholesale_markets_2024.pdf,rec_ee630b8460483a98,A,true,按 PDF 两列表格抽取;原文件未提供详细地址和坐标。
cand_bc8355cf4cba0b4c,四川好一新复兴农副产品批发市场,四川好一新复兴农副产品批发市场,四川好一新复兴农副产品批发市场,四川省,,,,,external,,market,,,,agricultural_wholesale_market,农业农村部定点农产品批发市场,农业农村部定点市场,false,false,false,true,false,false,false,false,false,false,false,false,true,false,false,,,,,,false,false,false,,,,,,,,,,,,,,,,,,,,,1,wholesale_market,data/raw/moa_designated_wholesale_markets_2024.pdf,rec_3c662085de65fc53,A,true,按 PDF 两列表格抽取;原文件未提供详细地址和坐标。
cand_bca8e2dd3a82b40a,上林县安恒储备粮管理有限公司塘红分公司,上林县安恒储备粮管理有限公司塘红分公司,上林县安恒储备粮管理有限公司塘红分公司,广西壮族自治区,南宁市,上林县,,,primary,,organization,上林县安恒储备粮管理有限公司,,,grain_reserve,储备商品管理公司及其直属库,广西储备商品管理公司及其直属库名单(桂财税〔2024〕8号),true,false,false,false,false,false,false,false,false,false,false,false,false,false,false,,,,,,false,true,false,,,,,,,,,,,,,,,,,,,,,1,grain_reserve,data/raw/guangxi_reserve_companies_2024.html,rec_3b771f55910a99d9,A,true,名单证明储备体系资格，但企业主体或管理机构名称不等同于具体物理粮库。 使用 lxml 从 HTML 正文容器按“行政区标题 + 序号 + 单位名称”结构抽取;原正文段落序号 70。
cand_bcc9e6361ce90912,湖南娄底市湘中果品蔬菜批发大市场,湖南娄底市湘中果品蔬菜批发大市场,湖南娄底市湘中果品蔬菜批发大市场,湖南省,,,,,external,,market,,,,agricultural_wholesale_market,农业农村部定点农产品批发市场,农业农村部定点市场,false,false,false,true,false,true,true,false,false,false,false,false,true,false,false,,,,,,false,false,false,,,,,,,,,,,,,,,,,,,,,1,wholesale_market,data/raw/moa_designated_wholesale_markets_2024.pdf,rec_6b742e893de0628b,A,true,按 PDF 两列表格抽取;原文件未提供详细地址和坐标。
cand_bcd117fecdc4eedb,四川粮油批发中心直属储备库有限公司,四川粮油批发中心直属储备库有限公司,四川粮油批发中心直属储备库有限公司,四川省,,,,全国,external,,physical_site,,,,grain_depot,国家级粮食应急保障企业,国家级粮食应急保障企业,true,true,false,false,false,false,false,false,false,false,true,false,false,false,false,,,,,,true,true,false,,,,,,,,,,,,,,,,,,,,,2,grain_emergency,data/raw/national_emergency_grain_enterprises_2025_reassessment.wps;data/raw/national_emergency_grain_enterprises_batch2.pdf,rec_b6fb268806c09d44;rec_ce4a384f55597b1f,A,true,"原文件扩展名为 .wps,文件签名为 WPS/OLE 复合文档;只读转换为临时标准 DOCX 后抽取。来源年份由文件名推断。 按 PDF 文本层中的编号名单逐条抽取;原文件未提供地址和具体功能子类。"
cand_bd5947cc728b2ddc,安徽合肥周谷堆农产品批发市场股份有限公司(安徽合肥周谷堆批发市场),安徽合肥周谷堆农产品批发市场股份有限公司(安徽合肥周谷堆批发市场),安徽合肥周谷堆农产品批发市场股份有限公司(安徽合肥周谷堆批发市场),安徽省,,,,,external,,market,,,,agricultural_wholesale_market,农业农村部定点农产品批发市场,农业农村部定点市场,false,false,false,true,false,false,false,false,false,false,false,false,true,false,false,,,,,,false,false,false,,,,,,,,,,,,,,,,,,,,,1,wholesale_market,data/raw/moa_designated_wholesale_markets_2024.pdf,rec_a01b1697eafc913e,A,true,按 PDF 两列表格抽取;原文件未提供详细地址和坐标。
cand_bd5af9f1c95d6bc5,湖南株洲中南蔬菜批发市场,湖南株洲中南蔬菜批发市场,湖南株洲中南蔬菜批发市场,湖南省,,,,,external,,market,,,,agricultural_wholesale_market,农业农村部定点农产品批发市场,农业农村部定点市场,false,false,false,true,false,true,false,false,false,false,false,false,true,false,false,,,,,,false,false,false,,,,,,,,,,,,,,,,,,,,,1,wholesale_market,data/raw/moa_designated_wholesale_markets_2024.pdf,rec_3beca0737fb3741f,A,true,按 PDF 两列表格抽取;原文件未提供详细地址和坐标。
cand_bd6eaf0f57a6b681,湖南娄底市中兴大市场,湖南娄底市中兴大市场,湖南娄底市中兴大市场,湖南省,,,,,external,,market,,,,agricultural_wholesale_market,农业农村部定点农产品批发市场,农业农村部定点市场,false,false,false,true,false,false,false,false,false,false,false,false,true,false,false,,,,,,false,false,false,,,,,,,,,,,,,,,,,,,,,1,wholesale_market,data/raw/moa_designated_wholesale_markets_2024.pdf,rec_b40bb49d1ed67867,A,true,按 PDF 两列表格抽取;原文件未提供详细地址和坐标。
cand_bd74f6621cd8b6c3,新疆兵团第八师石河子市种子交易市场,新疆兵团第八师石河子市种子交易市场,新疆兵团第八师石河子市种子交易市场,新疆维吾尔自治区,,,,,external,,market,,,,agricultural_wholesale_market,农业农村部定点农产品批发市场,农业农村部定点市场,false,false,false,true,false,false,false,false,false,false,false,false,true,false,false,,,,,,false,false,false,,,,,,,,,,,,,,,,,,,,,1,wholesale_market,data/raw/moa_designated_wholesale_markets_2024.pdf,rec_cd2bd69f2d4f4ab4,A,true,按 PDF 两列表格抽取;原文件未提供详细地址和坐标。
cand_bd856d2b32e9fe96,四川南充川北农产品交易中心,四川南充川北农产品交易中心,四川南充川北农产品交易中心,四川省,,,,,external,,market,,,,agricultural_wholesale_market,农业农村部定点农产品批发市场,农业农村部定点市场,false,false,false,true,false,false,false,false,false,false,false,false,true,false,false,,,,,,false,false,false,,,,,,,,,,,,,,,,,,,,,1,wholesale_market,data/raw/moa_designated_wholesale_markets_2024.pdf,rec_cef9953d031a5965,A,true,按 PDF 两列表格抽取;原文件未提供详细地址和坐标。
cand_bd9ecc510be53850,广西玉林市大健食品有限责任公司,广西玉林市大健食品有限责任公司,广西玉林市大健食品有限责任公司,广西壮族自治区,玉林市,,,,reserve,,organization,,,,other,储备商品管理公司及其直属库,广西储备商品管理公司及其直属库名单(桂财税〔2024〕8号),true,false,true,false,false,false,false,false,false,false,false,false,false,false,false,,,,,,false,true,false,,,,,,,,,,,,,,,,,,,,,1,grain_reserve,data/raw/guangxi_reserve_companies_2024.html,rec_22d3f5028dac7c8c,A,true,属于储备商品管理公司及其直属库名单，但名称不足以安全判断为具体粮库或储备管理机构。 使用 lxml 从 HTML 正文容器按“行政区标题 + 序号 + 单位名称”结构抽取;原正文段落序号 303。
cand_bdce0bb9e5c2a44f,宁夏盐池县畜产品交易市场,宁夏盐池县畜产品交易市场,宁夏盐池县畜产品交易市场,宁夏回族自治区,,,,,external,,market,,,,agricultural_wholesale_market,农业农村部定点农产品批发市场,农业农村部定点市场,false,false,false,true,false,false,false,false,false,false,false,false,true,false,false,,,,,,false,false,false,,,,,,,,,,,,,,,,,,,,,1,wholesale_market,data/raw/moa_designated_wholesale_markets_2024.pdf,rec_ae659cee8009912d,A,true,按 PDF 两列表格抽取;原文件未提供详细地址和坐标。
cand_bdf90fb86d8735f9,安徽天长市永福农副产品批发市场,安徽天长市永福农副产品批发市场,安徽天长市永福农副产品批发市场,安徽省,,,,,external,,market,,,,agricultural_wholesale_market,农业农村部定点农产品批发市场,农业农村部定点市场,false,false,false,true,false,false,false,false,false,false,false,false,true,false,false,,,,,,false,false,false,,,,,,,,,,,,,,,,,,,,,1,wholesale_market,data/raw/moa_designated_wholesale_markets_2024.pdf,rec_b19251bcefe1b3f8,A,true,按 PDF 两列表格抽取;原文件未提供详细地址和坐标。
cand_bea28ab51f06a7de,天津市红旗农贸综合批发市场有限公司,天津市红旗农贸综合批发市场有限公司,天津市红旗农贸综合批发市场有限公司,天津市,天津市,,,,external,,market,,,,agricultural_wholesale_market,农业农村部定点农产品批发市场,农业农村部定点市场,false,false,false,true,false,false,false,false,false,false,false,false,true,false,false,,,,,,false,false,false,,,,,,,,,,,,,,,,,,,,,1,wholesale_market,data/raw/moa_designated_wholesale_markets_2024.pdf,rec_edb7843fb2f29767,A,true,按 PDF 两列表格抽取;原文件未提供详细地址和坐标。
cand_bedb1dcff511fca1,河北高邑蔬菜批发市场,河北高邑蔬菜批发市场,河北高邑蔬菜批发市场,河北省,,,,,external,,market,,,,agricultural_wholesale_market,农业农村部定点农产品批发市场,农业农村部定点市场,false,false,false,true,false,true,false,false,false,false,false,false,true,false,false,,,,,,false,false,false,,,,,,,,,,,,,,,,,,,,,1,wholesale_market,data/raw/moa_designated_wholesale_markets_2024.pdf,rec_07c2f44e788a58a0,A,true,按 PDF 两列表格抽取;原文件未提供详细地址和坐标。
cand_bee19f75f8ab46b6,桂林市第一粮库有限公司,桂林市第一粮库有限公司,桂林市第一粮库有限公司,广西壮族自治区,桂林市,,,,reserve,,physical_site,,,,grain_depot,储备商品管理公司及其直属库,广西储备商品管理公司及其直属库名单(桂财税〔2024〕8号),true,false,false,false,false,false,false,false,false,false,true,false,false,false,false,,,,,,false,true,false,,,,,,,,,,,,,,,,,,,,,1,grain_reserve,data/raw/guangxi_reserve_companies_2024.html,rec_83127d529fe58d7c,A,true,使用 lxml 从 HTML 正文容器按“行政区标题 + 序号 + 单位名称”结构抽取;原正文段落序号 136。
cand_bee1de8893c87298,湖北洪湖市农友农贸市场有限公司,湖北洪湖市农友农贸市场有限公司,湖北洪湖市农友农贸市场有限公司,湖北省,,,,,external,,market,,,,agricultural_wholesale_market,农业农村部定点农产品批发市场,农业农村部定点市场,false,false,false,true,false,false,false,false,false,false,false,false,true,false,false,,,,,,false,false,false,,,,,,,,,,,,,,,,,,,,,1,wholesale_market,data/raw/moa_designated_wholesale_markets_2024.pdf,rec_10a24ec8d2ad1698,A,true,按 PDF 两列表格抽取;原文件未提供详细地址和坐标。
cand_beffa8f8d7975f95,辽宁凌源市茂源花卉有限责任公司(辽宁凌源市花卉市场),辽宁凌源市茂源花卉有限责任公司(辽宁凌源市花卉市场),辽宁凌源市茂源花卉有限责任公司(辽宁凌源市花卉市场),辽宁省,,,,,external,,market,,,,agricultural_wholesale_market,农业农村部定点农产品批发市场,农业农村部定点市场,false,false,false,true,false,false,false,false,false,false,false,false,true,false,false,,,,,,false,false,false,,,,,,,,,,,,,,,,,,,,,1,wholesale_market,data/raw/moa_designated_wholesale_markets_2024.pdf,rec_5764299af17d19d7,A,true,按 PDF 两列表格抽取;原文件未提供详细地址和坐标。
cand_bf35535668c482ef,湖南佳惠农产品批发市场,湖南佳惠农产品批发市场,湖南佳惠农产品批发市场,湖南省,,,,,external,,market,,,,agricultural_wholesale_market,农业农村部定点农产品批发市场,农业农村部定点市场,false,false,false,true,false,false,false,false,false,false,false,false,true,false,false,,,,,,false,false,false,,,,,,,,,,,,,,,,,,,,,1,wholesale_market,data/raw/moa_designated_wholesale_markets_2024.pdf,rec_e2d8545134dbfb2d,A,true,按 PDF 两列表格抽取;原文件未提供详细地址和坐标。
cand_bf46dc1e144bb31f,青海海东市海平诚信农副产品批发市场,青海海东市海平诚信农副产品批发市场,青海海东市海平诚信农副产品批发市场,青海省,,,,,external,,market,,,,agricultural_wholesale_market,农业农村部定点农产品批发市场,农业农村部定点市场,false,false,false,true,false,false,false,false,false,false,false,false,true,false,false,,,,,,false,false,false,,,,,,,,,,,,,,,,,,,,,1,wholesale_market,data/raw/moa_designated_wholesale_markets_2024.pdf,rec_b50f72b873ff29fa,A,true,按 PDF 两列表格抽取;原文件未提供详细地址和坐标。
cand_bffe8fdf700874f6,甘肃敦煌龙德盛农产品交易市场有限责任公司,甘肃敦煌龙德盛农产品交易市场有限责任公司,甘肃敦煌龙德盛农产品交易市场有限责任公司,甘肃省,,,,,external,,market,,,,agricultural_wholesale_market,农业农村部定点农产品批发市场,农业农村部定点市场,false,false,false,true,false,false,false,false,false,false,false,false,true,false,false,,,,,,false,false,false,,,,,,,,,,,,,,,,,,,,,1,wholesale_market,data/raw/moa_designated_wholesale_markets_2024.pdf,rec_7b0ab7db63acd83e,A,true,按 PDF 两列表格抽取;原文件未提供详细地址和坐标。
cand_c053cb0ae7acd17f,鹿寨县储备粮管理公司,鹿寨县储备粮管理公司,鹿寨县储备粮管理公司,广西壮族自治区,柳州市,鹿寨县,,,secondary,,organization,,,,grain_reserve,储备商品管理公司及其直属库,广西储备商品管理公司及其直属库名单(桂财税〔2024〕8号),true,false,false,false,false,false,false,false,false,false,false,false,false,false,false,,,,,,false,true,false,,,,,,,,,,,,,,,,,,,,,1,grain_reserve,data/raw/guangxi_reserve_companies_2024.html,rec_7d08b4f8cbe1aacd,A,true,名单证明储备体系资格，但企业主体或管理机构名称不等同于具体物理粮库。 使用 lxml 从 HTML 正文容器按“行政区标题 + 序号 + 单位名称”结构抽取;原正文段落序号 87。
cand_c0e124b2df944762,容县至佳商贸有限责任公司,容县至佳商贸有限责任公司,容县至佳商贸有限责任公司,广西壮族自治区,玉林市,,,,reserve,,organization,,,,other,储备商品管理公司及其直属库,广西储备商品管理公司及其直属库名单(桂财税〔2024〕8号),true,false,false,false,false,false,false,false,false,false,false,false,false,false,false,,,,,,false,true,false,,,,,,,,,,,,,,,,,,,,,1,grain_reserve,data/raw/guangxi_reserve_companies_2024.html,rec_79b099ecda8dec20,A,true,属于储备商品管理公司及其直属库名单，但名称不足以安全判断为具体粮库或储备管理机构。 使用 lxml 从 HTML 正文容器按“行政区标题 + 序号 + 单位名称”结构抽取;原正文段落序号 302。
cand_c0e3704cd2e285f4,浙江宁海县蔬菜果品市场有限公司(浙江宁海县合兴蔬菜果品批发市场),浙江宁海县蔬菜果品市场有限公司(浙江宁海县合兴蔬菜果品批发市场),浙江宁海县蔬菜果品市场有限公司(浙江宁海县合兴蔬菜果品批发市场),浙江省,,,,,external,,market,,,,agricultural_wholesale_market,农业农村部定点农产品批发市场,农业农村部定点市场,false,false,false,true,false,true,true,false,false,false,false,false,true,false,false,,,,,,false,false,false,,,,,,,,,,,,,,,,,,,,,1,wholesale_market,data/raw/moa_designated_wholesale_markets_2024.pdf,rec_632b8f91ae636443,A,true,按 PDF 两列表格抽取;原文件未提供详细地址和坐标。
cand_c0e504023732b710,百色市田阳区金穗米业有限责任公司,百色市田阳区金穗米业有限责任公司,百色市田阳区金穗米业有限责任公司,广西壮族自治区,百色市,田阳区,,,reserve,,organization,,,,other,储备商品管理公司及其直属库,广西储备商品管理公司及其直属库名单(桂财税〔2024〕8号),true,false,false,false,false,false,false,false,false,false,false,false,false,false,false,,,,,,false,true,false,,,,,,,,,,,,,,,,,,,,,1,grain_reserve,data/raw/guangxi_reserve_companies_2024.html,rec_eb7e0769ceb8a6cb,A,true,属于储备商品管理公司及其直属库名单，但名称不足以安全判断为具体粮库或储备管理机构。 使用 lxml 从 HTML 正文容器按“行政区标题 + 序号 + 单位名称”结构抽取;原正文段落序号 229。
cand_c10f863c05f002a7,甘肃渭源县渭水源中药材贸易中心,甘肃渭源县渭水源中药材贸易中心,甘肃渭源县渭水源中药材贸易中心,甘肃省,,,,,external,,market,,,,agricultural_wholesale_market,农业农村部定点农产品批发市场,农业农村部定点市场,false,false,false,true,false,false,false,false,false,false,false,false,true,false,false,,,,,,false,false,false,,,,,,,,,,,,,,,,,,,,,1,wholesale_market,data/raw/moa_designated_wholesale_markets_2024.pdf,rec_e6d2c4af2c04066c,A,true,按 PDF 两列表格抽取;原文件未提供详细地址和坐标。
cand_c111cc8f2c19d825,重庆双福农产品批发市场有限公司,重庆双福农产品批发市场有限公司,重庆双福农产品批发市场有限公司,重庆市,重庆市,,,,external,,market,,,,agricultural_wholesale_market,农业农村部定点农产品批发市场,农业农村部定点市场,false,false,false,true,false,false,false,false,false,false,false,false,true,false,false,,,,,,false,false,false,,,,,,,,,,,,,,,,,,,,,1,wholesale_market,data/raw/moa_designated_wholesale_markets_2024.pdf,rec_c716f9f6af0e90b5,A,true,按 PDF 两列表格抽取;原文件未提供详细地址和坐标。
cand_c12f01149a5311f0,陕西咸阳新阳光农副产品有限公司(陕西咸阳新阳光农副产品批发市场),陕西咸阳新阳光农副产品有限公司(陕西咸阳新阳光农副产品批发市场),陕西咸阳新阳光农副产品有限公司(陕西咸阳新阳光农副产品批发市场),陕西省,,,,,external,,market,,,,agricultural_wholesale_market,农业农村部定点农产品批发市场,农业农村部定点市场,false,false,false,true,false,false,false,false,false,false,false,false,true,false,false,,,,,,false,false,false,,,,,,,,,,,,,,,,,,,,,1,wholesale_market,data/raw/moa_designated_wholesale_markets_2024.pdf,rec_3ea24429f097ad9e,A,true,按 PDF 两列表格抽取;原文件未提供详细地址和坐标。
cand_c16730e0c0d9422c,湖北佰昌优质农产品物流园,湖北佰昌优质农产品物流园,湖北佰昌优质农产品物流园,湖北省,,,,,external,,market,,,,agricultural_wholesale_market,农业农村部定点农产品批发市场,农业农村部定点市场,false,false,false,true,false,false,false,false,false,false,false,false,true,false,false,,,,,,false,false,false,,,,,,,,,,,,,,,,,,,,,1,wholesale_market,data/raw/moa_designated_wholesale_markets_2024.pdf,rec_c6efd374bc020d66,A,true,按 PDF 两列表格抽取;原文件未提供详细地址和坐标。
cand_c2483181562ccbf8,河南驻马店市众信农副产品综合批发市场有限公司,河南驻马店市众信农副产品综合批发市场有限公司,河南驻马店市众信农副产品综合批发市场有限公司,河南省,,,,,external,,market,,,,agricultural_wholesale_market,农业农村部定点农产品批发市场,农业农村部定点市场,false,false,false,true,false,false,false,false,false,false,false,false,true,false,false,,,,,,false,false,false,,,,,,,,,,,,,,,,,,,,,1,wholesale_market,data/raw/moa_designated_wholesale_markets_2024.pdf,rec_7ab8798414306ad2,A,true,按 PDF 两列表格抽取;原文件未提供详细地址和坐标。
cand_c2b3d27b78732ec9,忻城县储备粮管理公司,忻城县储备粮管理公司,忻城县储备粮管理公司,广西壮族自治区,来宾市,,,,reserve,,organization,,,,grain_reserve,储备商品管理公司及其直属库,广西储备商品管理公司及其直属库名单(桂财税〔2024〕8号),true,false,false,false,false,false,false,false,false,false,false,false,false,false,false,,,,,,false,true,false,,,,,,,,,,,,,,,,,,,,,1,grain_reserve,data/raw/guangxi_reserve_companies_2024.html,rec_9b263f0ee1fe7430,A,true,名单证明储备体系资格，但企业主体或管理机构名称不等同于具体物理粮库。 使用 lxml 从 HTML 正文容器按“行政区标题 + 序号 + 单位名称”结构抽取;原正文段落序号 379。
cand_c2d0a3b647028f21,梧州市广兴龙贸易有限公司,梧州市广兴龙贸易有限公司,梧州市广兴龙贸易有限公司,广西壮族自治区,梧州市,,,,reserve,,organization,,,,other,储备商品管理公司及其直属库,广西储备商品管理公司及其直属库名单(桂财税〔2024〕8号),true,false,false,false,false,false,false,false,false,false,false,false,false,false,false,,,,,,false,true,false,,,,,,,,,,,,,,,,,,,,,1,grain_reserve,data/raw/guangxi_reserve_companies_2024.html,rec_110272c49a57b983,A,true,属于储备商品管理公司及其直属库名单，但名称不足以安全判断为具体粮库或储备管理机构。 使用 lxml 从 HTML 正文容器按“行政区标题 + 序号 + 单位名称”结构抽取;原正文段落序号 142。
cand_c2f3db6d26e9f94d,广西平果市山江美农业科技有限公司,广西平果市山江美农业科技有限公司,广西平果市山江美农业科技有限公司,广西壮族自治区,百色市,平果市,,百色市/平果市,reserve,,organization,,,,government_procurement_supplier,鲜肉类;生鲜时蔬、水果类,政府采购入围/中标供应商,false,false,true,true,true,true,true,false,false,false,false,false,false,false,false,,,,,,false,false,true,,,,,,,,,,,,,,,,,,,,,2,government_procurement,data/raw/pingguo_meat_suppliers.pdf;data/raw/pingguo_vegetable_fruit_suppliers.pdf,rec_97920a8bf4c5ba8d;rec_b609965859e5df07,C,true,"采购供应商身份不等同于实体仓储节点。 采购资料未提供企业地址；服务项目区域与企业所在地严格分开。 PDF 表格未提供地址和统一社会信用代码;服务项目所在地为平果市,不能据此推断企业所在地。 采购供应商地址不自动视为仓库地址；仅在原文出现仓库、粮库、配送中心、冷库、厂房等明确词时标记相应能力。"
cand_c30dd045bf9dc7c3,山西孝义市绿海蔬菜批发销售有限公司,山西孝义市绿海蔬菜批发销售有限公司,山西孝义市绿海蔬菜批发销售有限公司,山西省,,,,,external,,market,,,,agricultural_wholesale_market,农业农村部定点农产品批发市场,农业农村部定点市场,false,false,false,true,false,true,false,false,false,false,false,false,true,false,false,,,,,,false,false,false,,,,,,,,,,,,,,,,,,,,,1,wholesale_market,data/raw/moa_designated_wholesale_markets_2024.pdf,rec_5c61875fa3a6ad19,A,true,按 PDF 两列表格抽取;原文件未提供详细地址和坐标。
cand_c34a3d8f6872433f,钦州市钦南区储备粮管理中心,钦州市钦南区储备粮管理中心,钦州市钦南区储备粮管理中心,广西壮族自治区,钦州市,,,,reserve,,organization,,,,grain_reserve,储备商品管理公司及其直属库,广西储备商品管理公司及其直属库名单(桂财税〔2024〕8号),true,false,false,false,false,false,false,false,false,false,false,false,false,false,false,,,,,,false,true,false,,,,,,,,,,,,,,,,,,,,,1,grain_reserve,data/raw/guangxi_reserve_companies_2024.html,rec_2f5c1f5b091b292b,A,true,名单证明储备体系资格，但企业主体或管理机构名称不等同于具体物理粮库。 使用 lxml 从 HTML 正文容器按“行政区标题 + 序号 + 单位名称”结构抽取;原正文段落序号 180。
cand_c3666c85e2a7459f,贵港市港北区储备粮管理公司,贵港市港北区储备粮管理公司,贵港市港北区储备粮管理公司,广西壮族自治区,贵港市,港北区,,,reserve,,organization,,,,grain_reserve,储备商品管理公司及其直属库,广西储备商品管理公司及其直属库名单(桂财税〔2024〕8号),true,false,false,false,false,false,false,false,false,false,false,false,false,false,false,,,,,,false,true,false,,,,,,,,,,,,,,,,,,,,,1,grain_reserve,data/raw/guangxi_reserve_companies_2024.html,rec_667ef16e0d031753,A,true,名单证明储备体系资格，但企业主体或管理机构名称不等同于具体物理粮库。 使用 lxml 从 HTML 正文容器按“行政区标题 + 序号 + 单位名称”结构抽取;原正文段落序号 353。
cand_c380044bd5b47adb,广西绿苑米业有限公司,广西绿苑米业有限公司,广西绿苑米业有限公司,广西壮族自治区,玉林市,,,,reserve,,organization,,,,other,储备商品管理公司及其直属库,广西储备商品管理公司及其直属库名单(桂财税〔2024〕8号),true,false,false,false,false,false,false,false,false,false,false,false,false,false,false,,,,,,false,true,false,,,,,,,,,,,,,,,,,,,,,1,grain_reserve,data/raw/guangxi_reserve_companies_2024.html,rec_ea887a3e18549449,A,true,属于储备商品管理公司及其直属库名单，但名称不足以安全判断为具体粮库或储备管理机构。 使用 lxml 从 HTML 正文容器按“行政区标题 + 序号 + 单位名称”结构抽取;原正文段落序号 307。
cand_c394983e75e480bd,博白县东平粮食管理所,博白县东平粮食管理所,博白县东平粮食管理所,广西壮族自治区,玉林市,,,,reserve,,unknown,,,,grain_reserve,储备商品管理公司及其直属库,广西储备商品管理公司及其直属库名单(桂财税〔2024〕8号),true,false,false,false,false,false,false,false,false,false,false,false,false,false,false,,,,,,false,true,false,,,,,,,,,,,,,,,,,,,,,1,grain_reserve,data/raw/guangxi_reserve_companies_2024.html,rec_c457a281b8c25b79,A,true,名单证明储备体系资格，但企业主体或管理机构名称不等同于具体物理粮库。 使用 lxml 从 HTML 正文容器按“行政区标题 + 序号 + 单位名称”结构抽取;原正文段落序号 325。
cand_c48d5aaf6cd0f994,灵山县伯劳粮食管理所,灵山县伯劳粮食管理所,灵山县伯劳粮食管理所,广西壮族自治区,钦州市,灵山县,,,reserve,,unknown,,,,grain_reserve,储备商品管理公司及其直属库,广西储备商品管理公司及其直属库名单(桂财税〔2024〕8号),true,false,false,false,false,false,false,false,false,false,false,false,false,false,false,,,,,,false,true,false,,,,,,,,,,,,,,,,,,,,,1,grain_reserve,data/raw/guangxi_reserve_companies_2024.html,rec_1ea82622c135f253,A,true,名单证明储备体系资格，但企业主体或管理机构名称不等同于具体物理粮库。 使用 lxml 从 HTML 正文容器按“行政区标题 + 序号 + 单位名称”结构抽取;原正文段落序号 203。
cand_c4fdd6e72767d347,广西国泰粮食集团有限公司,广西国泰粮食集团有限公司,广西国泰粮食集团有限公司,广西壮族自治区,,,,,reserve,,organization,,,,other,储备商品管理公司及其直属库,广西储备商品管理公司及其直属库名单(桂财税〔2024〕8号),true,false,false,false,false,false,false,false,false,false,false,false,false,false,false,,,,,,false,true,false,,,,,,,,,,,,,,,,,,,,,1,grain_reserve,data/raw/guangxi_reserve_companies_2024.html,rec_0f7ee23cf4f4c659,A,true,属于储备商品管理公司及其直属库名单，但名称不足以安全判断为具体粮库或储备管理机构。 可确认位于广西，但当前证据不足以安全确定地级市。 使用 lxml 从 HTML 正文容器按“行政区标题 + 序号 + 单位名称”结构抽取;原正文段落序号 31。
cand_c51f108bbc6c69b0,平乐县储备粮管理中心,平乐县储备粮管理中心,平乐县储备粮管理中心,广西壮族自治区,桂林市,平乐县,,,reserve,,organization,,,,grain_reserve,储备商品管理公司及其直属库,广西储备商品管理公司及其直属库名单(桂财税〔2024〕8号),true,false,false,false,false,false,false,false,false,false,false,false,false,false,false,,,,,,false,true,false,,,,,,,,,,,,,,,,,,,,,1,grain_reserve,data/raw/guangxi_reserve_companies_2024.html,rec_137158365ab4d0f1,A,true,名单证明储备体系资格，但企业主体或管理机构名称不等同于具体物理粮库。 使用 lxml 从 HTML 正文容器按“行政区标题 + 序号 + 单位名称”结构抽取;原正文段落序号 126。
cand_c570fb14edac2112,广西丰源食品有限公司,广西丰源食品有限公司,广西丰源食品有限公司,广西壮族自治区,贵港市,港北区,贵港市港北区龙圣5小区65号一楼,贵港市,reserve,91450802MAD8Q86P4B,organization,,,,government_procurement_supplier,畜肉类;禽肉类;鲜湿米粉、面食、糕点等早餐类、豆制品类;奶制品及饮品,政府采购入围/中标供应商,true,false,true,true,true,false,false,false,true,false,false,false,false,false,false,,,,,,false,false,true,,,,,,,,,,,,,,,,,,,,,4,government_procurement,data/raw/guigang_food_suppliers_310.pdf,rec_9dc5f2a87e758c33;rec_313d2de2079d38c5;rec_eb9c378d42495374;rec_84adafe31411d2c7,C,true,"采购供应商身份不等同于实体仓储节点。 采购资料中的地址按企业登记/联系地址处理，不自动等同于仓库或配送节点地址。 按 PDF 表格行批量抽取;地址视为供应商登记/联系地址,不自动认定为仓储节点。 采购供应商地址不自动视为仓库地址；仅在原文出现仓库、粮库、配送中心、冷库、厂房等明确词时标记相应能力。"
cand_c57f65b1b7120111,广西藤县嘉悦膳食餐饮管理有限责任公司,广西藤县嘉悦膳食餐饮管理有限责任公司,广西藤县嘉悦膳食餐饮管理有限责任公司,广西壮族自治区,梧州市,,,,reserve,,organization,,,,other,储备商品管理公司及其直属库,广西储备商品管理公司及其直属库名单(桂财税〔2024〕8号),true,false,false,false,false,false,false,false,false,false,false,false,false,false,false,,,,,,false,true,false,,,,,,,,,,,,,,,,,,,,,1,grain_reserve,data/raw/guangxi_reserve_companies_2024.html,rec_023a252d26949d79,A,true,属于储备商品管理公司及其直属库名单，但名称不足以安全判断为具体粮库或储备管理机构。 使用 lxml 从 HTML 正文容器按“行政区标题 + 序号 + 单位名称”结构抽取;原正文段落序号 158。
cand_c57fae11863af408,广西白沙农副产品综合批发市场,广西白沙农副产品综合批发市场,广西白沙农副产品综合批发市场,广西壮族自治区,,,,,reserve,,market,,,,agricultural_wholesale_market,农业农村部定点农产品批发市场,农业农村部定点市场,false,false,false,true,false,false,false,false,false,false,false,false,true,false,false,,,,,,false,false,false,,,,,,,,,,,,,,,,,,,,,1,wholesale_market,data/raw/moa_designated_wholesale_markets_2024.pdf,rec_7c40c775b7f8a56d,A,true,可确认位于广西，但当前证据不足以安全确定地级市。 按 PDF 两列表格抽取;原文件未提供详细地址和坐标。
cand_c5855fc4b13d638a,甘肃武威昊天农产品交易市场暨仓储物流中心,甘肃武威昊天农产品交易市场暨仓储物流中心,甘肃武威昊天农产品交易市场暨仓储物流中心,甘肃省,,,,,external,,market,,,,agricultural_wholesale_market,农业农村部定点农产品批发市场,农业农村部定点市场,false,false,false,true,false,false,false,false,false,false,true,false,true,false,false,,,,,,false,false,false,,,,,,,,,,,,,,,,,,,,,1,wholesale_market,data/raw/moa_designated_wholesale_markets_2024.pdf,rec_56762a39a6bb59b1,A,true,按 PDF 两列表格抽取;原文件未提供详细地址和坐标。
cand_c5a5c0d2f7889bc3,广州优链云供应链管理有限公司,广州优链云供应链管理有限公司,广州优链云供应链管理有限公司,,,,广州市自云区江高镇珠江村巴江东路29号,贵港市;百色市/平果市,external,91440101MA59F2M446,organization,,,,government_procurement_supplier,畜肉类;禽肉类;鱼及水产;鲜湿米粉、面食、糕点等早餐类、豆制品类;冷冻品类;蛋品类;食用油类;副食品;调味品类;鲜肉类;生鲜时蔬、水果类,政府采购入围/中标供应商,true,true,true,true,true,true,true,true,false,false,false,false,false,false,false,,,,,,false,false,true,,,,,,,,,,,,,,,,,,,,,11,government_procurement,data/raw/guigang_food_suppliers_310.pdf;data/raw/pingguo_meat_suppliers.pdf;data/raw/pingguo_vegetable_fruit_suppliers.pdf,rec_928034273542d8b2;rec_1d0c3b11bd3e92ca;rec_12d382ee926d3839;rec_87b90899c796cd9c;rec_ba16cc526aea092c;rec_63546613cab6af2e;rec_7d8d8f64ac1daff0;rec_d982763284401684;rec_6e84d97ee20c00dd;rec_10f9b55a84cd4c21;rec_fde1bd52b9a2c272,C,true,"采购供应商身份不等同于实体仓储节点。 采购资料中的地址按企业登记/联系地址处理，不自动等同于仓库或配送节点地址。 当前原始记录未提供可安全解析的省级所在地。 按 PDF 表格行批量抽取;地址视为供应商登记/联系地址,不自动认定为仓储节点。 采购供应商身份不等同于实体仓储节点。 采购资料未提供企业地址；服务项目区域与企业所在地严格分开。 当前原始记录未提供可安全解析的省级所在地。 PDF 表格未提供地址和统一社会信用代码;服务项目所在地为平果市,不能据此推断企业所在地。 采购供应商地址不自动视为仓库地址；仅在原文出现仓库、粮库、配送中心、冷库、厂房等明确词时标记相应能力。"
cand_c5abbc704cbe6bc9,广西平惠农产品供应链有限公司,广西平惠农产品供应链有限公司,广西平惠农产品供应链有限公司,广西壮族自治区,,,,百色市/平果市,reserve,,organization,,,,government_procurement_supplier,鲜肉类;生鲜时蔬、水果类,政府采购入围/中标供应商,false,false,true,true,true,true,true,false,false,false,false,false,false,false,false,,,,,,false,false,true,,,,,,,,,,,,,,,,,,,,,2,government_procurement,data/raw/pingguo_meat_suppliers.pdf;data/raw/pingguo_vegetable_fruit_suppliers.pdf,rec_87f0c76cfee91b8a;rec_2deeff432009e8f0,C,true,"采购供应商身份不等同于实体仓储节点。 采购资料未提供企业地址；服务项目区域与企业所在地严格分开。 可确认位于广西，但当前证据不足以安全确定地级市。 PDF 表格未提供地址和统一社会信用代码;服务项目所在地为平果市,不能据此推断企业所在地。 采购供应商地址不自动视为仓库地址；仅在原文出现仓库、粮库、配送中心、冷库、厂房等明确词时标记相应能力。"
cand_c5bcafc6854ffc75,福建厦门闽南农副产品物流中心,福建厦门闽南农副产品物流中心,福建厦门闽南农副产品物流中心,福建省,,,,,external,,market,,,,agricultural_wholesale_market,农业农村部定点农产品批发市场,农业农村部定点市场,false,false,false,true,false,false,false,false,false,false,false,false,true,false,false,,,,,,false,false,false,,,,,,,,,,,,,,,,,,,,,1,wholesale_market,data/raw/moa_designated_wholesale_markets_2024.pdf,rec_2255ecd05d06be2a,A,true,按 PDF 两列表格抽取;原文件未提供详细地址和坐标。
cand_c66102060591c24c,贵港市鸿丰米业有限公司,贵港市鸿丰米业有限公司,贵港市鸿丰米业有限公司,广西壮族自治区,贵港市,,贵港市西江产业园区(西区),贵港市,reserve,91450800697623231L,organization,,,,government_procurement_supplier,大米类,政府采购入围/中标供应商,true,false,false,false,false,false,false,false,false,false,false,false,false,false,false,,,,,,false,false,true,,,,,,,,,,,,,,,,,,,,,1,government_procurement,data/raw/guigang_food_suppliers_310.pdf,rec_e0d5cc31a78aa31f,C,true,"采购供应商身份不等同于实体仓储节点。 采购资料中的地址按企业登记/联系地址处理，不自动等同于仓库或配送节点地址。 按 PDF 表格行批量抽取;地址视为供应商登记/联系地址,不自动认定为仓储节点。 采购供应商地址不自动视为仓库地址；仅在原文出现仓库、粮库、配送中心、冷库、厂房等明确词时标记相应能力。"
cand_c6679c2677c8cbea,桂平市储备粮管理有限责任公司,桂平市储备粮管理有限责任公司,桂平市储备粮管理有限责任公司,广西壮族自治区,贵港市,桂平市,,,reserve,,organization,,,,grain_reserve,储备商品管理公司及其直属库,广西储备商品管理公司及其直属库名单(桂财税〔2024〕8号),true,false,false,false,false,false,false,false,false,false,false,false,false,false,false,,,,,,false,true,false,,,,,,,,,,,,,,,,,,,,,1,grain_reserve,data/raw/guangxi_reserve_companies_2024.html,rec_d7d91ea409df34ba,A,true,名单证明储备体系资格，但企业主体或管理机构名称不等同于具体物理粮库。 使用 lxml 从 HTML 正文容器按“行政区标题 + 序号 + 单位名称”结构抽取;原正文段落序号 341。
cand_c67c7020a4b679e8,三江侗族自治县粮食购销和储备粮管理中心,三江侗族自治县粮食购销和储备粮管理中心,三江侗族自治县粮食购销和储备粮管理中心,广西壮族自治区,柳州市,三江侗族自治县,,,secondary,,organization,,,,grain_reserve,储备商品管理公司及其直属库,广西储备商品管理公司及其直属库名单(桂财税〔2024〕8号),true,false,false,false,false,false,false,false,false,false,false,false,false,false,false,,,,,,false,true,false,,,,,,,,,,,,,,,,,,,,,1,grain_reserve,data/raw/guangxi_reserve_companies_2024.html,rec_32bf5af2b27ef471,A,true,名单证明储备体系资格，但企业主体或管理机构名称不等同于具体物理粮库。 使用 lxml 从 HTML 正文容器按“行政区标题 + 序号 + 单位名称”结构抽取;原正文段落序号 86。
cand_c690524e0913276c,江苏镇江农副产品批发市场有限公司,江苏镇江农副产品批发市场有限公司,江苏镇江农副产品批发市场有限公司,江苏省,,,,,external,,market,,,,agricultural_wholesale_market,农业农村部定点农产品批发市场,农业农村部定点市场,false,false,false,true,false,false,false,false,false,false,false,false,true,false,false,,,,,,false,false,false,,,,,,,,,,,,,,,,,,,,,1,wholesale_market,data/raw/moa_designated_wholesale_markets_2024.pdf,rec_1116af3348ad37e9,A,true,按 PDF 两列表格抽取;原文件未提供详细地址和坐标。
cand_c6ea3ece95c6eec6,山东宁津县东崔蔬菜产销专业合作社(山东宁津县东崔蔬菜批发市场),山东宁津县东崔蔬菜产销专业合作社(山东宁津县东崔蔬菜批发市场),山东宁津县东崔蔬菜产销专业合作社(山东宁津县东崔蔬菜批发市场),山东省,,,,,external,,market,,,,agricultural_wholesale_market,农业农村部定点农产品批发市场,农业农村部定点市场,false,false,false,true,false,true,false,false,false,false,false,false,true,false,false,,,,,,false,false,false,,,,,,,,,,,,,,,,,,,,,1,wholesale_market,data/raw/moa_designated_wholesale_markets_2024.pdf,rec_f2a8ee181314749e,A,true,按 PDF 两列表格抽取;原文件未提供详细地址和坐标。
cand_c74c0263d26b505b,横州市六景粮食储备中心库（良圻库区）,横州市六景粮食储备中心库(良圻库区),横州市六景粮食储备中心库（良圻库区）,广西壮族自治区,南宁市,横州市,横州市六景镇良圻农场（良圻库区）,,primary,,physical_site,横州市六景粮食储备中心库,cand_0ef95076697e3a66,grain_storage_site,grain_depot,,,true,false,false,false,false,false,false,false,false,false,true,false,false,false,false,,,,,,false,true,false,,,,108.946254,22.788161,GCJ02,success,medium,true,manual_verified_public_evidence,addr_ev_c74c0263d26b505b,A,site_area,medium,https://www.gxhx.gov.cn/yw/tzgg/qtgg/t6217618.html,横州市政府2024年报告确认六景粮食储备中心库及良圻库区当前承担粮食储备/产后服务；公开项目资料将项目位置指向六景镇良圻农场。,true,true,,manual_address_evidence,1,grain_reserve;manual_address_evidence;manual_address_evidence;manual_address_evidence;manual_address_evidence,data/raw/guangxi_reserve_companies_2024.html;data/manual/nanning_grain_physical_sites_address_evidence.csv;data/manual/nanning_grain_physical_sites_address_evidence.csv;data/manual/nanning_grain_physical_sites_address_evidence.csv;data/manual/nanning_grain_physical_sites_address_evidence.csv,rec_fc91f7cfaefa02dd,A,true,由人工核验的公开地址证据新增为独立 physical_site；未替代或删除组织主体。
cand_c7513720bf713eaa,甘肃金昌江楠农产品综合批发市场,甘肃金昌江楠农产品综合批发市场,甘肃金昌江楠农产品综合批发市场,甘肃省,,,,,external,,market,,,,agricultural_wholesale_market,农业农村部定点农产品批发市场,农业农村部定点市场,false,false,false,true,false,false,false,false,false,false,false,false,true,false,false,,,,,,false,false,false,,,,,,,,,,,,,,,,,,,,,1,wholesale_market,data/raw/moa_designated_wholesale_markets_2024.pdf,rec_6a9a0f130e8bd744,A,true,按 PDF 两列表格抽取;原文件未提供详细地址和坐标。
cand_c77d55db403edd86,山东青州天禄农业发展股份有限公司(山东青州市天禄农业蔬菜交易市场),山东青州天禄农业发展股份有限公司(山东青州市天禄农业蔬菜交易市场),山东青州天禄农业发展股份有限公司(山东青州市天禄农业蔬菜交易市场),山东省,,,,,external,,market,,,,agricultural_wholesale_market,农业农村部定点农产品批发市场,农业农村部定点市场,false,false,false,true,false,true,false,false,false,false,false,false,true,false,false,,,,,,false,false,false,,,,,,,,,,,,,,,,,,,,,1,wholesale_market,data/raw/moa_designated_wholesale_markets_2024.pdf,rec_52beb7082622f6a7,A,true,按 PDF 两列表格抽取;原文件未提供详细地址和坐标。
cand_c7a28115f0db7dfc,广西优点多超市连锁有限责任公司,广西优点多超市连锁有限责任公司,广西优点多超市连锁有限责任公司,广西壮族自治区,北海市,海城区,广西壮族自治区北海市海城区四川南路沈四村泰格公寓一层北面铺面一号,北海市,reserve,91450502MACGY5H943,outlet,,,,government_procurement_supplier,果蔬类,政府采购入围/中标供应商,false,false,false,true,false,true,true,false,false,false,false,false,false,true,false,,,,,,false,false,true,,,,,,,,,,,,,,,,,,,,,1,government_procurement,data/raw/beihai_food_suppliers.pdf,rec_6dbbe20d3a012762,C,true,"采购供应商身份不等同于实体仓储节点。 采购资料中的地址按企业登记/联系地址处理，不自动等同于仓库或配送节点地址。 按 PDF 表格行批量抽取;地址视为供应商登记/联系地址,不自动认定为仓储节点。 采购供应商地址不自动视为仓库地址；仅在原文出现仓库、粮库、配送中心、冷库、厂房等明确词时标记相应能力。"
cand_c7a7fc9edb60846a,湖南长沙水渡河农产品市场,湖南长沙水渡河农产品市场,湖南长沙水渡河农产品市场,湖南省,,,,,external,,market,,,,agricultural_wholesale_market,农业农村部定点农产品批发市场,农业农村部定点市场,false,false,false,true,false,false,false,false,false,false,false,false,true,false,false,,,,,,false,false,false,,,,,,,,,,,,,,,,,,,,,1,wholesale_market,data/raw/moa_designated_wholesale_markets_2024.pdf,rec_c01377f5c2e46808,A,true,按 PDF 两列表格抽取;原文件未提供详细地址和坐标。
cand_c7ca955b1ade199b,山东省沾化鲁北海产品有限公司(山东滨州鲁北水产品批发大市场),山东省沾化鲁北海产品有限公司(山东滨州鲁北水产品批发大市场),山东省沾化鲁北海产品有限公司(山东滨州鲁北水产品批发大市场),山东省,,,,,external,,market,,,,agricultural_wholesale_market,农业农村部定点农产品批发市场,农业农村部定点市场,false,false,false,true,false,false,false,true,false,false,false,false,true,false,false,,,,,,false,false,false,,,,,,,,,,,,,,,,,,,,,1,wholesale_market,data/raw/moa_designated_wholesale_markets_2024.pdf,rec_c62d16875e502b71,A,true,按 PDF 两列表格抽取;原文件未提供详细地址和坐标。
cand_c823b39d79eebb2f,湖南高桥大市场茶叶城,湖南高桥大市场茶叶城,湖南高桥大市场茶叶城,湖南省,,,,,external,,market,,,,agricultural_wholesale_market,农业农村部定点农产品批发市场,农业农村部定点市场,false,false,false,true,false,false,false,false,false,false,false,false,true,false,false,,,,,,false,false,false,,,,,,,,,,,,,,,,,,,,,1,wholesale_market,data/raw/moa_designated_wholesale_markets_2024.pdf,rec_76aa2f37e965a6cc,A,true,按 PDF 两列表格抽取;原文件未提供详细地址和坐标。
cand_c838f4606a20006c,山西太原市河西农产品有限公司(山西太原市万柏林区河西农副产品市场),山西太原市河西农产品有限公司(山西太原市万柏林区河西农副产品市场),山西太原市河西农产品有限公司(山西太原市万柏林区河西农副产品市场),山西省,,,,,external,,market,,,,agricultural_wholesale_market,农业农村部定点农产品批发市场,农业农村部定点市场,false,false,false,true,false,false,false,false,false,false,false,false,true,false,false,,,,,,false,false,false,,,,,,,,,,,,,,,,,,,,,1,wholesale_market,data/raw/moa_designated_wholesale_markets_2024.pdf,rec_ece4432415ae0f94,A,true,按 PDF 两列表格抽取;原文件未提供详细地址和坐标。
cand_c8891917057394cb,云南昆明骏骐干菜副食粮油批发市场,云南昆明骏骐干菜副食粮油批发市场,云南昆明骏骐干菜副食粮油批发市场,云南省,,,,,external,,market,,,,agricultural_wholesale_market,农业农村部定点农产品批发市场,农业农村部定点市场,true,true,false,true,false,true,false,false,false,false,false,false,true,false,false,,,,,,false,false,false,,,,,,,,,,,,,,,,,,,,,1,wholesale_market,data/raw/moa_designated_wholesale_markets_2024.pdf,rec_830842d1733a22b2,A,true,按 PDF 两列表格抽取;原文件未提供详细地址和坐标。
cand_c8b583837447467c,灵山县檀圩粮食管理所,灵山县檀圩粮食管理所,灵山县檀圩粮食管理所,广西壮族自治区,钦州市,灵山县,,,reserve,,unknown,,,,grain_reserve,储备商品管理公司及其直属库,广西储备商品管理公司及其直属库名单(桂财税〔2024〕8号),true,false,false,false,false,false,false,false,false,false,false,false,false,false,false,,,,,,false,true,false,,,,,,,,,,,,,,,,,,,,,1,grain_reserve,data/raw/guangxi_reserve_companies_2024.html,rec_d8e5423938ff2428,A,true,名单证明储备体系资格，但企业主体或管理机构名称不等同于具体物理粮库。 使用 lxml 从 HTML 正文容器按“行政区标题 + 序号 + 单位名称”结构抽取;原正文段落序号 197。
cand_c8dae1b55cf5ce80,浙西南农贸城,浙西南农贸城,浙西南农贸城,浙江省,,,,,external,,market,,,,agricultural_wholesale_market,农业农村部定点农产品批发市场,农业农村部定点市场,false,false,false,true,false,false,false,false,false,false,false,false,true,false,false,,,,,,false,false,false,,,,,,,,,,,,,,,,,,,,,1,wholesale_market,data/raw/moa_designated_wholesale_markets_2024.pdf,rec_a31e948b8ddb8f87,A,true,按 PDF 两列表格抽取;原文件未提供详细地址和坐标。
cand_c8f2248ad2c94566,四川巴中农副产品交易中心,四川巴中农副产品交易中心,四川巴中农副产品交易中心,四川省,,,,,external,,market,,,,agricultural_wholesale_market,农业农村部定点农产品批发市场,农业农村部定点市场,false,false,false,true,false,false,false,false,false,false,false,false,true,false,false,,,,,,false,false,false,,,,,,,,,,,,,,,,,,,,,1,wholesale_market,data/raw/moa_designated_wholesale_markets_2024.pdf,rec_dd9a317c4dfe623a,A,true,按 PDF 两列表格抽取;原文件未提供详细地址和坐标。
cand_c9a9dd89299ad810,湖南岳阳市花板桥蔬菜批发市场,湖南岳阳市花板桥蔬菜批发市场,湖南岳阳市花板桥蔬菜批发市场,湖南省,,,,,external,,market,,,,agricultural_wholesale_market,农业农村部定点农产品批发市场,农业农村部定点市场,false,false,false,true,false,true,false,false,false,false,false,false,true,false,false,,,,,,false,false,false,,,,,,,,,,,,,,,,,,,,,1,wholesale_market,data/raw/moa_designated_wholesale_markets_2024.pdf,rec_7a085b340932ea96,A,true,按 PDF 两列表格抽取;原文件未提供详细地址和坐标。
cand_ca4b809e361364f7,广西丹农餐饮有限公司,广西丹农餐饮有限公司,广西丹农餐饮有限公司,广西壮族自治区,桂林市,七星区,"桂林市七星区施家园路西侧,小东江东岸龙隐园I区D2栋别墅(二楼办公室)【一照多址企业]",贵港市,reserve,914503005951279748,organization,,,,government_procurement_supplier,冷冻品类,政府采购入围/中标供应商,false,false,true,false,false,false,false,false,false,false,false,false,false,false,false,,,,,,false,false,true,,,,,,,,,,,,,,,,,,,,,1,government_procurement,data/raw/guigang_food_suppliers_310.pdf,rec_632e28acf5bd870c,C,true,"采购供应商身份不等同于实体仓储节点。 采购资料中的地址按企业登记/联系地址处理，不自动等同于仓库或配送节点地址。 按 PDF 表格行批量抽取;地址视为供应商登记/联系地址,不自动认定为仓储节点。 采购供应商地址不自动视为仓库地址；仅在原文出现仓库、粮库、配送中心、冷库、厂房等明确词时标记相应能力。"
cand_ca653da1cfb4747c,广东江门市水产冻品副食批发市场,广东江门市水产冻品副食批发市场,广东江门市水产冻品副食批发市场,广东省,,,,,external,,market,,,,agricultural_wholesale_market,农业农村部定点农产品批发市场,农业农村部定点市场,false,false,false,true,false,false,false,true,false,false,false,false,true,false,false,,,,,,false,false,false,,,,,,,,,,,,,,,,,,,,,1,wholesale_market,data/raw/moa_designated_wholesale_markets_2024.pdf,rec_bac42950cf882409,A,true,按 PDF 两列表格抽取;原文件未提供详细地址和坐标。
cand_ca6a57d5030f766b,青海东部农副产品综合市场,青海东部农副产品综合市场,青海东部农副产品综合市场,青海省,,,,,external,,market,,,,agricultural_wholesale_market,农业农村部定点农产品批发市场,农业农村部定点市场,false,false,false,true,false,false,false,false,false,false,false,false,true,false,false,,,,,,false,false,false,,,,,,,,,,,,,,,,,,,,,1,wholesale_market,data/raw/moa_designated_wholesale_markets_2024.pdf,rec_263880e46447905b,A,true,按 PDF 两列表格抽取;原文件未提供详细地址和坐标。
cand_ca9246066999e90a,湖北广水市锦诚农产品实业有限公司(湖北广水市锦诚农产品批发市场),湖北广水市锦诚农产品实业有限公司(湖北广水市锦诚农产品批发市场),湖北广水市锦诚农产品实业有限公司(湖北广水市锦诚农产品批发市场),湖北省,,,,,external,,market,,,,agricultural_wholesale_market,农业农村部定点农产品批发市场,农业农村部定点市场,false,false,false,true,false,false,false,false,false,false,false,false,true,false,false,,,,,,false,false,false,,,,,,,,,,,,,,,,,,,,,1,wholesale_market,data/raw/moa_designated_wholesale_markets_2024.pdf,rec_b2c2346cde11a269,A,true,按 PDF 两列表格抽取;原文件未提供详细地址和坐标。
cand_ca9aa2bd67e026fe,贵州毕节市创美农副产品批发交易中心,贵州毕节市创美农副产品批发交易中心,贵州毕节市创美农副产品批发交易中心,贵州省,,,,,external,,market,,,,agricultural_wholesale_market,农业农村部定点农产品批发市场,农业农村部定点市场,false,false,false,true,false,false,false,false,false,false,false,false,true,false,false,,,,,,false,false,false,,,,,,,,,,,,,,,,,,,,,1,wholesale_market,data/raw/moa_designated_wholesale_markets_2024.pdf,rec_43d60571903e969a,A,true,按 PDF 两列表格抽取;原文件未提供详细地址和坐标。
cand_cac983a2dded7fa0,兴安县界首粮油购销有限责任公司,兴安县界首粮油购销有限责任公司,兴安县界首粮油购销有限责任公司,广西壮族自治区,桂林市,兴安县,,,reserve,,organization,,,,grain_reserve,储备商品管理公司及其直属库,广西储备商品管理公司及其直属库名单(桂财税〔2024〕8号),true,true,false,false,false,false,false,false,false,false,false,false,false,false,false,,,,,,false,true,false,,,,,,,,,,,,,,,,,,,,,1,grain_reserve,data/raw/guangxi_reserve_companies_2024.html,rec_f97a9227de0c76ca,A,true,名单证明储备体系资格，但企业主体或管理机构名称不等同于具体物理粮库。 使用 lxml 从 HTML 正文容器按“行政区标题 + 序号 + 单位名称”结构抽取;原正文段落序号 107。
cand_cb561322c708b19c,浙江宁波市江东水产批发市场,浙江宁波市江东水产批发市场,浙江宁波市江东水产批发市场,浙江省,,,,,external,,market,,,,agricultural_wholesale_market,农业农村部定点农产品批发市场,农业农村部定点市场,false,false,false,true,false,false,false,true,false,false,false,false,true,false,false,,,,,,false,false,false,,,,,,,,,,,,,,,,,,,,,1,wholesale_market,data/raw/moa_designated_wholesale_markets_2024.pdf,rec_e093cd81f4cd5f52,A,true,按 PDF 两列表格抽取;原文件未提供详细地址和坐标。
cand_cbe1163bab2e38ea,北海市银海区振兴农业农村发展有限公司,北海市银海区振兴农业农村发展有限公司,北海市银海区振兴农业农村发展有限公司,广西壮族自治区,北海市,银海区,北海市银海区金科路98号三楼01号,北海市,reserve,91450503MAA7JTF422,organization,,,,government_procurement_supplier,米面油干货类;肉及水产类,政府采购入围/中标供应商,true,true,true,true,true,false,false,true,false,false,false,false,false,false,false,,,,,,false,false,true,,,,,,,,,,,,,,,,,,,,,2,government_procurement,data/raw/beihai_food_suppliers.pdf,rec_299cd214ee0e0048;rec_62c91ae3f048ccbe,C,true,"采购供应商身份不等同于实体仓储节点。 采购资料中的地址按企业登记/联系地址处理，不自动等同于仓库或配送节点地址。 按 PDF 表格行批量抽取;地址视为供应商登记/联系地址,不自动认定为仓储节点。 采购供应商地址不自动视为仓库地址；仅在原文出现仓库、粮库、配送中心、冷库、厂房等明确词时标记相应能力。"
cand_cbea7b255740a738,天津金元宝滨海农产品交易市场,天津金元宝滨海农产品交易市场,天津金元宝滨海农产品交易市场,天津市,天津市,,,,external,,market,,,,agricultural_wholesale_market,农业农村部定点农产品批发市场,农业农村部定点市场,false,false,false,true,false,false,false,false,false,false,false,false,true,false,false,,,,,,false,false,false,,,,,,,,,,,,,,,,,,,,,1,wholesale_market,data/raw/moa_designated_wholesale_markets_2024.pdf,rec_16bd1e436add3ffe,A,true,按 PDF 两列表格抽取;原文件未提供详细地址和坐标。
cand_cc382d2e634bea83,广西东浩食品有限公司,广西东浩食品有限公司,广西东浩食品有限公司,广西壮族自治区,,,,百色市/平果市,reserve,,organization,,,,government_procurement_supplier,生鲜时蔬、水果类,政府采购入围/中标供应商,false,false,true,true,false,true,true,false,false,false,false,false,false,false,false,,,,,,false,false,true,,,,,,,,,,,,,,,,,,,,,1,government_procurement,data/raw/pingguo_vegetable_fruit_suppliers.pdf,rec_edcc955bb67c409a,C,true,"采购供应商身份不等同于实体仓储节点。 采购资料未提供企业地址；服务项目区域与企业所在地严格分开。 可确认位于广西，但当前证据不足以安全确定地级市。 PDF 表格未提供地址和统一社会信用代码;服务项目所在地为平果市,不能据此推断企业所在地。 采购供应商地址不自动视为仓库地址；仅在原文出现仓库、粮库、配送中心、冷库、厂房等明确词时标记相应能力。"
cand_cc6ac433a58d7d51,江苏夏溪花木市场控股有限公司,江苏夏溪花木市场控股有限公司,江苏夏溪花木市场控股有限公司,江苏省,,,,,external,,market,,,,agricultural_wholesale_market,农业农村部定点农产品批发市场,农业农村部定点市场,false,false,false,true,false,false,false,false,false,false,false,false,true,false,false,,,,,,false,false,false,,,,,,,,,,,,,,,,,,,,,1,wholesale_market,data/raw/moa_designated_wholesale_markets_2024.pdf,rec_9ed24a8c91dd1cfa,A,true,按 PDF 两列表格抽取;原文件未提供详细地址和坐标。
cand_cc733815a61b3bbc,上林县安恒储备粮管理有限公司明亮分公司,上林县安恒储备粮管理有限公司明亮分公司,上林县安恒储备粮管理有限公司明亮分公司,广西壮族自治区,南宁市,上林县,,,primary,,organization,上林县安恒储备粮管理有限公司,,,grain_reserve,储备商品管理公司及其直属库,广西储备商品管理公司及其直属库名单(桂财税〔2024〕8号),true,false,false,false,false,false,false,false,false,false,false,false,false,false,false,,,,,,false,true,false,,,,,,,,,,,,,,,,,,,,,1,grain_reserve,data/raw/guangxi_reserve_companies_2024.html,rec_0379aeaeebfae59c,A,true,名单证明储备体系资格，但企业主体或管理机构名称不等同于具体物理粮库。 使用 lxml 从 HTML 正文容器按“行政区标题 + 序号 + 单位名称”结构抽取;原正文段落序号 62。
cand_cccff61153259b9c,吉林伊通县营城子镇黄牛市场,吉林伊通县营城子镇黄牛市场,吉林伊通县营城子镇黄牛市场,吉林省,,,,,external,,market,,,,agricultural_wholesale_market,农业农村部定点农产品批发市场,农业农村部定点市场,false,false,false,true,false,false,false,false,false,false,false,false,true,false,false,,,,,,false,false,false,,,,,,,,,,,,,,,,,,,,,1,wholesale_market,data/raw/moa_designated_wholesale_markets_2024.pdf,rec_50342a08b22353ff,A,true,按 PDF 两列表格抽取;原文件未提供详细地址和坐标。
cand_cd2aa0be791d87f0,百色市田阳区田州粮所,百色市田阳区田州粮所,百色市田阳区田州粮所,广西壮族自治区,百色市,田阳区,,,reserve,,unknown,,,,grain_reserve,储备商品管理公司及其直属库,广西储备商品管理公司及其直属库名单(桂财税〔2024〕8号),true,false,false,false,false,false,false,false,false,false,false,false,false,false,false,,,,,,false,true,false,,,,,,,,,,,,,,,,,,,,,1,grain_reserve,data/raw/guangxi_reserve_companies_2024.html,rec_008084d3340f91c2,A,true,名单证明储备体系资格，但企业主体或管理机构名称不等同于具体物理粮库。 使用 lxml 从 HTML 正文容器按“行政区标题 + 序号 + 单位名称”结构抽取;原正文段落序号 230。
cand_cd76819bc8f29265,扶绥县粮食和物资储备管理有限公司,扶绥县粮食和物资储备管理有限公司,扶绥县粮食和物资储备管理有限公司,广西壮族自治区,崇左市,,,,reserve,,organization,,,,grain_reserve,储备商品管理公司及其直属库,广西储备商品管理公司及其直属库名单(桂财税〔2024〕8号),true,false,false,false,false,false,false,false,false,false,false,false,false,false,false,,,,,,false,true,false,,,,,,,,,,,,,,,,,,,,,1,grain_reserve,data/raw/guangxi_reserve_companies_2024.html,rec_c887379a8f76dd82,A,true,名单证明储备体系资格，但企业主体或管理机构名称不等同于具体物理粮库。 使用 lxml 从 HTML 正文容器按“行政区标题 + 序号 + 单位名称”结构抽取;原正文段落序号 396。
cand_ce356cc654e361ca,甘肃张掖绿洲农副产品综合交易市场,甘肃张掖绿洲农副产品综合交易市场,甘肃张掖绿洲农副产品综合交易市场,甘肃省,,,,,external,,market,,,,agricultural_wholesale_market,农业农村部定点农产品批发市场,农业农村部定点市场,false,false,false,true,false,false,false,false,false,false,false,false,true,false,false,,,,,,false,false,false,,,,,,,,,,,,,,,,,,,,,1,wholesale_market,data/raw/moa_designated_wholesale_markets_2024.pdf,rec_c971f1e8d7eb2ff7,A,true,按 PDF 两列表格抽取;原文件未提供详细地址和坐标。
cand_ce408a644acffef7,河北沧州红枣交易市场,河北沧州红枣交易市场,河北沧州红枣交易市场,河北省,,,,,external,,market,,,,agricultural_wholesale_market,农业农村部定点农产品批发市场,农业农村部定点市场,false,false,false,true,false,false,false,false,false,false,false,false,true,false,false,,,,,,false,false,false,,,,,,,,,,,,,,,,,,,,,1,wholesale_market,data/raw/moa_designated_wholesale_markets_2024.pdf,rec_135a72445dd326c7,A,true,按 PDF 两列表格抽取;原文件未提供详细地址和坐标。
cand_ce48854cbc89dbd5,山东宏大生姜市场有限公司,山东宏大生姜市场有限公司,山东宏大生姜市场有限公司,山东省,,,,,external,,market,,,,agricultural_wholesale_market,农业农村部定点农产品批发市场,农业农村部定点市场,false,false,false,true,false,false,false,false,false,false,false,false,true,false,false,,,,,,false,false,false,,,,,,,,,,,,,,,,,,,,,1,wholesale_market,data/raw/moa_designated_wholesale_markets_2024.pdf,rec_d072de2c77558ce7,A,true,按 PDF 两列表格抽取;原文件未提供详细地址和坐标。
cand_cea75eff47c0b745,黑龙江安达市北方第一蔬菜批发市场,黑龙江安达市北方第一蔬菜批发市场,黑龙江安达市北方第一蔬菜批发市场,黑龙江省,,,,,external,,market,,,,agricultural_wholesale_market,农业农村部定点农产品批发市场,农业农村部定点市场,false,false,false,true,false,true,false,false,false,false,false,false,true,false,false,,,,,,false,false,false,,,,,,,,,,,,,,,,,,,,,1,wholesale_market,data/raw/moa_designated_wholesale_markets_2024.pdf,rec_7feaea70f509177e,A,true,按 PDF 两列表格抽取;原文件未提供详细地址和坐标。
cand_ced44124d9a4cfce,钦州市钦北区粮油收储有限责任公司,钦州市钦北区粮油收储有限责任公司,钦州市钦北区粮油收储有限责任公司,广西壮族自治区,钦州市,,,,reserve,,organization,,,,grain_reserve,储备商品管理公司及其直属库,广西储备商品管理公司及其直属库名单(桂财税〔2024〕8号),true,true,false,false,false,false,false,false,false,false,false,false,false,false,false,,,,,,false,true,false,,,,,,,,,,,,,,,,,,,,,1,grain_reserve,data/raw/guangxi_reserve_companies_2024.html,rec_e42ff2f50ad96eef,A,true,名单证明储备体系资格，但企业主体或管理机构名称不等同于具体物理粮库。 使用 lxml 从 HTML 正文容器按“行政区标题 + 序号 + 单位名称”结构抽取;原正文段落序号 183。
cand_cf0962d598725e2e,广西和顺食品有限公司,广西和顺食品有限公司,广西和顺食品有限公司,广西壮族自治区,贵港市,港北区,贵港市港北区荷城路1108号(中强·荷城世家)77幢15号,贵港市,reserve,91450800327350678E,organization,,,,government_procurement_supplier,禽肉类;鲜湿米粉、面食、糕点等早餐类、豆制品类;生鲜时蔬、水果类;冷冻品类;蛋品类;大米类;调味品类,政府采购入围/中标供应商,true,false,true,true,true,true,true,false,false,false,false,false,false,false,false,,,,,,false,false,true,,,,,,,,,,,,,,,,,,,,,7,government_procurement,data/raw/guigang_food_suppliers_310.pdf,rec_e055a964ab01aed6;rec_67ceb29368f9258f;rec_525cee0241a33ca1;rec_6ca542bf4e690372;rec_5f7cfdc4683ae71a;rec_57d23013a805ed83;rec_691c4c085c82d046,C,true,"采购供应商身份不等同于实体仓储节点。 采购资料中的地址按企业登记/联系地址处理，不自动等同于仓库或配送节点地址。 按 PDF 表格行批量抽取;地址视为供应商登记/联系地址,不自动认定为仓储节点。 采购供应商地址不自动视为仓库地址；仅在原文出现仓库、粮库、配送中心、冷库、厂房等明确词时标记相应能力。"
cand_cf1e0490917f68bb,广西贵港安捷贸易有限公司,广西贵港安捷贸易有限公司,广西贵港安捷贸易有限公司,广西壮族自治区,贵港市,港南区,广西壮族自治区贵港市港南区中山南路东侧、江一路南侧金典时代1幢1-1205【一照多址企业】,贵港市,reserve,91450800MAC0YKQB4B,organization,,,,government_procurement_supplier,畜肉类;禽肉类;冷冻品类,政府采购入围/中标供应商,false,false,true,true,true,false,false,false,false,false,false,false,false,false,false,,,,,,false,false,true,,,,,,,,,,,,,,,,,,,,,3,government_procurement,data/raw/guigang_food_suppliers_310.pdf,rec_daec1edacb1075fe;rec_3b33f7a07eabd73a;rec_a5f74d3df43cd09b,C,true,"采购供应商身份不等同于实体仓储节点。 采购资料中的地址按企业登记/联系地址处理，不自动等同于仓库或配送节点地址。 按 PDF 表格行批量抽取;地址视为供应商登记/联系地址,不自动认定为仓储节点。 采购供应商地址不自动视为仓库地址；仅在原文出现仓库、粮库、配送中心、冷库、厂房等明确词时标记相应能力。"
cand_cf23e7990075e2d6,广西源豪餐饮管理有限公司,广西源豪餐饮管理有限公司,广西源豪餐饮管理有限公司,广西壮族自治区,桂林市,叠彩区,广西壮族自治区桂林市叠彩区东二环路13号-8,贵港市;百色市/平果市,reserve,91450304340451502H,organization,,,,government_procurement_supplier,禽肉类;鲜肉类,政府采购入围/中标供应商,false,false,true,true,true,false,false,false,false,false,false,false,false,false,false,,,,,,false,false,true,,,,,,,,,,,,,,,,,,,,,2,government_procurement,data/raw/guigang_food_suppliers_310.pdf;data/raw/pingguo_meat_suppliers.pdf,rec_e6216ae74524a234;rec_5b62d5c09428d120,C,true,"采购供应商身份不等同于实体仓储节点。 采购资料中的地址按企业登记/联系地址处理，不自动等同于仓库或配送节点地址。 按 PDF 表格行批量抽取;地址视为供应商登记/联系地址,不自动认定为仓储节点。 采购供应商身份不等同于实体仓储节点。 采购资料未提供企业地址；服务项目区域与企业所在地严格分开。 可确认位于广西，但当前证据不足以安全确定地级市。 PDF 表格未提供地址和统一社会信用代码;服务项目所在地为平果市,不能据此推断企业所在地。 采购供应商地址不自动视为仓库地址；仅在原文出现仓库、粮库、配送中心、冷库、厂房等明确词时标记相应能力。"
cand_cf426488f6d27fc6,上林县安恒储备粮管理有限公司澄泰分公司1号仓库,上林县安恒储备粮管理有限公司澄泰分公司1号仓库,上林县安恒储备粮管理有限公司澄泰分公司1号仓库,广西壮族自治区,南宁市,上林县,上林县澄泰乡澄泰社区澄泰街312号,,primary,,physical_site,上林县安恒储备粮管理有限公司澄泰分公司,cand_107d87fa017d4370,warehouse_site,grain_depot,,,true,false,false,false,false,false,false,false,false,false,true,false,false,false,false,,,,,,false,true,false,,,,108.670642,23.425851,GCJ02,success,high,true,manual_verified_public_evidence,addr_ev_cf426488f6d27fc6,A,door_number,high,https://www.shanglin.gov.cn/yw/tzgg/t6521222.html,上林县政府建设项目公告明确为绿色低温仓储设施建设项目澄泰分公司1号仓库工程，并给出地址。,true,true,,manual_address_evidence,1,grain_reserve;manual_address_evidence;manual_address_evidence;manual_address_evidence;manual_address_evidence,data/raw/guangxi_reserve_companies_2024.html;data/manual/nanning_grain_physical_sites_address_evidence.csv;data/manual/nanning_grain_physical_sites_address_evidence.csv;data/manual/nanning_grain_physical_sites_address_evidence.csv;data/manual/nanning_grain_physical_sites_address_evidence.csv,rec_4e3036d97ebeb28c,A,true,由人工核验的公开地址证据新增为独立 physical_site；未替代或删除组织主体。
cand_cf5ed6ddcbee8bef,贵港市五穗振丰食品有限公司(微型企业),贵港市五穗振丰食品有限公司(微型企业),贵港市五穗振丰食品有限公司(微型企业),广西壮族自治区,贵港市,港北区,贵港市港北区中银大厦9楼925室,贵港市,reserve,91450802593233271Y,organization,,,,government_procurement_supplier,鲜湿米粉、面食、糕点等早餐类、豆制品类,政府采购入围/中标供应商,true,false,true,false,false,false,false,false,false,false,false,false,false,false,false,,,,,,false,false,true,,,,,,,,,,,,,,,,,,,,,1,government_procurement,data/raw/guigang_food_suppliers_310.pdf,rec_8ff02f40593f3daa,C,true,"采购供应商身份不等同于实体仓储节点。 采购资料中的地址按企业登记/联系地址处理，不自动等同于仓库或配送节点地址。 按 PDF 表格行批量抽取;地址视为供应商登记/联系地址,不自动认定为仓储节点。 采购供应商地址不自动视为仓库地址；仅在原文出现仓库、粮库、配送中心、冷库、厂房等明确词时标记相应能力。"
cand_cf949a1f4c9f2e5b,平果市粮食和物资储备中心,平果市粮食和物资储备中心,平果市粮食和物资储备中心,广西壮族自治区,百色市,平果市,,,reserve,,organization,,,,grain_reserve,储备商品管理公司及其直属库,广西储备商品管理公司及其直属库名单(桂财税〔2024〕8号),true,false,false,false,false,false,false,false,false,false,false,false,false,false,false,,,,,,false,true,false,,,,,,,,,,,,,,,,,,,,,1,grain_reserve,data/raw/guangxi_reserve_companies_2024.html,rec_fcc08ff2dc12700c,A,true,名单证明储备体系资格，但企业主体或管理机构名称不等同于具体物理粮库。 使用 lxml 从 HTML 正文容器按“行政区标题 + 序号 + 单位名称”结构抽取;原正文段落序号 251。
cand_cfa0bf5f020739f7,广西恭城县水果批发市场,广西恭城县水果批发市场,广西恭城县水果批发市场,广西壮族自治区,,,,,reserve,,market,,,,agricultural_wholesale_market,农业农村部定点农产品批发市场,农业农村部定点市场,false,false,false,true,false,false,true,false,false,false,false,false,true,false,false,,,,,,false,false,false,,,,,,,,,,,,,,,,,,,,,1,wholesale_market,data/raw/moa_designated_wholesale_markets_2024.pdf,rec_96f27b1a37e3e8ec,A,true,可确认位于广西，但当前证据不足以安全确定地级市。 按 PDF 两列表格抽取;原文件未提供详细地址和坐标。
cand_cfb7205f7ffc90b7,云南泸西县粮贸综合市场,云南泸西县粮贸综合市场,云南泸西县粮贸综合市场,云南省,,,,,external,,market,,,,agricultural_wholesale_market,农业农村部定点农产品批发市场,农业农村部定点市场,false,false,false,true,false,false,false,false,false,false,false,false,true,false,false,,,,,,false,false,false,,,,,,,,,,,,,,,,,,,,,1,wholesale_market,data/raw/moa_designated_wholesale_markets_2024.pdf,rec_e4c49f94bf22b94a,A,true,按 PDF 两列表格抽取;原文件未提供详细地址和坐标。
cand_cfbf69b9bea87e93,昭平县城厢粮油管理所,昭平县城厢粮油管理所,昭平县城厢粮油管理所,广西壮族自治区,贺州市,,,,reserve,,unknown,,,,other,储备商品管理公司及其直属库,广西储备商品管理公司及其直属库名单(桂财税〔2024〕8号),true,true,false,false,false,false,false,false,false,false,false,false,false,false,false,,,,,,false,true,false,,,,,,,,,,,,,,,,,,,,,1,grain_reserve,data/raw/guangxi_reserve_companies_2024.html,rec_eedd25f02862570d,A,true,属于储备商品管理公司及其直属库名单，但名称不足以安全判断为具体粮库或储备管理机构。 使用 lxml 从 HTML 正文容器按“行政区标题 + 序号 + 单位名称”结构抽取;原正文段落序号 364。
cand_cfc5683b967af0c4,广西那飨那美商贸有限公司,广西那飨那美商贸有限公司,广西那飨那美商贸有限公司,广西壮族自治区,贵港市,覃塘区,广西壮族自治区贵港市覃塘区覃塘街道罗齐垌187号,贵港市,reserve,91450804MAC022WF13,organization,,,,government_procurement_supplier,大米类,政府采购入围/中标供应商,true,false,false,false,false,false,false,false,false,false,false,false,false,false,false,,,,,,false,false,true,,,,,,,,,,,,,,,,,,,,,1,government_procurement,data/raw/guigang_food_suppliers_310.pdf,rec_cb157bcb6efbf7f2,C,true,"采购供应商身份不等同于实体仓储节点。 采购资料中的地址按企业登记/联系地址处理，不自动等同于仓库或配送节点地址。 按 PDF 表格行批量抽取;地址视为供应商登记/联系地址,不自动认定为仓储节点。 采购供应商地址不自动视为仓库地址；仅在原文出现仓库、粮库、配送中心、冷库、厂房等明确词时标记相应能力。"
cand_d0065d4ed8dd2409,浙江湖州城商农副产品集散(物流)中心,浙江湖州城商农副产品集散(物流)中心,浙江湖州城商农副产品集散(物流)中心,浙江省,,,,,external,,market,,,,agricultural_wholesale_market,农业农村部定点农产品批发市场,农业农村部定点市场,false,false,false,true,false,false,false,false,false,false,false,false,true,false,false,,,,,,false,false,false,,,,,,,,,,,,,,,,,,,,,1,wholesale_market,data/raw/moa_designated_wholesale_markets_2024.pdf,rec_db75685a23983f3a,A,true,按 PDF 两列表格抽取;原文件未提供详细地址和坐标。
cand_d018591d5b6c53aa,贵州遵义绿色农产品交易中心,贵州遵义绿色农产品交易中心,贵州遵义绿色农产品交易中心,贵州省,,,,,external,,market,,,,agricultural_wholesale_market,农业农村部定点农产品批发市场,农业农村部定点市场,false,false,false,true,false,false,false,false,false,false,false,false,true,false,false,,,,,,false,false,false,,,,,,,,,,,,,,,,,,,,,1,wholesale_market,data/raw/moa_designated_wholesale_markets_2024.pdf,rec_5be1f1a2c9970e0d,A,true,按 PDF 两列表格抽取;原文件未提供详细地址和坐标。
cand_d0580d8869dda6c3,田阳县头塘粮所,田阳县头塘粮所,田阳县头塘粮所,广西壮族自治区,百色市,,,,reserve,,unknown,,,,grain_reserve,储备商品管理公司及其直属库,广西储备商品管理公司及其直属库名单(桂财税〔2024〕8号),true,false,false,false,false,false,false,false,false,false,false,false,false,false,false,,,,,,false,true,false,,,,,,,,,,,,,,,,,,,,,1,grain_reserve,data/raw/guangxi_reserve_companies_2024.html,rec_e29836c6b6a5c7a5,A,true,名单证明储备体系资格，但企业主体或管理机构名称不等同于具体物理粮库。 使用 lxml 从 HTML 正文容器按“行政区标题 + 序号 + 单位名称”结构抽取;原正文段落序号 232。
cand_d0909a493e873f8b,广西桂平绿顺康农业开发有限公司,广西桂平绿顺康农业开发有限公司,广西桂平绿顺康农业开发有限公司,广西壮族自治区,贵港市,桂平市,广西壮族自治区贵港市桂平市西山镇风凰新区金凤凰商业中心第10幢1号,贵港市,reserve,91450881MACH6Y3B9F,organization,,,,government_procurement_supplier,鲜湿米粉、面食、糕点等早餐类、豆制品类;蛋品类;食用油类,政府采购入围/中标供应商,true,true,true,false,false,false,false,false,false,false,false,false,false,false,false,,,,,,false,false,true,,,,,,,,,,,,,,,,,,,,,3,government_procurement,data/raw/guigang_food_suppliers_310.pdf,rec_6a66bfbc47acef5b;rec_f9e320cc60d63779;rec_e29ff07ba7f86401,C,true,"采购供应商身份不等同于实体仓储节点。 采购资料中的地址按企业登记/联系地址处理，不自动等同于仓库或配送节点地址。 按 PDF 表格行批量抽取;地址视为供应商登记/联系地址,不自动认定为仓储节点。 采购供应商地址不自动视为仓库地址；仅在原文出现仓库、粮库、配送中心、冷库、厂房等明确词时标记相应能力。"
cand_d0a9c84dee3dbe27,四川德阳市年丰食品有限公司,四川德阳市年丰食品有限公司,四川德阳市年丰食品有限公司,四川省,,,,全国,external,,organization,,,,emergency_processing,国家级粮食应急保障企业,国家级粮食应急保障企业,true,false,true,false,false,false,false,false,false,false,false,false,false,false,false,,,,,,true,false,false,,,,,,,,,,,,,,,,,,,,,2,grain_emergency,data/raw/national_emergency_grain_enterprises_2025_reassessment.wps;data/raw/national_emergency_grain_enterprises_batch2.pdf,rec_21720d91745afd99;rec_5322b9c78d63c060,B,true,"原文件扩展名为 .wps,文件签名为 WPS/OLE 复合文档;只读转换为临时标准 DOCX 后抽取。来源年份由文件名推断。 按 PDF 文本层中的编号名单逐条抽取;原文件未提供地址和具体功能子类。"
cand_d10dd91b1cf759fd,固始县豫申粮油工贸有限公司,固始县豫申粮油工贸有限公司,固始县豫申粮油工贸有限公司,,,,,全国,external,,organization,,,,emergency_processing,国家级粮食应急保障企业,国家级粮食应急保障企业,true,true,false,false,false,false,false,false,false,false,false,false,false,false,false,,,,,,true,false,false,,,,,,,,,,,,,,,,,,,,,2,grain_emergency,data/raw/national_emergency_grain_enterprises_2025_reassessment.wps;data/raw/national_emergency_grain_enterprises_batch2.pdf,rec_91f4012bab5bbd3c;rec_6fe90ea2d5f7dced,B,true,"当前原始记录未提供可安全解析的省级所在地。 原文件扩展名为 .wps,文件签名为 WPS/OLE 复合文档;只读转换为临时标准 DOCX 后抽取。来源年份由文件名推断。 按 PDF 文本层中的编号名单逐条抽取;原文件未提供地址和具体功能子类。"
cand_d122428f68a2cb1a,梧州市安惠食品配送有限公司,梧州市安惠食品配送有限公司,梧州市安惠食品配送有限公司,广西壮族自治区,梧州市,,,,reserve,,organization,,,,other,储备商品管理公司及其直属库,广西储备商品管理公司及其直属库名单(桂财税〔2024〕8号),true,false,true,false,false,false,false,false,false,false,false,false,true,false,false,,,,,,false,true,false,,,,,,,,,,,,,,,,,,,,,1,grain_reserve,data/raw/guangxi_reserve_companies_2024.html,rec_7beb8fd346ee17c6,A,true,属于储备商品管理公司及其直属库名单，但名称不足以安全判断为具体粮库或储备管理机构。 使用 lxml 从 HTML 正文容器按“行政区标题 + 序号 + 单位名称”结构抽取;原正文段落序号 163。
cand_d14ef712f889fc0e,云南华潮水产品批发市场,云南华潮水产品批发市场,云南华潮水产品批发市场,云南省,,,,,external,,market,,,,agricultural_wholesale_market,农业农村部定点农产品批发市场,农业农村部定点市场,false,false,false,true,false,false,false,true,false,false,false,false,true,false,false,,,,,,false,false,false,,,,,,,,,,,,,,,,,,,,,1,wholesale_market,data/raw/moa_designated_wholesale_markets_2024.pdf,rec_f1bc191a309a97c4,A,true,按 PDF 两列表格抽取;原文件未提供详细地址和坐标。
cand_d156229403a200e8,桂平市百越食品有限公司,桂平市百越食品有限公司,桂平市百越食品有限公司,广西壮族自治区,贵港市,桂平市,广西壮族自治区贵港市桂平市西山镇凤凰新区金凤凰商业中心第11幢26号,贵港市,reserve,91450881MAE81GMB9Y,organization,,,,government_procurement_supplier,蛋品类,政府采购入围/中标供应商,false,false,true,false,false,false,false,false,false,false,false,false,false,false,false,,,,,,false,false,true,,,,,,,,,,,,,,,,,,,,,1,government_procurement,data/raw/guigang_food_suppliers_310.pdf,rec_d050db2f0b0622e6,C,true,"采购供应商身份不等同于实体仓储节点。 采购资料中的地址按企业登记/联系地址处理，不自动等同于仓库或配送节点地址。 按 PDF 表格行批量抽取;地址视为供应商登记/联系地址,不自动认定为仓储节点。 采购供应商地址不自动视为仓库地址；仅在原文出现仓库、粮库、配送中心、冷库、厂房等明确词时标记相应能力。"
cand_d16b6b66d913d764,吉林市友诚米业有限责任公司,吉林市友诚米业有限责任公司,吉林市友诚米业有限责任公司,吉林省,,,,全国,external,,organization,,,,emergency_processing,国家级粮食应急保障企业,国家级粮食应急保障企业,true,false,false,false,false,false,false,false,false,false,false,false,false,false,false,,,,,,true,false,false,,,,,,,,,,,,,,,,,,,,,2,grain_emergency,data/raw/national_emergency_grain_enterprises_2025_reassessment.wps;data/raw/national_emergency_grain_enterprises_batch2.pdf,rec_34545cb5415073a8;rec_5781430f40fef6e6,B,true,"原文件扩展名为 .wps,文件签名为 WPS/OLE 复合文档;只读转换为临时标准 DOCX 后抽取。来源年份由文件名推断。 按 PDF 文本层中的编号名单逐条抽取;原文件未提供地址和具体功能子类。"
cand_d1f6b393eddf6bd4,河北张北县坝上蔬菜产业有限公司(河北张北县农产品综合批发市场),河北张北县坝上蔬菜产业有限公司(河北张北县农产品综合批发市场),河北张北县坝上蔬菜产业有限公司(河北张北县农产品综合批发市场),河北省,,,,,external,,market,,,,agricultural_wholesale_market,农业农村部定点农产品批发市场,农业农村部定点市场,false,false,false,true,false,true,false,false,false,false,false,false,true,false,false,,,,,,false,false,false,,,,,,,,,,,,,,,,,,,,,1,wholesale_market,data/raw/moa_designated_wholesale_markets_2024.pdf,rec_11b03d928e20cf67,A,true,按 PDF 两列表格抽取;原文件未提供详细地址和坐标。
cand_d251b5da7817ddae,河池市宜州区粮食局直属粮库,河池市宜州区粮食局直属粮库,河池市宜州区粮食局直属粮库,广西壮族自治区,河池市,宜州区,,,reserve,,physical_site,,,,grain_depot,储备商品管理公司及其直属库,广西储备商品管理公司及其直属库名单(桂财税〔2024〕8号),true,false,false,false,false,false,false,false,false,false,true,false,false,false,false,,,,,,false,true,false,,,,,,,,,,,,,,,,,,,,,1,grain_reserve,data/raw/guangxi_reserve_companies_2024.html,rec_b3685d51f93c7449,A,true,使用 lxml 从 HTML 正文容器按“行政区标题 + 序号 + 单位名称”结构抽取;原正文段落序号 269。
cand_d2c2319f0fa84edd,北海管龙豆制品有限公司,北海管龙豆制品有限公司,北海管龙豆制品有限公司,广西壮族自治区,北海市,,北海市驿马街道驿马村21号B区一栋房屋,北海市,reserve,91450500MADU10KD7W,organization,,,,government_procurement_supplier,米粉豆制品类,政府采购入围/中标供应商,true,false,true,false,false,false,false,false,false,false,false,false,false,false,false,,,,,,false,false,true,,,,,,,,,,,,,,,,,,,,,1,government_procurement,data/raw/beihai_food_suppliers.pdf,rec_2651ec041555f74e,C,true,"采购供应商身份不等同于实体仓储节点。 采购资料中的地址按企业登记/联系地址处理，不自动等同于仓库或配送节点地址。 按 PDF 表格行批量抽取;地址视为供应商登记/联系地址,不自动认定为仓储节点。 采购供应商地址不自动视为仓库地址；仅在原文出现仓库、粮库、配送中心、冷库、厂房等明确词时标记相应能力。"
cand_d2d851617bf127a6,浙江杭州农副产品物流中心良渚蔬菜批发市场,浙江杭州农副产品物流中心良渚蔬菜批发市场,浙江杭州农副产品物流中心良渚蔬菜批发市场,浙江省,,,,,external,,market,,,,agricultural_wholesale_market,农业农村部定点农产品批发市场,农业农村部定点市场,false,false,false,true,false,true,false,false,false,false,false,false,true,false,false,,,,,,false,false,false,,,,,,,,,,,,,,,,,,,,,1,wholesale_market,data/raw/moa_designated_wholesale_markets_2024.pdf,rec_2a07df0bb5c3861d,A,true,按 PDF 两列表格抽取;原文件未提供详细地址和坐标。
cand_d2dd5a94238ebd10,桂林灵川县永祥米业有限公司,桂林灵川县永祥米业有限公司,桂林灵川县永祥米业有限公司,广西壮族自治区,桂林市,,,,reserve,,organization,,,,other,储备商品管理公司及其直属库,广西储备商品管理公司及其直属库名单(桂财税〔2024〕8号),true,false,false,false,false,false,false,false,false,false,false,false,false,false,false,,,,,,false,true,false,,,,,,,,,,,,,,,,,,,,,1,grain_reserve,data/raw/guangxi_reserve_companies_2024.html,rec_ef7bd14f529d4ef3,A,true,属于储备商品管理公司及其直属库名单，但名称不足以安全判断为具体粮库或储备管理机构。 使用 lxml 从 HTML 正文容器按“行政区标题 + 序号 + 单位名称”结构抽取;原正文段落序号 117。
cand_d3494e93ec4608fd,浙江丽水市市场开发服务有限公司,浙江丽水市市场开发服务有限公司,浙江丽水市市场开发服务有限公司,浙江省,,,,,external,,market,,,,agricultural_wholesale_market,农业农村部定点农产品批发市场,农业农村部定点市场,false,false,false,true,false,false,false,false,false,false,false,false,true,false,false,,,,,,false,false,false,,,,,,,,,,,,,,,,,,,,,1,wholesale_market,data/raw/moa_designated_wholesale_markets_2024.pdf,rec_ffcd0d1a4b57babd,A,true,按 PDF 两列表格抽取;原文件未提供详细地址和坐标。
cand_d37dd47b7f71be95,都安瑶族自治县粮食储备中心,都安瑶族自治县粮食储备中心,都安瑶族自治县粮食储备中心,广西壮族自治区,河池市,都安瑶族自治县,,,reserve,,organization,,,,grain_reserve,储备商品管理公司及其直属库,广西储备商品管理公司及其直属库名单(桂财税〔2024〕8号),true,false,false,false,false,false,false,false,false,false,false,false,false,false,false,,,,,,false,true,false,,,,,,,,,,,,,,,,,,,,,1,grain_reserve,data/raw/guangxi_reserve_companies_2024.html,rec_24d79d4b7703d449,A,true,名单证明储备体系资格，但企业主体或管理机构名称不等同于具体物理粮库。 使用 lxml 从 HTML 正文容器按“行政区标题 + 序号 + 单位名称”结构抽取;原正文段落序号 287。
cand_d3927f907d37007c,南宁市邕宁区蒲庙粮食管理所,南宁市邕宁区蒲庙粮食管理所,南宁市邕宁区蒲庙粮食管理所,广西壮族自治区,南宁市,邕宁区,,,primary,,unknown,,,,grain_reserve,储备商品管理公司及其直属库,广西储备商品管理公司及其直属库名单(桂财税〔2024〕8号),true,false,false,false,false,false,false,false,false,false,false,false,false,false,false,,,,,,false,true,false,,,,,,,,,,,,,,,,,,,,,1,grain_reserve,data/raw/guangxi_reserve_companies_2024.html,rec_074f017f714aed2e,A,true,名单证明储备体系资格，但企业主体或管理机构名称不等同于具体物理粮库。 使用 lxml 从 HTML 正文容器按“行政区标题 + 序号 + 单位名称”结构抽取;原正文段落序号 43。
cand_d39b1eee742f33de,中国水产城,中国水产城,中国水产城,浙江省,,,,,external,,market,,,,agricultural_wholesale_market,农业农村部定点农产品批发市场,农业农村部定点市场,false,false,false,true,false,false,false,true,false,false,false,false,true,false,false,,,,,,false,false,false,,,,,,,,,,,,,,,,,,,,,1,wholesale_market,data/raw/moa_designated_wholesale_markets_2024.pdf,rec_118966cb6707c30d,A,true,按 PDF 两列表格抽取;原文件未提供详细地址和坐标。
cand_d3b4f2a07f81e51a,河南万邦濮阳国际农产品批发市场,河南万邦濮阳国际农产品批发市场,河南万邦濮阳国际农产品批发市场,河南省,,,,,external,,market,,,,agricultural_wholesale_market,农业农村部定点农产品批发市场,农业农村部定点市场,false,false,false,true,false,false,false,false,false,false,false,false,true,false,false,,,,,,false,false,false,,,,,,,,,,,,,,,,,,,,,1,wholesale_market,data/raw/moa_designated_wholesale_markets_2024.pdf,rec_223366df1f6e1fa6,A,true,按 PDF 两列表格抽取;原文件未提供详细地址和坐标。
cand_d3d06fdbb701032e,四川邻水县农产品交易中心,四川邻水县农产品交易中心,四川邻水县农产品交易中心,四川省,,,,,external,,market,,,,agricultural_wholesale_market,农业农村部定点农产品批发市场,农业农村部定点市场,false,false,false,true,false,false,false,false,false,false,false,false,true,false,false,,,,,,false,false,false,,,,,,,,,,,,,,,,,,,,,1,wholesale_market,data/raw/moa_designated_wholesale_markets_2024.pdf,rec_0eac268304ca987b,A,true,按 PDF 两列表格抽取;原文件未提供详细地址和坐标。
cand_d3df694c3bc7b431,辽宁本溪大河农产品批发市场,辽宁本溪大河农产品批发市场,辽宁本溪大河农产品批发市场,辽宁省,,,,,external,,market,,,,agricultural_wholesale_market,农业农村部定点农产品批发市场,农业农村部定点市场,false,false,false,true,false,false,false,false,false,false,false,false,true,false,false,,,,,,false,false,false,,,,,,,,,,,,,,,,,,,,,1,wholesale_market,data/raw/moa_designated_wholesale_markets_2024.pdf,rec_ef2dac19711097f5,A,true,按 PDF 两列表格抽取;原文件未提供详细地址和坐标。
cand_d3ea247530cd6e95,青岛天祥食品集团有限公司,青岛天祥食品集团有限公司,青岛天祥食品集团有限公司,,,,,全国,external,,organization,,,,emergency_processing,国家级粮食应急保障企业,国家级粮食应急保障企业,true,false,true,false,false,false,false,false,false,false,false,false,false,false,false,,,,,,true,false,false,,,,,,,,,,,,,,,,,,,,,2,grain_emergency,data/raw/national_emergency_grain_enterprises_2025_reassessment.wps;data/raw/national_emergency_grain_enterprises_batch2.pdf,rec_4a5fe17b1c2cf0e9;rec_f7a89f6b0f1cd3c7,B,true,"当前原始记录未提供可安全解析的省级所在地。 原文件扩展名为 .wps,文件签名为 WPS/OLE 复合文档;只读转换为临时标准 DOCX 后抽取。来源年份由文件名推断。 按 PDF 文本层中的编号名单逐条抽取;原文件未提供地址和具体功能子类。"
cand_d41d82af94c28fba,凌云县粮食储备管理中心,凌云县粮食储备管理中心,凌云县粮食储备管理中心,广西壮族自治区,百色市,凌云县,,,reserve,,organization,,,,grain_reserve,储备商品管理公司及其直属库,广西储备商品管理公司及其直属库名单(桂财税〔2024〕8号),true,false,false,false,false,false,false,false,false,false,false,false,false,false,false,,,,,,false,true,false,,,,,,,,,,,,,,,,,,,,,1,grain_reserve,data/raw/guangxi_reserve_companies_2024.html,rec_9c9cd86c26314d06,A,true,名单证明储备体系资格，但企业主体或管理机构名称不等同于具体物理粮库。 使用 lxml 从 HTML 正文容器按“行政区标题 + 序号 + 单位名称”结构抽取;原正文段落序号 256。
cand_d44e530ebcd77df2,新疆乌鲁木齐新联综合农贸市场,新疆乌鲁木齐新联综合农贸市场,新疆乌鲁木齐新联综合农贸市场,新疆维吾尔自治区,,,,,external,,market,,,,agricultural_wholesale_market,农业农村部定点农产品批发市场,农业农村部定点市场,false,false,false,true,false,false,false,false,false,false,false,false,true,false,false,,,,,,false,false,false,,,,,,,,,,,,,,,,,,,,,1,wholesale_market,data/raw/moa_designated_wholesale_markets_2024.pdf,rec_2f7ea88699099e2a,A,true,按 PDF 两列表格抽取;原文件未提供详细地址和坐标。
cand_d4511ecd0f5a2355,江苏阜宁县古河粮油批发交易市场有限公司,江苏阜宁县古河粮油批发交易市场有限公司,江苏阜宁县古河粮油批发交易市场有限公司,江苏省,,,,,external,,market,,,,agricultural_wholesale_market,农业农村部定点农产品批发市场,农业农村部定点市场,true,true,false,true,false,false,false,false,false,false,false,false,true,false,false,,,,,,false,false,false,,,,,,,,,,,,,,,,,,,,,1,wholesale_market,data/raw/moa_designated_wholesale_markets_2024.pdf,rec_bd508c3251c4c19f,A,true,按 PDF 两列表格抽取;原文件未提供详细地址和坐标。
cand_d51dab97136e76cb,南宁市邕宁区那楼粮食管理所,南宁市邕宁区那楼粮食管理所,南宁市邕宁区那楼粮食管理所,广西壮族自治区,南宁市,邕宁区,,,primary,,unknown,,,,grain_reserve,储备商品管理公司及其直属库,广西储备商品管理公司及其直属库名单(桂财税〔2024〕8号),true,false,false,false,false,false,false,false,false,false,false,false,false,false,false,,,,,,false,true,false,,,,,,,,,,,,,,,,,,,,,1,grain_reserve,data/raw/guangxi_reserve_companies_2024.html,rec_01f6a653aab00f59,A,true,名单证明储备体系资格，但企业主体或管理机构名称不等同于具体物理粮库。 使用 lxml 从 HTML 正文容器按“行政区标题 + 序号 + 单位名称”结构抽取;原正文段落序号 46。
cand_d571c54bd3116933,广西菜公子供应链管理有限公司,广西菜公子供应链管理有限公司,广西菜公子供应链管理有限公司,广西壮族自治区,贵港市,港北区,贵港市港北区中山北路民族文化公园北侧盛世名都·南12幢12-3号二楼,贵港市,reserve,91450800MA7ARA7LXL,organization,,,,government_procurement_supplier,畜肉类;禽肉类;鲜湿米粉、面食、糕点等早餐类、豆制品类;生鲜时蔬、水果类;冷冻品类;蛋品类;大米类;食用油类;副食品;奶制品及饮品,政府采购入围/中标供应商,true,true,true,true,true,true,true,false,true,false,false,false,false,false,false,,,,,,false,false,true,,,,,,,,,,,,,,,,,,,,,10,government_procurement,data/raw/guigang_food_suppliers_310.pdf,rec_e5a06aaf9615c856;rec_28a772e2dcd9ab0c;rec_2e6a4ae44bd39de0;rec_754b9d3477584294;rec_a97b9b654bb60090;rec_a6f0400760cf05e6;rec_9fc7eb81054f2e41;rec_5ef5c232cfc4d9b1;rec_06adc42b61deed5e;rec_278aea0fd0470c19,C,true,"采购供应商身份不等同于实体仓储节点。 采购资料中的地址按企业登记/联系地址处理，不自动等同于仓库或配送节点地址。 按 PDF 表格行批量抽取;地址视为供应商登记/联系地址,不自动认定为仓储节点。 采购供应商地址不自动视为仓库地址；仅在原文出现仓库、粮库、配送中心、冷库、厂房等明确词时标记相应能力。"
cand_d5f4c349c91fd941,东兴市储备粮管理中心,东兴市储备粮管理中心,东兴市储备粮管理中心,广西壮族自治区,防城港市,,,,reserve,,organization,,,,grain_reserve,储备商品管理公司及其直属库,广西储备商品管理公司及其直属库名单(桂财税〔2024〕8号),true,false,false,false,false,false,false,false,false,false,false,false,false,false,false,,,,,,false,true,false,,,,,,,,,,,,,,,,,,,,,1,grain_reserve,data/raw/guangxi_reserve_companies_2024.html,rec_8a4c72ed639ced2e,A,true,名单证明储备体系资格，但企业主体或管理机构名称不等同于具体物理粮库。 使用 lxml 从 HTML 正文容器按“行政区标题 + 序号 + 单位名称”结构抽取;原正文段落序号 214。
cand_d6303a9bb17c9252,江苏泰州市姜堰区曹安市场有限责任公司,江苏泰州市姜堰区曹安市场有限责任公司,江苏泰州市姜堰区曹安市场有限责任公司,江苏省,,,,,external,,market,,,,agricultural_wholesale_market,农业农村部定点农产品批发市场,农业农村部定点市场,false,false,false,true,false,false,false,false,false,false,false,false,true,false,false,,,,,,false,false,false,,,,,,,,,,,,,,,,,,,,,1,wholesale_market,data/raw/moa_designated_wholesale_markets_2024.pdf,rec_c840d7c0633d66c4,A,true,按 PDF 两列表格抽取;原文件未提供详细地址和坐标。
cand_d64222aa9a7a87d5,广东湛江市霞山(东堤)水产品批发市场,广东湛江市霞山(东堤)水产品批发市场,广东湛江市霞山(东堤)水产品批发市场,广东省,,,,,external,,market,,,,agricultural_wholesale_market,农业农村部定点农产品批发市场,农业农村部定点市场,false,false,false,true,false,false,false,true,false,false,false,false,true,false,false,,,,,,false,false,false,,,,,,,,,,,,,,,,,,,,,1,wholesale_market,data/raw/moa_designated_wholesale_markets_2024.pdf,rec_f1c89eb2c6933e24,A,true,按 PDF 两列表格抽取;原文件未提供详细地址和坐标。
cand_d7024794366f87ba,安徽蚌埠海吉星农产品批发市场,安徽蚌埠海吉星农产品批发市场,安徽蚌埠海吉星农产品批发市场,安徽省,,,,,external,,market,,,,agricultural_wholesale_market,农业农村部定点农产品批发市场,农业农村部定点市场,false,false,false,true,false,false,false,false,false,false,false,false,true,false,false,,,,,,false,false,false,,,,,,,,,,,,,,,,,,,,,1,wholesale_market,data/raw/moa_designated_wholesale_markets_2024.pdf,rec_f58f260c036250c1,A,true,按 PDF 两列表格抽取;原文件未提供详细地址和坐标。
cand_d73bf01ad9811628,广西贵港市盈康食品有限公司,广西贵港市盈康食品有限公司,广西贵港市盈康食品有限公司,广西壮族自治区,贵港市,港南区,广西壮族自治区贵港市港南区江南产业园城东大道与工业一路交汇处西北角,贵港市,reserve,91450800MA5KC5097F,organization,,,,government_procurement_supplier,畜肉类;冷冻品类,政府采购入围/中标供应商,false,false,true,true,true,false,false,false,false,false,false,false,false,false,false,,,,,,false,false,true,,,,,,,,,,,,,,,,,,,,,2,government_procurement,data/raw/guigang_food_suppliers_310.pdf,rec_2a0e9a8a5ce9d15f;rec_d41ea1167dc6f7a9,C,true,"采购供应商身份不等同于实体仓储节点。 采购资料中的地址按企业登记/联系地址处理，不自动等同于仓库或配送节点地址。 按 PDF 表格行批量抽取;地址视为供应商登记/联系地址,不自动认定为仓储节点。 采购供应商地址不自动视为仓库地址；仅在原文出现仓库、粮库、配送中心、冷库、厂房等明确词时标记相应能力。"
cand_d73e4b83a962d1e5,国家级重庆(荣昌)生猪交易市场,国家级重庆(荣昌)生猪交易市场,国家级重庆(荣昌)生猪交易市场,重庆市,重庆市,,,,external,,market,,,,agricultural_wholesale_market,农业农村部定点农产品批发市场,农业农村部定点市场,false,false,false,true,false,false,false,false,false,false,false,false,true,false,false,,,,,,false,false,false,,,,,,,,,,,,,,,,,,,,,1,wholesale_market,data/raw/moa_designated_wholesale_markets_2024.pdf,rec_f92172e469b8bc73,A,true,按 PDF 两列表格抽取;原文件未提供详细地址和坐标。
cand_d79d3bc5f8e5ac05,贵港市美清食品有限公司,贵港市美清食品有限公司,贵港市美清食品有限公司,广西壮族自治区,贵港市,港北区,贵港市港北区贵城震塘黄牛肚港北高中旁边,贵港市,reserve,91450802MA5MUXBK3F,organization,,,,government_procurement_supplier,鲜湿米粉、面食、糕点等早餐类、豆制品类,政府采购入围/中标供应商,true,false,true,false,false,false,false,false,false,false,false,false,false,false,false,,,,,,false,false,true,,,,,,,,,,,,,,,,,,,,,1,government_procurement,data/raw/guigang_food_suppliers_310.pdf,rec_c7858a702cb53365,C,true,"采购供应商身份不等同于实体仓储节点。 采购资料中的地址按企业登记/联系地址处理，不自动等同于仓库或配送节点地址。 按 PDF 表格行批量抽取;地址视为供应商登记/联系地址,不自动认定为仓储节点。 采购供应商地址不自动视为仓库地址；仅在原文出现仓库、粮库、配送中心、冷库、厂房等明确词时标记相应能力。"
cand_d7ae18c265968669,辽宁大连现代农业产业中心农产品交易市场,辽宁大连现代农业产业中心农产品交易市场,辽宁大连现代农业产业中心农产品交易市场,辽宁省,,,,,external,,market,,,,agricultural_wholesale_market,农业农村部定点农产品批发市场,农业农村部定点市场,false,false,false,true,false,false,false,false,false,false,false,false,true,false,false,,,,,,false,false,false,,,,,,,,,,,,,,,,,,,,,1,wholesale_market,data/raw/moa_designated_wholesale_markets_2024.pdf,rec_d766c8da02450ec3,A,true,按 PDF 两列表格抽取;原文件未提供详细地址和坐标。
cand_d7d518202b521aa9,平果东昇商贸有限公司,平果东昇商贸有限公司,平果东昇商贸有限公司,广西壮族自治区,百色市,平果市,,百色市/平果市,reserve,,organization,,,,government_procurement_supplier,鲜肉类;生鲜时蔬、水果类,政府采购入围/中标供应商,false,false,true,true,true,true,true,false,false,false,false,false,false,false,false,,,,,,false,false,true,,,,,,,,,,,,,,,,,,,,,2,government_procurement,data/raw/pingguo_meat_suppliers.pdf;data/raw/pingguo_vegetable_fruit_suppliers.pdf,rec_9644ca6a4b4e44df;rec_4290e77ff6a4bd42,C,true,"采购供应商身份不等同于实体仓储节点。 采购资料未提供企业地址；服务项目区域与企业所在地严格分开。 PDF 表格未提供地址和统一社会信用代码;服务项目所在地为平果市,不能据此推断企业所在地。 采购供应商地址不自动视为仓库地址；仅在原文出现仓库、粮库、配送中心、冷库、厂房等明确词时标记相应能力。"
cand_d84e6a2f535437a4,都安瑶族自治县粮油购销公司,都安瑶族自治县粮油购销公司,都安瑶族自治县粮油购销公司,广西壮族自治区,河池市,都安瑶族自治县,,,reserve,,organization,,,,grain_reserve,储备商品管理公司及其直属库,广西储备商品管理公司及其直属库名单(桂财税〔2024〕8号),true,true,false,false,false,false,false,false,false,false,false,false,false,false,false,,,,,,false,true,false,,,,,,,,,,,,,,,,,,,,,1,grain_reserve,data/raw/guangxi_reserve_companies_2024.html,rec_2bd4081ae6becf18,A,true,名单证明储备体系资格，但企业主体或管理机构名称不等同于具体物理粮库。 使用 lxml 从 HTML 正文容器按“行政区标题 + 序号 + 单位名称”结构抽取;原正文段落序号 288。
cand_d85715eee7b355ab,贵州遵义湄潭中国茶城,贵州遵义湄潭中国茶城,贵州遵义湄潭中国茶城,贵州省,,,,,external,,market,,,,agricultural_wholesale_market,农业农村部定点农产品批发市场,农业农村部定点市场,false,false,false,true,false,false,false,false,false,false,false,false,true,false,false,,,,,,false,false,false,,,,,,,,,,,,,,,,,,,,,1,wholesale_market,data/raw/moa_designated_wholesale_markets_2024.pdf,rec_ed73920722e609cf,A,true,按 PDF 两列表格抽取;原文件未提供详细地址和坐标。
cand_d88e78bce7c40220,江苏无锡天鹏菜篮子工程有限公司,江苏无锡天鹏菜篮子工程有限公司,江苏无锡天鹏菜篮子工程有限公司,江苏省,,,,,external,,market,,,,agricultural_wholesale_market,农业农村部定点农产品批发市场,农业农村部定点市场,false,false,false,true,false,true,false,false,false,false,false,false,true,false,false,,,,,,false,false,false,,,,,,,,,,,,,,,,,,,,,1,wholesale_market,data/raw/moa_designated_wholesale_markets_2024.pdf,rec_445c21fe37194bfa,A,true,按 PDF 两列表格抽取;原文件未提供详细地址和坐标。
cand_d8c7394f378d8c20,江苏无锡朝阳股份有限公司(江苏无锡朝阳农产品大市场),江苏无锡朝阳股份有限公司(江苏无锡朝阳农产品大市场),江苏无锡朝阳股份有限公司(江苏无锡朝阳农产品大市场),江苏省,,,,,external,,market,,,,agricultural_wholesale_market,农业农村部定点农产品批发市场,农业农村部定点市场,false,false,false,true,false,false,false,false,false,false,false,false,true,false,false,,,,,,false,false,false,,,,,,,,,,,,,,,,,,,,,1,wholesale_market,data/raw/moa_designated_wholesale_markets_2024.pdf,rec_5ad0c7edf9e5b53d,A,true,按 PDF 两列表格抽取;原文件未提供详细地址和坐标。
cand_d8dde350f680ca4d,那坡县军粮供应站,那坡县军粮供应站,那坡县军粮供应站,广西壮族自治区,百色市,那坡县,,,reserve,,unknown,,,,military_grain_supply,储备商品管理公司及其直属库,广西储备商品管理公司及其直属库名单(桂财税〔2024〕8号),true,false,false,false,false,false,false,false,false,false,false,false,false,false,false,,,,,,false,true,false,,,,,,,,,,,,,,,,,,,,,1,grain_reserve,data/raw/guangxi_reserve_companies_2024.html,rec_93ce5a6ea5368c13,A,true,使用 lxml 从 HTML 正文容器按“行政区标题 + 序号 + 单位名称”结构抽取;原正文段落序号 248。
cand_d902e807ddce4407,浙江苍南县水产品市场开发有限公司(浙江温州浙福边贸水产城),浙江苍南县水产品市场开发有限公司(浙江温州浙福边贸水产城),浙江苍南县水产品市场开发有限公司(浙江温州浙福边贸水产城),浙江省,,,,,external,,market,,,,agricultural_wholesale_market,农业农村部定点农产品批发市场,农业农村部定点市场,false,false,false,true,false,false,false,true,false,false,false,false,true,false,false,,,,,,false,false,false,,,,,,,,,,,,,,,,,,,,,1,wholesale_market,data/raw/moa_designated_wholesale_markets_2024.pdf,rec_787ad8463c032d5e,A,true,按 PDF 两列表格抽取;原文件未提供详细地址和坐标。
cand_d93189ece0dfe4a3,新疆阜康市城北农贸市场,新疆阜康市城北农贸市场,新疆阜康市城北农贸市场,新疆维吾尔自治区,,,,,external,,market,,,,agricultural_wholesale_market,农业农村部定点农产品批发市场,农业农村部定点市场,false,false,false,true,false,false,false,false,false,false,false,false,true,false,false,,,,,,false,false,false,,,,,,,,,,,,,,,,,,,,,1,wholesale_market,data/raw/moa_designated_wholesale_markets_2024.pdf,rec_b4b9022e30da0c5d,A,true,按 PDF 两列表格抽取;原文件未提供详细地址和坐标。
cand_d9d20f4c6aeed47e,广东珠海市铭海投资发展有限公司农副产品批发物流中心,广东珠海市铭海投资发展有限公司农副产品批发物流中心,广东珠海市铭海投资发展有限公司农副产品批发物流中心,广东省,,,,,external,,market,,,,agricultural_wholesale_market,农业农村部定点农产品批发市场,农业农村部定点市场,false,false,false,true,false,false,false,false,false,false,false,false,true,false,false,,,,,,false,false,false,,,,,,,,,,,,,,,,,,,,,1,wholesale_market,data/raw/moa_designated_wholesale_markets_2024.pdf,rec_591f312e5c8b7fc0,A,true,按 PDF 两列表格抽取;原文件未提供详细地址和坐标。
cand_d9d8a5799e645302,山东济宁蔬菜批发市场有限责任公司,山东济宁蔬菜批发市场有限责任公司,山东济宁蔬菜批发市场有限责任公司,山东省,,,,,external,,market,,,,agricultural_wholesale_market,农业农村部定点农产品批发市场,农业农村部定点市场,false,false,false,true,false,true,false,false,false,false,false,false,true,false,false,,,,,,false,false,false,,,,,,,,,,,,,,,,,,,,,1,wholesale_market,data/raw/moa_designated_wholesale_markets_2024.pdf,rec_ae5da4040e0e46aa,A,true,按 PDF 两列表格抽取;原文件未提供详细地址和坐标。
cand_da03b0792db9cbab,福建福鼎闽浙边界农贸中心市场,福建福鼎闽浙边界农贸中心市场,福建福鼎闽浙边界农贸中心市场,福建省,,,,,external,,market,,,,agricultural_wholesale_market,农业农村部定点农产品批发市场,农业农村部定点市场,false,false,false,true,false,false,false,false,false,false,false,false,true,false,false,,,,,,false,false,false,,,,,,,,,,,,,,,,,,,,,1,wholesale_market,data/raw/moa_designated_wholesale_markets_2024.pdf,rec_3324a7a85006b295,A,true,按 PDF 两列表格抽取;原文件未提供详细地址和坐标。
cand_da46ee03f24f13dd,广西恒茂粮油食品有限公司,广西恒茂粮油食品有限公司,广西恒茂粮油食品有限公司,广西壮族自治区,玉林市,,,,reserve,,organization,,,,other,储备商品管理公司及其直属库,广西储备商品管理公司及其直属库名单(桂财税〔2024〕8号),true,true,true,false,false,false,false,false,false,false,false,false,false,false,false,,,,,,false,true,false,,,,,,,,,,,,,,,,,,,,,1,grain_reserve,data/raw/guangxi_reserve_companies_2024.html,rec_c632ef3aa4e3fa76,A,true,属于储备商品管理公司及其直属库名单，但名称不足以安全判断为具体粮库或储备管理机构。 使用 lxml 从 HTML 正文容器按“行政区标题 + 序号 + 单位名称”结构抽取;原正文段落序号 296。
cand_da6e734bccc07deb,云南省滇西蔬菜批发市场,云南省滇西蔬菜批发市场,云南省滇西蔬菜批发市场,云南省,,,,,external,,market,,,,agricultural_wholesale_market,农业农村部定点农产品批发市场,农业农村部定点市场,false,false,false,true,false,true,false,false,false,false,false,false,true,false,false,,,,,,false,false,false,,,,,,,,,,,,,,,,,,,,,1,wholesale_market,data/raw/moa_designated_wholesale_markets_2024.pdf,rec_2d67bf80c0cf425e,A,true,按 PDF 两列表格抽取;原文件未提供详细地址和坐标。
cand_da9b440f327a5c0a,江苏淮安宏进农副产品物流有限公司(江苏淮安宏进农副产品物流中心),江苏淮安宏进农副产品物流有限公司(江苏淮安宏进农副产品物流中心),江苏淮安宏进农副产品物流有限公司(江苏淮安宏进农副产品物流中心),江苏省,,,,,external,,market,,,,agricultural_wholesale_market,农业农村部定点农产品批发市场,农业农村部定点市场,false,false,false,true,false,false,false,false,false,false,false,false,true,false,false,,,,,,false,false,false,,,,,,,,,,,,,,,,,,,,,1,wholesale_market,data/raw/moa_designated_wholesale_markets_2024.pdf,rec_3dbe9c7385dc3b47,A,true,按 PDF 两列表格抽取;原文件未提供详细地址和坐标。
cand_dab412c38c2a7734,安徽砀山农产品中心惠丰批发市场,安徽砀山农产品中心惠丰批发市场,安徽砀山农产品中心惠丰批发市场,安徽省,,,,,external,,market,,,,agricultural_wholesale_market,农业农村部定点农产品批发市场,农业农村部定点市场,false,false,false,true,false,false,false,false,false,false,false,false,true,false,false,,,,,,false,false,false,,,,,,,,,,,,,,,,,,,,,1,wholesale_market,data/raw/moa_designated_wholesale_markets_2024.pdf,rec_90a966e2105b0071,A,true,按 PDF 两列表格抽取;原文件未提供详细地址和坐标。
cand_db0cea5ee9f17f39,桂林力源粮油食品集团有限公司,桂林力源粮油食品集团有限公司,桂林力源粮油食品集团有限公司,广西壮族自治区,桂林市,,,,reserve,,organization,,,,other,储备商品管理公司及其直属库,广西储备商品管理公司及其直属库名单(桂财税〔2024〕8号),true,true,true,false,false,false,false,false,false,false,false,false,false,false,false,,,,,,false,true,false,,,,,,,,,,,,,,,,,,,,,1,grain_reserve,data/raw/guangxi_reserve_companies_2024.html,rec_75d053aa639ef449,A,true,属于储备商品管理公司及其直属库名单，但名称不足以安全判断为具体粮库或储备管理机构。 使用 lxml 从 HTML 正文容器按“行政区标题 + 序号 + 单位名称”结构抽取;原正文段落序号 95。
cand_db23ad140335b4a2,河池市金城江区粮食储备中心,河池市金城江区粮食储备中心,河池市金城江区粮食储备中心,广西壮族自治区,河池市,金城江区,,,reserve,,organization,,,,grain_reserve,储备商品管理公司及其直属库,广西储备商品管理公司及其直属库名单(桂财税〔2024〕8号),true,false,false,false,false,false,false,false,false,false,false,false,false,false,false,,,,,,false,true,false,,,,,,,,,,,,,,,,,,,,,1,grain_reserve,data/raw/guangxi_reserve_companies_2024.html,rec_431c03d0f4e400b4,A,true,名单证明储备体系资格，但企业主体或管理机构名称不等同于具体物理粮库。 使用 lxml 从 HTML 正文容器按“行政区标题 + 序号 + 单位名称”结构抽取;原正文段落序号 268。
cand_db40d9149dc24bb0,福建南安市中国粮食城粮油交易中心,福建南安市中国粮食城粮油交易中心,福建南安市中国粮食城粮油交易中心,福建省,,,,,external,,market,,,,agricultural_wholesale_market,农业农村部定点农产品批发市场,农业农村部定点市场,true,true,false,true,false,false,false,false,false,false,false,false,true,false,false,,,,,,false,false,false,,,,,,,,,,,,,,,,,,,,,1,wholesale_market,data/raw/moa_designated_wholesale_markets_2024.pdf,rec_4881c0f9a2f082c8,A,true,按 PDF 两列表格抽取;原文件未提供详细地址和坐标。
cand_db788b1d68d86db6,湖北襄阳竹叶山农产品交易中心,湖北襄阳竹叶山农产品交易中心,湖北襄阳竹叶山农产品交易中心,湖北省,,,,,external,,market,,,,agricultural_wholesale_market,农业农村部定点农产品批发市场,农业农村部定点市场,false,false,false,true,false,false,false,false,false,false,false,false,true,false,false,,,,,,false,false,false,,,,,,,,,,,,,,,,,,,,,1,wholesale_market,data/raw/moa_designated_wholesale_markets_2024.pdf,rec_fcee5c02e4949e9b,A,true,按 PDF 两列表格抽取;原文件未提供详细地址和坐标。
cand_db7912e7900cade6,四川雅江县松茸交易市场,四川雅江县松茸交易市场,四川雅江县松茸交易市场,四川省,,,,,external,,market,,,,agricultural_wholesale_market,农业农村部定点农产品批发市场,农业农村部定点市场,false,false,false,true,false,false,false,false,false,false,false,false,true,false,false,,,,,,false,false,false,,,,,,,,,,,,,,,,,,,,,1,wholesale_market,data/raw/moa_designated_wholesale_markets_2024.pdf,rec_e91cb84f514d6a9b,A,true,按 PDF 两列表格抽取;原文件未提供详细地址和坐标。
cand_db89fb4582bfb1e5,新疆海鸿国际食品物流港,新疆海鸿国际食品物流港,新疆海鸿国际食品物流港,新疆维吾尔自治区,,,,,external,,market,,,,agricultural_wholesale_market,农业农村部定点农产品批发市场,农业农村部定点市场,false,false,true,true,false,false,false,false,false,false,false,false,true,false,false,,,,,,false,false,false,,,,,,,,,,,,,,,,,,,,,1,wholesale_market,data/raw/moa_designated_wholesale_markets_2024.pdf,rec_bf3d84161de128a0,A,true,按 PDF 两列表格抽取;原文件未提供详细地址和坐标。
cand_db95e19bbf0d67f2,桂林市临桂区振兴粮油贸易管理中心,桂林市临桂区振兴粮油贸易管理中心,桂林市临桂区振兴粮油贸易管理中心,广西壮族自治区,桂林市,临桂区,,,reserve,,organization,,,,other,储备商品管理公司及其直属库,广西储备商品管理公司及其直属库名单(桂财税〔2024〕8号),true,true,false,false,false,false,false,false,false,false,false,false,false,false,false,,,,,,false,true,false,,,,,,,,,,,,,,,,,,,,,1,grain_reserve,data/raw/guangxi_reserve_companies_2024.html,rec_01ba8f9cea064883,A,true,属于储备商品管理公司及其直属库名单，但名称不足以安全判断为具体粮库或储备管理机构。 使用 lxml 从 HTML 正文容器按“行政区标题 + 序号 + 单位名称”结构抽取;原正文段落序号 129。
cand_dbdc2350a84151c9,陆川县粮食中心储备库,陆川县粮食中心储备库,陆川县粮食中心储备库,广西壮族自治区,玉林市,,,,reserve,,physical_site,,,,grain_depot,储备商品管理公司及其直属库,广西储备商品管理公司及其直属库名单(桂财税〔2024〕8号),true,false,false,false,false,false,false,false,false,false,true,false,false,false,false,,,,,,false,true,false,,,,,,,,,,,,,,,,,,,,,1,grain_reserve,data/raw/guangxi_reserve_companies_2024.html,rec_71aff2a03c91a090,A,true,使用 lxml 从 HTML 正文容器按“行政区标题 + 序号 + 单位名称”结构抽取;原正文段落序号 328。
cand_dbea3026d57fe7ce,江西乐平蔬菜农产品批发市场有限公司,江西乐平蔬菜农产品批发市场有限公司,江西乐平蔬菜农产品批发市场有限公司,江西省,,,,,external,,market,,,,agricultural_wholesale_market,农业农村部定点农产品批发市场,农业农村部定点市场,false,false,false,true,false,true,false,false,false,false,false,false,true,false,false,,,,,,false,false,false,,,,,,,,,,,,,,,,,,,,,1,wholesale_market,data/raw/moa_designated_wholesale_markets_2024.pdf,rec_4b018372367bdf1e,A,true,按 PDF 两列表格抽取;原文件未提供详细地址和坐标。
cand_dbf8dfb313664f22,湖北潜江小龙虾交易市场,湖北潜江小龙虾交易市场,湖北潜江小龙虾交易市场,湖北省,,,,,external,,market,,,,agricultural_wholesale_market,农业农村部定点农产品批发市场,农业农村部定点市场,false,false,false,true,false,false,false,false,false,false,false,false,true,false,false,,,,,,false,false,false,,,,,,,,,,,,,,,,,,,,,1,wholesale_market,data/raw/moa_designated_wholesale_markets_2024.pdf,rec_720d58540e1de617,A,true,按 PDF 两列表格抽取;原文件未提供详细地址和坐标。
cand_dc0667b25f47ad75,湖北宜昌三峡物流园有限公司,湖北宜昌三峡物流园有限公司,湖北宜昌三峡物流园有限公司,湖北省,,,,,external,,market,,,,agricultural_wholesale_market,农业农村部定点农产品批发市场,农业农村部定点市场,false,false,false,true,false,false,false,false,false,false,false,false,true,false,false,,,,,,false,false,false,,,,,,,,,,,,,,,,,,,,,1,wholesale_market,data/raw/moa_designated_wholesale_markets_2024.pdf,rec_52d65eb289dbb824,A,true,按 PDF 两列表格抽取;原文件未提供详细地址和坐标。
cand_dc4e6e9bbc6b878c,资源县军粮供应管理中心,资源县军粮供应管理中心,资源县军粮供应管理中心,广西壮族自治区,桂林市,资源县,,,reserve,,organization,,,,military_grain_supply,储备商品管理公司及其直属库,广西储备商品管理公司及其直属库名单(桂财税〔2024〕8号),true,false,false,false,false,false,false,false,false,false,false,false,false,false,false,,,,,,false,true,false,,,,,,,,,,,,,,,,,,,,,1,grain_reserve,data/raw/guangxi_reserve_companies_2024.html,rec_66f98c84b54e7c4c,A,true,使用 lxml 从 HTML 正文容器按“行政区标题 + 序号 + 单位名称”结构抽取;原正文段落序号 111。
cand_dc77ce387deec336,贵港市亿海商贸有限公司,贵港市亿海商贸有限公司,贵港市亿海商贸有限公司,广西壮族自治区,贵港市,港北区,贵港市港北区城区城东车站东侧(大圩路震塘村大蔗区)2楼,贵港市,reserve,91450802MAD8L96567,organization,,,,government_procurement_supplier,蛋品类;大米类;食用油类;调味品类,政府采购入围/中标供应商,true,true,true,false,false,false,false,false,false,false,false,false,false,false,false,,,,,,false,false,true,,,,,,,,,,,,,,,,,,,,,4,government_procurement,data/raw/guigang_food_suppliers_310.pdf,rec_4710b6eecf7800ef;rec_985880d25d7400ad;rec_296f78463ffc2612;rec_e412f08a626dd6bf,C,true,"采购供应商身份不等同于实体仓储节点。 采购资料中的地址按企业登记/联系地址处理，不自动等同于仓库或配送节点地址。 按 PDF 表格行批量抽取;地址视为供应商登记/联系地址,不自动认定为仓储节点。 采购供应商地址不自动视为仓库地址；仅在原文出现仓库、粮库、配送中心、冷库、厂房等明确词时标记相应能力。"
cand_dcc920b6c18eefab,东莞市太粮米业有限公司,东莞市太粮米业有限公司,东莞市太粮米业有限公司,,,,,全国,external,,organization,,,,emergency_processing,国家级粮食应急保障企业,国家级粮食应急保障企业,true,false,false,false,false,false,false,false,false,false,false,false,false,false,false,,,,,,true,false,false,,,,,,,,,,,,,,,,,,,,,2,grain_emergency,data/raw/national_emergency_grain_enterprises_2025_reassessment.wps;data/raw/national_emergency_grain_enterprises_batch2.pdf,rec_8b00080f07db6710;rec_6de34247f2769cda,B,true,"当前原始记录未提供可安全解析的省级所在地。 原文件扩展名为 .wps,文件签名为 WPS/OLE 复合文档;只读转换为临时标准 DOCX 后抽取。来源年份由文件名推断。 按 PDF 文本层中的编号名单逐条抽取;原文件未提供地址和具体功能子类。"
cand_dcd4b1d88408eed4,广西柳州粮食收储有限公司,广西柳州粮食收储有限公司,广西柳州粮食收储有限公司,广西壮族自治区,柳州市,,,,secondary,,organization,,,,grain_reserve,储备商品管理公司及其直属库,广西储备商品管理公司及其直属库名单(桂财税〔2024〕8号),true,false,false,false,false,false,false,false,false,false,false,false,false,false,false,,,,,,false,true,false,,,,,,,,,,,,,,,,,,,,,1,grain_reserve,data/raw/guangxi_reserve_companies_2024.html,rec_7e774003bfca066c,A,true,名单证明储备体系资格，但企业主体或管理机构名称不等同于具体物理粮库。 使用 lxml 从 HTML 正文容器按“行政区标题 + 序号 + 单位名称”结构抽取;原正文段落序号 22。
cand_dd15c9e986145d66,甘肃邦农农产品批发市场,甘肃邦农农产品批发市场,甘肃邦农农产品批发市场,甘肃省,,,,,external,,market,,,,agricultural_wholesale_market,农业农村部定点农产品批发市场,农业农村部定点市场,false,false,false,true,false,false,false,false,false,false,false,false,true,false,false,,,,,,false,false,false,,,,,,,,,,,,,,,,,,,,,1,wholesale_market,data/raw/moa_designated_wholesale_markets_2024.pdf,rec_a3ed1fd6e63d2b0e,A,true,按 PDF 两列表格抽取;原文件未提供详细地址和坐标。
cand_dd15e85119cd8d4c,山东济南堤口果品批发发展有限责任公司,山东济南堤口果品批发发展有限责任公司,山东济南堤口果品批发发展有限责任公司,山东省,,,,,external,,market,,,,agricultural_wholesale_market,农业农村部定点农产品批发市场,农业农村部定点市场,false,false,false,true,false,false,true,false,false,false,false,false,true,false,false,,,,,,false,false,false,,,,,,,,,,,,,,,,,,,,,1,wholesale_market,data/raw/moa_designated_wholesale_markets_2024.pdf,rec_31ebe1a727e06df9,A,true,按 PDF 两列表格抽取;原文件未提供详细地址和坐标。
cand_dd2e5b490699d2d5,东兴市江平粮食管理所,东兴市江平粮食管理所,东兴市江平粮食管理所,广西壮族自治区,防城港市,,,,reserve,,unknown,,,,grain_reserve,储备商品管理公司及其直属库,广西储备商品管理公司及其直属库名单(桂财税〔2024〕8号),true,false,false,false,false,false,false,false,false,false,false,false,false,false,false,,,,,,false,true,false,,,,,,,,,,,,,,,,,,,,,1,grain_reserve,data/raw/guangxi_reserve_companies_2024.html,rec_998df1941efe14f2,A,true,名单证明储备体系资格，但企业主体或管理机构名称不等同于具体物理粮库。 使用 lxml 从 HTML 正文容器按“行政区标题 + 序号 + 单位名称”结构抽取;原正文段落序号 217。
cand_dd37875f98e2becb,广西全州县龙水粮油购销有限公司,广西全州县龙水粮油购销有限公司,广西全州县龙水粮油购销有限公司,广西壮族自治区,桂林市,全州县,,,reserve,,organization,,,,grain_reserve,储备商品管理公司及其直属库,广西储备商品管理公司及其直属库名单(桂财税〔2024〕8号),true,true,false,false,false,false,false,false,false,false,false,false,false,false,false,,,,,,false,true,false,,,,,,,,,,,,,,,,,,,,,1,grain_reserve,data/raw/guangxi_reserve_companies_2024.html,rec_c7838658586e4056,A,true,名单证明储备体系资格，但企业主体或管理机构名称不等同于具体物理粮库。 使用 lxml 从 HTML 正文容器按“行政区标题 + 序号 + 单位名称”结构抽取;原正文段落序号 99。
cand_dd522303010a279d,北海市高德粮库有限公司,北海市高德粮库有限公司,北海市高德粮库有限公司,广西壮族自治区,北海市,,,,reserve,,physical_site,,,,grain_depot,储备商品管理公司及其直属库,广西储备商品管理公司及其直属库名单(桂财税〔2024〕8号),true,false,false,false,false,false,false,false,false,false,true,false,false,false,false,,,,,,false,true,false,,,,,,,,,,,,,,,,,,,,,1,grain_reserve,data/raw/guangxi_reserve_companies_2024.html,rec_2e0fbc696b220e94,A,true,使用 lxml 从 HTML 正文容器按“行政区标题 + 序号 + 单位名称”结构抽取;原正文段落序号 169。
cand_dd682dcd09be0513,永福县三皇粮食管理所,永福县三皇粮食管理所,永福县三皇粮食管理所,广西壮族自治区,桂林市,永福县,,,reserve,,unknown,,,,grain_reserve,储备商品管理公司及其直属库,广西储备商品管理公司及其直属库名单(桂财税〔2024〕8号),true,false,false,false,false,false,false,false,false,false,false,false,false,false,false,,,,,,false,true,false,,,,,,,,,,,,,,,,,,,,,1,grain_reserve,data/raw/guangxi_reserve_companies_2024.html,rec_c930e9dd33dd341e,A,true,名单证明储备体系资格，但企业主体或管理机构名称不等同于具体物理粮库。 使用 lxml 从 HTML 正文容器按“行政区标题 + 序号 + 单位名称”结构抽取;原正文段落序号 122。
cand_ddb9d90c4b7bb705,陕西三原富民农产品贸易有限责任公司(陕西三原富民农产品批发市场),陕西三原富民农产品贸易有限责任公司(陕西三原富民农产品批发市场),陕西三原富民农产品贸易有限责任公司(陕西三原富民农产品批发市场),陕西省,,,,,external,,market,,,,agricultural_wholesale_market,农业农村部定点农产品批发市场,农业农村部定点市场,false,false,false,true,false,false,false,false,false,false,false,false,true,false,false,,,,,,false,false,false,,,,,,,,,,,,,,,,,,,,,1,wholesale_market,data/raw/moa_designated_wholesale_markets_2024.pdf,rec_583a73cac5c5d5ae,A,true,按 PDF 两列表格抽取;原文件未提供详细地址和坐标。
cand_ddc2237e35ab7e65,江苏苏州市南环桥市场发展股份有限公司,江苏苏州市南环桥市场发展股份有限公司,江苏苏州市南环桥市场发展股份有限公司,江苏省,,,,,external,,market,,,,agricultural_wholesale_market,农业农村部定点农产品批发市场,农业农村部定点市场,false,false,false,true,false,false,false,false,false,false,false,false,true,false,false,,,,,,false,false,false,,,,,,,,,,,,,,,,,,,,,1,wholesale_market,data/raw/moa_designated_wholesale_markets_2024.pdf,rec_f7491cf6f36474bf,A,true,按 PDF 两列表格抽取;原文件未提供详细地址和坐标。
cand_dde931354c23a1b4,贵州贵阳数字化禽蛋配送中心,贵州贵阳数字化禽蛋配送中心,贵州贵阳数字化禽蛋配送中心,贵州省,,,,,external,,market,,,,agricultural_wholesale_market,农业农村部定点农产品批发市场,农业农村部定点市场,false,false,false,true,false,false,false,false,false,false,false,false,true,false,false,,,,,,false,false,false,,,,,,,,,,,,,,,,,,,,,1,wholesale_market,data/raw/moa_designated_wholesale_markets_2024.pdf,rec_566218f27baff891,A,true,按 PDF 两列表格抽取;原文件未提供详细地址和坐标。
cand_ddf25b3cf8d1b143,钦州市钦南区军粮供应站,钦州市钦南区军粮供应站,钦州市钦南区军粮供应站,广西壮族自治区,钦州市,,,,reserve,,unknown,,,,military_grain_supply,储备商品管理公司及其直属库,广西储备商品管理公司及其直属库名单(桂财税〔2024〕8号),true,false,false,false,false,false,false,false,false,false,false,false,false,false,false,,,,,,false,true,false,,,,,,,,,,,,,,,,,,,,,1,grain_reserve,data/raw/guangxi_reserve_companies_2024.html,rec_7bba35f7d7956e8f,A,true,使用 lxml 从 HTML 正文容器按“行政区标题 + 序号 + 单位名称”结构抽取;原正文段落序号 181。
cand_de6a3ade8369b62a,广西桂平市亨威粮油食品有限公司,广西桂平市亨威粮油食品有限公司,广西桂平市亨威粮油食品有限公司,广西壮族自治区,贵港市,桂平市,广西桂平市西山镇长安工业区(广西桂平市德汇服饰有限公司内),贵港市,reserve,91450881MA5K9UMM5Y,organization,,,,government_procurement_supplier,大米类;食用油类,政府采购入围/中标供应商,true,true,true,false,false,false,false,false,false,false,false,false,false,false,false,,,,,,false,false,true,,,,,,,,,,,,,,,,,,,,,2,government_procurement,data/raw/guigang_food_suppliers_310.pdf,rec_8b2e46563936f1af;rec_6b684ae1ef83db7b,C,true,"采购供应商身份不等同于实体仓储节点。 采购资料中的地址按企业登记/联系地址处理，不自动等同于仓库或配送节点地址。 按 PDF 表格行批量抽取;地址视为供应商登记/联系地址,不自动认定为仓储节点。 采购供应商地址不自动视为仓库地址；仅在原文出现仓库、粮库、配送中心、冷库、厂房等明确词时标记相应能力。"
cand_dece0a7211ef9b68,河南新乡市宇鑫农贸有限公司综合批发市场,河南新乡市宇鑫农贸有限公司综合批发市场,河南新乡市宇鑫农贸有限公司综合批发市场,河南省,,,,,external,,market,,,,agricultural_wholesale_market,农业农村部定点农产品批发市场,农业农村部定点市场,false,false,false,true,false,false,false,false,false,false,false,false,true,false,false,,,,,,false,false,false,,,,,,,,,,,,,,,,,,,,,1,wholesale_market,data/raw/moa_designated_wholesale_markets_2024.pdf,rec_b95e6f395fc8da97,A,true,按 PDF 两列表格抽取;原文件未提供详细地址和坐标。
cand_df4348ea518f63ab,新疆华凌物流集散管理有限公司定点牛羊肉销售分公司(新疆华凌定点牛羊肉批发市场),新疆华凌物流集散管理有限公司定点牛羊肉销售分公司(新疆华凌定点牛羊肉批发市场),新疆华凌物流集散管理有限公司定点牛羊肉销售分公司(新疆华凌定点牛羊肉批发市场),新疆维吾尔自治区,,,,,external,,market,,,,agricultural_wholesale_market,农业农村部定点农产品批发市场,农业农村部定点市场,false,false,false,true,true,false,false,false,false,false,false,false,true,false,false,,,,,,false,false,false,,,,,,,,,,,,,,,,,,,,,1,wholesale_market,data/raw/moa_designated_wholesale_markets_2024.pdf,rec_f683f776f0aed3f5,A,true,按 PDF 两列表格抽取;原文件未提供详细地址和坐标。
cand_df5ff97e8e7bf4de,宁夏富民乐蔬菜综合批发市场,宁夏富民乐蔬菜综合批发市场,宁夏富民乐蔬菜综合批发市场,宁夏回族自治区,,,,,external,,market,,,,agricultural_wholesale_market,农业农村部定点农产品批发市场,农业农村部定点市场,false,false,false,true,false,true,false,false,false,false,false,false,true,false,false,,,,,,false,false,false,,,,,,,,,,,,,,,,,,,,,1,wholesale_market,data/raw/moa_designated_wholesale_markets_2024.pdf,rec_83c9f68725c2af27,A,true,按 PDF 两列表格抽取;原文件未提供详细地址和坐标。
cand_df6e226e8fbcb20d,江苏句容市唐陵花木交易市场有限公司,江苏句容市唐陵花木交易市场有限公司,江苏句容市唐陵花木交易市场有限公司,江苏省,,,,,external,,market,,,,agricultural_wholesale_market,农业农村部定点农产品批发市场,农业农村部定点市场,false,false,false,true,false,false,false,false,false,false,false,false,true,false,false,,,,,,false,false,false,,,,,,,,,,,,,,,,,,,,,1,wholesale_market,data/raw/moa_designated_wholesale_markets_2024.pdf,rec_9bbbd6a8df3dcf94,A,true,按 PDF 两列表格抽取;原文件未提供详细地址和坐标。
cand_df8aedfb68522ae9,重庆龙门实业(集团)有限公司西三街农副水产品市场,重庆龙门实业(集团)有限公司西三街农副水产品市场,重庆龙门实业(集团)有限公司西三街农副水产品市场,重庆市,重庆市,,,,external,,market,,,,agricultural_wholesale_market,农业农村部定点农产品批发市场,农业农村部定点市场,false,false,false,true,false,false,false,true,false,false,false,false,true,false,false,,,,,,false,false,false,,,,,,,,,,,,,,,,,,,,,1,wholesale_market,data/raw/moa_designated_wholesale_markets_2024.pdf,rec_0714bc6b19477258,A,true,按 PDF 两列表格抽取;原文件未提供详细地址和坐标。
cand_df985f1b339dc55d,黑龙江宁安市源丰经贸有限公司(黑龙江宁安市源丰农产品批发市场),黑龙江宁安市源丰经贸有限公司(黑龙江宁安市源丰农产品批发市场),黑龙江宁安市源丰经贸有限公司(黑龙江宁安市源丰农产品批发市场),黑龙江省,,,,,external,,market,,,,agricultural_wholesale_market,农业农村部定点农产品批发市场,农业农村部定点市场,false,false,false,true,false,false,false,false,false,false,false,false,true,false,false,,,,,,false,false,false,,,,,,,,,,,,,,,,,,,,,1,wholesale_market,data/raw/moa_designated_wholesale_markets_2024.pdf,rec_bdc08e900bd6c49f,A,true,按 PDF 两列表格抽取;原文件未提供详细地址和坐标。
cand_dfca160ab556ac7b,北海市菲其食品有限公司,北海市菲其食品有限公司,北海市菲其食品有限公司,广西壮族自治区,北海市,,北海市北海大道以北、上海路以东(武昌住路西向东30米),北海市,reserve,91450502MA5Q0AEC4A,organization,,,,government_procurement_supplier,面包糕点奶制品,政府采购入围/中标供应商,false,false,true,true,false,false,false,false,true,false,false,false,false,false,false,,,,,,false,false,true,,,,,,,,,,,,,,,,,,,,,1,government_procurement,data/raw/beihai_food_suppliers.pdf,rec_a1a3925c585df278,C,true,"采购供应商身份不等同于实体仓储节点。 采购资料中的地址按企业登记/联系地址处理，不自动等同于仓库或配送节点地址。 按 PDF 表格行批量抽取;地址视为供应商登记/联系地址,不自动认定为仓储节点。 采购供应商地址不自动视为仓库地址；仅在原文出现仓库、粮库、配送中心、冷库、厂房等明确词时标记相应能力。"
cand_dfe28a2531a0fcaa,百色市右江区储备粮管理中心,百色市右江区储备粮管理中心,百色市右江区储备粮管理中心,广西壮族自治区,百色市,右江区,,,reserve,,organization,,,,grain_reserve,储备商品管理公司及其直属库,广西储备商品管理公司及其直属库名单(桂财税〔2024〕8号),true,false,false,false,false,false,false,false,false,false,false,false,false,false,false,,,,,,false,true,false,,,,,,,,,,,,,,,,,,,,,1,grain_reserve,data/raw/guangxi_reserve_companies_2024.html,rec_072d06ad36d93c72,A,true,名单证明储备体系资格，但企业主体或管理机构名称不等同于具体物理粮库。 使用 lxml 从 HTML 正文容器按“行政区标题 + 序号 + 单位名称”结构抽取;原正文段落序号 225。
cand_dffdbdee5d917e36,阳朔县高田粮食管理所,阳朔县高田粮食管理所,阳朔县高田粮食管理所,广西壮族自治区,桂林市,,,,reserve,,unknown,,,,grain_reserve,储备商品管理公司及其直属库,广西储备商品管理公司及其直属库名单(桂财税〔2024〕8号),true,false,false,false,false,false,false,false,false,false,false,false,false,false,false,,,,,,false,true,false,,,,,,,,,,,,,,,,,,,,,1,grain_reserve,data/raw/guangxi_reserve_companies_2024.html,rec_9a974286be1ea0bd,A,true,名单证明储备体系资格，但企业主体或管理机构名称不等同于具体物理粮库。 使用 lxml 从 HTML 正文容器按“行政区标题 + 序号 + 单位名称”结构抽取;原正文段落序号 134。
cand_e013bdb1f2851419,新疆博乐市兴农蔬菜果品批发市场,新疆博乐市兴农蔬菜果品批发市场,新疆博乐市兴农蔬菜果品批发市场,新疆维吾尔自治区,,,,,external,,market,,,,agricultural_wholesale_market,农业农村部定点农产品批发市场,农业农村部定点市场,false,false,false,true,false,true,true,false,false,false,false,false,true,false,false,,,,,,false,false,false,,,,,,,,,,,,,,,,,,,,,1,wholesale_market,data/raw/moa_designated_wholesale_markets_2024.pdf,rec_8983edb07ab5b1bf,A,true,按 PDF 两列表格抽取;原文件未提供详细地址和坐标。
cand_e1176c6148b56403,新疆兵团农十三师红星一场农产品批发交易市场,新疆兵团农十三师红星一场农产品批发交易市场,新疆兵团农十三师红星一场农产品批发交易市场,新疆维吾尔自治区,,,,,external,,market,,,,agricultural_wholesale_market,农业农村部定点农产品批发市场,农业农村部定点市场,false,false,false,true,false,false,false,false,false,false,false,false,true,false,false,,,,,,false,false,false,,,,,,,,,,,,,,,,,,,,,1,wholesale_market,data/raw/moa_designated_wholesale_markets_2024.pdf,rec_1b924b2c68557241,A,true,按 PDF 两列表格抽取;原文件未提供详细地址和坐标。
cand_e1490423b8f5e202,广西梧州塘源国家粮食储备库,广西梧州塘源国家粮食储备库,广西梧州塘源国家粮食储备库,广西壮族自治区,梧州市,,,,reserve,,physical_site,,,,grain_depot,储备商品管理公司及其直属库,广西储备商品管理公司及其直属库名单(桂财税〔2024〕8号),true,false,false,false,false,false,false,false,false,false,true,false,false,false,false,,,,,,false,true,false,,,,,,,,,,,,,,,,,,,,,1,grain_reserve,data/raw/guangxi_reserve_companies_2024.html,rec_ca9d0efc6a3bdf85,A,true,使用 lxml 从 HTML 正文容器按“行政区标题 + 序号 + 单位名称”结构抽取;原正文段落序号 139。
cand_e1ad903450aadd8e,浙江杭州农副产品物流中心果品批发市场,浙江杭州农副产品物流中心果品批发市场,浙江杭州农副产品物流中心果品批发市场,浙江省,,,,,external,,market,,,,agricultural_wholesale_market,农业农村部定点农产品批发市场,农业农村部定点市场,false,false,false,true,false,false,true,false,false,false,false,false,true,false,false,,,,,,false,false,false,,,,,,,,,,,,,,,,,,,,,1,wholesale_market,data/raw/moa_designated_wholesale_markets_2024.pdf,rec_2c6f3c539d0b0034,A,true,按 PDF 两列表格抽取;原文件未提供详细地址和坐标。
cand_e1e5276854709406,广东深圳市友信冷冻食品交易市场,广东深圳市友信冷冻食品交易市场,广东深圳市友信冷冻食品交易市场,广东省,,,,,external,,market,,,,agricultural_wholesale_market,农业农村部定点农产品批发市场,农业农村部定点市场,false,false,true,true,false,false,false,false,false,false,false,false,true,false,false,,,,,,false,false,false,,,,,,,,,,,,,,,,,,,,,1,wholesale_market,data/raw/moa_designated_wholesale_markets_2024.pdf,rec_1f8b7a18f8af7027,A,true,按 PDF 两列表格抽取;原文件未提供详细地址和坐标。
cand_e2698cd1eeb850f4,新疆阿勒泰西部农副产品物流中心,新疆阿勒泰西部农副产品物流中心,新疆阿勒泰西部农副产品物流中心,新疆维吾尔自治区,,,,,external,,market,,,,agricultural_wholesale_market,农业农村部定点农产品批发市场,农业农村部定点市场,false,false,false,true,false,false,false,false,false,false,false,false,true,false,false,,,,,,false,false,false,,,,,,,,,,,,,,,,,,,,,1,wholesale_market,data/raw/moa_designated_wholesale_markets_2024.pdf,rec_9b8269dd766b19cc,A,true,按 PDF 两列表格抽取;原文件未提供详细地址和坐标。
cand_e270531fefb67f0c,浙江绍兴市蔬菜果品批发交易市场有限公司,浙江绍兴市蔬菜果品批发交易市场有限公司,浙江绍兴市蔬菜果品批发交易市场有限公司,浙江省,,,,,external,,market,,,,agricultural_wholesale_market,农业农村部定点农产品批发市场,农业农村部定点市场,false,false,false,true,false,true,true,false,false,false,false,false,true,false,false,,,,,,false,false,false,,,,,,,,,,,,,,,,,,,,,1,wholesale_market,data/raw/moa_designated_wholesale_markets_2024.pdf,rec_c96a3cf34c25d33b,A,true,按 PDF 两列表格抽取;原文件未提供详细地址和坐标。
cand_e2a34a25c66c918b,平南县储备粮管理公司,平南县储备粮管理公司,平南县储备粮管理公司,广西壮族自治区,贵港市,平南县,,,reserve,,organization,,,,grain_reserve,储备商品管理公司及其直属库,广西储备商品管理公司及其直属库名单(桂财税〔2024〕8号),true,false,false,false,false,false,false,false,false,false,false,false,false,false,false,,,,,,false,true,false,,,,,,,,,,,,,,,,,,,,,1,grain_reserve,data/raw/guangxi_reserve_companies_2024.html,rec_56db8df1da6607f4,A,true,名单证明储备体系资格，但企业主体或管理机构名称不等同于具体物理粮库。 使用 lxml 从 HTML 正文容器按“行政区标题 + 序号 + 单位名称”结构抽取;原正文段落序号 347。
cand_e2bb8570e844b6cc,河北冀州区周村辣椒专业批发市场,河北冀州区周村辣椒专业批发市场,河北冀州区周村辣椒专业批发市场,河北省,,,,,external,,market,,,,agricultural_wholesale_market,农业农村部定点农产品批发市场,农业农村部定点市场,false,false,false,true,false,false,false,false,false,false,false,false,true,false,false,,,,,,false,false,false,,,,,,,,,,,,,,,,,,,,,1,wholesale_market,data/raw/moa_designated_wholesale_markets_2024.pdf,rec_dafda2dd9f124a34,A,true,按 PDF 两列表格抽取;原文件未提供详细地址和坐标。
cand_e31edba0f977a6f2,北京三快在线科技有限公司,北京三快在线科技有限公司,北京三快在线科技有限公司,北京市,北京市,,,全国,external,,organization,,,,other,国家级粮食应急保障企业,国家级粮食应急保障企业,true,false,false,false,false,false,false,false,false,false,false,false,false,false,false,,,,,,true,false,false,,,,,,,,,,,,,,,,,,,,,2,grain_emergency,data/raw/national_emergency_grain_enterprises_2025_reassessment.wps;data/raw/national_emergency_grain_enterprises_batch2.pdf,rec_41161c138f56cfa7;rec_1b5c1fe8db5f5b0a,B,true,"官方名单未给出储运、加工、配送等具体子类，保守归为 other。 保留国家级粮食应急保障企业身份，不凭名称猜测具体功能分类。 原文件扩展名为 .wps,文件签名为 WPS/OLE 复合文档;只读转换为临时标准 DOCX 后抽取。来源年份由文件名推断。 按 PDF 文本层中的编号名单逐条抽取;原文件未提供地址和具体功能子类。"
cand_e33057df77e78768,博白县粮食购销中心,博白县粮食购销中心,博白县粮食购销中心,广西壮族自治区,玉林市,,,,reserve,,organization,,,,grain_reserve,储备商品管理公司及其直属库,广西储备商品管理公司及其直属库名单(桂财税〔2024〕8号),true,false,false,false,false,false,false,false,false,false,false,false,false,false,false,,,,,,false,true,false,,,,,,,,,,,,,,,,,,,,,1,grain_reserve,data/raw/guangxi_reserve_companies_2024.html,rec_cbbbce0fbb1b8288,A,true,名单证明储备体系资格，但企业主体或管理机构名称不等同于具体物理粮库。 使用 lxml 从 HTML 正文容器按“行政区标题 + 序号 + 单位名称”结构抽取;原正文段落序号 320。
cand_e355c86d0bf74c58,兴安县溶江粮油购销有限责任公司,兴安县溶江粮油购销有限责任公司,兴安县溶江粮油购销有限责任公司,广西壮族自治区,桂林市,兴安县,,,reserve,,organization,,,,grain_reserve,储备商品管理公司及其直属库,广西储备商品管理公司及其直属库名单(桂财税〔2024〕8号),true,true,false,false,false,false,false,false,false,false,false,false,false,false,false,,,,,,false,true,false,,,,,,,,,,,,,,,,,,,,,1,grain_reserve,data/raw/guangxi_reserve_companies_2024.html,rec_69809390a8076a26,A,true,名单证明储备体系资格，但企业主体或管理机构名称不等同于具体物理粮库。 使用 lxml 从 HTML 正文容器按“行政区标题 + 序号 + 单位名称”结构抽取;原正文段落序号 105。
cand_e38b88fae7ca7f09,凭祥市储备粮管理中心,凭祥市储备粮管理中心,凭祥市储备粮管理中心,广西壮族自治区,崇左市,,,,reserve,,organization,,,,grain_reserve,储备商品管理公司及其直属库,广西储备商品管理公司及其直属库名单(桂财税〔2024〕8号),true,false,false,false,false,false,false,false,false,false,false,false,false,false,false,,,,,,false,true,false,,,,,,,,,,,,,,,,,,,,,1,grain_reserve,data/raw/guangxi_reserve_companies_2024.html,rec_bbdd64b7d42fb99a,A,true,名单证明储备体系资格，但企业主体或管理机构名称不等同于具体物理粮库。 使用 lxml 从 HTML 正文容器按“行政区标题 + 序号 + 单位名称”结构抽取;原正文段落序号 387。
cand_e451c4a6e27a787b,贵州遵义新雪域农产品物流园,贵州遵义新雪域农产品物流园,贵州遵义新雪域农产品物流园,贵州省,,,,,external,,market,,,,agricultural_wholesale_market,农业农村部定点农产品批发市场,农业农村部定点市场,false,false,false,true,false,false,false,false,false,false,false,false,true,false,false,,,,,,false,false,false,,,,,,,,,,,,,,,,,,,,,1,wholesale_market,data/raw/moa_designated_wholesale_markets_2024.pdf,rec_e6d798b842a8f4cd,A,true,按 PDF 两列表格抽取;原文件未提供详细地址和坐标。
cand_e49fcf87000bcce0,广西德保三农投资发展有限公司,广西德保三农投资发展有限公司,广西德保三农投资发展有限公司,广西壮族自治区,百色市,,,,reserve,,organization,,,,other,储备商品管理公司及其直属库,广西储备商品管理公司及其直属库名单(桂财税〔2024〕8号),true,false,false,false,false,false,false,false,false,false,false,false,false,false,false,,,,,,false,true,false,,,,,,,,,,,,,,,,,,,,,1,grain_reserve,data/raw/guangxi_reserve_companies_2024.html,rec_7b484846a2ebb96e,A,true,属于储备商品管理公司及其直属库名单，但名称不足以安全判断为具体粮库或储备管理机构。 使用 lxml 从 HTML 正文容器按“行政区标题 + 序号 + 单位名称”结构抽取;原正文段落序号 244。
cand_e4d5d0deb072ff99,天津市蓟州万家蔬菜批发有限公司(天津市蓟州蔬菜批发市场),天津市蓟州万家蔬菜批发有限公司(天津市蓟州蔬菜批发市场),天津市蓟州万家蔬菜批发有限公司(天津市蓟州蔬菜批发市场),天津市,天津市,,,,external,,market,,,,agricultural_wholesale_market,农业农村部定点农产品批发市场,农业农村部定点市场,false,false,false,true,false,true,false,false,false,false,false,false,true,false,false,,,,,,false,false,false,,,,,,,,,,,,,,,,,,,,,1,wholesale_market,data/raw/moa_designated_wholesale_markets_2024.pdf,rec_9b24b1d03314d2f2,A,true,按 PDF 两列表格抽取;原文件未提供详细地址和坐标。
cand_e4deed4bcc7025d1,田阳县巴别粮所,田阳县巴别粮所,田阳县巴别粮所,广西壮族自治区,百色市,,,,reserve,,unknown,,,,grain_reserve,储备商品管理公司及其直属库,广西储备商品管理公司及其直属库名单(桂财税〔2024〕8号),true,false,false,false,false,false,false,false,false,false,false,false,false,false,false,,,,,,false,true,false,,,,,,,,,,,,,,,,,,,,,1,grain_reserve,data/raw/guangxi_reserve_companies_2024.html,rec_1683922854ee7310,A,true,名单证明储备体系资格，但企业主体或管理机构名称不等同于具体物理粮库。 使用 lxml 从 HTML 正文容器按“行政区标题 + 序号 + 单位名称”结构抽取;原正文段落序号 237。
cand_e52746e62acf00d9,黑龙江象屿农业物产有限公司,黑龙江象屿农业物产有限公司,黑龙江象屿农业物产有限公司,黑龙江省,,,,全国,external,,organization,,,,other,国家级粮食应急保障企业,国家级粮食应急保障企业,true,false,false,false,false,false,false,false,false,false,false,false,false,false,false,,,,,,true,false,false,,,,,,,,,,,,,,,,,,,,,2,grain_emergency,data/raw/national_emergency_grain_enterprises_2025_reassessment.wps;data/raw/national_emergency_grain_enterprises_batch2.pdf,rec_57691d6c235d7d02;rec_6ce47eed4f823974,B,true,"官方名单未给出储运、加工、配送等具体子类，保守归为 other。 保留国家级粮食应急保障企业身份，不凭名称猜测具体功能分类。 原文件扩展名为 .wps,文件签名为 WPS/OLE 复合文档;只读转换为临时标准 DOCX 后抽取。来源年份由文件名推断。 按 PDF 文本层中的编号名单逐条抽取;原文件未提供地址和具体功能子类。"
cand_e5962a1e813e5148,营口禾丰源米业有限公司,营口禾丰源米业有限公司,营口禾丰源米业有限公司,,,,,全国,external,,organization,,,,emergency_processing,国家级粮食应急保障企业,国家级粮食应急保障企业,true,false,false,false,false,false,false,false,false,false,false,false,false,false,false,,,,,,true,false,false,,,,,,,,,,,,,,,,,,,,,2,grain_emergency,data/raw/national_emergency_grain_enterprises_2025_reassessment.wps;data/raw/national_emergency_grain_enterprises_batch2.pdf,rec_a6f6431ef7cac15c;rec_a1a474d478ce8f9b,B,true,"当前原始记录未提供可安全解析的省级所在地。 原文件扩展名为 .wps,文件签名为 WPS/OLE 复合文档;只读转换为临时标准 DOCX 后抽取。来源年份由文件名推断。 按 PDF 文本层中的编号名单逐条抽取;原文件未提供地址和具体功能子类。"
cand_e5ade73fe77509ca,山东威海水产品批发市场,山东威海水产品批发市场,山东威海水产品批发市场,山东省,,,,,external,,market,,,,agricultural_wholesale_market,农业农村部定点农产品批发市场,农业农村部定点市场,false,false,false,true,false,false,false,true,false,false,false,false,true,false,false,,,,,,false,false,false,,,,,,,,,,,,,,,,,,,,,1,wholesale_market,data/raw/moa_designated_wholesale_markets_2024.pdf,rec_99a9d7858b5499e7,A,true,按 PDF 两列表格抽取;原文件未提供详细地址和坐标。
cand_e5bcae05358eb0d3,宝鸡祥和面粉有限责任公司,宝鸡祥和面粉有限责任公司,宝鸡祥和面粉有限责任公司,,,,,全国,external,,organization,,,,emergency_processing,国家级粮食应急保障企业,国家级粮食应急保障企业,true,false,false,false,false,false,false,false,false,false,false,true,false,false,false,,,,,,true,false,false,,,,,,,,,,,,,,,,,,,,,2,grain_emergency,data/raw/national_emergency_grain_enterprises_2025_reassessment.wps;data/raw/national_emergency_grain_enterprises_batch2.pdf,rec_3cb3893f5fa0992f;rec_b992bb03bcb139c5,B,true,"当前原始记录未提供可安全解析的省级所在地。 原文件扩展名为 .wps,文件签名为 WPS/OLE 复合文档;只读转换为临时标准 DOCX 后抽取。来源年份由文件名推断。 按 PDF 文本层中的编号名单逐条抽取;原文件未提供地址和具体功能子类。"
cand_e5d0672d9335d09e,山东济南海鲜大市场,山东济南海鲜大市场,山东济南海鲜大市场,山东省,,,,,external,,market,,,,agricultural_wholesale_market,农业农村部定点农产品批发市场,农业农村部定点市场,false,false,false,true,false,false,false,true,false,false,false,false,true,false,false,,,,,,false,false,false,,,,,,,,,,,,,,,,,,,,,1,wholesale_market,data/raw/moa_designated_wholesale_markets_2024.pdf,rec_50e64a7a6a19a841,A,true,按 PDF 两列表格抽取;原文件未提供详细地址和坐标。
cand_e5f6ed851048e5bc,山西大同市平城区振华蔬菜农贸批发市场,山西大同市平城区振华蔬菜农贸批发市场,山西大同市平城区振华蔬菜农贸批发市场,山西省,,,,,external,,market,,,,agricultural_wholesale_market,农业农村部定点农产品批发市场,农业农村部定点市场,false,false,false,true,false,true,false,false,false,false,false,false,true,false,false,,,,,,false,false,false,,,,,,,,,,,,,,,,,,,,,1,wholesale_market,data/raw/moa_designated_wholesale_markets_2024.pdf,rec_7a3adaf35052b0f6,A,true,按 PDF 两列表格抽取;原文件未提供详细地址和坐标。
cand_e5fef44018cc2442,黑龙江牡丹江牡达农副产品有限公司,黑龙江牡丹江牡达农副产品有限公司,黑龙江牡丹江牡达农副产品有限公司,黑龙江省,,,,,external,,market,,,,agricultural_wholesale_market,农业农村部定点农产品批发市场,农业农村部定点市场,false,false,false,true,false,false,false,false,false,false,false,false,true,false,false,,,,,,false,false,false,,,,,,,,,,,,,,,,,,,,,1,wholesale_market,data/raw/moa_designated_wholesale_markets_2024.pdf,rec_5873293e2a3cc905,A,true,按 PDF 两列表格抽取;原文件未提供详细地址和坐标。
cand_e61376bce365ad55,云南康乐茶文化城,云南康乐茶文化城,云南康乐茶文化城,云南省,,,,,external,,market,,,,agricultural_wholesale_market,农业农村部定点农产品批发市场,农业农村部定点市场,false,false,false,true,false,false,false,false,false,false,false,false,true,false,false,,,,,,false,false,false,,,,,,,,,,,,,,,,,,,,,1,wholesale_market,data/raw/moa_designated_wholesale_markets_2024.pdf,rec_68abc7751dc04c51,A,true,按 PDF 两列表格抽取;原文件未提供详细地址和坐标。
cand_e668195854f37fbc,南宁市邕宁区粮食储备库,南宁市邕宁区粮食储备库,南宁市邕宁区粮食储备库,广西壮族自治区,南宁市,邕宁区,南宁市邕宁区蒲庙镇蒲津路100号,,primary,,physical_site,,,unknown,grain_depot,储备商品管理公司及其直属库,广西储备商品管理公司及其直属库名单(桂财税〔2024〕8号),true,false,false,false,false,false,false,false,false,false,true,false,false,false,false,,,,,,false,true,false,,,,108.490651,22.754693,GCJ02,success,medium,true,manual_verified_public_evidence,addr_ev_c76fea2a9307ed91,B,door_number,medium,https://s.zhaobiao.cn/search_q_06010009_qs_b_s_0404_pro_450000_f_02_d_02_p_1.html,企业信息聚合页列明储备库地址及粮食收购、仓储经营范围；建议地理编码后保留人工复核标记。,true,true,,manual_address_evidence,1,grain_reserve;manual_address_evidence;manual_address_evidence;manual_address_evidence;manual_address_evidence,data/raw/guangxi_reserve_companies_2024.html;data/manual/nanning_grain_physical_sites_address_evidence.csv;data/manual/nanning_grain_physical_sites_address_evidence.csv;data/manual/nanning_grain_physical_sites_address_evidence.csv;data/manual/nanning_grain_physical_sites_address_evidence.csv,rec_0c003e88213e53b8,A,true,使用 lxml 从 HTML 正文容器按“行政区标题 + 序号 + 单位名称”结构抽取;原正文段落序号 42。
cand_e69f731a14d18908,山东泰安市泰山红农产品有限公司(山东泰安泰山红西红柿专业批发市场),山东泰安市泰山红农产品有限公司(山东泰安泰山红西红柿专业批发市场),山东泰安市泰山红农产品有限公司(山东泰安泰山红西红柿专业批发市场),山东省,,,,,external,,market,,,,agricultural_wholesale_market,农业农村部定点农产品批发市场,农业农村部定点市场,false,false,false,true,false,false,false,false,false,false,false,false,true,false,false,,,,,,false,false,false,,,,,,,,,,,,,,,,,,,,,1,wholesale_market,data/raw/moa_designated_wholesale_markets_2024.pdf,rec_d72c4523a3ce5910,A,true,按 PDF 两列表格抽取;原文件未提供详细地址和坐标。
cand_e6c335c93672eb99,发达面粉集团股份有限公司,发达面粉集团股份有限公司,发达面粉集团股份有限公司,,,,,全国,external,,organization,,,,emergency_processing,国家级粮食应急保障企业,国家级粮食应急保障企业,true,false,false,false,false,false,false,false,false,false,false,true,false,false,false,,,,,,true,false,false,,,,,,,,,,,,,,,,,,,,,2,grain_emergency,data/raw/national_emergency_grain_enterprises_2025_reassessment.wps;data/raw/national_emergency_grain_enterprises_batch2.pdf,rec_ea573b63409bbca7;rec_2ab324a1354e0b3b,B,true,"当前原始记录未提供可安全解析的省级所在地。 原文件扩展名为 .wps,文件签名为 WPS/OLE 复合文档;只读转换为临时标准 DOCX 后抽取。来源年份由文件名推断。 按 PDF 文本层中的编号名单逐条抽取;原文件未提供地址和具体功能子类。"
cand_e71eac73c01d697b,桂平圆石门畜牧养殖有限公司,桂平圆石门畜牧养殖有限公司,桂平圆石门畜牧养殖有限公司,广西壮族自治区,贵港市,桂平市,贵港市桂平市西山镇西山村17队(蝴蝶岭小区双孖石屯30号),贵港市,reserve,91450881MABWATHF0F,organization,,,,government_procurement_supplier,蛋品类;食用油类,政府采购入围/中标供应商,false,true,false,false,false,false,false,false,false,false,false,false,false,false,false,,,,,,false,false,true,,,,,,,,,,,,,,,,,,,,,2,government_procurement,data/raw/guigang_food_suppliers_310.pdf,rec_dde59592f14f6ece;rec_9c837a46fef7effb,C,true,"采购供应商身份不等同于实体仓储节点。 采购资料中的地址按企业登记/联系地址处理，不自动等同于仓库或配送节点地址。 按 PDF 表格行批量抽取;地址视为供应商登记/联系地址,不自动认定为仓储节点。 采购供应商地址不自动视为仓库地址；仅在原文出现仓库、粮库、配送中心、冷库、厂房等明确词时标记相应能力。"
cand_e73a35acb7b68a8e,玉林市福绵粮食收储有限公司,玉林市福绵粮食收储有限公司,玉林市福绵粮食收储有限公司,广西壮族自治区,玉林市,,,,reserve,,organization,,,,grain_reserve,储备商品管理公司及其直属库,广西储备商品管理公司及其直属库名单(桂财税〔2024〕8号),true,false,false,false,false,false,false,false,false,false,false,false,false,false,false,,,,,,false,true,false,,,,,,,,,,,,,,,,,,,,,1,grain_reserve,data/raw/guangxi_reserve_companies_2024.html,rec_56a54eef94ebdf56,A,true,名单证明储备体系资格，但企业主体或管理机构名称不等同于具体物理粮库。 使用 lxml 从 HTML 正文容器按“行政区标题 + 序号 + 单位名称”结构抽取;原正文段落序号 317。
cand_e7cb239a8e7080e7,云南保山市隆阳区蔬菜水果综合批发市场,云南保山市隆阳区蔬菜水果综合批发市场,云南保山市隆阳区蔬菜水果综合批发市场,云南省,,,,,external,,market,,,,agricultural_wholesale_market,农业农村部定点农产品批发市场,农业农村部定点市场,false,false,false,true,false,true,true,false,false,false,false,false,true,false,false,,,,,,false,false,false,,,,,,,,,,,,,,,,,,,,,1,wholesale_market,data/raw/moa_designated_wholesale_markets_2024.pdf,rec_a325ab643de499a4,A,true,按 PDF 两列表格抽取;原文件未提供详细地址和坐标。
cand_e7e4e17429979e24,柳城县金稻香粮食收储有限责任公司,柳城县金稻香粮食收储有限责任公司,柳城县金稻香粮食收储有限责任公司,广西壮族自治区,柳州市,柳城县,,,secondary,,organization,,,,grain_reserve,储备商品管理公司及其直属库,广西储备商品管理公司及其直属库名单(桂财税〔2024〕8号),true,false,false,false,false,false,false,false,false,false,false,false,false,false,false,,,,,,false,true,false,,,,,,,,,,,,,,,,,,,,,1,grain_reserve,data/raw/guangxi_reserve_companies_2024.html,rec_e3c0c78c3b90bf55,A,true,名单证明储备体系资格，但企业主体或管理机构名称不等同于具体物理粮库。 使用 lxml 从 HTML 正文容器按“行政区标题 + 序号 + 单位名称”结构抽取;原正文段落序号 81。
cand_e7e9f2e4a02f4fd9,靖西市军粮供应站,靖西市军粮供应站,靖西市军粮供应站,广西壮族自治区,百色市,靖西市,,,reserve,,unknown,,,,military_grain_supply,储备商品管理公司及其直属库,广西储备商品管理公司及其直属库名单(桂财税〔2024〕8号),true,false,false,false,false,false,false,false,false,false,false,false,false,false,false,,,,,,false,true,false,,,,,,,,,,,,,,,,,,,,,1,grain_reserve,data/raw/guangxi_reserve_companies_2024.html,rec_45fbb64cb85e7439,A,true,使用 lxml 从 HTML 正文容器按“行政区标题 + 序号 + 单位名称”结构抽取;原正文段落序号 246。
cand_e7f857a7870f73b0,内蒙古赤峰雨润农产品物流有限公司,内蒙古赤峰雨润农产品物流有限公司,内蒙古赤峰雨润农产品物流有限公司,内蒙古自治区,,,,,external,,market,,,,agricultural_wholesale_market,农业农村部定点农产品批发市场,农业农村部定点市场,false,false,false,true,false,false,false,false,false,false,false,false,true,false,false,,,,,,false,false,false,,,,,,,,,,,,,,,,,,,,,1,wholesale_market,data/raw/moa_designated_wholesale_markets_2024.pdf,rec_f0e02ed9c22762f4,A,true,按 PDF 两列表格抽取;原文件未提供详细地址和坐标。
cand_e882ecbbcef61a62,灵山县三海粮食管理所,灵山县三海粮食管理所,灵山县三海粮食管理所,广西壮族自治区,钦州市,灵山县,,,reserve,,unknown,,,,grain_reserve,储备商品管理公司及其直属库,广西储备商品管理公司及其直属库名单(桂财税〔2024〕8号),true,false,false,false,false,false,false,false,false,false,false,false,false,false,false,,,,,,false,true,false,,,,,,,,,,,,,,,,,,,,,1,grain_reserve,data/raw/guangxi_reserve_companies_2024.html,rec_75b01caed7fbf348,A,true,名单证明储备体系资格，但企业主体或管理机构名称不等同于具体物理粮库。 使用 lxml 从 HTML 正文容器按“行政区标题 + 序号 + 单位名称”结构抽取;原正文段落序号 191。
cand_e8db44ca505b4b12,灵山县旧州粮食管理所,灵山县旧州粮食管理所,灵山县旧州粮食管理所,广西壮族自治区,钦州市,灵山县,,,reserve,,unknown,,,,grain_reserve,储备商品管理公司及其直属库,广西储备商品管理公司及其直属库名单(桂财税〔2024〕8号),true,false,false,false,false,false,false,false,false,false,false,false,false,false,false,,,,,,false,true,false,,,,,,,,,,,,,,,,,,,,,1,grain_reserve,data/raw/guangxi_reserve_companies_2024.html,rec_3a8d962d5ec25fc7,A,true,名单证明储备体系资格，但企业主体或管理机构名称不等同于具体物理粮库。 使用 lxml 从 HTML 正文容器按“行政区标题 + 序号 + 单位名称”结构抽取;原正文段落序号 200。
cand_e96ae16eaf141d60,北京新发地农产品股份有限公司(北京新发地农副产品批发市场中心),北京新发地农产品股份有限公司(北京新发地农副产品批发市场中心),北京新发地农产品股份有限公司(北京新发地农副产品批发市场中心),北京市,北京市,,,,external,,market,,,,agricultural_wholesale_market,农业农村部定点农产品批发市场,农业农村部定点市场,false,false,false,true,false,false,false,false,false,false,false,false,true,false,false,,,,,,false,false,false,,,,,,,,,,,,,,,,,,,,,1,wholesale_market,data/raw/moa_designated_wholesale_markets_2024.pdf,rec_6468907d86a8b6b9,A,true,按 PDF 两列表格抽取;原文件未提供详细地址和坐标。
cand_e97f0dc9c2ff7486,株洲市湘东仙竹米业有限责任公司,株洲市湘东仙竹米业有限责任公司,株洲市湘东仙竹米业有限责任公司,,,,,全国,external,,organization,,,,emergency_processing,国家级粮食应急保障企业,国家级粮食应急保障企业,true,false,false,false,false,false,false,false,false,false,false,false,false,false,false,,,,,,true,false,false,,,,,,,,,,,,,,,,,,,,,1,grain_emergency,data/raw/national_emergency_grain_enterprises_batch2.pdf,rec_432585eed62bef79,B,true,当前原始记录未提供可安全解析的省级所在地。 按 PDF 文本层中的编号名单逐条抽取;原文件未提供地址和具体功能子类。
cand_e9cfd8a0adb72e40,天津环渤海绿色农产品交易物流中心(天津环渤海农产品交易市场),天津环渤海绿色农产品交易物流中心(天津环渤海农产品交易市场),天津环渤海绿色农产品交易物流中心(天津环渤海农产品交易市场),天津市,天津市,,,,external,,market,,,,agricultural_wholesale_market,农业农村部定点农产品批发市场,农业农村部定点市场,false,false,false,true,false,false,false,false,false,false,false,false,true,false,false,,,,,,false,false,false,,,,,,,,,,,,,,,,,,,,,1,wholesale_market,data/raw/moa_designated_wholesale_markets_2024.pdf,rec_0edf555aeba4c9a1,A,true,按 PDF 两列表格抽取;原文件未提供详细地址和坐标。
cand_e9ee8e86472cd0f7,辽宁东港黄海水产品批发市场,辽宁东港黄海水产品批发市场,辽宁东港黄海水产品批发市场,辽宁省,,,,,external,,market,,,,agricultural_wholesale_market,农业农村部定点农产品批发市场,农业农村部定点市场,false,false,false,true,false,false,false,true,false,false,false,false,true,false,false,,,,,,false,false,false,,,,,,,,,,,,,,,,,,,,,1,wholesale_market,data/raw/moa_designated_wholesale_markets_2024.pdf,rec_901aa3e971a71803,A,true,按 PDF 两列表格抽取;原文件未提供详细地址和坐标。
cand_ea1eea0dc68c3550,浙江台州水产品交易中心,浙江台州水产品交易中心,浙江台州水产品交易中心,浙江省,,,,,external,,market,,,,agricultural_wholesale_market,农业农村部定点农产品批发市场,农业农村部定点市场,false,false,false,true,false,false,false,true,false,false,false,false,true,false,false,,,,,,false,false,false,,,,,,,,,,,,,,,,,,,,,1,wholesale_market,data/raw/moa_designated_wholesale_markets_2024.pdf,rec_a0913eb4a6fe8d7a,A,true,按 PDF 两列表格抽取;原文件未提供详细地址和坐标。
cand_ea396f303f537939,湖北荆州市楚丰农产品大市场有限公司,湖北荆州市楚丰农产品大市场有限公司,湖北荆州市楚丰农产品大市场有限公司,湖北省,,,,,external,,market,,,,agricultural_wholesale_market,农业农村部定点农产品批发市场,农业农村部定点市场,false,false,false,true,false,false,false,false,false,false,false,false,true,false,false,,,,,,false,false,false,,,,,,,,,,,,,,,,,,,,,1,wholesale_market,data/raw/moa_designated_wholesale_markets_2024.pdf,rec_dd53972e2854eaf7,A,true,按 PDF 两列表格抽取;原文件未提供详细地址和坐标。
cand_ea50a7199ed85629,富川瑶族自治县粮油贸易总公司,富川瑶族自治县粮油贸易总公司,富川瑶族自治县粮油贸易总公司,广西壮族自治区,贺州市,,,,reserve,,organization,,,,other,储备商品管理公司及其直属库,广西储备商品管理公司及其直属库名单(桂财税〔2024〕8号),true,true,false,false,false,false,false,false,false,false,false,false,false,false,false,,,,,,false,true,false,,,,,,,,,,,,,,,,,,,,,1,grain_reserve,data/raw/guangxi_reserve_companies_2024.html,rec_bf8f13e2fe27a328,A,true,属于储备商品管理公司及其直属库名单，但名称不足以安全判断为具体粮库或储备管理机构。 使用 lxml 从 HTML 正文容器按“行政区标题 + 序号 + 单位名称”结构抽取;原正文段落序号 365。
cand_eaa11d07127f0f40,贵港市港南区金穗粮食收储有限公司,贵港市港南区金穗粮食收储有限公司,贵港市港南区金穗粮食收储有限公司,广西壮族自治区,贵港市,港南区,,,reserve,,organization,,,,grain_reserve,储备商品管理公司及其直属库,广西储备商品管理公司及其直属库名单(桂财税〔2024〕8号),true,false,false,false,false,false,false,false,false,false,false,false,false,false,false,,,,,,false,true,false,,,,,,,,,,,,,,,,,,,,,1,grain_reserve,data/raw/guangxi_reserve_companies_2024.html,rec_a8afc231863e51a4,A,true,名单证明储备体系资格，但企业主体或管理机构名称不等同于具体物理粮库。 使用 lxml 从 HTML 正文容器按“行政区标题 + 序号 + 单位名称”结构抽取;原正文段落序号 352。
cand_eae2fac56ef7cd03,江苏徐州东高农产品市场管理有限公司,江苏徐州东高农产品市场管理有限公司,江苏徐州东高农产品市场管理有限公司,江苏省,,,,,external,,market,,,,agricultural_wholesale_market,农业农村部定点农产品批发市场,农业农村部定点市场,false,false,false,true,false,false,false,false,false,false,false,false,true,false,false,,,,,,false,false,false,,,,,,,,,,,,,,,,,,,,,1,wholesale_market,data/raw/moa_designated_wholesale_markets_2024.pdf,rec_3bc17c59f620d266,A,true,按 PDF 两列表格抽取;原文件未提供详细地址和坐标。
cand_eb0ded4f80021e9d,天等县鸿发粮食购销有限责任公司,天等县鸿发粮食购销有限责任公司,天等县鸿发粮食购销有限责任公司,广西壮族自治区,崇左市,,,,reserve,,organization,,,,grain_reserve,储备商品管理公司及其直属库,广西储备商品管理公司及其直属库名单(桂财税〔2024〕8号),true,false,false,false,false,false,false,false,false,false,false,false,false,false,false,,,,,,false,true,false,,,,,,,,,,,,,,,,,,,,,1,grain_reserve,data/raw/guangxi_reserve_companies_2024.html,rec_71ecab543bbdd504,A,true,名单证明储备体系资格，但企业主体或管理机构名称不等同于具体物理粮库。 使用 lxml 从 HTML 正文容器按“行政区标题 + 序号 + 单位名称”结构抽取;原正文段落序号 393。
cand_eb13c5957dc4bc7e,广西藤县直属粮库,广西藤县直属粮库,广西藤县直属粮库,广西壮族自治区,梧州市,,,,reserve,,physical_site,,,,grain_depot,储备商品管理公司及其直属库,广西储备商品管理公司及其直属库名单(桂财税〔2024〕8号),true,false,false,false,false,false,false,false,false,false,true,false,false,false,false,,,,,,false,true,false,,,,,,,,,,,,,,,,,,,,,1,grain_reserve,data/raw/guangxi_reserve_companies_2024.html,rec_327b3ec2306b54b0,A,true,使用 lxml 从 HTML 正文容器按“行政区标题 + 序号 + 单位名称”结构抽取;原正文段落序号 148。
cand_eb2379a1c17a77a7,桂林灵川县大地粮油有限公司,桂林灵川县大地粮油有限公司,桂林灵川县大地粮油有限公司,广西壮族自治区,桂林市,,,,reserve,,organization,,,,other,储备商品管理公司及其直属库,广西储备商品管理公司及其直属库名单(桂财税〔2024〕8号),true,true,false,false,false,false,false,false,false,false,false,false,false,false,false,,,,,,false,true,false,,,,,,,,,,,,,,,,,,,,,1,grain_reserve,data/raw/guangxi_reserve_companies_2024.html,rec_4a0f2d88e4460286,A,true,属于储备商品管理公司及其直属库名单，但名称不足以安全判断为具体粮库或储备管理机构。 使用 lxml 从 HTML 正文容器按“行政区标题 + 序号 + 单位名称”结构抽取;原正文段落序号 114。
cand_eb3daa31f7dfa981,内蒙古扎兰屯市蒙东牲畜交易市场有限责任公司,内蒙古扎兰屯市蒙东牲畜交易市场有限责任公司,内蒙古扎兰屯市蒙东牲畜交易市场有限责任公司,内蒙古自治区,,,,,external,,market,,,,agricultural_wholesale_market,农业农村部定点农产品批发市场,农业农村部定点市场,false,false,false,true,false,false,false,false,false,false,false,false,true,false,false,,,,,,false,false,false,,,,,,,,,,,,,,,,,,,,,1,wholesale_market,data/raw/moa_designated_wholesale_markets_2024.pdf,rec_b91fce95fc91256f,A,true,按 PDF 两列表格抽取;原文件未提供详细地址和坐标。
cand_eb7432cbc9d8b551,中国辣椒城,中国辣椒城,中国辣椒城,贵州省,,,,,external,,market,,,,agricultural_wholesale_market,农业农村部定点农产品批发市场,农业农村部定点市场,false,false,false,true,false,false,false,false,false,false,false,false,true,false,false,,,,,,false,false,false,,,,,,,,,,,,,,,,,,,,,1,wholesale_market,data/raw/moa_designated_wholesale_markets_2024.pdf,rec_b60b80722e91e170,A,true,按 PDF 两列表格抽取;原文件未提供详细地址和坐标。
cand_eba0d18f5ba101c5,广西壮族自治区融安粮食储备库有限公司,广西壮族自治区融安粮食储备库有限公司,广西壮族自治区融安粮食储备库有限公司,广西壮族自治区,柳州市,融安县,,,secondary,,physical_site,,,,grain_depot,储备商品管理公司及其直属库,广西储备商品管理公司及其直属库名单(桂财税〔2024〕8号),true,false,false,false,false,false,false,false,false,false,true,false,false,false,false,,,,,,false,true,false,,,,,,,,,,,,,,,,,,,,,1,grain_reserve,data/raw/guangxi_reserve_companies_2024.html,rec_8f663c2de6636de0,A,true,使用 lxml 从 HTML 正文容器按“行政区标题 + 序号 + 单位名称”结构抽取;原正文段落序号 26。
cand_ebc6667d623466c0,江苏苏中农副产品交易中心有限公司,江苏苏中农副产品交易中心有限公司,江苏苏中农副产品交易中心有限公司,江苏省,,,,,external,,market,,,,agricultural_wholesale_market,农业农村部定点农产品批发市场,农业农村部定点市场,false,false,false,true,false,false,false,false,false,false,false,false,true,false,false,,,,,,false,false,false,,,,,,,,,,,,,,,,,,,,,1,wholesale_market,data/raw/moa_designated_wholesale_markets_2024.pdf,rec_edef6a3c952ca1d5,A,true,按 PDF 两列表格抽取;原文件未提供详细地址和坐标。
cand_ec04bbb37ace4d27,甘肃兰州国际高原夏菜副食品采购中心有限公司,甘肃兰州国际高原夏菜副食品采购中心有限公司,甘肃兰州国际高原夏菜副食品采购中心有限公司,甘肃省,,,,,external,,market,,,,agricultural_wholesale_market,农业农村部定点农产品批发市场,农业农村部定点市场,false,false,true,true,false,true,false,false,false,false,false,false,true,false,false,,,,,,false,false,false,,,,,,,,,,,,,,,,,,,,,1,wholesale_market,data/raw/moa_designated_wholesale_markets_2024.pdf,rec_2b639880c03f0cde,A,true,按 PDF 两列表格抽取;原文件未提供详细地址和坐标。
cand_eca07a1abf37b500,灵山县陆屋粮食管理所,灵山县陆屋粮食管理所,灵山县陆屋粮食管理所,广西壮族自治区,钦州市,灵山县,,,reserve,,unknown,,,,grain_reserve,储备商品管理公司及其直属库,广西储备商品管理公司及其直属库名单(桂财税〔2024〕8号),true,false,false,false,false,false,false,false,false,false,false,false,false,false,false,,,,,,false,true,false,,,,,,,,,,,,,,,,,,,,,1,grain_reserve,data/raw/guangxi_reserve_companies_2024.html,rec_c216643f6478e3a4,A,true,名单证明储备体系资格，但企业主体或管理机构名称不等同于具体物理粮库。 使用 lxml 从 HTML 正文容器按“行政区标题 + 序号 + 单位名称”结构抽取;原正文段落序号 190。
cand_ecb741ba40b7a6b3,广西粮食发展有限公司,广西粮食发展有限公司,广西粮食发展有限公司,广西壮族自治区,,,,,reserve,,organization,,,,other,储备商品管理公司及其直属库,广西储备商品管理公司及其直属库名单(桂财税〔2024〕8号),true,false,false,false,false,false,false,false,false,false,false,false,false,false,false,,,,,,false,true,false,,,,,,,,,,,,,,,,,,,,,1,grain_reserve,data/raw/guangxi_reserve_companies_2024.html,rec_5286077dc9891b1b,A,true,属于储备商品管理公司及其直属库名单，但名称不足以安全判断为具体粮库或储备管理机构。 可确认位于广西，但当前证据不足以安全确定地级市。 使用 lxml 从 HTML 正文容器按“行政区标题 + 序号 + 单位名称”结构抽取;原正文段落序号 32。
cand_ecd099255d18ff1e,广东东莞市虎门富民农副产品批发市场,广东东莞市虎门富民农副产品批发市场,广东东莞市虎门富民农副产品批发市场,广东省,,,,,external,,market,,,,agricultural_wholesale_market,农业农村部定点农产品批发市场,农业农村部定点市场,false,false,false,true,false,false,false,false,false,false,false,false,true,false,false,,,,,,false,false,false,,,,,,,,,,,,,,,,,,,,,1,wholesale_market,data/raw/moa_designated_wholesale_markets_2024.pdf,rec_849a55a94f42d690,A,true,按 PDF 两列表格抽取;原文件未提供详细地址和坐标。
cand_ece1e844038cc014,云南富源县金城农贸市场,云南富源县金城农贸市场,云南富源县金城农贸市场,云南省,,,,,external,,market,,,,agricultural_wholesale_market,农业农村部定点农产品批发市场,农业农村部定点市场,false,false,false,true,false,false,false,false,false,false,false,false,true,false,false,,,,,,false,false,false,,,,,,,,,,,,,,,,,,,,,1,wholesale_market,data/raw/moa_designated_wholesale_markets_2024.pdf,rec_bf1ba39e9e325f17,A,true,按 PDF 两列表格抽取;原文件未提供详细地址和坐标。
cand_ecf5e7263a38946e,金光食品(宁波)有限公司,金光食品(宁波)有限公司,金光食品(宁波)有限公司,,,,,全国,external,,organization,,,,emergency_processing,国家级粮食应急保障企业,国家级粮食应急保障企业,true,false,true,false,false,false,false,false,false,false,false,false,false,false,false,,,,,,true,false,false,,,,,,,,,,,,,,,,,,,,,2,grain_emergency,data/raw/national_emergency_grain_enterprises_2025_reassessment.wps;data/raw/national_emergency_grain_enterprises_batch2.pdf,rec_5d186ce0efa31ae2;rec_89eb65a237ff3948,B,true,"当前原始记录未提供可安全解析的省级所在地。 原文件扩展名为 .wps,文件签名为 WPS/OLE 复合文档;只读转换为临时标准 DOCX 后抽取。来源年份由文件名推断。 按 PDF 文本层中的编号名单逐条抽取;原文件未提供地址和具体功能子类。"
cand_ed7a137c840df4aa,内蒙古鄂尔多斯市东胜区欣祥万家惠农贸市场,内蒙古鄂尔多斯市东胜区欣祥万家惠农贸市场,内蒙古鄂尔多斯市东胜区欣祥万家惠农贸市场,内蒙古自治区,,,,,external,,market,,,,agricultural_wholesale_market,农业农村部定点农产品批发市场,农业农村部定点市场,false,false,false,true,false,false,false,false,false,false,false,false,true,false,false,,,,,,false,false,false,,,,,,,,,,,,,,,,,,,,,1,wholesale_market,data/raw/moa_designated_wholesale_markets_2024.pdf,rec_c95969ac4300c3d7,A,true,按 PDF 两列表格抽取;原文件未提供详细地址和坐标。
cand_ee42be918dc65702,广西积木鱼供应链有限公司,广西积木鱼供应链有限公司,广西积木鱼供应链有限公司,广西壮族自治区,北海市,,同济大道与高铁路交汇处东住所北角(广西宁铁资产投资开发有限公司北海分公司房屋),贵港市,reserve,91450800MAD5QY6U3N,organization,,,,government_procurement_supplier,生鲜时蔬、水果类;蛋品类,政府采购入围/中标供应商,false,false,false,true,false,true,true,false,false,false,false,false,false,false,false,,,,,,false,false,true,,,,,,,,,,,,,,,,,,,,,2,government_procurement,data/raw/guigang_food_suppliers_310.pdf,rec_d3e1f26370b81c84;rec_9086856e62c358c2,C,true,"采购供应商身份不等同于实体仓储节点。 采购资料中的地址按企业登记/联系地址处理，不自动等同于仓库或配送节点地址。 按 PDF 表格行批量抽取;地址视为供应商登记/联系地址,不自动认定为仓储节点。 采购供应商地址不自动视为仓库地址；仅在原文出现仓库、粮库、配送中心、冷库、厂房等明确词时标记相应能力。"
cand_ee6c69595d1a694f,甘肃临洮县腾胜蔬菜市场服务有限责任公司,甘肃临洮县腾胜蔬菜市场服务有限责任公司,甘肃临洮县腾胜蔬菜市场服务有限责任公司,甘肃省,,,,,external,,market,,,,agricultural_wholesale_market,农业农村部定点农产品批发市场,农业农村部定点市场,false,false,false,true,false,true,false,false,false,false,false,false,true,false,false,,,,,,false,false,false,,,,,,,,,,,,,,,,,,,,,1,wholesale_market,data/raw/moa_designated_wholesale_markets_2024.pdf,rec_8a0088183eb7c808,A,true,按 PDF 两列表格抽取;原文件未提供详细地址和坐标。
cand_eed52a7ab59af75a,宁夏西吉县将台马铃薯批发市场,宁夏西吉县将台马铃薯批发市场,宁夏西吉县将台马铃薯批发市场,宁夏回族自治区,,,,,external,,market,,,,agricultural_wholesale_market,农业农村部定点农产品批发市场,农业农村部定点市场,false,false,false,true,false,false,false,false,false,false,false,false,true,false,false,,,,,,false,false,false,,,,,,,,,,,,,,,,,,,,,1,wholesale_market,data/raw/moa_designated_wholesale_markets_2024.pdf,rec_da6bcc9e5a10eb8c,A,true,按 PDF 两列表格抽取;原文件未提供详细地址和坐标。
cand_eee07e746ff76d7d,博白县径口粮食管理所,博白县径口粮食管理所,博白县径口粮食管理所,广西壮族自治区,玉林市,,,,reserve,,unknown,,,,grain_reserve,储备商品管理公司及其直属库,广西储备商品管理公司及其直属库名单(桂财税〔2024〕8号),true,false,false,false,false,false,false,false,false,false,false,false,false,false,false,,,,,,false,true,false,,,,,,,,,,,,,,,,,,,,,1,grain_reserve,data/raw/guangxi_reserve_companies_2024.html,rec_ea30484616ab97d7,A,true,名单证明储备体系资格，但企业主体或管理机构名称不等同于具体物理粮库。 使用 lxml 从 HTML 正文容器按“行政区标题 + 序号 + 单位名称”结构抽取;原正文段落序号 327。
cand_eee6cdc6e7c280c7,贵州兴义市吉祥综合农贸市场,贵州兴义市吉祥综合农贸市场,贵州兴义市吉祥综合农贸市场,贵州省,,,,,external,,market,,,,agricultural_wholesale_market,农业农村部定点农产品批发市场,农业农村部定点市场,false,false,false,true,false,false,false,false,false,false,false,false,true,false,false,,,,,,false,false,false,,,,,,,,,,,,,,,,,,,,,1,wholesale_market,data/raw/moa_designated_wholesale_markets_2024.pdf,rec_d7426d29fcb0e156,A,true,按 PDF 两列表格抽取;原文件未提供详细地址和坐标。
cand_eeef315172cd5cd7,广西北海市泓翔食品配送有限公司,广西北海市泓翔食品配送有限公司,广西北海市泓翔食品配送有限公司,广西壮族自治区,北海市,银海区,广西壮族自治区北海市银海区银滩镇和兴新村示范小区E12号一楼,北海市,reserve,91450502MA5PWY241B,organization,,,,government_procurement_supplier,果蔬类,政府采购入围/中标供应商,false,false,true,true,false,true,true,false,false,false,false,false,true,false,false,,,,,,false,false,true,,,,,,,,,,,,,,,,,,,,,1,government_procurement,data/raw/beihai_food_suppliers.pdf,rec_69652dddf0c65076,C,true,"采购供应商身份不等同于实体仓储节点。 采购资料中的地址按企业登记/联系地址处理，不自动等同于仓库或配送节点地址。 按 PDF 表格行批量抽取;地址视为供应商登记/联系地址,不自动认定为仓储节点。 采购供应商地址不自动视为仓库地址；仅在原文出现仓库、粮库、配送中心、冷库、厂房等明确词时标记相应能力。"
cand_eefbab402b0a02d6,河北昌黎县嘉诚实业集团有限公司新集农副产品批发市场,河北昌黎县嘉诚实业集团有限公司新集农副产品批发市场,河北昌黎县嘉诚实业集团有限公司新集农副产品批发市场,河北省,,,,,external,,market,,,,agricultural_wholesale_market,农业农村部定点农产品批发市场,农业农村部定点市场,false,false,false,true,false,false,false,false,false,false,false,false,true,false,false,,,,,,false,false,false,,,,,,,,,,,,,,,,,,,,,1,wholesale_market,data/raw/moa_designated_wholesale_markets_2024.pdf,rec_b3243b726b3651cd,A,true,按 PDF 两列表格抽取;原文件未提供详细地址和坐标。
cand_ef1936455a1f77e4,广西军粮供应有限公司,广西军粮供应有限公司,广西军粮供应有限公司,广西壮族自治区,,,,,reserve,,organization,,,,military_grain_supply,储备商品管理公司及其直属库,广西储备商品管理公司及其直属库名单(桂财税〔2024〕8号),true,false,false,false,false,false,false,false,false,false,false,false,false,false,false,,,,,,false,true,false,,,,,,,,,,,,,,,,,,,,,1,grain_reserve,data/raw/guangxi_reserve_companies_2024.html,rec_f6de387b40aa486e,A,true,可确认位于广西，但当前证据不足以安全确定地级市。 使用 lxml 从 HTML 正文容器按“行政区标题 + 序号 + 单位名称”结构抽取;原正文段落序号 29。
cand_ef4264a25febf803,广西华鲁贸易有限公司,广西华鲁贸易有限公司,广西华鲁贸易有限公司,广西壮族自治区,贵港市,港北区,贵港市港北区解放路正骨街一巷,贵港市,reserve,91450800MA5MWP0H8X,organization,,,,government_procurement_supplier,冷冻品类;蛋品类;大米类;食用油类;副食品;调味品类;奶制品及饮品,政府采购入围/中标供应商,true,true,true,true,false,false,false,false,true,false,false,false,false,false,false,,,,,,false,false,true,,,,,,,,,,,,,,,,,,,,,7,government_procurement,data/raw/guigang_food_suppliers_310.pdf,rec_ac6240d9dd46add3;rec_8dfc2cdb32a5c91c;rec_5e54b569af53b2b5;rec_fc96d62689a6f8bf;rec_f5706f99be1ee2cb;rec_e1fa030f9663ce73;rec_4a093604b7022842,C,true,"采购供应商身份不等同于实体仓储节点。 采购资料中的地址按企业登记/联系地址处理，不自动等同于仓库或配送节点地址。 按 PDF 表格行批量抽取;地址视为供应商登记/联系地址,不自动认定为仓储节点。 采购供应商地址不自动视为仓库地址；仅在原文出现仓库、粮库、配送中心、冷库、厂房等明确词时标记相应能力。"
cand_ef5da7ea292df7e4,宁明县粮食和物资储备局直属库,宁明县粮食和物资储备局直属库,宁明县粮食和物资储备局直属库,广西壮族自治区,崇左市,,,,reserve,,physical_site,,,,grain_depot,储备商品管理公司及其直属库,广西储备商品管理公司及其直属库名单(桂财税〔2024〕8号),true,false,false,false,false,false,false,false,false,false,true,false,false,false,false,,,,,,false,true,false,,,,,,,,,,,,,,,,,,,,,1,grain_reserve,data/raw/guangxi_reserve_companies_2024.html,rec_ccbc9adc6a30ee43,A,true,使用 lxml 从 HTML 正文容器按“行政区标题 + 序号 + 单位名称”结构抽取;原正文段落序号 391。
cand_ef5fa0ad2d4f978c,江西宜春市赣西农副产品批发市场,江西宜春市赣西农副产品批发市场,江西宜春市赣西农副产品批发市场,江西省,,,,,external,,market,,,,agricultural_wholesale_market,农业农村部定点农产品批发市场,农业农村部定点市场,false,false,false,true,false,false,false,false,false,false,false,false,true,false,false,,,,,,false,false,false,,,,,,,,,,,,,,,,,,,,,1,wholesale_market,data/raw/moa_designated_wholesale_markets_2024.pdf,rec_67e164b936e2100b,A,true,按 PDF 两列表格抽取;原文件未提供详细地址和坐标。
cand_efe9513114b56ee6,乐业县粮食购销管理中心,乐业县粮食购销管理中心,乐业县粮食购销管理中心,广西壮族自治区,百色市,乐业县,,,reserve,,organization,,,,grain_reserve,储备商品管理公司及其直属库,广西储备商品管理公司及其直属库名单(桂财税〔2024〕8号),true,false,false,false,false,false,false,false,false,false,false,false,false,false,false,,,,,,false,true,false,,,,,,,,,,,,,,,,,,,,,1,grain_reserve,data/raw/guangxi_reserve_companies_2024.html,rec_737862b11f61bb71,A,true,名单证明储备体系资格，但企业主体或管理机构名称不等同于具体物理粮库。 使用 lxml 从 HTML 正文容器按“行政区标题 + 序号 + 单位名称”结构抽取;原正文段落序号 259。
cand_f00f97c1b4903977,博白县龙潭粮食管理所,博白县龙潭粮食管理所,博白县龙潭粮食管理所,广西壮族自治区,玉林市,,,,reserve,,unknown,,,,grain_reserve,储备商品管理公司及其直属库,广西储备商品管理公司及其直属库名单(桂财税〔2024〕8号),true,false,false,false,false,false,false,false,false,false,false,false,false,false,false,,,,,,false,true,false,,,,,,,,,,,,,,,,,,,,,1,grain_reserve,data/raw/guangxi_reserve_companies_2024.html,rec_e26700129fd43ccb,A,true,名单证明储备体系资格，但企业主体或管理机构名称不等同于具体物理粮库。 使用 lxml 从 HTML 正文容器按“行政区标题 + 序号 + 单位名称”结构抽取;原正文段落序号 324。
cand_f0c9b58f6074f413,河北唐山金玉农产品综合批发市场,河北唐山金玉农产品综合批发市场,河北唐山金玉农产品综合批发市场,河北省,,,,,external,,market,,,,agricultural_wholesale_market,农业农村部定点农产品批发市场,农业农村部定点市场,false,false,false,true,false,false,false,false,false,false,false,false,true,false,false,,,,,,false,false,false,,,,,,,,,,,,,,,,,,,,,1,wholesale_market,data/raw/moa_designated_wholesale_markets_2024.pdf,rec_06c575cbeeb5252f,A,true,按 PDF 两列表格抽取;原文件未提供详细地址和坐标。
cand_f0dc35e0420b1bea,四川阆中市圣果农产品综合贸易有限公司(四川阆中市圣果农产品批发市场),四川阆中市圣果农产品综合贸易有限公司(四川阆中市圣果农产品批发市场),四川阆中市圣果农产品综合贸易有限公司(四川阆中市圣果农产品批发市场),四川省,,,,,external,,market,,,,agricultural_wholesale_market,农业农村部定点农产品批发市场,农业农村部定点市场,false,false,false,true,false,false,true,false,false,false,false,false,true,false,false,,,,,,false,false,false,,,,,,,,,,,,,,,,,,,,,1,wholesale_market,data/raw/moa_designated_wholesale_markets_2024.pdf,rec_888206964a24aefe,A,true,按 PDF 两列表格抽取;原文件未提供详细地址和坐标。
cand_f0f7e1b0d254c204,北流市军粮供应站,北流市军粮供应站,北流市军粮供应站,广西壮族自治区,玉林市,,,,reserve,,unknown,,,,military_grain_supply,储备商品管理公司及其直属库,广西储备商品管理公司及其直属库名单(桂财税〔2024〕8号),true,false,false,false,false,false,false,false,false,false,false,false,false,false,false,,,,,,false,true,false,,,,,,,,,,,,,,,,,,,,,1,grain_reserve,data/raw/guangxi_reserve_companies_2024.html,rec_bcf77c690fe8cbc0,A,true,使用 lxml 从 HTML 正文容器按“行政区标题 + 序号 + 单位名称”结构抽取;原正文段落序号 335。
cand_f137965a0335afc5,八步区粮油管理中心,八步区粮油管理中心,八步区粮油管理中心,广西壮族自治区,贺州市,,,,reserve,,organization,,,,other,储备商品管理公司及其直属库,广西储备商品管理公司及其直属库名单(桂财税〔2024〕8号),true,true,false,false,false,false,false,false,false,false,false,false,false,false,false,,,,,,false,true,false,,,,,,,,,,,,,,,,,,,,,1,grain_reserve,data/raw/guangxi_reserve_companies_2024.html,rec_a0f740175c2de8f2,A,true,属于储备商品管理公司及其直属库名单，但名称不足以安全判断为具体粮库或储备管理机构。 使用 lxml 从 HTML 正文容器按“行政区标题 + 序号 + 单位名称”结构抽取;原正文段落序号 359。
cand_f14eb05dae6b2f08,黑龙江和美泰富农业发展股份有限公司,黑龙江和美泰富农业发展股份有限公司,黑龙江和美泰富农业发展股份有限公司,黑龙江省,,,,全国,external,,organization,,,,other,国家级粮食应急保障企业,国家级粮食应急保障企业,true,false,false,false,false,false,false,false,false,false,false,false,false,false,false,,,,,,true,false,false,,,,,,,,,,,,,,,,,,,,,1,grain_emergency,data/raw/national_emergency_grain_enterprises_batch2.pdf,rec_fe0c009235b3ea89,B,true,官方名单未给出储运、加工、配送等具体子类，保守归为 other。 保留国家级粮食应急保障企业身份，不凭名称猜测具体功能分类。 按 PDF 文本层中的编号名单逐条抽取;原文件未提供地址和具体功能子类。
cand_f17557f47fa7e260,山西长治市金鑫瓜果批发市场,山西长治市金鑫瓜果批发市场,山西长治市金鑫瓜果批发市场,山西省,,,,,external,,market,,,,agricultural_wholesale_market,农业农村部定点农产品批发市场,农业农村部定点市场,false,false,false,true,false,false,true,false,false,false,false,false,true,false,false,,,,,,false,false,false,,,,,,,,,,,,,,,,,,,,,1,wholesale_market,data/raw/moa_designated_wholesale_markets_2024.pdf,rec_e8e5f7a776cd30c5,A,true,按 PDF 两列表格抽取;原文件未提供详细地址和坐标。
cand_f176d31c119fb6d6,河南许昌鲜之达农产品物流有限公司(河南中原国际农产品物流港),河南许昌鲜之达农产品物流有限公司(河南中原国际农产品物流港),河南许昌鲜之达农产品物流有限公司(河南中原国际农产品物流港),河南省,,,,,external,,market,,,,agricultural_wholesale_market,农业农村部定点农产品批发市场,农业农村部定点市场,false,false,false,true,false,false,false,false,false,false,false,false,true,false,false,,,,,,false,false,false,,,,,,,,,,,,,,,,,,,,,1,wholesale_market,data/raw/moa_designated_wholesale_markets_2024.pdf,rec_a75fd26ab2890676,A,true,按 PDF 两列表格抽取;原文件未提供详细地址和坐标。
cand_f1867350e7efce14,广西贵港市鸿杨商贸有限公司,广西贵港市鸿杨商贸有限公司,广西贵港市鸿杨商贸有限公司,广西壮族自治区,贵港市,港南区,广西贵港市港南区江南大道556号一楼,贵港市,reserve,91450803MA5N45R12T,organization,,,,government_procurement_supplier,奶制品及饮品,政府采购入围/中标供应商,false,false,true,true,false,false,false,false,true,false,false,false,false,false,false,,,,,,false,false,true,,,,,,,,,,,,,,,,,,,,,1,government_procurement,data/raw/guigang_food_suppliers_310.pdf,rec_05adb8cdf0325e65,C,true,"采购供应商身份不等同于实体仓储节点。 采购资料中的地址按企业登记/联系地址处理，不自动等同于仓库或配送节点地址。 按 PDF 表格行批量抽取;地址视为供应商登记/联系地址,不自动认定为仓储节点。 采购供应商地址不自动视为仓库地址；仅在原文出现仓库、粮库、配送中心、冷库、厂房等明确词时标记相应能力。"
cand_f1b47db4b3b88152,鑫达联华(广西)商业有限公司,鑫达联华(广西)商业有限公司,鑫达联华(广西)商业有限公司,广西壮族自治区,贵港市,,广西壮族自治区贵港市城东片区港区大道与进港公路交汇处东南侧(广西盐业集团有限公司贵港分公司1号、4号仓库),贵港市,reserve,91450802MA5MW98146,organization,,,,government_procurement_supplier,畜肉类;禽肉类;鱼及水产;鲜湿米粉、面食、糕点等早餐类、豆制品类;冷冻品类;蛋品类;大米类;食用油类;副食品;调味品类;奶制品及饮品,政府采购入围/中标供应商,true,true,true,true,true,false,false,true,true,false,true,false,false,false,false,,,,,,false,false,true,,,,,,,,,,,,,,,,,,,,,11,government_procurement,data/raw/guigang_food_suppliers_310.pdf,rec_47f6465e1ca520ce;rec_8808c2925ef690d8;rec_d3628325daccf529;rec_723335d9dc21c22d;rec_5431c9882f2c2d8e;rec_5497879d46c5638a;rec_0d5998f18677cd65;rec_cdbaab77e3c05726;rec_3e4c6d6130e0bd61;rec_2db1d725c6137485;rec_761916ee2f12dbcf,B,true,"采购供应商身份不等同于实体仓储节点。 采购资料中的地址按企业登记/联系地址处理，不自动等同于仓库或配送节点地址。 按 PDF 表格行批量抽取;地址视为供应商登记/联系地址,不自动认定为仓储节点。 采购供应商地址不自动视为仓库地址；仅在原文出现仓库、粮库、配送中心、冷库、厂房等明确词时标记相应能力。"
cand_f1c128a47510cac2,福建福州市农垦集团五里亭茶叶批发市场,福建福州市农垦集团五里亭茶叶批发市场,福建福州市农垦集团五里亭茶叶批发市场,福建省,,,,,external,,market,,,,agricultural_wholesale_market,农业农村部定点农产品批发市场,农业农村部定点市场,false,false,false,true,false,false,false,false,false,false,false,false,true,false,false,,,,,,false,false,false,,,,,,,,,,,,,,,,,,,,,1,wholesale_market,data/raw/moa_designated_wholesale_markets_2024.pdf,rec_0be4d3e5764053d7,A,true,按 PDF 两列表格抽取;原文件未提供详细地址和坐标。
cand_f1e911921346486c,贵州双龙现代农副产品交易中心,贵州双龙现代农副产品交易中心,贵州双龙现代农副产品交易中心,贵州省,,,,,external,,market,,,,agricultural_wholesale_market,农业农村部定点农产品批发市场,农业农村部定点市场,false,false,false,true,false,false,false,false,false,false,false,false,true,false,false,,,,,,false,false,false,,,,,,,,,,,,,,,,,,,,,1,wholesale_market,data/raw/moa_designated_wholesale_markets_2024.pdf,rec_d91d7a4c26d92db9,A,true,按 PDF 两列表格抽取;原文件未提供详细地址和坐标。
cand_f201b5d9b016c6c4,山东济南七里堡综合批发市场,山东济南七里堡综合批发市场,山东济南七里堡综合批发市场,山东省,,,,,external,,market,,,,agricultural_wholesale_market,农业农村部定点农产品批发市场,农业农村部定点市场,false,false,false,true,false,false,false,false,false,false,false,false,true,false,false,,,,,,false,false,false,,,,,,,,,,,,,,,,,,,,,1,wholesale_market,data/raw/moa_designated_wholesale_markets_2024.pdf,rec_3275817a83a9bc0e,A,true,按 PDF 两列表格抽取;原文件未提供详细地址和坐标。
cand_f22504dbbff98fa5,天津海吉星国际农产品物流园(天津静海海吉星农产品批发市场),天津海吉星国际农产品物流园(天津静海海吉星农产品批发市场),天津海吉星国际农产品物流园(天津静海海吉星农产品批发市场),天津市,天津市,,,,external,,market,,,,agricultural_wholesale_market,农业农村部定点农产品批发市场,农业农村部定点市场,false,false,false,true,false,false,false,false,false,false,false,false,true,false,false,,,,,,false,false,false,,,,,,,,,,,,,,,,,,,,,1,wholesale_market,data/raw/moa_designated_wholesale_markets_2024.pdf,rec_04cdf8d69674a680,A,true,按 PDF 两列表格抽取;原文件未提供详细地址和坐标。
cand_f2e99c7f652eedd2,广西桂源农产品有限公司,广西桂源农产品有限公司,广西桂源农产品有限公司,广西壮族自治区,贵港市,港北区,港北区新华路1298号(迎宾华府)小区15幢-1层104号,贵港市,reserve,91450800MA5PELWY41,organization,,,,government_procurement_supplier,调味品类,政府采购入围/中标供应商,false,false,true,false,false,false,false,false,false,false,false,false,false,false,false,,,,,,false,false,true,,,,,,,,,,,,,,,,,,,,,1,government_procurement,data/raw/guigang_food_suppliers_310.pdf,rec_670c4d9ae0ca988b,C,true,"采购供应商身份不等同于实体仓储节点。 采购资料中的地址按企业登记/联系地址处理，不自动等同于仓库或配送节点地址。 按 PDF 表格行批量抽取;地址视为供应商登记/联系地址,不自动认定为仓储节点。 采购供应商地址不自动视为仓库地址；仅在原文出现仓库、粮库、配送中心、冷库、厂房等明确词时标记相应能力。"
cand_f2f6f1c6284cd2f4,广西春江供应链有限公司,广西春江供应链有限公司,广西春江供应链有限公司,广西壮族自治区,南宁市,,南宁东部产业新城六景工业园区景春路6号1号楼208室,贵港市,primary,91450100MA5QD3BK2T,organization,,,,government_procurement_supplier,禽肉类,政府采购入围/中标供应商,false,false,false,true,true,false,false,false,false,false,false,false,false,false,false,,,,,,false,false,true,,,,,,,,,,,,,,,,,,,,,1,government_procurement,data/raw/guigang_food_suppliers_310.pdf,rec_f5b37d50e432923c,C,true,"采购供应商身份不等同于实体仓储节点。 采购资料中的地址按企业登记/联系地址处理，不自动等同于仓库或配送节点地址。 按 PDF 表格行批量抽取;地址视为供应商登记/联系地址,不自动认定为仓储节点。 采购供应商地址不自动视为仓库地址；仅在原文出现仓库、粮库、配送中心、冷库、厂房等明确词时标记相应能力。"
cand_f2fb84b315a96daa,河南郑州万邦调味品有限公司(河南郑州万邦粮油调味品干果市场),河南郑州万邦调味品有限公司(河南郑州万邦粮油调味品干果市场),河南郑州万邦调味品有限公司(河南郑州万邦粮油调味品干果市场),河南省,,,,,external,,market,,,,agricultural_wholesale_market,农业农村部定点农产品批发市场,农业农村部定点市场,true,true,true,true,false,false,true,false,false,false,false,false,true,false,false,,,,,,false,false,false,,,,,,,,,,,,,,,,,,,,,1,wholesale_market,data/raw/moa_designated_wholesale_markets_2024.pdf,rec_1aeaa6fb54f00b19,A,true,按 PDF 两列表格抽取;原文件未提供详细地址和坐标。
cand_f30930ee9e25c1e1,广西粮运物流集团有限公司,广西粮运物流集团有限公司,广西粮运物流集团有限公司,广西壮族自治区,,,,全国,reserve,,organization,,,,emergency_storage_transport,国家级粮食应急保障企业,国家级粮食应急保障企业,true,false,false,false,false,false,false,false,false,false,false,false,true,false,false,,,,,,true,false,false,,,,,,,,,,,,,,,,,,,,,2,grain_emergency,data/raw/national_emergency_grain_enterprises_2025_reassessment.wps;data/raw/national_emergency_grain_enterprises_batch2.pdf,rec_b9d5b04a357b71ec;rec_dcde937eabd1dbaf,B,true,"可确认位于广西，但当前证据不足以安全确定地级市。 原文件扩展名为 .wps,文件签名为 WPS/OLE 复合文档;只读转换为临时标准 DOCX 后抽取。来源年份由文件名推断。 按 PDF 文本层中的编号名单逐条抽取;原文件未提供地址和具体功能子类。"
cand_f3355048a31be7b4,江苏阿波罗花木市场发展有限公司,江苏阿波罗花木市场发展有限公司,江苏阿波罗花木市场发展有限公司,江苏省,,,,,external,,market,,,,agricultural_wholesale_market,农业农村部定点农产品批发市场,农业农村部定点市场,false,false,false,true,false,false,false,false,false,false,false,false,true,false,false,,,,,,false,false,false,,,,,,,,,,,,,,,,,,,,,1,wholesale_market,data/raw/moa_designated_wholesale_markets_2024.pdf,rec_fc6412adb390f40a,A,true,按 PDF 两列表格抽取;原文件未提供详细地址和坐标。
cand_f358d897dfb9d32c,甘肃平凉新阳光陇东农副产品批发交易市场,甘肃平凉新阳光陇东农副产品批发交易市场,甘肃平凉新阳光陇东农副产品批发交易市场,甘肃省,,,,,external,,market,,,,agricultural_wholesale_market,农业农村部定点农产品批发市场,农业农村部定点市场,false,false,false,true,false,false,false,false,false,false,false,false,true,false,false,,,,,,false,false,false,,,,,,,,,,,,,,,,,,,,,1,wholesale_market,data/raw/moa_designated_wholesale_markets_2024.pdf,rec_a40e8256838878c6,A,true,按 PDF 两列表格抽取;原文件未提供详细地址和坐标。
cand_f35c7a3fe81ae2d4,灵山县丰塘粮食管理所,灵山县丰塘粮食管理所,灵山县丰塘粮食管理所,广西壮族自治区,钦州市,灵山县,,,reserve,,unknown,,,,grain_reserve,储备商品管理公司及其直属库,广西储备商品管理公司及其直属库名单(桂财税〔2024〕8号),true,false,false,false,false,false,false,false,false,false,false,false,false,false,false,,,,,,false,true,false,,,,,,,,,,,,,,,,,,,,,1,grain_reserve,data/raw/guangxi_reserve_companies_2024.html,rec_3598c6b2a690f8ea,A,true,名单证明储备体系资格，但企业主体或管理机构名称不等同于具体物理粮库。 使用 lxml 从 HTML 正文容器按“行政区标题 + 序号 + 单位名称”结构抽取;原正文段落序号 192。
cand_f38076fd35473567,甘肃酒泉春光农产品市场有限责任公司,甘肃酒泉春光农产品市场有限责任公司,甘肃酒泉春光农产品市场有限责任公司,甘肃省,,,,,external,,market,,,,agricultural_wholesale_market,农业农村部定点农产品批发市场,农业农村部定点市场,false,false,false,true,false,false,false,false,false,false,false,false,true,false,false,,,,,,false,false,false,,,,,,,,,,,,,,,,,,,,,1,wholesale_market,data/raw/moa_designated_wholesale_markets_2024.pdf,rec_199b54dd2b2b37a9,A,true,按 PDF 两列表格抽取;原文件未提供详细地址和坐标。
cand_f3ba955226237739,山东沾化区王尔庄海蜇批发市场,山东沾化区王尔庄海蜇批发市场,山东沾化区王尔庄海蜇批发市场,山东省,,,,,external,,market,,,,agricultural_wholesale_market,农业农村部定点农产品批发市场,农业农村部定点市场,false,false,false,true,false,false,false,false,false,false,false,false,true,false,false,,,,,,false,false,false,,,,,,,,,,,,,,,,,,,,,1,wholesale_market,data/raw/moa_designated_wholesale_markets_2024.pdf,rec_d3ce233ccbbd1556,A,true,按 PDF 两列表格抽取;原文件未提供详细地址和坐标。
cand_f40a98645a8b9143,山东烟台顺泰植保张格庄大樱桃市场,山东烟台顺泰植保张格庄大樱桃市场,山东烟台顺泰植保张格庄大樱桃市场,山东省,,,,,external,,market,,,,agricultural_wholesale_market,农业农村部定点农产品批发市场,农业农村部定点市场,false,false,false,true,false,false,false,false,false,false,false,false,true,false,false,,,,,,false,false,false,,,,,,,,,,,,,,,,,,,,,1,wholesale_market,data/raw/moa_designated_wholesale_markets_2024.pdf,rec_8986a2d51b1cc5a6,A,true,按 PDF 两列表格抽取;原文件未提供详细地址和坐标。
cand_f40f97cd8b5011b3,湖北咸宁市宏大农贸有限责任公司(湖北咸宁市宏大农产品批发市场),湖北咸宁市宏大农贸有限责任公司(湖北咸宁市宏大农产品批发市场),湖北咸宁市宏大农贸有限责任公司(湖北咸宁市宏大农产品批发市场),湖北省,,,,,external,,market,,,,agricultural_wholesale_market,农业农村部定点农产品批发市场,农业农村部定点市场,false,false,false,true,false,false,false,false,false,false,false,false,true,false,false,,,,,,false,false,false,,,,,,,,,,,,,,,,,,,,,1,wholesale_market,data/raw/moa_designated_wholesale_markets_2024.pdf,rec_e908074d4b051a0d,A,true,按 PDF 两列表格抽取;原文件未提供详细地址和坐标。
cand_f41b928b0661b014,广西鲜牧食品贸易有限公司,广西鲜牧食品贸易有限公司,广西鲜牧食品贸易有限公司,广西壮族自治区,贵港市,,贵城街道同济大道与江北东路交汇处东北角(原贵港市西江食品饮料厂)(C区C1-C10号铺),贵港市,reserve,91450800MA5PCJFM1N,organization,,,,government_procurement_supplier,畜肉类;禽肉类;生鲜时蔬、水果类;冷冻品类;蛋品类;大米类;食用油类;副食品;调味品类;奶制品及饮品,政府采购入围/中标供应商,true,true,true,true,true,true,true,false,true,false,false,false,false,false,false,,,,,,false,false,true,,,,,,,,,,,,,,,,,,,,,10,government_procurement,data/raw/guigang_food_suppliers_310.pdf,rec_e17a89edb321d565;rec_5d3ea3e94e4dc773;rec_6102b4acf3bd451e;rec_e86fe755ba891dbf;rec_2db7619545b8cc94;rec_0d037a79ca875af6;rec_9e4cfb9b6d0603c8;rec_f34394c34ac76d00;rec_0f9c62e63883fccd;rec_b9135156882decdc,C,true,"采购供应商身份不等同于实体仓储节点。 采购资料中的地址按企业登记/联系地址处理，不自动等同于仓库或配送节点地址。 按 PDF 表格行批量抽取;地址视为供应商登记/联系地址,不自动认定为仓储节点。 采购供应商地址不自动视为仓库地址；仅在原文出现仓库、粮库、配送中心、冷库、厂房等明确词时标记相应能力。"
cand_f4264be26adf1757,巴马瑶族自治县储备粮管理中心,巴马瑶族自治县储备粮管理中心,巴马瑶族自治县储备粮管理中心,广西壮族自治区,河池市,巴马瑶族自治县,,,reserve,,organization,,,,grain_reserve,储备商品管理公司及其直属库,广西储备商品管理公司及其直属库名单(桂财税〔2024〕8号),true,false,false,false,false,false,false,false,false,false,false,false,false,false,false,,,,,,false,true,false,,,,,,,,,,,,,,,,,,,,,1,grain_reserve,data/raw/guangxi_reserve_companies_2024.html,rec_99567ebf534633d2,A,true,名单证明储备体系资格，但企业主体或管理机构名称不等同于具体物理粮库。 使用 lxml 从 HTML 正文容器按“行政区标题 + 序号 + 单位名称”结构抽取;原正文段落序号 284。
cand_f43c83473780f46c,广西福满家饼业有限公司,广西福满家饼业有限公司,广西福满家饼业有限公司,广西壮族自治区,贵港市,桂平市,广西桂平市寻旺乡河南村2队,贵港市,reserve,914508813308153845,organization,,,,government_procurement_supplier,鲜湿米粉、面食、糕点等早餐类、豆制品类;奶制品及饮品,政府采购入围/中标供应商,true,false,true,true,false,false,false,false,true,false,false,false,false,false,false,,,,,,false,false,true,,,,,,,,,,,,,,,,,,,,,2,government_procurement,data/raw/guigang_food_suppliers_310.pdf,rec_020613cf6e8db27c;rec_83ad63ed9c0081a5,C,true,"采购供应商身份不等同于实体仓储节点。 采购资料中的地址按企业登记/联系地址处理，不自动等同于仓库或配送节点地址。 按 PDF 表格行批量抽取;地址视为供应商登记/联系地址,不自动认定为仓储节点。 采购供应商地址不自动视为仓库地址；仅在原文出现仓库、粮库、配送中心、冷库、厂房等明确词时标记相应能力。"
cand_f443e055f99aa540,凤山县粮油购销管理中心,凤山县粮油购销管理中心,凤山县粮油购销管理中心,广西壮族自治区,河池市,凤山县,,,reserve,,organization,,,,grain_reserve,储备商品管理公司及其直属库,广西储备商品管理公司及其直属库名单(桂财税〔2024〕8号),true,true,false,false,false,false,false,false,false,false,false,false,false,false,false,,,,,,false,true,false,,,,,,,,,,,,,,,,,,,,,1,grain_reserve,data/raw/guangxi_reserve_companies_2024.html,rec_215c75a35b935f6f,A,true,名单证明储备体系资格，但企业主体或管理机构名称不等同于具体物理粮库。 使用 lxml 从 HTML 正文容器按“行政区标题 + 序号 + 单位名称”结构抽取;原正文段落序号 280。
cand_f4571326ab6f8fba,河北滦南县姚王庄青河沿果菜批发市场,河北滦南县姚王庄青河沿果菜批发市场,河北滦南县姚王庄青河沿果菜批发市场,河北省,,,,,external,,market,,,,agricultural_wholesale_market,农业农村部定点农产品批发市场,农业农村部定点市场,false,false,false,true,false,true,true,false,false,false,false,false,true,false,false,,,,,,false,false,false,,,,,,,,,,,,,,,,,,,,,1,wholesale_market,data/raw/moa_designated_wholesale_markets_2024.pdf,rec_144309efb87c6c19,A,true,按 PDF 两列表格抽取;原文件未提供详细地址和坐标。
cand_f48b0e67f0f56b9e,钦州市钦北区大寺中心粮所,钦州市钦北区大寺中心粮所,钦州市钦北区大寺中心粮所,广西壮族自治区,钦州市,,,,reserve,,unknown,,,,grain_reserve,储备商品管理公司及其直属库,广西储备商品管理公司及其直属库名单(桂财税〔2024〕8号),true,false,false,false,false,false,false,false,false,false,false,false,false,false,false,,,,,,false,true,false,,,,,,,,,,,,,,,,,,,,,1,grain_reserve,data/raw/guangxi_reserve_companies_2024.html,rec_05606ee2ed9d8fd3,A,true,名单证明储备体系资格，但企业主体或管理机构名称不等同于具体物理粮库。 使用 lxml 从 HTML 正文容器按“行政区标题 + 序号 + 单位名称”结构抽取;原正文段落序号 185。
cand_f4a9e8d46ccb2523,云南龙城蔬菜批发市场,云南龙城蔬菜批发市场,云南龙城蔬菜批发市场,云南省,,,,,external,,market,,,,agricultural_wholesale_market,农业农村部定点农产品批发市场,农业农村部定点市场,false,false,false,true,false,true,false,false,false,false,false,false,true,false,false,,,,,,false,false,false,,,,,,,,,,,,,,,,,,,,,1,wholesale_market,data/raw/moa_designated_wholesale_markets_2024.pdf,rec_3b391d0575069322,A,true,按 PDF 两列表格抽取;原文件未提供详细地址和坐标。
cand_f4cdea05f16122b7,广西灵山大型农产品综合交易市场,广西灵山大型农产品综合交易市场,广西灵山大型农产品综合交易市场,广西壮族自治区,,,,,reserve,,market,,,,agricultural_wholesale_market,农业农村部定点农产品批发市场,农业农村部定点市场,false,false,false,true,false,false,false,false,false,false,false,false,true,false,false,,,,,,false,false,false,,,,,,,,,,,,,,,,,,,,,1,wholesale_market,data/raw/moa_designated_wholesale_markets_2024.pdf,rec_52793f388841d241,A,true,可确认位于广西，但当前证据不足以安全确定地级市。 按 PDF 两列表格抽取;原文件未提供详细地址和坐标。
cand_f4eac8f081c98268,广东中山市小榄镇三鸟综合交易中心有限公司,广东中山市小榄镇三鸟综合交易中心有限公司,广东中山市小榄镇三鸟综合交易中心有限公司,广东省,,,,,external,,market,,,,agricultural_wholesale_market,农业农村部定点农产品批发市场,农业农村部定点市场,false,false,false,true,false,false,false,false,false,false,false,false,true,false,false,,,,,,false,false,false,,,,,,,,,,,,,,,,,,,,,1,wholesale_market,data/raw/moa_designated_wholesale_markets_2024.pdf,rec_15be8ef7cae8ebc4,A,true,按 PDF 两列表格抽取;原文件未提供详细地址和坐标。
cand_f4eddf7a093fcc79,内蒙古满洲里市德丰贸易有限责任公司(内蒙古满洲里市口岸农副产品批发市场),内蒙古满洲里市德丰贸易有限责任公司(内蒙古满洲里市口岸农副产品批发市场),内蒙古满洲里市德丰贸易有限责任公司(内蒙古满洲里市口岸农副产品批发市场),内蒙古自治区,,,,,external,,market,,,,agricultural_wholesale_market,农业农村部定点农产品批发市场,农业农村部定点市场,false,false,false,true,false,false,false,false,false,false,false,false,true,false,false,,,,,,false,false,false,,,,,,,,,,,,,,,,,,,,,1,wholesale_market,data/raw/moa_designated_wholesale_markets_2024.pdf,rec_812c0217402072d4,A,true,按 PDF 两列表格抽取;原文件未提供详细地址和坐标。
cand_f5092437b64aa494,广西玉林中药材专业市场,广西玉林中药材专业市场,广西玉林中药材专业市场,广西壮族自治区,玉林市,,,,reserve,,market,,,,agricultural_wholesale_market,农业农村部定点农产品批发市场,农业农村部定点市场,false,false,false,true,false,false,false,false,false,false,false,false,true,false,false,,,,,,false,false,false,,,,,,,,,,,,,,,,,,,,,1,wholesale_market,data/raw/moa_designated_wholesale_markets_2024.pdf,rec_0dba368808bddc11,A,true,按 PDF 两列表格抽取;原文件未提供详细地址和坐标。
cand_f53056adc9a0dbc2,莆田市利源米业有限公司,莆田市利源米业有限公司,莆田市利源米业有限公司,,,,,全国,external,,organization,,,,emergency_processing,国家级粮食应急保障企业,国家级粮食应急保障企业,true,false,false,false,false,false,false,false,false,false,false,false,false,false,false,,,,,,true,false,false,,,,,,,,,,,,,,,,,,,,,2,grain_emergency,data/raw/national_emergency_grain_enterprises_2025_reassessment.wps;data/raw/national_emergency_grain_enterprises_batch2.pdf,rec_3dad2b8f7f0d3ad7;rec_89a1e8ef82c75b44,B,true,"当前原始记录未提供可安全解析的省级所在地。 原文件扩展名为 .wps,文件签名为 WPS/OLE 复合文档;只读转换为临时标准 DOCX 后抽取。来源年份由文件名推断。 按 PDF 文本层中的编号名单逐条抽取;原文件未提供地址和具体功能子类。"
cand_f54ed0b90b0134c6,广西柳州黄村粮食储备库有限公司,广西柳州黄村粮食储备库有限公司,广西柳州黄村粮食储备库有限公司,广西壮族自治区,柳州市,,,,secondary,,physical_site,,,,grain_depot,储备商品管理公司及其直属库,广西储备商品管理公司及其直属库名单(桂财税〔2024〕8号),true,false,false,false,false,false,false,false,false,false,true,false,false,false,false,,,,,,false,true,false,,,,,,,,,,,,,,,,,,,,,1,grain_reserve,data/raw/guangxi_reserve_companies_2024.html,rec_9d12604c955679e0,A,true,使用 lxml 从 HTML 正文容器按“行政区标题 + 序号 + 单位名称”结构抽取;原正文段落序号 90。
cand_f566646b03b043cc,北海市万顺昌商贸有限公司,北海市万顺昌商贸有限公司,北海市万顺昌商贸有限公司,广西壮族自治区,北海市,,北海市北部湾西路29号嘉泰文华苑9幢104号商铺,北海市,reserve,914505006648316752,organization,,,,government_procurement_supplier,米面油干货类;果蔬类,政府采购入围/中标供应商,true,true,true,true,false,true,true,false,false,false,false,false,false,false,false,,,,,,false,false,true,,,,,,,,,,,,,,,,,,,,,2,government_procurement,data/raw/beihai_food_suppliers.pdf,rec_6b03d36b01993931;rec_fb6ecea10686a3d4,C,true,"采购供应商身份不等同于实体仓储节点。 采购资料中的地址按企业登记/联系地址处理，不自动等同于仓库或配送节点地址。 按 PDF 表格行批量抽取;地址视为供应商登记/联系地址,不自动认定为仓储节点。 采购供应商地址不自动视为仓库地址；仅在原文出现仓库、粮库、配送中心、冷库、厂房等明确词时标记相应能力。"
cand_f5b7265035951caa,广东广州市荔塱农副产品综合批发市场,广东广州市荔塱农副产品综合批发市场,广东广州市荔塱农副产品综合批发市场,广东省,,,,,external,,market,,,,agricultural_wholesale_market,农业农村部定点农产品批发市场,农业农村部定点市场,false,false,false,true,false,false,false,false,false,false,false,false,true,false,false,,,,,,false,false,false,,,,,,,,,,,,,,,,,,,,,1,wholesale_market,data/raw/moa_designated_wholesale_markets_2024.pdf,rec_9efe46ca667edad7,A,true,按 PDF 两列表格抽取;原文件未提供详细地址和坐标。
cand_f5d5e28d8b043c34,甘肃定西马铃薯综合交易中心,甘肃定西马铃薯综合交易中心,甘肃定西马铃薯综合交易中心,甘肃省,,,,,external,,market,,,,agricultural_wholesale_market,农业农村部定点农产品批发市场,农业农村部定点市场,false,false,false,true,false,false,false,false,false,false,false,false,true,false,false,,,,,,false,false,false,,,,,,,,,,,,,,,,,,,,,1,wholesale_market,data/raw/moa_designated_wholesale_markets_2024.pdf,rec_ae29fc958f15264d,A,true,按 PDF 两列表格抽取;原文件未提供详细地址和坐标。
cand_f624c62c8adb6e12,贵港市覃塘区正业大超市有限公司,贵港市覃塘区正业大超市有限公司,贵港市覃塘区正业大超市有限公司,广西壮族自治区,贵港市,覃塘区,石卡街113号,贵港市,reserve,91450804MADP0KXB87,outlet,,,,government_procurement_supplier,畜肉类;禽肉类;生鲜时蔬、水果类;大米类;食用油类;调味品类,政府采购入围/中标供应商,true,true,true,true,true,true,true,false,false,false,false,false,false,true,false,,,,,,false,false,true,,,,,,,,,,,,,,,,,,,,,6,government_procurement,data/raw/guigang_food_suppliers_310.pdf,rec_beda07fa42b631f9;rec_f55abbeebff6842d;rec_e0cdea239277e8cd;rec_759d603e9627e505;rec_4ca07bdec96d0b70;rec_480f4c17b0b11d62,C,true,"采购供应商身份不等同于实体仓储节点。 采购资料中的地址按企业登记/联系地址处理，不自动等同于仓库或配送节点地址。 按 PDF 表格行批量抽取;地址视为供应商登记/联系地址,不自动认定为仓储节点。 采购供应商地址不自动视为仓库地址；仅在原文出现仓库、粮库、配送中心、冷库、厂房等明确词时标记相应能力。"
cand_f6298398a16a3df2,福建福州民天实业有限公司海峡蔬菜批发市场,福建福州民天实业有限公司海峡蔬菜批发市场,福建福州民天实业有限公司海峡蔬菜批发市场,福建省,,,,,external,,market,,,,agricultural_wholesale_market,农业农村部定点农产品批发市场,农业农村部定点市场,false,false,false,true,false,true,false,false,false,false,false,false,true,false,false,,,,,,false,false,false,,,,,,,,,,,,,,,,,,,,,1,wholesale_market,data/raw/moa_designated_wholesale_markets_2024.pdf,rec_3fb3fa1aac2231c7,A,true,按 PDF 两列表格抽取;原文件未提供详细地址和坐标。
cand_f63c03f4384c8ac0,广西心鑫商贸有限公司,广西心鑫商贸有限公司,广西心鑫商贸有限公司,广西壮族自治区,桂林市,象山区,桂林市象山区瓦窑西路38号金山商城二期工程1栋1-7号铺面,贵港市,reserve,91450300MA5KBL1P2Y,organization,,,,government_procurement_supplier,畜肉类;禽肉类,政府采购入围/中标供应商,false,false,false,true,true,false,false,false,false,false,false,false,false,false,false,,,,,,false,false,true,,,,,,,,,,,,,,,,,,,,,2,government_procurement,data/raw/guigang_food_suppliers_310.pdf,rec_19689678ce24bcb9;rec_ccfe666dc8a89f44,C,true,"采购供应商身份不等同于实体仓储节点。 采购资料中的地址按企业登记/联系地址处理，不自动等同于仓库或配送节点地址。 按 PDF 表格行批量抽取;地址视为供应商登记/联系地址,不自动认定为仓储节点。 采购供应商地址不自动视为仓库地址；仅在原文出现仓库、粮库、配送中心、冷库、厂房等明确词时标记相应能力。"
cand_f6970550d03d1113,苍梧县储备粮管理公司,苍梧县储备粮管理公司,苍梧县储备粮管理公司,广西壮族自治区,梧州市,,,,reserve,,organization,,,,grain_reserve,储备商品管理公司及其直属库,广西储备商品管理公司及其直属库名单(桂财税〔2024〕8号),true,false,false,false,false,false,false,false,false,false,false,false,false,false,false,,,,,,false,true,false,,,,,,,,,,,,,,,,,,,,,1,grain_reserve,data/raw/guangxi_reserve_companies_2024.html,rec_ac1b4599a4d1ae99,A,true,名单证明储备体系资格，但企业主体或管理机构名称不等同于具体物理粮库。 使用 lxml 从 HTML 正文容器按“行政区标题 + 序号 + 单位名称”结构抽取;原正文段落序号 145。
cand_f6e41bc335457c23,广东翁源县宝源市场开发有限公司,广东翁源县宝源市场开发有限公司,广东翁源县宝源市场开发有限公司,广东省,,,,,external,,market,,,,agricultural_wholesale_market,农业农村部定点农产品批发市场,农业农村部定点市场,false,false,false,true,false,false,false,false,false,false,false,false,true,false,false,,,,,,false,false,false,,,,,,,,,,,,,,,,,,,,,1,wholesale_market,data/raw/moa_designated_wholesale_markets_2024.pdf,rec_4ea8954163ac1808,A,true,按 PDF 两列表格抽取;原文件未提供详细地址和坐标。
cand_f6e596c72c7b6ba3,河南丁河镇食用菌批发市场,河南丁河镇食用菌批发市场,河南丁河镇食用菌批发市场,河南省,,,,,external,,market,,,,agricultural_wholesale_market,农业农村部定点农产品批发市场,农业农村部定点市场,false,false,false,true,false,false,false,false,false,false,false,false,true,false,false,,,,,,false,false,false,,,,,,,,,,,,,,,,,,,,,1,wholesale_market,data/raw/moa_designated_wholesale_markets_2024.pdf,rec_71737766332f300f,A,true,按 PDF 两列表格抽取;原文件未提供详细地址和坐标。
cand_f7b0704fead6582c,山东招远坤发农产品交易市场,山东招远坤发农产品交易市场,山东招远坤发农产品交易市场,山东省,,,,,external,,market,,,,agricultural_wholesale_market,农业农村部定点农产品批发市场,农业农村部定点市场,false,false,false,true,false,false,false,false,false,false,false,false,true,false,false,,,,,,false,false,false,,,,,,,,,,,,,,,,,,,,,1,wholesale_market,data/raw/moa_designated_wholesale_markets_2024.pdf,rec_2a91a23365dd18cb,A,true,按 PDF 两列表格抽取;原文件未提供详细地址和坐标。
cand_f8432f60a0cead0c,来宾市兴宾区粮食收储有限责任公司,来宾市兴宾区粮食收储有限责任公司,来宾市兴宾区粮食收储有限责任公司,广西壮族自治区,来宾市,,,,reserve,,organization,,,,grain_reserve,储备商品管理公司及其直属库,广西储备商品管理公司及其直属库名单(桂财税〔2024〕8号),true,false,false,false,false,false,false,false,false,false,false,false,false,false,false,,,,,,false,true,false,,,,,,,,,,,,,,,,,,,,,1,grain_reserve,data/raw/guangxi_reserve_companies_2024.html,rec_e2b32a8a3599793f,A,true,名单证明储备体系资格，但企业主体或管理机构名称不等同于具体物理粮库。 使用 lxml 从 HTML 正文容器按“行政区标题 + 序号 + 单位名称”结构抽取;原正文段落序号 374。
cand_f844fbe38148b953,桂平市木乐粮食购销有限公司,桂平市木乐粮食购销有限公司,桂平市木乐粮食购销有限公司,广西壮族自治区,贵港市,桂平市,,,reserve,,organization,,,,grain_reserve,储备商品管理公司及其直属库,广西储备商品管理公司及其直属库名单(桂财税〔2024〕8号),true,false,false,false,false,false,false,false,false,false,false,false,false,false,false,,,,,,false,true,false,,,,,,,,,,,,,,,,,,,,,1,grain_reserve,data/raw/guangxi_reserve_companies_2024.html,rec_c762ea2348297f65,A,true,名单证明储备体系资格，但企业主体或管理机构名称不等同于具体物理粮库。 使用 lxml 从 HTML 正文容器按“行政区标题 + 序号 + 单位名称”结构抽取;原正文段落序号 342。
cand_f854ac602ba4c807,成都粮食集团有限公司,成都粮食集团有限公司,成都粮食集团有限公司,,,,,全国,external,,organization,,,,other,国家级粮食应急保障企业,国家级粮食应急保障企业,true,false,false,false,false,false,false,false,false,false,false,false,false,false,false,,,,,,true,false,false,,,,,,,,,,,,,,,,,,,,,2,grain_emergency,data/raw/national_emergency_grain_enterprises_2025_reassessment.wps;data/raw/national_emergency_grain_enterprises_batch2.pdf,rec_91e90dce27c20423;rec_dfefcf65cbff52e1,B,true,"官方名单未给出储运、加工、配送等具体子类，保守归为 other。 当前原始记录未提供可安全解析的省级所在地。 保留国家级粮食应急保障企业身份，不凭名称猜测具体功能分类。 原文件扩展名为 .wps,文件签名为 WPS/OLE 复合文档;只读转换为临时标准 DOCX 后抽取。来源年份由文件名推断。 按 PDF 文本层中的编号名单逐条抽取;原文件未提供地址和具体功能子类。"
cand_f8753ea3d32626f3,广西壮族自治区田东粮食储备库有限公司,广西壮族自治区田东粮食储备库有限公司,广西壮族自治区田东粮食储备库有限公司,广西壮族自治区,百色市,田东县,,,reserve,,physical_site,,,,grain_depot,储备商品管理公司及其直属库,广西储备商品管理公司及其直属库名单(桂财税〔2024〕8号),true,false,false,false,false,false,false,false,false,false,true,false,false,false,false,,,,,,false,true,false,,,,,,,,,,,,,,,,,,,,,1,grain_reserve,data/raw/guangxi_reserve_companies_2024.html,rec_fecb52e7d97aa5b5,A,true,使用 lxml 从 HTML 正文容器按“行政区标题 + 序号 + 单位名称”结构抽取;原正文段落序号 27。
cand_f9032aa7e5158868,辽宁北票市庄头营蔬菜批发市场有限公司,辽宁北票市庄头营蔬菜批发市场有限公司,辽宁北票市庄头营蔬菜批发市场有限公司,辽宁省,,,,,external,,market,,,,agricultural_wholesale_market,农业农村部定点农产品批发市场,农业农村部定点市场,false,false,false,true,false,true,false,false,false,false,false,false,true,false,false,,,,,,false,false,false,,,,,,,,,,,,,,,,,,,,,1,wholesale_market,data/raw/moa_designated_wholesale_markets_2024.pdf,rec_b4ae3079cfebc8a1,A,true,按 PDF 两列表格抽取;原文件未提供详细地址和坐标。
cand_f90e64cbe80a00be,桂平市大洋粮食购销有限公司,桂平市大洋粮食购销有限公司,桂平市大洋粮食购销有限公司,广西壮族自治区,贵港市,桂平市,,,reserve,,organization,,,,grain_reserve,储备商品管理公司及其直属库,广西储备商品管理公司及其直属库名单(桂财税〔2024〕8号),true,false,false,false,false,false,false,false,false,false,false,false,false,false,false,,,,,,false,true,false,,,,,,,,,,,,,,,,,,,,,1,grain_reserve,data/raw/guangxi_reserve_companies_2024.html,rec_01b24fd25968f90d,A,true,名单证明储备体系资格，但企业主体或管理机构名称不等同于具体物理粮库。 使用 lxml 从 HTML 正文容器按“行政区标题 + 序号 + 单位名称”结构抽取;原正文段落序号 343。
cand_f9400436ae1d3a01,内蒙古通辽市成峰牲畜交易市场有限公司,内蒙古通辽市成峰牲畜交易市场有限公司,内蒙古通辽市成峰牲畜交易市场有限公司,内蒙古自治区,,,,,external,,market,,,,agricultural_wholesale_market,农业农村部定点农产品批发市场,农业农村部定点市场,false,false,false,true,false,false,false,false,false,false,false,false,true,false,false,,,,,,false,false,false,,,,,,,,,,,,,,,,,,,,,1,wholesale_market,data/raw/moa_designated_wholesale_markets_2024.pdf,rec_07f49c53941f41a3,A,true,按 PDF 两列表格抽取;原文件未提供详细地址和坐标。
cand_f957085a8a1e3c5b,河北唐山市众船农贸市场管理有限公司,河北唐山市众船农贸市场管理有限公司,河北唐山市众船农贸市场管理有限公司,河北省,,,,,external,,market,,,,agricultural_wholesale_market,农业农村部定点农产品批发市场,农业农村部定点市场,false,false,false,true,false,false,false,false,false,false,false,false,true,false,false,,,,,,false,false,false,,,,,,,,,,,,,,,,,,,,,1,wholesale_market,data/raw/moa_designated_wholesale_markets_2024.pdf,rec_8d66dd2bc13e2d2d,A,true,按 PDF 两列表格抽取;原文件未提供详细地址和坐标。
cand_f967ad34aec47b35,广西桂平市福顺供应链管理有限公司,广西桂平市福顺供应链管理有限公司,广西桂平市福顺供应链管理有限公司,广西壮族自治区,贵港市,桂平市,广西壮族自治区贵港市桂平市西山镇岭头村桂平市华源大市场6#-131号,贵港市,reserve,91450881MA5PN06E7L,organization,,,,government_procurement_supplier,鲜湿米粉、面食、糕点等早餐类、豆制品类;大米类,政府采购入围/中标供应商,true,false,true,false,false,false,false,false,false,false,false,false,false,false,false,,,,,,false,false,true,,,,,,,,,,,,,,,,,,,,,2,government_procurement,data/raw/guigang_food_suppliers_310.pdf,rec_2c9eab68df46a8db;rec_22679078fab54d74,C,true,"采购供应商身份不等同于实体仓储节点。 采购资料中的地址按企业登记/联系地址处理，不自动等同于仓库或配送节点地址。 按 PDF 表格行批量抽取;地址视为供应商登记/联系地址,不自动认定为仓储节点。 采购供应商地址不自动视为仓库地址；仅在原文出现仓库、粮库、配送中心、冷库、厂房等明确词时标记相应能力。"
cand_f9baff19e2dc1ec2,湖北随州白沙洲农副产品物流园有限公司,湖北随州白沙洲农副产品物流园有限公司,湖北随州白沙洲农副产品物流园有限公司,湖北省,,,,,external,,market,,,,agricultural_wholesale_market,农业农村部定点农产品批发市场,农业农村部定点市场,false,false,false,true,false,false,false,false,false,false,false,false,true,false,false,,,,,,false,false,false,,,,,,,,,,,,,,,,,,,,,1,wholesale_market,data/raw/moa_designated_wholesale_markets_2024.pdf,rec_f94c2d0e74d696a8,A,true,按 PDF 两列表格抽取;原文件未提供详细地址和坐标。
cand_f9ccb88e00e5e721,北海德正食品配送有限公司,北海德正食品配送有限公司,北海德正食品配送有限公司,广西壮族自治区,北海市,海城区,广西壮族自治区北海市海城区北海大道28号德正农贸市场内配送中心,北海市,reserve,91450500MAA7HCX82D,organization,,,,government_procurement_supplier,米面油干货类;肉及水产类,政府采购入围/中标供应商,true,true,true,true,true,false,false,true,false,false,false,false,true,false,false,,,,,,false,false,true,,,,,,,,,,,,,,,,,,,,,2,government_procurement,data/raw/beihai_food_suppliers.pdf,rec_6aff595adbff8957;rec_8ccf403d9382dfd9,B,true,"采购供应商身份不等同于实体仓储节点。 采购资料中的地址按企业登记/联系地址处理，不自动等同于仓库或配送节点地址。 按 PDF 表格行批量抽取;地址视为供应商登记/联系地址,不自动认定为仓储节点。 采购供应商地址不自动视为仓库地址；仅在原文出现仓库、粮库、配送中心、冷库、厂房等明确词时标记相应能力。"
cand_fa093b15d5be6198,湖南长沙黄兴海吉星国际农产品物流园,湖南长沙黄兴海吉星国际农产品物流园,湖南长沙黄兴海吉星国际农产品物流园,湖南省,,,,,external,,market,,,,agricultural_wholesale_market,农业农村部定点农产品批发市场,农业农村部定点市场,false,false,false,true,false,false,false,false,false,false,false,false,true,false,false,,,,,,false,false,false,,,,,,,,,,,,,,,,,,,,,1,wholesale_market,data/raw/moa_designated_wholesale_markets_2024.pdf,rec_20d09f2c399a391a,A,true,按 PDF 两列表格抽取;原文件未提供详细地址和坐标。
cand_fa6e7e1cc80fcce8,山东滕州市农副产品物流中心,山东滕州市农副产品物流中心,山东滕州市农副产品物流中心,山东省,,,,,external,,market,,,,agricultural_wholesale_market,农业农村部定点农产品批发市场,农业农村部定点市场,false,false,false,true,false,false,false,false,false,false,false,false,true,false,false,,,,,,false,false,false,,,,,,,,,,,,,,,,,,,,,1,wholesale_market,data/raw/moa_designated_wholesale_markets_2024.pdf,rec_1c1a6c39569bdd80,A,true,按 PDF 两列表格抽取;原文件未提供详细地址和坐标。
cand_fa729a49b1ff0897,河北唐山市曹妃甸区远通农贸综合批发市场,河北唐山市曹妃甸区远通农贸综合批发市场,河北唐山市曹妃甸区远通农贸综合批发市场,河北省,,,,,external,,market,,,,agricultural_wholesale_market,农业农村部定点农产品批发市场,农业农村部定点市场,false,false,false,true,false,false,false,false,false,false,false,false,true,false,false,,,,,,false,false,false,,,,,,,,,,,,,,,,,,,,,1,wholesale_market,data/raw/moa_designated_wholesale_markets_2024.pdf,rec_fda7c66fd641711d,A,true,按 PDF 两列表格抽取;原文件未提供详细地址和坐标。
cand_fabfb264f250220d,吉林白城保胜农产品批发市场,吉林白城保胜农产品批发市场,吉林白城保胜农产品批发市场,吉林省,,,,,external,,market,,,,agricultural_wholesale_market,农业农村部定点农产品批发市场,农业农村部定点市场,false,false,false,true,false,false,false,false,false,false,false,false,true,false,false,,,,,,false,false,false,,,,,,,,,,,,,,,,,,,,,1,wholesale_market,data/raw/moa_designated_wholesale_markets_2024.pdf,rec_fd44358ebb8b5b82,A,true,按 PDF 两列表格抽取;原文件未提供详细地址和坐标。
cand_facb30982a8889c3,河南漯河伊诺中原农产品交易市场,河南漯河伊诺中原农产品交易市场,河南漯河伊诺中原农产品交易市场,河南省,,,,,external,,market,,,,agricultural_wholesale_market,农业农村部定点农产品批发市场,农业农村部定点市场,false,false,false,true,false,false,false,false,false,false,false,false,true,false,false,,,,,,false,false,false,,,,,,,,,,,,,,,,,,,,,1,wholesale_market,data/raw/moa_designated_wholesale_markets_2024.pdf,rec_384bfa0b4e4d7b13,A,true,按 PDF 两列表格抽取;原文件未提供详细地址和坐标。
cand_fb01c5ea59d4cc52,兴业县物资储备服务中心,兴业县物资储备服务中心,兴业县物资储备服务中心,广西壮族自治区,玉林市,,,,reserve,,organization,,,,other,储备商品管理公司及其直属库,广西储备商品管理公司及其直属库名单(桂财税〔2024〕8号),true,false,false,false,false,false,false,false,false,false,false,false,false,false,false,,,,,,false,true,false,,,,,,,,,,,,,,,,,,,,,1,grain_reserve,data/raw/guangxi_reserve_companies_2024.html,rec_3aeda9a6e50f27e8,A,true,属于储备商品管理公司及其直属库名单，但名称不足以安全判断为具体粮库或储备管理机构。 使用 lxml 从 HTML 正文容器按“行政区标题 + 序号 + 单位名称”结构抽取;原正文段落序号 311。
cand_fb04caf61c459692,田阳县那满粮所,田阳县那满粮所,田阳县那满粮所,广西壮族自治区,百色市,,,,reserve,,unknown,,,,grain_reserve,储备商品管理公司及其直属库,广西储备商品管理公司及其直属库名单(桂财税〔2024〕8号),true,false,false,false,false,false,false,false,false,false,false,false,false,false,false,,,,,,false,true,false,,,,,,,,,,,,,,,,,,,,,1,grain_reserve,data/raw/guangxi_reserve_companies_2024.html,rec_a66843483f1cb97e,A,true,名单证明储备体系资格，但企业主体或管理机构名称不等同于具体物理粮库。 使用 lxml 从 HTML 正文容器按“行政区标题 + 序号 + 单位名称”结构抽取;原正文段落序号 236。
cand_fb4dcf0be13910c9,新疆昌吉市园丰农副产品交易市场有限责任公司,新疆昌吉市园丰农副产品交易市场有限责任公司,新疆昌吉市园丰农副产品交易市场有限责任公司,新疆维吾尔自治区,,,,,external,,market,,,,agricultural_wholesale_market,农业农村部定点农产品批发市场,农业农村部定点市场,false,false,false,true,false,false,false,false,false,false,false,false,true,false,false,,,,,,false,false,false,,,,,,,,,,,,,,,,,,,,,1,wholesale_market,data/raw/moa_designated_wholesale_markets_2024.pdf,rec_797d61ec37dca95f,A,true,按 PDF 两列表格抽取;原文件未提供详细地址和坐标。
cand_fb8455577508a0d5,陕西宝鸡市恒丰园蔬菜批发市场,陕西宝鸡市恒丰园蔬菜批发市场,陕西宝鸡市恒丰园蔬菜批发市场,陕西省,,,,,external,,market,,,,agricultural_wholesale_market,农业农村部定点农产品批发市场,农业农村部定点市场,false,false,false,true,false,true,false,false,false,false,false,false,true,false,false,,,,,,false,false,false,,,,,,,,,,,,,,,,,,,,,1,wholesale_market,data/raw/moa_designated_wholesale_markets_2024.pdf,rec_9af1cf5147ad189c,A,true,按 PDF 两列表格抽取;原文件未提供详细地址和坐标。
cand_fbbefb068516a283,湖南长沙大河西农产品物流中心,湖南长沙大河西农产品物流中心,湖南长沙大河西农产品物流中心,湖南省,,,,,external,,market,,,,agricultural_wholesale_market,农业农村部定点农产品批发市场,农业农村部定点市场,false,false,false,true,false,false,false,false,false,false,false,false,true,false,false,,,,,,false,false,false,,,,,,,,,,,,,,,,,,,,,1,wholesale_market,data/raw/moa_designated_wholesale_markets_2024.pdf,rec_8bf0fd5e99056634,A,true,按 PDF 两列表格抽取;原文件未提供详细地址和坐标。
cand_fbc710dc2712f2d8,江苏涟水农产品批发市场,江苏涟水农产品批发市场,江苏涟水农产品批发市场,江苏省,,,,,external,,market,,,,agricultural_wholesale_market,农业农村部定点农产品批发市场,农业农村部定点市场,false,false,false,true,false,false,false,false,false,false,false,false,true,false,false,,,,,,false,false,false,,,,,,,,,,,,,,,,,,,,,1,wholesale_market,data/raw/moa_designated_wholesale_markets_2024.pdf,rec_5a5a0854931f780b,A,true,按 PDF 两列表格抽取;原文件未提供详细地址和坐标。
cand_fbcf744a54d15d86,北海市全满康餐饮管理有限责任公司,北海市全满康餐饮管理有限责任公司,北海市全满康餐饮管理有限责任公司,广西壮族自治区,北海市,海城区,广西壮族自治区北海市海城区北部湾东路84-1号全满康大厦138号,北海市,reserve,91450502MA5NMQJRXE,organization,,,,government_procurement_supplier,米面油干货类;果蔬类,政府采购入围/中标供应商,true,true,true,true,false,true,true,false,false,false,false,false,false,false,false,,,,,,false,false,true,,,,,,,,,,,,,,,,,,,,,2,government_procurement,data/raw/beihai_food_suppliers.pdf,rec_c29b087ec3e6e537;rec_a95404182155c3e3,C,true,"采购供应商身份不等同于实体仓储节点。 采购资料中的地址按企业登记/联系地址处理，不自动等同于仓库或配送节点地址。 按 PDF 表格行批量抽取;地址视为供应商登记/联系地址,不自动认定为仓储节点。 采购供应商地址不自动视为仓库地址；仅在原文出现仓库、粮库、配送中心、冷库、厂房等明确词时标记相应能力。"
cand_fc2dde0f1fe240e0,山东烟台市三站果品批发市场有限责任公司,山东烟台市三站果品批发市场有限责任公司,山东烟台市三站果品批发市场有限责任公司,山东省,,,,,external,,market,,,,agricultural_wholesale_market,农业农村部定点农产品批发市场,农业农村部定点市场,false,false,false,true,false,false,true,false,false,false,false,false,true,false,false,,,,,,false,false,false,,,,,,,,,,,,,,,,,,,,,1,wholesale_market,data/raw/moa_designated_wholesale_markets_2024.pdf,rec_73e91dfae318f0da,A,true,按 PDF 两列表格抽取;原文件未提供详细地址和坐标。
cand_fc2f5c8dec7ecde2,钦州市钦南区粮食储备库,钦州市钦南区粮食储备库,钦州市钦南区粮食储备库,广西壮族自治区,钦州市,,,,reserve,,physical_site,,,,grain_depot,储备商品管理公司及其直属库,广西储备商品管理公司及其直属库名单(桂财税〔2024〕8号),true,false,false,false,false,false,false,false,false,false,true,false,false,false,false,,,,,,false,true,false,,,,,,,,,,,,,,,,,,,,,1,grain_reserve,data/raw/guangxi_reserve_companies_2024.html,rec_1a818bb1ae5471f4,A,true,使用 lxml 从 HTML 正文容器按“行政区标题 + 序号 + 单位名称”结构抽取;原正文段落序号 179。
cand_fc564d7f8df098ff,都安瑶族自治县粮食储备库,都安瑶族自治县粮食储备库,都安瑶族自治县粮食储备库,广西壮族自治区,河池市,都安瑶族自治县,,,reserve,,physical_site,,,,grain_depot,储备商品管理公司及其直属库,广西储备商品管理公司及其直属库名单(桂财税〔2024〕8号),true,false,false,false,false,false,false,false,false,false,true,false,false,false,false,,,,,,false,true,false,,,,,,,,,,,,,,,,,,,,,1,grain_reserve,data/raw/guangxi_reserve_companies_2024.html,rec_d7d0010897a808d6,A,true,使用 lxml 从 HTML 正文容器按“行政区标题 + 序号 + 单位名称”结构抽取;原正文段落序号 286。
cand_fc81b40a38dfab6b,梧州市储备粮管理公司,梧州市储备粮管理公司,梧州市储备粮管理公司,广西壮族自治区,梧州市,,,,reserve,,organization,,,,grain_reserve,储备商品管理公司及其直属库,广西储备商品管理公司及其直属库名单(桂财税〔2024〕8号),true,false,false,false,false,false,false,false,false,false,false,false,false,false,false,,,,,,false,true,false,,,,,,,,,,,,,,,,,,,,,1,grain_reserve,data/raw/guangxi_reserve_companies_2024.html,rec_ff8ad76f575b0c39,A,true,名单证明储备体系资格，但企业主体或管理机构名称不等同于具体物理粮库。 使用 lxml 从 HTML 正文容器按“行政区标题 + 序号 + 单位名称”结构抽取;原正文段落序号 161。
cand_fcb187754817d074,山东肥城鲁中桃源农产品有限公司(山东肥城鲁中桃源土豆大白菜批发市场),山东肥城鲁中桃源农产品有限公司(山东肥城鲁中桃源土豆大白菜批发市场),山东肥城鲁中桃源农产品有限公司(山东肥城鲁中桃源土豆大白菜批发市场),山东省,,,,,external,,market,,,,agricultural_wholesale_market,农业农村部定点农产品批发市场,农业农村部定点市场,false,false,false,true,false,true,false,false,false,false,false,false,true,false,false,,,,,,false,false,false,,,,,,,,,,,,,,,,,,,,,1,wholesale_market,data/raw/moa_designated_wholesale_markets_2024.pdf,rec_097caacbbd9499b8,A,true,按 PDF 两列表格抽取;原文件未提供详细地址和坐标。
cand_fcc20149ea4520de,钦州市钦北区粮食局稔子坪粮食储备库,钦州市钦北区粮食局稔子坪粮食储备库,钦州市钦北区粮食局稔子坪粮食储备库,广西壮族自治区,钦州市,,,,reserve,,physical_site,,,,grain_depot,储备商品管理公司及其直属库,广西储备商品管理公司及其直属库名单(桂财税〔2024〕8号),true,false,false,false,false,false,false,false,false,false,true,false,false,false,false,,,,,,false,true,false,,,,,,,,,,,,,,,,,,,,,1,grain_reserve,data/raw/guangxi_reserve_companies_2024.html,rec_65f8e45c90b1c5e5,A,true,使用 lxml 从 HTML 正文容器按“行政区标题 + 序号 + 单位名称”结构抽取;原正文段落序号 187。
cand_fd184a55780a5111,黑龙江农业高新技术产品综合市场,黑龙江农业高新技术产品综合市场,黑龙江农业高新技术产品综合市场,黑龙江省,,,,,external,,market,,,,agricultural_wholesale_market,农业农村部定点农产品批发市场,农业农村部定点市场,false,false,false,true,false,false,false,false,false,false,false,false,true,false,false,,,,,,false,false,false,,,,,,,,,,,,,,,,,,,,,1,wholesale_market,data/raw/moa_designated_wholesale_markets_2024.pdf,rec_0f530d8cd2ec833a,A,true,按 PDF 两列表格抽取;原文件未提供详细地址和坐标。
cand_fd1db608d23fabec,北海市银海区福成镇粮食管理所,北海市银海区福成镇粮食管理所,北海市银海区福成镇粮食管理所,广西壮族自治区,北海市,银海区,,,reserve,,unknown,,,,grain_reserve,储备商品管理公司及其直属库,广西储备商品管理公司及其直属库名单(桂财税〔2024〕8号),true,false,false,false,false,false,false,false,false,false,false,false,false,false,false,,,,,,false,true,false,,,,,,,,,,,,,,,,,,,,,1,grain_reserve,data/raw/guangxi_reserve_companies_2024.html,rec_7999d70c9094f8e6,A,true,名单证明储备体系资格，但企业主体或管理机构名称不等同于具体物理粮库。 使用 lxml 从 HTML 正文容器按“行政区标题 + 序号 + 单位名称”结构抽取;原正文段落序号 170。
cand_fd3258b6c0b40765,田阳县五村粮所,田阳县五村粮所,田阳县五村粮所,广西壮族自治区,百色市,,,,reserve,,unknown,,,,grain_reserve,储备商品管理公司及其直属库,广西储备商品管理公司及其直属库名单(桂财税〔2024〕8号),true,false,false,false,false,false,false,false,false,false,false,false,false,false,false,,,,,,false,true,false,,,,,,,,,,,,,,,,,,,,,1,grain_reserve,data/raw/guangxi_reserve_companies_2024.html,rec_ba60a1598288ab57,A,true,名单证明储备体系资格，但企业主体或管理机构名称不等同于具体物理粮库。 使用 lxml 从 HTML 正文容器按“行政区标题 + 序号 + 单位名称”结构抽取;原正文段落序号 233。
cand_fd79a638875175b8,玉林市南江粮库,玉林市南江粮库,玉林市南江粮库,广西壮族自治区,玉林市,,,,reserve,,physical_site,,,,grain_depot,储备商品管理公司及其直属库,广西储备商品管理公司及其直属库名单(桂财税〔2024〕8号),true,false,false,false,false,false,false,false,false,false,true,false,false,false,false,,,,,,false,true,false,,,,,,,,,,,,,,,,,,,,,1,grain_reserve,data/raw/guangxi_reserve_companies_2024.html,rec_0a9dfad5851a054e,A,true,使用 lxml 从 HTML 正文容器按“行政区标题 + 序号 + 单位名称”结构抽取;原正文段落序号 308。
cand_fd7d550d84307377,江西南昌深圳农产品中心批发市场,江西南昌深圳农产品中心批发市场,江西南昌深圳农产品中心批发市场,江西省,,,,,external,,market,,,,agricultural_wholesale_market,农业农村部定点农产品批发市场,农业农村部定点市场,false,false,false,true,false,false,false,false,false,false,false,false,true,false,false,,,,,,false,false,false,,,,,,,,,,,,,,,,,,,,,1,wholesale_market,data/raw/moa_designated_wholesale_markets_2024.pdf,rec_0bf0507f7e6f3504,A,true,按 PDF 两列表格抽取;原文件未提供详细地址和坐标。
cand_fdfac8df70b0db61,湖北供销中和农产品市场集团有限公司,湖北供销中和农产品市场集团有限公司,湖北供销中和农产品市场集团有限公司,湖北省,,,,,external,,market,,,,agricultural_wholesale_market,农业农村部定点农产品批发市场,农业农村部定点市场,false,false,false,true,false,false,false,false,false,false,false,false,true,false,false,,,,,,false,false,false,,,,,,,,,,,,,,,,,,,,,1,wholesale_market,data/raw/moa_designated_wholesale_markets_2024.pdf,rec_edde3f74dbd35e06,A,true,按 PDF 两列表格抽取;原文件未提供详细地址和坐标。
cand_fdfc47ae512489c2,广西嘉嘉晟商贸有限公司,广西嘉嘉晟商贸有限公司,广西嘉嘉晟商贸有限公司,广西壮族自治区,百色市,,,,reserve,,organization,,,,other,储备商品管理公司及其直属库,广西储备商品管理公司及其直属库名单(桂财税〔2024〕8号),true,false,false,false,false,false,false,false,false,false,false,false,false,false,false,,,,,,false,true,false,,,,,,,,,,,,,,,,,,,,,1,grain_reserve,data/raw/guangxi_reserve_companies_2024.html,rec_4b8e45c278c6f683,A,true,属于储备商品管理公司及其直属库名单，但名称不足以安全判断为具体粮库或储备管理机构。 使用 lxml 从 HTML 正文容器按“行政区标题 + 序号 + 单位名称”结构抽取;原正文段落序号 227。
cand_fe6c8f605e96cba4,新疆伊犁九鼎富通农产品批发交易市场,新疆伊犁九鼎富通农产品批发交易市场,新疆伊犁九鼎富通农产品批发交易市场,新疆维吾尔自治区,,,,,external,,market,,,,agricultural_wholesale_market,农业农村部定点农产品批发市场,农业农村部定点市场,false,false,false,true,false,false,false,false,false,false,false,false,true,false,false,,,,,,false,false,false,,,,,,,,,,,,,,,,,,,,,1,wholesale_market,data/raw/moa_designated_wholesale_markets_2024.pdf,rec_012bec20305b74b6,A,true,按 PDF 两列表格抽取;原文件未提供详细地址和坐标。
cand_fe9bbbb6ed027fd6,内蒙古宁城蔬菜大市场,内蒙古宁城蔬菜大市场,内蒙古宁城蔬菜大市场,内蒙古自治区,,,,,external,,market,,,,agricultural_wholesale_market,农业农村部定点农产品批发市场,农业农村部定点市场,false,false,false,true,false,true,false,false,false,false,false,false,true,false,false,,,,,,false,false,false,,,,,,,,,,,,,,,,,,,,,1,wholesale_market,data/raw/moa_designated_wholesale_markets_2024.pdf,rec_8bcaace47a1bafcf,A,true,按 PDF 两列表格抽取;原文件未提供详细地址和坐标。
cand_feb108c5559fe341,广西姆之肴商贸有限责任公司,广西姆之肴商贸有限责任公司,广西姆之肴商贸有限责任公司,广西壮族自治区,,,,百色市/平果市,reserve,,organization,,,,government_procurement_supplier,鲜肉类,政府采购入围/中标供应商,false,false,true,true,true,false,false,false,false,false,false,false,false,false,false,,,,,,false,false,true,,,,,,,,,,,,,,,,,,,,,1,government_procurement,data/raw/pingguo_meat_suppliers.pdf,rec_c4861104d5c43852,C,true,"采购供应商身份不等同于实体仓储节点。 采购资料未提供企业地址；服务项目区域与企业所在地严格分开。 可确认位于广西，但当前证据不足以安全确定地级市。 PDF 表格未提供地址和统一社会信用代码;服务项目所在地为平果市,不能据此推断企业所在地。 采购供应商地址不自动视为仓库地址；仅在原文出现仓库、粮库、配送中心、冷库、厂房等明确词时标记相应能力。"
cand_feb5e0d5aa1aa180,四川省隆昌县禽苗市场开发有限责任公司,四川省隆昌县禽苗市场开发有限责任公司,四川省隆昌县禽苗市场开发有限责任公司,四川省,,,,,external,,market,,,,agricultural_wholesale_market,农业农村部定点农产品批发市场,农业农村部定点市场,false,false,false,true,false,false,false,false,false,false,false,false,true,false,false,,,,,,false,false,false,,,,,,,,,,,,,,,,,,,,,1,wholesale_market,data/raw/moa_designated_wholesale_markets_2024.pdf,rec_2ccc3bb794d83058,A,true,按 PDF 两列表格抽取;原文件未提供详细地址和坐标。
cand_fef6c1d1cc70fe16,博白县粮食局直属库,博白县粮食局直属库,博白县粮食局直属库,广西壮族自治区,玉林市,,,,reserve,,physical_site,,,,grain_depot,储备商品管理公司及其直属库,广西储备商品管理公司及其直属库名单(桂财税〔2024〕8号),true,false,false,false,false,false,false,false,false,false,true,false,false,false,false,,,,,,false,true,false,,,,,,,,,,,,,,,,,,,,,1,grain_reserve,data/raw/guangxi_reserve_companies_2024.html,rec_b82bb6a557c9faf2,A,true,使用 lxml 从 HTML 正文容器按“行政区标题 + 序号 + 单位名称”结构抽取;原正文段落序号 318。
cand_ff03f3d88a2ea289,安徽霍山大别山绿色商城,安徽霍山大别山绿色商城,安徽霍山大别山绿色商城,安徽省,,,,,external,,market,,,,agricultural_wholesale_market,农业农村部定点农产品批发市场,农业农村部定点市场,false,false,false,true,false,false,false,false,false,false,false,false,true,false,false,,,,,,false,false,false,,,,,,,,,,,,,,,,,,,,,1,wholesale_market,data/raw/moa_designated_wholesale_markets_2024.pdf,rec_a891193f35a789e3,A,true,按 PDF 两列表格抽取;原文件未提供详细地址和坐标。
cand_ff5dbbb510c807ba,广东徐闻农产品交易市场,广东徐闻农产品交易市场,广东徐闻农产品交易市场,广东省,,,,,external,,market,,,,agricultural_wholesale_market,农业农村部定点农产品批发市场,农业农村部定点市场,false,false,false,true,false,false,false,false,false,false,false,false,true,false,false,,,,,,false,false,false,,,,,,,,,,,,,,,,,,,,,1,wholesale_market,data/raw/moa_designated_wholesale_markets_2024.pdf,rec_743b2f280a5e8358,A,true,按 PDF 两列表格抽取;原文件未提供详细地址和坐标。
cand_ff82f84d0c37726a,广西宜家鲜供应链有限公司,广西宜家鲜供应链有限公司,广西宜家鲜供应链有限公司,广西壮族自治区,南宁市,,南宁市金凯路106号联东U谷南宁经开科技港标准厂房4号厂房102号房一、二楼,贵港市,primary,91451203MACHA7TF51,organization,,,,government_procurement_supplier,生鲜时蔬、水果类;蛋品类;大米类;食用油类;奶制品及饮品,政府采购入围/中标供应商,true,true,true,true,false,true,true,false,true,false,false,true,false,false,false,,,,,,false,false,true,,,,,,,,,,,,,,,,,,,,,5,government_procurement,data/raw/guigang_food_suppliers_310.pdf,rec_9151704b3ad90b2b;rec_ab1425eea58a0469;rec_8fee7f948fa3f811;rec_651c85fe404ac091;rec_7f395075804b11c0,B,true,"采购供应商身份不等同于实体仓储节点。 采购资料中的地址按企业登记/联系地址处理，不自动等同于仓库或配送节点地址。 按 PDF 表格行批量抽取;地址视为供应商登记/联系地址,不自动认定为仓储节点。 采购供应商地址不自动视为仓库地址；仅在原文出现仓库、粮库、配送中心、冷库、厂房等明确词时标记相应能力。"
cand_ff9302b40262cb41,安徽宿州百大农产品物流有限责任公司(安徽宿州百大农产品批发市场),安徽宿州百大农产品物流有限责任公司(安徽宿州百大农产品批发市场),安徽宿州百大农产品物流有限责任公司(安徽宿州百大农产品批发市场),安徽省,,,,,external,,market,,,,agricultural_wholesale_market,农业农村部定点农产品批发市场,农业农村部定点市场,false,false,false,true,false,false,false,false,false,false,false,false,true,false,false,,,,,,false,false,false,,,,,,,,,,,,,,,,,,,,,1,wholesale_market,data/raw/moa_designated_wholesale_markets_2024.pdf,rec_b4ade9d24036dece,A,true,按 PDF 两列表格抽取;原文件未提供详细地址和坐标。
cand_ffac7163d2dff077,重庆市黄水黄连产地批发市场,重庆市黄水黄连产地批发市场,重庆市黄水黄连产地批发市场,重庆市,重庆市,,,,external,,market,,,,agricultural_wholesale_market,农业农村部定点农产品批发市场,农业农村部定点市场,false,false,false,true,false,false,false,false,false,false,false,false,true,false,false,,,,,,false,false,false,,,,,,,,,,,,,,,,,,,,,1,wholesale_market,data/raw/moa_designated_wholesale_markets_2024.pdf,rec_f4fc21d9bd82d2f5,A,true,按 PDF 两列表格抽取;原文件未提供详细地址和坐标。
