record_id,source_file,source_file_id,source_category,source_page,source_table,source_row,source_title,source_date,raw_name,raw_parent_organization,raw_address,raw_region,raw_service_region,raw_category,raw_description,raw_credit_code,raw_capacity,raw_capacity_unit,raw_text,parse_confidence,parse_notes
rec_6c463fedbab6175b,data/raw/beihai_food_suppliers.pdf,file_92593653389d900a,government_procurement,1,1,3,北海市批量食品供应商入围名单,2026-02-27,广西万乡河餐饮集团有限公司,,南宁市广西-东盟经济技术开发区安平路23号(1号厂房),广西壮族自治区/南宁市,北海市,米面油干货类,,91450100MA5KBGRT7J,,,"序号: 1;标项名称: 米面油
干货类;中标供应商名称: 广西万乡河餐饮集团
有限公司;中标供应商地址: 南宁市广西-东盟经济技术开发区安平
路23号(1号厂房);统一社会信用代码: 91450100MA5KBGRT7J",0.99,"按 PDF 表格行批量抽取;地址视为供应商登记/联系地址,不自动认定为仓储节点。"
rec_6aff595adbff8957,data/raw/beihai_food_suppliers.pdf,file_92593653389d900a,government_procurement,1,1,4,北海市批量食品供应商入围名单,2026-02-27,北海德正食品配送有限公司,,广西壮族自治区北海市海城区北海大道28号德正农贸市场内配送中心,广西壮族自治区/北海市/海城区,北海市,米面油干货类,,91450500MAA7HCX82D,,,"序号: 2;标项名称: 米面油
干货类;中标供应商名称: 北海德正食品配送有
限公司;中标供应商地址: 广西壮族自治区北海市海城区北海大
道28号德正农贸市场内配送中心;统一社会信用代码: 91450500MAA7HCX82D",0.99,"按 PDF 表格行批量抽取;地址视为供应商登记/联系地址,不自动认定为仓储节点。"
rec_7317dee0a3715ad9,data/raw/beihai_food_suppliers.pdf,file_92593653389d900a,government_procurement,1,1,5,北海市批量食品供应商入围名单,2026-02-27,北海强洁复兴商贸有限责任公司,,广西北海市海城区香港路38号,广西壮族自治区/北海市/海城区,北海市,米面油干货类,,91450500729757171K,,,"序号: 3;标项名称: 米面油
干货类;中标供应商名称: 北海强洁复兴商贸有
限责任公司;中标供应商地址: 广西北海市海城区香港路38号;统一社会信用代码: 91450500729757171K",0.99,"按 PDF 表格行批量抽取;地址视为供应商登记/联系地址,不自动认定为仓储节点。"
rec_422cb07360908ae6,data/raw/beihai_food_suppliers.pdf,file_92593653389d900a,government_procurement,1,1,6,北海市批量食品供应商入围名单,2026-02-27,北海市肥佬华福粮油有限公司,,北海市工业园区科龙路一号一幢第一层,广西壮族自治区/北海市,北海市,米面油干货类,,91450500MA5N04EG8D,,,"序号: 4;标项名称: 米面油
干货类;中标供应商名称: 北海市肥佬华福粮油
有限公司;中标供应商地址: 北海市工业园区科龙路一号一幢第一层;统一社会信用代码: 91450500MA5N04EG8D",0.99,"按 PDF 表格行批量抽取;地址视为供应商登记/联系地址,不自动认定为仓储节点。"
rec_de066a4ec5cca3da,data/raw/beihai_food_suppliers.pdf,file_92593653389d900a,government_procurement,1,1,7,北海市批量食品供应商入围名单,2026-02-27,广西海峰物业服务有限公司,,北海市北海大道68号庞屋新村北区12-5号,广西壮族自治区/北海市,北海市,米面油干货类,,91450500MABW9J3B63,,,"序号: 5;标项名称: 米面油
干货类;中标供应商名称: 广西海峰物业服务有
限公司;中标供应商地址: 北海市北海大道68号庞屋新村北区12-5
号;统一社会信用代码: 91450500MABW9J3B63",0.99,"按 PDF 表格行批量抽取;地址视为供应商登记/联系地址,不自动认定为仓储节点。"
rec_fa592a18ccdd657b,data/raw/beihai_food_suppliers.pdf,file_92593653389d900a,government_procurement,1,1,8,北海市批量食品供应商入围名单,2026-02-27,南宁市食桂鲜农产品配送有限公司,,"南宁市江南区五一路101号,南宁市五一中路农贸市场综合楼一楼11号铺面",广西壮族自治区/南宁市/江南区,北海市,米面油干货类,,91450100MA5KEA2198,,,"序号: 6;标项名称: 米面油
干货类;中标供应商名称: 南宁市食桂鲜农产品
配送有限公司;中标供应商地址: 南宁市江南区五一路101号,南宁市五
一中路农贸市场综合楼一楼11号铺面;统一社会信用代码: 91450100MA5KEA2198",0.99,"按 PDF 表格行批量抽取;地址视为供应商登记/联系地址,不自动认定为仓储节点。"
rec_894a6539e6a60b73,data/raw/beihai_food_suppliers.pdf,file_92593653389d900a,government_procurement,1,1,9,北海市批量食品供应商入围名单,2026-02-27,北海市日鲜达食品配送有限公司,,北海市重庆路以南湖南路以西逢时商城花园2幢117号118号商铺,广西壮族自治区/北海市,北海市,米面油干货类,,91450502MA5NBE1L3J,,,"序号: 7;标项名称: 米面油
干货类;中标供应商名称: 北海市日鲜达食品配
送有限公司;中标供应商地址: 北海市重庆路以南湖南路以西逢时商城花
园2幢117号118号商铺;统一社会信用代码: 91450502MA5NBE1L3J",0.99,"按 PDF 表格行批量抽取;地址视为供应商登记/联系地址,不自动认定为仓储节点。"
rec_07f495f3db3f451a,data/raw/beihai_food_suppliers.pdf,file_92593653389d900a,government_procurement,2,1,1,北海市批量食品供应商入围名单,2026-02-27,北海鸿宽食材供应链有限公司,,广西壮族自治区北海市海城区驿马街道驿马村21号一栋B区,广西壮族自治区/北海市/海城区,北海市,米面油干货类,,91450502MADMEP3UXW,,,"序号: 8;标项名称: 米面油
干货类;中标供应商名称: 北海鸿宽食材供应链
有限公司;中标供应商地址: 广西壮族自治区北海市海城区驿马街
道驿马村21号一栋B区;统一社会信用代码: 91450502MADMEP3UXW",0.99,"按 PDF 表格行批量抽取;地址视为供应商登记/联系地址,不自动认定为仓储节点。"
rec_c29b087ec3e6e537,data/raw/beihai_food_suppliers.pdf,file_92593653389d900a,government_procurement,2,1,2,北海市批量食品供应商入围名单,2026-02-27,北海市全满康餐饮管理有限责任公司,,广西壮族自治区北海市海城区北部湾东路84-1号全满康大厦138号,广西壮族自治区/北海市/海城区,北海市,米面油干货类,,91450502MA5NMQJRXE,,,"序号: 9;标项名称: 米面油
干货类;中标供应商名称: 北海市全满康餐饮管
理有限责任公司;中标供应商地址: 广西壮族自治区北海市海城区北部湾
东路84-1号全满康大厦138号;统一社会信用代码: 91450502MA5NMQJRXE",0.99,"按 PDF 表格行批量抽取;地址视为供应商登记/联系地址,不自动认定为仓储节点。"
rec_192b0b3d91e99dcc,data/raw/beihai_food_suppliers.pdf,file_92593653389d900a,government_procurement,2,1,3,北海市批量食品供应商入围名单,2026-02-27,北海康信食品配送服务有限公司,,广西壮族自治区北海市银海区江苏路与贵阳路交汇处东南角贵南综合商业城A28号铺面,广西壮族自治区/北海市/银海区,北海市,米面油干货类,,91450500MAA7K0G617,,,"序号: 10;标项名称: 米面油
干货类;中标供应商名称: 北海康信食品配送服
务有限公司;中标供应商地址: 广西壮族自治区北海市银海区江苏路
与贵阳路交汇处东南角贵南综合商业
城A28号铺面;统一社会信用代码: 91450500MAA7K0G617",0.99,"按 PDF 表格行批量抽取;地址视为供应商登记/联系地址,不自动认定为仓储节点。"
rec_937377dd203af3f2,data/raw/beihai_food_suppliers.pdf,file_92593653389d900a,government_procurement,2,1,4,北海市批量食品供应商入围名单,2026-02-27,北海美加鲜食品有限公司,,北海市海城区北部湾东路84-1号全满康大厦一楼139号,广西壮族自治区/北海市/海城区,北海市,米面油干货类,,91450502MAK01GLU1E,,,"序号: 11;标项名称: 米面油
干货类;中标供应商名称: 北海美加鲜食品有限
公司;中标供应商地址: 北海市海城区北部湾东路84-1号全满康
大厦一楼139号;统一社会信用代码: 91450502MAK01GLU1E",0.99,"按 PDF 表格行批量抽取;地址视为供应商登记/联系地址,不自动认定为仓储节点。"
rec_299cd214ee0e0048,data/raw/beihai_food_suppliers.pdf,file_92593653389d900a,government_procurement,2,1,5,北海市批量食品供应商入围名单,2026-02-27,北海市银海区振兴农业农村发展有限公司,,北海市银海区金科路98号三楼01号,广西壮族自治区/北海市/银海区,北海市,米面油干货类,,91450503MAA7JTF422,,,"序号: 12;标项名称: 米面油
干货类;中标供应商名称: 北海市银海区振兴农
业农村发展有限公司;中标供应商地址: 北海市银海区金科路98号三楼01号;统一社会信用代码: 91450503MAA7JTF422",0.99,"按 PDF 表格行批量抽取;地址视为供应商登记/联系地址,不自动认定为仓储节点。"
rec_065fa8f40797707a,data/raw/beihai_food_suppliers.pdf,file_92593653389d900a,government_procurement,2,1,6,北海市批量食品供应商入围名单,2026-02-27,北海海丝明珠商贸有限责任公司,,广西壮族自治区北海市金海岸大道59号森海豪庭榕树园22幢,广西壮族自治区/北海市,北海市,米面油干货类,,91450500MA5PHFT82C,,,"序号: 13;标项名称: 米面油
干货类;中标供应商名称: 北海海丝明珠商贸有
限责任公司;中标供应商地址: 广西壮族自治区北海市金海岸大道59
号森海豪庭榕树园22幢;统一社会信用代码: 91450500MA5PHFT82C",0.99,"按 PDF 表格行批量抽取;地址视为供应商登记/联系地址,不自动认定为仓储节点。"
rec_d693ae4630a26d53,data/raw/beihai_food_suppliers.pdf,file_92593653389d900a,government_procurement,2,1,7,北海市批量食品供应商入围名单,2026-02-27,福安市富秋供应链有限公司北海分公司,,北海市海城区四川路62号文邦国际大厦2224号,广西壮族自治区/北海市/海城区,北海市,米面油干货类,,91450500MAEWDM4Y6K,,,"序号: 14;标项名称: 米面油
干货类;中标供应商名称: 福安市富秋供应链有
限公司北海分公司;中标供应商地址: 北海市海城区四川路62号文邦国际大厦
2224号;统一社会信用代码: 91450500MAEWDM4Y6K",0.99,"按 PDF 表格行批量抽取;地址视为供应商登记/联系地址,不自动认定为仓储节点。"
rec_6b03d36b01993931,data/raw/beihai_food_suppliers.pdf,file_92593653389d900a,government_procurement,2,1,8,北海市批量食品供应商入围名单,2026-02-27,北海市万顺昌商贸有限公司,,北海市北部湾西路29号嘉泰文华苑9幢104号商铺,广西壮族自治区/北海市,北海市,米面油干货类,,914505006648316752,,,"序号: 15;标项名称: 米面油
干货类;中标供应商名称: 北海市万顺昌商贸有
限公司;中标供应商地址: 北海市北部湾西路29号嘉泰文华苑9幢
104号商铺;统一社会信用代码: 914505006648316752",0.99,"按 PDF 表格行批量抽取;地址视为供应商登记/联系地址,不自动认定为仓储节点。"
rec_8ccf403d9382dfd9,data/raw/beihai_food_suppliers.pdf,file_92593653389d900a,government_procurement,3,1,2,北海市批量食品供应商入围名单,2026-02-27,北海德正食品配送有限公司,,广西壮族自治区北海市海城区北海大道28号德正农贸市场内配送中心,广西壮族自治区/北海市/海城区,北海市,肉及水产类,,91450500MAA7HCX82D,,,"序号: 16;标项名称: 肉及水产类;中标供应商名称: 北海德正食品配送有
限公司;中标供应商地址: 广西壮族自治区北海市海城区北海大
道28号德正农贸市场内配送中心;统一社会信用代码: 91450500MAA7HCX82D",0.99,"按 PDF 表格行批量抽取;地址视为供应商登记/联系地址,不自动认定为仓储节点。"
rec_04a9d47fa59adaaa,data/raw/beihai_food_suppliers.pdf,file_92593653389d900a,government_procurement,3,1,3,北海市批量食品供应商入围名单,2026-02-27,北海强洁复兴商贸有限责任公司,,广西北海市海城区香港路38号,广西壮族自治区/北海市/海城区,北海市,肉及水产类,,91450500729757171K,,,"序号: 17;标项名称: 肉及水产类;中标供应商名称: 北海强洁复兴商贸有
限责任公司;中标供应商地址: 广西北海市海城区香港路38号;统一社会信用代码: 91450500729757171K",0.99,"按 PDF 表格行批量抽取;地址视为供应商登记/联系地址,不自动认定为仓储节点。"
rec_dcc36ac0282b6f2b,data/raw/beihai_food_suppliers.pdf,file_92593653389d900a,government_procurement,3,1,4,北海市批量食品供应商入围名单,2026-02-27,广西万乡河餐饮集团有限公司,,南宁市广西-东盟经济技术开发区安平路23号(1号厂房),广西壮族自治区/南宁市,北海市,肉及水产类,,91450100MA5KBGRT7J,,,"序号: 18;标项名称: 肉及水产类;中标供应商名称: 广西万乡河餐饮集团
有限公司;中标供应商地址: 南宁市广西-东盟经济技术开发区安平
路23号(1号厂房);统一社会信用代码: 91450100MA5KBGRT7J",0.99,"按 PDF 表格行批量抽取;地址视为供应商登记/联系地址,不自动认定为仓储节点。"
rec_d85178a101fbe14a,data/raw/beihai_food_suppliers.pdf,file_92593653389d900a,government_procurement,3,1,5,北海市批量食品供应商入围名单,2026-02-27,北海市成达食品有限公司,,广西壮族自治区北海市海城区北海大道与湖南路交汇处东南角金癸花园A1-6号,广西壮族自治区/北海市/海城区,北海市,肉及水产类,,91450502MA5MXQT60R,,,"序号: 19;标项名称: 肉及水产类;中标供应商名称: 北海市成达食品有限
公司;中标供应商地址: 广西壮族自治区北海市海城区北海大
道与湖南路交汇处东南角金癸花园A1-
6号;统一社会信用代码: 91450502MA5MXQT60R",0.99,"按 PDF 表格行批量抽取;地址视为供应商登记/联系地址,不自动认定为仓储节点。"
rec_5d550b872e056373,data/raw/beihai_food_suppliers.pdf,file_92593653389d900a,government_procurement,3,1,6,北海市批量食品供应商入围名单,2026-02-27,南宁市食桂鲜农产品配送有限公司,,"南宁市江南区五一路101号,南宁市五一中路农贸市场综合楼一楼11号铺面",广西壮族自治区/南宁市/江南区,北海市,肉及水产类,,91450100MA5KEA2198,,,"序号: 20;标项名称: 肉及水产类;中标供应商名称: 南宁市食桂鲜农产品
配送有限公司;中标供应商地址: 南宁市江南区五一路101号,南宁市五
一中路农贸市场综合楼一楼11号铺面;统一社会信用代码: 91450100MA5KEA2198",0.99,"按 PDF 表格行批量抽取;地址视为供应商登记/联系地址,不自动认定为仓储节点。"
rec_bb60babb2b6bf92b,data/raw/beihai_food_suppliers.pdf,file_92593653389d900a,government_procurement,3,1,7,北海市批量食品供应商入围名单,2026-02-27,广西佳茂蔬菜配送有限公司,,广西壮族自治区北海市银海区平阳镇海达加油站北边第二排第二间,广西壮族自治区/北海市/银海区,北海市,肉及水产类,,91450503MAA7UYNB4R,,,"序号: 21;标项名称: 肉及水产类;中标供应商名称: 广西佳茂蔬菜配送有
限公司;中标供应商地址: 广西壮族自治区北海市银海区平阳镇
海达加油站北边第二排第二间;统一社会信用代码: 91450503MAA7UYNB4R",0.99,"按 PDF 表格行批量抽取;地址视为供应商登记/联系地址,不自动认定为仓储节点。"
rec_2b3861e614b63fc2,data/raw/beihai_food_suppliers.pdf,file_92593653389d900a,government_procurement,3,1,8,北海市批量食品供应商入围名单,2026-02-27,北海市日鲜达食品配送有限公司,,北海市重庆路以南湖南路以西逢时商城花园2幢117号118号商铺,广西壮族自治区/北海市,北海市,肉及水产类,,91450502MA5NBE1L3J,,,"序号: 22;标项名称: 肉及水产类;中标供应商名称: 北海市日鲜达食品配
送有限公司;中标供应商地址: 北海市重庆路以南湖南路以西逢时商
城花园2幢117号118号商铺;统一社会信用代码: 91450502MA5NBE1L3J",0.99,"按 PDF 表格行批量抽取;地址视为供应商登记/联系地址,不自动认定为仓储节点。"
rec_f3f1e118fb32a03b,data/raw/beihai_food_suppliers.pdf,file_92593653389d900a,government_procurement,3,1,9,北海市批量食品供应商入围名单,2026-02-27,北海万鑫食品有限公司,,广西壮族自治区北海市合浦县廉州镇华市街43号,广西壮族自治区/北海市/合浦县,北海市,肉及水产类,,91450521MADDYHH291,,,"序号: 23;标项名称: 肉及水产类;中标供应商名称: 北海万鑫食品有限公
司;中标供应商地址: 广西壮族自治区北海市合浦县廉州镇华市
街43号;统一社会信用代码: 91450521MADDYHH291",0.99,"按 PDF 表格行批量抽取;地址视为供应商登记/联系地址,不自动认定为仓储节点。"
rec_8d9e023668426ab6,data/raw/beihai_food_suppliers.pdf,file_92593653389d900a,government_procurement,4,1,1,北海市批量食品供应商入围名单,2026-02-27,北海鸿宽食材供应链有限公司,,广西壮族自治区北海市海城区驿马街道驿马村21号一栋B区,广西壮族自治区/北海市/海城区,北海市,肉及水产类,,91450502MADMEP3UXW,,,"序号: 24;标项名称: 肉及水产类;中标供应商名称: 北海鸿宽食材供应链
有限公司;中标供应商地址: 广西壮族自治区北海市海城区驿马街
道驿马村21号一栋B区;统一社会信用代码: 91450502MADMEP3UXW",0.99,"按 PDF 表格行批量抽取;地址视为供应商登记/联系地址,不自动认定为仓储节点。"
rec_9157aca5151d53b1,data/raw/beihai_food_suppliers.pdf,file_92593653389d900a,government_procurement,4,1,2,北海市批量食品供应商入围名单,2026-02-27,广西来邦供应链有限公司,,北海市北海大道北、西藏路以西北海银河城市科技产业城3幢1205号房,广西壮族自治区/北海市,北海市,肉及水产类,,91450500MA5NNB8N1Q,,,"序号: 25;标项名称: 肉及水产类;中标供应商名称: 广西来邦供应链有限
公司;中标供应商地址: 北海市北海大道北、西藏路以西北海
银河城市科技产业城3幢1205号房;统一社会信用代码: 91450500MA5NNB8N1Q",0.99,"按 PDF 表格行批量抽取;地址视为供应商登记/联系地址,不自动认定为仓储节点。"
rec_f1cea31703f3f87b,data/raw/beihai_food_suppliers.pdf,file_92593653389d900a,government_procurement,4,1,3,北海市批量食品供应商入围名单,2026-02-27,北海美加鲜食品有限公司,,北海市海城区北部湾东路84-1号全满康大厦一楼139号,广西壮族自治区/北海市/海城区,北海市,肉及水产类,,91450502MAK01GLU1E,,,"序号: 26;标项名称: 肉及水产类;中标供应商名称: 北海美加鲜食品有限
公司;中标供应商地址: 北海市海城区北部湾东路84-1号全满康
大厦一楼139号;统一社会信用代码: 91450502MAK01GLU1E",0.99,"按 PDF 表格行批量抽取;地址视为供应商登记/联系地址,不自动认定为仓储节点。"
rec_f63e996277342524,data/raw/beihai_food_suppliers.pdf,file_92593653389d900a,government_procurement,4,1,4,北海市批量食品供应商入围名单,2026-02-27,广西盛鲜源供应链管理有限公司,,南宁市兴宁区三塘南路86号标准厂项目第7栋1层101号房,广西壮族自治区/南宁市/兴宁区,北海市,肉及水产类,,91450103MA5KE10F6C,,,"序号: 27;标项名称: 肉及水产类;中标供应商名称: 广西盛鲜源供应链管
理有限公司;中标供应商地址: 南宁市兴宁区三塘南路86号标准厂项
目第7栋1层101号房;统一社会信用代码: 91450103MA5KE10F6C",0.99,"按 PDF 表格行批量抽取;地址视为供应商登记/联系地址,不自动认定为仓储节点。"
rec_3157ed7487407578,data/raw/beihai_food_suppliers.pdf,file_92593653389d900a,government_procurement,4,1,5,北海市批量食品供应商入围名单,2026-02-27,广西康然生态农业有限公司,,南宁市金凯路98号光科技产业园科研楼二,广西壮族自治区/南宁市,北海市,肉及水产类,,91450100MA5KDK5M1E,,,"序号: 28;标项名称: 肉及水产类;中标供应商名称: 广西康然生态农业有
限公司;中标供应商地址: 南宁市金凯路98号光科技产业园科研
楼二;统一社会信用代码: 91450100MA5KDK5M1E",0.99,"按 PDF 表格行批量抽取;地址视为供应商登记/联系地址,不自动认定为仓储节点。"
rec_62c91ae3f048ccbe,data/raw/beihai_food_suppliers.pdf,file_92593653389d900a,government_procurement,4,1,6,北海市批量食品供应商入围名单,2026-02-27,北海市银海区振兴农业农村发展有限公司,,北海市银海区金科路98号三楼01号,广西壮族自治区/北海市/银海区,北海市,肉及水产类,,91450503MAA7JTF422,,,"序号: 29;标项名称: 肉及水产类;中标供应商名称: 北海市银海区振兴农
业农村发展有限公司;中标供应商地址: 北海市银海区金科路98号三楼01号;统一社会信用代码: 91450503MAA7JTF422",0.99,"按 PDF 表格行批量抽取;地址视为供应商登记/联系地址,不自动认定为仓储节点。"
rec_60a89db2023ef66f,data/raw/beihai_food_suppliers.pdf,file_92593653389d900a,government_procurement,4,1,7,北海市批量食品供应商入围名单,2026-02-27,北海康信食品配送服务有限公司,,广西壮族自治区北海市银海区江苏路与贵阳路交汇处东南角贵南综合商业城A28号铺面,广西壮族自治区/北海市/银海区,北海市,肉及水产类,,91450500MAA7K0G617,,,"序号: 30;标项名称: 肉及水产类;中标供应商名称: 北海康信食品配送服
务有限公司;中标供应商地址: 广西壮族自治区北海市银海区江苏路
与贵阳路交汇处东南角贵南综合商业
城A28号铺面;统一社会信用代码: 91450500MAA7K0G617",0.99,"按 PDF 表格行批量抽取;地址视为供应商登记/联系地址,不自动认定为仓储节点。"
rec_6dbbe20d3a012762,data/raw/beihai_food_suppliers.pdf,file_92593653389d900a,government_procurement,5,1,1,北海市批量食品供应商入围名单,2026-02-27,广西优点多超市连锁有限责任公司,,广西壮族自治区北海市海城区四川南路沈四村泰格公寓一层北面铺面一号,广西壮族自治区/北海市/海城区,北海市,果蔬类,,91450502MACGY5H943,,,"序号: 31;标项名称: 果蔬类;中标供应商名称: 广西优点多超市连锁
有限责任公司;中标供应商地址: 广西壮族自治区北海市海城区四川南
路沈四村泰格公寓一层北面铺面一号;统一社会信用代码: 91450502MACGY5H943",0.99,"按 PDF 表格行批量抽取;地址视为供应商登记/联系地址,不自动认定为仓储节点。"
rec_6230b3eff96f72bf,data/raw/beihai_food_suppliers.pdf,file_92593653389d900a,government_procurement,5,1,2,北海市批量食品供应商入围名单,2026-02-27,北海市成达食品有限公司,,广西壮族自治区北海市海城区北海大道与湖南路交汇处东南角金癸花园A1-6号,广西壮族自治区/北海市/海城区,北海市,果蔬类,,91450502MA5MXQT60R,,,"序号: 32;标项名称: 果蔬类;中标供应商名称: 北海市成达食品有限
公司;中标供应商地址: 广西壮族自治区北海市海城区北海大
道与湖南路交汇处东南角金癸花园A1-
6号;统一社会信用代码: 91450502MA5MXQT60R",0.99,"按 PDF 表格行批量抽取;地址视为供应商登记/联系地址,不自动认定为仓储节点。"
rec_e576fddfe8d1bb0f,data/raw/beihai_food_suppliers.pdf,file_92593653389d900a,government_procurement,5,1,3,北海市批量食品供应商入围名单,2026-02-27,广西佳茂蔬菜配送有限公司,,广西壮族自治区北海市银海区平阳镇海达加油站北边第二排第二间,广西壮族自治区/北海市/银海区,北海市,果蔬类,,91450503MAA7UYNB4R,,,"序号: 33;标项名称: 果蔬类;中标供应商名称: 广西佳茂蔬菜配送有
限公司;中标供应商地址: 广西壮族自治区北海市银海区平阳镇
海达加油站北边第二排第二间;统一社会信用代码: 91450503MAA7UYNB4R",0.99,"按 PDF 表格行批量抽取;地址视为供应商登记/联系地址,不自动认定为仓储节点。"
rec_433de7853deb94fb,data/raw/beihai_food_suppliers.pdf,file_92593653389d900a,government_procurement,5,1,4,北海市批量食品供应商入围名单,2026-02-27,广西海峰物业服务有限公司,,北海市北海大道68号庞屋新村北区12-5号,广西壮族自治区/北海市,北海市,果蔬类,,91450500MABW9J3B63,,,"序号: 34;标项名称: 果蔬类;中标供应商名称: 广西海峰物业服务有
限公司;中标供应商地址: 北海市北海大道68号庞屋新村北区12-5
号;统一社会信用代码: 91450500MABW9J3B63",0.99,"按 PDF 表格行批量抽取;地址视为供应商登记/联系地址,不自动认定为仓储节点。"
rec_29fe122017fef73e,data/raw/beihai_food_suppliers.pdf,file_92593653389d900a,government_procurement,5,1,5,北海市批量食品供应商入围名单,2026-02-27,广西来邦供应链有限公司,,北海市北海大道北、西藏路以西北海银河城市科技产业城3幢1205号房,广西壮族自治区/北海市,北海市,果蔬类,,91450500MA5NNB8N1Q,,,"序号: 35;标项名称: 果蔬类;中标供应商名称: 广西来邦供应链有限
公司;中标供应商地址: 北海市北海大道北、西藏路以西北海
银河城市科技产业城3幢1205号房;统一社会信用代码: 91450500MA5NNB8N1Q",0.99,"按 PDF 表格行批量抽取;地址视为供应商登记/联系地址,不自动认定为仓储节点。"
rec_31b3f93a74aeb3b4,data/raw/beihai_food_suppliers.pdf,file_92593653389d900a,government_procurement,5,1,6,北海市批量食品供应商入围名单,2026-02-27,广西盛鲜源供应链管理有限公司,,南宁市兴宁区三塘南路86号标准厂项目第7栋1层101号房,广西壮族自治区/南宁市/兴宁区,北海市,果蔬类,,91450103MA5KE10F6C,,,"序号: 36;标项名称: 果蔬类;中标供应商名称: 广西盛鲜源供应链管
理有限公司;中标供应商地址: 南宁市兴宁区三塘南路86号标准厂项
目第7栋1层101号房;统一社会信用代码: 91450103MA5KE10F6C",0.99,"按 PDF 表格行批量抽取;地址视为供应商登记/联系地址,不自动认定为仓储节点。"
rec_b982a9f6382be577,data/raw/beihai_food_suppliers.pdf,file_92593653389d900a,government_procurement,5,1,7,北海市批量食品供应商入围名单,2026-02-27,广西康然生态农业有限公司,,南宁市金凯路98号光科技产业园科研楼二,广西壮族自治区/南宁市,北海市,果蔬类,,91450100MA5KDK5M1E,,,"序号: 37;标项名称: 果蔬类;中标供应商名称: 广西康然生态农业有
限公司;中标供应商地址: 南宁市金凯路98号光科技产业园科研
楼二;统一社会信用代码: 91450100MA5KDK5M1E",0.99,"按 PDF 表格行批量抽取;地址视为供应商登记/联系地址,不自动认定为仓储节点。"
rec_69652dddf0c65076,data/raw/beihai_food_suppliers.pdf,file_92593653389d900a,government_procurement,5,1,8,北海市批量食品供应商入围名单,2026-02-27,广西北海市泓翔食品配送有限公司,,广西壮族自治区北海市银海区银滩镇和兴新村示范小区E12号一楼,广西壮族自治区/北海市/银海区,北海市,果蔬类,,91450502MA5PWY241B,,,"序号: 38;标项名称: 果蔬类;中标供应商名称: 广西北海市泓翔食品
配送有限公司;中标供应商地址: 广西壮族自治区北海市银海区银滩镇
和兴
新村示范小区E12号一楼;统一社会信用代码: 91450502MA5PWY241B",0.99,"按 PDF 表格行批量抽取;地址视为供应商登记/联系地址,不自动认定为仓储节点。"
rec_20336faa9d7328e5,data/raw/beihai_food_suppliers.pdf,file_92593653389d900a,government_procurement,5,1,9,北海市批量食品供应商入围名单,2026-02-27,广西高盛顶格实业集团有限公司,,广西壮族自治区北海市贵州路109号海域新天地4幢0201号-1,广西壮族自治区/北海市,北海市,果蔬类,,91450500MAA7TE7A4W,,,"序号: 39;标项名称: 果蔬类;中标供应商名称: 广西高盛顶格实业集
团有限公司;中标供应商地址: 广西壮族自治区北海市贵州路109号海
域新天地4幢0201号-1;统一社会信用代码: 91450500MAA7TE7A4W",0.99,"按 PDF 表格行批量抽取;地址视为供应商登记/联系地址,不自动认定为仓储节点。"
rec_a47a665ce5bc2f92,data/raw/beihai_food_suppliers.pdf,file_92593653389d900a,government_procurement,6,1,1,北海市批量食品供应商入围名单,2026-02-27,福安市富秋供应链有限公司北海分公司,,北海市海城区四川路62号文邦国际大厦2224号,广西壮族自治区/北海市/海城区,北海市,果蔬类,,91450500MAEWDM4Y6K,,,"序号: 40;标项名称: 果蔬类;中标供应商名称: 福安市富秋供应链有
限公司北海分公司;中标供应商地址: 北海市海城区四川路62号文邦国际大厦
2224号;统一社会信用代码: 91450500MAEWDM4Y6K",0.99,"按 PDF 表格行批量抽取;地址视为供应商登记/联系地址,不自动认定为仓储节点。"
rec_6d1641f82a50a835,data/raw/beihai_food_suppliers.pdf,file_92593653389d900a,government_procurement,6,1,2,北海市批量食品供应商入围名单,2026-02-27,北海海丝明珠商贸有限责任公司,,广西壮族自治区北海市金海岸大道59号森海豪庭榕树园22幢,广西壮族自治区/北海市,北海市,果蔬类,,91450500MA5PHFT82C,,,"序号: 41;标项名称: 果蔬类;中标供应商名称: 北海海丝明珠商贸有
限责任公司;中标供应商地址: 广西壮族自治区北海市金海岸大道59
号森海豪庭榕树园22幢;统一社会信用代码: 91450500MA5PHFT82C",0.99,"按 PDF 表格行批量抽取;地址视为供应商登记/联系地址,不自动认定为仓储节点。"
rec_a95404182155c3e3,data/raw/beihai_food_suppliers.pdf,file_92593653389d900a,government_procurement,6,1,3,北海市批量食品供应商入围名单,2026-02-27,北海市全满康餐饮管理有限责任公司,,广西壮族自治区北海市海城区北部湾东路84-1号全满康大厦138号,广西壮族自治区/北海市/海城区,北海市,果蔬类,,91450502MA5NMQJRXE,,,"序号: 42;标项名称: 果蔬类;中标供应商名称: 北海市全满康餐饮管
理有限责任公司;中标供应商地址: 广西壮族自治区北海市海城区北部湾
东路84-1号全满康大厦138号;统一社会信用代码: 91450502MA5NMQJRXE",0.99,"按 PDF 表格行批量抽取;地址视为供应商登记/联系地址,不自动认定为仓储节点。"
rec_fb6ecea10686a3d4,data/raw/beihai_food_suppliers.pdf,file_92593653389d900a,government_procurement,6,1,4,北海市批量食品供应商入围名单,2026-02-27,北海市万顺昌商贸有限公司,,北海市北部湾西路29号嘉泰文华苑9幢104号商铺,广西壮族自治区/北海市,北海市,果蔬类,,914505006648316752,,,"序号: 43;标项名称: 果蔬类;中标供应商名称: 北海市万顺昌商贸有
限公司;中标供应商地址: 北海市北部湾西路29号嘉泰文华苑9幢
104号商铺;统一社会信用代码: 914505006648316752",0.99,"按 PDF 表格行批量抽取;地址视为供应商登记/联系地址,不自动认定为仓储节点。"
rec_2fafb16e9579604f,data/raw/beihai_food_suppliers.pdf,file_92593653389d900a,government_procurement,6,1,7,北海市批量食品供应商入围名单,2026-02-27,广西千骏农产品销售有限公司,,广西壮族自治区北海市海城区庞屋新村北区10-2号,广西壮族自治区/北海市/海城区,北海市,米粉豆制品类,,91450502MA5Q84434T,,,"序号: 44;标项名称: 米粉豆制品类;中标供应商名称: 广西千骏农产品销售
有限公司;中标供应商地址: 广西壮族自治区北海市海城区庞屋新
村北区10-2号;统一社会信用代码: 91450502MA5Q84434T",0.99,"按 PDF 表格行批量抽取;地址视为供应商登记/联系地址,不自动认定为仓储节点。"
rec_1f8e87bda1900a2f,data/raw/beihai_food_suppliers.pdf,file_92593653389d900a,government_procurement,6,1,8,北海市批量食品供应商入围名单,2026-02-27,北海市银海区福豆豆制品加工厂(个体工商户),,沙江路2号3栋内,广西壮族自治区/北海市/银海区,北海市,米粉豆制品类,,92450503MAEDQ8956Y,,,"序号: 45;标项名称: 米粉豆制品类;中标供应商名称: 北海市银海区福豆豆
制品加工厂(个体工
商户);中标供应商地址: 沙江路2号3栋内;统一社会信用代码: 92450503MAEDQ8956Y",0.99,"按 PDF 表格行批量抽取;地址视为供应商登记/联系地址,不自动认定为仓储节点。"
rec_2651ec041555f74e,data/raw/beihai_food_suppliers.pdf,file_92593653389d900a,government_procurement,6,1,9,北海市批量食品供应商入围名单,2026-02-27,北海管龙豆制品有限公司,,北海市驿马街道驿马村21号B区一栋房屋,广西壮族自治区/北海市,北海市,米粉豆制品类,,91450500MADU10KD7W,,,"序号: 46;标项名称: 米粉豆制品类;中标供应商名称: 北海管龙豆制品有限
公司;中标供应商地址: 北海市驿马街道驿马村21号B区一栋房屋;统一社会信用代码: 91450500MADU10KD7W",0.99,"按 PDF 表格行批量抽取;地址视为供应商登记/联系地址,不自动认定为仓储节点。"
rec_a1a5a9ee5e4fbf90,data/raw/beihai_food_suppliers.pdf,file_92593653389d900a,government_procurement,7,1,3,北海市批量食品供应商入围名单,2026-02-27,广西合浦麦香皇食品有限公司,,广西壮族自治区北海市合浦县廉州镇合浦大道东侧A1厂房(月饼小镇内),广西壮族自治区/北海市/合浦县,北海市,面包糕点奶制品,,91450521MA5L0XWL05,,,"序号: 47;标项名称: 面包糕点
奶制品;中标供应商名称: 广西合浦麦香皇食品
有限公司;中标供应商地址: 广西壮族自治区北海市合浦县廉州镇
合浦大道东侧A1厂房(月饼小镇内);统一社会信用代码: 91450521MA5L0XWL05",0.99,"按 PDF 表格行批量抽取;地址视为供应商登记/联系地址,不自动认定为仓储节点。"
rec_e03f95dd724f2ad1,data/raw/beihai_food_suppliers.pdf,file_92593653389d900a,government_procurement,7,1,4,北海市批量食品供应商入围名单,2026-02-27,广西千骏农产品销售有限公司,,广西壮族自治区北海市海城区庞屋新村北区10-2号,广西壮族自治区/北海市/海城区,北海市,面包糕点奶制品,,91450502MA5Q84434T,,,"序号: 48;标项名称: 面包糕点
奶制品;中标供应商名称: 广西千骏农产品销售
有限公司;中标供应商地址: 广西壮族自治区北海市海城区庞屋新
村北区10-2号;统一社会信用代码: 91450502MA5Q84434T",0.99,"按 PDF 表格行批量抽取;地址视为供应商登记/联系地址,不自动认定为仓储节点。"
rec_0a293f6f553cdee6,data/raw/beihai_food_suppliers.pdf,file_92593653389d900a,government_procurement,7,1,5,北海市批量食品供应商入围名单,2026-02-27,北海市乐勤食品有限公司,,北海市海城区马栏村57号,广西壮族自治区/北海市/海城区,北海市,面包糕点奶制品,,91450502MA5KY5KB0G,,,"序号: 49;标项名称: 面包糕点
奶制品;中标供应商名称: 北海市乐勤食品有限
公司;中标供应商地址: 北海市海城区马栏村57号;统一社会信用代码: 91450502MA5KY5KB0G",0.99,"按 PDF 表格行批量抽取;地址视为供应商登记/联系地址,不自动认定为仓储节点。"
rec_cf5c9f69094bb467,data/raw/beihai_food_suppliers.pdf,file_92593653389d900a,government_procurement,7,1,6,北海市批量食品供应商入围名单,2026-02-27,北海聚味全食品有限公司,,广西壮族自治区北海市海城区驿马街道驿马村21号A-6区,广西壮族自治区/北海市/海城区,北海市,面包糕点奶制品,,91450502MADN0GC28Q,,,"序号: 50;标项名称: 面包糕点
奶制品;中标供应商名称: 北海聚味全食品有限
公司;中标供应商地址: 广西壮族自治区北海市海城区驿马街
道驿马村21号A-6区;统一社会信用代码: 91450502MADN0GC28Q",0.99,"按 PDF 表格行批量抽取;地址视为供应商登记/联系地址,不自动认定为仓储节点。"
rec_a1a3925c585df278,data/raw/beihai_food_suppliers.pdf,file_92593653389d900a,government_procurement,7,1,7,北海市批量食品供应商入围名单,2026-02-27,北海市菲其食品有限公司,,北海市北海大道以北、上海路以东(武昌住路西向东30米),广西壮族自治区/北海市,北海市,面包糕点奶制品,,91450502MA5Q0AEC4A,,,"序号: 51;标项名称: 面包糕点
奶制品;中标供应商名称: 北海市菲其食品有限
公司;中标供应商地址: 北海市北海大道以北、上海路以东(武
昌住路西向东30米);统一社会信用代码: 91450502MA5Q0AEC4A",0.99,"按 PDF 表格行批量抽取;地址视为供应商登记/联系地址,不自动认定为仓储节点。"
rec_cf0461eca9be0a72,data/raw/beihai_food_suppliers.pdf,file_92593653389d900a,government_procurement,7,1,8,北海市批量食品供应商入围名单,2026-02-27,广西北海美味达配送有限公司,,中山东路316号,广西壮族自治区/北海市,北海市,面包糕点奶制品,,91450500MAD8A57L29,,,"序号: 52;标项名称: 面包糕点
奶制品;中标供应商名称: 广西北海美味达配送
有限公司;中标供应商地址: 中山东路316号;统一社会信用代码: 91450500MAD8A57L29",0.99,"按 PDF 表格行批量抽取;地址视为供应商登记/联系地址,不自动认定为仓储节点。"
rec_93ccd352460cc55a,data/raw/guangxi_reserve_companies_2024.html,file_769ec59b0a9fc8c9,grain_reserve,,广西储备商品管理公司及其直属库名单,1,广西壮族自治区储备商品管理公司及其直属库名单,2024,广西壮族自治区储备粮管理集团有限公司,,,广西壮族自治区/自治区直属,,储备商品管理公司及其直属库,桂财税〔2024〕8号;章节:自治区直属,,,,名单: 广西储备商品管理公司及其直属库名单;文号: 桂财税〔2024〕8号;章节: 自治区直属;序号: 1;单位名称: 广西壮族自治区储备粮管理集团有限公司,0.99,使用 lxml 从 HTML 正文容器按“行政区标题 + 序号 + 单位名称”结构抽取;原正文段落序号 17。
rec_ecf9569a66185af9,data/raw/guangxi_reserve_companies_2024.html,file_769ec59b0a9fc8c9,grain_reserve,,广西储备商品管理公司及其直属库名单,2,广西壮族自治区储备商品管理公司及其直属库名单,2024,广西壮族自治区五象粮食储备库有限公司,,,广西壮族自治区/自治区直属,,储备商品管理公司及其直属库,桂财税〔2024〕8号;章节:自治区直属,,,,名单: 广西储备商品管理公司及其直属库名单;文号: 桂财税〔2024〕8号;章节: 自治区直属;序号: 2;单位名称: 广西壮族自治区五象粮食储备库有限公司,0.99,使用 lxml 从 HTML 正文容器按“行政区标题 + 序号 + 单位名称”结构抽取;原正文段落序号 18。
rec_5db31527e4661750,data/raw/guangxi_reserve_companies_2024.html,file_769ec59b0a9fc8c9,grain_reserve,,广西储备商品管理公司及其直属库名单,3,广西壮族自治区储备商品管理公司及其直属库名单,2024,广西壮族自治区黎塘粮食储备库有限公司,,,广西壮族自治区/自治区直属,,储备商品管理公司及其直属库,桂财税〔2024〕8号;章节:自治区直属,,,,名单: 广西储备商品管理公司及其直属库名单;文号: 桂财税〔2024〕8号;章节: 自治区直属;序号: 3;单位名称: 广西壮族自治区黎塘粮食储备库有限公司,0.99,使用 lxml 从 HTML 正文容器按“行政区标题 + 序号 + 单位名称”结构抽取;原正文段落序号 19。
rec_b9c1afcc7327c499,data/raw/guangxi_reserve_companies_2024.html,file_769ec59b0a9fc8c9,grain_reserve,,广西储备商品管理公司及其直属库名单,4,广西壮族自治区储备商品管理公司及其直属库名单,2024,广西壮族自治区南宁粮食储备库有限公司,,,广西壮族自治区/自治区直属,,储备商品管理公司及其直属库,桂财税〔2024〕8号;章节:自治区直属,,,,名单: 广西储备商品管理公司及其直属库名单;文号: 桂财税〔2024〕8号;章节: 自治区直属;序号: 4;单位名称: 广西壮族自治区南宁粮食储备库有限公司,0.99,使用 lxml 从 HTML 正文容器按“行政区标题 + 序号 + 单位名称”结构抽取;原正文段落序号 20。
rec_ea6713f8b844ec2c,data/raw/guangxi_reserve_companies_2024.html,file_769ec59b0a9fc8c9,grain_reserve,,广西储备商品管理公司及其直属库名单,5,广西壮族自治区储备商品管理公司及其直属库名单,2024,广西壮族自治区柳州粮食储备库有限公司,,,广西壮族自治区/自治区直属,,储备商品管理公司及其直属库,桂财税〔2024〕8号;章节:自治区直属,,,,名单: 广西储备商品管理公司及其直属库名单;文号: 桂财税〔2024〕8号;章节: 自治区直属;序号: 5;单位名称: 广西壮族自治区柳州粮食储备库有限公司,0.99,使用 lxml 从 HTML 正文容器按“行政区标题 + 序号 + 单位名称”结构抽取;原正文段落序号 21。
rec_7e774003bfca066c,data/raw/guangxi_reserve_companies_2024.html,file_769ec59b0a9fc8c9,grain_reserve,,广西储备商品管理公司及其直属库名单,6,广西壮族自治区储备商品管理公司及其直属库名单,2024,广西柳州粮食收储有限公司,,,广西壮族自治区/自治区直属,,储备商品管理公司及其直属库,桂财税〔2024〕8号;章节:自治区直属,,,,名单: 广西储备商品管理公司及其直属库名单;文号: 桂财税〔2024〕8号;章节: 自治区直属;序号: 6;单位名称: 广西柳州粮食收储有限公司,0.99,使用 lxml 从 HTML 正文容器按“行政区标题 + 序号 + 单位名称”结构抽取;原正文段落序号 22。
rec_155d7743ea5d8e8b,data/raw/guangxi_reserve_companies_2024.html,file_769ec59b0a9fc8c9,grain_reserve,,广西储备商品管理公司及其直属库名单,7,广西壮族自治区储备商品管理公司及其直属库名单,2024,广西壮族自治区防城港粮食储备库有限公司,,,广西壮族自治区/自治区直属,,储备商品管理公司及其直属库,桂财税〔2024〕8号;章节:自治区直属,,,,名单: 广西储备商品管理公司及其直属库名单;文号: 桂财税〔2024〕8号;章节: 自治区直属;序号: 7;单位名称: 广西壮族自治区防城港粮食储备库有限公司,0.99,使用 lxml 从 HTML 正文容器按“行政区标题 + 序号 + 单位名称”结构抽取;原正文段落序号 23。
rec_4bd0b16ef05f2c9b,data/raw/guangxi_reserve_companies_2024.html,file_769ec59b0a9fc8c9,grain_reserve,,广西储备商品管理公司及其直属库名单,8,广西壮族自治区储备商品管理公司及其直属库名单,2024,广西壮族自治区贵港粮食储备库有限公司,,,广西壮族自治区/自治区直属,,储备商品管理公司及其直属库,桂财税〔2024〕8号;章节:自治区直属,,,,名单: 广西储备商品管理公司及其直属库名单;文号: 桂财税〔2024〕8号;章节: 自治区直属;序号: 8;单位名称: 广西壮族自治区贵港粮食储备库有限公司,0.99,使用 lxml 从 HTML 正文容器按“行政区标题 + 序号 + 单位名称”结构抽取;原正文段落序号 24。
rec_b594ef131dacbbe2,data/raw/guangxi_reserve_companies_2024.html,file_769ec59b0a9fc8c9,grain_reserve,,广西储备商品管理公司及其直属库名单,9,广西壮族自治区储备商品管理公司及其直属库名单,2024,广西壮族自治区桂林粮食储备库有限公司,,,广西壮族自治区/自治区直属,,储备商品管理公司及其直属库,桂财税〔2024〕8号;章节:自治区直属,,,,名单: 广西储备商品管理公司及其直属库名单;文号: 桂财税〔2024〕8号;章节: 自治区直属;序号: 9;单位名称: 广西壮族自治区桂林粮食储备库有限公司,0.99,使用 lxml 从 HTML 正文容器按“行政区标题 + 序号 + 单位名称”结构抽取;原正文段落序号 25。
rec_8f663c2de6636de0,data/raw/guangxi_reserve_companies_2024.html,file_769ec59b0a9fc8c9,grain_reserve,,广西储备商品管理公司及其直属库名单,10,广西壮族自治区储备商品管理公司及其直属库名单,2024,广西壮族自治区融安粮食储备库有限公司,,,广西壮族自治区/自治区直属,,储备商品管理公司及其直属库,桂财税〔2024〕8号;章节:自治区直属,,,,名单: 广西储备商品管理公司及其直属库名单;文号: 桂财税〔2024〕8号;章节: 自治区直属;序号: 10;单位名称: 广西壮族自治区融安粮食储备库有限公司,0.99,使用 lxml 从 HTML 正文容器按“行政区标题 + 序号 + 单位名称”结构抽取;原正文段落序号 26。
rec_fecb52e7d97aa5b5,data/raw/guangxi_reserve_companies_2024.html,file_769ec59b0a9fc8c9,grain_reserve,,广西储备商品管理公司及其直属库名单,11,广西壮族自治区储备商品管理公司及其直属库名单,2024,广西壮族自治区田东粮食储备库有限公司,,,广西壮族自治区/自治区直属,,储备商品管理公司及其直属库,桂财税〔2024〕8号;章节:自治区直属,,,,名单: 广西储备商品管理公司及其直属库名单;文号: 桂财税〔2024〕8号;章节: 自治区直属;序号: 11;单位名称: 广西壮族自治区田东粮食储备库有限公司,0.99,使用 lxml 从 HTML 正文容器按“行政区标题 + 序号 + 单位名称”结构抽取;原正文段落序号 27。
rec_46d50c6c90c23f4b,data/raw/guangxi_reserve_companies_2024.html,file_769ec59b0a9fc8c9,grain_reserve,,广西储备商品管理公司及其直属库名单,12,广西壮族自治区储备商品管理公司及其直属库名单,2024,广西壮族自治区钦州粮食储备库有限公司,,,广西壮族自治区/自治区直属,,储备商品管理公司及其直属库,桂财税〔2024〕8号;章节:自治区直属,,,,名单: 广西储备商品管理公司及其直属库名单;文号: 桂财税〔2024〕8号;章节: 自治区直属;序号: 12;单位名称: 广西壮族自治区钦州粮食储备库有限公司,0.99,使用 lxml 从 HTML 正文容器按“行政区标题 + 序号 + 单位名称”结构抽取;原正文段落序号 28。
rec_f6de387b40aa486e,data/raw/guangxi_reserve_companies_2024.html,file_769ec59b0a9fc8c9,grain_reserve,,广西储备商品管理公司及其直属库名单,13,广西壮族自治区储备商品管理公司及其直属库名单,2024,广西军粮供应有限公司,,,广西壮族自治区/自治区直属,,储备商品管理公司及其直属库,桂财税〔2024〕8号;章节:自治区直属,,,,名单: 广西储备商品管理公司及其直属库名单;文号: 桂财税〔2024〕8号;章节: 自治区直属;序号: 13;单位名称: 广西军粮供应有限公司,0.99,使用 lxml 从 HTML 正文容器按“行政区标题 + 序号 + 单位名称”结构抽取;原正文段落序号 29。
rec_bc00205b13968f44,data/raw/guangxi_reserve_companies_2024.html,file_769ec59b0a9fc8c9,grain_reserve,,广西储备商品管理公司及其直属库名单,14,广西壮族自治区储备商品管理公司及其直属库名单,2024,广西防城港华粮仓储有限公司,,,广西壮族自治区/自治区直属,,储备商品管理公司及其直属库,桂财税〔2024〕8号;章节:自治区直属,,,,名单: 广西储备商品管理公司及其直属库名单;文号: 桂财税〔2024〕8号;章节: 自治区直属;序号: 14;单位名称: 广西防城港华粮仓储有限公司,0.99,使用 lxml 从 HTML 正文容器按“行政区标题 + 序号 + 单位名称”结构抽取;原正文段落序号 30。
rec_0f7ee23cf4f4c659,data/raw/guangxi_reserve_companies_2024.html,file_769ec59b0a9fc8c9,grain_reserve,,广西储备商品管理公司及其直属库名单,15,广西壮族自治区储备商品管理公司及其直属库名单,2024,广西国泰粮食集团有限公司,,,广西壮族自治区/自治区直属,,储备商品管理公司及其直属库,桂财税〔2024〕8号;章节:自治区直属,,,,名单: 广西储备商品管理公司及其直属库名单;文号: 桂财税〔2024〕8号;章节: 自治区直属;序号: 15;单位名称: 广西国泰粮食集团有限公司,0.99,使用 lxml 从 HTML 正文容器按“行政区标题 + 序号 + 单位名称”结构抽取;原正文段落序号 31。
rec_5286077dc9891b1b,data/raw/guangxi_reserve_companies_2024.html,file_769ec59b0a9fc8c9,grain_reserve,,广西储备商品管理公司及其直属库名单,16,广西壮族自治区储备商品管理公司及其直属库名单,2024,广西粮食发展有限公司,,,广西壮族自治区/自治区直属,,储备商品管理公司及其直属库,桂财税〔2024〕8号;章节:自治区直属,,,,名单: 广西储备商品管理公司及其直属库名单;文号: 桂财税〔2024〕8号;章节: 自治区直属;序号: 16;单位名称: 广西粮食发展有限公司,0.99,使用 lxml 从 HTML 正文容器按“行政区标题 + 序号 + 单位名称”结构抽取;原正文段落序号 32。
rec_586f07b3e23f5796,data/raw/guangxi_reserve_companies_2024.html,file_769ec59b0a9fc8c9,grain_reserve,,广西储备商品管理公司及其直属库名单,17,广西壮族自治区储备商品管理公司及其直属库名单,2024,广西南宁福象粮油有限公司,,,广西壮族自治区/自治区直属,,储备商品管理公司及其直属库,桂财税〔2024〕8号;章节:自治区直属,,,,名单: 广西储备商品管理公司及其直属库名单;文号: 桂财税〔2024〕8号;章节: 自治区直属;序号: 17;单位名称: 广西南宁福象粮油有限公司,0.99,使用 lxml 从 HTML 正文容器按“行政区标题 + 序号 + 单位名称”结构抽取;原正文段落序号 33。
rec_816bc27c0f5d44e4,data/raw/guangxi_reserve_companies_2024.html,file_769ec59b0a9fc8c9,grain_reserve,,广西储备商品管理公司及其直属库名单,18,广西壮族自治区储备商品管理公司及其直属库名单,2024,广西新发展米业有限公司,,,广西壮族自治区/自治区直属,,储备商品管理公司及其直属库,桂财税〔2024〕8号;章节:自治区直属,,,,名单: 广西储备商品管理公司及其直属库名单;文号: 桂财税〔2024〕8号;章节: 自治区直属;序号: 18;单位名称: 广西新发展米业有限公司,0.99,使用 lxml 从 HTML 正文容器按“行政区标题 + 序号 + 单位名称”结构抽取;原正文段落序号 34。
rec_0b4e9939bf0257a8,data/raw/guangxi_reserve_companies_2024.html,file_769ec59b0a9fc8c9,grain_reserve,,广西储备商品管理公司及其直属库名单,19,广西壮族自治区储备商品管理公司及其直属库名单,2024,南宁市储备粮管理有限责任公司,,,广西壮族自治区/南宁市,,储备商品管理公司及其直属库,桂财税〔2024〕8号;章节:南宁市,,,,名单: 广西储备商品管理公司及其直属库名单;文号: 桂财税〔2024〕8号;章节: 南宁市;序号: 19;单位名称: 南宁市储备粮管理有限责任公司,0.99,使用 lxml 从 HTML 正文容器按“行政区标题 + 序号 + 单位名称”结构抽取;原正文段落序号 36。
rec_169703f7921bfc33,data/raw/guangxi_reserve_companies_2024.html,file_769ec59b0a9fc8c9,grain_reserve,,广西储备商品管理公司及其直属库名单,20,广西壮族自治区储备商品管理公司及其直属库名单,2024,南宁市储备粮管理有限责任公司沙井粮库,南宁市储备粮管理有限责任公司,,广西壮族自治区/南宁市,,储备商品管理公司及其直属库,桂财税〔2024〕8号;章节:南宁市,,,,名单: 广西储备商品管理公司及其直属库名单;文号: 桂财税〔2024〕8号;章节: 南宁市;序号: 20;单位名称: 南宁市储备粮管理有限责任公司沙井粮库,0.99,使用 lxml 从 HTML 正文容器按“行政区标题 + 序号 + 单位名称”结构抽取;原正文段落序号 37。
rec_214eafe41396980c,data/raw/guangxi_reserve_companies_2024.html,file_769ec59b0a9fc8c9,grain_reserve,,广西储备商品管理公司及其直属库名单,21,广西壮族自治区储备商品管理公司及其直属库名单,2024,南宁市储备粮管理有限责任公司五象粮库,南宁市储备粮管理有限责任公司,,广西壮族自治区/南宁市,,储备商品管理公司及其直属库,桂财税〔2024〕8号;章节:南宁市,,,,名单: 广西储备商品管理公司及其直属库名单;文号: 桂财税〔2024〕8号;章节: 南宁市;序号: 21;单位名称: 南宁市储备粮管理有限责任公司五象粮库,0.99,使用 lxml 从 HTML 正文容器按“行政区标题 + 序号 + 单位名称”结构抽取;原正文段落序号 38。
rec_eaa6d05dd40c0abc,data/raw/guangxi_reserve_companies_2024.html,file_769ec59b0a9fc8c9,grain_reserve,,广西储备商品管理公司及其直属库名单,22,广西壮族自治区储备商品管理公司及其直属库名单,2024,南宁市金谷隆粮油购销有限责任公司,,,广西壮族自治区/南宁市,,储备商品管理公司及其直属库,桂财税〔2024〕8号;章节:南宁市,,,,名单: 广西储备商品管理公司及其直属库名单;文号: 桂财税〔2024〕8号;章节: 南宁市;序号: 22;单位名称: 南宁市金谷隆粮油购销有限责任公司,0.99,使用 lxml 从 HTML 正文容器按“行政区标题 + 序号 + 单位名称”结构抽取;原正文段落序号 39。
rec_403bcf1bace98b24,data/raw/guangxi_reserve_companies_2024.html,file_769ec59b0a9fc8c9,grain_reserve,,广西储备商品管理公司及其直属库名单,23,广西壮族自治区储备商品管理公司及其直属库名单,2024,南宁佳美粮油食品有限公司,,,广西壮族自治区/南宁市,,储备商品管理公司及其直属库,桂财税〔2024〕8号;章节:南宁市,,,,名单: 广西储备商品管理公司及其直属库名单;文号: 桂财税〔2024〕8号;章节: 南宁市;序号: 23;单位名称: 南宁佳美粮油食品有限公司,0.99,使用 lxml 从 HTML 正文容器按“行政区标题 + 序号 + 单位名称”结构抽取;原正文段落序号 40。
rec_79f1683260483ae5,data/raw/guangxi_reserve_companies_2024.html,file_769ec59b0a9fc8c9,grain_reserve,,广西储备商品管理公司及其直属库名单,24,广西壮族自治区储备商品管理公司及其直属库名单,2024,南宁市邕宁区储备粮管理有限责任公司,,,广西壮族自治区/南宁市,,储备商品管理公司及其直属库,桂财税〔2024〕8号;章节:南宁市,,,,名单: 广西储备商品管理公司及其直属库名单;文号: 桂财税〔2024〕8号;章节: 南宁市;序号: 24;单位名称: 南宁市邕宁区储备粮管理有限责任公司,0.99,使用 lxml 从 HTML 正文容器按“行政区标题 + 序号 + 单位名称”结构抽取;原正文段落序号 41。
rec_0c003e88213e53b8,data/raw/guangxi_reserve_companies_2024.html,file_769ec59b0a9fc8c9,grain_reserve,,广西储备商品管理公司及其直属库名单,25,广西壮族自治区储备商品管理公司及其直属库名单,2024,南宁市邕宁区粮食储备库,,,广西壮族自治区/南宁市,,储备商品管理公司及其直属库,桂财税〔2024〕8号;章节:南宁市,,,,名单: 广西储备商品管理公司及其直属库名单;文号: 桂财税〔2024〕8号;章节: 南宁市;序号: 25;单位名称: 南宁市邕宁区粮食储备库,0.99,使用 lxml 从 HTML 正文容器按“行政区标题 + 序号 + 单位名称”结构抽取;原正文段落序号 42。
rec_074f017f714aed2e,data/raw/guangxi_reserve_companies_2024.html,file_769ec59b0a9fc8c9,grain_reserve,,广西储备商品管理公司及其直属库名单,26,广西壮族自治区储备商品管理公司及其直属库名单,2024,南宁市邕宁区蒲庙粮食管理所,,,广西壮族自治区/南宁市,,储备商品管理公司及其直属库,桂财税〔2024〕8号;章节:南宁市,,,,名单: 广西储备商品管理公司及其直属库名单;文号: 桂财税〔2024〕8号;章节: 南宁市;序号: 26;单位名称: 南宁市邕宁区蒲庙粮食管理所,0.99,使用 lxml 从 HTML 正文容器按“行政区标题 + 序号 + 单位名称”结构抽取;原正文段落序号 43。
rec_8fd6a836a6609a71,data/raw/guangxi_reserve_companies_2024.html,file_769ec59b0a9fc8c9,grain_reserve,,广西储备商品管理公司及其直属库名单,27,广西壮族自治区储备商品管理公司及其直属库名单,2024,南宁市邕宁区新江镇粮食管理所,,,广西壮族自治区/南宁市,,储备商品管理公司及其直属库,桂财税〔2024〕8号;章节:南宁市,,,,名单: 广西储备商品管理公司及其直属库名单;文号: 桂财税〔2024〕8号;章节: 南宁市;序号: 27;单位名称: 南宁市邕宁区新江镇粮食管理所,0.99,使用 lxml 从 HTML 正文容器按“行政区标题 + 序号 + 单位名称”结构抽取;原正文段落序号 44。
rec_0a3eea9cd611d928,data/raw/guangxi_reserve_companies_2024.html,file_769ec59b0a9fc8c9,grain_reserve,,广西储备商品管理公司及其直属库名单,28,广西壮族自治区储备商品管理公司及其直属库名单,2024,南宁市邕宁区中和粮食管理所,,,广西壮族自治区/南宁市,,储备商品管理公司及其直属库,桂财税〔2024〕8号;章节:南宁市,,,,名单: 广西储备商品管理公司及其直属库名单;文号: 桂财税〔2024〕8号;章节: 南宁市;序号: 28;单位名称: 南宁市邕宁区中和粮食管理所,0.99,使用 lxml 从 HTML 正文容器按“行政区标题 + 序号 + 单位名称”结构抽取;原正文段落序号 45。
rec_01f6a653aab00f59,data/raw/guangxi_reserve_companies_2024.html,file_769ec59b0a9fc8c9,grain_reserve,,广西储备商品管理公司及其直属库名单,29,广西壮族自治区储备商品管理公司及其直属库名单,2024,南宁市邕宁区那楼粮食管理所,,,广西壮族自治区/南宁市,,储备商品管理公司及其直属库,桂财税〔2024〕8号;章节:南宁市,,,,名单: 广西储备商品管理公司及其直属库名单;文号: 桂财税〔2024〕8号;章节: 南宁市;序号: 29;单位名称: 南宁市邕宁区那楼粮食管理所,0.99,使用 lxml 从 HTML 正文容器按“行政区标题 + 序号 + 单位名称”结构抽取;原正文段落序号 46。
rec_c111f05a56ffbcc7,data/raw/guangxi_reserve_companies_2024.html,file_769ec59b0a9fc8c9,grain_reserve,,广西储备商品管理公司及其直属库名单,30,广西壮族自治区储备商品管理公司及其直属库名单,2024,南宁市邕宁区百济粮食管理所,,,广西壮族自治区/南宁市,,储备商品管理公司及其直属库,桂财税〔2024〕8号;章节:南宁市,,,,名单: 广西储备商品管理公司及其直属库名单;文号: 桂财税〔2024〕8号;章节: 南宁市;序号: 30;单位名称: 南宁市邕宁区百济粮食管理所,0.99,使用 lxml 从 HTML 正文容器按“行政区标题 + 序号 + 单位名称”结构抽取;原正文段落序号 47。
rec_1dc7f05d53baf9a5,data/raw/guangxi_reserve_companies_2024.html,file_769ec59b0a9fc8c9,grain_reserve,,广西储备商品管理公司及其直属库名单,31,广西壮族自治区储备商品管理公司及其直属库名单,2024,南宁市江丰粮食收储管理中心,,,广西壮族自治区/南宁市,,储备商品管理公司及其直属库,桂财税〔2024〕8号;章节:南宁市,,,,名单: 广西储备商品管理公司及其直属库名单;文号: 桂财税〔2024〕8号;章节: 南宁市;序号: 31;单位名称: 南宁市江丰粮食收储管理中心,0.99,使用 lxml 从 HTML 正文容器按“行政区标题 + 序号 + 单位名称”结构抽取;原正文段落序号 48。
rec_5eb4ca1bb6d1cd01,data/raw/guangxi_reserve_companies_2024.html,file_769ec59b0a9fc8c9,grain_reserve,,广西储备商品管理公司及其直属库名单,32,广西壮族自治区储备商品管理公司及其直属库名单,2024,南宁市青秀区南阳粮食管理所,,,广西壮族自治区/南宁市,,储备商品管理公司及其直属库,桂财税〔2024〕8号;章节:南宁市,,,,名单: 广西储备商品管理公司及其直属库名单;文号: 桂财税〔2024〕8号;章节: 南宁市;序号: 32;单位名称: 南宁市青秀区南阳粮食管理所,0.99,使用 lxml 从 HTML 正文容器按“行政区标题 + 序号 + 单位名称”结构抽取;原正文段落序号 49。
rec_6dacf49e726b364d,data/raw/guangxi_reserve_companies_2024.html,file_769ec59b0a9fc8c9,grain_reserve,,广西储备商品管理公司及其直属库名单,33,广西壮族自治区储备商品管理公司及其直属库名单,2024,南宁市青秀区刘圩粮食管理所,,,广西壮族自治区/南宁市,,储备商品管理公司及其直属库,桂财税〔2024〕8号;章节:南宁市,,,,名单: 广西储备商品管理公司及其直属库名单;文号: 桂财税〔2024〕8号;章节: 南宁市;序号: 33;单位名称: 南宁市青秀区刘圩粮食管理所,0.99,使用 lxml 从 HTML 正文容器按“行政区标题 + 序号 + 单位名称”结构抽取;原正文段落序号 50。
rec_54515906fecff157,data/raw/guangxi_reserve_companies_2024.html,file_769ec59b0a9fc8c9,grain_reserve,,广西储备商品管理公司及其直属库名单,34,广西壮族自治区储备商品管理公司及其直属库名单,2024,南宁市良庆区庆丰粮油购储管理有限公司,,,广西壮族自治区/南宁市,,储备商品管理公司及其直属库,桂财税〔2024〕8号;章节:南宁市,,,,名单: 广西储备商品管理公司及其直属库名单;文号: 桂财税〔2024〕8号;章节: 南宁市;序号: 34;单位名称: 南宁市良庆区庆丰粮油购储管理有限公司,0.99,使用 lxml 从 HTML 正文容器按“行政区标题 + 序号 + 单位名称”结构抽取;原正文段落序号 51。
rec_a8487aca7d7600e0,data/raw/guangxi_reserve_companies_2024.html,file_769ec59b0a9fc8c9,grain_reserve,,广西储备商品管理公司及其直属库名单,35,广西壮族自治区储备商品管理公司及其直属库名单,2024,南宁市武鸣区粮油购销有限总公司,,,广西壮族自治区/南宁市,,储备商品管理公司及其直属库,桂财税〔2024〕8号;章节:南宁市,,,,名单: 广西储备商品管理公司及其直属库名单;文号: 桂财税〔2024〕8号;章节: 南宁市;序号: 35;单位名称: 南宁市武鸣区粮油购销有限总公司,0.99,使用 lxml 从 HTML 正文容器按“行政区标题 + 序号 + 单位名称”结构抽取;原正文段落序号 52。
rec_828a5606b8b1877c,data/raw/guangxi_reserve_companies_2024.html,file_769ec59b0a9fc8c9,grain_reserve,,广西储备商品管理公司及其直属库名单,36,广西壮族自治区储备商品管理公司及其直属库名单,2024,南宁市武鸣区岭南粮油工贸有限责任公司,,,广西壮族自治区/南宁市,,储备商品管理公司及其直属库,桂财税〔2024〕8号;章节:南宁市,,,,名单: 广西储备商品管理公司及其直属库名单;文号: 桂财税〔2024〕8号;章节: 南宁市;序号: 36;单位名称: 南宁市武鸣区岭南粮油工贸有限责任公司,0.99,使用 lxml 从 HTML 正文容器按“行政区标题 + 序号 + 单位名称”结构抽取;原正文段落序号 53。
rec_68c74a394dfa504d,data/raw/guangxi_reserve_companies_2024.html,file_769ec59b0a9fc8c9,grain_reserve,,广西储备商品管理公司及其直属库名单,37,广西壮族自治区储备商品管理公司及其直属库名单,2024,宾阳县芦圩粮食购销有限责任公司,,,广西壮族自治区/南宁市,,储备商品管理公司及其直属库,桂财税〔2024〕8号;章节:南宁市,,,,名单: 广西储备商品管理公司及其直属库名单;文号: 桂财税〔2024〕8号;章节: 南宁市;序号: 37;单位名称: 宾阳县芦圩粮食购销有限责任公司,0.99,使用 lxml 从 HTML 正文容器按“行政区标题 + 序号 + 单位名称”结构抽取;原正文段落序号 54。
rec_c1bfc14f47884768,data/raw/guangxi_reserve_companies_2024.html,file_769ec59b0a9fc8c9,grain_reserve,,广西储备商品管理公司及其直属库名单,38,广西壮族自治区储备商品管理公司及其直属库名单,2024,宾阳县粮食收储有限责任公司,,,广西壮族自治区/南宁市,,储备商品管理公司及其直属库,桂财税〔2024〕8号;章节:南宁市,,,,名单: 广西储备商品管理公司及其直属库名单;文号: 桂财税〔2024〕8号;章节: 南宁市;序号: 38;单位名称: 宾阳县粮食收储有限责任公司,0.99,使用 lxml 从 HTML 正文容器按“行政区标题 + 序号 + 单位名称”结构抽取;原正文段落序号 55。
rec_2300ba0f9f63f50b,data/raw/guangxi_reserve_companies_2024.html,file_769ec59b0a9fc8c9,grain_reserve,,广西储备商品管理公司及其直属库名单,39,广西壮族自治区储备商品管理公司及其直属库名单,2024,宾阳县黎塘粮食购销有限责任公司,,,广西壮族自治区/南宁市,,储备商品管理公司及其直属库,桂财税〔2024〕8号;章节:南宁市,,,,名单: 广西储备商品管理公司及其直属库名单;文号: 桂财税〔2024〕8号;章节: 南宁市;序号: 39;单位名称: 宾阳县黎塘粮食购销有限责任公司,0.99,使用 lxml 从 HTML 正文容器按“行政区标题 + 序号 + 单位名称”结构抽取;原正文段落序号 56。
rec_fc91f7cfaefa02dd,data/raw/guangxi_reserve_companies_2024.html,file_769ec59b0a9fc8c9,grain_reserve,,广西储备商品管理公司及其直属库名单,40,广西壮族自治区储备商品管理公司及其直属库名单,2024,横州市六景粮食储备中心库,,,广西壮族自治区/南宁市,,储备商品管理公司及其直属库,桂财税〔2024〕8号;章节:南宁市,,,,名单: 广西储备商品管理公司及其直属库名单;文号: 桂财税〔2024〕8号;章节: 南宁市;序号: 40;单位名称: 横州市六景粮食储备中心库,0.99,使用 lxml 从 HTML 正文容器按“行政区标题 + 序号 + 单位名称”结构抽取;原正文段落序号 57。
rec_8f87253fdf4df0c2,data/raw/guangxi_reserve_companies_2024.html,file_769ec59b0a9fc8c9,grain_reserve,,广西储备商品管理公司及其直属库名单,41,广西壮族自治区储备商品管理公司及其直属库名单,2024,马山县储备粮管理公司,,,广西壮族自治区/南宁市,,储备商品管理公司及其直属库,桂财税〔2024〕8号;章节:南宁市,,,,名单: 广西储备商品管理公司及其直属库名单;文号: 桂财税〔2024〕8号;章节: 南宁市;序号: 41;单位名称: 马山县储备粮管理公司,0.99,使用 lxml 从 HTML 正文容器按“行政区标题 + 序号 + 单位名称”结构抽取;原正文段落序号 58。
rec_d0ea32a1e209e553,data/raw/guangxi_reserve_companies_2024.html,file_769ec59b0a9fc8c9,grain_reserve,,广西储备商品管理公司及其直属库名单,42,广西壮族自治区储备商品管理公司及其直属库名单,2024,隆安县储备粮管理公司,,,广西壮族自治区/南宁市,,储备商品管理公司及其直属库,桂财税〔2024〕8号;章节:南宁市,,,,名单: 广西储备商品管理公司及其直属库名单;文号: 桂财税〔2024〕8号;章节: 南宁市;序号: 42;单位名称: 隆安县储备粮管理公司,0.99,使用 lxml 从 HTML 正文容器按“行政区标题 + 序号 + 单位名称”结构抽取;原正文段落序号 59。
rec_329fed119b72e5c2,data/raw/guangxi_reserve_companies_2024.html,file_769ec59b0a9fc8c9,grain_reserve,,广西储备商品管理公司及其直属库名单,43,广西壮族自治区储备商品管理公司及其直属库名单,2024,上林县安恒储备粮管理有限公司,,,广西壮族自治区/南宁市,,储备商品管理公司及其直属库,桂财税〔2024〕8号;章节:南宁市,,,,名单: 广西储备商品管理公司及其直属库名单;文号: 桂财税〔2024〕8号;章节: 南宁市;序号: 43;单位名称: 上林县安恒储备粮管理有限公司,0.99,使用 lxml 从 HTML 正文容器按“行政区标题 + 序号 + 单位名称”结构抽取;原正文段落序号 60。
rec_88a6cb8c16dcd358,data/raw/guangxi_reserve_companies_2024.html,file_769ec59b0a9fc8c9,grain_reserve,,广西储备商品管理公司及其直属库名单,44,广西壮族自治区储备商品管理公司及其直属库名单,2024,上林县安恒储备粮管理有限公司大丰分公司,上林县安恒储备粮管理有限公司,,广西壮族自治区/南宁市,,储备商品管理公司及其直属库,桂财税〔2024〕8号;章节:南宁市,,,,名单: 广西储备商品管理公司及其直属库名单;文号: 桂财税〔2024〕8号;章节: 南宁市;序号: 44;单位名称: 上林县安恒储备粮管理有限公司大丰分公司,0.99,使用 lxml 从 HTML 正文容器按“行政区标题 + 序号 + 单位名称”结构抽取;原正文段落序号 61。
rec_0379aeaeebfae59c,data/raw/guangxi_reserve_companies_2024.html,file_769ec59b0a9fc8c9,grain_reserve,,广西储备商品管理公司及其直属库名单,45,广西壮族自治区储备商品管理公司及其直属库名单,2024,上林县安恒储备粮管理有限公司明亮分公司,上林县安恒储备粮管理有限公司,,广西壮族自治区/南宁市,,储备商品管理公司及其直属库,桂财税〔2024〕8号;章节:南宁市,,,,名单: 广西储备商品管理公司及其直属库名单;文号: 桂财税〔2024〕8号;章节: 南宁市;序号: 45;单位名称: 上林县安恒储备粮管理有限公司明亮分公司,0.99,使用 lxml 从 HTML 正文容器按“行政区标题 + 序号 + 单位名称”结构抽取;原正文段落序号 62。
rec_3a5244ae939afec5,data/raw/guangxi_reserve_companies_2024.html,file_769ec59b0a9fc8c9,grain_reserve,,广西储备商品管理公司及其直属库名单,46,广西壮族自治区储备商品管理公司及其直属库名单,2024,上林县安恒储备粮管理有限公司巷贤分公司,上林县安恒储备粮管理有限公司,,广西壮族自治区/南宁市,,储备商品管理公司及其直属库,桂财税〔2024〕8号;章节:南宁市,,,,名单: 广西储备商品管理公司及其直属库名单;文号: 桂财税〔2024〕8号;章节: 南宁市;序号: 46;单位名称: 上林县安恒储备粮管理有限公司巷贤分公司,0.99,使用 lxml 从 HTML 正文容器按“行政区标题 + 序号 + 单位名称”结构抽取;原正文段落序号 63。
rec_f8c62e1242f5fb57,data/raw/guangxi_reserve_companies_2024.html,file_769ec59b0a9fc8c9,grain_reserve,,广西储备商品管理公司及其直属库名单,47,广西壮族自治区储备商品管理公司及其直属库名单,2024,上林县安恒储备粮管理有限公司白圩分公司,上林县安恒储备粮管理有限公司,,广西壮族自治区/南宁市,,储备商品管理公司及其直属库,桂财税〔2024〕8号;章节:南宁市,,,,名单: 广西储备商品管理公司及其直属库名单;文号: 桂财税〔2024〕8号;章节: 南宁市;序号: 47;单位名称: 上林县安恒储备粮管理有限公司白圩分公司,0.99,使用 lxml 从 HTML 正文容器按“行政区标题 + 序号 + 单位名称”结构抽取;原正文段落序号 64。
rec_52073b609a096e8e,data/raw/guangxi_reserve_companies_2024.html,file_769ec59b0a9fc8c9,grain_reserve,,广西储备商品管理公司及其直属库名单,48,广西壮族自治区储备商品管理公司及其直属库名单,2024,上林县安恒储备粮管理有限公司白圩狮螺分公司,上林县安恒储备粮管理有限公司,,广西壮族自治区/南宁市,,储备商品管理公司及其直属库,桂财税〔2024〕8号;章节:南宁市,,,,名单: 广西储备商品管理公司及其直属库名单;文号: 桂财税〔2024〕8号;章节: 南宁市;序号: 48;单位名称: 上林县安恒储备粮管理有限公司白圩狮螺分公司,0.99,使用 lxml 从 HTML 正文容器按“行政区标题 + 序号 + 单位名称”结构抽取;原正文段落序号 65。
rec_4e3036d97ebeb28c,data/raw/guangxi_reserve_companies_2024.html,file_769ec59b0a9fc8c9,grain_reserve,,广西储备商品管理公司及其直属库名单,49,广西壮族自治区储备商品管理公司及其直属库名单,2024,上林县安恒储备粮管理有限公司澄泰分公司,上林县安恒储备粮管理有限公司,,广西壮族自治区/南宁市,,储备商品管理公司及其直属库,桂财税〔2024〕8号;章节:南宁市,,,,名单: 广西储备商品管理公司及其直属库名单;文号: 桂财税〔2024〕8号;章节: 南宁市;序号: 49;单位名称: 上林县安恒储备粮管理有限公司澄泰分公司,0.99,使用 lxml 从 HTML 正文容器按“行政区标题 + 序号 + 单位名称”结构抽取;原正文段落序号 66。
rec_7863b5e2b373e181,data/raw/guangxi_reserve_companies_2024.html,file_769ec59b0a9fc8c9,grain_reserve,,广西储备商品管理公司及其直属库名单,50,广西壮族自治区储备商品管理公司及其直属库名单,2024,上林县安恒储备粮管理有限公司澄泰金鼓分公司,上林县安恒储备粮管理有限公司,,广西壮族自治区/南宁市,,储备商品管理公司及其直属库,桂财税〔2024〕8号;章节:南宁市,,,,名单: 广西储备商品管理公司及其直属库名单;文号: 桂财税〔2024〕8号;章节: 南宁市;序号: 50;单位名称: 上林县安恒储备粮管理有限公司澄泰金鼓分公司,0.99,使用 lxml 从 HTML 正文容器按“行政区标题 + 序号 + 单位名称”结构抽取;原正文段落序号 67。
rec_3f396d23525cd410,data/raw/guangxi_reserve_companies_2024.html,file_769ec59b0a9fc8c9,grain_reserve,,广西储备商品管理公司及其直属库名单,51,广西壮族自治区储备商品管理公司及其直属库名单,2024,上林县安恒储备粮管理有限公司三里分公司,上林县安恒储备粮管理有限公司,,广西壮族自治区/南宁市,,储备商品管理公司及其直属库,桂财税〔2024〕8号;章节:南宁市,,,,名单: 广西储备商品管理公司及其直属库名单;文号: 桂财税〔2024〕8号;章节: 南宁市;序号: 51;单位名称: 上林县安恒储备粮管理有限公司三里分公司,0.99,使用 lxml 从 HTML 正文容器按“行政区标题 + 序号 + 单位名称”结构抽取;原正文段落序号 68。
rec_3e36d92b7ed7194b,data/raw/guangxi_reserve_companies_2024.html,file_769ec59b0a9fc8c9,grain_reserve,,广西储备商品管理公司及其直属库名单,52,广西壮族自治区储备商品管理公司及其直属库名单,2024,上林县安恒储备粮管理有限公司乔贤分公司,上林县安恒储备粮管理有限公司,,广西壮族自治区/南宁市,,储备商品管理公司及其直属库,桂财税〔2024〕8号;章节:南宁市,,,,名单: 广西储备商品管理公司及其直属库名单;文号: 桂财税〔2024〕8号;章节: 南宁市;序号: 52;单位名称: 上林县安恒储备粮管理有限公司乔贤分公司,0.99,使用 lxml 从 HTML 正文容器按“行政区标题 + 序号 + 单位名称”结构抽取;原正文段落序号 69。
rec_3b771f55910a99d9,data/raw/guangxi_reserve_companies_2024.html,file_769ec59b0a9fc8c9,grain_reserve,,广西储备商品管理公司及其直属库名单,53,广西壮族自治区储备商品管理公司及其直属库名单,2024,上林县安恒储备粮管理有限公司塘红分公司,上林县安恒储备粮管理有限公司,,广西壮族自治区/南宁市,,储备商品管理公司及其直属库,桂财税〔2024〕8号;章节:南宁市,,,,名单: 广西储备商品管理公司及其直属库名单;文号: 桂财税〔2024〕8号;章节: 南宁市;序号: 53;单位名称: 上林县安恒储备粮管理有限公司塘红分公司,0.99,使用 lxml 从 HTML 正文容器按“行政区标题 + 序号 + 单位名称”结构抽取;原正文段落序号 70。
rec_7ab5cda81c309b42,data/raw/guangxi_reserve_companies_2024.html,file_769ec59b0a9fc8c9,grain_reserve,,广西储备商品管理公司及其直属库名单,54,广西壮族自治区储备商品管理公司及其直属库名单,2024,上林县安恒储备粮管理有限公司塘红万福分公司,上林县安恒储备粮管理有限公司,,广西壮族自治区/南宁市,,储备商品管理公司及其直属库,桂财税〔2024〕8号;章节:南宁市,,,,名单: 广西储备商品管理公司及其直属库名单;文号: 桂财税〔2024〕8号;章节: 南宁市;序号: 54;单位名称: 上林县安恒储备粮管理有限公司塘红万福分公司,0.99,使用 lxml 从 HTML 正文容器按“行政区标题 + 序号 + 单位名称”结构抽取;原正文段落序号 71。
rec_e85aef44e4e6b995,data/raw/guangxi_reserve_companies_2024.html,file_769ec59b0a9fc8c9,grain_reserve,,广西储备商品管理公司及其直属库名单,55,广西壮族自治区储备商品管理公司及其直属库名单,2024,上林县安恒储备粮管理有限公司镇圩分公司,上林县安恒储备粮管理有限公司,,广西壮族自治区/南宁市,,储备商品管理公司及其直属库,桂财税〔2024〕8号;章节:南宁市,,,,名单: 广西储备商品管理公司及其直属库名单;文号: 桂财税〔2024〕8号;章节: 南宁市;序号: 55;单位名称: 上林县安恒储备粮管理有限公司镇圩分公司,0.99,使用 lxml 从 HTML 正文容器按“行政区标题 + 序号 + 单位名称”结构抽取;原正文段落序号 72。
rec_04fe8771fa5ea953,data/raw/guangxi_reserve_companies_2024.html,file_769ec59b0a9fc8c9,grain_reserve,,广西储备商品管理公司及其直属库名单,56,广西壮族自治区储备商品管理公司及其直属库名单,2024,上林县安恒储备粮管理有限公司西燕分公司,上林县安恒储备粮管理有限公司,,广西壮族自治区/南宁市,,储备商品管理公司及其直属库,桂财税〔2024〕8号;章节:南宁市,,,,名单: 广西储备商品管理公司及其直属库名单;文号: 桂财税〔2024〕8号;章节: 南宁市;序号: 56;单位名称: 上林县安恒储备粮管理有限公司西燕分公司,0.99,使用 lxml 从 HTML 正文容器按“行政区标题 + 序号 + 单位名称”结构抽取;原正文段落序号 73。
rec_b8557e5fb94fe8bc,data/raw/guangxi_reserve_companies_2024.html,file_769ec59b0a9fc8c9,grain_reserve,,广西储备商品管理公司及其直属库名单,57,广西壮族自治区储备商品管理公司及其直属库名单,2024,柳州市五里卡粮库有限公司,,,广西壮族自治区/柳州市,,储备商品管理公司及其直属库,桂财税〔2024〕8号;章节:柳州市,,,,名单: 广西储备商品管理公司及其直属库名单;文号: 桂财税〔2024〕8号;章节: 柳州市;序号: 57;单位名称: 柳州市五里卡粮库有限公司,0.99,使用 lxml 从 HTML 正文容器按“行政区标题 + 序号 + 单位名称”结构抽取;原正文段落序号 75。
rec_64aafb9bc4fae0ae,data/raw/guangxi_reserve_companies_2024.html,file_769ec59b0a9fc8c9,grain_reserve,,广西储备商品管理公司及其直属库名单,58,广西壮族自治区储备商品管理公司及其直属库名单,2024,柳州市军粮供应有限公司,,,广西壮族自治区/柳州市,,储备商品管理公司及其直属库,桂财税〔2024〕8号;章节:柳州市,,,,名单: 广西储备商品管理公司及其直属库名单;文号: 桂财税〔2024〕8号;章节: 柳州市;序号: 58;单位名称: 柳州市军粮供应有限公司,0.99,使用 lxml 从 HTML 正文容器按“行政区标题 + 序号 + 单位名称”结构抽取;原正文段落序号 76。
rec_a5d5923ebd9438bc,data/raw/guangxi_reserve_companies_2024.html,file_769ec59b0a9fc8c9,grain_reserve,,广西储备商品管理公司及其直属库名单,59,广西壮族自治区储备商品管理公司及其直属库名单,2024,柳州市君厨粮油有限公司,,,广西壮族自治区/柳州市,,储备商品管理公司及其直属库,桂财税〔2024〕8号;章节:柳州市,,,,名单: 广西储备商品管理公司及其直属库名单;文号: 桂财税〔2024〕8号;章节: 柳州市;序号: 59;单位名称: 柳州市君厨粮油有限公司,0.99,使用 lxml 从 HTML 正文容器按“行政区标题 + 序号 + 单位名称”结构抽取;原正文段落序号 77。
rec_12929b5bf6c10e34,data/raw/guangxi_reserve_companies_2024.html,file_769ec59b0a9fc8c9,grain_reserve,,广西储备商品管理公司及其直属库名单,60,广西壮族自治区储备商品管理公司及其直属库名单,2024,柳州市大富氏粮油有限责任公司,,,广西壮族自治区/柳州市,,储备商品管理公司及其直属库,桂财税〔2024〕8号;章节:柳州市,,,,名单: 广西储备商品管理公司及其直属库名单;文号: 桂财税〔2024〕8号;章节: 柳州市;序号: 60;单位名称: 柳州市大富氏粮油有限责任公司,0.99,使用 lxml 从 HTML 正文容器按“行政区标题 + 序号 + 单位名称”结构抽取;原正文段落序号 78。
rec_85936580b10df917,data/raw/guangxi_reserve_companies_2024.html,file_769ec59b0a9fc8c9,grain_reserve,,广西储备商品管理公司及其直属库名单,61,广西壮族自治区储备商品管理公司及其直属库名单,2024,广西福象粮油有限公司,,,广西壮族自治区/柳州市,,储备商品管理公司及其直属库,桂财税〔2024〕8号;章节:柳州市,,,,名单: 广西储备商品管理公司及其直属库名单;文号: 桂财税〔2024〕8号;章节: 柳州市;序号: 61;单位名称: 广西福象粮油有限公司,0.99,使用 lxml 从 HTML 正文容器按“行政区标题 + 序号 + 单位名称”结构抽取;原正文段落序号 79。
rec_214c7d91bd4798ef,data/raw/guangxi_reserve_companies_2024.html,file_769ec59b0a9fc8c9,grain_reserve,,广西储备商品管理公司及其直属库名单,62,广西壮族自治区储备商品管理公司及其直属库名单,2024,广西柳州福象粮油有限公司,,,广西壮族自治区/柳州市,,储备商品管理公司及其直属库,桂财税〔2024〕8号;章节:柳州市,,,,名单: 广西储备商品管理公司及其直属库名单;文号: 桂财税〔2024〕8号;章节: 柳州市;序号: 62;单位名称: 广西柳州福象粮油有限公司,0.99,使用 lxml 从 HTML 正文容器按“行政区标题 + 序号 + 单位名称”结构抽取;原正文段落序号 80。
rec_e3c0c78c3b90bf55,data/raw/guangxi_reserve_companies_2024.html,file_769ec59b0a9fc8c9,grain_reserve,,广西储备商品管理公司及其直属库名单,63,广西壮族自治区储备商品管理公司及其直属库名单,2024,柳城县金稻香粮食收储有限责任公司,,,广西壮族自治区/柳州市,,储备商品管理公司及其直属库,桂财税〔2024〕8号;章节:柳州市,,,,名单: 广西储备商品管理公司及其直属库名单;文号: 桂财税〔2024〕8号;章节: 柳州市;序号: 63;单位名称: 柳城县金稻香粮食收储有限责任公司,0.99,使用 lxml 从 HTML 正文容器按“行政区标题 + 序号 + 单位名称”结构抽取;原正文段落序号 81。
rec_d6ff605cc6943bae,data/raw/guangxi_reserve_companies_2024.html,file_769ec59b0a9fc8c9,grain_reserve,,广西储备商品管理公司及其直属库名单,64,广西壮族自治区储备商品管理公司及其直属库名单,2024,柳州市柳江区柳粮粮油有限公司,,,广西壮族自治区/柳州市,,储备商品管理公司及其直属库,桂财税〔2024〕8号;章节:柳州市,,,,名单: 广西储备商品管理公司及其直属库名单;文号: 桂财税〔2024〕8号;章节: 柳州市;序号: 64;单位名称: 柳州市柳江区柳粮粮油有限公司,0.99,使用 lxml 从 HTML 正文容器按“行政区标题 + 序号 + 单位名称”结构抽取;原正文段落序号 82。
rec_8868b684338a0f43,data/raw/guangxi_reserve_companies_2024.html,file_769ec59b0a9fc8c9,grain_reserve,,广西储备商品管理公司及其直属库名单,65,广西壮族自治区储备商品管理公司及其直属库名单,2024,柳州市柳江区军粮供应站,,,广西壮族自治区/柳州市,,储备商品管理公司及其直属库,桂财税〔2024〕8号;章节:柳州市,,,,名单: 广西储备商品管理公司及其直属库名单;文号: 桂财税〔2024〕8号;章节: 柳州市;序号: 65;单位名称: 柳州市柳江区军粮供应站,0.99,使用 lxml 从 HTML 正文容器按“行政区标题 + 序号 + 单位名称”结构抽取;原正文段落序号 83。
rec_6495fbacb9479b32,data/raw/guangxi_reserve_companies_2024.html,file_769ec59b0a9fc8c9,grain_reserve,,广西储备商品管理公司及其直属库名单,66,广西壮族自治区储备商品管理公司及其直属库名单,2024,柳江县兴隆粮油购销有限责任公司,,,广西壮族自治区/柳州市,,储备商品管理公司及其直属库,桂财税〔2024〕8号;章节:柳州市,,,,名单: 广西储备商品管理公司及其直属库名单;文号: 桂财税〔2024〕8号;章节: 柳州市;序号: 66;单位名称: 柳江县兴隆粮油购销有限责任公司,0.99,使用 lxml 从 HTML 正文容器按“行政区标题 + 序号 + 单位名称”结构抽取;原正文段落序号 84。
rec_e204d20b305101c0,data/raw/guangxi_reserve_companies_2024.html,file_769ec59b0a9fc8c9,grain_reserve,,广西储备商品管理公司及其直属库名单,67,广西壮族自治区储备商品管理公司及其直属库名单,2024,融水苗族自治县储备粮管理公司,,,广西壮族自治区/柳州市,,储备商品管理公司及其直属库,桂财税〔2024〕8号;章节:柳州市,,,,名单: 广西储备商品管理公司及其直属库名单;文号: 桂财税〔2024〕8号;章节: 柳州市;序号: 67;单位名称: 融水苗族自治县储备粮管理公司,0.99,使用 lxml 从 HTML 正文容器按“行政区标题 + 序号 + 单位名称”结构抽取;原正文段落序号 85。
rec_32bf5af2b27ef471,data/raw/guangxi_reserve_companies_2024.html,file_769ec59b0a9fc8c9,grain_reserve,,广西储备商品管理公司及其直属库名单,68,广西壮族自治区储备商品管理公司及其直属库名单,2024,三江侗族自治县粮食购销和储备粮管理中心,,,广西壮族自治区/柳州市,,储备商品管理公司及其直属库,桂财税〔2024〕8号;章节:柳州市,,,,名单: 广西储备商品管理公司及其直属库名单;文号: 桂财税〔2024〕8号;章节: 柳州市;序号: 68;单位名称: 三江侗族自治县粮食购销和储备粮管理中心,0.99,使用 lxml 从 HTML 正文容器按“行政区标题 + 序号 + 单位名称”结构抽取;原正文段落序号 86。
rec_7d08b4f8cbe1aacd,data/raw/guangxi_reserve_companies_2024.html,file_769ec59b0a9fc8c9,grain_reserve,,广西储备商品管理公司及其直属库名单,69,广西壮族自治区储备商品管理公司及其直属库名单,2024,鹿寨县储备粮管理公司,,,广西壮族自治区/柳州市,,储备商品管理公司及其直属库,桂财税〔2024〕8号;章节:柳州市,,,,名单: 广西储备商品管理公司及其直属库名单;文号: 桂财税〔2024〕8号;章节: 柳州市;序号: 69;单位名称: 鹿寨县储备粮管理公司,0.99,使用 lxml 从 HTML 正文容器按“行政区标题 + 序号 + 单位名称”结构抽取;原正文段落序号 87。
rec_1ed80dc2110eb68f,data/raw/guangxi_reserve_companies_2024.html,file_769ec59b0a9fc8c9,grain_reserve,,广西储备商品管理公司及其直属库名单,70,广西壮族自治区储备商品管理公司及其直属库名单,2024,鹿寨县军粮供应站,,,广西壮族自治区/柳州市,,储备商品管理公司及其直属库,桂财税〔2024〕8号;章节:柳州市,,,,名单: 广西储备商品管理公司及其直属库名单;文号: 桂财税〔2024〕8号;章节: 柳州市;序号: 70;单位名称: 鹿寨县军粮供应站,0.99,使用 lxml 从 HTML 正文容器按“行政区标题 + 序号 + 单位名称”结构抽取;原正文段落序号 88。
rec_e61902ab92bc1b70,data/raw/guangxi_reserve_companies_2024.html,file_769ec59b0a9fc8c9,grain_reserve,,广西储备商品管理公司及其直属库名单,71,广西壮族自治区储备商品管理公司及其直属库名单,2024,融安县储备粮管理公司,,,广西壮族自治区/柳州市,,储备商品管理公司及其直属库,桂财税〔2024〕8号;章节:柳州市,,,,名单: 广西储备商品管理公司及其直属库名单;文号: 桂财税〔2024〕8号;章节: 柳州市;序号: 71;单位名称: 融安县储备粮管理公司,0.99,使用 lxml 从 HTML 正文容器按“行政区标题 + 序号 + 单位名称”结构抽取;原正文段落序号 89。
rec_9d12604c955679e0,data/raw/guangxi_reserve_companies_2024.html,file_769ec59b0a9fc8c9,grain_reserve,,广西储备商品管理公司及其直属库名单,72,广西壮族自治区储备商品管理公司及其直属库名单,2024,广西柳州黄村粮食储备库有限公司,,,广西壮族自治区/柳州市,,储备商品管理公司及其直属库,桂财税〔2024〕8号;章节:柳州市,,,,名单: 广西储备商品管理公司及其直属库名单;文号: 桂财税〔2024〕8号;章节: 柳州市;序号: 72;单位名称: 广西柳州黄村粮食储备库有限公司,0.99,使用 lxml 从 HTML 正文容器按“行政区标题 + 序号 + 单位名称”结构抽取;原正文段落序号 90。
rec_0a68537d1efd92c3,data/raw/guangxi_reserve_companies_2024.html,file_769ec59b0a9fc8c9,grain_reserve,,广西储备商品管理公司及其直属库名单,73,广西壮族自治区储备商品管理公司及其直属库名单,2024,桂林金峰食品有限公司,,,广西壮族自治区/桂林市,,储备商品管理公司及其直属库,桂财税〔2024〕8号;章节:桂林市,,,,名单: 广西储备商品管理公司及其直属库名单;文号: 桂财税〔2024〕8号;章节: 桂林市;序号: 73;单位名称: 桂林金峰食品有限公司,0.99,使用 lxml 从 HTML 正文容器按“行政区标题 + 序号 + 单位名称”结构抽取;原正文段落序号 92。
rec_1ddedf3726b3d458,data/raw/guangxi_reserve_companies_2024.html,file_769ec59b0a9fc8c9,grain_reserve,,广西储备商品管理公司及其直属库名单,74,广西壮族自治区储备商品管理公司及其直属库名单,2024,桂林市第三粮库有限公司,,,广西壮族自治区/桂林市,,储备商品管理公司及其直属库,桂财税〔2024〕8号;章节:桂林市,,,,名单: 广西储备商品管理公司及其直属库名单;文号: 桂财税〔2024〕8号;章节: 桂林市;序号: 74;单位名称: 桂林市第三粮库有限公司,0.99,使用 lxml 从 HTML 正文容器按“行政区标题 + 序号 + 单位名称”结构抽取;原正文段落序号 93。
rec_445ce8c18ee97922,data/raw/guangxi_reserve_companies_2024.html,file_769ec59b0a9fc8c9,grain_reserve,,广西储备商品管理公司及其直属库名单,75,广西壮族自治区储备商品管理公司及其直属库名单,2024,桂林市军粮供应有限公司,,,广西壮族自治区/桂林市,,储备商品管理公司及其直属库,桂财税〔2024〕8号;章节:桂林市,,,,名单: 广西储备商品管理公司及其直属库名单;文号: 桂财税〔2024〕8号;章节: 桂林市;序号: 75;单位名称: 桂林市军粮供应有限公司,0.99,使用 lxml 从 HTML 正文容器按“行政区标题 + 序号 + 单位名称”结构抽取;原正文段落序号 94。
rec_75d053aa639ef449,data/raw/guangxi_reserve_companies_2024.html,file_769ec59b0a9fc8c9,grain_reserve,,广西储备商品管理公司及其直属库名单,76,广西壮族自治区储备商品管理公司及其直属库名单,2024,桂林力源粮油食品集团有限公司,,,广西壮族自治区/桂林市,,储备商品管理公司及其直属库,桂财税〔2024〕8号;章节:桂林市,,,,名单: 广西储备商品管理公司及其直属库名单;文号: 桂财税〔2024〕8号;章节: 桂林市;序号: 76;单位名称: 桂林力源粮油食品集团有限公司,0.99,使用 lxml 从 HTML 正文容器按“行政区标题 + 序号 + 单位名称”结构抽取;原正文段落序号 95。
rec_31fc44c7f10e4150,data/raw/guangxi_reserve_companies_2024.html,file_769ec59b0a9fc8c9,grain_reserve,,广西储备商品管理公司及其直属库名单,77,广西壮族自治区储备商品管理公司及其直属库名单,2024,广西全州国家粮食储备库,,,广西壮族自治区/桂林市,,储备商品管理公司及其直属库,桂财税〔2024〕8号;章节:桂林市,,,,名单: 广西储备商品管理公司及其直属库名单;文号: 桂财税〔2024〕8号;章节: 桂林市;序号: 77;单位名称: 广西全州国家粮食储备库,0.99,使用 lxml 从 HTML 正文容器按“行政区标题 + 序号 + 单位名称”结构抽取;原正文段落序号 96。
rec_de46ce65d576c08e,data/raw/guangxi_reserve_companies_2024.html,file_769ec59b0a9fc8c9,grain_reserve,,广西储备商品管理公司及其直属库名单,78,广西壮族自治区储备商品管理公司及其直属库名单,2024,广西全州县庙头粮油购销有限公司,,,广西壮族自治区/桂林市,,储备商品管理公司及其直属库,桂财税〔2024〕8号;章节:桂林市,,,,名单: 广西储备商品管理公司及其直属库名单;文号: 桂财税〔2024〕8号;章节: 桂林市;序号: 78;单位名称: 广西全州县庙头粮油购销有限公司,0.99,使用 lxml 从 HTML 正文容器按“行政区标题 + 序号 + 单位名称”结构抽取;原正文段落序号 97。
rec_588f5201631db2a3,data/raw/guangxi_reserve_companies_2024.html,file_769ec59b0a9fc8c9,grain_reserve,,广西储备商品管理公司及其直属库名单,79,广西壮族自治区储备商品管理公司及其直属库名单,2024,广西全州县永岁粮油购销有限公司,,,广西壮族自治区/桂林市,,储备商品管理公司及其直属库,桂财税〔2024〕8号;章节:桂林市,,,,名单: 广西储备商品管理公司及其直属库名单;文号: 桂财税〔2024〕8号;章节: 桂林市;序号: 79;单位名称: 广西全州县永岁粮油购销有限公司,0.99,使用 lxml 从 HTML 正文容器按“行政区标题 + 序号 + 单位名称”结构抽取;原正文段落序号 98。
rec_c7838658586e4056,data/raw/guangxi_reserve_companies_2024.html,file_769ec59b0a9fc8c9,grain_reserve,,广西储备商品管理公司及其直属库名单,80,广西壮族自治区储备商品管理公司及其直属库名单,2024,广西全州县龙水粮油购销有限公司,,,广西壮族自治区/桂林市,,储备商品管理公司及其直属库,桂财税〔2024〕8号;章节:桂林市,,,,名单: 广西储备商品管理公司及其直属库名单;文号: 桂财税〔2024〕8号;章节: 桂林市;序号: 80;单位名称: 广西全州县龙水粮油购销有限公司,0.99,使用 lxml 从 HTML 正文容器按“行政区标题 + 序号 + 单位名称”结构抽取;原正文段落序号 99。
rec_0422542bc4e3348d,data/raw/guangxi_reserve_companies_2024.html,file_769ec59b0a9fc8c9,grain_reserve,,广西储备商品管理公司及其直属库名单,81,广西壮族自治区储备商品管理公司及其直属库名单,2024,广西全州县才湾粮油购销有限公司,,,广西壮族自治区/桂林市,,储备商品管理公司及其直属库,桂财税〔2024〕8号;章节:桂林市,,,,名单: 广西储备商品管理公司及其直属库名单;文号: 桂财税〔2024〕8号;章节: 桂林市;序号: 81;单位名称: 广西全州县才湾粮油购销有限公司,0.99,使用 lxml 从 HTML 正文容器按“行政区标题 + 序号 + 单位名称”结构抽取;原正文段落序号 100。
rec_62cc0550528fc2c8,data/raw/guangxi_reserve_companies_2024.html,file_769ec59b0a9fc8c9,grain_reserve,,广西储备商品管理公司及其直属库名单,82,广西壮族自治区储备商品管理公司及其直属库名单,2024,广西全州县石塘粮油购销有限公司,,,广西壮族自治区/桂林市,,储备商品管理公司及其直属库,桂财税〔2024〕8号;章节:桂林市,,,,名单: 广西储备商品管理公司及其直属库名单;文号: 桂财税〔2024〕8号;章节: 桂林市;序号: 82;单位名称: 广西全州县石塘粮油购销有限公司,0.99,使用 lxml 从 HTML 正文容器按“行政区标题 + 序号 + 单位名称”结构抽取;原正文段落序号 101。
rec_baec34b6ab23fc6c,data/raw/guangxi_reserve_companies_2024.html,file_769ec59b0a9fc8c9,grain_reserve,,广西储备商品管理公司及其直属库名单,83,广西壮族自治区储备商品管理公司及其直属库名单,2024,广西全州县凤凰粮油购销有限公司,,,广西壮族自治区/桂林市,,储备商品管理公司及其直属库,桂财税〔2024〕8号;章节:桂林市,,,,名单: 广西储备商品管理公司及其直属库名单;文号: 桂财税〔2024〕8号;章节: 桂林市;序号: 83;单位名称: 广西全州县凤凰粮油购销有限公司,0.99,使用 lxml 从 HTML 正文容器按“行政区标题 + 序号 + 单位名称”结构抽取;原正文段落序号 102。
rec_78d4f30ff6ef2da4,data/raw/guangxi_reserve_companies_2024.html,file_769ec59b0a9fc8c9,grain_reserve,,广西储备商品管理公司及其直属库名单,84,广西壮族自治区储备商品管理公司及其直属库名单,2024,兴安县城关粮油购销有限责任公司,,,广西壮族自治区/桂林市,,储备商品管理公司及其直属库,桂财税〔2024〕8号;章节:桂林市,,,,名单: 广西储备商品管理公司及其直属库名单;文号: 桂财税〔2024〕8号;章节: 桂林市;序号: 84;单位名称: 兴安县城关粮油购销有限责任公司,0.99,使用 lxml 从 HTML 正文容器按“行政区标题 + 序号 + 单位名称”结构抽取;原正文段落序号 103。
rec_f1b5ed1a50dbdff9,data/raw/guangxi_reserve_companies_2024.html,file_769ec59b0a9fc8c9,grain_reserve,,广西储备商品管理公司及其直属库名单,85,广西壮族自治区储备商品管理公司及其直属库名单,2024,兴安县粮食储备库,,,广西壮族自治区/桂林市,,储备商品管理公司及其直属库,桂财税〔2024〕8号;章节:桂林市,,,,名单: 广西储备商品管理公司及其直属库名单;文号: 桂财税〔2024〕8号;章节: 桂林市;序号: 85;单位名称: 兴安县粮食储备库,0.99,使用 lxml 从 HTML 正文容器按“行政区标题 + 序号 + 单位名称”结构抽取;原正文段落序号 104。
rec_69809390a8076a26,data/raw/guangxi_reserve_companies_2024.html,file_769ec59b0a9fc8c9,grain_reserve,,广西储备商品管理公司及其直属库名单,86,广西壮族自治区储备商品管理公司及其直属库名单,2024,兴安县溶江粮油购销有限责任公司,,,广西壮族自治区/桂林市,,储备商品管理公司及其直属库,桂财税〔2024〕8号;章节:桂林市,,,,名单: 广西储备商品管理公司及其直属库名单;文号: 桂财税〔2024〕8号;章节: 桂林市;序号: 86;单位名称: 兴安县溶江粮油购销有限责任公司,0.99,使用 lxml 从 HTML 正文容器按“行政区标题 + 序号 + 单位名称”结构抽取;原正文段落序号 105。
rec_93b0bf9e05a37ba1,data/raw/guangxi_reserve_companies_2024.html,file_769ec59b0a9fc8c9,grain_reserve,,广西储备商品管理公司及其直属库名单,87,广西壮族自治区储备商品管理公司及其直属库名单,2024,桂林玉基米业有限公司,,,广西壮族自治区/桂林市,,储备商品管理公司及其直属库,桂财税〔2024〕8号;章节:桂林市,,,,名单: 广西储备商品管理公司及其直属库名单;文号: 桂财税〔2024〕8号;章节: 桂林市;序号: 87;单位名称: 桂林玉基米业有限公司,0.99,使用 lxml 从 HTML 正文容器按“行政区标题 + 序号 + 单位名称”结构抽取;原正文段落序号 106。
rec_f97a9227de0c76ca,data/raw/guangxi_reserve_companies_2024.html,file_769ec59b0a9fc8c9,grain_reserve,,广西储备商品管理公司及其直属库名单,88,广西壮族自治区储备商品管理公司及其直属库名单,2024,兴安县界首粮油购销有限责任公司,,,广西壮族自治区/桂林市,,储备商品管理公司及其直属库,桂财税〔2024〕8号;章节:桂林市,,,,名单: 广西储备商品管理公司及其直属库名单;文号: 桂财税〔2024〕8号;章节: 桂林市;序号: 88;单位名称: 兴安县界首粮油购销有限责任公司,0.99,使用 lxml 从 HTML 正文容器按“行政区标题 + 序号 + 单位名称”结构抽取;原正文段落序号 107。
rec_8b8236d996f42b0d,data/raw/guangxi_reserve_companies_2024.html,file_769ec59b0a9fc8c9,grain_reserve,,广西储备商品管理公司及其直属库名单,89,广西壮族自治区储备商品管理公司及其直属库名单,2024,灌阳县宏泰粮油有限责任公司,,,广西壮族自治区/桂林市,,储备商品管理公司及其直属库,桂财税〔2024〕8号;章节:桂林市,,,,名单: 广西储备商品管理公司及其直属库名单;文号: 桂财税〔2024〕8号;章节: 桂林市;序号: 89;单位名称: 灌阳县宏泰粮油有限责任公司,0.99,使用 lxml 从 HTML 正文容器按“行政区标题 + 序号 + 单位名称”结构抽取;原正文段落序号 108。
rec_9f10fffb70462af8,data/raw/guangxi_reserve_companies_2024.html,file_769ec59b0a9fc8c9,grain_reserve,,广西储备商品管理公司及其直属库名单,90,广西壮族自治区储备商品管理公司及其直属库名单,2024,资源县粮食收储中心,,,广西壮族自治区/桂林市,,储备商品管理公司及其直属库,桂财税〔2024〕8号;章节:桂林市,,,,名单: 广西储备商品管理公司及其直属库名单;文号: 桂财税〔2024〕8号;章节: 桂林市;序号: 90;单位名称: 资源县粮食收储中心,0.99,使用 lxml 从 HTML 正文容器按“行政区标题 + 序号 + 单位名称”结构抽取;原正文段落序号 109。
rec_08434442a8c86922,data/raw/guangxi_reserve_companies_2024.html,file_769ec59b0a9fc8c9,grain_reserve,,广西储备商品管理公司及其直属库名单,91,广西壮族自治区储备商品管理公司及其直属库名单,2024,资源县储备粮管理中心,,,广西壮族自治区/桂林市,,储备商品管理公司及其直属库,桂财税〔2024〕8号;章节:桂林市,,,,名单: 广西储备商品管理公司及其直属库名单;文号: 桂财税〔2024〕8号;章节: 桂林市;序号: 91;单位名称: 资源县储备粮管理中心,0.99,使用 lxml 从 HTML 正文容器按“行政区标题 + 序号 + 单位名称”结构抽取;原正文段落序号 110。
rec_66f98c84b54e7c4c,data/raw/guangxi_reserve_companies_2024.html,file_769ec59b0a9fc8c9,grain_reserve,,广西储备商品管理公司及其直属库名单,92,广西壮族自治区储备商品管理公司及其直属库名单,2024,资源县军粮供应管理中心,,,广西壮族自治区/桂林市,,储备商品管理公司及其直属库,桂财税〔2024〕8号;章节:桂林市,,,,名单: 广西储备商品管理公司及其直属库名单;文号: 桂财税〔2024〕8号;章节: 桂林市;序号: 92;单位名称: 资源县军粮供应管理中心,0.99,使用 lxml 从 HTML 正文容器按“行政区标题 + 序号 + 单位名称”结构抽取;原正文段落序号 111。
rec_b0ad235551d89eb7,data/raw/guangxi_reserve_companies_2024.html,file_769ec59b0a9fc8c9,grain_reserve,,广西储备商品管理公司及其直属库名单,93,广西壮族自治区储备商品管理公司及其直属库名单,2024,灵川县储备粮管理公司,,,广西壮族自治区/桂林市,,储备商品管理公司及其直属库,桂财税〔2024〕8号;章节:桂林市,,,,名单: 广西储备商品管理公司及其直属库名单;文号: 桂财税〔2024〕8号;章节: 桂林市;序号: 93;单位名称: 灵川县储备粮管理公司,0.99,使用 lxml 从 HTML 正文容器按“行政区标题 + 序号 + 单位名称”结构抽取;原正文段落序号 112。
rec_c3217dfa90c39e07,data/raw/guangxi_reserve_companies_2024.html,file_769ec59b0a9fc8c9,grain_reserve,,广西储备商品管理公司及其直属库名单,94,广西壮族自治区储备商品管理公司及其直属库名单,2024,桂林绿苑米业有限公司,,,广西壮族自治区/桂林市,,储备商品管理公司及其直属库,桂财税〔2024〕8号;章节:桂林市,,,,名单: 广西储备商品管理公司及其直属库名单;文号: 桂财税〔2024〕8号;章节: 桂林市;序号: 94;单位名称: 桂林绿苑米业有限公司,0.99,使用 lxml 从 HTML 正文容器按“行政区标题 + 序号 + 单位名称”结构抽取;原正文段落序号 113。
rec_4a0f2d88e4460286,data/raw/guangxi_reserve_companies_2024.html,file_769ec59b0a9fc8c9,grain_reserve,,广西储备商品管理公司及其直属库名单,95,广西壮族自治区储备商品管理公司及其直属库名单,2024,桂林灵川县大地粮油有限公司,,,广西壮族自治区/桂林市,,储备商品管理公司及其直属库,桂财税〔2024〕8号;章节:桂林市,,,,名单: 广西储备商品管理公司及其直属库名单;文号: 桂财税〔2024〕8号;章节: 桂林市;序号: 95;单位名称: 桂林灵川县大地粮油有限公司,0.99,使用 lxml 从 HTML 正文容器按“行政区标题 + 序号 + 单位名称”结构抽取;原正文段落序号 114。
rec_e5a1a463740f075f,data/raw/guangxi_reserve_companies_2024.html,file_769ec59b0a9fc8c9,grain_reserve,,广西储备商品管理公司及其直属库名单,96,广西壮族自治区储备商品管理公司及其直属库名单,2024,桂林金土地粮油食品有限公司,,,广西壮族自治区/桂林市,,储备商品管理公司及其直属库,桂财税〔2024〕8号;章节:桂林市,,,,名单: 广西储备商品管理公司及其直属库名单;文号: 桂财税〔2024〕8号;章节: 桂林市;序号: 96;单位名称: 桂林金土地粮油食品有限公司,0.99,使用 lxml 从 HTML 正文容器按“行政区标题 + 序号 + 单位名称”结构抽取;原正文段落序号 115。
rec_57ca2647701edaa8,data/raw/guangxi_reserve_companies_2024.html,file_769ec59b0a9fc8c9,grain_reserve,,广西储备商品管理公司及其直属库名单,97,广西壮族自治区储备商品管理公司及其直属库名单,2024,灵川县金地粮食收储有限公司,,,广西壮族自治区/桂林市,,储备商品管理公司及其直属库,桂财税〔2024〕8号;章节:桂林市,,,,名单: 广西储备商品管理公司及其直属库名单;文号: 桂财税〔2024〕8号;章节: 桂林市;序号: 97;单位名称: 灵川县金地粮食收储有限公司,0.99,使用 lxml 从 HTML 正文容器按“行政区标题 + 序号 + 单位名称”结构抽取;原正文段落序号 116。
rec_ef7bd14f529d4ef3,data/raw/guangxi_reserve_companies_2024.html,file_769ec59b0a9fc8c9,grain_reserve,,广西储备商品管理公司及其直属库名单,98,广西壮族自治区储备商品管理公司及其直属库名单,2024,桂林灵川县永祥米业有限公司,,,广西壮族自治区/桂林市,,储备商品管理公司及其直属库,桂财税〔2024〕8号;章节:桂林市,,,,名单: 广西储备商品管理公司及其直属库名单;文号: 桂财税〔2024〕8号;章节: 桂林市;序号: 98;单位名称: 桂林灵川县永祥米业有限公司,0.99,使用 lxml 从 HTML 正文容器按“行政区标题 + 序号 + 单位名称”结构抽取;原正文段落序号 117。
rec_0654f62db765573a,data/raw/guangxi_reserve_companies_2024.html,file_769ec59b0a9fc8c9,grain_reserve,,广西储备商品管理公司及其直属库名单,99,广西壮族自治区储备商品管理公司及其直属库名单,2024,龙胜各族自治县粮食购销有限责任公司,,,广西壮族自治区/桂林市,,储备商品管理公司及其直属库,桂财税〔2024〕8号;章节:桂林市,,,,名单: 广西储备商品管理公司及其直属库名单;文号: 桂财税〔2024〕8号;章节: 桂林市;序号: 99;单位名称: 龙胜各族自治县粮食购销有限责任公司,0.99,使用 lxml 从 HTML 正文容器按“行政区标题 + 序号 + 单位名称”结构抽取;原正文段落序号 118。
rec_8e6fb7d437282077,data/raw/guangxi_reserve_companies_2024.html,file_769ec59b0a9fc8c9,grain_reserve,,广西储备商品管理公司及其直属库名单,100,广西壮族自治区储备商品管理公司及其直属库名单,2024,永福县苏桥镇粮食管理所,,,广西壮族自治区/桂林市,,储备商品管理公司及其直属库,桂财税〔2024〕8号;章节:桂林市,,,,名单: 广西储备商品管理公司及其直属库名单;文号: 桂财税〔2024〕8号;章节: 桂林市;序号: 100;单位名称: 永福县苏桥镇粮食管理所,0.99,使用 lxml 从 HTML 正文容器按“行政区标题 + 序号 + 单位名称”结构抽取;原正文段落序号 119。
rec_44d994fba1b0adec,data/raw/guangxi_reserve_companies_2024.html,file_769ec59b0a9fc8c9,grain_reserve,,广西储备商品管理公司及其直属库名单,101,广西壮族自治区储备商品管理公司及其直属库名单,2024,永福县罗锦镇粮食管理所,,,广西壮族自治区/桂林市,,储备商品管理公司及其直属库,桂财税〔2024〕8号;章节:桂林市,,,,名单: 广西储备商品管理公司及其直属库名单;文号: 桂财税〔2024〕8号;章节: 桂林市;序号: 101;单位名称: 永福县罗锦镇粮食管理所,0.99,使用 lxml 从 HTML 正文容器按“行政区标题 + 序号 + 单位名称”结构抽取;原正文段落序号 120。
rec_e090d6f42b3a3661,data/raw/guangxi_reserve_companies_2024.html,file_769ec59b0a9fc8c9,grain_reserve,,广西储备商品管理公司及其直属库名单,102,广西壮族自治区储备商品管理公司及其直属库名单,2024,永福县广福乡粮食管理所,,,广西壮族自治区/桂林市,,储备商品管理公司及其直属库,桂财税〔2024〕8号;章节:桂林市,,,,名单: 广西储备商品管理公司及其直属库名单;文号: 桂财税〔2024〕8号;章节: 桂林市;序号: 102;单位名称: 永福县广福乡粮食管理所,0.99,使用 lxml 从 HTML 正文容器按“行政区标题 + 序号 + 单位名称”结构抽取;原正文段落序号 121。
rec_c930e9dd33dd341e,data/raw/guangxi_reserve_companies_2024.html,file_769ec59b0a9fc8c9,grain_reserve,,广西储备商品管理公司及其直属库名单,103,广西壮族自治区储备商品管理公司及其直属库名单,2024,永福县三皇粮食管理所,,,广西壮族自治区/桂林市,,储备商品管理公司及其直属库,桂财税〔2024〕8号;章节:桂林市,,,,名单: 广西储备商品管理公司及其直属库名单;文号: 桂财税〔2024〕8号;章节: 桂林市;序号: 103;单位名称: 永福县三皇粮食管理所,0.99,使用 lxml 从 HTML 正文容器按“行政区标题 + 序号 + 单位名称”结构抽取;原正文段落序号 122。
rec_3302f0869e32efc2,data/raw/guangxi_reserve_companies_2024.html,file_769ec59b0a9fc8c9,grain_reserve,,广西储备商品管理公司及其直属库名单,104,广西壮族自治区储备商品管理公司及其直属库名单,2024,桂林永福福寿米业有限公司,,,广西壮族自治区/桂林市,,储备商品管理公司及其直属库,桂财税〔2024〕8号;章节:桂林市,,,,名单: 广西储备商品管理公司及其直属库名单;文号: 桂财税〔2024〕8号;章节: 桂林市;序号: 104;单位名称: 桂林永福福寿米业有限公司,0.99,使用 lxml 从 HTML 正文容器按“行政区标题 + 序号 + 单位名称”结构抽取;原正文段落序号 123。
rec_8e3972b2a03da25e,data/raw/guangxi_reserve_companies_2024.html,file_769ec59b0a9fc8c9,grain_reserve,,广西储备商品管理公司及其直属库名单,105,广西壮族自治区储备商品管理公司及其直属库名单,2024,永福县粮食和物资储备中心,,,广西壮族自治区/桂林市,,储备商品管理公司及其直属库,桂财税〔2024〕8号;章节:桂林市,,,,名单: 广西储备商品管理公司及其直属库名单;文号: 桂财税〔2024〕8号;章节: 桂林市;序号: 105;单位名称: 永福县粮食和物资储备中心,0.99,使用 lxml 从 HTML 正文容器按“行政区标题 + 序号 + 单位名称”结构抽取;原正文段落序号 124。
rec_a5d749acb97514f4,data/raw/guangxi_reserve_companies_2024.html,file_769ec59b0a9fc8c9,grain_reserve,,广西储备商品管理公司及其直属库名单,106,广西壮族自治区储备商品管理公司及其直属库名单,2024,荔浦市粮食和物资储备中心,,,广西壮族自治区/桂林市,,储备商品管理公司及其直属库,桂财税〔2024〕8号;章节:桂林市,,,,名单: 广西储备商品管理公司及其直属库名单;文号: 桂财税〔2024〕8号;章节: 桂林市;序号: 106;单位名称: 荔浦市粮食和物资储备中心,0.99,使用 lxml 从 HTML 正文容器按“行政区标题 + 序号 + 单位名称”结构抽取;原正文段落序号 125。
rec_137158365ab4d0f1,data/raw/guangxi_reserve_companies_2024.html,file_769ec59b0a9fc8c9,grain_reserve,,广西储备商品管理公司及其直属库名单,107,广西壮族自治区储备商品管理公司及其直属库名单,2024,平乐县储备粮管理中心,,,广西壮族自治区/桂林市,,储备商品管理公司及其直属库,桂财税〔2024〕8号;章节:桂林市,,,,名单: 广西储备商品管理公司及其直属库名单;文号: 桂财税〔2024〕8号;章节: 桂林市;序号: 107;单位名称: 平乐县储备粮管理中心,0.99,使用 lxml 从 HTML 正文容器按“行政区标题 + 序号 + 单位名称”结构抽取;原正文段落序号 126。
rec_7aba3188dfb7645e,data/raw/guangxi_reserve_companies_2024.html,file_769ec59b0a9fc8c9,grain_reserve,,广西储备商品管理公司及其直属库名单,108,广西壮族自治区储备商品管理公司及其直属库名单,2024,平乐县军粮供应站,,,广西壮族自治区/桂林市,,储备商品管理公司及其直属库,桂财税〔2024〕8号;章节:桂林市,,,,名单: 广西储备商品管理公司及其直属库名单;文号: 桂财税〔2024〕8号;章节: 桂林市;序号: 108;单位名称: 平乐县军粮供应站,0.99,使用 lxml 从 HTML 正文容器按“行政区标题 + 序号 + 单位名称”结构抽取;原正文段落序号 127。
rec_b75ad8ab6194f336,data/raw/guangxi_reserve_companies_2024.html,file_769ec59b0a9fc8c9,grain_reserve,,广西储备商品管理公司及其直属库名单,109,广西壮族自治区储备商品管理公司及其直属库名单,2024,恭城瑶族自治县泰源粮油购销公司,,,广西壮族自治区/桂林市,,储备商品管理公司及其直属库,桂财税〔2024〕8号;章节:桂林市,,,,名单: 广西储备商品管理公司及其直属库名单;文号: 桂财税〔2024〕8号;章节: 桂林市;序号: 109;单位名称: 恭城瑶族自治县泰源粮油购销公司,0.99,使用 lxml 从 HTML 正文容器按“行政区标题 + 序号 + 单位名称”结构抽取;原正文段落序号 128。
rec_01ba8f9cea064883,data/raw/guangxi_reserve_companies_2024.html,file_769ec59b0a9fc8c9,grain_reserve,,广西储备商品管理公司及其直属库名单,110,广西壮族自治区储备商品管理公司及其直属库名单,2024,桂林市临桂区振兴粮油贸易管理中心,,,广西壮族自治区/桂林市,,储备商品管理公司及其直属库,桂财税〔2024〕8号;章节:桂林市,,,,名单: 广西储备商品管理公司及其直属库名单;文号: 桂财税〔2024〕8号;章节: 桂林市;序号: 110;单位名称: 桂林市临桂区振兴粮油贸易管理中心,0.99,使用 lxml 从 HTML 正文容器按“行政区标题 + 序号 + 单位名称”结构抽取;原正文段落序号 129。
rec_17a38ccb98d9132f,data/raw/guangxi_reserve_companies_2024.html,file_769ec59b0a9fc8c9,grain_reserve,,广西储备商品管理公司及其直属库名单,111,广西壮族自治区储备商品管理公司及其直属库名单,2024,阳朔县粮食局直属粮库,,,广西壮族自治区/桂林市,,储备商品管理公司及其直属库,桂财税〔2024〕8号;章节:桂林市,,,,名单: 广西储备商品管理公司及其直属库名单;文号: 桂财税〔2024〕8号;章节: 桂林市;序号: 111;单位名称: 阳朔县粮食局直属粮库,0.99,使用 lxml 从 HTML 正文容器按“行政区标题 + 序号 + 单位名称”结构抽取;原正文段落序号 130。
rec_672bbe2d603e2dcb,data/raw/guangxi_reserve_companies_2024.html,file_769ec59b0a9fc8c9,grain_reserve,,广西储备商品管理公司及其直属库名单,112,广西壮族自治区储备商品管理公司及其直属库名单,2024,阳朔县白沙粮食管理所,,,广西壮族自治区/桂林市,,储备商品管理公司及其直属库,桂财税〔2024〕8号;章节:桂林市,,,,名单: 广西储备商品管理公司及其直属库名单;文号: 桂财税〔2024〕8号;章节: 桂林市;序号: 112;单位名称: 阳朔县白沙粮食管理所,0.99,使用 lxml 从 HTML 正文容器按“行政区标题 + 序号 + 单位名称”结构抽取;原正文段落序号 131。
rec_826ddf18d37eecaf,data/raw/guangxi_reserve_companies_2024.html,file_769ec59b0a9fc8c9,grain_reserve,,广西储备商品管理公司及其直属库名单,113,广西壮族自治区储备商品管理公司及其直属库名单,2024,阳朔县福利粮食管理所,,,广西壮族自治区/桂林市,,储备商品管理公司及其直属库,桂财税〔2024〕8号;章节:桂林市,,,,名单: 广西储备商品管理公司及其直属库名单;文号: 桂财税〔2024〕8号;章节: 桂林市;序号: 113;单位名称: 阳朔县福利粮食管理所,0.99,使用 lxml 从 HTML 正文容器按“行政区标题 + 序号 + 单位名称”结构抽取;原正文段落序号 132。
rec_8a7b34fb9e33a973,data/raw/guangxi_reserve_companies_2024.html,file_769ec59b0a9fc8c9,grain_reserve,,广西储备商品管理公司及其直属库名单,114,广西壮族自治区储备商品管理公司及其直属库名单,2024,阳朔县金宝粮食管理所,,,广西壮族自治区/桂林市,,储备商品管理公司及其直属库,桂财税〔2024〕8号;章节:桂林市,,,,名单: 广西储备商品管理公司及其直属库名单;文号: 桂财税〔2024〕8号;章节: 桂林市;序号: 114;单位名称: 阳朔县金宝粮食管理所,0.99,使用 lxml 从 HTML 正文容器按“行政区标题 + 序号 + 单位名称”结构抽取;原正文段落序号 133。
rec_9a974286be1ea0bd,data/raw/guangxi_reserve_companies_2024.html,file_769ec59b0a9fc8c9,grain_reserve,,广西储备商品管理公司及其直属库名单,115,广西壮族自治区储备商品管理公司及其直属库名单,2024,阳朔县高田粮食管理所,,,广西壮族自治区/桂林市,,储备商品管理公司及其直属库,桂财税〔2024〕8号;章节:桂林市,,,,名单: 广西储备商品管理公司及其直属库名单;文号: 桂财税〔2024〕8号;章节: 桂林市;序号: 115;单位名称: 阳朔县高田粮食管理所,0.99,使用 lxml 从 HTML 正文容器按“行政区标题 + 序号 + 单位名称”结构抽取;原正文段落序号 134。
rec_27951e788373d807,data/raw/guangxi_reserve_companies_2024.html,file_769ec59b0a9fc8c9,grain_reserve,,广西储备商品管理公司及其直属库名单,116,广西壮族自治区储备商品管理公司及其直属库名单,2024,阳朔县储备粮管理中心,,,广西壮族自治区/桂林市,,储备商品管理公司及其直属库,桂财税〔2024〕8号;章节:桂林市,,,,名单: 广西储备商品管理公司及其直属库名单;文号: 桂财税〔2024〕8号;章节: 桂林市;序号: 116;单位名称: 阳朔县储备粮管理中心,0.99,使用 lxml 从 HTML 正文容器按“行政区标题 + 序号 + 单位名称”结构抽取;原正文段落序号 135。
rec_83127d529fe58d7c,data/raw/guangxi_reserve_companies_2024.html,file_769ec59b0a9fc8c9,grain_reserve,,广西储备商品管理公司及其直属库名单,117,广西壮族自治区储备商品管理公司及其直属库名单,2024,桂林市第一粮库有限公司,,,广西壮族自治区/桂林市,,储备商品管理公司及其直属库,桂财税〔2024〕8号;章节:桂林市,,,,名单: 广西储备商品管理公司及其直属库名单;文号: 桂财税〔2024〕8号;章节: 桂林市;序号: 117;单位名称: 桂林市第一粮库有限公司,0.99,使用 lxml 从 HTML 正文容器按“行政区标题 + 序号 + 单位名称”结构抽取;原正文段落序号 136。
rec_e8d66109fdbbd842,data/raw/guangxi_reserve_companies_2024.html,file_769ec59b0a9fc8c9,grain_reserve,,广西储备商品管理公司及其直属库名单,118,广西壮族自治区储备商品管理公司及其直属库名单,2024,广西梧州国家粮食储备库,,,广西壮族自治区/梧州市,,储备商品管理公司及其直属库,桂财税〔2024〕8号;章节:梧州市,,,,名单: 广西储备商品管理公司及其直属库名单;文号: 桂财税〔2024〕8号;章节: 梧州市;序号: 118;单位名称: 广西梧州国家粮食储备库,0.99,使用 lxml 从 HTML 正文容器按“行政区标题 + 序号 + 单位名称”结构抽取;原正文段落序号 138。
rec_ca9d0efc6a3bdf85,data/raw/guangxi_reserve_companies_2024.html,file_769ec59b0a9fc8c9,grain_reserve,,广西储备商品管理公司及其直属库名单,119,广西壮族自治区储备商品管理公司及其直属库名单,2024,广西梧州塘源国家粮食储备库,,,广西壮族自治区/梧州市,,储备商品管理公司及其直属库,桂财税〔2024〕8号;章节:梧州市,,,,名单: 广西储备商品管理公司及其直属库名单;文号: 桂财税〔2024〕8号;章节: 梧州市;序号: 119;单位名称: 广西梧州塘源国家粮食储备库,0.99,使用 lxml 从 HTML 正文容器按“行政区标题 + 序号 + 单位名称”结构抽取;原正文段落序号 139。
rec_ef7c339d7a96d393,data/raw/guangxi_reserve_companies_2024.html,file_769ec59b0a9fc8c9,grain_reserve,,广西储备商品管理公司及其直属库名单,120,广西壮族自治区储备商品管理公司及其直属库名单,2024,梧州市龙圩粮食管理所,,,广西壮族自治区/梧州市,,储备商品管理公司及其直属库,桂财税〔2024〕8号;章节:梧州市,,,,名单: 广西储备商品管理公司及其直属库名单;文号: 桂财税〔2024〕8号;章节: 梧州市;序号: 120;单位名称: 梧州市龙圩粮食管理所,0.99,使用 lxml 从 HTML 正文容器按“行政区标题 + 序号 + 单位名称”结构抽取;原正文段落序号 140。
rec_03269eade571da4b,data/raw/guangxi_reserve_companies_2024.html,file_769ec59b0a9fc8c9,grain_reserve,,广西储备商品管理公司及其直属库名单,121,广西壮族自治区储备商品管理公司及其直属库名单,2024,广西华新农业发展有限公司,,,广西壮族自治区/梧州市,,储备商品管理公司及其直属库,桂财税〔2024〕8号;章节:梧州市,,,,名单: 广西储备商品管理公司及其直属库名单;文号: 桂财税〔2024〕8号;章节: 梧州市;序号: 121;单位名称: 广西华新农业发展有限公司,0.99,使用 lxml 从 HTML 正文容器按“行政区标题 + 序号 + 单位名称”结构抽取;原正文段落序号 141。
rec_110272c49a57b983,data/raw/guangxi_reserve_companies_2024.html,file_769ec59b0a9fc8c9,grain_reserve,,广西储备商品管理公司及其直属库名单,122,广西壮族自治区储备商品管理公司及其直属库名单,2024,梧州市广兴龙贸易有限公司,,,广西壮族自治区/梧州市,,储备商品管理公司及其直属库,桂财税〔2024〕8号;章节:梧州市,,,,名单: 广西储备商品管理公司及其直属库名单;文号: 桂财税〔2024〕8号;章节: 梧州市;序号: 122;单位名称: 梧州市广兴龙贸易有限公司,0.99,使用 lxml 从 HTML 正文容器按“行政区标题 + 序号 + 单位名称”结构抽取;原正文段落序号 142。
rec_3300d9965512664e,data/raw/guangxi_reserve_companies_2024.html,file_769ec59b0a9fc8c9,grain_reserve,,广西储备商品管理公司及其直属库名单,123,广西壮族自治区储备商品管理公司及其直属库名单,2024,广西福松贸易有限公司,,,广西壮族自治区/梧州市,,储备商品管理公司及其直属库,桂财税〔2024〕8号;章节:梧州市,,,,名单: 广西储备商品管理公司及其直属库名单;文号: 桂财税〔2024〕8号;章节: 梧州市;序号: 123;单位名称: 广西福松贸易有限公司,0.99,使用 lxml 从 HTML 正文容器按“行政区标题 + 序号 + 单位名称”结构抽取;原正文段落序号 143。
rec_6a78a1fe8f628d33,data/raw/guangxi_reserve_companies_2024.html,file_769ec59b0a9fc8c9,grain_reserve,,广西储备商品管理公司及其直属库名单,124,广西壮族自治区储备商品管理公司及其直属库名单,2024,苍梧县粮食储备库,,,广西壮族自治区/梧州市,,储备商品管理公司及其直属库,桂财税〔2024〕8号;章节:梧州市,,,,名单: 广西储备商品管理公司及其直属库名单;文号: 桂财税〔2024〕8号;章节: 梧州市;序号: 124;单位名称: 苍梧县粮食储备库,0.99,使用 lxml 从 HTML 正文容器按“行政区标题 + 序号 + 单位名称”结构抽取;原正文段落序号 144。
rec_ac1b4599a4d1ae99,data/raw/guangxi_reserve_companies_2024.html,file_769ec59b0a9fc8c9,grain_reserve,,广西储备商品管理公司及其直属库名单,125,广西壮族自治区储备商品管理公司及其直属库名单,2024,苍梧县储备粮管理公司,,,广西壮族自治区/梧州市,,储备商品管理公司及其直属库,桂财税〔2024〕8号;章节:梧州市,,,,名单: 广西储备商品管理公司及其直属库名单;文号: 桂财税〔2024〕8号;章节: 梧州市;序号: 125;单位名称: 苍梧县储备粮管理公司,0.99,使用 lxml 从 HTML 正文容器按“行政区标题 + 序号 + 单位名称”结构抽取;原正文段落序号 145。
rec_6ffdc6e19903c851,data/raw/guangxi_reserve_companies_2024.html,file_769ec59b0a9fc8c9,grain_reserve,,广西储备商品管理公司及其直属库名单,126,广西壮族自治区储备商品管理公司及其直属库名单,2024,苍梧县桂江粮食管理所,,,广西壮族自治区/梧州市,,储备商品管理公司及其直属库,桂财税〔2024〕8号;章节:梧州市,,,,名单: 广西储备商品管理公司及其直属库名单;文号: 桂财税〔2024〕8号;章节: 梧州市;序号: 126;单位名称: 苍梧县桂江粮食管理所,0.99,使用 lxml 从 HTML 正文容器按“行政区标题 + 序号 + 单位名称”结构抽取;原正文段落序号 146。
rec_ba856653ab2f98c2,data/raw/guangxi_reserve_companies_2024.html,file_769ec59b0a9fc8c9,grain_reserve,,广西储备商品管理公司及其直属库名单,127,广西壮族自治区储备商品管理公司及其直属库名单,2024,苍梧县东安粮食管理所,,,广西壮族自治区/梧州市,,储备商品管理公司及其直属库,桂财税〔2024〕8号;章节:梧州市,,,,名单: 广西储备商品管理公司及其直属库名单;文号: 桂财税〔2024〕8号;章节: 梧州市;序号: 127;单位名称: 苍梧县东安粮食管理所,0.99,使用 lxml 从 HTML 正文容器按“行政区标题 + 序号 + 单位名称”结构抽取;原正文段落序号 147。
rec_327b3ec2306b54b0,data/raw/guangxi_reserve_companies_2024.html,file_769ec59b0a9fc8c9,grain_reserve,,广西储备商品管理公司及其直属库名单,128,广西壮族自治区储备商品管理公司及其直属库名单,2024,广西藤县直属粮库,,,广西壮族自治区/梧州市,,储备商品管理公司及其直属库,桂财税〔2024〕8号;章节:梧州市,,,,名单: 广西储备商品管理公司及其直属库名单;文号: 桂财税〔2024〕8号;章节: 梧州市;序号: 128;单位名称: 广西藤县直属粮库,0.99,使用 lxml 从 HTML 正文容器按“行政区标题 + 序号 + 单位名称”结构抽取;原正文段落序号 148。
rec_107290fcfbac0649,data/raw/guangxi_reserve_companies_2024.html,file_769ec59b0a9fc8c9,grain_reserve,,广西储备商品管理公司及其直属库名单,129,广西壮族自治区储备商品管理公司及其直属库名单,2024,广西藤县潭东粮所,,,广西壮族自治区/梧州市,,储备商品管理公司及其直属库,桂财税〔2024〕8号;章节:梧州市,,,,名单: 广西储备商品管理公司及其直属库名单;文号: 桂财税〔2024〕8号;章节: 梧州市;序号: 129;单位名称: 广西藤县潭东粮所,0.99,使用 lxml 从 HTML 正文容器按“行政区标题 + 序号 + 单位名称”结构抽取;原正文段落序号 149。
rec_064ce9a2815c861b,data/raw/guangxi_reserve_companies_2024.html,file_769ec59b0a9fc8c9,grain_reserve,,广西储备商品管理公司及其直属库名单,130,广西壮族自治区储备商品管理公司及其直属库名单,2024,广西藤县埌南粮所,,,广西壮族自治区/梧州市,,储备商品管理公司及其直属库,桂财税〔2024〕8号;章节:梧州市,,,,名单: 广西储备商品管理公司及其直属库名单;文号: 桂财税〔2024〕8号;章节: 梧州市;序号: 130;单位名称: 广西藤县埌南粮所,0.99,使用 lxml 从 HTML 正文容器按“行政区标题 + 序号 + 单位名称”结构抽取;原正文段落序号 150。
rec_ba6d3da00fcf961b,data/raw/guangxi_reserve_companies_2024.html,file_769ec59b0a9fc8c9,grain_reserve,,广西储备商品管理公司及其直属库名单,131,广西壮族自治区储备商品管理公司及其直属库名单,2024,广西藤县塘步粮所,,,广西壮族自治区/梧州市,,储备商品管理公司及其直属库,桂财税〔2024〕8号;章节:梧州市,,,,名单: 广西储备商品管理公司及其直属库名单;文号: 桂财税〔2024〕8号;章节: 梧州市;序号: 131;单位名称: 广西藤县塘步粮所,0.99,使用 lxml 从 HTML 正文容器按“行政区标题 + 序号 + 单位名称”结构抽取;原正文段落序号 151。
rec_ee4ad333ddac0edc,data/raw/guangxi_reserve_companies_2024.html,file_769ec59b0a9fc8c9,grain_reserve,,广西储备商品管理公司及其直属库名单,132,广西壮族自治区储备商品管理公司及其直属库名单,2024,广西藤县金鸡粮所,,,广西壮族自治区/梧州市,,储备商品管理公司及其直属库,桂财税〔2024〕8号;章节:梧州市,,,,名单: 广西储备商品管理公司及其直属库名单;文号: 桂财税〔2024〕8号;章节: 梧州市;序号: 132;单位名称: 广西藤县金鸡粮所,0.99,使用 lxml 从 HTML 正文容器按“行政区标题 + 序号 + 单位名称”结构抽取;原正文段落序号 152。
rec_643c215b313decdf,data/raw/guangxi_reserve_companies_2024.html,file_769ec59b0a9fc8c9,grain_reserve,,广西储备商品管理公司及其直属库名单,133,广西壮族自治区储备商品管理公司及其直属库名单,2024,广西藤县天平粮所,,,广西壮族自治区/梧州市,,储备商品管理公司及其直属库,桂财税〔2024〕8号;章节:梧州市,,,,名单: 广西储备商品管理公司及其直属库名单;文号: 桂财税〔2024〕8号;章节: 梧州市;序号: 133;单位名称: 广西藤县天平粮所,0.99,使用 lxml 从 HTML 正文容器按“行政区标题 + 序号 + 单位名称”结构抽取;原正文段落序号 153。
rec_21db930bd9a45faa,data/raw/guangxi_reserve_companies_2024.html,file_769ec59b0a9fc8c9,grain_reserve,,广西储备商品管理公司及其直属库名单,134,广西壮族自治区储备商品管理公司及其直属库名单,2024,广西藤县濛江粮所,,,广西壮族自治区/梧州市,,储备商品管理公司及其直属库,桂财税〔2024〕8号;章节:梧州市,,,,名单: 广西储备商品管理公司及其直属库名单;文号: 桂财税〔2024〕8号;章节: 梧州市;序号: 134;单位名称: 广西藤县濛江粮所,0.99,使用 lxml 从 HTML 正文容器按“行政区标题 + 序号 + 单位名称”结构抽取;原正文段落序号 154。
rec_3f832b433119adfc,data/raw/guangxi_reserve_companies_2024.html,file_769ec59b0a9fc8c9,grain_reserve,,广西储备商品管理公司及其直属库名单,135,广西壮族自治区储备商品管理公司及其直属库名单,2024,广西藤县太平粮所,,,广西壮族自治区/梧州市,,储备商品管理公司及其直属库,桂财税〔2024〕8号;章节:梧州市,,,,名单: 广西储备商品管理公司及其直属库名单;文号: 桂财税〔2024〕8号;章节: 梧州市;序号: 135;单位名称: 广西藤县太平粮所,0.99,使用 lxml 从 HTML 正文容器按“行政区标题 + 序号 + 单位名称”结构抽取;原正文段落序号 155。
rec_82fa2817cb3d0b86,data/raw/guangxi_reserve_companies_2024.html,file_769ec59b0a9fc8c9,grain_reserve,,广西储备商品管理公司及其直属库名单,136,广西壮族自治区储备商品管理公司及其直属库名单,2024,广西藤县东荣粮所,,,广西壮族自治区/梧州市,,储备商品管理公司及其直属库,桂财税〔2024〕8号;章节:梧州市,,,,名单: 广西储备商品管理公司及其直属库名单;文号: 桂财税〔2024〕8号;章节: 梧州市;序号: 136;单位名称: 广西藤县东荣粮所,0.99,使用 lxml 从 HTML 正文容器按“行政区标题 + 序号 + 单位名称”结构抽取;原正文段落序号 156。
rec_b9ce8f955a31aa23,data/raw/guangxi_reserve_companies_2024.html,file_769ec59b0a9fc8c9,grain_reserve,,广西储备商品管理公司及其直属库名单,137,广西壮族自治区储备商品管理公司及其直属库名单,2024,广西藤县储备粮管理公司,,,广西壮族自治区/梧州市,,储备商品管理公司及其直属库,桂财税〔2024〕8号;章节:梧州市,,,,名单: 广西储备商品管理公司及其直属库名单;文号: 桂财税〔2024〕8号;章节: 梧州市;序号: 137;单位名称: 广西藤县储备粮管理公司,0.99,使用 lxml 从 HTML 正文容器按“行政区标题 + 序号 + 单位名称”结构抽取;原正文段落序号 157。
rec_023a252d26949d79,data/raw/guangxi_reserve_companies_2024.html,file_769ec59b0a9fc8c9,grain_reserve,,广西储备商品管理公司及其直属库名单,138,广西壮族自治区储备商品管理公司及其直属库名单,2024,广西藤县嘉悦膳食餐饮管理有限责任公司,,,广西壮族自治区/梧州市,,储备商品管理公司及其直属库,桂财税〔2024〕8号;章节:梧州市,,,,名单: 广西储备商品管理公司及其直属库名单;文号: 桂财税〔2024〕8号;章节: 梧州市;序号: 138;单位名称: 广西藤县嘉悦膳食餐饮管理有限责任公司,0.99,使用 lxml 从 HTML 正文容器按“行政区标题 + 序号 + 单位名称”结构抽取;原正文段落序号 158。
rec_e9af7465b79b5c2a,data/raw/guangxi_reserve_companies_2024.html,file_769ec59b0a9fc8c9,grain_reserve,,广西储备商品管理公司及其直属库名单,139,广西壮族自治区储备商品管理公司及其直属库名单,2024,岑溪市粮食和物资储备中心,,,广西壮族自治区/梧州市,,储备商品管理公司及其直属库,桂财税〔2024〕8号;章节:梧州市,,,,名单: 广西储备商品管理公司及其直属库名单;文号: 桂财税〔2024〕8号;章节: 梧州市;序号: 139;单位名称: 岑溪市粮食和物资储备中心,0.99,使用 lxml 从 HTML 正文容器按“行政区标题 + 序号 + 单位名称”结构抽取;原正文段落序号 159。
rec_bd92bb7b882bf5d1,data/raw/guangxi_reserve_companies_2024.html,file_769ec59b0a9fc8c9,grain_reserve,,广西储备商品管理公司及其直属库名单,140,广西壮族自治区储备商品管理公司及其直属库名单,2024,蒙山县粮食和物资储备库,,,广西壮族自治区/梧州市,,储备商品管理公司及其直属库,桂财税〔2024〕8号;章节:梧州市,,,,名单: 广西储备商品管理公司及其直属库名单;文号: 桂财税〔2024〕8号;章节: 梧州市;序号: 140;单位名称: 蒙山县粮食和物资储备库,0.99,使用 lxml 从 HTML 正文容器按“行政区标题 + 序号 + 单位名称”结构抽取;原正文段落序号 160。
rec_ff8ad76f575b0c39,data/raw/guangxi_reserve_companies_2024.html,file_769ec59b0a9fc8c9,grain_reserve,,广西储备商品管理公司及其直属库名单,141,广西壮族自治区储备商品管理公司及其直属库名单,2024,梧州市储备粮管理公司,,,广西壮族自治区/梧州市,,储备商品管理公司及其直属库,桂财税〔2024〕8号;章节:梧州市,,,,名单: 广西储备商品管理公司及其直属库名单;文号: 桂财税〔2024〕8号;章节: 梧州市;序号: 141;单位名称: 梧州市储备粮管理公司,0.99,使用 lxml 从 HTML 正文容器按“行政区标题 + 序号 + 单位名称”结构抽取;原正文段落序号 161。
rec_4f1b73ee6a6d7214,data/raw/guangxi_reserve_companies_2024.html,file_769ec59b0a9fc8c9,grain_reserve,,广西储备商品管理公司及其直属库名单,142,广西壮族自治区储备商品管理公司及其直属库名单,2024,梧州市优之粮粮油贸易有限公司,,,广西壮族自治区/梧州市,,储备商品管理公司及其直属库,桂财税〔2024〕8号;章节:梧州市,,,,名单: 广西储备商品管理公司及其直属库名单;文号: 桂财税〔2024〕8号;章节: 梧州市;序号: 142;单位名称: 梧州市优之粮粮油贸易有限公司,0.99,使用 lxml 从 HTML 正文容器按“行政区标题 + 序号 + 单位名称”结构抽取;原正文段落序号 162。
rec_7beb8fd346ee17c6,data/raw/guangxi_reserve_companies_2024.html,file_769ec59b0a9fc8c9,grain_reserve,,广西储备商品管理公司及其直属库名单,143,广西壮族自治区储备商品管理公司及其直属库名单,2024,梧州市安惠食品配送有限公司,,,广西壮族自治区/梧州市,,储备商品管理公司及其直属库,桂财税〔2024〕8号;章节:梧州市,,,,名单: 广西储备商品管理公司及其直属库名单;文号: 桂财税〔2024〕8号;章节: 梧州市;序号: 143;单位名称: 梧州市安惠食品配送有限公司,0.99,使用 lxml 从 HTML 正文容器按“行政区标题 + 序号 + 单位名称”结构抽取;原正文段落序号 163。
rec_fb7d24bf0550dc99,data/raw/guangxi_reserve_companies_2024.html,file_769ec59b0a9fc8c9,grain_reserve,,广西储备商品管理公司及其直属库名单,144,广西壮族自治区储备商品管理公司及其直属库名单,2024,梧州市军粮配送有限公司,,,广西壮族自治区/梧州市,,储备商品管理公司及其直属库,桂财税〔2024〕8号;章节:梧州市,,,,名单: 广西储备商品管理公司及其直属库名单;文号: 桂财税〔2024〕8号;章节: 梧州市;序号: 144;单位名称: 梧州市军粮配送有限公司,0.99,使用 lxml 从 HTML 正文容器按“行政区标题 + 序号 + 单位名称”结构抽取;原正文段落序号 164。
rec_abd4b1287c676ba1,data/raw/guangxi_reserve_companies_2024.html,file_769ec59b0a9fc8c9,grain_reserve,,广西储备商品管理公司及其直属库名单,145,广西壮族自治区储备商品管理公司及其直属库名单,2024,广西北海粮食储备库有限公司,,,广西壮族自治区/北海市,,储备商品管理公司及其直属库,桂财税〔2024〕8号;章节:北海市,,,,名单: 广西储备商品管理公司及其直属库名单;文号: 桂财税〔2024〕8号;章节: 北海市;序号: 145;单位名称: 广西北海粮食储备库有限公司,0.99,使用 lxml 从 HTML 正文容器按“行政区标题 + 序号 + 单位名称”结构抽取;原正文段落序号 166。
rec_076a6c23c889c1b9,data/raw/guangxi_reserve_companies_2024.html,file_769ec59b0a9fc8c9,grain_reserve,,广西储备商品管理公司及其直属库名单,146,广西壮族自治区储备商品管理公司及其直属库名单,2024,北海市储备粮管理有限公司,,,广西壮族自治区/北海市,,储备商品管理公司及其直属库,桂财税〔2024〕8号;章节:北海市,,,,名单: 广西储备商品管理公司及其直属库名单;文号: 桂财税〔2024〕8号;章节: 北海市;序号: 146;单位名称: 北海市储备粮管理有限公司,0.99,使用 lxml 从 HTML 正文容器按“行政区标题 + 序号 + 单位名称”结构抽取;原正文段落序号 167。
rec_faa665d04f348925,data/raw/guangxi_reserve_companies_2024.html,file_769ec59b0a9fc8c9,grain_reserve,,广西储备商品管理公司及其直属库名单,147,广西壮族自治区储备商品管理公司及其直属库名单,2024,北海市军粮仓储服务有限责任公司,,,广西壮族自治区/北海市,,储备商品管理公司及其直属库,桂财税〔2024〕8号;章节:北海市,,,,名单: 广西储备商品管理公司及其直属库名单;文号: 桂财税〔2024〕8号;章节: 北海市;序号: 147;单位名称: 北海市军粮仓储服务有限责任公司,0.99,使用 lxml 从 HTML 正文容器按“行政区标题 + 序号 + 单位名称”结构抽取;原正文段落序号 168。
rec_2e0fbc696b220e94,data/raw/guangxi_reserve_companies_2024.html,file_769ec59b0a9fc8c9,grain_reserve,,广西储备商品管理公司及其直属库名单,148,广西壮族自治区储备商品管理公司及其直属库名单,2024,北海市高德粮库有限公司,,,广西壮族自治区/北海市,,储备商品管理公司及其直属库,桂财税〔2024〕8号;章节:北海市,,,,名单: 广西储备商品管理公司及其直属库名单;文号: 桂财税〔2024〕8号;章节: 北海市;序号: 148;单位名称: 北海市高德粮库有限公司,0.99,使用 lxml 从 HTML 正文容器按“行政区标题 + 序号 + 单位名称”结构抽取;原正文段落序号 169。
rec_7999d70c9094f8e6,data/raw/guangxi_reserve_companies_2024.html,file_769ec59b0a9fc8c9,grain_reserve,,广西储备商品管理公司及其直属库名单,149,广西壮族自治区储备商品管理公司及其直属库名单,2024,北海市银海区福成镇粮食管理所,,,广西壮族自治区/北海市,,储备商品管理公司及其直属库,桂财税〔2024〕8号;章节:北海市,,,,名单: 广西储备商品管理公司及其直属库名单;文号: 桂财税〔2024〕8号;章节: 北海市;序号: 149;单位名称: 北海市银海区福成镇粮食管理所,0.99,使用 lxml 从 HTML 正文容器按“行政区标题 + 序号 + 单位名称”结构抽取;原正文段落序号 170。
rec_7b8edd03cae7c674,data/raw/guangxi_reserve_companies_2024.html,file_769ec59b0a9fc8c9,grain_reserve,,广西储备商品管理公司及其直属库名单,150,广西壮族自治区储备商品管理公司及其直属库名单,2024,北海市铁山港区南康粮食管理所,,,广西壮族自治区/北海市,,储备商品管理公司及其直属库,桂财税〔2024〕8号;章节:北海市,,,,名单: 广西储备商品管理公司及其直属库名单;文号: 桂财税〔2024〕8号;章节: 北海市;序号: 150;单位名称: 北海市铁山港区南康粮食管理所,0.99,使用 lxml 从 HTML 正文容器按“行政区标题 + 序号 + 单位名称”结构抽取;原正文段落序号 171。
rec_1bba7c301c15db0a,data/raw/guangxi_reserve_companies_2024.html,file_769ec59b0a9fc8c9,grain_reserve,,广西储备商品管理公司及其直属库名单,151,广西壮族自治区储备商品管理公司及其直属库名单,2024,合浦县储备粮管理公司,,,广西壮族自治区/北海市,,储备商品管理公司及其直属库,桂财税〔2024〕8号;章节:北海市,,,,名单: 广西储备商品管理公司及其直属库名单;文号: 桂财税〔2024〕8号;章节: 北海市;序号: 151;单位名称: 合浦县储备粮管理公司,0.99,使用 lxml 从 HTML 正文容器按“行政区标题 + 序号 + 单位名称”结构抽取;原正文段落序号 172。
rec_0e0694b9f9685d33,data/raw/guangxi_reserve_companies_2024.html,file_769ec59b0a9fc8c9,grain_reserve,,广西储备商品管理公司及其直属库名单,152,广西壮族自治区储备商品管理公司及其直属库名单,2024,合浦县平田粮食储备库,,,广西壮族自治区/北海市,,储备商品管理公司及其直属库,桂财税〔2024〕8号;章节:北海市,,,,名单: 广西储备商品管理公司及其直属库名单;文号: 桂财税〔2024〕8号;章节: 北海市;序号: 152;单位名称: 合浦县平田粮食储备库,0.99,使用 lxml 从 HTML 正文容器按“行政区标题 + 序号 + 单位名称”结构抽取;原正文段落序号 173。
rec_97be47abd36e7345,data/raw/guangxi_reserve_companies_2024.html,file_769ec59b0a9fc8c9,grain_reserve,,广西储备商品管理公司及其直属库名单,153,广西壮族自治区储备商品管理公司及其直属库名单,2024,合浦县廉州粮食管理所,,,广西壮族自治区/北海市,,储备商品管理公司及其直属库,桂财税〔2024〕8号;章节:北海市,,,,名单: 广西储备商品管理公司及其直属库名单;文号: 桂财税〔2024〕8号;章节: 北海市;序号: 153;单位名称: 合浦县廉州粮食管理所,0.99,使用 lxml 从 HTML 正文容器按“行政区标题 + 序号 + 单位名称”结构抽取;原正文段落序号 174。
rec_560c8507c8e6e499,data/raw/guangxi_reserve_companies_2024.html,file_769ec59b0a9fc8c9,grain_reserve,,广西储备商品管理公司及其直属库名单,154,广西壮族自治区储备商品管理公司及其直属库名单,2024,合浦县公馆粮食管理所,,,广西壮族自治区/北海市,,储备商品管理公司及其直属库,桂财税〔2024〕8号;章节:北海市,,,,名单: 广西储备商品管理公司及其直属库名单;文号: 桂财税〔2024〕8号;章节: 北海市;序号: 154;单位名称: 合浦县公馆粮食管理所,0.99,使用 lxml 从 HTML 正文容器按“行政区标题 + 序号 + 单位名称”结构抽取;原正文段落序号 175。
rec_c8bb72a31816a78b,data/raw/guangxi_reserve_companies_2024.html,file_769ec59b0a9fc8c9,grain_reserve,,广西储备商品管理公司及其直属库名单,155,广西壮族自治区储备商品管理公司及其直属库名单,2024,合浦县沙岗粮食管理所,,,广西壮族自治区/北海市,,储备商品管理公司及其直属库,桂财税〔2024〕8号;章节:北海市,,,,名单: 广西储备商品管理公司及其直属库名单;文号: 桂财税〔2024〕8号;章节: 北海市;序号: 155;单位名称: 合浦县沙岗粮食管理所,0.99,使用 lxml 从 HTML 正文容器按“行政区标题 + 序号 + 单位名称”结构抽取;原正文段落序号 176。
rec_fb7b31a7ffb392b7,data/raw/guangxi_reserve_companies_2024.html,file_769ec59b0a9fc8c9,grain_reserve,,广西储备商品管理公司及其直属库名单,156,广西壮族自治区储备商品管理公司及其直属库名单,2024,钦州市储备粮管理中心,,,广西壮族自治区/钦州市,,储备商品管理公司及其直属库,桂财税〔2024〕8号;章节:钦州市,,,,名单: 广西储备商品管理公司及其直属库名单;文号: 桂财税〔2024〕8号;章节: 钦州市;序号: 156;单位名称: 钦州市储备粮管理中心,0.99,使用 lxml 从 HTML 正文容器按“行政区标题 + 序号 + 单位名称”结构抽取;原正文段落序号 178。
rec_1a818bb1ae5471f4,data/raw/guangxi_reserve_companies_2024.html,file_769ec59b0a9fc8c9,grain_reserve,,广西储备商品管理公司及其直属库名单,157,广西壮族自治区储备商品管理公司及其直属库名单,2024,钦州市钦南区粮食储备库,,,广西壮族自治区/钦州市,,储备商品管理公司及其直属库,桂财税〔2024〕8号;章节:钦州市,,,,名单: 广西储备商品管理公司及其直属库名单;文号: 桂财税〔2024〕8号;章节: 钦州市;序号: 157;单位名称: 钦州市钦南区粮食储备库,0.99,使用 lxml 从 HTML 正文容器按“行政区标题 + 序号 + 单位名称”结构抽取;原正文段落序号 179。
rec_2f5c1f5b091b292b,data/raw/guangxi_reserve_companies_2024.html,file_769ec59b0a9fc8c9,grain_reserve,,广西储备商品管理公司及其直属库名单,158,广西壮族自治区储备商品管理公司及其直属库名单,2024,钦州市钦南区储备粮管理中心,,,广西壮族自治区/钦州市,,储备商品管理公司及其直属库,桂财税〔2024〕8号;章节:钦州市,,,,名单: 广西储备商品管理公司及其直属库名单;文号: 桂财税〔2024〕8号;章节: 钦州市;序号: 158;单位名称: 钦州市钦南区储备粮管理中心,0.99,使用 lxml 从 HTML 正文容器按“行政区标题 + 序号 + 单位名称”结构抽取;原正文段落序号 180。
rec_7bba35f7d7956e8f,data/raw/guangxi_reserve_companies_2024.html,file_769ec59b0a9fc8c9,grain_reserve,,广西储备商品管理公司及其直属库名单,159,广西壮族自治区储备商品管理公司及其直属库名单,2024,钦州市钦南区军粮供应站,,,广西壮族自治区/钦州市,,储备商品管理公司及其直属库,桂财税〔2024〕8号;章节:钦州市,,,,名单: 广西储备商品管理公司及其直属库名单;文号: 桂财税〔2024〕8号;章节: 钦州市;序号: 159;单位名称: 钦州市钦南区军粮供应站,0.99,使用 lxml 从 HTML 正文容器按“行政区标题 + 序号 + 单位名称”结构抽取;原正文段落序号 181。
rec_de58b943396baa0a,data/raw/guangxi_reserve_companies_2024.html,file_769ec59b0a9fc8c9,grain_reserve,,广西储备商品管理公司及其直属库名单,160,广西壮族自治区储备商品管理公司及其直属库名单,2024,钦州市钦南区城区粮食储备库,,,广西壮族自治区/钦州市,,储备商品管理公司及其直属库,桂财税〔2024〕8号;章节:钦州市,,,,名单: 广西储备商品管理公司及其直属库名单;文号: 桂财税〔2024〕8号;章节: 钦州市;序号: 160;单位名称: 钦州市钦南区城区粮食储备库,0.99,使用 lxml 从 HTML 正文容器按“行政区标题 + 序号 + 单位名称”结构抽取;原正文段落序号 182。
rec_e42ff2f50ad96eef,data/raw/guangxi_reserve_companies_2024.html,file_769ec59b0a9fc8c9,grain_reserve,,广西储备商品管理公司及其直属库名单,161,广西壮族自治区储备商品管理公司及其直属库名单,2024,钦州市钦北区粮油收储有限责任公司,,,广西壮族自治区/钦州市,,储备商品管理公司及其直属库,桂财税〔2024〕8号;章节:钦州市,,,,名单: 广西储备商品管理公司及其直属库名单;文号: 桂财税〔2024〕8号;章节: 钦州市;序号: 161;单位名称: 钦州市钦北区粮油收储有限责任公司,0.99,使用 lxml 从 HTML 正文容器按“行政区标题 + 序号 + 单位名称”结构抽取;原正文段落序号 183。
rec_17ccddbeaaf5d3ec,data/raw/guangxi_reserve_companies_2024.html,file_769ec59b0a9fc8c9,grain_reserve,,广西储备商品管理公司及其直属库名单,162,广西壮族自治区储备商品管理公司及其直属库名单,2024,钦州市钦北区小董中心粮所,,,广西壮族自治区/钦州市,,储备商品管理公司及其直属库,桂财税〔2024〕8号;章节:钦州市,,,,名单: 广西储备商品管理公司及其直属库名单;文号: 桂财税〔2024〕8号;章节: 钦州市;序号: 162;单位名称: 钦州市钦北区小董中心粮所,0.99,使用 lxml 从 HTML 正文容器按“行政区标题 + 序号 + 单位名称”结构抽取;原正文段落序号 184。
rec_05606ee2ed9d8fd3,data/raw/guangxi_reserve_companies_2024.html,file_769ec59b0a9fc8c9,grain_reserve,,广西储备商品管理公司及其直属库名单,163,广西壮族自治区储备商品管理公司及其直属库名单,2024,钦州市钦北区大寺中心粮所,,,广西壮族自治区/钦州市,,储备商品管理公司及其直属库,桂财税〔2024〕8号;章节:钦州市,,,,名单: 广西储备商品管理公司及其直属库名单;文号: 桂财税〔2024〕8号;章节: 钦州市;序号: 163;单位名称: 钦州市钦北区大寺中心粮所,0.99,使用 lxml 从 HTML 正文容器按“行政区标题 + 序号 + 单位名称”结构抽取;原正文段落序号 185。
rec_116ff376f2a0b6c1,data/raw/guangxi_reserve_companies_2024.html,file_769ec59b0a9fc8c9,grain_reserve,,广西储备商品管理公司及其直属库名单,164,广西壮族自治区储备商品管理公司及其直属库名单,2024,钦州市钦北区平吉中心粮所,,,广西壮族自治区/钦州市,,储备商品管理公司及其直属库,桂财税〔2024〕8号;章节:钦州市,,,,名单: 广西储备商品管理公司及其直属库名单;文号: 桂财税〔2024〕8号;章节: 钦州市;序号: 164;单位名称: 钦州市钦北区平吉中心粮所,0.99,使用 lxml 从 HTML 正文容器按“行政区标题 + 序号 + 单位名称”结构抽取;原正文段落序号 186。
rec_65f8e45c90b1c5e5,data/raw/guangxi_reserve_companies_2024.html,file_769ec59b0a9fc8c9,grain_reserve,,广西储备商品管理公司及其直属库名单,165,广西壮族自治区储备商品管理公司及其直属库名单,2024,钦州市钦北区粮食局稔子坪粮食储备库,,,广西壮族自治区/钦州市,,储备商品管理公司及其直属库,桂财税〔2024〕8号;章节:钦州市,,,,名单: 广西储备商品管理公司及其直属库名单;文号: 桂财税〔2024〕8号;章节: 钦州市;序号: 165;单位名称: 钦州市钦北区粮食局稔子坪粮食储备库,0.99,使用 lxml 从 HTML 正文容器按“行政区标题 + 序号 + 单位名称”结构抽取;原正文段落序号 187。
rec_c6daca510c03a5ea,data/raw/guangxi_reserve_companies_2024.html,file_769ec59b0a9fc8c9,grain_reserve,,广西储备商品管理公司及其直属库名单,166,广西壮族自治区储备商品管理公司及其直属库名单,2024,钦州市钦北区军粮供应站,,,广西壮族自治区/钦州市,,储备商品管理公司及其直属库,桂财税〔2024〕8号;章节:钦州市,,,,名单: 广西储备商品管理公司及其直属库名单;文号: 桂财税〔2024〕8号;章节: 钦州市;序号: 166;单位名称: 钦州市钦北区军粮供应站,0.99,使用 lxml 从 HTML 正文容器按“行政区标题 + 序号 + 单位名称”结构抽取;原正文段落序号 188。
rec_b42d50b064235073,data/raw/guangxi_reserve_companies_2024.html,file_769ec59b0a9fc8c9,grain_reserve,,广西储备商品管理公司及其直属库名单,167,广西壮族自治区储备商品管理公司及其直属库名单,2024,灵山县粮油收储有限责任公司,,,广西壮族自治区/钦州市,,储备商品管理公司及其直属库,桂财税〔2024〕8号;章节:钦州市,,,,名单: 广西储备商品管理公司及其直属库名单;文号: 桂财税〔2024〕8号;章节: 钦州市;序号: 167;单位名称: 灵山县粮油收储有限责任公司,0.99,使用 lxml 从 HTML 正文容器按“行政区标题 + 序号 + 单位名称”结构抽取;原正文段落序号 189。
rec_c216643f6478e3a4,data/raw/guangxi_reserve_companies_2024.html,file_769ec59b0a9fc8c9,grain_reserve,,广西储备商品管理公司及其直属库名单,168,广西壮族自治区储备商品管理公司及其直属库名单,2024,灵山县陆屋粮食管理所,,,广西壮族自治区/钦州市,,储备商品管理公司及其直属库,桂财税〔2024〕8号;章节:钦州市,,,,名单: 广西储备商品管理公司及其直属库名单;文号: 桂财税〔2024〕8号;章节: 钦州市;序号: 168;单位名称: 灵山县陆屋粮食管理所,0.99,使用 lxml 从 HTML 正文容器按“行政区标题 + 序号 + 单位名称”结构抽取;原正文段落序号 190。
rec_75b01caed7fbf348,data/raw/guangxi_reserve_companies_2024.html,file_769ec59b0a9fc8c9,grain_reserve,,广西储备商品管理公司及其直属库名单,169,广西壮族自治区储备商品管理公司及其直属库名单,2024,灵山县三海粮食管理所,,,广西壮族自治区/钦州市,,储备商品管理公司及其直属库,桂财税〔2024〕8号;章节:钦州市,,,,名单: 广西储备商品管理公司及其直属库名单;文号: 桂财税〔2024〕8号;章节: 钦州市;序号: 169;单位名称: 灵山县三海粮食管理所,0.99,使用 lxml 从 HTML 正文容器按“行政区标题 + 序号 + 单位名称”结构抽取;原正文段落序号 191。
rec_3598c6b2a690f8ea,data/raw/guangxi_reserve_companies_2024.html,file_769ec59b0a9fc8c9,grain_reserve,,广西储备商品管理公司及其直属库名单,170,广西壮族自治区储备商品管理公司及其直属库名单,2024,灵山县丰塘粮食管理所,,,广西壮族自治区/钦州市,,储备商品管理公司及其直属库,桂财税〔2024〕8号;章节:钦州市,,,,名单: 广西储备商品管理公司及其直属库名单;文号: 桂财税〔2024〕8号;章节: 钦州市;序号: 170;单位名称: 灵山县丰塘粮食管理所,0.99,使用 lxml 从 HTML 正文容器按“行政区标题 + 序号 + 单位名称”结构抽取;原正文段落序号 192。
rec_6ede80013ccc33fe,data/raw/guangxi_reserve_companies_2024.html,file_769ec59b0a9fc8c9,grain_reserve,,广西储备商品管理公司及其直属库名单,171,广西壮族自治区储备商品管理公司及其直属库名单,2024,灵山县沙坪粮食管理所,,,广西壮族自治区/钦州市,,储备商品管理公司及其直属库,桂财税〔2024〕8号;章节:钦州市,,,,名单: 广西储备商品管理公司及其直属库名单;文号: 桂财税〔2024〕8号;章节: 钦州市;序号: 171;单位名称: 灵山县沙坪粮食管理所,0.99,使用 lxml 从 HTML 正文容器按“行政区标题 + 序号 + 单位名称”结构抽取;原正文段落序号 193。
rec_65c7af1ca77d0ad2,data/raw/guangxi_reserve_companies_2024.html,file_769ec59b0a9fc8c9,grain_reserve,,广西储备商品管理公司及其直属库名单,172,广西壮族自治区储备商品管理公司及其直属库名单,2024,灵山县新圩粮食管理所,,,广西壮族自治区/钦州市,,储备商品管理公司及其直属库,桂财税〔2024〕8号;章节:钦州市,,,,名单: 广西储备商品管理公司及其直属库名单;文号: 桂财税〔2024〕8号;章节: 钦州市;序号: 172;单位名称: 灵山县新圩粮食管理所,0.99,使用 lxml 从 HTML 正文容器按“行政区标题 + 序号 + 单位名称”结构抽取;原正文段落序号 194。
rec_b1e6c693b4e6c8ed,data/raw/guangxi_reserve_companies_2024.html,file_769ec59b0a9fc8c9,grain_reserve,,广西储备商品管理公司及其直属库名单,173,广西壮族自治区储备商品管理公司及其直属库名单,2024,灵山县石塘粮食管理所,,,广西壮族自治区/钦州市,,储备商品管理公司及其直属库,桂财税〔2024〕8号;章节:钦州市,,,,名单: 广西储备商品管理公司及其直属库名单;文号: 桂财税〔2024〕8号;章节: 钦州市;序号: 173;单位名称: 灵山县石塘粮食管理所,0.99,使用 lxml 从 HTML 正文容器按“行政区标题 + 序号 + 单位名称”结构抽取;原正文段落序号 195。
rec_edff9839e2c54f59,data/raw/guangxi_reserve_companies_2024.html,file_769ec59b0a9fc8c9,grain_reserve,,广西储备商品管理公司及其直属库名单,174,广西壮族自治区储备商品管理公司及其直属库名单,2024,灵山县那隆粮食管理所,,,广西壮族自治区/钦州市,,储备商品管理公司及其直属库,桂财税〔2024〕8号;章节:钦州市,,,,名单: 广西储备商品管理公司及其直属库名单;文号: 桂财税〔2024〕8号;章节: 钦州市;序号: 174;单位名称: 灵山县那隆粮食管理所,0.99,使用 lxml 从 HTML 正文容器按“行政区标题 + 序号 + 单位名称”结构抽取;原正文段落序号 196。
rec_d8e5423938ff2428,data/raw/guangxi_reserve_companies_2024.html,file_769ec59b0a9fc8c9,grain_reserve,,广西储备商品管理公司及其直属库名单,175,广西壮族自治区储备商品管理公司及其直属库名单,2024,灵山县檀圩粮食管理所,,,广西壮族自治区/钦州市,,储备商品管理公司及其直属库,桂财税〔2024〕8号;章节:钦州市,,,,名单: 广西储备商品管理公司及其直属库名单;文号: 桂财税〔2024〕8号;章节: 钦州市;序号: 175;单位名称: 灵山县檀圩粮食管理所,0.99,使用 lxml 从 HTML 正文容器按“行政区标题 + 序号 + 单位名称”结构抽取;原正文段落序号 197。
rec_3a35d28241d353b3,data/raw/guangxi_reserve_companies_2024.html,file_769ec59b0a9fc8c9,grain_reserve,,广西储备商品管理公司及其直属库名单,176,广西壮族自治区储备商品管理公司及其直属库名单,2024,灵山县平山粮食管理所,,,广西壮族自治区/钦州市,,储备商品管理公司及其直属库,桂财税〔2024〕8号;章节:钦州市,,,,名单: 广西储备商品管理公司及其直属库名单;文号: 桂财税〔2024〕8号;章节: 钦州市;序号: 176;单位名称: 灵山县平山粮食管理所,0.99,使用 lxml 从 HTML 正文容器按“行政区标题 + 序号 + 单位名称”结构抽取;原正文段落序号 198。
rec_4d64fb79652711a8,data/raw/guangxi_reserve_companies_2024.html,file_769ec59b0a9fc8c9,grain_reserve,,广西储备商品管理公司及其直属库名单,177,广西壮族自治区储备商品管理公司及其直属库名单,2024,灵山县烟墩粮食管理所,,,广西壮族自治区/钦州市,,储备商品管理公司及其直属库,桂财税〔2024〕8号;章节:钦州市,,,,名单: 广西储备商品管理公司及其直属库名单;文号: 桂财税〔2024〕8号;章节: 钦州市;序号: 177;单位名称: 灵山县烟墩粮食管理所,0.99,使用 lxml 从 HTML 正文容器按“行政区标题 + 序号 + 单位名称”结构抽取;原正文段落序号 199。
rec_3a8d962d5ec25fc7,data/raw/guangxi_reserve_companies_2024.html,file_769ec59b0a9fc8c9,grain_reserve,,广西储备商品管理公司及其直属库名单,178,广西壮族自治区储备商品管理公司及其直属库名单,2024,灵山县旧州粮食管理所,,,广西壮族自治区/钦州市,,储备商品管理公司及其直属库,桂财税〔2024〕8号;章节:钦州市,,,,名单: 广西储备商品管理公司及其直属库名单;文号: 桂财税〔2024〕8号;章节: 钦州市;序号: 178;单位名称: 灵山县旧州粮食管理所,0.99,使用 lxml 从 HTML 正文容器按“行政区标题 + 序号 + 单位名称”结构抽取;原正文段落序号 200。
rec_6963604cc09f0bff,data/raw/guangxi_reserve_companies_2024.html,file_769ec59b0a9fc8c9,grain_reserve,,广西储备商品管理公司及其直属库名单,179,广西壮族自治区储备商品管理公司及其直属库名单,2024,灵山县武利粮食管理所,,,广西壮族自治区/钦州市,,储备商品管理公司及其直属库,桂财税〔2024〕8号;章节:钦州市,,,,名单: 广西储备商品管理公司及其直属库名单;文号: 桂财税〔2024〕8号;章节: 钦州市;序号: 179;单位名称: 灵山县武利粮食管理所,0.99,使用 lxml 从 HTML 正文容器按“行政区标题 + 序号 + 单位名称”结构抽取;原正文段落序号 201。
rec_406786081b5a1b0d,data/raw/guangxi_reserve_companies_2024.html,file_769ec59b0a9fc8c9,grain_reserve,,广西储备商品管理公司及其直属库名单,180,广西壮族自治区储备商品管理公司及其直属库名单,2024,灵山县太平粮食管理所,,,广西壮族自治区/钦州市,,储备商品管理公司及其直属库,桂财税〔2024〕8号;章节:钦州市,,,,名单: 广西储备商品管理公司及其直属库名单;文号: 桂财税〔2024〕8号;章节: 钦州市;序号: 180;单位名称: 灵山县太平粮食管理所,0.99,使用 lxml 从 HTML 正文容器按“行政区标题 + 序号 + 单位名称”结构抽取;原正文段落序号 202。
rec_1ea82622c135f253,data/raw/guangxi_reserve_companies_2024.html,file_769ec59b0a9fc8c9,grain_reserve,,广西储备商品管理公司及其直属库名单,181,广西壮族自治区储备商品管理公司及其直属库名单,2024,灵山县伯劳粮食管理所,,,广西壮族自治区/钦州市,,储备商品管理公司及其直属库,桂财税〔2024〕8号;章节:钦州市,,,,名单: 广西储备商品管理公司及其直属库名单;文号: 桂财税〔2024〕8号;章节: 钦州市;序号: 181;单位名称: 灵山县伯劳粮食管理所,0.99,使用 lxml 从 HTML 正文容器按“行政区标题 + 序号 + 单位名称”结构抽取;原正文段落序号 203。
rec_a39238cfa7b39051,data/raw/guangxi_reserve_companies_2024.html,file_769ec59b0a9fc8c9,grain_reserve,,广西储备商品管理公司及其直属库名单,182,广西壮族自治区储备商品管理公司及其直属库名单,2024,灵山县平南粮食管理所,,,广西壮族自治区/钦州市,,储备商品管理公司及其直属库,桂财税〔2024〕8号;章节:钦州市,,,,名单: 广西储备商品管理公司及其直属库名单;文号: 桂财税〔2024〕8号;章节: 钦州市;序号: 182;单位名称: 灵山县平南粮食管理所,0.99,使用 lxml 从 HTML 正文容器按“行政区标题 + 序号 + 单位名称”结构抽取;原正文段落序号 204。
rec_07f375c645863e69,data/raw/guangxi_reserve_companies_2024.html,file_769ec59b0a9fc8c9,grain_reserve,,广西储备商品管理公司及其直属库名单,183,广西壮族自治区储备商品管理公司及其直属库名单,2024,浦北县粮食局直属粮库,,,广西壮族自治区/钦州市,,储备商品管理公司及其直属库,桂财税〔2024〕8号;章节:钦州市,,,,名单: 广西储备商品管理公司及其直属库名单;文号: 桂财税〔2024〕8号;章节: 钦州市;序号: 183;单位名称: 浦北县粮食局直属粮库,0.99,使用 lxml 从 HTML 正文容器按“行政区标题 + 序号 + 单位名称”结构抽取;原正文段落序号 205。
rec_02baa2f804ad7bf7,data/raw/guangxi_reserve_companies_2024.html,file_769ec59b0a9fc8c9,grain_reserve,,广西储备商品管理公司及其直属库名单,184,广西壮族自治区储备商品管理公司及其直属库名单,2024,浦北县鑫浦粮油购销有限责任公司,,,广西壮族自治区/钦州市,,储备商品管理公司及其直属库,桂财税〔2024〕8号;章节:钦州市,,,,名单: 广西储备商品管理公司及其直属库名单;文号: 桂财税〔2024〕8号;章节: 钦州市;序号: 184;单位名称: 浦北县鑫浦粮油购销有限责任公司,0.99,使用 lxml 从 HTML 正文容器按“行政区标题 + 序号 + 单位名称”结构抽取;原正文段落序号 206。
rec_b24e8f1f15ed5106,data/raw/guangxi_reserve_companies_2024.html,file_769ec59b0a9fc8c9,grain_reserve,,广西储备商品管理公司及其直属库名单,185,广西壮族自治区储备商品管理公司及其直属库名单,2024,浦北县储备粮管理中心,,,广西壮族自治区/钦州市,,储备商品管理公司及其直属库,桂财税〔2024〕8号;章节:钦州市,,,,名单: 广西储备商品管理公司及其直属库名单;文号: 桂财税〔2024〕8号;章节: 钦州市;序号: 185;单位名称: 浦北县储备粮管理中心,0.99,使用 lxml 从 HTML 正文容器按“行政区标题 + 序号 + 单位名称”结构抽取;原正文段落序号 207。
rec_838e363155d27b8b,data/raw/guangxi_reserve_companies_2024.html,file_769ec59b0a9fc8c9,grain_reserve,,广西储备商品管理公司及其直属库名单,186,广西壮族自治区储备商品管理公司及其直属库名单,2024,防城港市储备粮管理中心,,,广西壮族自治区/防城港市,,储备商品管理公司及其直属库,桂财税〔2024〕8号;章节:防城港市,,,,名单: 广西储备商品管理公司及其直属库名单;文号: 桂财税〔2024〕8号;章节: 防城港市;序号: 186;单位名称: 防城港市储备粮管理中心,0.99,使用 lxml 从 HTML 正文容器按“行政区标题 + 序号 + 单位名称”结构抽取;原正文段落序号 209。
rec_8b55f24343e5c504,data/raw/guangxi_reserve_companies_2024.html,file_769ec59b0a9fc8c9,grain_reserve,,广西储备商品管理公司及其直属库名单,187,广西壮族自治区储备商品管理公司及其直属库名单,2024,防城港市军粮供应站,,,广西壮族自治区/防城港市,,储备商品管理公司及其直属库,桂财税〔2024〕8号;章节:防城港市,,,,名单: 广西储备商品管理公司及其直属库名单;文号: 桂财税〔2024〕8号;章节: 防城港市;序号: 187;单位名称: 防城港市军粮供应站,0.99,使用 lxml 从 HTML 正文容器按“行政区标题 + 序号 + 单位名称”结构抽取;原正文段落序号 210。
rec_ac4fbba8ad5fac59,data/raw/guangxi_reserve_companies_2024.html,file_769ec59b0a9fc8c9,grain_reserve,,广西储备商品管理公司及其直属库名单,188,广西壮族自治区储备商品管理公司及其直属库名单,2024,防城港市防城区粮食储备中心,,,广西壮族自治区/防城港市,,储备商品管理公司及其直属库,桂财税〔2024〕8号;章节:防城港市,,,,名单: 广西储备商品管理公司及其直属库名单;文号: 桂财税〔2024〕8号;章节: 防城港市;序号: 188;单位名称: 防城港市防城区粮食储备中心,0.99,使用 lxml 从 HTML 正文容器按“行政区标题 + 序号 + 单位名称”结构抽取;原正文段落序号 211。
rec_11731ea9ce55f389,data/raw/guangxi_reserve_companies_2024.html,file_769ec59b0a9fc8c9,grain_reserve,,广西储备商品管理公司及其直属库名单,189,广西壮族自治区储备商品管理公司及其直属库名单,2024,防城港市防城区军粮供应站,,,广西壮族自治区/防城港市,,储备商品管理公司及其直属库,桂财税〔2024〕8号;章节:防城港市,,,,名单: 广西储备商品管理公司及其直属库名单;文号: 桂财税〔2024〕8号;章节: 防城港市;序号: 189;单位名称: 防城港市防城区军粮供应站,0.99,使用 lxml 从 HTML 正文容器按“行政区标题 + 序号 + 单位名称”结构抽取;原正文段落序号 212。
rec_5b6ecadf9f5a18cd,data/raw/guangxi_reserve_companies_2024.html,file_769ec59b0a9fc8c9,grain_reserve,,广西储备商品管理公司及其直属库名单,190,广西壮族自治区储备商品管理公司及其直属库名单,2024,防城港市防城区粮食购销有限公司,,,广西壮族自治区/防城港市,,储备商品管理公司及其直属库,桂财税〔2024〕8号;章节:防城港市,,,,名单: 广西储备商品管理公司及其直属库名单;文号: 桂财税〔2024〕8号;章节: 防城港市;序号: 190;单位名称: 防城港市防城区粮食购销有限公司,0.99,使用 lxml 从 HTML 正文容器按“行政区标题 + 序号 + 单位名称”结构抽取;原正文段落序号 213。
rec_8a4c72ed639ced2e,data/raw/guangxi_reserve_companies_2024.html,file_769ec59b0a9fc8c9,grain_reserve,,广西储备商品管理公司及其直属库名单,191,广西壮族自治区储备商品管理公司及其直属库名单,2024,东兴市储备粮管理中心,,,广西壮族自治区/防城港市,,储备商品管理公司及其直属库,桂财税〔2024〕8号;章节:防城港市,,,,名单: 广西储备商品管理公司及其直属库名单;文号: 桂财税〔2024〕8号;章节: 防城港市;序号: 191;单位名称: 东兴市储备粮管理中心,0.99,使用 lxml 从 HTML 正文容器按“行政区标题 + 序号 + 单位名称”结构抽取;原正文段落序号 214。
rec_5a40df130a7e2f28,data/raw/guangxi_reserve_companies_2024.html,file_769ec59b0a9fc8c9,grain_reserve,,广西储备商品管理公司及其直属库名单,192,广西壮族自治区储备商品管理公司及其直属库名单,2024,东兴市军粮供应站,,,广西壮族自治区/防城港市,,储备商品管理公司及其直属库,桂财税〔2024〕8号;章节:防城港市,,,,名单: 广西储备商品管理公司及其直属库名单;文号: 桂财税〔2024〕8号;章节: 防城港市;序号: 192;单位名称: 东兴市军粮供应站,0.99,使用 lxml 从 HTML 正文容器按“行政区标题 + 序号 + 单位名称”结构抽取;原正文段落序号 215。
rec_ad4bd3450f2c80b3,data/raw/guangxi_reserve_companies_2024.html,file_769ec59b0a9fc8c9,grain_reserve,,广西储备商品管理公司及其直属库名单,193,广西壮族自治区储备商品管理公司及其直属库名单,2024,东兴市东兴粮食管理所,,,广西壮族自治区/防城港市,,储备商品管理公司及其直属库,桂财税〔2024〕8号;章节:防城港市,,,,名单: 广西储备商品管理公司及其直属库名单;文号: 桂财税〔2024〕8号;章节: 防城港市;序号: 193;单位名称: 东兴市东兴粮食管理所,0.99,使用 lxml 从 HTML 正文容器按“行政区标题 + 序号 + 单位名称”结构抽取;原正文段落序号 216。
rec_998df1941efe14f2,data/raw/guangxi_reserve_companies_2024.html,file_769ec59b0a9fc8c9,grain_reserve,,广西储备商品管理公司及其直属库名单,194,广西壮族自治区储备商品管理公司及其直属库名单,2024,东兴市江平粮食管理所,,,广西壮族自治区/防城港市,,储备商品管理公司及其直属库,桂财税〔2024〕8号;章节:防城港市,,,,名单: 广西储备商品管理公司及其直属库名单;文号: 桂财税〔2024〕8号;章节: 防城港市;序号: 194;单位名称: 东兴市江平粮食管理所,0.99,使用 lxml 从 HTML 正文容器按“行政区标题 + 序号 + 单位名称”结构抽取;原正文段落序号 217。
rec_f8d9c84d10604d77,data/raw/guangxi_reserve_companies_2024.html,file_769ec59b0a9fc8c9,grain_reserve,,广西储备商品管理公司及其直属库名单,195,广西壮族自治区储备商品管理公司及其直属库名单,2024,东兴市马路粮食管理所,,,广西壮族自治区/防城港市,,储备商品管理公司及其直属库,桂财税〔2024〕8号;章节:防城港市,,,,名单: 广西储备商品管理公司及其直属库名单;文号: 桂财税〔2024〕8号;章节: 防城港市;序号: 195;单位名称: 东兴市马路粮食管理所,0.99,使用 lxml 从 HTML 正文容器按“行政区标题 + 序号 + 单位名称”结构抽取;原正文段落序号 218。
rec_9c75f9353edf7188,data/raw/guangxi_reserve_companies_2024.html,file_769ec59b0a9fc8c9,grain_reserve,,广西储备商品管理公司及其直属库名单,196,广西壮族自治区储备商品管理公司及其直属库名单,2024,防城港市港口区粮食和物资储备中心,,,广西壮族自治区/防城港市,,储备商品管理公司及其直属库,桂财税〔2024〕8号;章节:防城港市,,,,名单: 广西储备商品管理公司及其直属库名单;文号: 桂财税〔2024〕8号;章节: 防城港市;序号: 196;单位名称: 防城港市港口区粮食和物资储备中心,0.99,使用 lxml 从 HTML 正文容器按“行政区标题 + 序号 + 单位名称”结构抽取;原正文段落序号 219。
rec_0e2bcc72f4a05377,data/raw/guangxi_reserve_companies_2024.html,file_769ec59b0a9fc8c9,grain_reserve,,广西储备商品管理公司及其直属库名单,197,广西壮族自治区储备商品管理公司及其直属库名单,2024,上思县储备粮管理中心,,,广西壮族自治区/防城港市,,储备商品管理公司及其直属库,桂财税〔2024〕8号;章节:防城港市,,,,名单: 广西储备商品管理公司及其直属库名单;文号: 桂财税〔2024〕8号;章节: 防城港市;序号: 197;单位名称: 上思县储备粮管理中心,0.99,使用 lxml 从 HTML 正文容器按“行政区标题 + 序号 + 单位名称”结构抽取;原正文段落序号 220。
rec_1935756eb8f3bb0a,data/raw/guangxi_reserve_companies_2024.html,file_769ec59b0a9fc8c9,grain_reserve,,广西储备商品管理公司及其直属库名单,198,广西壮族自治区储备商品管理公司及其直属库名单,2024,上思县城镇粮油供应中心,,,广西壮族自治区/防城港市,,储备商品管理公司及其直属库,桂财税〔2024〕8号;章节:防城港市,,,,名单: 广西储备商品管理公司及其直属库名单;文号: 桂财税〔2024〕8号;章节: 防城港市;序号: 198;单位名称: 上思县城镇粮油供应中心,0.99,使用 lxml 从 HTML 正文容器按“行政区标题 + 序号 + 单位名称”结构抽取;原正文段落序号 221。
rec_037d90532a5acff8,data/raw/guangxi_reserve_companies_2024.html,file_769ec59b0a9fc8c9,grain_reserve,,广西储备商品管理公司及其直属库名单,199,广西壮族自治区储备商品管理公司及其直属库名单,2024,广西百色大同国家粮食储备库,,,广西壮族自治区/百色市,,储备商品管理公司及其直属库,桂财税〔2024〕8号;章节:百色市,,,,名单: 广西储备商品管理公司及其直属库名单;文号: 桂财税〔2024〕8号;章节: 百色市;序号: 199;单位名称: 广西百色大同国家粮食储备库,0.99,使用 lxml 从 HTML 正文容器按“行政区标题 + 序号 + 单位名称”结构抽取;原正文段落序号 223。
rec_5af492d8f06a45b3,data/raw/guangxi_reserve_companies_2024.html,file_769ec59b0a9fc8c9,grain_reserve,,广西储备商品管理公司及其直属库名单,200,广西壮族自治区储备商品管理公司及其直属库名单,2024,百色市粮食局百色粮库,,,广西壮族自治区/百色市,,储备商品管理公司及其直属库,桂财税〔2024〕8号;章节:百色市,,,,名单: 广西储备商品管理公司及其直属库名单;文号: 桂财税〔2024〕8号;章节: 百色市;序号: 200;单位名称: 百色市粮食局百色粮库,0.99,使用 lxml 从 HTML 正文容器按“行政区标题 + 序号 + 单位名称”结构抽取;原正文段落序号 224。
rec_072d06ad36d93c72,data/raw/guangxi_reserve_companies_2024.html,file_769ec59b0a9fc8c9,grain_reserve,,广西储备商品管理公司及其直属库名单,201,广西壮族自治区储备商品管理公司及其直属库名单,2024,百色市右江区储备粮管理中心,,,广西壮族自治区/百色市,,储备商品管理公司及其直属库,桂财税〔2024〕8号;章节:百色市,,,,名单: 广西储备商品管理公司及其直属库名单;文号: 桂财税〔2024〕8号;章节: 百色市;序号: 201;单位名称: 百色市右江区储备粮管理中心,0.99,使用 lxml 从 HTML 正文容器按“行政区标题 + 序号 + 单位名称”结构抽取;原正文段落序号 225。
rec_97fc1e64fe5ed5f6,data/raw/guangxi_reserve_companies_2024.html,file_769ec59b0a9fc8c9,grain_reserve,,广西储备商品管理公司及其直属库名单,202,广西壮族自治区储备商品管理公司及其直属库名单,2024,百色市右江区军粮供应站,,,广西壮族自治区/百色市,,储备商品管理公司及其直属库,桂财税〔2024〕8号;章节:百色市,,,,名单: 广西储备商品管理公司及其直属库名单;文号: 桂财税〔2024〕8号;章节: 百色市;序号: 202;单位名称: 百色市右江区军粮供应站,0.99,使用 lxml 从 HTML 正文容器按“行政区标题 + 序号 + 单位名称”结构抽取;原正文段落序号 226。
rec_4b8e45c278c6f683,data/raw/guangxi_reserve_companies_2024.html,file_769ec59b0a9fc8c9,grain_reserve,,广西储备商品管理公司及其直属库名单,203,广西壮族自治区储备商品管理公司及其直属库名单,2024,广西嘉嘉晟商贸有限公司,,,广西壮族自治区/百色市,,储备商品管理公司及其直属库,桂财税〔2024〕8号;章节:百色市,,,,名单: 广西储备商品管理公司及其直属库名单;文号: 桂财税〔2024〕8号;章节: 百色市;序号: 203;单位名称: 广西嘉嘉晟商贸有限公司,0.99,使用 lxml 从 HTML 正文容器按“行政区标题 + 序号 + 单位名称”结构抽取;原正文段落序号 227。
rec_de7272ffdc05e9ff,data/raw/guangxi_reserve_companies_2024.html,file_769ec59b0a9fc8c9,grain_reserve,,广西储备商品管理公司及其直属库名单,204,广西壮族自治区储备商品管理公司及其直属库名单,2024,百色市田阳区粮食储备中心(百色市田阳区粮食质量检验站),,,广西壮族自治区/百色市,,储备商品管理公司及其直属库,桂财税〔2024〕8号;章节:百色市,,,,名单: 广西储备商品管理公司及其直属库名单;文号: 桂财税〔2024〕8号;章节: 百色市;序号: 204;单位名称: 百色市田阳区粮食储备中心(百色市田阳区粮食质量检验站),0.99,使用 lxml 从 HTML 正文容器按“行政区标题 + 序号 + 单位名称”结构抽取;原正文段落序号 228。
rec_eb7e0769ceb8a6cb,data/raw/guangxi_reserve_companies_2024.html,file_769ec59b0a9fc8c9,grain_reserve,,广西储备商品管理公司及其直属库名单,205,广西壮族自治区储备商品管理公司及其直属库名单,2024,百色市田阳区金穗米业有限责任公司,,,广西壮族自治区/百色市,,储备商品管理公司及其直属库,桂财税〔2024〕8号;章节:百色市,,,,名单: 广西储备商品管理公司及其直属库名单;文号: 桂财税〔2024〕8号;章节: 百色市;序号: 205;单位名称: 百色市田阳区金穗米业有限责任公司,0.99,使用 lxml 从 HTML 正文容器按“行政区标题 + 序号 + 单位名称”结构抽取;原正文段落序号 229。
rec_008084d3340f91c2,data/raw/guangxi_reserve_companies_2024.html,file_769ec59b0a9fc8c9,grain_reserve,,广西储备商品管理公司及其直属库名单,206,广西壮族自治区储备商品管理公司及其直属库名单,2024,百色市田阳区田州粮所,,,广西壮族自治区/百色市,,储备商品管理公司及其直属库,桂财税〔2024〕8号;章节:百色市,,,,名单: 广西储备商品管理公司及其直属库名单;文号: 桂财税〔2024〕8号;章节: 百色市;序号: 206;单位名称: 百色市田阳区田州粮所,0.99,使用 lxml 从 HTML 正文容器按“行政区标题 + 序号 + 单位名称”结构抽取;原正文段落序号 230。
rec_131209b341ed77c3,data/raw/guangxi_reserve_companies_2024.html,file_769ec59b0a9fc8c9,grain_reserve,,广西储备商品管理公司及其直属库名单,207,广西壮族自治区储备商品管理公司及其直属库名单,2024,田阳县百育粮所,,,广西壮族自治区/百色市,,储备商品管理公司及其直属库,桂财税〔2024〕8号;章节:百色市,,,,名单: 广西储备商品管理公司及其直属库名单;文号: 桂财税〔2024〕8号;章节: 百色市;序号: 207;单位名称: 田阳县百育粮所,0.99,使用 lxml 从 HTML 正文容器按“行政区标题 + 序号 + 单位名称”结构抽取;原正文段落序号 231。
rec_e29836c6b6a5c7a5,data/raw/guangxi_reserve_companies_2024.html,file_769ec59b0a9fc8c9,grain_reserve,,广西储备商品管理公司及其直属库名单,208,广西壮族自治区储备商品管理公司及其直属库名单,2024,田阳县头塘粮所,,,广西壮族自治区/百色市,,储备商品管理公司及其直属库,桂财税〔2024〕8号;章节:百色市,,,,名单: 广西储备商品管理公司及其直属库名单;文号: 桂财税〔2024〕8号;章节: 百色市;序号: 208;单位名称: 田阳县头塘粮所,0.99,使用 lxml 从 HTML 正文容器按“行政区标题 + 序号 + 单位名称”结构抽取;原正文段落序号 232。
rec_ba60a1598288ab57,data/raw/guangxi_reserve_companies_2024.html,file_769ec59b0a9fc8c9,grain_reserve,,广西储备商品管理公司及其直属库名单,209,广西壮族自治区储备商品管理公司及其直属库名单,2024,田阳县五村粮所,,,广西壮族自治区/百色市,,储备商品管理公司及其直属库,桂财税〔2024〕8号;章节:百色市,,,,名单: 广西储备商品管理公司及其直属库名单;文号: 桂财税〔2024〕8号;章节: 百色市;序号: 209;单位名称: 田阳县五村粮所,0.99,使用 lxml 从 HTML 正文容器按“行政区标题 + 序号 + 单位名称”结构抽取;原正文段落序号 233。
rec_29619f63ffc56d3a,data/raw/guangxi_reserve_companies_2024.html,file_769ec59b0a9fc8c9,grain_reserve,,广西储备商品管理公司及其直属库名单,210,广西壮族自治区储备商品管理公司及其直属库名单,2024,田阳县洞靖粮所,,,广西壮族自治区/百色市,,储备商品管理公司及其直属库,桂财税〔2024〕8号;章节:百色市,,,,名单: 广西储备商品管理公司及其直属库名单;文号: 桂财税〔2024〕8号;章节: 百色市;序号: 210;单位名称: 田阳县洞靖粮所,0.99,使用 lxml 从 HTML 正文容器按“行政区标题 + 序号 + 单位名称”结构抽取;原正文段落序号 234。
rec_8c3743d1f878b9f7,data/raw/guangxi_reserve_companies_2024.html,file_769ec59b0a9fc8c9,grain_reserve,,广西储备商品管理公司及其直属库名单,211,广西壮族自治区储备商品管理公司及其直属库名单,2024,田阳县玉凤粮所,,,广西壮族自治区/百色市,,储备商品管理公司及其直属库,桂财税〔2024〕8号;章节:百色市,,,,名单: 广西储备商品管理公司及其直属库名单;文号: 桂财税〔2024〕8号;章节: 百色市;序号: 211;单位名称: 田阳县玉凤粮所,0.99,使用 lxml 从 HTML 正文容器按“行政区标题 + 序号 + 单位名称”结构抽取;原正文段落序号 235。
rec_a66843483f1cb97e,data/raw/guangxi_reserve_companies_2024.html,file_769ec59b0a9fc8c9,grain_reserve,,广西储备商品管理公司及其直属库名单,212,广西壮族自治区储备商品管理公司及其直属库名单,2024,田阳县那满粮所,,,广西壮族自治区/百色市,,储备商品管理公司及其直属库,桂财税〔2024〕8号;章节:百色市,,,,名单: 广西储备商品管理公司及其直属库名单;文号: 桂财税〔2024〕8号;章节: 百色市;序号: 212;单位名称: 田阳县那满粮所,0.99,使用 lxml 从 HTML 正文容器按“行政区标题 + 序号 + 单位名称”结构抽取;原正文段落序号 236。
rec_1683922854ee7310,data/raw/guangxi_reserve_companies_2024.html,file_769ec59b0a9fc8c9,grain_reserve,,广西储备商品管理公司及其直属库名单,213,广西壮族自治区储备商品管理公司及其直属库名单,2024,田阳县巴别粮所,,,广西壮族自治区/百色市,,储备商品管理公司及其直属库,桂财税〔2024〕8号;章节:百色市,,,,名单: 广西储备商品管理公司及其直属库名单;文号: 桂财税〔2024〕8号;章节: 百色市;序号: 213;单位名称: 田阳县巴别粮所,0.99,使用 lxml 从 HTML 正文容器按“行政区标题 + 序号 + 单位名称”结构抽取;原正文段落序号 237。
rec_0a47d3c36db5d3d0,data/raw/guangxi_reserve_companies_2024.html,file_769ec59b0a9fc8c9,grain_reserve,,广西储备商品管理公司及其直属库名单,214,广西壮族自治区储备商品管理公司及其直属库名单,2024,田阳县坡洪粮所,,,广西壮族自治区/百色市,,储备商品管理公司及其直属库,桂财税〔2024〕8号;章节:百色市,,,,名单: 广西储备商品管理公司及其直属库名单;文号: 桂财税〔2024〕8号;章节: 百色市;序号: 214;单位名称: 田阳县坡洪粮所,0.99,使用 lxml 从 HTML 正文容器按“行政区标题 + 序号 + 单位名称”结构抽取;原正文段落序号 238。
rec_f2c8f2e2d38582e1,data/raw/guangxi_reserve_companies_2024.html,file_769ec59b0a9fc8c9,grain_reserve,,广西储备商品管理公司及其直属库名单,215,广西壮族自治区储备商品管理公司及其直属库名单,2024,田阳县那坡粮所,,,广西壮族自治区/百色市,,储备商品管理公司及其直属库,桂财税〔2024〕8号;章节:百色市,,,,名单: 广西储备商品管理公司及其直属库名单;文号: 桂财税〔2024〕8号;章节: 百色市;序号: 215;单位名称: 田阳县那坡粮所,0.99,使用 lxml 从 HTML 正文容器按“行政区标题 + 序号 + 单位名称”结构抽取;原正文段落序号 239。
rec_0ff269eaf3647dc7,data/raw/guangxi_reserve_companies_2024.html,file_769ec59b0a9fc8c9,grain_reserve,,广西储备商品管理公司及其直属库名单,216,广西壮族自治区储备商品管理公司及其直属库名单,2024,田东县粮食购销公司,,,广西壮族自治区/百色市,,储备商品管理公司及其直属库,桂财税〔2024〕8号;章节:百色市,,,,名单: 广西储备商品管理公司及其直属库名单;文号: 桂财税〔2024〕8号;章节: 百色市;序号: 216;单位名称: 田东县粮食购销公司,0.99,使用 lxml 从 HTML 正文容器按“行政区标题 + 序号 + 单位名称”结构抽取;原正文段落序号 240。
rec_540aa4f33f5cfbf2,data/raw/guangxi_reserve_companies_2024.html,file_769ec59b0a9fc8c9,grain_reserve,,广西储备商品管理公司及其直属库名单,217,广西壮族自治区储备商品管理公司及其直属库名单,2024,田东县储备粮管理公司,,,广西壮族自治区/百色市,,储备商品管理公司及其直属库,桂财税〔2024〕8号;章节:百色市,,,,名单: 广西储备商品管理公司及其直属库名单;文号: 桂财税〔2024〕8号;章节: 百色市;序号: 217;单位名称: 田东县储备粮管理公司,0.99,使用 lxml 从 HTML 正文容器按“行政区标题 + 序号 + 单位名称”结构抽取;原正文段落序号 241。
rec_525f70dae85539e0,data/raw/guangxi_reserve_companies_2024.html,file_769ec59b0a9fc8c9,grain_reserve,,广西储备商品管理公司及其直属库名单,218,广西壮族自治区储备商品管理公司及其直属库名单,2024,德保县粮食购销管理中心,,,广西壮族自治区/百色市,,储备商品管理公司及其直属库,桂财税〔2024〕8号;章节:百色市,,,,名单: 广西储备商品管理公司及其直属库名单;文号: 桂财税〔2024〕8号;章节: 百色市;序号: 218;单位名称: 德保县粮食购销管理中心,0.99,使用 lxml 从 HTML 正文容器按“行政区标题 + 序号 + 单位名称”结构抽取;原正文段落序号 242。
rec_778c26c6e6dec96e,data/raw/guangxi_reserve_companies_2024.html,file_769ec59b0a9fc8c9,grain_reserve,,广西储备商品管理公司及其直属库名单,219,广西壮族自治区储备商品管理公司及其直属库名单,2024,德保县储备粮管理中心,,,广西壮族自治区/百色市,,储备商品管理公司及其直属库,桂财税〔2024〕8号;章节:百色市,,,,名单: 广西储备商品管理公司及其直属库名单;文号: 桂财税〔2024〕8号;章节: 百色市;序号: 219;单位名称: 德保县储备粮管理中心,0.99,使用 lxml 从 HTML 正文容器按“行政区标题 + 序号 + 单位名称”结构抽取;原正文段落序号 243。
rec_7b484846a2ebb96e,data/raw/guangxi_reserve_companies_2024.html,file_769ec59b0a9fc8c9,grain_reserve,,广西储备商品管理公司及其直属库名单,220,广西壮族自治区储备商品管理公司及其直属库名单,2024,广西德保三农投资发展有限公司,,,广西壮族自治区/百色市,,储备商品管理公司及其直属库,桂财税〔2024〕8号;章节:百色市,,,,名单: 广西储备商品管理公司及其直属库名单;文号: 桂财税〔2024〕8号;章节: 百色市;序号: 220;单位名称: 广西德保三农投资发展有限公司,0.99,使用 lxml 从 HTML 正文容器按“行政区标题 + 序号 + 单位名称”结构抽取;原正文段落序号 244。
rec_50f087feb6f64cc2,data/raw/guangxi_reserve_companies_2024.html,file_769ec59b0a9fc8c9,grain_reserve,,广西储备商品管理公司及其直属库名单,221,广西壮族自治区储备商品管理公司及其直属库名单,2024,靖西市粮油购销管理中心,,,广西壮族自治区/百色市,,储备商品管理公司及其直属库,桂财税〔2024〕8号;章节:百色市,,,,名单: 广西储备商品管理公司及其直属库名单;文号: 桂财税〔2024〕8号;章节: 百色市;序号: 221;单位名称: 靖西市粮油购销管理中心,0.99,使用 lxml 从 HTML 正文容器按“行政区标题 + 序号 + 单位名称”结构抽取;原正文段落序号 245。
rec_45fbb64cb85e7439,data/raw/guangxi_reserve_companies_2024.html,file_769ec59b0a9fc8c9,grain_reserve,,广西储备商品管理公司及其直属库名单,222,广西壮族自治区储备商品管理公司及其直属库名单,2024,靖西市军粮供应站,,,广西壮族自治区/百色市,,储备商品管理公司及其直属库,桂财税〔2024〕8号;章节:百色市,,,,名单: 广西储备商品管理公司及其直属库名单;文号: 桂财税〔2024〕8号;章节: 百色市;序号: 222;单位名称: 靖西市军粮供应站,0.99,使用 lxml 从 HTML 正文容器按“行政区标题 + 序号 + 单位名称”结构抽取;原正文段落序号 246。
rec_7f3e384af46df386,data/raw/guangxi_reserve_companies_2024.html,file_769ec59b0a9fc8c9,grain_reserve,,广西储备商品管理公司及其直属库名单,223,广西壮族自治区储备商品管理公司及其直属库名单,2024,靖西市储备粮管理中心,,,广西壮族自治区/百色市,,储备商品管理公司及其直属库,桂财税〔2024〕8号;章节:百色市,,,,名单: 广西储备商品管理公司及其直属库名单;文号: 桂财税〔2024〕8号;章节: 百色市;序号: 223;单位名称: 靖西市储备粮管理中心,0.99,使用 lxml 从 HTML 正文容器按“行政区标题 + 序号 + 单位名称”结构抽取;原正文段落序号 247。
rec_93ce5a6ea5368c13,data/raw/guangxi_reserve_companies_2024.html,file_769ec59b0a9fc8c9,grain_reserve,,广西储备商品管理公司及其直属库名单,224,广西壮族自治区储备商品管理公司及其直属库名单,2024,那坡县军粮供应站,,,广西壮族自治区/百色市,,储备商品管理公司及其直属库,桂财税〔2024〕8号;章节:百色市,,,,名单: 广西储备商品管理公司及其直属库名单;文号: 桂财税〔2024〕8号;章节: 百色市;序号: 224;单位名称: 那坡县军粮供应站,0.99,使用 lxml 从 HTML 正文容器按“行政区标题 + 序号 + 单位名称”结构抽取;原正文段落序号 248。
rec_a77884213ebbb4dc,data/raw/guangxi_reserve_companies_2024.html,file_769ec59b0a9fc8c9,grain_reserve,,广西储备商品管理公司及其直属库名单,225,广西壮族自治区储备商品管理公司及其直属库名单,2024,那坡县物资储备中心,,,广西壮族自治区/百色市,,储备商品管理公司及其直属库,桂财税〔2024〕8号;章节:百色市,,,,名单: 广西储备商品管理公司及其直属库名单;文号: 桂财税〔2024〕8号;章节: 百色市;序号: 225;单位名称: 那坡县物资储备中心,0.99,使用 lxml 从 HTML 正文容器按“行政区标题 + 序号 + 单位名称”结构抽取;原正文段落序号 249。
rec_6ae2b65d42051c23,data/raw/guangxi_reserve_companies_2024.html,file_769ec59b0a9fc8c9,grain_reserve,,广西储备商品管理公司及其直属库名单,226,广西壮族自治区储备商品管理公司及其直属库名单,2024,那坡县储备粮管理中心,,,广西壮族自治区/百色市,,储备商品管理公司及其直属库,桂财税〔2024〕8号;章节:百色市,,,,名单: 广西储备商品管理公司及其直属库名单;文号: 桂财税〔2024〕8号;章节: 百色市;序号: 226;单位名称: 那坡县储备粮管理中心,0.99,使用 lxml 从 HTML 正文容器按“行政区标题 + 序号 + 单位名称”结构抽取;原正文段落序号 250。
rec_fcc08ff2dc12700c,data/raw/guangxi_reserve_companies_2024.html,file_769ec59b0a9fc8c9,grain_reserve,,广西储备商品管理公司及其直属库名单,227,广西壮族自治区储备商品管理公司及其直属库名单,2024,平果市粮食和物资储备中心,,,广西壮族自治区/百色市,,储备商品管理公司及其直属库,桂财税〔2024〕8号;章节:百色市,,,,名单: 广西储备商品管理公司及其直属库名单;文号: 桂财税〔2024〕8号;章节: 百色市;序号: 227;单位名称: 平果市粮食和物资储备中心,0.99,使用 lxml 从 HTML 正文容器按“行政区标题 + 序号 + 单位名称”结构抽取;原正文段落序号 251。
rec_f9c53eec33036d5a,data/raw/guangxi_reserve_companies_2024.html,file_769ec59b0a9fc8c9,grain_reserve,,广西储备商品管理公司及其直属库名单,228,广西壮族自治区储备商品管理公司及其直属库名单,2024,平果市中转储备粮库,,,广西壮族自治区/百色市,,储备商品管理公司及其直属库,桂财税〔2024〕8号;章节:百色市,,,,名单: 广西储备商品管理公司及其直属库名单;文号: 桂财税〔2024〕8号;章节: 百色市;序号: 228;单位名称: 平果市中转储备粮库,0.99,使用 lxml 从 HTML 正文容器按“行政区标题 + 序号 + 单位名称”结构抽取;原正文段落序号 252。
rec_7ac816e12d87f27f,data/raw/guangxi_reserve_companies_2024.html,file_769ec59b0a9fc8c9,grain_reserve,,广西储备商品管理公司及其直属库名单,229,广西壮族自治区储备商品管理公司及其直属库名单,2024,平果华粮有限公司,,,广西壮族自治区/百色市,,储备商品管理公司及其直属库,桂财税〔2024〕8号;章节:百色市,,,,名单: 广西储备商品管理公司及其直属库名单;文号: 桂财税〔2024〕8号;章节: 百色市;序号: 229;单位名称: 平果华粮有限公司,0.99,使用 lxml 从 HTML 正文容器按“行政区标题 + 序号 + 单位名称”结构抽取;原正文段落序号 253。
rec_fb3c78e007ec2d63,data/raw/guangxi_reserve_companies_2024.html,file_769ec59b0a9fc8c9,grain_reserve,,广西储备商品管理公司及其直属库名单,230,广西壮族自治区储备商品管理公司及其直属库名单,2024,平果市粮食购销有限责任公司,,,广西壮族自治区/百色市,,储备商品管理公司及其直属库,桂财税〔2024〕8号;章节:百色市,,,,名单: 广西储备商品管理公司及其直属库名单;文号: 桂财税〔2024〕8号;章节: 百色市;序号: 230;单位名称: 平果市粮食购销有限责任公司,0.99,使用 lxml 从 HTML 正文容器按“行政区标题 + 序号 + 单位名称”结构抽取;原正文段落序号 254。
rec_51f2eea0c3d6eeda,data/raw/guangxi_reserve_companies_2024.html,file_769ec59b0a9fc8c9,grain_reserve,,广西储备商品管理公司及其直属库名单,231,广西壮族自治区储备商品管理公司及其直属库名单,2024,平果市直属储备粮库,,,广西壮族自治区/百色市,,储备商品管理公司及其直属库,桂财税〔2024〕8号;章节:百色市,,,,名单: 广西储备商品管理公司及其直属库名单;文号: 桂财税〔2024〕8号;章节: 百色市;序号: 231;单位名称: 平果市直属储备粮库,0.99,使用 lxml 从 HTML 正文容器按“行政区标题 + 序号 + 单位名称”结构抽取;原正文段落序号 255。
rec_9c9cd86c26314d06,data/raw/guangxi_reserve_companies_2024.html,file_769ec59b0a9fc8c9,grain_reserve,,广西储备商品管理公司及其直属库名单,232,广西壮族自治区储备商品管理公司及其直属库名单,2024,凌云县粮食储备管理中心,,,广西壮族自治区/百色市,,储备商品管理公司及其直属库,桂财税〔2024〕8号;章节:百色市,,,,名单: 广西储备商品管理公司及其直属库名单;文号: 桂财税〔2024〕8号;章节: 百色市;序号: 232;单位名称: 凌云县粮食储备管理中心,0.99,使用 lxml 从 HTML 正文容器按“行政区标题 + 序号 + 单位名称”结构抽取;原正文段落序号 256。
rec_24e6f50a881e9497,data/raw/guangxi_reserve_companies_2024.html,file_769ec59b0a9fc8c9,grain_reserve,,广西储备商品管理公司及其直属库名单,233,广西壮族自治区储备商品管理公司及其直属库名单,2024,凌云县粮油购销管理中心,,,广西壮族自治区/百色市,,储备商品管理公司及其直属库,桂财税〔2024〕8号;章节:百色市,,,,名单: 广西储备商品管理公司及其直属库名单;文号: 桂财税〔2024〕8号;章节: 百色市;序号: 233;单位名称: 凌云县粮油购销管理中心,0.99,使用 lxml 从 HTML 正文容器按“行政区标题 + 序号 + 单位名称”结构抽取;原正文段落序号 257。
rec_58451c542a985bd3,data/raw/guangxi_reserve_companies_2024.html,file_769ec59b0a9fc8c9,grain_reserve,,广西储备商品管理公司及其直属库名单,234,广西壮族自治区储备商品管理公司及其直属库名单,2024,乐业县粮食储备中心,,,广西壮族自治区/百色市,,储备商品管理公司及其直属库,桂财税〔2024〕8号;章节:百色市,,,,名单: 广西储备商品管理公司及其直属库名单;文号: 桂财税〔2024〕8号;章节: 百色市;序号: 234;单位名称: 乐业县粮食储备中心,0.99,使用 lxml 从 HTML 正文容器按“行政区标题 + 序号 + 单位名称”结构抽取;原正文段落序号 258。
rec_737862b11f61bb71,data/raw/guangxi_reserve_companies_2024.html,file_769ec59b0a9fc8c9,grain_reserve,,广西储备商品管理公司及其直属库名单,235,广西壮族自治区储备商品管理公司及其直属库名单,2024,乐业县粮食购销管理中心,,,广西壮族自治区/百色市,,储备商品管理公司及其直属库,桂财税〔2024〕8号;章节:百色市,,,,名单: 广西储备商品管理公司及其直属库名单;文号: 桂财税〔2024〕8号;章节: 百色市;序号: 235;单位名称: 乐业县粮食购销管理中心,0.99,使用 lxml 从 HTML 正文容器按“行政区标题 + 序号 + 单位名称”结构抽取;原正文段落序号 259。
rec_98e87aa9f2aea91a,data/raw/guangxi_reserve_companies_2024.html,file_769ec59b0a9fc8c9,grain_reserve,,广西储备商品管理公司及其直属库名单,236,广西壮族自治区储备商品管理公司及其直属库名单,2024,田林县粮食购销中心,,,广西壮族自治区/百色市,,储备商品管理公司及其直属库,桂财税〔2024〕8号;章节:百色市,,,,名单: 广西储备商品管理公司及其直属库名单;文号: 桂财税〔2024〕8号;章节: 百色市;序号: 236;单位名称: 田林县粮食购销中心,0.99,使用 lxml 从 HTML 正文容器按“行政区标题 + 序号 + 单位名称”结构抽取;原正文段落序号 260。
rec_69006fb006b570e7,data/raw/guangxi_reserve_companies_2024.html,file_769ec59b0a9fc8c9,grain_reserve,,广西储备商品管理公司及其直属库名单,237,广西壮族自治区储备商品管理公司及其直属库名单,2024,田林县储备粮管理中心,,,广西壮族自治区/百色市,,储备商品管理公司及其直属库,桂财税〔2024〕8号;章节:百色市,,,,名单: 广西储备商品管理公司及其直属库名单;文号: 桂财税〔2024〕8号;章节: 百色市;序号: 237;单位名称: 田林县储备粮管理中心,0.99,使用 lxml 从 HTML 正文容器按“行政区标题 + 序号 + 单位名称”结构抽取;原正文段落序号 261。
rec_b53e0c0a43c993f9,data/raw/guangxi_reserve_companies_2024.html,file_769ec59b0a9fc8c9,grain_reserve,,广西储备商品管理公司及其直属库名单,238,广西壮族自治区储备商品管理公司及其直属库名单,2024,田林县丰益粮油贸易有限公司,,,广西壮族自治区/百色市,,储备商品管理公司及其直属库,桂财税〔2024〕8号;章节:百色市,,,,名单: 广西储备商品管理公司及其直属库名单;文号: 桂财税〔2024〕8号;章节: 百色市;序号: 238;单位名称: 田林县丰益粮油贸易有限公司,0.99,使用 lxml 从 HTML 正文容器按“行政区标题 + 序号 + 单位名称”结构抽取;原正文段落序号 262。
rec_8e810286996ce2ad,data/raw/guangxi_reserve_companies_2024.html,file_769ec59b0a9fc8c9,grain_reserve,,广西储备商品管理公司及其直属库名单,239,广西壮族自治区储备商品管理公司及其直属库名单,2024,隆林各族自治县储备粮服务中心,,,广西壮族自治区/百色市,,储备商品管理公司及其直属库,桂财税〔2024〕8号;章节:百色市,,,,名单: 广西储备商品管理公司及其直属库名单;文号: 桂财税〔2024〕8号;章节: 百色市;序号: 239;单位名称: 隆林各族自治县储备粮服务中心,0.99,使用 lxml 从 HTML 正文容器按“行政区标题 + 序号 + 单位名称”结构抽取;原正文段落序号 263。
rec_8b3ada26af9e45b5,data/raw/guangxi_reserve_companies_2024.html,file_769ec59b0a9fc8c9,grain_reserve,,广西储备商品管理公司及其直属库名单,240,广西壮族自治区储备商品管理公司及其直属库名单,2024,隆林各族自治县粮食购销服务中心,,,广西壮族自治区/百色市,,储备商品管理公司及其直属库,桂财税〔2024〕8号;章节:百色市,,,,名单: 广西储备商品管理公司及其直属库名单;文号: 桂财税〔2024〕8号;章节: 百色市;序号: 240;单位名称: 隆林各族自治县粮食购销服务中心,0.99,使用 lxml 从 HTML 正文容器按“行政区标题 + 序号 + 单位名称”结构抽取;原正文段落序号 264。
rec_8e5f60464babcfdb,data/raw/guangxi_reserve_companies_2024.html,file_769ec59b0a9fc8c9,grain_reserve,,广西储备商品管理公司及其直属库名单,241,广西壮族自治区储备商品管理公司及其直属库名单,2024,西林县储备粮管理中心,,,广西壮族自治区/百色市,,储备商品管理公司及其直属库,桂财税〔2024〕8号;章节:百色市,,,,名单: 广西储备商品管理公司及其直属库名单;文号: 桂财税〔2024〕8号;章节: 百色市;序号: 241;单位名称: 西林县储备粮管理中心,0.99,使用 lxml 从 HTML 正文容器按“行政区标题 + 序号 + 单位名称”结构抽取;原正文段落序号 265。
rec_4bfae876fdcb89ea,data/raw/guangxi_reserve_companies_2024.html,file_769ec59b0a9fc8c9,grain_reserve,,广西储备商品管理公司及其直属库名单,242,广西壮族自治区储备商品管理公司及其直属库名单,2024,河池市粮食和物资储备有限公司,,,广西壮族自治区/河池市,,储备商品管理公司及其直属库,桂财税〔2024〕8号;章节:河池市,,,,名单: 广西储备商品管理公司及其直属库名单;文号: 桂财税〔2024〕8号;章节: 河池市;序号: 242;单位名称: 河池市粮食和物资储备有限公司,0.99,使用 lxml 从 HTML 正文容器按“行政区标题 + 序号 + 单位名称”结构抽取;原正文段落序号 267。
rec_431c03d0f4e400b4,data/raw/guangxi_reserve_companies_2024.html,file_769ec59b0a9fc8c9,grain_reserve,,广西储备商品管理公司及其直属库名单,243,广西壮族自治区储备商品管理公司及其直属库名单,2024,河池市金城江区粮食储备中心,,,广西壮族自治区/河池市,,储备商品管理公司及其直属库,桂财税〔2024〕8号;章节:河池市,,,,名单: 广西储备商品管理公司及其直属库名单;文号: 桂财税〔2024〕8号;章节: 河池市;序号: 243;单位名称: 河池市金城江区粮食储备中心,0.99,使用 lxml 从 HTML 正文容器按“行政区标题 + 序号 + 单位名称”结构抽取;原正文段落序号 268。
rec_b3685d51f93c7449,data/raw/guangxi_reserve_companies_2024.html,file_769ec59b0a9fc8c9,grain_reserve,,广西储备商品管理公司及其直属库名单,244,广西壮族自治区储备商品管理公司及其直属库名单,2024,河池市宜州区粮食局直属粮库,,,广西壮族自治区/河池市,,储备商品管理公司及其直属库,桂财税〔2024〕8号;章节:河池市,,,,名单: 广西储备商品管理公司及其直属库名单;文号: 桂财税〔2024〕8号;章节: 河池市;序号: 244;单位名称: 河池市宜州区粮食局直属粮库,0.99,使用 lxml 从 HTML 正文容器按“行政区标题 + 序号 + 单位名称”结构抽取;原正文段落序号 269。
rec_b92ab929c4c6b8bf,data/raw/guangxi_reserve_companies_2024.html,file_769ec59b0a9fc8c9,grain_reserve,,广西储备商品管理公司及其直属库名单,245,广西壮族自治区储备商品管理公司及其直属库名单,2024,河池市宜州区储备粮管理公司,,,广西壮族自治区/河池市,,储备商品管理公司及其直属库,桂财税〔2024〕8号;章节:河池市,,,,名单: 广西储备商品管理公司及其直属库名单;文号: 桂财税〔2024〕8号;章节: 河池市;序号: 245;单位名称: 河池市宜州区储备粮管理公司,0.99,使用 lxml 从 HTML 正文容器按“行政区标题 + 序号 + 单位名称”结构抽取;原正文段落序号 270。
rec_2bcf8eb80a66a73c,data/raw/guangxi_reserve_companies_2024.html,file_769ec59b0a9fc8c9,grain_reserve,,广西储备商品管理公司及其直属库名单,246,广西壮族自治区储备商品管理公司及其直属库名单,2024,河池市宜州区穗丰粮油购销公司,,,广西壮族自治区/河池市,,储备商品管理公司及其直属库,桂财税〔2024〕8号;章节:河池市,,,,名单: 广西储备商品管理公司及其直属库名单;文号: 桂财税〔2024〕8号;章节: 河池市;序号: 246;单位名称: 河池市宜州区穗丰粮油购销公司,0.99,使用 lxml 从 HTML 正文容器按“行政区标题 + 序号 + 单位名称”结构抽取;原正文段落序号 271。
rec_a3031e0a26b97a0f,data/raw/guangxi_reserve_companies_2024.html,file_769ec59b0a9fc8c9,grain_reserve,,广西储备商品管理公司及其直属库名单,247,广西壮族自治区储备商品管理公司及其直属库名单,2024,罗城仫佬族自治县粮食局直属库,,,广西壮族自治区/河池市,,储备商品管理公司及其直属库,桂财税〔2024〕8号;章节:河池市,,,,名单: 广西储备商品管理公司及其直属库名单;文号: 桂财税〔2024〕8号;章节: 河池市;序号: 247;单位名称: 罗城仫佬族自治县粮食局直属库,0.99,使用 lxml 从 HTML 正文容器按“行政区标题 + 序号 + 单位名称”结构抽取;原正文段落序号 272。
rec_598b05fed1d50b09,data/raw/guangxi_reserve_companies_2024.html,file_769ec59b0a9fc8c9,grain_reserve,,广西储备商品管理公司及其直属库名单,248,广西壮族自治区储备商品管理公司及其直属库名单,2024,罗城仫佬族自治县储备粮管理公司,,,广西壮族自治区/河池市,,储备商品管理公司及其直属库,桂财税〔2024〕8号;章节:河池市,,,,名单: 广西储备商品管理公司及其直属库名单;文号: 桂财税〔2024〕8号;章节: 河池市;序号: 248;单位名称: 罗城仫佬族自治县储备粮管理公司,0.99,使用 lxml 从 HTML 正文容器按“行政区标题 + 序号 + 单位名称”结构抽取;原正文段落序号 273。
rec_2f168fc04c586a54,data/raw/guangxi_reserve_companies_2024.html,file_769ec59b0a9fc8c9,grain_reserve,,广西储备商品管理公司及其直属库名单,249,广西壮族自治区储备商品管理公司及其直属库名单,2024,环江毛南族自治县粮食局直属粮库,,,广西壮族自治区/河池市,,储备商品管理公司及其直属库,桂财税〔2024〕8号;章节:河池市,,,,名单: 广西储备商品管理公司及其直属库名单;文号: 桂财税〔2024〕8号;章节: 河池市;序号: 249;单位名称: 环江毛南族自治县粮食局直属粮库,0.99,使用 lxml 从 HTML 正文容器按“行政区标题 + 序号 + 单位名称”结构抽取;原正文段落序号 274。
rec_1e2a2a8ecb12db81,data/raw/guangxi_reserve_companies_2024.html,file_769ec59b0a9fc8c9,grain_reserve,,广西储备商品管理公司及其直属库名单,250,广西壮族自治区储备商品管理公司及其直属库名单,2024,环江毛南族自治县粮油购销公司,,,广西壮族自治区/河池市,,储备商品管理公司及其直属库,桂财税〔2024〕8号;章节:河池市,,,,名单: 广西储备商品管理公司及其直属库名单;文号: 桂财税〔2024〕8号;章节: 河池市;序号: 250;单位名称: 环江毛南族自治县粮油购销公司,0.99,使用 lxml 从 HTML 正文容器按“行政区标题 + 序号 + 单位名称”结构抽取;原正文段落序号 275。
rec_bdab69231ea055a9,data/raw/guangxi_reserve_companies_2024.html,file_769ec59b0a9fc8c9,grain_reserve,,广西储备商品管理公司及其直属库名单,251,广西壮族自治区储备商品管理公司及其直属库名单,2024,南丹城关广西粮食储备库,,,广西壮族自治区/河池市,,储备商品管理公司及其直属库,桂财税〔2024〕8号;章节:河池市,,,,名单: 广西储备商品管理公司及其直属库名单;文号: 桂财税〔2024〕8号;章节: 河池市;序号: 251;单位名称: 南丹城关广西粮食储备库,0.99,使用 lxml 从 HTML 正文容器按“行政区标题 + 序号 + 单位名称”结构抽取;原正文段落序号 276。
rec_61cc7d03f8aac370,data/raw/guangxi_reserve_companies_2024.html,file_769ec59b0a9fc8c9,grain_reserve,,广西储备商品管理公司及其直属库名单,252,广西壮族自治区储备商品管理公司及其直属库名单,2024,南丹县粮油购销公司,,,广西壮族自治区/河池市,,储备商品管理公司及其直属库,桂财税〔2024〕8号;章节:河池市,,,,名单: 广西储备商品管理公司及其直属库名单;文号: 桂财税〔2024〕8号;章节: 河池市;序号: 252;单位名称: 南丹县粮油购销公司,0.99,使用 lxml 从 HTML 正文容器按“行政区标题 + 序号 + 单位名称”结构抽取;原正文段落序号 277。
rec_752e61a7ff71f853,data/raw/guangxi_reserve_companies_2024.html,file_769ec59b0a9fc8c9,grain_reserve,,广西储备商品管理公司及其直属库名单,253,广西壮族自治区储备商品管理公司及其直属库名单,2024,南丹县储备粮管理公司,,,广西壮族自治区/河池市,,储备商品管理公司及其直属库,桂财税〔2024〕8号;章节:河池市,,,,名单: 广西储备商品管理公司及其直属库名单;文号: 桂财税〔2024〕8号;章节: 河池市;序号: 253;单位名称: 南丹县储备粮管理公司,0.99,使用 lxml 从 HTML 正文容器按“行政区标题 + 序号 + 单位名称”结构抽取;原正文段落序号 278。
rec_f7e36f6968b6e842,data/raw/guangxi_reserve_companies_2024.html,file_769ec59b0a9fc8c9,grain_reserve,,广西储备商品管理公司及其直属库名单,254,广西壮族自治区储备商品管理公司及其直属库名单,2024,天峨县粮食购销公司,,,广西壮族自治区/河池市,,储备商品管理公司及其直属库,桂财税〔2024〕8号;章节:河池市,,,,名单: 广西储备商品管理公司及其直属库名单;文号: 桂财税〔2024〕8号;章节: 河池市;序号: 254;单位名称: 天峨县粮食购销公司,0.99,使用 lxml 从 HTML 正文容器按“行政区标题 + 序号 + 单位名称”结构抽取;原正文段落序号 279。
rec_215c75a35b935f6f,data/raw/guangxi_reserve_companies_2024.html,file_769ec59b0a9fc8c9,grain_reserve,,广西储备商品管理公司及其直属库名单,255,广西壮族自治区储备商品管理公司及其直属库名单,2024,凤山县粮油购销管理中心,,,广西壮族自治区/河池市,,储备商品管理公司及其直属库,桂财税〔2024〕8号;章节:河池市,,,,名单: 广西储备商品管理公司及其直属库名单;文号: 桂财税〔2024〕8号;章节: 河池市;序号: 255;单位名称: 凤山县粮油购销管理中心,0.99,使用 lxml 从 HTML 正文容器按“行政区标题 + 序号 + 单位名称”结构抽取;原正文段落序号 280。
rec_0bf3132a3438cf19,data/raw/guangxi_reserve_companies_2024.html,file_769ec59b0a9fc8c9,grain_reserve,,广西储备商品管理公司及其直属库名单,256,广西壮族自治区储备商品管理公司及其直属库名单,2024,凤山县粮食储备库,,,广西壮族自治区/河池市,,储备商品管理公司及其直属库,桂财税〔2024〕8号;章节:河池市,,,,名单: 广西储备商品管理公司及其直属库名单;文号: 桂财税〔2024〕8号;章节: 河池市;序号: 256;单位名称: 凤山县粮食储备库,0.99,使用 lxml 从 HTML 正文容器按“行政区标题 + 序号 + 单位名称”结构抽取;原正文段落序号 281。
rec_01947c95c3a0c71b,data/raw/guangxi_reserve_companies_2024.html,file_769ec59b0a9fc8c9,grain_reserve,,广西储备商品管理公司及其直属库名单,257,广西壮族自治区储备商品管理公司及其直属库名单,2024,东兰县粮食和物资储备中心,,,广西壮族自治区/河池市,,储备商品管理公司及其直属库,桂财税〔2024〕8号;章节:河池市,,,,名单: 广西储备商品管理公司及其直属库名单;文号: 桂财税〔2024〕8号;章节: 河池市;序号: 257;单位名称: 东兰县粮食和物资储备中心,0.99,使用 lxml 从 HTML 正文容器按“行政区标题 + 序号 + 单位名称”结构抽取;原正文段落序号 282。
rec_b744e653f9414650,data/raw/guangxi_reserve_companies_2024.html,file_769ec59b0a9fc8c9,grain_reserve,,广西储备商品管理公司及其直属库名单,258,广西壮族自治区储备商品管理公司及其直属库名单,2024,东兰县粮食购销有限责任公司,,,广西壮族自治区/河池市,,储备商品管理公司及其直属库,桂财税〔2024〕8号;章节:河池市,,,,名单: 广西储备商品管理公司及其直属库名单;文号: 桂财税〔2024〕8号;章节: 河池市;序号: 258;单位名称: 东兰县粮食购销有限责任公司,0.99,使用 lxml 从 HTML 正文容器按“行政区标题 + 序号 + 单位名称”结构抽取;原正文段落序号 283。
rec_99567ebf534633d2,data/raw/guangxi_reserve_companies_2024.html,file_769ec59b0a9fc8c9,grain_reserve,,广西储备商品管理公司及其直属库名单,259,广西壮族自治区储备商品管理公司及其直属库名单,2024,巴马瑶族自治县储备粮管理中心,,,广西壮族自治区/河池市,,储备商品管理公司及其直属库,桂财税〔2024〕8号;章节:河池市,,,,名单: 广西储备商品管理公司及其直属库名单;文号: 桂财税〔2024〕8号;章节: 河池市;序号: 259;单位名称: 巴马瑶族自治县储备粮管理中心,0.99,使用 lxml 从 HTML 正文容器按“行政区标题 + 序号 + 单位名称”结构抽取;原正文段落序号 284。
rec_b1d5385c3fe560b4,data/raw/guangxi_reserve_companies_2024.html,file_769ec59b0a9fc8c9,grain_reserve,,广西储备商品管理公司及其直属库名单,260,广西壮族自治区储备商品管理公司及其直属库名单,2024,巴马瑶族自治县粮食购销总公司,,,广西壮族自治区/河池市,,储备商品管理公司及其直属库,桂财税〔2024〕8号;章节:河池市,,,,名单: 广西储备商品管理公司及其直属库名单;文号: 桂财税〔2024〕8号;章节: 河池市;序号: 260;单位名称: 巴马瑶族自治县粮食购销总公司,0.99,使用 lxml 从 HTML 正文容器按“行政区标题 + 序号 + 单位名称”结构抽取;原正文段落序号 285。
rec_d7d0010897a808d6,data/raw/guangxi_reserve_companies_2024.html,file_769ec59b0a9fc8c9,grain_reserve,,广西储备商品管理公司及其直属库名单,261,广西壮族自治区储备商品管理公司及其直属库名单,2024,都安瑶族自治县粮食储备库,,,广西壮族自治区/河池市,,储备商品管理公司及其直属库,桂财税〔2024〕8号;章节:河池市,,,,名单: 广西储备商品管理公司及其直属库名单;文号: 桂财税〔2024〕8号;章节: 河池市;序号: 261;单位名称: 都安瑶族自治县粮食储备库,0.99,使用 lxml 从 HTML 正文容器按“行政区标题 + 序号 + 单位名称”结构抽取;原正文段落序号 286。
rec_24d79d4b7703d449,data/raw/guangxi_reserve_companies_2024.html,file_769ec59b0a9fc8c9,grain_reserve,,广西储备商品管理公司及其直属库名单,262,广西壮族自治区储备商品管理公司及其直属库名单,2024,都安瑶族自治县粮食储备中心,,,广西壮族自治区/河池市,,储备商品管理公司及其直属库,桂财税〔2024〕8号;章节:河池市,,,,名单: 广西储备商品管理公司及其直属库名单;文号: 桂财税〔2024〕8号;章节: 河池市;序号: 262;单位名称: 都安瑶族自治县粮食储备中心,0.99,使用 lxml 从 HTML 正文容器按“行政区标题 + 序号 + 单位名称”结构抽取;原正文段落序号 287。
rec_2bd4081ae6becf18,data/raw/guangxi_reserve_companies_2024.html,file_769ec59b0a9fc8c9,grain_reserve,,广西储备商品管理公司及其直属库名单,263,广西壮族自治区储备商品管理公司及其直属库名单,2024,都安瑶族自治县粮油购销公司,,,广西壮族自治区/河池市,,储备商品管理公司及其直属库,桂财税〔2024〕8号;章节:河池市,,,,名单: 广西储备商品管理公司及其直属库名单;文号: 桂财税〔2024〕8号;章节: 河池市;序号: 263;单位名称: 都安瑶族自治县粮油购销公司,0.99,使用 lxml 从 HTML 正文容器按“行政区标题 + 序号 + 单位名称”结构抽取;原正文段落序号 288。
rec_d91a030cbdca8257,data/raw/guangxi_reserve_companies_2024.html,file_769ec59b0a9fc8c9,grain_reserve,,广西储备商品管理公司及其直属库名单,264,广西壮族自治区储备商品管理公司及其直属库名单,2024,大化瑶族自治县储备粮管理中心,,,广西壮族自治区/河池市,,储备商品管理公司及其直属库,桂财税〔2024〕8号;章节:河池市,,,,名单: 广西储备商品管理公司及其直属库名单;文号: 桂财税〔2024〕8号;章节: 河池市;序号: 264;单位名称: 大化瑶族自治县储备粮管理中心,0.99,使用 lxml 从 HTML 正文容器按“行政区标题 + 序号 + 单位名称”结构抽取;原正文段落序号 289。
rec_83de7abff42b375f,data/raw/guangxi_reserve_companies_2024.html,file_769ec59b0a9fc8c9,grain_reserve,,广西储备商品管理公司及其直属库名单,265,广西壮族自治区储备商品管理公司及其直属库名单,2024,广西首丰粮食有限公司,,,广西壮族自治区/玉林市,,储备商品管理公司及其直属库,桂财税〔2024〕8号;章节:玉林市,,,,名单: 广西储备商品管理公司及其直属库名单;文号: 桂财税〔2024〕8号;章节: 玉林市;序号: 265;单位名称: 广西首丰粮食有限公司,0.99,使用 lxml 从 HTML 正文容器按“行政区标题 + 序号 + 单位名称”结构抽取;原正文段落序号 291。
rec_89690ea2c17afd34,data/raw/guangxi_reserve_companies_2024.html,file_769ec59b0a9fc8c9,grain_reserve,,广西储备商品管理公司及其直属库名单,266,广西壮族自治区储备商品管理公司及其直属库名单,2024,玉林市军粮供应站,,,广西壮族自治区/玉林市,,储备商品管理公司及其直属库,桂财税〔2024〕8号;章节:玉林市,,,,名单: 广西储备商品管理公司及其直属库名单;文号: 桂财税〔2024〕8号;章节: 玉林市;序号: 266;单位名称: 玉林市军粮供应站,0.99,使用 lxml 从 HTML 正文容器按“行政区标题 + 序号 + 单位名称”结构抽取;原正文段落序号 292。
rec_1b4781958626d60b,data/raw/guangxi_reserve_companies_2024.html,file_769ec59b0a9fc8c9,grain_reserve,,广西储备商品管理公司及其直属库名单,267,广西壮族自治区储备商品管理公司及其直属库名单,2024,广西腾冠商贸有限公司,,,广西壮族自治区/玉林市,,储备商品管理公司及其直属库,桂财税〔2024〕8号;章节:玉林市,,,,名单: 广西储备商品管理公司及其直属库名单;文号: 桂财税〔2024〕8号;章节: 玉林市;序号: 267;单位名称: 广西腾冠商贸有限公司,0.99,使用 lxml 从 HTML 正文容器按“行政区标题 + 序号 + 单位名称”结构抽取;原正文段落序号 293。
rec_1b4995c906699717,data/raw/guangxi_reserve_companies_2024.html,file_769ec59b0a9fc8c9,grain_reserve,,广西储备商品管理公司及其直属库名单,268,广西壮族自治区储备商品管理公司及其直属库名单,2024,广西文广米业有限公司,,,广西壮族自治区/玉林市,,储备商品管理公司及其直属库,桂财税〔2024〕8号;章节:玉林市,,,,名单: 广西储备商品管理公司及其直属库名单;文号: 桂财税〔2024〕8号;章节: 玉林市;序号: 268;单位名称: 广西文广米业有限公司,0.99,使用 lxml 从 HTML 正文容器按“行政区标题 + 序号 + 单位名称”结构抽取;原正文段落序号 294。
rec_0e69b88a6e9505c4,data/raw/guangxi_reserve_companies_2024.html,file_769ec59b0a9fc8c9,grain_reserve,,广西储备商品管理公司及其直属库名单,269,广西壮族自治区储备商品管理公司及其直属库名单,2024,玉林市玉储粮油有限公司,,,广西壮族自治区/玉林市,,储备商品管理公司及其直属库,桂财税〔2024〕8号;章节:玉林市,,,,名单: 广西储备商品管理公司及其直属库名单;文号: 桂财税〔2024〕8号;章节: 玉林市;序号: 269;单位名称: 玉林市玉储粮油有限公司,0.99,使用 lxml 从 HTML 正文容器按“行政区标题 + 序号 + 单位名称”结构抽取;原正文段落序号 295。
rec_c632ef3aa4e3fa76,data/raw/guangxi_reserve_companies_2024.html,file_769ec59b0a9fc8c9,grain_reserve,,广西储备商品管理公司及其直属库名单,270,广西壮族自治区储备商品管理公司及其直属库名单,2024,广西恒茂粮油食品有限公司,,,广西壮族自治区/玉林市,,储备商品管理公司及其直属库,桂财税〔2024〕8号;章节:玉林市,,,,名单: 广西储备商品管理公司及其直属库名单;文号: 桂财税〔2024〕8号;章节: 玉林市;序号: 270;单位名称: 广西恒茂粮油食品有限公司,0.99,使用 lxml 从 HTML 正文容器按“行政区标题 + 序号 + 单位名称”结构抽取;原正文段落序号 296。
rec_314c66b9871c7b7a,data/raw/guangxi_reserve_companies_2024.html,file_769ec59b0a9fc8c9,grain_reserve,,广西储备商品管理公司及其直属库名单,271,广西壮族自治区储备商品管理公司及其直属库名单,2024,玉林市丰琦贸易有限公司,,,广西壮族自治区/玉林市,,储备商品管理公司及其直属库,桂财税〔2024〕8号;章节:玉林市,,,,名单: 广西储备商品管理公司及其直属库名单;文号: 桂财税〔2024〕8号;章节: 玉林市;序号: 271;单位名称: 玉林市丰琦贸易有限公司,0.99,使用 lxml 从 HTML 正文容器按“行政区标题 + 序号 + 单位名称”结构抽取;原正文段落序号 297。
rec_9bf382f7f4aeeb90,data/raw/guangxi_reserve_companies_2024.html,file_769ec59b0a9fc8c9,grain_reserve,,广西储备商品管理公司及其直属库名单,272,广西壮族自治区储备商品管理公司及其直属库名单,2024,玉林市玉州区天星食品有限公司,,,广西壮族自治区/玉林市,,储备商品管理公司及其直属库,桂财税〔2024〕8号;章节:玉林市,,,,名单: 广西储备商品管理公司及其直属库名单;文号: 桂财税〔2024〕8号;章节: 玉林市;序号: 272;单位名称: 玉林市玉州区天星食品有限公司,0.99,使用 lxml 从 HTML 正文容器按“行政区标题 + 序号 + 单位名称”结构抽取;原正文段落序号 298。
rec_7ab6933539d1e813,data/raw/guangxi_reserve_companies_2024.html,file_769ec59b0a9fc8c9,grain_reserve,,广西储备商品管理公司及其直属库名单,273,广西壮族自治区储备商品管理公司及其直属库名单,2024,广西北流市正香食品有限责任公司,,,广西壮族自治区/玉林市,,储备商品管理公司及其直属库,桂财税〔2024〕8号;章节:玉林市,,,,名单: 广西储备商品管理公司及其直属库名单;文号: 桂财税〔2024〕8号;章节: 玉林市;序号: 273;单位名称: 广西北流市正香食品有限责任公司,0.99,使用 lxml 从 HTML 正文容器按“行政区标题 + 序号 + 单位名称”结构抽取;原正文段落序号 299。
rec_a3cf79cbf3a2a191,data/raw/guangxi_reserve_companies_2024.html,file_769ec59b0a9fc8c9,grain_reserve,,广西储备商品管理公司及其直属库名单,274,广西壮族自治区储备商品管理公司及其直属库名单,2024,玉林市广生米业有限公司,,,广西壮族自治区/玉林市,,储备商品管理公司及其直属库,桂财税〔2024〕8号;章节:玉林市,,,,名单: 广西储备商品管理公司及其直属库名单;文号: 桂财税〔2024〕8号;章节: 玉林市;序号: 274;单位名称: 玉林市广生米业有限公司,0.99,使用 lxml 从 HTML 正文容器按“行政区标题 + 序号 + 单位名称”结构抽取;原正文段落序号 300。
rec_3b3005dbf8f056ae,data/raw/guangxi_reserve_companies_2024.html,file_769ec59b0a9fc8c9,grain_reserve,,广西储备商品管理公司及其直属库名单,275,广西壮族自治区储备商品管理公司及其直属库名单,2024,北流市珍威米业有限公司,,,广西壮族自治区/玉林市,,储备商品管理公司及其直属库,桂财税〔2024〕8号;章节:玉林市,,,,名单: 广西储备商品管理公司及其直属库名单;文号: 桂财税〔2024〕8号;章节: 玉林市;序号: 275;单位名称: 北流市珍威米业有限公司,0.99,使用 lxml 从 HTML 正文容器按“行政区标题 + 序号 + 单位名称”结构抽取;原正文段落序号 301。
rec_79b099ecda8dec20,data/raw/guangxi_reserve_companies_2024.html,file_769ec59b0a9fc8c9,grain_reserve,,广西储备商品管理公司及其直属库名单,276,广西壮族自治区储备商品管理公司及其直属库名单,2024,容县至佳商贸有限责任公司,,,广西壮族自治区/玉林市,,储备商品管理公司及其直属库,桂财税〔2024〕8号;章节:玉林市,,,,名单: 广西储备商品管理公司及其直属库名单;文号: 桂财税〔2024〕8号;章节: 玉林市;序号: 276;单位名称: 容县至佳商贸有限责任公司,0.99,使用 lxml 从 HTML 正文容器按“行政区标题 + 序号 + 单位名称”结构抽取;原正文段落序号 302。
rec_22d3f5028dac7c8c,data/raw/guangxi_reserve_companies_2024.html,file_769ec59b0a9fc8c9,grain_reserve,,广西储备商品管理公司及其直属库名单,277,广西壮族自治区储备商品管理公司及其直属库名单,2024,广西玉林市大健食品有限责任公司,,,广西壮族自治区/玉林市,,储备商品管理公司及其直属库,桂财税〔2024〕8号;章节:玉林市,,,,名单: 广西储备商品管理公司及其直属库名单;文号: 桂财税〔2024〕8号;章节: 玉林市;序号: 277;单位名称: 广西玉林市大健食品有限责任公司,0.99,使用 lxml 从 HTML 正文容器按“行政区标题 + 序号 + 单位名称”结构抽取;原正文段落序号 303。
rec_e621b16071dd8ffc,data/raw/guangxi_reserve_companies_2024.html,file_769ec59b0a9fc8c9,grain_reserve,,广西储备商品管理公司及其直属库名单,278,广西壮族自治区储备商品管理公司及其直属库名单,2024,广西国良种业有限公司,,,广西壮族自治区/玉林市,,储备商品管理公司及其直属库,桂财税〔2024〕8号;章节:玉林市,,,,名单: 广西储备商品管理公司及其直属库名单;文号: 桂财税〔2024〕8号;章节: 玉林市;序号: 278;单位名称: 广西国良种业有限公司,0.99,使用 lxml 从 HTML 正文容器按“行政区标题 + 序号 + 单位名称”结构抽取;原正文段落序号 304。
rec_ca845eb7b0fd7bcc,data/raw/guangxi_reserve_companies_2024.html,file_769ec59b0a9fc8c9,grain_reserve,,广西储备商品管理公司及其直属库名单,279,广西壮族自治区储备商品管理公司及其直属库名单,2024,钦州市方顺粮油有限公司,,,广西壮族自治区/玉林市,,储备商品管理公司及其直属库,桂财税〔2024〕8号;章节:玉林市,,,,名单: 广西储备商品管理公司及其直属库名单;文号: 桂财税〔2024〕8号;章节: 玉林市;序号: 279;单位名称: 钦州市方顺粮油有限公司,0.99,使用 lxml 从 HTML 正文容器按“行政区标题 + 序号 + 单位名称”结构抽取;原正文段落序号 305。
rec_3c3191df8d1cdba7,data/raw/guangxi_reserve_companies_2024.html,file_769ec59b0a9fc8c9,grain_reserve,,广西储备商品管理公司及其直属库名单,280,广西壮族自治区储备商品管理公司及其直属库名单,2024,玉林市直属石鼓塘储备粮库,,,广西壮族自治区/玉林市,,储备商品管理公司及其直属库,桂财税〔2024〕8号;章节:玉林市,,,,名单: 广西储备商品管理公司及其直属库名单;文号: 桂财税〔2024〕8号;章节: 玉林市;序号: 280;单位名称: 玉林市直属石鼓塘储备粮库,0.99,使用 lxml 从 HTML 正文容器按“行政区标题 + 序号 + 单位名称”结构抽取;原正文段落序号 306。
rec_ea887a3e18549449,data/raw/guangxi_reserve_companies_2024.html,file_769ec59b0a9fc8c9,grain_reserve,,广西储备商品管理公司及其直属库名单,281,广西壮族自治区储备商品管理公司及其直属库名单,2024,广西绿苑米业有限公司,,,广西壮族自治区/玉林市,,储备商品管理公司及其直属库,桂财税〔2024〕8号;章节:玉林市,,,,名单: 广西储备商品管理公司及其直属库名单;文号: 桂财税〔2024〕8号;章节: 玉林市;序号: 281;单位名称: 广西绿苑米业有限公司,0.99,使用 lxml 从 HTML 正文容器按“行政区标题 + 序号 + 单位名称”结构抽取;原正文段落序号 307。
rec_0a9dfad5851a054e,data/raw/guangxi_reserve_companies_2024.html,file_769ec59b0a9fc8c9,grain_reserve,,广西储备商品管理公司及其直属库名单,282,广西壮族自治区储备商品管理公司及其直属库名单,2024,玉林市南江粮库,,,广西壮族自治区/玉林市,,储备商品管理公司及其直属库,桂财税〔2024〕8号;章节:玉林市,,,,名单: 广西储备商品管理公司及其直属库名单;文号: 桂财税〔2024〕8号;章节: 玉林市;序号: 282;单位名称: 玉林市南江粮库,0.99,使用 lxml 从 HTML 正文容器按“行政区标题 + 序号 + 单位名称”结构抽取;原正文段落序号 308。
rec_19770f6c69d73091,data/raw/guangxi_reserve_companies_2024.html,file_769ec59b0a9fc8c9,grain_reserve,,广西储备商品管理公司及其直属库名单,283,广西壮族自治区储备商品管理公司及其直属库名单,2024,玉林市玉州区粮油贸易总公司,,,广西壮族自治区/玉林市,,储备商品管理公司及其直属库,桂财税〔2024〕8号;章节:玉林市,,,,名单: 广西储备商品管理公司及其直属库名单;文号: 桂财税〔2024〕8号;章节: 玉林市;序号: 283;单位名称: 玉林市玉州区粮油贸易总公司,0.99,使用 lxml 从 HTML 正文容器按“行政区标题 + 序号 + 单位名称”结构抽取;原正文段落序号 309。
rec_bfcefab9ec5e1960,data/raw/guangxi_reserve_companies_2024.html,file_769ec59b0a9fc8c9,grain_reserve,,广西储备商品管理公司及其直属库名单,284,广西壮族自治区储备商品管理公司及其直属库名单,2024,北流市金穗食品有限公司,,,广西壮族自治区/玉林市,,储备商品管理公司及其直属库,桂财税〔2024〕8号;章节:玉林市,,,,名单: 广西储备商品管理公司及其直属库名单;文号: 桂财税〔2024〕8号;章节: 玉林市;序号: 284;单位名称: 北流市金穗食品有限公司,0.99,使用 lxml 从 HTML 正文容器按“行政区标题 + 序号 + 单位名称”结构抽取;原正文段落序号 310。
rec_3aeda9a6e50f27e8,data/raw/guangxi_reserve_companies_2024.html,file_769ec59b0a9fc8c9,grain_reserve,,广西储备商品管理公司及其直属库名单,285,广西壮族自治区储备商品管理公司及其直属库名单,2024,兴业县物资储备服务中心,,,广西壮族自治区/玉林市,,储备商品管理公司及其直属库,桂财税〔2024〕8号;章节:玉林市,,,,名单: 广西储备商品管理公司及其直属库名单;文号: 桂财税〔2024〕8号;章节: 玉林市;序号: 285;单位名称: 兴业县物资储备服务中心,0.99,使用 lxml 从 HTML 正文容器按“行政区标题 + 序号 + 单位名称”结构抽取;原正文段落序号 311。
rec_d241c24cc3944040,data/raw/guangxi_reserve_companies_2024.html,file_769ec59b0a9fc8c9,grain_reserve,,广西储备商品管理公司及其直属库名单,286,广西壮族自治区储备商品管理公司及其直属库名单,2024,兴业县高峰粮食管理所,,,广西壮族自治区/玉林市,,储备商品管理公司及其直属库,桂财税〔2024〕8号;章节:玉林市,,,,名单: 广西储备商品管理公司及其直属库名单;文号: 桂财税〔2024〕8号;章节: 玉林市;序号: 286;单位名称: 兴业县高峰粮食管理所,0.99,使用 lxml 从 HTML 正文容器按“行政区标题 + 序号 + 单位名称”结构抽取;原正文段落序号 312。
rec_a3a7f6014ebcb333,data/raw/guangxi_reserve_companies_2024.html,file_769ec59b0a9fc8c9,grain_reserve,,广西储备商品管理公司及其直属库名单,287,广西壮族自治区储备商品管理公司及其直属库名单,2024,兴业县城隍粮食管理所,,,广西壮族自治区/玉林市,,储备商品管理公司及其直属库,桂财税〔2024〕8号;章节:玉林市,,,,名单: 广西储备商品管理公司及其直属库名单;文号: 桂财税〔2024〕8号;章节: 玉林市;序号: 287;单位名称: 兴业县城隍粮食管理所,0.99,使用 lxml 从 HTML 正文容器按“行政区标题 + 序号 + 单位名称”结构抽取;原正文段落序号 313。
rec_9b62a3070d6d13cf,data/raw/guangxi_reserve_companies_2024.html,file_769ec59b0a9fc8c9,grain_reserve,,广西储备商品管理公司及其直属库名单,288,广西壮族自治区储备商品管理公司及其直属库名单,2024,兴业县葵阳粮食管理所,,,广西壮族自治区/玉林市,,储备商品管理公司及其直属库,桂财税〔2024〕8号;章节:玉林市,,,,名单: 广西储备商品管理公司及其直属库名单;文号: 桂财税〔2024〕8号;章节: 玉林市;序号: 288;单位名称: 兴业县葵阳粮食管理所,0.99,使用 lxml 从 HTML 正文容器按“行政区标题 + 序号 + 单位名称”结构抽取;原正文段落序号 314。
rec_12d385598b521859,data/raw/guangxi_reserve_companies_2024.html,file_769ec59b0a9fc8c9,grain_reserve,,广西储备商品管理公司及其直属库名单,289,广西壮族自治区储备商品管理公司及其直属库名单,2024,兴业县蒲塘粮食管理所,,,广西壮族自治区/玉林市,,储备商品管理公司及其直属库,桂财税〔2024〕8号;章节:玉林市,,,,名单: 广西储备商品管理公司及其直属库名单;文号: 桂财税〔2024〕8号;章节: 玉林市;序号: 289;单位名称: 兴业县蒲塘粮食管理所,0.99,使用 lxml 从 HTML 正文容器按“行政区标题 + 序号 + 单位名称”结构抽取;原正文段落序号 315。
rec_83b17a0b99cef92d,data/raw/guangxi_reserve_companies_2024.html,file_769ec59b0a9fc8c9,grain_reserve,,广西储备商品管理公司及其直属库名单,290,广西壮族自治区储备商品管理公司及其直属库名单,2024,玉林市福绵区储备粮服务中心,,,广西壮族自治区/玉林市,,储备商品管理公司及其直属库,桂财税〔2024〕8号;章节:玉林市,,,,名单: 广西储备商品管理公司及其直属库名单;文号: 桂财税〔2024〕8号;章节: 玉林市;序号: 290;单位名称: 玉林市福绵区储备粮服务中心,0.99,使用 lxml 从 HTML 正文容器按“行政区标题 + 序号 + 单位名称”结构抽取;原正文段落序号 316。
rec_56a54eef94ebdf56,data/raw/guangxi_reserve_companies_2024.html,file_769ec59b0a9fc8c9,grain_reserve,,广西储备商品管理公司及其直属库名单,291,广西壮族自治区储备商品管理公司及其直属库名单,2024,玉林市福绵粮食收储有限公司,,,广西壮族自治区/玉林市,,储备商品管理公司及其直属库,桂财税〔2024〕8号;章节:玉林市,,,,名单: 广西储备商品管理公司及其直属库名单;文号: 桂财税〔2024〕8号;章节: 玉林市;序号: 291;单位名称: 玉林市福绵粮食收储有限公司,0.99,使用 lxml 从 HTML 正文容器按“行政区标题 + 序号 + 单位名称”结构抽取;原正文段落序号 317。
rec_b82bb6a557c9faf2,data/raw/guangxi_reserve_companies_2024.html,file_769ec59b0a9fc8c9,grain_reserve,,广西储备商品管理公司及其直属库名单,292,广西壮族自治区储备商品管理公司及其直属库名单,2024,博白县粮食局直属库,,,广西壮族自治区/玉林市,,储备商品管理公司及其直属库,桂财税〔2024〕8号;章节:玉林市,,,,名单: 广西储备商品管理公司及其直属库名单;文号: 桂财税〔2024〕8号;章节: 玉林市;序号: 292;单位名称: 博白县粮食局直属库,0.99,使用 lxml 从 HTML 正文容器按“行政区标题 + 序号 + 单位名称”结构抽取;原正文段落序号 318。
rec_873a6647c2a5e684,data/raw/guangxi_reserve_companies_2024.html,file_769ec59b0a9fc8c9,grain_reserve,,广西储备商品管理公司及其直属库名单,293,广西壮族自治区储备商品管理公司及其直属库名单,2024,博白县储备粮管理公司,,,广西壮族自治区/玉林市,,储备商品管理公司及其直属库,桂财税〔2024〕8号;章节:玉林市,,,,名单: 广西储备商品管理公司及其直属库名单;文号: 桂财税〔2024〕8号;章节: 玉林市;序号: 293;单位名称: 博白县储备粮管理公司,0.99,使用 lxml 从 HTML 正文容器按“行政区标题 + 序号 + 单位名称”结构抽取;原正文段落序号 319。
rec_cbbbce0fbb1b8288,data/raw/guangxi_reserve_companies_2024.html,file_769ec59b0a9fc8c9,grain_reserve,,广西储备商品管理公司及其直属库名单,294,广西壮族自治区储备商品管理公司及其直属库名单,2024,博白县粮食购销中心,,,广西壮族自治区/玉林市,,储备商品管理公司及其直属库,桂财税〔2024〕8号;章节:玉林市,,,,名单: 广西储备商品管理公司及其直属库名单;文号: 桂财税〔2024〕8号;章节: 玉林市;序号: 294;单位名称: 博白县粮食购销中心,0.99,使用 lxml 从 HTML 正文容器按“行政区标题 + 序号 + 单位名称”结构抽取;原正文段落序号 320。
rec_30ad05b5c6858ff1,data/raw/guangxi_reserve_companies_2024.html,file_769ec59b0a9fc8c9,grain_reserve,,广西储备商品管理公司及其直属库名单,295,广西壮族自治区储备商品管理公司及其直属库名单,2024,博白县城区粮食管理所,,,广西壮族自治区/玉林市,,储备商品管理公司及其直属库,桂财税〔2024〕8号;章节:玉林市,,,,名单: 广西储备商品管理公司及其直属库名单;文号: 桂财税〔2024〕8号;章节: 玉林市;序号: 295;单位名称: 博白县城区粮食管理所,0.99,使用 lxml 从 HTML 正文容器按“行政区标题 + 序号 + 单位名称”结构抽取;原正文段落序号 321。
rec_2bd84b4337117e09,data/raw/guangxi_reserve_companies_2024.html,file_769ec59b0a9fc8c9,grain_reserve,,广西储备商品管理公司及其直属库名单,296,广西壮族自治区储备商品管理公司及其直属库名单,2024,博白县亚山粮食管理所,,,广西壮族自治区/玉林市,,储备商品管理公司及其直属库,桂财税〔2024〕8号;章节:玉林市,,,,名单: 广西储备商品管理公司及其直属库名单;文号: 桂财税〔2024〕8号;章节: 玉林市;序号: 296;单位名称: 博白县亚山粮食管理所,0.99,使用 lxml 从 HTML 正文容器按“行政区标题 + 序号 + 单位名称”结构抽取;原正文段落序号 322。
rec_9c55647770e9d300,data/raw/guangxi_reserve_companies_2024.html,file_769ec59b0a9fc8c9,grain_reserve,,广西储备商品管理公司及其直属库名单,297,广西壮族自治区储备商品管理公司及其直属库名单,2024,博白县文地粮食管理所,,,广西壮族自治区/玉林市,,储备商品管理公司及其直属库,桂财税〔2024〕8号;章节:玉林市,,,,名单: 广西储备商品管理公司及其直属库名单;文号: 桂财税〔2024〕8号;章节: 玉林市;序号: 297;单位名称: 博白县文地粮食管理所,0.99,使用 lxml 从 HTML 正文容器按“行政区标题 + 序号 + 单位名称”结构抽取;原正文段落序号 323。
rec_e26700129fd43ccb,data/raw/guangxi_reserve_companies_2024.html,file_769ec59b0a9fc8c9,grain_reserve,,广西储备商品管理公司及其直属库名单,298,广西壮族自治区储备商品管理公司及其直属库名单,2024,博白县龙潭粮食管理所,,,广西壮族自治区/玉林市,,储备商品管理公司及其直属库,桂财税〔2024〕8号;章节:玉林市,,,,名单: 广西储备商品管理公司及其直属库名单;文号: 桂财税〔2024〕8号;章节: 玉林市;序号: 298;单位名称: 博白县龙潭粮食管理所,0.99,使用 lxml 从 HTML 正文容器按“行政区标题 + 序号 + 单位名称”结构抽取;原正文段落序号 324。
rec_c457a281b8c25b79,data/raw/guangxi_reserve_companies_2024.html,file_769ec59b0a9fc8c9,grain_reserve,,广西储备商品管理公司及其直属库名单,299,广西壮族自治区储备商品管理公司及其直属库名单,2024,博白县东平粮食管理所,,,广西壮族自治区/玉林市,,储备商品管理公司及其直属库,桂财税〔2024〕8号;章节:玉林市,,,,名单: 广西储备商品管理公司及其直属库名单;文号: 桂财税〔2024〕8号;章节: 玉林市;序号: 299;单位名称: 博白县东平粮食管理所,0.99,使用 lxml 从 HTML 正文容器按“行政区标题 + 序号 + 单位名称”结构抽取;原正文段落序号 325。
rec_b9705121708aa1b4,data/raw/guangxi_reserve_companies_2024.html,file_769ec59b0a9fc8c9,grain_reserve,,广西储备商品管理公司及其直属库名单,300,广西壮族自治区储备商品管理公司及其直属库名单,2024,博白县旺茂粮食管理所,,,广西壮族自治区/玉林市,,储备商品管理公司及其直属库,桂财税〔2024〕8号;章节:玉林市,,,,名单: 广西储备商品管理公司及其直属库名单;文号: 桂财税〔2024〕8号;章节: 玉林市;序号: 300;单位名称: 博白县旺茂粮食管理所,0.99,使用 lxml 从 HTML 正文容器按“行政区标题 + 序号 + 单位名称”结构抽取;原正文段落序号 326。
rec_ea30484616ab97d7,data/raw/guangxi_reserve_companies_2024.html,file_769ec59b0a9fc8c9,grain_reserve,,广西储备商品管理公司及其直属库名单,301,广西壮族自治区储备商品管理公司及其直属库名单,2024,博白县径口粮食管理所,,,广西壮族自治区/玉林市,,储备商品管理公司及其直属库,桂财税〔2024〕8号;章节:玉林市,,,,名单: 广西储备商品管理公司及其直属库名单;文号: 桂财税〔2024〕8号;章节: 玉林市;序号: 301;单位名称: 博白县径口粮食管理所,0.99,使用 lxml 从 HTML 正文容器按“行政区标题 + 序号 + 单位名称”结构抽取;原正文段落序号 327。
rec_71aff2a03c91a090,data/raw/guangxi_reserve_companies_2024.html,file_769ec59b0a9fc8c9,grain_reserve,,广西储备商品管理公司及其直属库名单,302,广西壮族自治区储备商品管理公司及其直属库名单,2024,陆川县粮食中心储备库,,,广西壮族自治区/玉林市,,储备商品管理公司及其直属库,桂财税〔2024〕8号;章节:玉林市,,,,名单: 广西储备商品管理公司及其直属库名单;文号: 桂财税〔2024〕8号;章节: 玉林市;序号: 302;单位名称: 陆川县粮食中心储备库,0.99,使用 lxml 从 HTML 正文容器按“行政区标题 + 序号 + 单位名称”结构抽取;原正文段落序号 328。
rec_583021ba8e1790a9,data/raw/guangxi_reserve_companies_2024.html,file_769ec59b0a9fc8c9,grain_reserve,,广西储备商品管理公司及其直属库名单,303,广西壮族自治区储备商品管理公司及其直属库名单,2024,陆川县粮食购储公司,,,广西壮族自治区/玉林市,,储备商品管理公司及其直属库,桂财税〔2024〕8号;章节:玉林市,,,,名单: 广西储备商品管理公司及其直属库名单;文号: 桂财税〔2024〕8号;章节: 玉林市;序号: 303;单位名称: 陆川县粮食购储公司,0.99,使用 lxml 从 HTML 正文容器按“行政区标题 + 序号 + 单位名称”结构抽取;原正文段落序号 329。
rec_1f4afebbf6168726,data/raw/guangxi_reserve_companies_2024.html,file_769ec59b0a9fc8c9,grain_reserve,,广西储备商品管理公司及其直属库名单,304,广西壮族自治区储备商品管理公司及其直属库名单,2024,陆川县马坡粮食管理所,,,广西壮族自治区/玉林市,,储备商品管理公司及其直属库,桂财税〔2024〕8号;章节:玉林市,,,,名单: 广西储备商品管理公司及其直属库名单;文号: 桂财税〔2024〕8号;章节: 玉林市;序号: 304;单位名称: 陆川县马坡粮食管理所,0.99,使用 lxml 从 HTML 正文容器按“行政区标题 + 序号 + 单位名称”结构抽取;原正文段落序号 330。
rec_dfa29fbe2b77b1b1,data/raw/guangxi_reserve_companies_2024.html,file_769ec59b0a9fc8c9,grain_reserve,,广西储备商品管理公司及其直属库名单,305,广西壮族自治区储备商品管理公司及其直属库名单,2024,陆川县城区粮食管理所,,,广西壮族自治区/玉林市,,储备商品管理公司及其直属库,桂财税〔2024〕8号;章节:玉林市,,,,名单: 广西储备商品管理公司及其直属库名单;文号: 桂财税〔2024〕8号;章节: 玉林市;序号: 305;单位名称: 陆川县城区粮食管理所,0.99,使用 lxml 从 HTML 正文容器按“行政区标题 + 序号 + 单位名称”结构抽取;原正文段落序号 331。
rec_cb83cadccac15e12,data/raw/guangxi_reserve_companies_2024.html,file_769ec59b0a9fc8c9,grain_reserve,,广西储备商品管理公司及其直属库名单,306,广西壮族自治区储备商品管理公司及其直属库名单,2024,陆川县良田粮食管理所,,,广西壮族自治区/玉林市,,储备商品管理公司及其直属库,桂财税〔2024〕8号;章节:玉林市,,,,名单: 广西储备商品管理公司及其直属库名单;文号: 桂财税〔2024〕8号;章节: 玉林市;序号: 306;单位名称: 陆川县良田粮食管理所,0.99,使用 lxml 从 HTML 正文容器按“行政区标题 + 序号 + 单位名称”结构抽取;原正文段落序号 332。
rec_5e1d9b2b2244408c,data/raw/guangxi_reserve_companies_2024.html,file_769ec59b0a9fc8c9,grain_reserve,,广西储备商品管理公司及其直属库名单,307,广西壮族自治区储备商品管理公司及其直属库名单,2024,容县泰民粮食购销有限公司,,,广西壮族自治区/玉林市,,储备商品管理公司及其直属库,桂财税〔2024〕8号;章节:玉林市,,,,名单: 广西储备商品管理公司及其直属库名单;文号: 桂财税〔2024〕8号;章节: 玉林市;序号: 307;单位名称: 容县泰民粮食购销有限公司,0.99,使用 lxml 从 HTML 正文容器按“行政区标题 + 序号 + 单位名称”结构抽取;原正文段落序号 333。
rec_1772204ee0b9cc81,data/raw/guangxi_reserve_companies_2024.html,file_769ec59b0a9fc8c9,grain_reserve,,广西储备商品管理公司及其直属库名单,308,广西壮族自治区储备商品管理公司及其直属库名单,2024,北流市储备粮管理中心,,,广西壮族自治区/玉林市,,储备商品管理公司及其直属库,桂财税〔2024〕8号;章节:玉林市,,,,名单: 广西储备商品管理公司及其直属库名单;文号: 桂财税〔2024〕8号;章节: 玉林市;序号: 308;单位名称: 北流市储备粮管理中心,0.99,使用 lxml 从 HTML 正文容器按“行政区标题 + 序号 + 单位名称”结构抽取;原正文段落序号 334。
rec_bcf77c690fe8cbc0,data/raw/guangxi_reserve_companies_2024.html,file_769ec59b0a9fc8c9,grain_reserve,,广西储备商品管理公司及其直属库名单,309,广西壮族自治区储备商品管理公司及其直属库名单,2024,北流市军粮供应站,,,广西壮族自治区/玉林市,,储备商品管理公司及其直属库,桂财税〔2024〕8号;章节:玉林市,,,,名单: 广西储备商品管理公司及其直属库名单;文号: 桂财税〔2024〕8号;章节: 玉林市;序号: 309;单位名称: 北流市军粮供应站,0.99,使用 lxml 从 HTML 正文容器按“行政区标题 + 序号 + 单位名称”结构抽取;原正文段落序号 335。
rec_f483cf2a74fd3bf2,data/raw/guangxi_reserve_companies_2024.html,file_769ec59b0a9fc8c9,grain_reserve,,广西储备商品管理公司及其直属库名单,310,广西壮族自治区储备商品管理公司及其直属库名单,2024,北流市兴民粮食直属库有限公司,,,广西壮族自治区/玉林市,,储备商品管理公司及其直属库,桂财税〔2024〕8号;章节:玉林市,,,,名单: 广西储备商品管理公司及其直属库名单;文号: 桂财税〔2024〕8号;章节: 玉林市;序号: 310;单位名称: 北流市兴民粮食直属库有限公司,0.99,使用 lxml 从 HTML 正文容器按“行政区标题 + 序号 + 单位名称”结构抽取;原正文段落序号 336。
rec_d2d9213caae89511,data/raw/guangxi_reserve_companies_2024.html,file_769ec59b0a9fc8c9,grain_reserve,,广西储备商品管理公司及其直属库名单,311,广西壮族自治区储备商品管理公司及其直属库名单,2024,贵港市储备粮管理公司,,,广西壮族自治区/贵港市,,储备商品管理公司及其直属库,桂财税〔2024〕8号;章节:贵港市,,,,名单: 广西储备商品管理公司及其直属库名单;文号: 桂财税〔2024〕8号;章节: 贵港市;序号: 311;单位名称: 贵港市储备粮管理公司,0.99,使用 lxml 从 HTML 正文容器按“行政区标题 + 序号 + 单位名称”结构抽取;原正文段落序号 338。
rec_c1d8ef649f086bb1,data/raw/guangxi_reserve_companies_2024.html,file_769ec59b0a9fc8c9,grain_reserve,,广西储备商品管理公司及其直属库名单,312,广西壮族自治区储备商品管理公司及其直属库名单,2024,贵港市军粮供应站,,,广西壮族自治区/贵港市,,储备商品管理公司及其直属库,桂财税〔2024〕8号;章节:贵港市,,,,名单: 广西储备商品管理公司及其直属库名单;文号: 桂财税〔2024〕8号;章节: 贵港市;序号: 312;单位名称: 贵港市军粮供应站,0.99,使用 lxml 从 HTML 正文容器按“行政区标题 + 序号 + 单位名称”结构抽取;原正文段落序号 339。
rec_239fbf3fd162e902,data/raw/guangxi_reserve_companies_2024.html,file_769ec59b0a9fc8c9,grain_reserve,,广西储备商品管理公司及其直属库名单,313,广西壮族自治区储备商品管理公司及其直属库名单,2024,贵港市三禾米业有限公司,,,广西壮族自治区/贵港市,,储备商品管理公司及其直属库,桂财税〔2024〕8号;章节:贵港市,,,,名单: 广西储备商品管理公司及其直属库名单;文号: 桂财税〔2024〕8号;章节: 贵港市;序号: 313;单位名称: 贵港市三禾米业有限公司,0.99,使用 lxml 从 HTML 正文容器按“行政区标题 + 序号 + 单位名称”结构抽取;原正文段落序号 340。
rec_d7d91ea409df34ba,data/raw/guangxi_reserve_companies_2024.html,file_769ec59b0a9fc8c9,grain_reserve,,广西储备商品管理公司及其直属库名单,314,广西壮族自治区储备商品管理公司及其直属库名单,2024,桂平市储备粮管理有限责任公司,,,广西壮族自治区/贵港市,,储备商品管理公司及其直属库,桂财税〔2024〕8号;章节:贵港市,,,,名单: 广西储备商品管理公司及其直属库名单;文号: 桂财税〔2024〕8号;章节: 贵港市;序号: 314;单位名称: 桂平市储备粮管理有限责任公司,0.99,使用 lxml 从 HTML 正文容器按“行政区标题 + 序号 + 单位名称”结构抽取;原正文段落序号 341。
rec_c762ea2348297f65,data/raw/guangxi_reserve_companies_2024.html,file_769ec59b0a9fc8c9,grain_reserve,,广西储备商品管理公司及其直属库名单,315,广西壮族自治区储备商品管理公司及其直属库名单,2024,桂平市木乐粮食购销有限公司,,,广西壮族自治区/贵港市,,储备商品管理公司及其直属库,桂财税〔2024〕8号;章节:贵港市,,,,名单: 广西储备商品管理公司及其直属库名单;文号: 桂财税〔2024〕8号;章节: 贵港市;序号: 315;单位名称: 桂平市木乐粮食购销有限公司,0.99,使用 lxml 从 HTML 正文容器按“行政区标题 + 序号 + 单位名称”结构抽取;原正文段落序号 342。
rec_01b24fd25968f90d,data/raw/guangxi_reserve_companies_2024.html,file_769ec59b0a9fc8c9,grain_reserve,,广西储备商品管理公司及其直属库名单,316,广西壮族自治区储备商品管理公司及其直属库名单,2024,桂平市大洋粮食购销有限公司,,,广西壮族自治区/贵港市,,储备商品管理公司及其直属库,桂财税〔2024〕8号;章节:贵港市,,,,名单: 广西储备商品管理公司及其直属库名单;文号: 桂财税〔2024〕8号;章节: 贵港市;序号: 316;单位名称: 桂平市大洋粮食购销有限公司,0.99,使用 lxml 从 HTML 正文容器按“行政区标题 + 序号 + 单位名称”结构抽取;原正文段落序号 343。
rec_961c4f0a33782219,data/raw/guangxi_reserve_companies_2024.html,file_769ec59b0a9fc8c9,grain_reserve,,广西储备商品管理公司及其直属库名单,317,广西壮族自治区储备商品管理公司及其直属库名单,2024,桂平市石龙粮食购销有限公司,,,广西壮族自治区/贵港市,,储备商品管理公司及其直属库,桂财税〔2024〕8号;章节:贵港市,,,,名单: 广西储备商品管理公司及其直属库名单;文号: 桂财税〔2024〕8号;章节: 贵港市;序号: 317;单位名称: 桂平市石龙粮食购销有限公司,0.99,使用 lxml 从 HTML 正文容器按“行政区标题 + 序号 + 单位名称”结构抽取;原正文段落序号 344。
rec_bed0bd31a973d025,data/raw/guangxi_reserve_companies_2024.html,file_769ec59b0a9fc8c9,grain_reserve,,广西储备商品管理公司及其直属库名单,318,广西壮族自治区储备商品管理公司及其直属库名单,2024,桂平市江口粮食购销有限公司,,,广西壮族自治区/贵港市,,储备商品管理公司及其直属库,桂财税〔2024〕8号;章节:贵港市,,,,名单: 广西储备商品管理公司及其直属库名单;文号: 桂财税〔2024〕8号;章节: 贵港市;序号: 318;单位名称: 桂平市江口粮食购销有限公司,0.99,使用 lxml 从 HTML 正文容器按“行政区标题 + 序号 + 单位名称”结构抽取;原正文段落序号 345。
rec_1c04b749d4dc0510,data/raw/guangxi_reserve_companies_2024.html,file_769ec59b0a9fc8c9,grain_reserve,,广西储备商品管理公司及其直属库名单,319,广西壮族自治区储备商品管理公司及其直属库名单,2024,桂平市粮油军供站,,,广西壮族自治区/贵港市,,储备商品管理公司及其直属库,桂财税〔2024〕8号;章节:贵港市,,,,名单: 广西储备商品管理公司及其直属库名单;文号: 桂财税〔2024〕8号;章节: 贵港市;序号: 319;单位名称: 桂平市粮油军供站,0.99,使用 lxml 从 HTML 正文容器按“行政区标题 + 序号 + 单位名称”结构抽取;原正文段落序号 346。
rec_56db8df1da6607f4,data/raw/guangxi_reserve_companies_2024.html,file_769ec59b0a9fc8c9,grain_reserve,,广西储备商品管理公司及其直属库名单,320,广西壮族自治区储备商品管理公司及其直属库名单,2024,平南县储备粮管理公司,,,广西壮族自治区/贵港市,,储备商品管理公司及其直属库,桂财税〔2024〕8号;章节:贵港市,,,,名单: 广西储备商品管理公司及其直属库名单;文号: 桂财税〔2024〕8号;章节: 贵港市;序号: 320;单位名称: 平南县储备粮管理公司,0.99,使用 lxml 从 HTML 正文容器按“行政区标题 + 序号 + 单位名称”结构抽取;原正文段落序号 347。
rec_d23b4635844d373b,data/raw/guangxi_reserve_companies_2024.html,file_769ec59b0a9fc8c9,grain_reserve,,广西储备商品管理公司及其直属库名单,321,广西壮族自治区储备商品管理公司及其直属库名单,2024,平南县龚南粮食购销有限责任公司,,,广西壮族自治区/贵港市,,储备商品管理公司及其直属库,桂财税〔2024〕8号;章节:贵港市,,,,名单: 广西储备商品管理公司及其直属库名单;文号: 桂财税〔2024〕8号;章节: 贵港市;序号: 321;单位名称: 平南县龚南粮食购销有限责任公司,0.99,使用 lxml 从 HTML 正文容器按“行政区标题 + 序号 + 单位名称”结构抽取;原正文段落序号 348。
rec_5a84becb0822169f,data/raw/guangxi_reserve_companies_2024.html,file_769ec59b0a9fc8c9,grain_reserve,,广西储备商品管理公司及其直属库名单,322,广西壮族自治区储备商品管理公司及其直属库名单,2024,平南县龚北粮食购销有限责任公司,,,广西壮族自治区/贵港市,,储备商品管理公司及其直属库,桂财税〔2024〕8号;章节:贵港市,,,,名单: 广西储备商品管理公司及其直属库名单;文号: 桂财税〔2024〕8号;章节: 贵港市;序号: 322;单位名称: 平南县龚北粮食购销有限责任公司,0.99,使用 lxml 从 HTML 正文容器按“行政区标题 + 序号 + 单位名称”结构抽取;原正文段落序号 349。
rec_616690adc3d88e2f,data/raw/guangxi_reserve_companies_2024.html,file_769ec59b0a9fc8c9,grain_reserve,,广西储备商品管理公司及其直属库名单,323,广西壮族自治区储备商品管理公司及其直属库名单,2024,贵港市港南区储备粮管理有限公司,,,广西壮族自治区/贵港市,,储备商品管理公司及其直属库,桂财税〔2024〕8号;章节:贵港市,,,,名单: 广西储备商品管理公司及其直属库名单;文号: 桂财税〔2024〕8号;章节: 贵港市;序号: 323;单位名称: 贵港市港南区储备粮管理有限公司,0.99,使用 lxml 从 HTML 正文容器按“行政区标题 + 序号 + 单位名称”结构抽取;原正文段落序号 350。
rec_1eb4d890125ea69b,data/raw/guangxi_reserve_companies_2024.html,file_769ec59b0a9fc8c9,grain_reserve,,广西储备商品管理公司及其直属库名单,324,广西壮族自治区储备商品管理公司及其直属库名单,2024,贵港市港南区金稻粮食收储有限公司,,,广西壮族自治区/贵港市,,储备商品管理公司及其直属库,桂财税〔2024〕8号;章节:贵港市,,,,名单: 广西储备商品管理公司及其直属库名单;文号: 桂财税〔2024〕8号;章节: 贵港市;序号: 324;单位名称: 贵港市港南区金稻粮食收储有限公司,0.99,使用 lxml 从 HTML 正文容器按“行政区标题 + 序号 + 单位名称”结构抽取;原正文段落序号 351。
rec_a8afc231863e51a4,data/raw/guangxi_reserve_companies_2024.html,file_769ec59b0a9fc8c9,grain_reserve,,广西储备商品管理公司及其直属库名单,325,广西壮族自治区储备商品管理公司及其直属库名单,2024,贵港市港南区金穗粮食收储有限公司,,,广西壮族自治区/贵港市,,储备商品管理公司及其直属库,桂财税〔2024〕8号;章节:贵港市,,,,名单: 广西储备商品管理公司及其直属库名单;文号: 桂财税〔2024〕8号;章节: 贵港市;序号: 325;单位名称: 贵港市港南区金穗粮食收储有限公司,0.99,使用 lxml 从 HTML 正文容器按“行政区标题 + 序号 + 单位名称”结构抽取;原正文段落序号 352。
rec_667ef16e0d031753,data/raw/guangxi_reserve_companies_2024.html,file_769ec59b0a9fc8c9,grain_reserve,,广西储备商品管理公司及其直属库名单,326,广西壮族自治区储备商品管理公司及其直属库名单,2024,贵港市港北区储备粮管理公司,,,广西壮族自治区/贵港市,,储备商品管理公司及其直属库,桂财税〔2024〕8号;章节:贵港市,,,,名单: 广西储备商品管理公司及其直属库名单;文号: 桂财税〔2024〕8号;章节: 贵港市;序号: 326;单位名称: 贵港市港北区储备粮管理公司,0.99,使用 lxml 从 HTML 正文容器按“行政区标题 + 序号 + 单位名称”结构抽取;原正文段落序号 353。
rec_2b3caa5479f68d3a,data/raw/guangxi_reserve_companies_2024.html,file_769ec59b0a9fc8c9,grain_reserve,,广西储备商品管理公司及其直属库名单,327,广西壮族自治区储备商品管理公司及其直属库名单,2024,贵港市覃塘区直属粮库有限公司,,,广西壮族自治区/贵港市,,储备商品管理公司及其直属库,桂财税〔2024〕8号;章节:贵港市,,,,名单: 广西储备商品管理公司及其直属库名单;文号: 桂财税〔2024〕8号;章节: 贵港市;序号: 327;单位名称: 贵港市覃塘区直属粮库有限公司,0.99,使用 lxml 从 HTML 正文容器按“行政区标题 + 序号 + 单位名称”结构抽取;原正文段落序号 354。
rec_78563c591b707b6a,data/raw/guangxi_reserve_companies_2024.html,file_769ec59b0a9fc8c9,grain_reserve,,广西储备商品管理公司及其直属库名单,328,广西壮族自治区储备商品管理公司及其直属库名单,2024,贵港市覃塘区储备粮管理有限责任公司,,,广西壮族自治区/贵港市,,储备商品管理公司及其直属库,桂财税〔2024〕8号;章节:贵港市,,,,名单: 广西储备商品管理公司及其直属库名单;文号: 桂财税〔2024〕8号;章节: 贵港市;序号: 328;单位名称: 贵港市覃塘区储备粮管理有限责任公司,0.99,使用 lxml 从 HTML 正文容器按“行政区标题 + 序号 + 单位名称”结构抽取;原正文段落序号 355。
rec_c03ca99e1654e4d2,data/raw/guangxi_reserve_companies_2024.html,file_769ec59b0a9fc8c9,grain_reserve,,广西储备商品管理公司及其直属库名单,329,广西壮族自治区储备商品管理公司及其直属库名单,2024,贺州市恒丰储备粮管理有限公司,,,广西壮族自治区/贺州市,,储备商品管理公司及其直属库,桂财税〔2024〕8号;章节:贺州市,,,,名单: 广西储备商品管理公司及其直属库名单;文号: 桂财税〔2024〕8号;章节: 贺州市;序号: 329;单位名称: 贺州市恒丰储备粮管理有限公司,0.99,使用 lxml 从 HTML 正文容器按“行政区标题 + 序号 + 单位名称”结构抽取;原正文段落序号 357。
rec_6454ee6e65533620,data/raw/guangxi_reserve_companies_2024.html,file_769ec59b0a9fc8c9,grain_reserve,,广西储备商品管理公司及其直属库名单,330,广西壮族自治区储备商品管理公司及其直属库名单,2024,贺州市融和资产管理有限公司,,,广西壮族自治区/贺州市,,储备商品管理公司及其直属库,桂财税〔2024〕8号;章节:贺州市,,,,名单: 广西储备商品管理公司及其直属库名单;文号: 桂财税〔2024〕8号;章节: 贺州市;序号: 330;单位名称: 贺州市融和资产管理有限公司,0.99,使用 lxml 从 HTML 正文容器按“行政区标题 + 序号 + 单位名称”结构抽取;原正文段落序号 358。
rec_a0f740175c2de8f2,data/raw/guangxi_reserve_companies_2024.html,file_769ec59b0a9fc8c9,grain_reserve,,广西储备商品管理公司及其直属库名单,331,广西壮族自治区储备商品管理公司及其直属库名单,2024,八步区粮油管理中心,,,广西壮族自治区/贺州市,,储备商品管理公司及其直属库,桂财税〔2024〕8号;章节:贺州市,,,,名单: 广西储备商品管理公司及其直属库名单;文号: 桂财税〔2024〕8号;章节: 贺州市;序号: 331;单位名称: 八步区粮油管理中心,0.99,使用 lxml 从 HTML 正文容器按“行政区标题 + 序号 + 单位名称”结构抽取;原正文段落序号 359。
rec_31b2659fb814c968,data/raw/guangxi_reserve_companies_2024.html,file_769ec59b0a9fc8c9,grain_reserve,,广西储备商品管理公司及其直属库名单,332,广西壮族自治区储备商品管理公司及其直属库名单,2024,八步区储备粮管理中心,,,广西壮族自治区/贺州市,,储备商品管理公司及其直属库,桂财税〔2024〕8号;章节:贺州市,,,,名单: 广西储备商品管理公司及其直属库名单;文号: 桂财税〔2024〕8号;章节: 贺州市;序号: 332;单位名称: 八步区储备粮管理中心,0.99,使用 lxml 从 HTML 正文容器按“行政区标题 + 序号 + 单位名称”结构抽取;原正文段落序号 360。
rec_20a83e8dd63608ae,data/raw/guangxi_reserve_companies_2024.html,file_769ec59b0a9fc8c9,grain_reserve,,广西储备商品管理公司及其直属库名单,333,广西壮族自治区储备商品管理公司及其直属库名单,2024,钟山公安广西粮食储备库,,,广西壮族自治区/贺州市,,储备商品管理公司及其直属库,桂财税〔2024〕8号;章节:贺州市,,,,名单: 广西储备商品管理公司及其直属库名单;文号: 桂财税〔2024〕8号;章节: 贺州市;序号: 333;单位名称: 钟山公安广西粮食储备库,0.99,使用 lxml 从 HTML 正文容器按“行政区标题 + 序号 + 单位名称”结构抽取;原正文段落序号 361。
rec_cc7099b5af812733,data/raw/guangxi_reserve_companies_2024.html,file_769ec59b0a9fc8c9,grain_reserve,,广西储备商品管理公司及其直属库名单,334,广西壮族自治区储备商品管理公司及其直属库名单,2024,钟山县钟山粮食管理所,,,广西壮族自治区/贺州市,,储备商品管理公司及其直属库,桂财税〔2024〕8号;章节:贺州市,,,,名单: 广西储备商品管理公司及其直属库名单;文号: 桂财税〔2024〕8号;章节: 贺州市;序号: 334;单位名称: 钟山县钟山粮食管理所,0.99,使用 lxml 从 HTML 正文容器按“行政区标题 + 序号 + 单位名称”结构抽取;原正文段落序号 362。
rec_7f0195cf11c24be7,data/raw/guangxi_reserve_companies_2024.html,file_769ec59b0a9fc8c9,grain_reserve,,广西储备商品管理公司及其直属库名单,335,广西壮族自治区储备商品管理公司及其直属库名单,2024,昭平县储备粮管理公司,,,广西壮族自治区/贺州市,,储备商品管理公司及其直属库,桂财税〔2024〕8号;章节:贺州市,,,,名单: 广西储备商品管理公司及其直属库名单;文号: 桂财税〔2024〕8号;章节: 贺州市;序号: 335;单位名称: 昭平县储备粮管理公司,0.99,使用 lxml 从 HTML 正文容器按“行政区标题 + 序号 + 单位名称”结构抽取;原正文段落序号 363。
rec_eedd25f02862570d,data/raw/guangxi_reserve_companies_2024.html,file_769ec59b0a9fc8c9,grain_reserve,,广西储备商品管理公司及其直属库名单,336,广西壮族自治区储备商品管理公司及其直属库名单,2024,昭平县城厢粮油管理所,,,广西壮族自治区/贺州市,,储备商品管理公司及其直属库,桂财税〔2024〕8号;章节:贺州市,,,,名单: 广西储备商品管理公司及其直属库名单;文号: 桂财税〔2024〕8号;章节: 贺州市;序号: 336;单位名称: 昭平县城厢粮油管理所,0.99,使用 lxml 从 HTML 正文容器按“行政区标题 + 序号 + 单位名称”结构抽取;原正文段落序号 364。
rec_bf8f13e2fe27a328,data/raw/guangxi_reserve_companies_2024.html,file_769ec59b0a9fc8c9,grain_reserve,,广西储备商品管理公司及其直属库名单,337,广西壮族自治区储备商品管理公司及其直属库名单,2024,富川瑶族自治县粮油贸易总公司,,,广西壮族自治区/贺州市,,储备商品管理公司及其直属库,桂财税〔2024〕8号;章节:贺州市,,,,名单: 广西储备商品管理公司及其直属库名单;文号: 桂财税〔2024〕8号;章节: 贺州市;序号: 337;单位名称: 富川瑶族自治县粮油贸易总公司,0.99,使用 lxml 从 HTML 正文容器按“行政区标题 + 序号 + 单位名称”结构抽取;原正文段落序号 365。
rec_622ec881a282488b,data/raw/guangxi_reserve_companies_2024.html,file_769ec59b0a9fc8c9,grain_reserve,,广西储备商品管理公司及其直属库名单,338,广西壮族自治区储备商品管理公司及其直属库名单,2024,来宾市粮食储备库,,,广西壮族自治区/来宾市,,储备商品管理公司及其直属库,桂财税〔2024〕8号;章节:来宾市,,,,名单: 广西储备商品管理公司及其直属库名单;文号: 桂财税〔2024〕8号;章节: 来宾市;序号: 338;单位名称: 来宾市粮食储备库,0.99,使用 lxml 从 HTML 正文容器按“行政区标题 + 序号 + 单位名称”结构抽取;原正文段落序号 367。
rec_96a410ce0a9e68ad,data/raw/guangxi_reserve_companies_2024.html,file_769ec59b0a9fc8c9,grain_reserve,,广西储备商品管理公司及其直属库名单,339,广西壮族自治区储备商品管理公司及其直属库名单,2024,合山市储备粮管理公司,,,广西壮族自治区/来宾市,,储备商品管理公司及其直属库,桂财税〔2024〕8号;章节:来宾市,,,,名单: 广西储备商品管理公司及其直属库名单;文号: 桂财税〔2024〕8号;章节: 来宾市;序号: 339;单位名称: 合山市储备粮管理公司,0.99,使用 lxml 从 HTML 正文容器按“行政区标题 + 序号 + 单位名称”结构抽取;原正文段落序号 368。
rec_486024c907340fd1,data/raw/guangxi_reserve_companies_2024.html,file_769ec59b0a9fc8c9,grain_reserve,,广西储备商品管理公司及其直属库名单,340,广西壮族自治区储备商品管理公司及其直属库名单,2024,象州县储备粮管理公司,,,广西壮族自治区/来宾市,,储备商品管理公司及其直属库,桂财税〔2024〕8号;章节:来宾市,,,,名单: 广西储备商品管理公司及其直属库名单;文号: 桂财税〔2024〕8号;章节: 来宾市;序号: 340;单位名称: 象州县储备粮管理公司,0.99,使用 lxml 从 HTML 正文容器按“行政区标题 + 序号 + 单位名称”结构抽取;原正文段落序号 369。
rec_62491f2e34854978,data/raw/guangxi_reserve_companies_2024.html,file_769ec59b0a9fc8c9,grain_reserve,,广西储备商品管理公司及其直属库名单,341,广西壮族自治区储备商品管理公司及其直属库名单,2024,象州县粮食购销有限公司,,,广西壮族自治区/来宾市,,储备商品管理公司及其直属库,桂财税〔2024〕8号;章节:来宾市,,,,名单: 广西储备商品管理公司及其直属库名单;文号: 桂财税〔2024〕8号;章节: 来宾市;序号: 341;单位名称: 象州县粮食购销有限公司,0.99,使用 lxml 从 HTML 正文容器按“行政区标题 + 序号 + 单位名称”结构抽取;原正文段落序号 370。
rec_0858c8e3de6162ae,data/raw/guangxi_reserve_companies_2024.html,file_769ec59b0a9fc8c9,grain_reserve,,广西储备商品管理公司及其直属库名单,342,广西壮族自治区储备商品管理公司及其直属库名单,2024,武宣县粮食储备库,,,广西壮族自治区/来宾市,,储备商品管理公司及其直属库,桂财税〔2024〕8号;章节:来宾市,,,,名单: 广西储备商品管理公司及其直属库名单;文号: 桂财税〔2024〕8号;章节: 来宾市;序号: 342;单位名称: 武宣县粮食储备库,0.99,使用 lxml 从 HTML 正文容器按“行政区标题 + 序号 + 单位名称”结构抽取;原正文段落序号 371。
rec_aea36edd213cdc0f,data/raw/guangxi_reserve_companies_2024.html,file_769ec59b0a9fc8c9,grain_reserve,,广西储备商品管理公司及其直属库名单,343,广西壮族自治区储备商品管理公司及其直属库名单,2024,武宣县粮食收储有限责任公司,,,广西壮族自治区/来宾市,,储备商品管理公司及其直属库,桂财税〔2024〕8号;章节:来宾市,,,,名单: 广西储备商品管理公司及其直属库名单;文号: 桂财税〔2024〕8号;章节: 来宾市;序号: 343;单位名称: 武宣县粮食收储有限责任公司,0.99,使用 lxml 从 HTML 正文容器按“行政区标题 + 序号 + 单位名称”结构抽取;原正文段落序号 372。
rec_442bc807c279fdd6,data/raw/guangxi_reserve_companies_2024.html,file_769ec59b0a9fc8c9,grain_reserve,,广西储备商品管理公司及其直属库名单,344,广西壮族自治区储备商品管理公司及其直属库名单,2024,来宾市兴宾区储备粮管理公司,,,广西壮族自治区/来宾市,,储备商品管理公司及其直属库,桂财税〔2024〕8号;章节:来宾市,,,,名单: 广西储备商品管理公司及其直属库名单;文号: 桂财税〔2024〕8号;章节: 来宾市;序号: 344;单位名称: 来宾市兴宾区储备粮管理公司,0.99,使用 lxml 从 HTML 正文容器按“行政区标题 + 序号 + 单位名称”结构抽取;原正文段落序号 373。
rec_e2b32a8a3599793f,data/raw/guangxi_reserve_companies_2024.html,file_769ec59b0a9fc8c9,grain_reserve,,广西储备商品管理公司及其直属库名单,345,广西壮族自治区储备商品管理公司及其直属库名单,2024,来宾市兴宾区粮食收储有限责任公司,,,广西壮族自治区/来宾市,,储备商品管理公司及其直属库,桂财税〔2024〕8号;章节:来宾市,,,,名单: 广西储备商品管理公司及其直属库名单;文号: 桂财税〔2024〕8号;章节: 来宾市;序号: 345;单位名称: 来宾市兴宾区粮食收储有限责任公司,0.99,使用 lxml 从 HTML 正文容器按“行政区标题 + 序号 + 单位名称”结构抽取;原正文段落序号 374。
rec_4c499cc9f7828ed1,data/raw/guangxi_reserve_companies_2024.html,file_769ec59b0a9fc8c9,grain_reserve,,广西储备商品管理公司及其直属库名单,346,广西壮族自治区储备商品管理公司及其直属库名单,2024,来宾市兴宾区军粮供应站,,,广西壮族自治区/来宾市,,储备商品管理公司及其直属库,桂财税〔2024〕8号;章节:来宾市,,,,名单: 广西储备商品管理公司及其直属库名单;文号: 桂财税〔2024〕8号;章节: 来宾市;序号: 346;单位名称: 来宾市兴宾区军粮供应站,0.99,使用 lxml 从 HTML 正文容器按“行政区标题 + 序号 + 单位名称”结构抽取;原正文段落序号 375。
rec_75d1acdc161e8fdc,data/raw/guangxi_reserve_companies_2024.html,file_769ec59b0a9fc8c9,grain_reserve,,广西储备商品管理公司及其直属库名单,347,广西壮族自治区储备商品管理公司及其直属库名单,2024,金秀瑶族自治县粮食储备库,,,广西壮族自治区/来宾市,,储备商品管理公司及其直属库,桂财税〔2024〕8号;章节:来宾市,,,,名单: 广西储备商品管理公司及其直属库名单;文号: 桂财税〔2024〕8号;章节: 来宾市;序号: 347;单位名称: 金秀瑶族自治县粮食储备库,0.99,使用 lxml 从 HTML 正文容器按“行政区标题 + 序号 + 单位名称”结构抽取;原正文段落序号 376。
rec_cdc9bd1e46447e9f,data/raw/guangxi_reserve_companies_2024.html,file_769ec59b0a9fc8c9,grain_reserve,,广西储备商品管理公司及其直属库名单,348,广西壮族自治区储备商品管理公司及其直属库名单,2024,金秀瑶族自治县军粮供应站,,,广西壮族自治区/来宾市,,储备商品管理公司及其直属库,桂财税〔2024〕8号;章节:来宾市,,,,名单: 广西储备商品管理公司及其直属库名单;文号: 桂财税〔2024〕8号;章节: 来宾市;序号: 348;单位名称: 金秀瑶族自治县军粮供应站,0.99,使用 lxml 从 HTML 正文容器按“行政区标题 + 序号 + 单位名称”结构抽取;原正文段落序号 377。
rec_fb426be6582b0913,data/raw/guangxi_reserve_companies_2024.html,file_769ec59b0a9fc8c9,grain_reserve,,广西储备商品管理公司及其直属库名单,349,广西壮族自治区储备商品管理公司及其直属库名单,2024,忻城县粮油购销有限责任公司,,,广西壮族自治区/来宾市,,储备商品管理公司及其直属库,桂财税〔2024〕8号;章节:来宾市,,,,名单: 广西储备商品管理公司及其直属库名单;文号: 桂财税〔2024〕8号;章节: 来宾市;序号: 349;单位名称: 忻城县粮油购销有限责任公司,0.99,使用 lxml 从 HTML 正文容器按“行政区标题 + 序号 + 单位名称”结构抽取;原正文段落序号 378。
rec_9b263f0ee1fe7430,data/raw/guangxi_reserve_companies_2024.html,file_769ec59b0a9fc8c9,grain_reserve,,广西储备商品管理公司及其直属库名单,350,广西壮族自治区储备商品管理公司及其直属库名单,2024,忻城县储备粮管理公司,,,广西壮族自治区/来宾市,,储备商品管理公司及其直属库,桂财税〔2024〕8号;章节:来宾市,,,,名单: 广西储备商品管理公司及其直属库名单;文号: 桂财税〔2024〕8号;章节: 来宾市;序号: 350;单位名称: 忻城县储备粮管理公司,0.99,使用 lxml 从 HTML 正文容器按“行政区标题 + 序号 + 单位名称”结构抽取;原正文段落序号 379。
rec_242f22d4d282f266,data/raw/guangxi_reserve_companies_2024.html,file_769ec59b0a9fc8c9,grain_reserve,,广西储备商品管理公司及其直属库名单,351,广西壮族自治区储备商品管理公司及其直属库名单,2024,崇左市粮食和物资储备管理有限公司,,,广西壮族自治区/崇左市,,储备商品管理公司及其直属库,桂财税〔2024〕8号;章节:崇左市,,,,名单: 广西储备商品管理公司及其直属库名单;文号: 桂财税〔2024〕8号;章节: 崇左市;序号: 351;单位名称: 崇左市粮食和物资储备管理有限公司,0.99,使用 lxml 从 HTML 正文容器按“行政区标题 + 序号 + 单位名称”结构抽取;原正文段落序号 381。
rec_479bbc3d1a166c15,data/raw/guangxi_reserve_companies_2024.html,file_769ec59b0a9fc8c9,grain_reserve,,广西储备商品管理公司及其直属库名单,352,广西壮族自治区储备商品管理公司及其直属库名单,2024,崇左市江州区军粮供应站,,,广西壮族自治区/崇左市,,储备商品管理公司及其直属库,桂财税〔2024〕8号;章节:崇左市,,,,名单: 广西储备商品管理公司及其直属库名单;文号: 桂财税〔2024〕8号;章节: 崇左市;序号: 352;单位名称: 崇左市江州区军粮供应站,0.99,使用 lxml 从 HTML 正文容器按“行政区标题 + 序号 + 单位名称”结构抽取;原正文段落序号 382。
rec_10e059f40b0c3f45,data/raw/guangxi_reserve_companies_2024.html,file_769ec59b0a9fc8c9,grain_reserve,,广西储备商品管理公司及其直属库名单,353,广西壮族自治区储备商品管理公司及其直属库名单,2024,崇左市粮食储备库,,,广西壮族自治区/崇左市,,储备商品管理公司及其直属库,桂财税〔2024〕8号;章节:崇左市,,,,名单: 广西储备商品管理公司及其直属库名单;文号: 桂财税〔2024〕8号;章节: 崇左市;序号: 353;单位名称: 崇左市粮食储备库,0.99,使用 lxml 从 HTML 正文容器按“行政区标题 + 序号 + 单位名称”结构抽取;原正文段落序号 383。
rec_6934fda4a6e88f4b,data/raw/guangxi_reserve_companies_2024.html,file_769ec59b0a9fc8c9,grain_reserve,,广西储备商品管理公司及其直属库名单,354,广西壮族自治区储备商品管理公司及其直属库名单,2024,崇左市粮食直属储备库,,,广西壮族自治区/崇左市,,储备商品管理公司及其直属库,桂财税〔2024〕8号;章节:崇左市,,,,名单: 广西储备商品管理公司及其直属库名单;文号: 桂财税〔2024〕8号;章节: 崇左市;序号: 354;单位名称: 崇左市粮食直属储备库,0.99,使用 lxml 从 HTML 正文容器按“行政区标题 + 序号 + 单位名称”结构抽取;原正文段落序号 384。
rec_34b095dccaa5243f,data/raw/guangxi_reserve_companies_2024.html,file_769ec59b0a9fc8c9,grain_reserve,,广西储备商品管理公司及其直属库名单,355,广西壮族自治区储备商品管理公司及其直属库名单,2024,崇左市粮油购销中心,,,广西壮族自治区/崇左市,,储备商品管理公司及其直属库,桂财税〔2024〕8号;章节:崇左市,,,,名单: 广西储备商品管理公司及其直属库名单;文号: 桂财税〔2024〕8号;章节: 崇左市;序号: 355;单位名称: 崇左市粮油购销中心,0.99,使用 lxml 从 HTML 正文容器按“行政区标题 + 序号 + 单位名称”结构抽取;原正文段落序号 385。
rec_a347d98dbcf7fca1,data/raw/guangxi_reserve_companies_2024.html,file_769ec59b0a9fc8c9,grain_reserve,,广西储备商品管理公司及其直属库名单,356,广西壮族自治区储备商品管理公司及其直属库名单,2024,崇左市江州区粮食和物资储备中心,,,广西壮族自治区/崇左市,,储备商品管理公司及其直属库,桂财税〔2024〕8号;章节:崇左市,,,,名单: 广西储备商品管理公司及其直属库名单;文号: 桂财税〔2024〕8号;章节: 崇左市;序号: 356;单位名称: 崇左市江州区粮食和物资储备中心,0.99,使用 lxml 从 HTML 正文容器按“行政区标题 + 序号 + 单位名称”结构抽取;原正文段落序号 386。
rec_bbdd64b7d42fb99a,data/raw/guangxi_reserve_companies_2024.html,file_769ec59b0a9fc8c9,grain_reserve,,广西储备商品管理公司及其直属库名单,357,广西壮族自治区储备商品管理公司及其直属库名单,2024,凭祥市储备粮管理中心,,,广西壮族自治区/崇左市,,储备商品管理公司及其直属库,桂财税〔2024〕8号;章节:崇左市,,,,名单: 广西储备商品管理公司及其直属库名单;文号: 桂财税〔2024〕8号;章节: 崇左市;序号: 357;单位名称: 凭祥市储备粮管理中心,0.99,使用 lxml 从 HTML 正文容器按“行政区标题 + 序号 + 单位名称”结构抽取;原正文段落序号 387。
rec_a92cbe984c8e2704,data/raw/guangxi_reserve_companies_2024.html,file_769ec59b0a9fc8c9,grain_reserve,,广西储备商品管理公司及其直属库名单,358,广西壮族自治区储备商品管理公司及其直属库名单,2024,大新县昌和粮食发展有限责任公司,,,广西壮族自治区/崇左市,,储备商品管理公司及其直属库,桂财税〔2024〕8号;章节:崇左市,,,,名单: 广西储备商品管理公司及其直属库名单;文号: 桂财税〔2024〕8号;章节: 崇左市;序号: 358;单位名称: 大新县昌和粮食发展有限责任公司,0.99,使用 lxml 从 HTML 正文容器按“行政区标题 + 序号 + 单位名称”结构抽取;原正文段落序号 388。
rec_94245e7c2d3ed5af,data/raw/guangxi_reserve_companies_2024.html,file_769ec59b0a9fc8c9,grain_reserve,,广西储备商品管理公司及其直属库名单,359,广西壮族自治区储备商品管理公司及其直属库名单,2024,大新县粮食和物资储备中心,,,广西壮族自治区/崇左市,,储备商品管理公司及其直属库,桂财税〔2024〕8号;章节:崇左市,,,,名单: 广西储备商品管理公司及其直属库名单;文号: 桂财税〔2024〕8号;章节: 崇左市;序号: 359;单位名称: 大新县粮食和物资储备中心,0.99,使用 lxml 从 HTML 正文容器按“行政区标题 + 序号 + 单位名称”结构抽取;原正文段落序号 389。
rec_c989c08c64f8e457,data/raw/guangxi_reserve_companies_2024.html,file_769ec59b0a9fc8c9,grain_reserve,,广西储备商品管理公司及其直属库名单,360,广西壮族自治区储备商品管理公司及其直属库名单,2024,宁明县储备粮管理中心,,,广西壮族自治区/崇左市,,储备商品管理公司及其直属库,桂财税〔2024〕8号;章节:崇左市,,,,名单: 广西储备商品管理公司及其直属库名单;文号: 桂财税〔2024〕8号;章节: 崇左市;序号: 360;单位名称: 宁明县储备粮管理中心,0.99,使用 lxml 从 HTML 正文容器按“行政区标题 + 序号 + 单位名称”结构抽取;原正文段落序号 390。
rec_ccbc9adc6a30ee43,data/raw/guangxi_reserve_companies_2024.html,file_769ec59b0a9fc8c9,grain_reserve,,广西储备商品管理公司及其直属库名单,361,广西壮族自治区储备商品管理公司及其直属库名单,2024,宁明县粮食和物资储备局直属库,,,广西壮族自治区/崇左市,,储备商品管理公司及其直属库,桂财税〔2024〕8号;章节:崇左市,,,,名单: 广西储备商品管理公司及其直属库名单;文号: 桂财税〔2024〕8号;章节: 崇左市;序号: 361;单位名称: 宁明县粮食和物资储备局直属库,0.99,使用 lxml 从 HTML 正文容器按“行政区标题 + 序号 + 单位名称”结构抽取;原正文段落序号 391。
rec_129c9eb36077bc83,data/raw/guangxi_reserve_companies_2024.html,file_769ec59b0a9fc8c9,grain_reserve,,广西储备商品管理公司及其直属库名单,362,广西壮族自治区储备商品管理公司及其直属库名单,2024,天等县粮食和物资储备中心,,,广西壮族自治区/崇左市,,储备商品管理公司及其直属库,桂财税〔2024〕8号;章节:崇左市,,,,名单: 广西储备商品管理公司及其直属库名单;文号: 桂财税〔2024〕8号;章节: 崇左市;序号: 362;单位名称: 天等县粮食和物资储备中心,0.99,使用 lxml 从 HTML 正文容器按“行政区标题 + 序号 + 单位名称”结构抽取;原正文段落序号 392。
rec_71ecab543bbdd504,data/raw/guangxi_reserve_companies_2024.html,file_769ec59b0a9fc8c9,grain_reserve,,广西储备商品管理公司及其直属库名单,363,广西壮族自治区储备商品管理公司及其直属库名单,2024,天等县鸿发粮食购销有限责任公司,,,广西壮族自治区/崇左市,,储备商品管理公司及其直属库,桂财税〔2024〕8号;章节:崇左市,,,,名单: 广西储备商品管理公司及其直属库名单;文号: 桂财税〔2024〕8号;章节: 崇左市;序号: 363;单位名称: 天等县鸿发粮食购销有限责任公司,0.99,使用 lxml 从 HTML 正文容器按“行政区标题 + 序号 + 单位名称”结构抽取;原正文段落序号 393。
rec_6e472aeaba4e4ad1,data/raw/guangxi_reserve_companies_2024.html,file_769ec59b0a9fc8c9,grain_reserve,,广西储备商品管理公司及其直属库名单,364,广西壮族自治区储备商品管理公司及其直属库名单,2024,龙州县粮食和物资储备中心,,,广西壮族自治区/崇左市,,储备商品管理公司及其直属库,桂财税〔2024〕8号;章节:崇左市,,,,名单: 广西储备商品管理公司及其直属库名单;文号: 桂财税〔2024〕8号;章节: 崇左市;序号: 364;单位名称: 龙州县粮食和物资储备中心,0.99,使用 lxml 从 HTML 正文容器按“行政区标题 + 序号 + 单位名称”结构抽取;原正文段落序号 394。
rec_7ad6dcae1507b9f4,data/raw/guangxi_reserve_companies_2024.html,file_769ec59b0a9fc8c9,grain_reserve,,广西储备商品管理公司及其直属库名单,365,广西壮族自治区储备商品管理公司及其直属库名单,2024,扶绥县储备粮管理公司高岭库区,扶绥县储备粮管理公司,,广西壮族自治区/崇左市,,储备商品管理公司及其直属库,桂财税〔2024〕8号;章节:崇左市,,,,名单: 广西储备商品管理公司及其直属库名单;文号: 桂财税〔2024〕8号;章节: 崇左市;序号: 365;单位名称: 扶绥县储备粮管理公司高岭库区,0.99,使用 lxml 从 HTML 正文容器按“行政区标题 + 序号 + 单位名称”结构抽取;原正文段落序号 395。
rec_c887379a8f76dd82,data/raw/guangxi_reserve_companies_2024.html,file_769ec59b0a9fc8c9,grain_reserve,,广西储备商品管理公司及其直属库名单,366,广西壮族自治区储备商品管理公司及其直属库名单,2024,扶绥县粮食和物资储备管理有限公司,,,广西壮族自治区/崇左市,,储备商品管理公司及其直属库,桂财税〔2024〕8号;章节:崇左市,,,,名单: 广西储备商品管理公司及其直属库名单;文号: 桂财税〔2024〕8号;章节: 崇左市;序号: 366;单位名称: 扶绥县粮食和物资储备管理有限公司,0.99,使用 lxml 从 HTML 正文容器按“行政区标题 + 序号 + 单位名称”结构抽取;原正文段落序号 396。
rec_2a0e9a8a5ce9d15f,data/raw/guigang_food_suppliers_310.pdf,file_baf2a03a5bd599d7,government_procurement,1,1,2,贵港市食品供应商中标名单（310条）,2026-05-13,广西贵港市盈康食品有限公司,,广西壮族自治区贵港市港南区江南产业园城东大道与工业一路交汇处西北角,广西壮族自治区/贵港市/港南区,贵港市,畜肉类,"报价: 报价:
95(%)",91450800MA5KC5097F,,,"序号: 1;标项名称: 畜肉类;报价: 报价:
95(%);中标供应商名称: 广西贵港市
盈康食品有
限公司;中标供应商地址: 广西壮族自治区贵港市港南区江南产业
园城东大道与工业一路交汇处西北角;统一社会信用代码: 91450800MA5KC5097F",0.99,"按 PDF 表格行批量抽取;地址视为供应商登记/联系地址,不自动认定为仓储节点。"
rec_e17a89edb321d565,data/raw/guigang_food_suppliers_310.pdf,file_baf2a03a5bd599d7,government_procurement,1,1,3,贵港市食品供应商中标名单（310条）,2026-05-13,广西鲜牧食品贸易有限公司,,贵城街道同济大道与江北东路交汇处东北角(原贵港市西江食品饮料厂)(C区C1-C10号铺),广西壮族自治区/贵港市,贵港市,畜肉类,"报价: 报价:
95(%)",91450800MA5PCJFM1N,,,"序号: 2;标项名称: 畜肉类;报价: 报价:
95(%);中标供应商名称: 广西鲜牧食
品贸易有限
公司;中标供应商地址: 贵城街道同济大道与江北东路交汇处东
北角(原贵港市西江食品饮料厂)(C区
C1-C10号铺);统一社会信用代码: 91450800MA5PCJFM1N",0.99,"按 PDF 表格行批量抽取;地址视为供应商登记/联系地址,不自动认定为仓储节点。"
rec_fa0e1a26acae56b4,data/raw/guigang_food_suppliers_310.pdf,file_baf2a03a5bd599d7,government_procurement,1,1,4,贵港市食品供应商中标名单（310条）,2026-05-13,广西华创农牧业发展有限公司,,贵港市港北区解放北路龙圣小区1幢A区20、21号,广西壮族自治区/贵港市/港北区,贵港市,畜肉类,"报价: 报价:
94.5(%)",914508020994519517,,,"序号: 3;标项名称: 畜肉类;报价: 报价:
94.5(%);中标供应商名称: 广西华创农
牧业发展有
限公司;中标供应商地址: 贵港市港北区解放北路龙圣小区1幢A区
20、21号;统一社会信用代码: 914508020994519517",0.99,"按 PDF 表格行批量抽取;地址视为供应商登记/联系地址,不自动认定为仓储节点。"
rec_52a4a4f23e2e7793,data/raw/guigang_food_suppliers_310.pdf,file_baf2a03a5bd599d7,government_procurement,1,1,5,贵港市食品供应商中标名单（310条）,2026-05-13,广西桂然生态农业有限公司,,南宁市江南区五一中路新福里2-1号-1,广西壮族自治区/南宁市/江南区,贵港市,畜肉类,"报价: 报价:
95(%)",91450105MA5L6DA664,,,"序号: 4;标项名称: 畜肉类;报价: 报价:
95(%);中标供应商名称: 广西桂然生
态农业有限
公司;中标供应商地址: 南宁市江南区五一中路新福里2-1号-1;统一社会信用代码: 91450105MA5L6DA664",0.99,"按 PDF 表格行批量抽取;地址视为供应商登记/联系地址,不自动认定为仓储节点。"
rec_c190e13df1589b80,data/raw/guigang_food_suppliers_310.pdf,file_baf2a03a5bd599d7,government_procurement,1,1,6,贵港市食品供应商中标名单（310条）,2026-05-13,贵港市平南县泽珈贸易有限公司,,广西壮族自治区贵港市平南县上渡街道柘畲村莫屋屯(莫亦绪房屋),广西壮族自治区/贵港市/平南县,贵港市,畜肉类,"报价: 报价:
95(%)",91450821MAE8C0TD6Q,,,"序号: 5;标项名称: 畜肉类;报价: 报价:
95(%);中标供应商名称: 贵港市平南
县泽珈贸易
有限公司;中标供应商地址: 广西壮族自治区贵港市平南县上渡街道
柘畲村莫屋屯(莫亦绪房屋);统一社会信用代码: 91450821MAE8C0TD6Q",0.99,"按 PDF 表格行批量抽取;地址视为供应商登记/联系地址,不自动认定为仓储节点。"
rec_4aee9f8e86ec94f2,data/raw/guigang_food_suppliers_310.pdf,file_baf2a03a5bd599d7,government_procurement,1,1,7,贵港市食品供应商中标名单（310条）,2026-05-13,广西泓峻供应链管理有限公司,,贵港市港北区西江科技创新产业城狮岭西路与西二路交汇处西南角(广西三雄机械设备有限公司产品检测楼5楼502室),广西壮族自治区/贵港市/港北区,贵港市,畜肉类,"报价: 报价:
94.5(%)",91450800MAK2HP612D,,,"序号: 6;标项名称: 畜肉类;报价: 报价:
94.5(%);中标供应商名称: 广西泓峻供
应链管理有
限公司;中标供应商地址: 贵港市港北区西江科技创新产业城狮岭
西路与西二路交汇处西南角(广西三雄
机械设备有限公司产品检测楼5楼502
室);统一社会信用代码: 91450800MAK2HP612D",0.99,"按 PDF 表格行批量抽取;地址视为供应商登记/联系地址,不自动认定为仓储节点。"
rec_e5a06aaf9615c856,data/raw/guigang_food_suppliers_310.pdf,file_baf2a03a5bd599d7,government_procurement,1,1,8,贵港市食品供应商中标名单（310条）,2026-05-13,广西菜公子供应链管理有限公司,,贵港市港北区中山北路民族文化公园北侧盛世名都·南12幢12-3号二楼,广西壮族自治区/贵港市/港北区,贵港市,畜肉类,"报价: 报价:
95(%)",91450800MA7ARA7LXL,,,"序号: 7;标项名称: 畜肉类;报价: 报价:
95(%);中标供应商名称: 广西菜公子
供应链管理
有限公司;中标供应商地址: 贵港市港北区中山北路民族文化公园北
侧盛世名都·南12幢12-3号二楼;统一社会信用代码: 91450800MA7ARA7LXL",0.99,"按 PDF 表格行批量抽取;地址视为供应商登记/联系地址,不自动认定为仓储节点。"
rec_d796b843c038a730,data/raw/guigang_food_suppliers_310.pdf,file_baf2a03a5bd599d7,government_procurement,1,1,9,贵港市食品供应商中标名单（310条）,2026-05-13,贵港市军霞农副产品贸易有限公司,,贵港市新华路南(七里桥基地南半岛)西南角,广西壮族自治区/贵港市,贵港市,畜肉类,"报价: 报价:
94(%)",91450802581958195Y,,,"序号: 8;标项名称: 畜肉类;报价: 报价:
94(%);中标供应商名称: 贵港市军霞
农副产品贸
易有限公司;中标供应商地址: 贵港市新华路南(七里桥基地南半岛)
西南角;统一社会信用代码: 91450802581958195Y",0.99,"按 PDF 表格行批量抽取;地址视为供应商登记/联系地址,不自动认定为仓储节点。"
rec_7ebe7be9804cc01a,data/raw/guigang_food_suppliers_310.pdf,file_baf2a03a5bd599d7,government_procurement,1,1,10,贵港市食品供应商中标名单（310条）,2026-05-13,贵港市天纯食品配送有限公司,,贵港市港北区西江农场广场南面的西江商贸城二期钢棚铺面(1#棚1-5号铺面),广西壮族自治区/贵港市/港北区,贵港市,畜肉类,"报价: 报价:
94.5(%)",91450802MAA7AJTB21,,,"序号: 9;标项名称: 畜肉类;报价: 报价:
94.5(%);中标供应商名称: 贵港市天纯
食品配送有
限公司;中标供应商地址: 贵港市港北区西江农场广场南面的西江
商贸城二期钢棚铺面(1#棚1-5号铺面);统一社会信用代码: 91450802MAA7AJTB21",0.99,"按 PDF 表格行批量抽取;地址视为供应商登记/联系地址,不自动认定为仓储节点。"
rec_47f6465e1ca520ce,data/raw/guigang_food_suppliers_310.pdf,file_baf2a03a5bd599d7,government_procurement,1,1,11,贵港市食品供应商中标名单（310条）,2026-05-13,鑫达联华(广西)商业有限公司,,广西壮族自治区贵港市城东片区港区大道与进港公路交汇处东南侧(广西盐业集团有限公司贵港分公司1号、4号仓库),广西壮族自治区/贵港市,贵港市,畜肉类,"报价: 报价:
95(%)",91450802MA5MW98146,,,"序号: 10;标项名称: 畜肉类;报价: 报价:
95(%);中标供应商名称: 鑫达联华
(广西)商
业有限公司;中标供应商地址: 广西壮族自治区贵港市城东片区港区大
道与进港公路交汇处东南侧(广西盐业
集团有限公司贵港分公司1号、4号仓
库);统一社会信用代码: 91450802MA5MW98146",0.99,"按 PDF 表格行批量抽取;地址视为供应商登记/联系地址,不自动认定为仓储节点。"
rec_a5005c0266291b04,data/raw/guigang_food_suppliers_310.pdf,file_baf2a03a5bd599d7,government_procurement,1,1,12,贵港市食品供应商中标名单（310条）,2026-05-13,广西康然生态农业有限公司,,南宁市金凯路98号光科技产业园科研楼二,广西壮族自治区/南宁市,贵港市,畜肉类,"报价: 报价:
94(%)",91450100MA5KDK5M1E,,,"序号: 11;标项名称: 畜肉类;报价: 报价:
94(%);中标供应商名称: 广西康然生
态农业有限
公司;中标供应商地址: 南宁市金凯路98号光科技产业园科研楼
二;统一社会信用代码: 91450100MA5KDK5M1E",0.99,"按 PDF 表格行批量抽取;地址视为供应商登记/联系地址,不自动认定为仓储节点。"
rec_5a868a5a2b2c85e8,data/raw/guigang_food_suppliers_310.pdf,file_baf2a03a5bd599d7,government_procurement,1,1,13,贵港市食品供应商中标名单（310条）,2026-05-13,广西睿慧农鲜供应链管理有限公司,,南宁市青秀区竹溪大道86号广源国际社区6号701号,广西壮族自治区/南宁市/青秀区,贵港市,畜肉类,"报价: 报价:
94(%)",91450103669732553E,,,"序号: 12;标项名称: 畜肉类;报价: 报价:
94(%);中标供应商名称: 广西睿慧农
鲜供应链管
理有限公司;中标供应商地址: 南宁市青秀区竹溪大道86号广源国际社
区6号701号;统一社会信用代码: 91450103669732553E",0.99,"按 PDF 表格行批量抽取;地址视为供应商登记/联系地址,不自动认定为仓储节点。"
rec_3690e0c0d6da3a00,data/raw/guigang_food_suppliers_310.pdf,file_baf2a03a5bd599d7,government_procurement,1,1,14,贵港市食品供应商中标名单（310条）,2026-05-13,盈顶汇食品集团股份有限公司,,南宁市西乡塘区大学东路27号嘉州华都A座一层104-117号、B座一层124、125-1、128-129号,广西壮族自治区/南宁市/西乡塘区,贵港市,畜肉类,"报价: 报价:
94(%)",91450102073756896K,,,"序号: 13;标项名称: 畜肉类;报价: 报价:
94(%);中标供应商名称: 盈顶汇食品
集团股份有
限公司;中标供应商地址: 南宁市西乡塘区大学东路27号嘉州华都A
座一层104-117号、B座一层124、125-1、
128-129号;统一社会信用代码: 91450102073756896K",0.99,"按 PDF 表格行批量抽取;地址视为供应商登记/联系地址,不自动认定为仓储节点。"
rec_daec1edacb1075fe,data/raw/guigang_food_suppliers_310.pdf,file_baf2a03a5bd599d7,government_procurement,1,1,15,贵港市食品供应商中标名单（310条）,2026-05-13,广西贵港安捷贸易有限公司,,广西壮族自治区贵港市港南区中山南路东侧、江一路南侧金典时代1幢1-1205【一照多址企业】,广西壮族自治区/贵港市/港南区,贵港市,畜肉类,"报价: 报价:
94(%)",91450800MAC0YKQB4B,,,"序号: 14;标项名称: 畜肉类;报价: 报价:
94(%);中标供应商名称: 广西贵港安
捷贸易有限
公司;中标供应商地址: 广西壮族自治区贵港市港南区中山南路
东侧、江一路南侧金典时代1幢1-
1205【一照多址企业】;统一社会信用代码: 91450800MAC0YKQB4B",0.99,"按 PDF 表格行批量抽取;地址视为供应商登记/联系地址,不自动认定为仓储节点。"
rec_da9bc6a08cd8a908,data/raw/guigang_food_suppliers_310.pdf,file_baf2a03a5bd599d7,government_procurement,1,1,16,贵港市食品供应商中标名单（310条）,2026-05-13,贵港市安盛贸易有限公司,,贵港市荷城路西段六八村白沟井天之和品牌家具中心北B1,广西壮族自治区/贵港市,贵港市,畜肉类,"报价: 报价:
95(%)",91450802MA5KEBD896,,,"序号: 15;标项名称: 畜肉类;报价: 报价:
95(%);中标供应商名称: 贵港市安盛
贸易有限公
司;中标供应商地址: 贵港市荷城路西段六八村白沟井天之和
品牌家具中心北B1;统一社会信用代码: 91450802MA5KEBD896",0.99,"按 PDF 表格行批量抽取;地址视为供应商登记/联系地址,不自动认定为仓储节点。"
rec_dd35e4c2d0820171,data/raw/guigang_food_suppliers_310.pdf,file_baf2a03a5bd599d7,government_procurement,1,1,17,贵港市食品供应商中标名单（310条）,2026-05-13,广西誉明食品有限公司,,鑫山工业园区D幢一层,广西壮族自治区,贵港市,畜肉类,"报价: 报价:
95(%)",91450981MA7APCXK18,,,"序号: 16;标项名称: 畜肉类;报价: 报价:
95(%);中标供应商名称: 广西誉明食
品有限公司;中标供应商地址: 鑫山工业园区D幢一层;统一社会信用代码: 91450981MA7APCXK18",0.99,"按 PDF 表格行批量抽取;地址视为供应商登记/联系地址,不自动认定为仓储节点。"
rec_b3c4eb7db7a799bd,data/raw/guigang_food_suppliers_310.pdf,file_baf2a03a5bd599d7,government_procurement,1,1,18,贵港市食品供应商中标名单（310条）,2026-05-13,广西万乡河餐饮集团有限公司,,南宁市广西-东盟经济技术开发区安平路23号(1号厂房),广西壮族自治区/南宁市,贵港市,畜肉类,"报价: 报价:
93.5(%)",91450100MA5KBGRT7J,,,"序号: 17;标项名称: 畜肉类;报价: 报价:
93.5(%);中标供应商名称: 广西万乡河
餐饮集团有
限公司;中标供应商地址: 南宁市广西-东盟经济技术开发区安平路
23号(1号厂房);统一社会信用代码: 91450100MA5KBGRT7J",0.99,"按 PDF 表格行批量抽取;地址视为供应商登记/联系地址,不自动认定为仓储节点。"
rec_beda07fa42b631f9,data/raw/guigang_food_suppliers_310.pdf,file_baf2a03a5bd599d7,government_procurement,1,1,19,贵港市食品供应商中标名单（310条）,2026-05-13,贵港市覃塘区正业大超市有限公司,,石卡街113号,广西壮族自治区/贵港市/覃塘区,贵港市,畜肉类,"报价: 报价:
95(%)",91450804MADP0KXB87,,,"序号: 18;标项名称: 畜肉类;报价: 报价:
95(%);中标供应商名称: 贵港市覃塘
区正业大超
市有限公司;中标供应商地址: 石卡街113号;统一社会信用代码: 91450804MADP0KXB87",0.99,"按 PDF 表格行批量抽取;地址视为供应商登记/联系地址,不自动认定为仓储节点。"
rec_da2b215e91be3923,data/raw/guigang_food_suppliers_310.pdf,file_baf2a03a5bd599d7,government_procurement,2,1,1,贵港市食品供应商中标名单（310条）,2026-05-13,广西二师兄食品有限公司,,南宁市江南区沙井街道办南乡村六组定津路 2 号,广西壮族自治区/南宁市/江南区,贵港市,畜肉类,"报价: 报价:
94(%)",91450100MA5K9HW54C,,,"序号: 19;标项名称: 畜肉类;报价: 报价:
94(%);中标供应商名称: 广西二师兄
食品有限公
司;中标供应商地址: 南宁市江南区沙井街道办南乡村六组定
津路 2 号;统一社会信用代码: 91450100MA5K9HW54C",0.99,"按 PDF 表格行批量抽取;地址视为供应商登记/联系地址,不自动认定为仓储节点。"
rec_0363ab0bf43c7409,data/raw/guigang_food_suppliers_310.pdf,file_baf2a03a5bd599d7,government_procurement,2,1,2,贵港市食品供应商中标名单（310条）,2026-05-13,广西龙威集采集配供应链管理有限公司,,广西壮族自治区贵港市港南区新塘镇大郑村西江航运枢纽二线船闸南边(原指挥部二号仓库),广西壮族自治区/贵港市/港南区,贵港市,畜肉类,"报价: 报价:
95(%)",91450803MABPMDFU6E,,,"序号: 20;标项名称: 畜肉类;报价: 报价:
95(%);中标供应商名称: 广西龙威集
采集配供应
链管理有限
公司;中标供应商地址: 广西壮族自治区贵港市港南区新塘镇大
郑村西江航运枢纽二线船闸南边(原指
挥部二号仓库);统一社会信用代码: 91450803MABPMDFU6E",0.99,"按 PDF 表格行批量抽取;地址视为供应商登记/联系地址,不自动认定为仓储节点。"
rec_926016457138e888,data/raw/guigang_food_suppliers_310.pdf,file_baf2a03a5bd599d7,government_procurement,2,1,3,贵港市食品供应商中标名单（310条）,2026-05-13,广西粤桂尚品餐饮配送服务有限公司,,广西壮族自治区贵港市港南区江南大道410号(原通泰汽车维修车间1号-2号铺),广西壮族自治区/贵港市/港南区,贵港市,畜肉类,"报价: 报价:
95(%)",91450803MA5PNR1A6N,,,"序号: 21;标项名称: 畜肉类;报价: 报价:
95(%);中标供应商名称: 广西粤桂尚
品餐饮配送
服务有限公
司;中标供应商地址: 广西壮族自治区贵港市港南区江南大道
410号(原通泰汽车维修车间1号-2号铺);统一社会信用代码: 91450803MA5PNR1A6N",0.99,"按 PDF 表格行批量抽取;地址视为供应商登记/联系地址,不自动认定为仓储节点。"
rec_2cb59a155a4bb56c,data/raw/guigang_food_suppliers_310.pdf,file_baf2a03a5bd599d7,government_procurement,2,1,4,贵港市食品供应商中标名单（310条）,2026-05-13,南宁市食桂鲜农产品配送有限公司,,"南宁市江南区五一路101号,南宁市五一中路农贸市场综合楼一楼11号铺面",广西壮族自治区/南宁市/江南区,贵港市,畜肉类,"报价: 报价:
95(%)",91450100MA5KEA2198,,,"序号: 22;标项名称: 畜肉类;报价: 报价:
95(%);中标供应商名称: 南宁市食桂
鲜农产品配
送有限公司;中标供应商地址: 南宁市江南区五一路101号,南宁市五一
中路农贸市场综合楼一楼11号铺面;统一社会信用代码: 91450100MA5KEA2198",0.99,"按 PDF 表格行批量抽取;地址视为供应商登记/联系地址,不自动认定为仓储节点。"
rec_9dc5f2a87e758c33,data/raw/guigang_food_suppliers_310.pdf,file_baf2a03a5bd599d7,government_procurement,2,1,5,贵港市食品供应商中标名单（310条）,2026-05-13,广西丰源食品有限公司,,贵港市港北区龙圣5小区65号一楼,广西壮族自治区/贵港市/港北区,贵港市,畜肉类,"报价: 报价:
90(%)",91450802MAD8Q86P4B,,,"序号: 23;标项名称: 畜肉类;报价: 报价:
90(%);中标供应商名称: 广西丰源食
品有限公司;中标供应商地址: 贵港市港北区龙圣5小区65号一楼;统一社会信用代码: 91450802MAD8Q86P4B",0.99,"按 PDF 表格行批量抽取;地址视为供应商登记/联系地址,不自动认定为仓储节点。"
rec_19689678ce24bcb9,data/raw/guigang_food_suppliers_310.pdf,file_baf2a03a5bd599d7,government_procurement,2,1,6,贵港市食品供应商中标名单（310条）,2026-05-13,广西心鑫商贸有限公司,,桂林市象山区瓦窑西路38号金山商城二期工程1栋1-7号铺面,广西壮族自治区/桂林市/象山区,贵港市,畜肉类,"报价: 报价:
95(%)",91450300MA5KBL1P2Y,,,"序号: 24;标项名称: 畜肉类;报价: 报价:
95(%);中标供应商名称: 广西心鑫商
贸有限公司;中标供应商地址: 桂林市象山区瓦窑西路38号金山商城二
期工程1栋1-7号铺面;统一社会信用代码: 91450300MA5KBL1P2Y",0.99,"按 PDF 表格行批量抽取;地址视为供应商登记/联系地址,不自动认定为仓储节点。"
rec_20f4e6f59937e330,data/raw/guigang_food_suppliers_310.pdf,file_baf2a03a5bd599d7,government_procurement,2,1,7,贵港市食品供应商中标名单（310条）,2026-05-13,广西家喻神马供应链管理有限公司,,桂林市象山区环城西二路28号二楼南大厅,广西壮族自治区/桂林市/象山区,贵港市,畜肉类,"报价: 报价:
95(%)",91450300MA5KCY184M,,,"序号: 25;标项名称: 畜肉类;报价: 报价:
95(%);中标供应商名称: 广西家喻神
马供应链管
理有限公司;中标供应商地址: 桂林市象山区环城西二路28号二楼南大
厅;统一社会信用代码: 91450300MA5KCY184M",0.99,"按 PDF 表格行批量抽取;地址视为供应商登记/联系地址,不自动认定为仓储节点。"
rec_50196818e4517a39,data/raw/guigang_food_suppliers_310.pdf,file_baf2a03a5bd599d7,government_procurement,2,1,8,贵港市食品供应商中标名单（310条）,2026-05-13,广东丰泉餐饮管理集团有限公司,,广州市番禺区大龙街傍雁路13号四幢101,广东省,贵港市,畜肉类,"报价: 报价:
90(%)",91440113691509710J,,,"序号: 26;标项名称: 畜肉类;报价: 报价:
90(%);中标供应商名称: 广东丰泉餐
饮管理集团
有限公司;中标供应商地址: 广州市番禺区大龙街傍雁路13号四幢101;统一社会信用代码: 91440113691509710J",0.99,"按 PDF 表格行批量抽取;地址视为供应商登记/联系地址,不自动认定为仓储节点。"
rec_cb997e06e1e0e09d,data/raw/guigang_food_suppliers_310.pdf,file_baf2a03a5bd599d7,government_procurement,2,1,9,贵港市食品供应商中标名单（310条）,2026-05-13,广西捷奥食品配送有限公司,,广西壮族自治区贵港市港北区西江产业园所西四路与西一路交汇处西北角(新宇电气科技有限责任公司厂区宿舍楼),广西壮族自治区/贵港市/港北区,贵港市,畜肉类,"报价: 报价:
95(%)",91450800MADP8R0P55,,,"序号: 27;标项名称: 畜肉类;报价: 报价:
95(%);中标供应商名称: 广西捷奥食
品配送有限
公司;中标供应商地址: 广西壮族自治区贵港市港北区西江产业
园所西四路与西一路交汇处西北角(新宇
电气科技有限责任公司厂区宿舍楼);统一社会信用代码: 91450800MADP8R0P55",0.99,"按 PDF 表格行批量抽取;地址视为供应商登记/联系地址,不自动认定为仓储节点。"
rec_3dcda3206ad6cc8b,data/raw/guigang_food_suppliers_310.pdf,file_baf2a03a5bd599d7,government_procurement,2,1,10,贵港市食品供应商中标名单（310条）,2026-05-13,贵港市腾越贸易有限公司,,广西壮族自治区贵港市港北区贵城街道桂林路708号(东方巴黎)4幢1601号,广西壮族自治区/贵港市/港北区,贵港市,畜肉类,"报价: 报价:
95(%)",91450800MA7C75KN8F,,,"序号: 28;标项名称: 畜肉类;报价: 报价:
95(%);中标供应商名称: 贵港市腾越
贸易有限公
司;中标供应商地址: 广西壮族自治区贵港市港北区贵城街道
桂林路708号(东方巴黎)4幢1601号;统一社会信用代码: 91450800MA7C75KN8F",0.99,"按 PDF 表格行批量抽取;地址视为供应商登记/联系地址,不自动认定为仓储节点。"
rec_9fe81aa43ea7b541,data/raw/guigang_food_suppliers_310.pdf,file_baf2a03a5bd599d7,government_procurement,2,1,11,贵港市食品供应商中标名单（310条）,2026-05-13,贵港市覃塘区迅昌食品配送有限公司,,覃塘街道覃南村细罗屯,广西壮族自治区/贵港市/覃塘区,贵港市,畜肉类,"报价: 报价:
93(%)",91450804MACUMQ3650,,,"序号: 29;标项名称: 畜肉类;报价: 报价:
93(%);中标供应商名称: 贵港市覃塘
区迅昌食品
配送有限公
司;中标供应商地址: 覃塘街道覃南村细罗屯;统一社会信用代码: 91450804MACUMQ3650",0.99,"按 PDF 表格行批量抽取;地址视为供应商登记/联系地址,不自动认定为仓储节点。"
rec_928034273542d8b2,data/raw/guigang_food_suppliers_310.pdf,file_baf2a03a5bd599d7,government_procurement,2,1,12,贵港市食品供应商中标名单（310条）,2026-05-13,广州优链云供应链管理有限公司,,广州市自云区江高镇珠江村巴江东路29号,,贵港市,畜肉类,"报价: 报价:
95(%)",91440101MA59F2M446,,,"序号: 30;标项名称: 畜肉类;报价: 报价:
95(%);中标供应商名称: 广州优链云
供应链管理
有限公司;中标供应商地址: 广州市自云区江高镇珠江村巴江东路29
号;统一社会信用代码: 91440101MA59F2M446",0.99,"按 PDF 表格行批量抽取;地址视为供应商登记/联系地址,不自动认定为仓储节点。"
rec_f5f1a514eb6fca7b,data/raw/guigang_food_suppliers_310.pdf,file_baf2a03a5bd599d7,government_procurement,2,1,13,贵港市食品供应商中标名单（310条）,2026-05-13,贵港市安盛贸易有限公司,,贵港市荷城路西段六八村白沟井天之和品牌家具中心北B1,广西壮族自治区/贵港市,贵港市,禽肉类,"报价: 报价:
95(%)",91450802MA5KEBD896,,,"序号: 31;标项名称: 禽肉类;报价: 报价:
95(%);中标供应商名称: 贵港市安盛
贸易有限公
司;中标供应商地址: 贵港市荷城路西段六八村白沟井天之和
品牌家具中心北B1;统一社会信用代码: 91450802MA5KEBD896",0.99,"按 PDF 表格行批量抽取;地址视为供应商登记/联系地址,不自动认定为仓储节点。"
rec_5d3ea3e94e4dc773,data/raw/guigang_food_suppliers_310.pdf,file_baf2a03a5bd599d7,government_procurement,2,1,14,贵港市食品供应商中标名单（310条）,2026-05-13,广西鲜牧食品贸易有限公司,,贵城街道同济大道与江北东路交汇处东北角(原贵港市西江食品饮料厂)(C区C1-C10号铺),广西壮族自治区/贵港市,贵港市,禽肉类,"报价: 报价:
95(%)",91450800MA5PCJFM1N,,,"序号: 32;标项名称: 禽肉类;报价: 报价:
95(%);中标供应商名称: 广西鲜牧食
品贸易有限
公司;中标供应商地址: 贵城街道同济大道与江北东路交汇处东
北角(原贵港市西江食品饮料厂)(C区
C1-C10号铺);统一社会信用代码: 91450800MA5PCJFM1N",0.99,"按 PDF 表格行批量抽取;地址视为供应商登记/联系地址,不自动认定为仓储节点。"
rec_16e3e60c0da0d44e,data/raw/guigang_food_suppliers_310.pdf,file_baf2a03a5bd599d7,government_procurement,2,1,15,贵港市食品供应商中标名单（310条）,2026-05-13,贵港市平南县泽珈贸易有限公司,,广西壮族自治区贵港市平南县上渡街道柘畲村莫屋屯(莫亦绪房屋),广西壮族自治区/贵港市/平南县,贵港市,禽肉类,"报价: 报价:
95(%)",91450821MAE8C0TD6Q,,,"序号: 33;标项名称: 禽肉类;报价: 报价:
95(%);中标供应商名称: 贵港市平南
县泽珈贸易
有限公司;中标供应商地址: 广西壮族自治区贵港市平南县上渡街道
柘畲村莫屋屯(莫亦绪房屋);统一社会信用代码: 91450821MAE8C0TD6Q",0.99,"按 PDF 表格行批量抽取;地址视为供应商登记/联系地址,不自动认定为仓储节点。"
rec_8808c2925ef690d8,data/raw/guigang_food_suppliers_310.pdf,file_baf2a03a5bd599d7,government_procurement,2,1,16,贵港市食品供应商中标名单（310条）,2026-05-13,鑫达联华(广西)商业有限公司,,广西壮族自治区贵港市城东片区港区大道与进港公路交汇处东南侧(广西盐业集团有限公司贵港分公司1号、4号仓库),广西壮族自治区/贵港市,贵港市,禽肉类,"报价: 报价:
95(%)",91450802MA5MW98146,,,"序号: 34;标项名称: 禽肉类;报价: 报价:
95(%);中标供应商名称: 鑫达联华
(广西)商
业有限公司;中标供应商地址: 广西壮族自治区贵港市城东片区港区大
道与进港公路交汇处东南侧(广西盐业
集团有限公司贵港分公司1号、4号仓
库);统一社会信用代码: 91450802MA5MW98146",0.99,"按 PDF 表格行批量抽取;地址视为供应商登记/联系地址,不自动认定为仓储节点。"
rec_7da994ac10c2df16,data/raw/guigang_food_suppliers_310.pdf,file_baf2a03a5bd599d7,government_procurement,2,1,17,贵港市食品供应商中标名单（310条）,2026-05-13,广西华创农牧业发展有限公司,,贵港市港北区解放北路龙圣小区1幢A区20、21号,广西壮族自治区/贵港市/港北区,贵港市,禽肉类,"报价: 报价:
94.5(%)",914508020994519517,,,"序号: 35;标项名称: 禽肉类;报价: 报价:
94.5(%);中标供应商名称: 广西华创农
牧业发展有
限公司;中标供应商地址: 贵港市港北区解放北路龙圣小区1幢A区
20、21号;统一社会信用代码: 914508020994519517",0.99,"按 PDF 表格行批量抽取;地址视为供应商登记/联系地址,不自动认定为仓储节点。"
rec_1be4a3469ee8b157,data/raw/guigang_food_suppliers_310.pdf,file_baf2a03a5bd599d7,government_procurement,2,1,18,贵港市食品供应商中标名单（310条）,2026-05-13,广西睿慧农鲜供应链管理有限公司,,南宁市青秀区竹溪大道86号广源国际社区6号701号,广西壮族自治区/南宁市/青秀区,贵港市,禽肉类,"报价: 报价:
94(%)",91450103669732553E,,,"序号: 36;标项名称: 禽肉类;报价: 报价:
94(%);中标供应商名称: 广西睿慧农
鲜供应链管
理有限公司;中标供应商地址: 南宁市青秀区竹溪大道86号广源国际社
区6号701号;统一社会信用代码: 91450103669732553E",0.99,"按 PDF 表格行批量抽取;地址视为供应商登记/联系地址,不自动认定为仓储节点。"
rec_95b401860f86d6da,data/raw/guigang_food_suppliers_310.pdf,file_baf2a03a5bd599d7,government_procurement,2,1,19,贵港市食品供应商中标名单（310条）,2026-05-13,广西泓峻供应链管理有限公司,,贵港市港北区西江科技创新产业城狮岭西路与西二路交汇处西南角(广西三雄机械设备有限公司产品检测楼5楼502室),广西壮族自治区/贵港市/港北区,贵港市,禽肉类,"报价: 报价:
94.5(%)",91450800MAK2HP612D,,,"序号: 37;标项名称: 禽肉类;报价: 报价:
94.5(%);中标供应商名称: 广西泓峻供
应链管理有
限公司;中标供应商地址: 贵港市港北区西江科技创新产业城狮岭
西路与西二路交汇处西南角(广西三雄
机械设备有限公司产品检测楼5楼502
室);统一社会信用代码: 91450800MAK2HP612D",0.99,"按 PDF 表格行批量抽取;地址视为供应商登记/联系地址,不自动认定为仓储节点。"
rec_25a1c9710a3a3adf,data/raw/guigang_food_suppliers_310.pdf,file_baf2a03a5bd599d7,government_procurement,3,1,1,贵港市食品供应商中标名单（310条）,2026-05-13,广西家喻神马供应链管理有限公司,,桂林市象山区环城西二路28号二楼南大厅,广西壮族自治区/桂林市/象山区,贵港市,禽肉类,"报价: 报价:
95(%)",91450300MA5KCY184M,,,"序号: 38;标项名称: 禽肉类;报价: 报价:
95(%);中标供应商名称: 广西家喻神
马供应链管
理有限公司;中标供应商地址: 桂林市象山区环城西二路28号二楼南大
厅;统一社会信用代码: 91450300MA5KCY184M",0.99,"按 PDF 表格行批量抽取;地址视为供应商登记/联系地址,不自动认定为仓储节点。"
rec_3b33f7a07eabd73a,data/raw/guigang_food_suppliers_310.pdf,file_baf2a03a5bd599d7,government_procurement,3,1,2,贵港市食品供应商中标名单（310条）,2026-05-13,广西贵港安捷贸易有限公司,,广西壮族自治区贵港市港南区中山南路东侧、江一路南侧金典时代1幢1-1205【一照多址企业】,广西壮族自治区/贵港市/港南区,贵港市,禽肉类,"报价: 报价:
94(%)",91450800MAC0YKQB4B,,,"序号: 39;标项名称: 禽肉类;报价: 报价:
94(%);中标供应商名称: 广西贵港安
捷贸易有限
公司;中标供应商地址: 广西壮族自治区贵港市港南区中山南路
东侧、江一路南侧金典时代1幢1-
1205【一照多址企业】;统一社会信用代码: 91450800MAC0YKQB4B",0.99,"按 PDF 表格行批量抽取;地址视为供应商登记/联系地址,不自动认定为仓储节点。"
rec_00d9cfd651389db0,data/raw/guigang_food_suppliers_310.pdf,file_baf2a03a5bd599d7,government_procurement,3,1,3,贵港市食品供应商中标名单（310条）,2026-05-13,贵港市军霞农副产品贸易有限公司,,贵港市新华路南(七里桥基地南半岛)西南角,广西壮族自治区/贵港市,贵港市,禽肉类,"报价: 报价:
94(%)",91450802581958195Y,,,"序号: 40;标项名称: 禽肉类;报价: 报价:
94(%);中标供应商名称: 贵港市军霞
农副产品贸
易有限公司;中标供应商地址: 贵港市新华路南(七里桥基地南半岛)
西南角;统一社会信用代码: 91450802581958195Y",0.99,"按 PDF 表格行批量抽取;地址视为供应商登记/联系地址,不自动认定为仓储节点。"
rec_cef76101ffc2cc4f,data/raw/guigang_food_suppliers_310.pdf,file_baf2a03a5bd599d7,government_procurement,3,1,4,贵港市食品供应商中标名单（310条）,2026-05-13,广西康然生态农业有限公司,,南宁市金凯路98号光科技产业园科研楼二,广西壮族自治区/南宁市,贵港市,禽肉类,"报价: 报价:
94(%)",91450100MA5KDK5M1E,,,"序号: 41;标项名称: 禽肉类;报价: 报价:
94(%);中标供应商名称: 广西康然生
态农业有限
公司;中标供应商地址: 南宁市金凯路98号光科技产业园科研楼
二;统一社会信用代码: 91450100MA5KDK5M1E",0.99,"按 PDF 表格行批量抽取;地址视为供应商登记/联系地址,不自动认定为仓储节点。"
rec_157027e022047c74,data/raw/guigang_food_suppliers_310.pdf,file_baf2a03a5bd599d7,government_procurement,3,1,5,贵港市食品供应商中标名单（310条）,2026-05-13,广西万乡河餐饮集团有限公司,,南宁市广西-东盟经济技术开发区安平路23号(1号厂房),广西壮族自治区/南宁市,贵港市,禽肉类,"报价: 报价:
93.5(%)",91450100MA5KBGRT7J,,,"序号: 42;标项名称: 禽肉类;报价: 报价:
93.5(%);中标供应商名称: 广西万乡河
餐饮集团有
限公司;中标供应商地址: 南宁市广西-东盟经济技术开发区安平路
23号(1号厂房);统一社会信用代码: 91450100MA5KBGRT7J",0.99,"按 PDF 表格行批量抽取;地址视为供应商登记/联系地址,不自动认定为仓储节点。"
rec_6f2e254de53756ab,data/raw/guigang_food_suppliers_310.pdf,file_baf2a03a5bd599d7,government_procurement,3,1,6,贵港市食品供应商中标名单（310条）,2026-05-13,盈顶汇食品集团股份有限公司,,南宁市西乡塘区大学东路27号嘉州华都A座一层104-117号、B座一层124、125-1、128-129号,广西壮族自治区/南宁市/西乡塘区,贵港市,禽肉类,"报价: 报价:
94(%)",91450102073756896K,,,"序号: 43;标项名称: 禽肉类;报价: 报价:
94(%);中标供应商名称: 盈顶汇食品
集团股份有
限公司;中标供应商地址: 南宁市西乡塘区大学东路27号嘉州华都A
座一层104-117号、B座一层124、125-1、
128-129号;统一社会信用代码: 91450102073756896K",0.99,"按 PDF 表格行批量抽取;地址视为供应商登记/联系地址,不自动认定为仓储节点。"
rec_8ddcf14322b6ebd3,data/raw/guigang_food_suppliers_310.pdf,file_baf2a03a5bd599d7,government_procurement,3,1,7,贵港市食品供应商中标名单（310条）,2026-05-13,广西龙威集采集配供应链管理有限公司,,广西壮族自治区贵港市港南区新塘镇大郑村西江航运枢纽二线船闸南边(原指挥部二号仓库),广西壮族自治区/贵港市/港南区,贵港市,禽肉类,"报价: 报价:
95(%)",91450803MABPMDFU6E,,,"序号: 44;标项名称: 禽肉类;报价: 报价:
95(%);中标供应商名称: 广西龙威集
采集配供应
链管理有限
公司;中标供应商地址: 广西壮族自治区贵港市港南区新塘镇大
郑村西江航运枢纽二线船闸南边(原指
挥部二号仓库);统一社会信用代码: 91450803MABPMDFU6E",0.99,"按 PDF 表格行批量抽取;地址视为供应商登记/联系地址,不自动认定为仓储节点。"
rec_d62a767c2a9c831c,data/raw/guigang_food_suppliers_310.pdf,file_baf2a03a5bd599d7,government_procurement,3,1,8,贵港市食品供应商中标名单（310条）,2026-05-13,广西粤桂尚品餐饮配送服务有限公司,,广西壮族自治区贵港市港南区江南大道410号(原通泰汽车维修车间1号-2号铺),广西壮族自治区/贵港市/港南区,贵港市,禽肉类,"报价: 报价:
95(%)",91450803MA5PNR1A6N,,,"序号: 45;标项名称: 禽肉类;报价: 报价:
95(%);中标供应商名称: 广西粤桂尚
品餐饮配送
服务有限公
司;中标供应商地址: 广西壮族自治区贵港市港南区江南大道
410号(原通泰汽车维修车间1号-2号铺);统一社会信用代码: 91450803MA5PNR1A6N",0.99,"按 PDF 表格行批量抽取;地址视为供应商登记/联系地址,不自动认定为仓储节点。"
rec_f55abbeebff6842d,data/raw/guigang_food_suppliers_310.pdf,file_baf2a03a5bd599d7,government_procurement,3,1,9,贵港市食品供应商中标名单（310条）,2026-05-13,贵港市覃塘区正业大超市有限公司,,石卡街113号,广西壮族自治区/贵港市/覃塘区,贵港市,禽肉类,"报价: 报价:
95(%)",91450804MADP0KXB87,,,"序号: 46;标项名称: 禽肉类;报价: 报价:
95(%);中标供应商名称: 贵港市覃塘
区正业大超
市有限公司;中标供应商地址: 石卡街113号;统一社会信用代码: 91450804MADP0KXB87",0.99,"按 PDF 表格行批量抽取;地址视为供应商登记/联系地址,不自动认定为仓储节点。"
rec_28a772e2dcd9ab0c,data/raw/guigang_food_suppliers_310.pdf,file_baf2a03a5bd599d7,government_procurement,3,1,10,贵港市食品供应商中标名单（310条）,2026-05-13,广西菜公子供应链管理有限公司,,贵港市港北区中山北路民族文化公园北侧盛世名都·南12幢12-3号二楼,广西壮族自治区/贵港市/港北区,贵港市,禽肉类,"报价: 报价:
95(%)",91450800MA7ARA7LXL,,,"序号: 47;标项名称: 禽肉类;报价: 报价:
95(%);中标供应商名称: 广西菜公子
供应链管理
有限公司;中标供应商地址: 贵港市港北区中山北路民族文化公园北
侧盛世名都·南12幢12-3号二楼;统一社会信用代码: 91450800MA7ARA7LXL",0.99,"按 PDF 表格行批量抽取;地址视为供应商登记/联系地址,不自动认定为仓储节点。"
rec_f5b37d50e432923c,data/raw/guigang_food_suppliers_310.pdf,file_baf2a03a5bd599d7,government_procurement,3,1,11,贵港市食品供应商中标名单（310条）,2026-05-13,广西春江供应链有限公司,,南宁东部产业新城六景工业园区景春路6号1号楼208室,广西壮族自治区/南宁市,贵港市,禽肉类,"报价: 报价:
95(%)",91450100MA5QD3BK2T,,,"序号: 48;标项名称: 禽肉类;报价: 报价:
95(%);中标供应商名称: 广西春江供
应链有限公
司;中标供应商地址: 南宁东部产业新城六景工业园区景春路6
号1号楼208室;统一社会信用代码: 91450100MA5QD3BK2T",0.99,"按 PDF 表格行批量抽取;地址视为供应商登记/联系地址,不自动认定为仓储节点。"
rec_e055a964ab01aed6,data/raw/guigang_food_suppliers_310.pdf,file_baf2a03a5bd599d7,government_procurement,3,1,12,贵港市食品供应商中标名单（310条）,2026-05-13,广西和顺食品有限公司,,贵港市港北区荷城路1108号(中强·荷城世家)77幢15号,广西壮族自治区/贵港市/港北区,贵港市,禽肉类,"报价: 报价:
95(%)",91450800327350678E,,,"序号: 49;标项名称: 禽肉类;报价: 报价:
95(%);中标供应商名称: 广西和顺食
品有限公司;中标供应商地址: 贵港市港北区荷城路1108号(中强·荷城
世家)77幢15号;统一社会信用代码: 91450800327350678E",0.99,"按 PDF 表格行批量抽取;地址视为供应商登记/联系地址,不自动认定为仓储节点。"
rec_38fedf6a819e3387,data/raw/guigang_food_suppliers_310.pdf,file_baf2a03a5bd599d7,government_procurement,3,1,13,贵港市食品供应商中标名单（310条）,2026-05-13,广西二师兄食品有限公司,,南宁市江南区沙井街道办南乡村六组定津路 2 号,广西壮族自治区/南宁市/江南区,贵港市,禽肉类,"报价: 报价:
94(%)",91450100MA5K9HW54C,,,"序号: 50;标项名称: 禽肉类;报价: 报价:
94(%);中标供应商名称: 广西二师兄
食品有限公
司;中标供应商地址: 南宁市江南区沙井街道办南乡村六组定
津路 2 号;统一社会信用代码: 91450100MA5K9HW54C",0.99,"按 PDF 表格行批量抽取;地址视为供应商登记/联系地址,不自动认定为仓储节点。"
rec_e6216ae74524a234,data/raw/guigang_food_suppliers_310.pdf,file_baf2a03a5bd599d7,government_procurement,3,1,14,贵港市食品供应商中标名单（310条）,2026-05-13,广西源豪餐饮管理有限公司,,广西壮族自治区桂林市叠彩区东二环路13号-8,广西壮族自治区/桂林市/叠彩区,贵港市,禽肉类,"报价: 报价:
94(%)",91450304340451502H,,,"序号: 51;标项名称: 禽肉类;报价: 报价:
94(%);中标供应商名称: 广西源豪餐
饮管理有限
公司;中标供应商地址: 广西壮族自治区桂林市叠彩区东二环路
13号-8;统一社会信用代码: 91450304340451502H",0.99,"按 PDF 表格行批量抽取;地址视为供应商登记/联系地址,不自动认定为仓储节点。"
rec_1d0c3b11bd3e92ca,data/raw/guigang_food_suppliers_310.pdf,file_baf2a03a5bd599d7,government_procurement,3,1,15,贵港市食品供应商中标名单（310条）,2026-05-13,广州优链云供应链管理有限公司,,广州市自云区江高镇珠江村巴江东路29号,,贵港市,禽肉类,"报价: 报价:
95(%)",91440101MA59F2M446,,,"序号: 52;标项名称: 禽肉类;报价: 报价:
95(%);中标供应商名称: 广州优链云
供应链管理
有限公司;中标供应商地址: 广州市自云区江高镇珠江村巴江东路29
号;统一社会信用代码: 91440101MA59F2M446",0.99,"按 PDF 表格行批量抽取;地址视为供应商登记/联系地址,不自动认定为仓储节点。"
rec_7a9c8839d862c829,data/raw/guigang_food_suppliers_310.pdf,file_baf2a03a5bd599d7,government_procurement,3,1,16,贵港市食品供应商中标名单（310条）,2026-05-13,广西贵港市满庭芳现代农业发展有限公司,,广西壮族自治区贵港市覃塘区石卡镇沿江路大道1-8号13幢125号商铺,广西壮族自治区/贵港市/覃塘区,贵港市,禽肉类,"报价: 报价:
95(%)",91450800MA5N55MM8P,,,"序号: 53;标项名称: 禽肉类;报价: 报价:
95(%);中标供应商名称: 广西贵港市
满庭芳现代
农业发展有
限公司;中标供应商地址: 广西壮族自治区贵港市覃塘区石卡镇沿
江路大道1-8号13幢125号商铺;统一社会信用代码: 91450800MA5N55MM8P",0.99,"按 PDF 表格行批量抽取;地址视为供应商登记/联系地址,不自动认定为仓储节点。"
rec_ccfe666dc8a89f44,data/raw/guigang_food_suppliers_310.pdf,file_baf2a03a5bd599d7,government_procurement,3,1,17,贵港市食品供应商中标名单（310条）,2026-05-13,广西心鑫商贸有限公司,,桂林市象山区瓦窑西路38号金山商城二期工程1栋1-7号铺面,广西壮族自治区/桂林市/象山区,贵港市,禽肉类,"报价: 报价:
95(%)",91450300MA5KBL1P2Y,,,"序号: 54;标项名称: 禽肉类;报价: 报价:
95(%);中标供应商名称: 广西心鑫商
贸有限公司;中标供应商地址: 桂林市象山区瓦窑西路38号金山商城二
期工程1栋1-7号铺面;统一社会信用代码: 91450300MA5KBL1P2Y",0.99,"按 PDF 表格行批量抽取;地址视为供应商登记/联系地址,不自动认定为仓储节点。"
rec_45250ac50e632330,data/raw/guigang_food_suppliers_310.pdf,file_baf2a03a5bd599d7,government_procurement,3,1,18,贵港市食品供应商中标名单（310条）,2026-05-13,广西桂平市唐吉食品有限公司,,广西桂平市长安工业区广西玮力裕电子科技有限公司2号厂房第5层,广西壮族自治区/贵港市/桂平市,贵港市,禽肉类,"报价: 报价:
95(%)",91450881MA5L7C6N28,,,"序号: 55;标项名称: 禽肉类;报价: 报价:
95(%);中标供应商名称: 广西桂平市
唐吉食品有
限公司;中标供应商地址: 广西桂平市长安工业区广西玮力裕电子
科技有限公司2号厂房第5层;统一社会信用代码: 91450881MA5L7C6N28",0.99,"按 PDF 表格行批量抽取;地址视为供应商登记/联系地址,不自动认定为仓储节点。"
rec_3bc266fe44fb28d7,data/raw/guigang_food_suppliers_310.pdf,file_baf2a03a5bd599d7,government_procurement,3,1,19,贵港市食品供应商中标名单（310条）,2026-05-13,广西平惠供应链集团有限公司,,广西-东盟经济技术开发区长岗大道3号东盟机电五金标准厂房项目6号厂房,广西壮族自治区,贵港市,禽肉类,"报价: 报价:
94(%)",91450100MA5L8A3U01,,,"序号: 56;标项名称: 禽肉类;报价: 报价:
94(%);中标供应商名称: 广西平惠供
应链集团有
限公司;中标供应商地址: 广西-东盟经济技术开发区长岗大道3号东
盟机电五金标准厂房项目6号厂房;统一社会信用代码: 91450100MA5L8A3U01",0.99,"按 PDF 表格行批量抽取;地址视为供应商登记/联系地址,不自动认定为仓储节点。"
rec_09cc77f4ecbbf84a,data/raw/guigang_food_suppliers_310.pdf,file_baf2a03a5bd599d7,government_procurement,4,1,1,贵港市食品供应商中标名单（310条）,2026-05-13,贵港市腾越贸易有限公司,,广西壮族自治区贵港市港北区贵城街道桂林路708号(东方巴黎)4幢1601号,广西壮族自治区/贵港市/港北区,贵港市,禽肉类,"报价: 报价:
95(%)",91450800MA7C75KN8F,,,"序号: 57;标项名称: 禽肉类;报价: 报价:
95(%);中标供应商名称: 贵港市腾越
贸易有限公
司;中标供应商地址: 广西壮族自治区贵港市港北区贵城街道
桂林路708号(东方巴黎)4幢1601号;统一社会信用代码: 91450800MA7C75KN8F",0.99,"按 PDF 表格行批量抽取;地址视为供应商登记/联系地址,不自动认定为仓储节点。"
rec_313d2de2079d38c5,data/raw/guigang_food_suppliers_310.pdf,file_baf2a03a5bd599d7,government_procurement,4,1,2,贵港市食品供应商中标名单（310条）,2026-05-13,广西丰源食品有限公司,,贵港市港北区龙圣5小区65号一楼,广西壮族自治区/贵港市/港北区,贵港市,禽肉类,"报价: 报价:
90(%)",91450802MAD8Q86P4B,,,"序号: 58;标项名称: 禽肉类;报价: 报价:
90(%);中标供应商名称: 广西丰源食
品有限公司;中标供应商地址: 贵港市港北区龙圣5小区65号一楼;统一社会信用代码: 91450802MAD8Q86P4B",0.99,"按 PDF 表格行批量抽取;地址视为供应商登记/联系地址,不自动认定为仓储节点。"
rec_b8d64815aa807a2b,data/raw/guigang_food_suppliers_310.pdf,file_baf2a03a5bd599d7,government_procurement,4,1,3,贵港市食品供应商中标名单（310条）,2026-05-13,广西叁六玖供应链管理有限公司,,南宁市江南区江南街道富德村十六组28号B区1栋101号,广西壮族自治区/南宁市/江南区,贵港市,禽肉类,"报价: 报价:
94.7(%)",91450102MAD5J5F32K,,,"序号: 59;标项名称: 禽肉类;报价: 报价:
94.7(%);中标供应商名称: 广西叁六玖
供应链管理
有限公司;中标供应商地址: 南宁市江南区江南街道富德村十六组28
号B区1栋101号;统一社会信用代码: 91450102MAD5J5F32K",0.99,"按 PDF 表格行批量抽取;地址视为供应商登记/联系地址,不自动认定为仓储节点。"
rec_2a76f9507b1bcd36,data/raw/guigang_food_suppliers_310.pdf,file_baf2a03a5bd599d7,government_procurement,4,1,4,贵港市食品供应商中标名单（310条）,2026-05-13,广西捷奥食品配送有限公司,,广西壮族自治区贵港市港北区西江产业园所西四路与西一路交汇处西北角(新宇电气科技有限责任公司厂区宿舍楼),广西壮族自治区/贵港市/港北区,贵港市,禽肉类,"报价: 报价:
95(%)",91450800MADP8R0P55,,,"序号: 60;标项名称: 禽肉类;报价: 报价:
95(%);中标供应商名称: 广西捷奥食
品配送有限
公司;中标供应商地址: 广西壮族自治区贵港市港北区西江产业
园所西四路与西一路交汇处西北角(新宇
电气科技有限责任公司厂区宿舍楼);统一社会信用代码: 91450800MADP8R0P55",0.99,"按 PDF 表格行批量抽取;地址视为供应商登记/联系地址,不自动认定为仓储节点。"
rec_ae477449c8866170,data/raw/guigang_food_suppliers_310.pdf,file_baf2a03a5bd599d7,government_procurement,4,1,5,贵港市食品供应商中标名单（310条）,2026-05-13,广西衡尚餐饮管理有限公司,,南宁市桃源路62号市体育局饭堂(基地食尚家)第1-4层,广西壮族自治区/南宁市,贵港市,鱼及水产,"报价: 报价:
95(%)",91450100MA5KF7MPXT,,,"序号: 61;标项名称: 鱼及水产;报价: 报价:
95(%);中标供应商名称: 广西衡尚餐
饮管理有限
公司;中标供应商地址: 南宁市桃源路62号市体育局饭堂(基地
食尚家)第1-4层;统一社会信用代码: 91450100MA5KF7MPXT",0.99,"按 PDF 表格行批量抽取;地址视为供应商登记/联系地址,不自动认定为仓储节点。"
rec_d3628325daccf529,data/raw/guigang_food_suppliers_310.pdf,file_baf2a03a5bd599d7,government_procurement,4,1,6,贵港市食品供应商中标名单（310条）,2026-05-13,鑫达联华(广西)商业有限公司,,广西壮族自治区贵港市城东片区港区大道与进港公路交汇处东南侧(广西盐业集团有限公司贵港分公司1号、4号仓库),广西壮族自治区/贵港市,贵港市,鱼及水产,"报价: 报价:
95(%)",91450802MA5MW98146,,,"序号: 62;标项名称: 鱼及水产;报价: 报价:
95(%);中标供应商名称: 鑫达联华
(广西)商
业有限公司;中标供应商地址: 广西壮族自治区贵港市城东片区港区大
道与进港公路交汇处东南侧(广西盐业
集团有限公司贵港分公司1号、4号仓
库);统一社会信用代码: 91450802MA5MW98146",0.99,"按 PDF 表格行批量抽取;地址视为供应商登记/联系地址,不自动认定为仓储节点。"
rec_f8490234bee9c706,data/raw/guigang_food_suppliers_310.pdf,file_baf2a03a5bd599d7,government_procurement,4,1,7,贵港市食品供应商中标名单（310条）,2026-05-13,广西二师兄食品有限公司,,南宁市江南区沙井街道办南乡村六组定津路 2 号,广西壮族自治区/南宁市/江南区,贵港市,鱼及水产,"报价: 报价:
94(%)",91450100MA5K9HW54C,,,"序号: 63;标项名称: 鱼及水产;报价: 报价:
94(%);中标供应商名称: 广西二师兄
食品有限公
司;中标供应商地址: 南宁市江南区沙井街道办南乡村六组定
津路 2 号;统一社会信用代码: 91450100MA5K9HW54C",0.99,"按 PDF 表格行批量抽取;地址视为供应商登记/联系地址,不自动认定为仓储节点。"
rec_38a65a05b1887393,data/raw/guigang_food_suppliers_310.pdf,file_baf2a03a5bd599d7,government_procurement,4,1,8,贵港市食品供应商中标名单（310条）,2026-05-13,南宁市食桂鲜农产品配送有限公司,,"南宁市江南区五一路101号,南宁市五一中路农贸市场综合楼一楼11号铺面",广西壮族自治区/南宁市/江南区,贵港市,鱼及水产,"报价: 报价:
95(%)",91450100MA5KEA2198,,,"序号: 64;标项名称: 鱼及水产;报价: 报价:
95(%);中标供应商名称: 南宁市食桂
鲜农产品配
送有限公司;中标供应商地址: 南宁市江南区五一路101号,南宁市五一
中路农贸市场综合楼一楼11号铺面;统一社会信用代码: 91450100MA5KEA2198",0.99,"按 PDF 表格行批量抽取;地址视为供应商登记/联系地址,不自动认定为仓储节点。"
rec_7d573b0492e9d2d0,data/raw/guigang_food_suppliers_310.pdf,file_baf2a03a5bd599d7,government_procurement,4,1,9,贵港市食品供应商中标名单（310条）,2026-05-13,贵港市腾越贸易有限公司,,广西壮族自治区贵港市港北区贵城街道桂林路708号(东方巴黎)4幢1601号,广西壮族自治区/贵港市/港北区,贵港市,鱼及水产,"报价: 报价:
95(%)",91450800MA7C75KN8F,,,"序号: 65;标项名称: 鱼及水产;报价: 报价:
95(%);中标供应商名称: 贵港市腾越
贸易有限公
司;中标供应商地址: 广西壮族自治区贵港市港北区贵城街道
桂林路708号(东方巴黎)4幢1601号;统一社会信用代码: 91450800MA7C75KN8F",0.99,"按 PDF 表格行批量抽取;地址视为供应商登记/联系地址,不自动认定为仓储节点。"
rec_7f256e227fa6c738,data/raw/guigang_food_suppliers_310.pdf,file_baf2a03a5bd599d7,government_procurement,4,1,10,贵港市食品供应商中标名单（310条）,2026-05-13,广西爱食鲜农产品有限公司,,南宁市良庆区博艺路10号金源一品2号楼二十五层2502号房,广西壮族自治区/南宁市/良庆区,贵港市,鱼及水产,"报价: 报价:
95(%)",91450108MA5NB8C99Y,,,"序号: 66;标项名称: 鱼及水产;报价: 报价:
95(%);中标供应商名称: 广西爱食鲜
农产品有限
公司;中标供应商地址: 南宁市良庆区博艺路10号金源一品2号楼
二十五层2502号房;统一社会信用代码: 91450108MA5NB8C99Y",0.99,"按 PDF 表格行批量抽取;地址视为供应商登记/联系地址,不自动认定为仓储节点。"
rec_fcccee93d79c26e8,data/raw/guigang_food_suppliers_310.pdf,file_baf2a03a5bd599d7,government_procurement,4,1,11,贵港市食品供应商中标名单（310条）,2026-05-13,广西晨日配送有限公司,,贵港市港北区贵城登龙桥四队,广西壮族自治区/贵港市/港北区,贵港市,鱼及水产,"报价: 报价:
95(%)",91450800566774822H,,,"序号: 67;标项名称: 鱼及水产;报价: 报价:
95(%);中标供应商名称: 广西晨日配
送有限公司;中标供应商地址: 贵港市港北区贵城登龙桥四队;统一社会信用代码: 91450800566774822H",0.99,"按 PDF 表格行批量抽取;地址视为供应商登记/联系地址,不自动认定为仓储节点。"
rec_12d382ee926d3839,data/raw/guigang_food_suppliers_310.pdf,file_baf2a03a5bd599d7,government_procurement,4,1,12,贵港市食品供应商中标名单（310条）,2026-05-13,广州优链云供应链管理有限公司,,广州市自云区江高镇珠江村巴江东路29号,,贵港市,鱼及水产,"报价: 报价:
95(%)",91440101MA59F2M446,,,"序号: 68;标项名称: 鱼及水产;报价: 报价:
95(%);中标供应商名称: 广州优链云
供应链管理
有限公司;中标供应商地址: 广州市自云区江高镇珠江村巴江东路29
号;统一社会信用代码: 91440101MA59F2M446",0.99,"按 PDF 表格行批量抽取;地址视为供应商登记/联系地址,不自动认定为仓储节点。"
rec_822803590b96ac03,data/raw/guigang_food_suppliers_310.pdf,file_baf2a03a5bd599d7,government_procurement,4,1,13,贵港市食品供应商中标名单（310条）,2026-05-13,广西天华盛隆餐饮管理有限公司,,南宁市江南区白沙大道38-8号综合楼(北楼)25层2501、2502、2503、2503A号商铺,广西壮族自治区/南宁市/江南区,贵港市,鱼及水产,"报价: 报价:
95(%)",91450100315922835G,,,"序号: 69;标项名称: 鱼及水产;报价: 报价:
95(%);中标供应商名称: 广西天华盛
隆餐饮管理
有限公司;中标供应商地址: 南宁市江南区白沙大道38-8号综合楼(北
楼)25层2501、2502、2503、2503A号商
铺;统一社会信用代码: 91450100315922835G",0.99,"按 PDF 表格行批量抽取;地址视为供应商登记/联系地址,不自动认定为仓储节点。"
rec_73466e2fbfb88ffa,data/raw/guigang_food_suppliers_310.pdf,file_baf2a03a5bd599d7,government_procurement,4,1,14,贵港市食品供应商中标名单（310条）,2026-05-13,广西渔公子配送有限公司,,广西壮族自治区贵港市港北区震塘村三队回头龙岭(港北区中学入口300米)(陈基梅、李毓亮房屋),广西壮族自治区/贵港市/港北区,贵港市,鱼及水产,"报价: 报价:
95(%)",91450800MA7B4DY38A,,,"序号: 70;标项名称: 鱼及水产;报价: 报价:
95(%);中标供应商名称: 广西渔公子
配送有限公
司;中标供应商地址: 广西壮族自治区贵港市港北区震塘村三
队回头龙岭(港北区中学入口300米)
(陈基梅、李毓亮房屋);统一社会信用代码: 91450800MA7B4DY38A",0.99,"按 PDF 表格行批量抽取;地址视为供应商登记/联系地址,不自动认定为仓储节点。"
rec_9d71cd50c167d73b,data/raw/guigang_food_suppliers_310.pdf,file_baf2a03a5bd599d7,government_procurement,4,1,15,贵港市食品供应商中标名单（310条）,2026-05-13,广西誉明食品有限公司,,鑫山工业园区D幢一层,广西壮族自治区,贵港市,鱼及水产,"报价: 报价:
95(%)",91450981MA7APCXK18,,,"序号: 71;标项名称: 鱼及水产;报价: 报价:
95(%);中标供应商名称: 广西誉明食
品有限公司;中标供应商地址: 鑫山工业园区D幢一层;统一社会信用代码: 91450981MA7APCXK18",0.99,"按 PDF 表格行批量抽取;地址视为供应商登记/联系地址,不自动认定为仓储节点。"
rec_b2a4f671a8dd7fdc,data/raw/guigang_food_suppliers_310.pdf,file_baf2a03a5bd599d7,government_procurement,4,1,16,贵港市食品供应商中标名单（310条）,2026-05-13,贵港市军霞农副产品贸易有限公司,,贵港市新华路南(七里桥基地南半岛)西南角,广西壮族自治区/贵港市,贵港市,鲜湿米粉、面食、糕点等早餐类、豆制品类,"报价: 报价:
94(%)",91450802581958195Y,,,"序号: 72;标项名称: 鲜湿米粉、
面食、糕点
等早餐类、
豆制品类;报价: 报价:
94(%);中标供应商名称: 贵港市军霞
农副产品贸
易有限公司;中标供应商地址: 贵港市新华路南(七里桥基地南半岛)
西南角;统一社会信用代码: 91450802581958195Y",0.99,"按 PDF 表格行批量抽取;地址视为供应商登记/联系地址,不自动认定为仓储节点。"
rec_7adfe6569d30871f,data/raw/guigang_food_suppliers_310.pdf,file_baf2a03a5bd599d7,government_procurement,4,1,17,贵港市食品供应商中标名单（310条）,2026-05-13,南宁市食桂鲜农产品配送有限公司,,"南宁市江南区五一路101号,南宁市五一中路农贸市场综合楼一楼11号铺面",广西壮族自治区/南宁市/江南区,贵港市,鲜湿米粉、面食、糕点等早餐类、豆制品类,"报价: 报价:
95(%)",91450100MA5KEA2198,,,"序号: 73;标项名称: 鲜湿米粉、
面食、糕点
等早餐类、
豆制品类;报价: 报价:
95(%);中标供应商名称: 南宁市食桂
鲜农产品配
送有限公司;中标供应商地址: 南宁市江南区五一路101号,南宁市五一
中路农贸市场综合楼一楼11号铺面;统一社会信用代码: 91450100MA5KEA2198",0.99,"按 PDF 表格行批量抽取;地址视为供应商登记/联系地址,不自动认定为仓储节点。"
rec_7c9550e8fde675fe,data/raw/guigang_food_suppliers_310.pdf,file_baf2a03a5bd599d7,government_procurement,4,1,18,贵港市食品供应商中标名单（310条）,2026-05-13,广西汇源供应链有限公司,,广西壮族自治区贵港市港北区贵城街道西江产业园区西二路与西一路交汇处西北角(广西汇源包装有限公司厂房),广西壮族自治区/贵港市/港北区,贵港市,鲜湿米粉、面食、糕点等早餐类、豆制品类,"报价: 报价:
95(%)",91450800MADMPGLH38,,,"序号: 74;标项名称: 鲜湿米粉、
面食、糕点
等早餐类、
豆制品类;报价: 报价:
95(%);中标供应商名称: 广西汇源供
应链有限公
司;中标供应商地址: 广西壮族自治区贵港市港北区贵城街道
西江产业园区西二路与西一路交汇处西
北角(广西汇源包装有限公司厂房);统一社会信用代码: 91450800MADMPGLH38",0.99,"按 PDF 表格行批量抽取;地址视为供应商登记/联系地址,不自动认定为仓储节点。"
rec_4fdae91a78751eb6,data/raw/guigang_food_suppliers_310.pdf,file_baf2a03a5bd599d7,government_procurement,4,1,19,贵港市食品供应商中标名单（310条）,2026-05-13,广西桂平市唐吉食品有限公司,,广西桂平市长安工业区广西玮力裕电子科技有限公司2号厂房第5层,广西壮族自治区/贵港市/桂平市,贵港市,鲜湿米粉、面食、糕点等早餐类、豆制品类,"报价: 报价:
95(%)",91450881MA5L7C6N28,,,"序号: 75;标项名称: 鲜湿米粉、
面食、糕点
等早餐类、
豆制品类;报价: 报价:
95(%);中标供应商名称: 广西桂平市
唐吉食品有
限公司;中标供应商地址: 广西桂平市长安工业区广西玮力裕电子
科技有限公司2号厂房第5层;统一社会信用代码: 91450881MA5L7C6N28",0.99,"按 PDF 表格行批量抽取;地址视为供应商登记/联系地址,不自动认定为仓储节点。"
rec_6e9806c6941ab644,data/raw/guigang_food_suppliers_310.pdf,file_baf2a03a5bd599d7,government_procurement,5,1,1,贵港市食品供应商中标名单（310条）,2026-05-13,贵港市覃塘区荷美山泉豆制品厂,,贵港市覃塘区覃塘街道六务大队六角垌屯,广西壮族自治区/贵港市/覃塘区,贵港市,鲜湿米粉、面食、糕点等早餐类、豆制品类,"报价: 报价:
92(%)",92450804MA5PTAY6XC,,,"序号: 76;标项名称: 鲜湿米粉、
面食、糕点
等早餐类、
豆制品类;报价: 报价:
92(%);中标供应商名称: 贵港市覃塘
区荷美山泉
豆制品厂;中标供应商地址: 贵港市覃塘区覃塘街道六务大队六角垌
屯;统一社会信用代码: 92450804MA5PTAY6XC",0.99,"按 PDF 表格行批量抽取;地址视为供应商登记/联系地址,不自动认定为仓储节点。"
rec_fb0fb92f77a105b0,data/raw/guigang_food_suppliers_310.pdf,file_baf2a03a5bd599d7,government_procurement,5,1,2,贵港市食品供应商中标名单（310条）,2026-05-13,广西桂平市润兴供应链管理有限责任公司,,广西壮族自治区贵港市桂平市寻旺乡桂平市长安工业区集中区玮力裕科技园2#3层西边场地,广西壮族自治区/贵港市/桂平市,贵港市,鲜湿米粉、面食、糕点等早餐类、豆制品类,"报价: 报价:
95(%)",91450881MADC9DHF7J,,,"序号: 77;标项名称: 鲜湿米粉、
面食、糕点
等早餐类、
豆制品类;报价: 报价:
95(%);中标供应商名称: 广西桂平市
润兴供应链
管理有限责
任公司;中标供应商地址: 广西壮族自治区贵港市桂平市寻旺乡桂
平市长安工业区集中区玮力裕科技园2#3
层西边场地;统一社会信用代码: 91450881MADC9DHF7J",0.99,"按 PDF 表格行批量抽取;地址视为供应商登记/联系地址,不自动认定为仓储节点。"
rec_81b974330d12b023,data/raw/guigang_food_suppliers_310.pdf,file_baf2a03a5bd599d7,government_procurement,5,1,3,贵港市食品供应商中标名单（310条）,2026-05-13,贵港市三顺食品有限公司,,贵港市港北区西江农场旧纸厂冷库北面A区,广西壮族自治区/贵港市/港北区,贵港市,鲜湿米粉、面食、糕点等早餐类、豆制品类,"报价: 报价:
94(%)",91450803MA5N4AEH47,,,"序号: 78;标项名称: 鲜湿米粉、
面食、糕点
等早餐类、
豆制品类;报价: 报价:
94(%);中标供应商名称: 贵港市三顺
食品有限公
司;中标供应商地址: 贵港市港北区西江农场旧纸厂冷库北面A
区;统一社会信用代码: 91450803MA5N4AEH47",0.99,"按 PDF 表格行批量抽取;地址视为供应商登记/联系地址,不自动认定为仓储节点。"
rec_c7858a702cb53365,data/raw/guigang_food_suppliers_310.pdf,file_baf2a03a5bd599d7,government_procurement,5,1,4,贵港市食品供应商中标名单（310条）,2026-05-13,贵港市美清食品有限公司,,贵港市港北区贵城震塘黄牛肚港北高中旁边,广西壮族自治区/贵港市/港北区,贵港市,鲜湿米粉、面食、糕点等早餐类、豆制品类,"报价: 报价:
95(%)",91450802MA5MUXBK3F,,,"序号: 79;标项名称: 鲜湿米粉、
面食、糕点
等早餐类、
豆制品类;报价: 报价:
95(%);中标供应商名称: 贵港市美清
食品有限公
司;中标供应商地址: 贵港市港北区贵城震塘黄牛肚港北高中
旁边;统一社会信用代码: 91450802MA5MUXBK3F",0.99,"按 PDF 表格行批量抽取;地址视为供应商登记/联系地址,不自动认定为仓储节点。"
rec_eb9c378d42495374,data/raw/guigang_food_suppliers_310.pdf,file_baf2a03a5bd599d7,government_procurement,5,1,5,贵港市食品供应商中标名单（310条）,2026-05-13,广西丰源食品有限公司,,贵港市港北区龙圣5小区65号一楼,广西壮族自治区/贵港市/港北区,贵港市,鲜湿米粉、面食、糕点等早餐类、豆制品类,"报价: 报价:
90(%)",91450802MAD8Q86P4B,,,"序号: 80;标项名称: 鲜湿米粉、
面食、糕点
等早餐类、
豆制品类;报价: 报价:
90(%);中标供应商名称: 广西丰源食
品有限公司;中标供应商地址: 贵港市港北区龙圣5小区65号一楼;统一社会信用代码: 91450802MAD8Q86P4B",0.99,"按 PDF 表格行批量抽取;地址视为供应商登记/联系地址,不自动认定为仓储节点。"
rec_33cac3bebd9a3ed9,data/raw/guigang_food_suppliers_310.pdf,file_baf2a03a5bd599d7,government_procurement,5,1,6,贵港市食品供应商中标名单（310条）,2026-05-13,贵港市腾越贸易有限公司,,广西壮族自治区贵港市港北区贵城街道桂林路708号(东方巴黎)4幢1601号,广西壮族自治区/贵港市/港北区,贵港市,鲜湿米粉、面食、糕点等早餐类、豆制品类,"报价: 报价:
95(%)",91450800MA7C75KN8F,,,"序号: 81;标项名称: 鲜湿米粉、
面食、糕点
等早餐类、
豆制品类;报价: 报价:
95(%);中标供应商名称: 贵港市腾越
贸易有限公
司;中标供应商地址: 广西壮族自治区贵港市港北区贵城街道
桂林路708号(东方巴黎)4幢1601号;统一社会信用代码: 91450800MA7C75KN8F",0.99,"按 PDF 表格行批量抽取;地址视为供应商登记/联系地址,不自动认定为仓储节点。"
rec_8ff02f40593f3daa,data/raw/guigang_food_suppliers_310.pdf,file_baf2a03a5bd599d7,government_procurement,5,1,7,贵港市食品供应商中标名单（310条）,2026-05-13,贵港市五穗振丰食品有限公司(微型企业),,贵港市港北区中银大厦9楼925室,广西壮族自治区/贵港市/港北区,贵港市,鲜湿米粉、面食、糕点等早餐类、豆制品类,"报价: 报价:
95(%)",91450802593233271Y,,,"序号: 82;标项名称: 鲜湿米粉、
面食、糕点
等早餐类、
豆制品类;报价: 报价:
95(%);中标供应商名称: 贵港市五穗
振丰食品有
限公司(微
型企业);中标供应商地址: 贵港市港北区中银大厦9楼925室;统一社会信用代码: 91450802593233271Y",0.99,"按 PDF 表格行批量抽取;地址视为供应商登记/联系地址,不自动认定为仓储节点。"
rec_d63bdd961dd35e22,data/raw/guigang_food_suppliers_310.pdf,file_baf2a03a5bd599d7,government_procurement,5,1,8,贵港市食品供应商中标名单（310条）,2026-05-13,广西晟丰食品有限公司,,贵港市港北区西江产业园区西区六路与西七路交汇处西北角(广西源龙新能源车辆有限公司内),广西壮族自治区/贵港市/港北区,贵港市,鲜湿米粉、面食、糕点等早餐类、豆制品类,"报价: 报价:
95(%)",91450802MADMGMJU45,,,"序号: 83;标项名称: 鲜湿米粉、
面食、糕点
等早餐类、
豆制品类;报价: 报价:
95(%);中标供应商名称: 广西晟丰食
品有限公司;中标供应商地址: 贵港市港北区西江产业园区西区六路与
西七路交汇处西北角(广西源龙新能源
车辆有限公司内);统一社会信用代码: 91450802MADMGMJU45",0.99,"按 PDF 表格行批量抽取;地址视为供应商登记/联系地址,不自动认定为仓储节点。"
rec_87b90899c796cd9c,data/raw/guigang_food_suppliers_310.pdf,file_baf2a03a5bd599d7,government_procurement,5,1,9,贵港市食品供应商中标名单（310条）,2026-05-13,广州优链云供应链管理有限公司,,广州市自云区江高镇珠江村巴江东路29号,,贵港市,鲜湿米粉、面食、糕点等早餐类、豆制品类,"报价: 报价:
95(%)",91440101MA59F2M446,,,"序号: 84;标项名称: 鲜湿米粉、
面食、糕点
等早餐类、
豆制品类;报价: 报价:
95(%);中标供应商名称: 广州优链云
供应链管理
有限公司;中标供应商地址: 广州市自云区江高镇珠江村巴江东路29
号;统一社会信用代码: 91440101MA59F2M446",0.99,"按 PDF 表格行批量抽取;地址视为供应商登记/联系地址,不自动认定为仓储节点。"
rec_2c9eab68df46a8db,data/raw/guigang_food_suppliers_310.pdf,file_baf2a03a5bd599d7,government_procurement,5,1,10,贵港市食品供应商中标名单（310条）,2026-05-13,广西桂平市福顺供应链管理有限公司,,广西壮族自治区贵港市桂平市西山镇岭头村桂平市华源大市场6#-131号,广西壮族自治区/贵港市/桂平市,贵港市,鲜湿米粉、面食、糕点等早餐类、豆制品类,"报价: 报价:
95(%)",91450881MA5PN06E7L,,,"序号: 85;标项名称: 鲜湿米粉、
面食、糕点
等早餐类、
豆制品类;报价: 报价:
95(%);中标供应商名称: 广西桂平市
福顺供应链
管理有限公
司;中标供应商地址: 广西壮族自治区贵港市桂平市西山镇岭
头村桂平市华源大市场6#-131号;统一社会信用代码: 91450881MA5PN06E7L",0.99,"按 PDF 表格行批量抽取;地址视为供应商登记/联系地址,不自动认定为仓储节点。"
rec_6a1f37be72186a61,data/raw/guigang_food_suppliers_310.pdf,file_baf2a03a5bd599d7,government_procurement,5,1,11,贵港市食品供应商中标名单（310条）,2026-05-13,广西捷奥食品配送有限公司,,广西壮族自治区贵港市港北区西江产业园所西四路与西一路交汇处西北角(新宇电气科技有限责任公司厂区宿舍楼),广西壮族自治区/贵港市/港北区,贵港市,鲜湿米粉、面食、糕点等早餐类、豆制品类,"报价: 报价:
95(%)",91450800MADP8R0P55,,,"序号: 86;标项名称: 鲜湿米粉、
面食、糕点
等早餐类、
豆制品类;报价: 报价:
95(%);中标供应商名称: 广西捷奥食
品配送有限
公司;中标供应商地址: 广西壮族自治区贵港市港北区西江产业
园所西四路与西一路交汇处西北角(新宇
电气科技有限责任公司厂区宿舍楼);统一社会信用代码: 91450800MADP8R0P55",0.99,"按 PDF 表格行批量抽取;地址视为供应商登记/联系地址,不自动认定为仓储节点。"
rec_8ddf2fd2c1c0db16,data/raw/guigang_food_suppliers_310.pdf,file_baf2a03a5bd599d7,government_procurement,5,1,12,贵港市食品供应商中标名单（310条）,2026-05-13,广西晨日配送有限公司,,贵港市港北区贵城登龙桥四队,广西壮族自治区/贵港市/港北区,贵港市,鲜湿米粉、面食、糕点等早餐类、豆制品类,"报价: 报价:
95(%)",91450800566774822H,,,"序号: 87;标项名称: 鲜湿米粉、
面食、糕点
等早餐类、
豆制品类;报价: 报价:
95(%);中标供应商名称: 广西晨日配
送有限公司;中标供应商地址: 贵港市港北区贵城登龙桥四队;统一社会信用代码: 91450800566774822H",0.99,"按 PDF 表格行批量抽取;地址视为供应商登记/联系地址,不自动认定为仓储节点。"
rec_6a66bfbc47acef5b,data/raw/guigang_food_suppliers_310.pdf,file_baf2a03a5bd599d7,government_procurement,5,1,13,贵港市食品供应商中标名单（310条）,2026-05-13,广西桂平绿顺康农业开发有限公司,,广西壮族自治区贵港市桂平市西山镇风凰新区金凤凰商业中心第10幢1号,广西壮族自治区/贵港市/桂平市,贵港市,鲜湿米粉、面食、糕点等早餐类、豆制品类,"报价: 报价:
95(%)",91450881MACH6Y3B9F,,,"序号: 88;标项名称: 鲜湿米粉、
面食、糕点
等早餐类、
豆制品类;报价: 报价:
95(%);中标供应商名称: 广西桂平绿
顺康农业开
发有限公司;中标供应商地址: 广西壮族自治区贵港市桂平市西山镇风
凰新区金凤凰商业中心第10幢1号;统一社会信用代码: 91450881MACH6Y3B9F",0.99,"按 PDF 表格行批量抽取;地址视为供应商登记/联系地址,不自动认定为仓储节点。"
rec_9cb55b7d2905a227,data/raw/guigang_food_suppliers_310.pdf,file_baf2a03a5bd599d7,government_procurement,5,1,14,贵港市食品供应商中标名单（310条）,2026-05-13,贵港市竹香园食品有限公司,,广西壮族自治区贵港市港北区贵港国家生态工业(制糖)示范园区内7幢,广西壮族自治区/贵港市/港北区,贵港市,鲜湿米粉、面食、糕点等早餐类、豆制品类,"报价: 报价:
93(%)",91450802MA5LBN5P4K,,,"序号: 89;标项名称: 鲜湿米粉、
面食、糕点
等早餐类、
豆制品类;报价: 报价:
93(%);中标供应商名称: 贵港市竹香
园食品有限
公司;中标供应商地址: 广西壮族自治区贵港市港北区贵港国家
生态工业(制糖)示范园区内7幢;统一社会信用代码: 91450802MA5LBN5P4K",0.99,"按 PDF 表格行批量抽取;地址视为供应商登记/联系地址,不自动认定为仓储节点。"
rec_723335d9dc21c22d,data/raw/guigang_food_suppliers_310.pdf,file_baf2a03a5bd599d7,government_procurement,5,1,15,贵港市食品供应商中标名单（310条）,2026-05-13,鑫达联华(广西)商业有限公司,,广西壮族自治区贵港市城东片区港区大道与进港公路交汇处东南侧(广西盐业集团有限公司贵港分公司1号、4号仓库),广西壮族自治区/贵港市,贵港市,鲜湿米粉、面食、糕点等早餐类、豆制品类,"报价: 报价:
95(%)",91450802MA5MW98146,,,"序号: 90;标项名称: 鲜湿米粉、
面食、糕点
等早餐类、
豆制品类;报价: 报价:
95(%);中标供应商名称: 鑫达联华
(广西)商
业有限公司;中标供应商地址: 广西壮族自治区贵港市城东片区港区大
道与进港公路交汇处东南侧(广西盐业
集团有限公司贵港分公司1号、4号仓
库);统一社会信用代码: 91450802MA5MW98146",0.99,"按 PDF 表格行批量抽取;地址视为供应商登记/联系地址,不自动认定为仓储节点。"
rec_67ceb29368f9258f,data/raw/guigang_food_suppliers_310.pdf,file_baf2a03a5bd599d7,government_procurement,6,1,1,贵港市食品供应商中标名单（310条）,2026-05-13,广西和顺食品有限公司,,贵港市港北区荷城路1108号(中强·荷城世家)77幢15号,广西壮族自治区/贵港市/港北区,贵港市,鲜湿米粉、面食、糕点等早餐类、豆制品类,"报价: 报价:
95(%)",91450800327350678E,,,"序号: 91;标项名称: 鲜湿米粉、
面食、糕点
等早餐类、
豆制品类;报价: 报价:
95(%);中标供应商名称: 广西和顺食
品有限公司;中标供应商地址: 贵港市港北区荷城路1108号(中强·荷城
世家)77幢15号;统一社会信用代码: 91450800327350678E",0.99,"按 PDF 表格行批量抽取;地址视为供应商登记/联系地址,不自动认定为仓储节点。"
rec_7402631acfe84435,data/raw/guigang_food_suppliers_310.pdf,file_baf2a03a5bd599d7,government_procurement,6,1,2,贵港市食品供应商中标名单（310条）,2026-05-13,广西二师兄食品有限公司,,南宁市江南区沙井街道办南乡村六组定津路 2 号,广西壮族自治区/南宁市/江南区,贵港市,鲜湿米粉、面食、糕点等早餐类、豆制品类,"报价: 报价:
94(%)",91450100MA5K9HW54C,,,"序号: 92;标项名称: 鲜湿米粉、
面食、糕点
等早餐类、
豆制品类;报价: 报价:
94(%);中标供应商名称: 广西二师兄
食品有限公
司;中标供应商地址: 南宁市江南区沙井街道办南乡村六组定
津路 2 号;统一社会信用代码: 91450100MA5K9HW54C",0.99,"按 PDF 表格行批量抽取;地址视为供应商登记/联系地址,不自动认定为仓储节点。"
rec_2e6a4ae44bd39de0,data/raw/guigang_food_suppliers_310.pdf,file_baf2a03a5bd599d7,government_procurement,6,1,3,贵港市食品供应商中标名单（310条）,2026-05-13,广西菜公子供应链管理有限公司,,贵港市港北区中山北路民族文化公园北侧盛世名都·南12幢12-3号二楼,广西壮族自治区/贵港市/港北区,贵港市,鲜湿米粉、面食、糕点等早餐类、豆制品类,"报价: 报价:
95(%)",91450800MA7ARA7LXL,,,"序号: 93;标项名称: 鲜湿米粉、
面食、糕点
等早餐类、
豆制品类;报价: 报价:
95(%);中标供应商名称: 广西菜公子
供应链管理
有限公司;中标供应商地址: 贵港市港北区中山北路民族文化公园北
侧盛世名都·南12幢12-3号二楼;统一社会信用代码: 91450800MA7ARA7LXL",0.99,"按 PDF 表格行批量抽取;地址视为供应商登记/联系地址,不自动认定为仓储节点。"
rec_62a813f446dba246,data/raw/guigang_food_suppliers_310.pdf,file_baf2a03a5bd599d7,government_procurement,6,1,4,贵港市食品供应商中标名单（310条）,2026-05-13,广西天华盛隆餐饮管理有限公司,,南宁市江南区白沙大道38-8号综合楼(北楼)25层2501、2502、2503、2503A号商铺,广西壮族自治区/南宁市/江南区,贵港市,鲜湿米粉、面食、糕点等早餐类、豆制品类,"报价: 报价:
95(%)",91450100315922835G,,,"序号: 94;标项名称: 鲜湿米粉、
面食、糕点
等早餐类、
豆制品类;报价: 报价:
95(%);中标供应商名称: 广西天华盛
隆餐饮管理
有限公司;中标供应商地址: 南宁市江南区白沙大道38-8号综合楼(北
楼)25层2501、2502、2503、2503A号商
铺;统一社会信用代码: 91450100315922835G",0.99,"按 PDF 表格行批量抽取;地址视为供应商登记/联系地址,不自动认定为仓储节点。"
rec_020613cf6e8db27c,data/raw/guigang_food_suppliers_310.pdf,file_baf2a03a5bd599d7,government_procurement,6,1,5,贵港市食品供应商中标名单（310条）,2026-05-13,广西福满家饼业有限公司,,广西桂平市寻旺乡河南村2队,广西壮族自治区/贵港市/桂平市,贵港市,鲜湿米粉、面食、糕点等早餐类、豆制品类,"报价: 报价:
94(%)",914508813308153845,,,"序号: 95;标项名称: 鲜湿米粉、
面食、糕点
等早餐类、
豆制品类;报价: 报价:
94(%);中标供应商名称: 广西福满家
饼业有限公
司;中标供应商地址: 广西桂平市寻旺乡河南村2队;统一社会信用代码: 914508813308153845",0.99,"按 PDF 表格行批量抽取;地址视为供应商登记/联系地址,不自动认定为仓储节点。"
rec_169907eed22b65ca,data/raw/guigang_food_suppliers_310.pdf,file_baf2a03a5bd599d7,government_procurement,6,1,6,贵港市食品供应商中标名单（310条）,2026-05-13,广西万乡河餐饮集团有限公司,,南宁市广西-东盟经济技术开发区安平路23号(1号厂房),广西壮族自治区/南宁市,贵港市,鲜湿米粉、面食、糕点等早餐类、豆制品类,"报价: 报价:
93.5(%)",91450100MA5KBGRT7J,,,"序号: 96;标项名称: 鲜湿米粉、
面食、糕点
等早餐类、
豆制品类;报价: 报价:
93.5(%);中标供应商名称: 广西万乡河
餐饮集团有
限公司;中标供应商地址: 南宁市广西-东盟经济技术开发区安平路
23号(1号厂房);统一社会信用代码: 91450100MA5KBGRT7J",0.99,"按 PDF 表格行批量抽取;地址视为供应商登记/联系地址,不自动认定为仓储节点。"
rec_817c53054a241eb1,data/raw/guigang_food_suppliers_310.pdf,file_baf2a03a5bd599d7,government_procurement,6,1,7,贵港市食品供应商中标名单（310条）,2026-05-13,广西平惠供应链集团有限公司,,广西-东盟经济技术开发区长岗大道3号东盟机电五金标准厂房项目6号厂房,广西壮族自治区,贵港市,鲜湿米粉、面食、糕点等早餐类、豆制品类,"报价: 报价:
94(%)",91450100MA5L8A3U01,,,"序号: 97;标项名称: 鲜湿米粉、
面食、糕点
等早餐类、
豆制品类;报价: 报价:
94(%);中标供应商名称: 广西平惠供
应链集团有
限公司;中标供应商地址: 广西-东盟经济技术开发区长岗大道3号东
盟机电五金标准厂房项目6号厂房;统一社会信用代码: 91450100MA5L8A3U01",0.99,"按 PDF 表格行批量抽取;地址视为供应商登记/联系地址,不自动认定为仓储节点。"
rec_b05acb71b1097779,data/raw/guigang_food_suppliers_310.pdf,file_baf2a03a5bd599d7,government_procurement,6,1,8,贵港市食品供应商中标名单（310条）,2026-05-13,广西睿慧农鲜供应链管理有限公司,,南宁市青秀区竹溪大道86号广源国际社区6号701号,广西壮族自治区/南宁市/青秀区,贵港市,生鲜时蔬、水果类,"报价: 报价:
94(%)",91450103669732553E,,,"序号: 98;标项名称: 生鲜时蔬、
水果类;报价: 报价:
94(%);中标供应商名称: 广西睿慧农
鲜供应链管
理有限公司;中标供应商地址: 南宁市青秀区竹溪大道86号广源国际社
区6号701号;统一社会信用代码: 91450103669732553E",0.99,"按 PDF 表格行批量抽取;地址视为供应商登记/联系地址,不自动认定为仓储节点。"
rec_310942e948a15512,data/raw/guigang_food_suppliers_310.pdf,file_baf2a03a5bd599d7,government_procurement,6,1,9,贵港市食品供应商中标名单（310条）,2026-05-13,广西泓峻供应链管理有限公司,,贵港市港北区西江科技创新产业城狮岭西路与西二路交汇处西南角(广西三雄机械设备有限公司产品检测楼5楼502室),广西壮族自治区/贵港市/港北区,贵港市,生鲜时蔬、水果类,"报价: 报价:
94.5(%)",91450800MAK2HP612D,,,"序号: 99;标项名称: 生鲜时蔬、
水果类;报价: 报价:
94.5(%);中标供应商名称: 广西泓峻供
应链管理有
限公司;中标供应商地址: 贵港市港北区西江科技创新产业城狮岭
西路与西二路交汇处西南角(广西三雄
机械设备有限公司产品检测楼5楼502
室);统一社会信用代码: 91450800MAK2HP612D",0.99,"按 PDF 表格行批量抽取;地址视为供应商登记/联系地址,不自动认定为仓储节点。"
rec_fc82b2ec7126d209,data/raw/guigang_food_suppliers_310.pdf,file_baf2a03a5bd599d7,government_procurement,6,1,10,贵港市食品供应商中标名单（310条）,2026-05-13,贵港市绿奥贸易有限公司,,广西壮族自治区贵港市港北区和平路188号广汇东湖城(新天地)3幢09号3楼,广西壮族自治区/贵港市/港北区,贵港市,生鲜时蔬、水果类,"报价: 报价:
95(%)",91450800MA5N46RB7G,,,"序号: 100;标项名称: 生鲜时蔬、
水果类;报价: 报价:
95(%);中标供应商名称: 贵港市绿奥
贸易有限公
司;中标供应商地址: 广西壮族自治区贵港市港北区和平路188
号广汇东湖城(新天地)3幢09号3楼;统一社会信用代码: 91450800MA5N46RB7G",0.99,"按 PDF 表格行批量抽取;地址视为供应商登记/联系地址,不自动认定为仓储节点。"
rec_6f6c76490a2f87de,data/raw/guigang_food_suppliers_310.pdf,file_baf2a03a5bd599d7,government_procurement,6,1,11,贵港市食品供应商中标名单（310条）,2026-05-13,广西康然生态农业有限公司,,南宁市金凯路98号光科技产业园科研楼二,广西壮族自治区/南宁市,贵港市,生鲜时蔬、水果类,"报价: 报价:
94(%)",91450100MA5KDK5M1E,,,"序号: 101;标项名称: 生鲜时蔬、
水果类;报价: 报价:
94(%);中标供应商名称: 广西康然生
态农业有限
公司;中标供应商地址: 南宁市金凯路98号光科技产业园科研楼
二;统一社会信用代码: 91450100MA5KDK5M1E",0.99,"按 PDF 表格行批量抽取;地址视为供应商登记/联系地址,不自动认定为仓储节点。"
rec_0b1154426ba30003,data/raw/guigang_food_suppliers_310.pdf,file_baf2a03a5bd599d7,government_procurement,6,1,12,贵港市食品供应商中标名单（310条）,2026-05-13,贵港市军霞农副产品贸易有限公司,,贵港市新华路南(七里桥基地南半岛)西南角,广西壮族自治区/贵港市,贵港市,生鲜时蔬、水果类,"报价: 报价:
94(%)",91450802581958195Y,,,"序号: 102;标项名称: 生鲜时蔬、
水果类;报价: 报价:
94(%);中标供应商名称: 贵港市军霞
农副产品贸
易有限公司;中标供应商地址: 贵港市新华路南(七里桥基地南半岛)
西南角;统一社会信用代码: 91450802581958195Y",0.99,"按 PDF 表格行批量抽取;地址视为供应商登记/联系地址,不自动认定为仓储节点。"
rec_517dc4f854cf7862,data/raw/guigang_food_suppliers_310.pdf,file_baf2a03a5bd599d7,government_procurement,6,1,13,贵港市食品供应商中标名单（310条）,2026-05-13,贵港市天纯食品配送有限公司,,贵港市港北区西江农场广场南面的西江商贸城二期钢棚铺面(1#棚1-5号铺面),广西壮族自治区/贵港市/港北区,贵港市,生鲜时蔬、水果类,"报价: 报价:
94.5(%)",91450802MAA7AJTB21,,,"序号: 103;标项名称: 生鲜时蔬、
水果类;报价: 报价:
94.5(%);中标供应商名称: 贵港市天纯
食品配送有
限公司;中标供应商地址: 贵港市港北区西江农场广场南面的西江
商贸城二期钢棚铺面(1#棚1-5号铺面);统一社会信用代码: 91450802MAA7AJTB21",0.99,"按 PDF 表格行批量抽取;地址视为供应商登记/联系地址,不自动认定为仓储节点。"
rec_d6ceaeacdaca4205,data/raw/guigang_food_suppliers_310.pdf,file_baf2a03a5bd599d7,government_procurement,6,1,14,贵港市食品供应商中标名单（310条）,2026-05-13,广西龙威集采集配供应链管理有限公司,,广西壮族自治区贵港市港南区新塘镇大郑村西江航运枢纽二线船闸南边(原指挥部二号仓库),广西壮族自治区/贵港市/港南区,贵港市,生鲜时蔬、水果类,"报价: 报价:
95(%)",91450803MABPMDFU6E,,,"序号: 104;标项名称: 生鲜时蔬、
水果类;报价: 报价:
95(%);中标供应商名称: 广西龙威集
采集配供应
链管理有限
公司;中标供应商地址: 广西壮族自治区贵港市港南区新塘镇大
郑村西江航运枢纽二线船闸南边(原指
挥部二号仓库);统一社会信用代码: 91450803MABPMDFU6E",0.99,"按 PDF 表格行批量抽取;地址视为供应商登记/联系地址,不自动认定为仓储节点。"
rec_c27823ca1bad2d24,data/raw/guigang_food_suppliers_310.pdf,file_baf2a03a5bd599d7,government_procurement,6,1,15,贵港市食品供应商中标名单（310条）,2026-05-13,广西桂然生态农业有限公司,,南宁市江南区五一中路新福里2-1号-1,广西壮族自治区/南宁市/江南区,贵港市,生鲜时蔬、水果类,"报价: 报价:
95(%)",91450105MA5L6DA664,,,"序号: 105;标项名称: 生鲜时蔬、
水果类;报价: 报价:
95(%);中标供应商名称: 广西桂然生
态农业有限
公司;中标供应商地址: 南宁市江南区五一中路新福里2-1号-1;统一社会信用代码: 91450105MA5L6DA664",0.99,"按 PDF 表格行批量抽取;地址视为供应商登记/联系地址,不自动认定为仓储节点。"
rec_0309863aafc0660b,data/raw/guigang_food_suppliers_310.pdf,file_baf2a03a5bd599d7,government_procurement,6,1,16,贵港市食品供应商中标名单（310条）,2026-05-13,盈顶汇食品集团股份有限公司,,南宁市西乡塘区大学东路27号嘉州华都A座一层104-117号、B座一层124、125-1、128-129号,广西壮族自治区/南宁市/西乡塘区,贵港市,生鲜时蔬、水果类,"报价: 报价:
94(%)",91450102073756896K,,,"序号: 106;标项名称: 生鲜时蔬、
水果类;报价: 报价:
94(%);中标供应商名称: 盈顶汇食品
集团股份有
限公司;中标供应商地址: 南宁市西乡塘区大学东路27号嘉州华都A
座一层104-117号、B座一层124、125-1、
128-129号;统一社会信用代码: 91450102073756896K",0.99,"按 PDF 表格行批量抽取;地址视为供应商登记/联系地址,不自动认定为仓储节点。"
rec_e0cdea239277e8cd,data/raw/guigang_food_suppliers_310.pdf,file_baf2a03a5bd599d7,government_procurement,6,1,17,贵港市食品供应商中标名单（310条）,2026-05-13,贵港市覃塘区正业大超市有限公司,,石卡街113号,广西壮族自治区/贵港市/覃塘区,贵港市,生鲜时蔬、水果类,"报价: 报价:
95(%)",91450804MADP0KXB87,,,"序号: 107;标项名称: 生鲜时蔬、
水果类;报价: 报价:
95(%);中标供应商名称: 贵港市覃塘
区正业大超
市有限公司;中标供应商地址: 石卡街113号;统一社会信用代码: 91450804MADP0KXB87",0.99,"按 PDF 表格行批量抽取;地址视为供应商登记/联系地址,不自动认定为仓储节点。"
rec_7be56cf7bf129025,data/raw/guigang_food_suppliers_310.pdf,file_baf2a03a5bd599d7,government_procurement,7,1,1,贵港市食品供应商中标名单（310条）,2026-05-13,贵港市安盛贸易有限公司,,贵港市荷城路西段六八村白沟井天之和品牌家具中心北B1,广西壮族自治区/贵港市,贵港市,生鲜时蔬、水果类,"报价: 报价:
95(%)",91450802MA5KEBD896,,,"序号: 108;标项名称: 生鲜时蔬、
水果类;报价: 报价:
95(%);中标供应商名称: 贵港市安盛
贸易有限公
司;中标供应商地址: 贵港市荷城路西段六八村白沟井天之和
品牌家具中心北B1;统一社会信用代码: 91450802MA5KEBD896",0.99,"按 PDF 表格行批量抽取;地址视为供应商登记/联系地址,不自动认定为仓储节点。"
rec_79e195a77a585525,data/raw/guigang_food_suppliers_310.pdf,file_baf2a03a5bd599d7,government_procurement,7,1,2,贵港市食品供应商中标名单（310条）,2026-05-13,贵港市平南县泽珈贸易有限公司,,广西壮族自治区贵港市平南县上渡街道柘畲村莫屋屯(莫亦绪房屋),广西壮族自治区/贵港市/平南县,贵港市,生鲜时蔬、水果类,"报价: 报价:
95(%)",91450821MAE8C0TD6Q,,,"序号: 109;标项名称: 生鲜时蔬、
水果类;报价: 报价:
95(%);中标供应商名称: 贵港市平南
县泽珈贸易
有限公司;中标供应商地址: 广西壮族自治区贵港市平南县上渡街道
柘畲村莫屋屯(莫亦绪房屋);统一社会信用代码: 91450821MAE8C0TD6Q",0.99,"按 PDF 表格行批量抽取;地址视为供应商登记/联系地址,不自动认定为仓储节点。"
rec_d11b4e7b5f9b70ec,data/raw/guigang_food_suppliers_310.pdf,file_baf2a03a5bd599d7,government_procurement,7,1,3,贵港市食品供应商中标名单（310条）,2026-05-13,广西桂平市唐吉食品有限公司,,广西桂平市长安工业区广西玮力裕电子科技有限公司2号厂房第5层,广西壮族自治区/贵港市/桂平市,贵港市,生鲜时蔬、水果类,"报价: 报价:
95(%)",91450881MA5L7C6N28,,,"序号: 110;标项名称: 生鲜时蔬、
水果类;报价: 报价:
95(%);中标供应商名称: 广西桂平市
唐吉食品有
限公司;中标供应商地址: 广西桂平市长安工业区广西玮力裕电子
科技有限公司2号厂房第5层;统一社会信用代码: 91450881MA5L7C6N28",0.99,"按 PDF 表格行批量抽取;地址视为供应商登记/联系地址,不自动认定为仓储节点。"
rec_d57667421953430c,data/raw/guigang_food_suppliers_310.pdf,file_baf2a03a5bd599d7,government_procurement,7,1,4,贵港市食品供应商中标名单（310条）,2026-05-13,广西华创农牧业发展有限公司,,贵港市港北区解放北路龙圣小区1幢A区20、21号,广西壮族自治区/贵港市/港北区,贵港市,生鲜时蔬、水果类,"报价: 报价:
94.5(%)",914508020994519517,,,"序号: 111;标项名称: 生鲜时蔬、
水果类;报价: 报价:
94.5(%);中标供应商名称: 广西华创农
牧业发展有
限公司;中标供应商地址: 贵港市港北区解放北路龙圣小区1幢A区
20、21号;统一社会信用代码: 914508020994519517",0.99,"按 PDF 表格行批量抽取;地址视为供应商登记/联系地址,不自动认定为仓储节点。"
rec_8bc298caf571593f,data/raw/guigang_food_suppliers_310.pdf,file_baf2a03a5bd599d7,government_procurement,7,1,5,贵港市食品供应商中标名单（310条）,2026-05-13,广西贵港市华宇肉类加工配送有限公司,,金田路安居市场A区A1-31号,广西壮族自治区/贵港市,贵港市,生鲜时蔬、水果类,"报价: 报价:
94(%)",914508006750422333,,,"序号: 112;标项名称: 生鲜时蔬、
水果类;报价: 报价:
94(%);中标供应商名称: 广西贵港市
华宇肉类加
工配送有限
公司;中标供应商地址: 金田路安居市场A区A1-31号;统一社会信用代码: 914508006750422333",0.99,"按 PDF 表格行批量抽取;地址视为供应商登记/联系地址,不自动认定为仓储节点。"
rec_d58fb82bbdf58b67,data/raw/guigang_food_suppliers_310.pdf,file_baf2a03a5bd599d7,government_procurement,7,1,6,贵港市食品供应商中标名单（310条）,2026-05-13,广西家喻神马供应链管理有限公司,,桂林市象山区环城西二路28号二楼南大厅,广西壮族自治区/桂林市/象山区,贵港市,生鲜时蔬、水果类,"报价: 报价:
95(%)",91450300MA5KCY184M,,,"序号: 113;标项名称: 生鲜时蔬、
水果类;报价: 报价:
95(%);中标供应商名称: 广西家喻神
马供应链管
理有限公司;中标供应商地址: 桂林市象山区环城西二路28号二楼南大
厅;统一社会信用代码: 91450300MA5KCY184M",0.99,"按 PDF 表格行批量抽取;地址视为供应商登记/联系地址,不自动认定为仓储节点。"
rec_77bd352a2c09c2e8,data/raw/guigang_food_suppliers_310.pdf,file_baf2a03a5bd599d7,government_procurement,7,1,7,贵港市食品供应商中标名单（310条）,2026-05-13,广西万乡河餐饮集团有限公司,,南宁市广西-东盟经济技术开发区安平路23号(1号厂房),广西壮族自治区/南宁市,贵港市,生鲜时蔬、水果类,"报价: 报价:
93.5(%)",91450100MA5KBGRT7J,,,"序号: 114;标项名称: 生鲜时蔬、
水果类;报价: 报价:
93.5(%);中标供应商名称: 广西万乡河
餐饮集团有
限公司;中标供应商地址: 南宁市广西-东盟经济技术开发区安平路
23号(1号厂房);统一社会信用代码: 91450100MA5KBGRT7J",0.99,"按 PDF 表格行批量抽取;地址视为供应商登记/联系地址,不自动认定为仓储节点。"
rec_5e6f417fa8ca2e27,data/raw/guigang_food_suppliers_310.pdf,file_baf2a03a5bd599d7,government_procurement,7,1,8,贵港市食品供应商中标名单（310条）,2026-05-13,桂平市柏泰食品有限公司,,贵港市桂平市西山镇岭头村长蛇岭6队(桂金路中石油加油站旁),广西壮族自治区/贵港市/桂平市,贵港市,生鲜时蔬、水果类,"报价: 报价:
95(%)",91450881MAERC1XEX2,,,"序号: 115;标项名称: 生鲜时蔬、
水果类;报价: 报价:
95(%);中标供应商名称: 桂平市柏泰
食品有限公
司;中标供应商地址: 贵港市桂平市西山镇岭头村长蛇岭6队(桂
金路中石油加油站旁);统一社会信用代码: 91450881MAERC1XEX2",0.99,"按 PDF 表格行批量抽取;地址视为供应商登记/联系地址,不自动认定为仓储节点。"
rec_5f25c5a1afa8cbd4,data/raw/guigang_food_suppliers_310.pdf,file_baf2a03a5bd599d7,government_procurement,7,1,9,贵港市食品供应商中标名单（310条）,2026-05-13,广西贵港市永兴盛商贸有限公司,,广西壮族自治区贵港市港南区江一路132号(港南1号)鸿运阁2-4-603号,广西壮族自治区/贵港市/港南区,贵港市,生鲜时蔬、水果类,"报价: 报价:
94(%)",91450803MADBDJ302M,,,"序号: 116;标项名称: 生鲜时蔬、
水果类;报价: 报价:
94(%);中标供应商名称: 广西贵港市
永兴盛商贸
有限公司;中标供应商地址: 广西壮族自治区贵港市港南区江一路132
号(港南1号)鸿运阁2-4-603号;统一社会信用代码: 91450803MADBDJ302M",0.99,"按 PDF 表格行批量抽取;地址视为供应商登记/联系地址,不自动认定为仓储节点。"
rec_9151704b3ad90b2b,data/raw/guigang_food_suppliers_310.pdf,file_baf2a03a5bd599d7,government_procurement,7,1,10,贵港市食品供应商中标名单（310条）,2026-05-13,广西宜家鲜供应链有限公司,,南宁市金凯路106号联东U谷南宁经开科技港标准厂房4号厂房102号房一、二楼,广西壮族自治区/南宁市,贵港市,生鲜时蔬、水果类,"报价: 报价:
95(%)",91451203MACHA7TF51,,,"序号: 117;标项名称: 生鲜时蔬、
水果类;报价: 报价:
95(%);中标供应商名称: 广西宜家鲜
供应链有限
公司;中标供应商地址: 南宁市金凯路106号联东U谷南宁经开科
技港标准厂房4号厂房102号房一、二楼;统一社会信用代码: 91451203MACHA7TF51",0.99,"按 PDF 表格行批量抽取;地址视为供应商登记/联系地址,不自动认定为仓储节点。"
rec_754b9d3477584294,data/raw/guigang_food_suppliers_310.pdf,file_baf2a03a5bd599d7,government_procurement,7,1,11,贵港市食品供应商中标名单（310条）,2026-05-13,广西菜公子供应链管理有限公司,,贵港市港北区中山北路民族文化公园北侧盛世名都·南12幢12-3号二楼,广西壮族自治区/贵港市/港北区,贵港市,生鲜时蔬、水果类,"报价: 报价:
95(%)",91450800MA7ARA7LXL,,,"序号: 118;标项名称: 生鲜时蔬、
水果类;报价: 报价:
95(%);中标供应商名称: 广西菜公子
供应链管理
有限公司;中标供应商地址: 贵港市港北区中山北路民族文化公园北
侧盛世名都·南12幢12-3号二楼;统一社会信用代码: 91450800MA7ARA7LXL",0.99,"按 PDF 表格行批量抽取;地址视为供应商登记/联系地址,不自动认定为仓储节点。"
rec_ffe3bebea32ef2fb,data/raw/guigang_food_suppliers_310.pdf,file_baf2a03a5bd599d7,government_procurement,7,1,12,贵港市食品供应商中标名单（310条）,2026-05-13,广西粤桂尚品餐饮配送服务有限公司,,广西壮族自治区贵港市港南区江南大道410号(原通泰汽车维修车间1号-2号铺),广西壮族自治区/贵港市/港南区,贵港市,生鲜时蔬、水果类,"报价: 报价:
95(%)",91450803MA5PNR1A6N,,,"序号: 119;标项名称: 生鲜时蔬、
水果类;报价: 报价:
95(%);中标供应商名称: 广西粤桂尚
品餐饮配送
服务有限公
司;中标供应商地址: 广西壮族自治区贵港市港南区江南大道
410号(原通泰汽车维修车间1号-2号铺);统一社会信用代码: 91450803MA5PNR1A6N",0.99,"按 PDF 表格行批量抽取;地址视为供应商登记/联系地址,不自动认定为仓储节点。"
rec_6102b4acf3bd451e,data/raw/guigang_food_suppliers_310.pdf,file_baf2a03a5bd599d7,government_procurement,7,1,13,贵港市食品供应商中标名单（310条）,2026-05-13,广西鲜牧食品贸易有限公司,,贵城街道同济大道与江北东路交汇处东北角(原贵港市西江食品饮料厂)(C区C1-C10号铺),广西壮族自治区/贵港市,贵港市,生鲜时蔬、水果类,"报价: 报价:
95(%)",91450800MA5PCJFM1N,,,"序号: 120;标项名称: 生鲜时蔬、
水果类;报价: 报价:
95(%);中标供应商名称: 广西鲜牧食
品贸易有限
公司;中标供应商地址: 贵城街道同济大道与江北东路交汇处东
北角(原贵港市西江食品饮料厂)(C区
C1-C10号铺);统一社会信用代码: 91450800MA5PCJFM1N",0.99,"按 PDF 表格行批量抽取;地址视为供应商登记/联系地址,不自动认定为仓储节点。"
rec_d3e1f26370b81c84,data/raw/guigang_food_suppliers_310.pdf,file_baf2a03a5bd599d7,government_procurement,7,1,14,贵港市食品供应商中标名单（310条）,2026-05-13,广西积木鱼供应链有限公司,,同济大道与高铁路交汇处东住所北角(广西宁铁资产投资开发有限公司北海分公司房屋),广西壮族自治区/北海市,贵港市,生鲜时蔬、水果类,"报价: 报价:
95(%)",91450800MAD5QY6U3N,,,"序号: 121;标项名称: 生鲜时蔬、
水果类;报价: 报价:
95(%);中标供应商名称: 广西积木鱼
供应链有限
公司;中标供应商地址: 同济大道与高铁路交汇处东住所北角(广
西宁铁资产投资开发有限公司北海分公
司房屋);统一社会信用代码: 91450800MAD5QY6U3N",0.99,"按 PDF 表格行批量抽取;地址视为供应商登记/联系地址,不自动认定为仓储节点。"
rec_525cee0241a33ca1,data/raw/guigang_food_suppliers_310.pdf,file_baf2a03a5bd599d7,government_procurement,7,1,15,贵港市食品供应商中标名单（310条）,2026-05-13,广西和顺食品有限公司,,贵港市港北区荷城路1108号(中强·荷城世家)77幢15号,广西壮族自治区/贵港市/港北区,贵港市,生鲜时蔬、水果类,"报价: 报价:
95(%)",91450800327350678E,,,"序号: 122;标项名称: 生鲜时蔬、
水果类;报价: 报价:
95(%);中标供应商名称: 广西和顺食
品有限公司;中标供应商地址: 贵港市港北区荷城路1108号(中强·荷城
世家)77幢15号;统一社会信用代码: 91450800327350678E",0.99,"按 PDF 表格行批量抽取;地址视为供应商登记/联系地址,不自动认定为仓储节点。"
rec_d138e1bd0aa00fb0,data/raw/guigang_food_suppliers_310.pdf,file_baf2a03a5bd599d7,government_procurement,7,1,16,贵港市食品供应商中标名单（310条）,2026-05-13,广西扬凯供应链管理有限公司,,广西壮族自治区贵港市港北区贵城街道贵港市西江科技创新产业城狮岭西路与西二路交汇处西南角(广西三雄机械设备有限公司1#厂房内)),广西壮族自治区/贵港市/港北区,贵港市,生鲜时蔬、水果类,"报价: 报价:
94(%)",91450800MA5QBCXP7A,,,"序号: 123;标项名称: 生鲜时蔬、
水果类;报价: 报价:
94(%);中标供应商名称: 广西扬凯供
应链管理有
限公司;中标供应商地址: 广西壮族自治区贵港市港北区贵城街道
贵港市西江科技创新产业城狮岭西路与
西二路交汇处西南角(广西三雄机械设
备有限公司1#厂房内));统一社会信用代码: 91450800MA5QBCXP7A",0.99,"按 PDF 表格行批量抽取;地址视为供应商登记/联系地址,不自动认定为仓储节点。"
rec_e093152771d69370,data/raw/guigang_food_suppliers_310.pdf,file_baf2a03a5bd599d7,government_procurement,7,1,17,贵港市食品供应商中标名单（310条）,2026-05-13,广西港厨食品有限公司,,贵港市港北区中山路北环新村良生农贸市场B栋一楼内侧BD05\BD06铺,广西壮族自治区/贵港市/港北区,贵港市,生鲜时蔬、水果类,"报价: 报价:
95(%)",91450802MAA7MET044,,,"序号: 124;标项名称: 生鲜时蔬、
水果类;报价: 报价:
95(%);中标供应商名称: 广西港厨食
品有限公司;中标供应商地址: 贵港市港北区中山路北环新村良生农贸
市场B栋一楼内侧BD05\BD06铺;统一社会信用代码: 91450802MAA7MET044",0.99,"按 PDF 表格行批量抽取;地址视为供应商登记/联系地址,不自动认定为仓储节点。"
rec_d7f26c02124f3efc,data/raw/guigang_food_suppliers_310.pdf,file_baf2a03a5bd599d7,government_procurement,7,1,18,贵港市食品供应商中标名单（310条）,2026-05-13,南宁市食桂鲜农产品配送有限公司,,"南宁市江南区五一路101号,南宁市五一中路农贸市场综合楼一楼11号铺面",广西壮族自治区/南宁市/江南区,贵港市,生鲜时蔬、水果类,"报价: 报价:
95(%)",91450100MA5KEA2198,,,"序号: 125;标项名称: 生鲜时蔬、
水果类;报价: 报价:
95(%);中标供应商名称: 南宁市食桂
鲜农产品配
送有限公司;中标供应商地址: 南宁市江南区五一路101号,南宁市五一
中路农贸市场综合楼一楼11号铺面;统一社会信用代码: 91450100MA5KEA2198",0.99,"按 PDF 表格行批量抽取;地址视为供应商登记/联系地址,不自动认定为仓储节点。"
rec_db9f16d61e5988e1,data/raw/guigang_food_suppliers_310.pdf,file_baf2a03a5bd599d7,government_procurement,7,1,19,贵港市食品供应商中标名单（310条）,2026-05-13,广西贵港市尚丰配送有限公司,,广西壮族自治区贵港市覃塘区覃塘街道石叠垌C区29号,广西壮族自治区/贵港市/覃塘区,贵港市,生鲜时蔬、水果类,"报价: 报价:
95(%)",91450800MA7B5T2W02,,,"序号: 126;标项名称: 生鲜时蔬、
水果类;报价: 报价:
95(%);中标供应商名称: 广西贵港市
尚丰配送有
限公司;中标供应商地址: 广西壮族自治区贵港市覃塘区覃塘街道
石叠垌C区29号;统一社会信用代码: 91450800MA7B5T2W02",0.99,"按 PDF 表格行批量抽取;地址视为供应商登记/联系地址,不自动认定为仓储节点。"
rec_26e8a1e0b4647fd7,data/raw/guigang_food_suppliers_310.pdf,file_baf2a03a5bd599d7,government_procurement,8,1,1,贵港市食品供应商中标名单（310条）,2026-05-13,广西爱食鲜农产品有限公司,,南宁市良庆区博艺路10号金源一品2号楼二十五层2502号房,广西壮族自治区/南宁市/良庆区,贵港市,生鲜时蔬、水果类,"报价: 报价:
95(%)",91450108MA5NB8C99Y,,,"序号: 127;标项名称: 生鲜时蔬、
水果类;报价: 报价:
95(%);中标供应商名称: 广西爱食鲜
农产品有限
公司;中标供应商地址: 南宁市良庆区博艺路10号金源一品2号楼
二十五层2502号房;统一社会信用代码: 91450108MA5NB8C99Y",0.99,"按 PDF 表格行批量抽取;地址视为供应商登记/联系地址,不自动认定为仓储节点。"
rec_e86fe755ba891dbf,data/raw/guigang_food_suppliers_310.pdf,file_baf2a03a5bd599d7,government_procurement,8,1,2,贵港市食品供应商中标名单（310条）,2026-05-13,广西鲜牧食品贸易有限公司,,贵城街道同济大道与江北东路交汇处东北角(原贵港市西江食品饮料厂)(C区C1-C10号铺),广西壮族自治区/贵港市,贵港市,冷冻品类,"报价: 报价:
95(%)",91450800MA5PCJFM1N,,,"序号: 128;标项名称: 冷冻品类;报价: 报价:
95(%);中标供应商名称: 广西鲜牧食
品贸易有限
公司;中标供应商地址: 贵城街道同济大道与江北东路交汇处东
北角(原贵港市西江食品饮料厂)(C区
C1-C10号铺);统一社会信用代码: 91450800MA5PCJFM1N",0.99,"按 PDF 表格行批量抽取;地址视为供应商登记/联系地址,不自动认定为仓储节点。"
rec_d41ea1167dc6f7a9,data/raw/guigang_food_suppliers_310.pdf,file_baf2a03a5bd599d7,government_procurement,8,1,3,贵港市食品供应商中标名单（310条）,2026-05-13,广西贵港市盈康食品有限公司,,广西壮族自治区贵港市港南区江南产业园城东大道与工业一路交汇处西北角,广西壮族自治区/贵港市/港南区,贵港市,冷冻品类,"报价: 报价:
95(%)",91450800MA5KC5097F,,,"序号: 129;标项名称: 冷冻品类;报价: 报价:
95(%);中标供应商名称: 广西贵港市
盈康食品有
限公司;中标供应商地址: 广西壮族自治区贵港市港南区江南产业
园城东大道与工业一路交汇处西北角;统一社会信用代码: 91450800MA5KC5097F",0.99,"按 PDF 表格行批量抽取;地址视为供应商登记/联系地址,不自动认定为仓储节点。"
rec_c49d6beb1655e301,data/raw/guigang_food_suppliers_310.pdf,file_baf2a03a5bd599d7,government_procurement,8,1,4,贵港市食品供应商中标名单（310条）,2026-05-13,广西粤桂尚品餐饮配送服务有限公司,,广西壮族自治区贵港市港南区江南大道410号(原通泰汽车维修车间1号-2号铺),广西壮族自治区/贵港市/港南区,贵港市,冷冻品类,"报价: 报价:
95(%)",91450803MA5PNR1A6N,,,"序号: 130;标项名称: 冷冻品类;报价: 报价:
95(%);中标供应商名称: 广西粤桂尚
品餐饮配送
服务有限公
司;中标供应商地址: 广西壮族自治区贵港市港南区江南大道
410号(原通泰汽车维修车间1号-2号铺);统一社会信用代码: 91450803MA5PNR1A6N",0.99,"按 PDF 表格行批量抽取;地址视为供应商登记/联系地址,不自动认定为仓储节点。"
rec_ac6240d9dd46add3,data/raw/guigang_food_suppliers_310.pdf,file_baf2a03a5bd599d7,government_procurement,8,1,5,贵港市食品供应商中标名单（310条）,2026-05-13,广西华鲁贸易有限公司,,贵港市港北区解放路正骨街一巷,广西壮族自治区/贵港市/港北区,贵港市,冷冻品类,"报价: 报价:
94(%)",91450800MA5MWP0H8X,,,"序号: 131;标项名称: 冷冻品类;报价: 报价:
94(%);中标供应商名称: 广西华鲁贸
易有限公司;中标供应商地址: 贵港市港北区解放路正骨街一巷;统一社会信用代码: 91450800MA5MWP0H8X",0.99,"按 PDF 表格行批量抽取;地址视为供应商登记/联系地址,不自动认定为仓储节点。"
rec_427e8156bff2ebd5,data/raw/guigang_food_suppliers_310.pdf,file_baf2a03a5bd599d7,government_procurement,8,1,6,贵港市食品供应商中标名单（310条）,2026-05-13,广西华创农牧业发展有限公司,,贵港市港北区解放北路龙圣小区1幢A区20、21号,广西壮族自治区/贵港市/港北区,贵港市,冷冻品类,"报价: 报价:
94.5(%)",914508020994519517,,,"序号: 132;标项名称: 冷冻品类;报价: 报价:
94.5(%);中标供应商名称: 广西华创农
牧业发展有
限公司;中标供应商地址: 贵港市港北区解放北路龙圣小区1幢A区
20、21号;统一社会信用代码: 914508020994519517",0.99,"按 PDF 表格行批量抽取;地址视为供应商登记/联系地址,不自动认定为仓储节点。"
rec_8cb0a26a0d35c24e,data/raw/guigang_food_suppliers_310.pdf,file_baf2a03a5bd599d7,government_procurement,8,1,7,贵港市食品供应商中标名单（310条）,2026-05-13,广西康然生态农业有限公司,,南宁市金凯路98号光科技产业园科研楼二,广西壮族自治区/南宁市,贵港市,冷冻品类,"报价: 报价:
94(%)",91450100MA5KDK5M1E,,,"序号: 133;标项名称: 冷冻品类;报价: 报价:
94(%);中标供应商名称: 广西康然生
态农业有限
公司;中标供应商地址: 南宁市金凯路98号光科技产业园科研楼
二;统一社会信用代码: 91450100MA5KDK5M1E",0.99,"按 PDF 表格行批量抽取;地址视为供应商登记/联系地址,不自动认定为仓储节点。"
rec_ba16cc526aea092c,data/raw/guigang_food_suppliers_310.pdf,file_baf2a03a5bd599d7,government_procurement,8,1,8,贵港市食品供应商中标名单（310条）,2026-05-13,广州优链云供应链管理有限公司,,广州市自云区江高镇珠江村巴江东路29号,,贵港市,冷冻品类,"报价: 报价:
95(%)",91440101MA59F2M446,,,"序号: 134;标项名称: 冷冻品类;报价: 报价:
95(%);中标供应商名称: 广州优链云
供应链管理
有限公司;中标供应商地址: 广州市自云区江高镇珠江村巴江东路29
号;统一社会信用代码: 91440101MA59F2M446",0.99,"按 PDF 表格行批量抽取;地址视为供应商登记/联系地址,不自动认定为仓储节点。"
rec_6ca542bf4e690372,data/raw/guigang_food_suppliers_310.pdf,file_baf2a03a5bd599d7,government_procurement,8,1,9,贵港市食品供应商中标名单（310条）,2026-05-13,广西和顺食品有限公司,,贵港市港北区荷城路1108号(中强·荷城世家)77幢15号,广西壮族自治区/贵港市/港北区,贵港市,冷冻品类,"报价: 报价:
95(%)",91450800327350678E,,,"序号: 135;标项名称: 冷冻品类;报价: 报价:
95(%);中标供应商名称: 广西和顺食
品有限公司;中标供应商地址: 贵港市港北区荷城路1108号(中强·荷城
世家)77幢15号;统一社会信用代码: 91450800327350678E",0.99,"按 PDF 表格行批量抽取;地址视为供应商登记/联系地址,不自动认定为仓储节点。"
rec_a97b9b654bb60090,data/raw/guigang_food_suppliers_310.pdf,file_baf2a03a5bd599d7,government_procurement,8,1,10,贵港市食品供应商中标名单（310条）,2026-05-13,广西菜公子供应链管理有限公司,,贵港市港北区中山北路民族文化公园北侧盛世名都·南12幢12-3号二楼,广西壮族自治区/贵港市/港北区,贵港市,冷冻品类,"报价: 报价:
95(%)",91450800MA7ARA7LXL,,,"序号: 136;标项名称: 冷冻品类;报价: 报价:
95(%);中标供应商名称: 广西菜公子
供应链管理
有限公司;中标供应商地址: 贵港市港北区中山北路民族文化公园北
侧盛世名都·南12幢12-3号二楼;统一社会信用代码: 91450800MA7ARA7LXL",0.99,"按 PDF 表格行批量抽取;地址视为供应商登记/联系地址,不自动认定为仓储节点。"
rec_43e9498953e33d85,data/raw/guigang_food_suppliers_310.pdf,file_baf2a03a5bd599d7,government_procurement,8,1,11,贵港市食品供应商中标名单（310条）,2026-05-13,广西力源餐饮管理有限公司,,桂林市叠彩区中山北路122号(原860号)57栋,广西壮族自治区/桂林市/叠彩区,贵港市,冷冻品类,"报价: 报价:
95(%)",91450303MA5PC7XP80,,,"序号: 137;标项名称: 冷冻品类;报价: 报价:
95(%);中标供应商名称: 广西力源餐
饮管理有限
公司;中标供应商地址: 桂林市叠彩区中山北路122号(原860号)57
栋;统一社会信用代码: 91450303MA5PC7XP80",0.99,"按 PDF 表格行批量抽取;地址视为供应商登记/联系地址,不自动认定为仓储节点。"
rec_8f182f36de71c4a6,data/raw/guigang_food_suppliers_310.pdf,file_baf2a03a5bd599d7,government_procurement,8,1,12,贵港市食品供应商中标名单（310条）,2026-05-13,广西晟丰食品有限公司,,贵港市港北区西江产业园区西区六路与西七路交汇处西北角(广西源龙新能源车辆有限公司内),广西壮族自治区/贵港市/港北区,贵港市,冷冻品类,"报价: 报价:
95(%)",91450802MADMGMJU45,,,"序号: 138;标项名称: 冷冻品类;报价: 报价:
95(%);中标供应商名称: 广西晟丰食
品有限公司;中标供应商地址: 贵港市港北区西江产业园区西区六路与
西七路交汇处西北角(广西源龙新能源
车辆有限公司内);统一社会信用代码: 91450802MADMGMJU45",0.99,"按 PDF 表格行批量抽取;地址视为供应商登记/联系地址,不自动认定为仓储节点。"
rec_6068cac77c8c5a09,data/raw/guigang_food_suppliers_310.pdf,file_baf2a03a5bd599d7,government_procurement,8,1,13,贵港市食品供应商中标名单（310条）,2026-05-13,广西二师兄食品有限公司,,南宁市江南区沙井街道办南乡村六组定津路 2 号,广西壮族自治区/南宁市/江南区,贵港市,冷冻品类,"报价: 报价:
94(%)",91450100MA5K9HW54C,,,"序号: 139;标项名称: 冷冻品类;报价: 报价:
94(%);中标供应商名称: 广西二师兄
食品有限公
司;中标供应商地址: 南宁市江南区沙井街道办南乡村六组定
津路 2 号;统一社会信用代码: 91450100MA5K9HW54C",0.99,"按 PDF 表格行批量抽取;地址视为供应商登记/联系地址,不自动认定为仓储节点。"
rec_5051358b1b5bcf51,data/raw/guigang_food_suppliers_310.pdf,file_baf2a03a5bd599d7,government_procurement,8,1,14,贵港市食品供应商中标名单（310条）,2026-05-13,贵港市军霞农副产品贸易有限公司,,贵港市新华路南(七里桥基地南半岛)西南角,广西壮族自治区/贵港市,贵港市,冷冻品类,"报价: 报价:
94(%)",91450802581958195Y,,,"序号: 140;标项名称: 冷冻品类;报价: 报价:
94(%);中标供应商名称: 贵港市军霞
农副产品贸
易有限公司;中标供应商地址: 贵港市新华路南(七里桥基地南半岛)
西南角;统一社会信用代码: 91450802581958195Y",0.99,"按 PDF 表格行批量抽取;地址视为供应商登记/联系地址,不自动认定为仓储节点。"
rec_a5f74d3df43cd09b,data/raw/guigang_food_suppliers_310.pdf,file_baf2a03a5bd599d7,government_procurement,8,1,15,贵港市食品供应商中标名单（310条）,2026-05-13,广西贵港安捷贸易有限公司,,广西壮族自治区贵港市港南区中山南路东侧、江一路南侧金典时代1幢1-1205【一照多址企业】,广西壮族自治区/贵港市/港南区,贵港市,冷冻品类,"报价: 报价:
94(%)",91450800MAC0YKQB4B,,,"序号: 141;标项名称: 冷冻品类;报价: 报价:
94(%);中标供应商名称: 广西贵港安
捷贸易有限
公司;中标供应商地址: 广西壮族自治区贵港市港南区中山南路
东侧、江一路南侧金典时代1幢1-
1205【一照多址企业】;统一社会信用代码: 91450800MAC0YKQB4B",0.99,"按 PDF 表格行批量抽取;地址视为供应商登记/联系地址,不自动认定为仓储节点。"
rec_fcdcbd5c644c9912,data/raw/guigang_food_suppliers_310.pdf,file_baf2a03a5bd599d7,government_procurement,8,1,16,贵港市食品供应商中标名单（310条）,2026-05-13,广西万乡河餐饮集团有限公司,,南宁市广西-东盟经济技术开发区安平路23号(1号厂房),广西壮族自治区/南宁市,贵港市,冷冻品类,"报价: 报价:
93.5(%)",91450100MA5KBGRT7J,,,"序号: 142;标项名称: 冷冻品类;报价: 报价:
93.5(%);中标供应商名称: 广西万乡河
餐饮集团有
限公司;中标供应商地址: 南宁市广西-东盟经济技术开发区安平路
23号(1号厂房);统一社会信用代码: 91450100MA5KBGRT7J",0.99,"按 PDF 表格行批量抽取;地址视为供应商登记/联系地址,不自动认定为仓储节点。"
rec_42a724f99613685e,data/raw/guigang_food_suppliers_310.pdf,file_baf2a03a5bd599d7,government_procurement,8,1,17,贵港市食品供应商中标名单（310条）,2026-05-13,南宁市食桂鲜农产品配送有限公司,,"南宁市江南区五一路101号,南宁市五一中路农贸市场综合楼一楼11号铺面",广西壮族自治区/南宁市/江南区,贵港市,冷冻品类,"报价: 报价:
95(%)",91450100MA5KEA2198,,,"序号: 143;标项名称: 冷冻品类;报价: 报价:
95(%);中标供应商名称: 南宁市食桂
鲜农产品配
送有限公司;中标供应商地址: 南宁市江南区五一路101号,南宁市五一
中路农贸市场综合楼一楼11号铺面;统一社会信用代码: 91450100MA5KEA2198",0.99,"按 PDF 表格行批量抽取;地址视为供应商登记/联系地址,不自动认定为仓储节点。"
rec_75813a62f70946ed,data/raw/guigang_food_suppliers_310.pdf,file_baf2a03a5bd599d7,government_procurement,8,1,18,贵港市食品供应商中标名单（310条）,2026-05-13,桂平市柏泰食品有限公司,,贵港市桂平市西山镇岭头村长蛇岭6队(桂金路中石油加油站旁),广西壮族自治区/贵港市/桂平市,贵港市,冷冻品类,"报价: 报价:
95(%)",91450881MAERC1XEX2,,,"序号: 144;标项名称: 冷冻品类;报价: 报价:
95(%);中标供应商名称: 桂平市柏泰
食品有限公
司;中标供应商地址: 贵港市桂平市西山镇岭头村长蛇岭6队(桂
金路中石油加油站旁);统一社会信用代码: 91450881MAERC1XEX2",0.99,"按 PDF 表格行批量抽取;地址视为供应商登记/联系地址,不自动认定为仓储节点。"
rec_081024fb5408839a,data/raw/guigang_food_suppliers_310.pdf,file_baf2a03a5bd599d7,government_procurement,8,1,19,贵港市食品供应商中标名单（310条）,2026-05-13,广西渔公子配送有限公司,,广西壮族自治区贵港市港北区震塘村三队回头龙岭(港北区中学入口300米)(陈基梅、李毓亮房屋),广西壮族自治区/贵港市/港北区,贵港市,冷冻品类,"报价: 报价:
95(%)",91450800MA7B4DY38A,,,"序号: 145;标项名称: 冷冻品类;报价: 报价:
95(%);中标供应商名称: 广西渔公子
配送有限公
司;中标供应商地址: 广西壮族自治区贵港市港北区震塘村三
队回头龙岭(港北区中学入口300米)
(陈基梅、李毓亮房屋);统一社会信用代码: 91450800MA7B4DY38A",0.99,"按 PDF 表格行批量抽取;地址视为供应商登记/联系地址,不自动认定为仓储节点。"
rec_632e28acf5bd870c,data/raw/guigang_food_suppliers_310.pdf,file_baf2a03a5bd599d7,government_procurement,8,1,20,贵港市食品供应商中标名单（310条）,2026-05-13,广西丹农餐饮有限公司,,"桂林市七星区施家园路西侧,小东江东岸龙隐园I区D2栋别墅(二楼办公室)【一照多址企业]",广西壮族自治区/桂林市/七星区,贵港市,冷冻品类,"报价: 报价:
94(%)",914503005951279748,,,"序号: 146;标项名称: 冷冻品类;报价: 报价:
94(%);中标供应商名称: 广西丹农餐
饮有限公司;中标供应商地址: 桂林市七星区施家园路西侧,小东江东
岸龙隐园I区D2栋别墅(二楼办公室)【一
照多址企业];统一社会信用代码: 914503005951279748",0.99,"按 PDF 表格行批量抽取;地址视为供应商登记/联系地址,不自动认定为仓储节点。"
rec_cca737bc3b7e0554,data/raw/guigang_food_suppliers_310.pdf,file_baf2a03a5bd599d7,government_procurement,9,1,1,贵港市食品供应商中标名单（310条）,2026-05-13,广西中邮物流有限责任公司,,南宁市青秀区金浦路三支路1号广西邮政南宁物流中心及通信调度楼五至七层,广西壮族自治区/南宁市/青秀区,贵港市,冷冻品类,"报价: 报价:
95(%)",91450000759775119K,,,"序号: 147;标项名称: 冷冻品类;报价: 报价:
95(%);中标供应商名称: 广西中邮物
流有限责任
公司;中标供应商地址: 南宁市青秀区金浦路三支路1号广西邮政
南宁物流中心及通信调度楼五至七层;统一社会信用代码: 91450000759775119K",0.99,"按 PDF 表格行批量抽取;地址视为供应商登记/联系地址,不自动认定为仓储节点。"
rec_5431c9882f2c2d8e,data/raw/guigang_food_suppliers_310.pdf,file_baf2a03a5bd599d7,government_procurement,9,1,2,贵港市食品供应商中标名单（310条）,2026-05-13,鑫达联华(广西)商业有限公司,,广西壮族自治区贵港市城东片区港区大道与进港公路交汇处东南侧(广西盐业集团有限公司贵港分公司1号、4号仓库),广西壮族自治区/贵港市,贵港市,冷冻品类,"报价: 报价:
95(%)",91450802MA5MW98146,,,"序号: 148;标项名称: 冷冻品类;报价: 报价:
95(%);中标供应商名称: 鑫达联华
(广西)商
业有限公司;中标供应商地址: 广西壮族自治区贵港市城东片区港区大
道与进港公路交汇处东南侧(广西盐业
集团有限公司贵港分公司1号、4号仓
库);统一社会信用代码: 91450802MA5MW98146",0.99,"按 PDF 表格行批量抽取;地址视为供应商登记/联系地址,不自动认定为仓储节点。"
rec_7b213bed9e5720e2,data/raw/guigang_food_suppliers_310.pdf,file_baf2a03a5bd599d7,government_procurement,9,1,3,贵港市食品供应商中标名单（310条）,2026-05-13,贵港市泓泰商贸有限公司,,广西壮族自治区贵港市港南区江南街道办江一路128号122室,广西壮族自治区/贵港市/港南区,贵港市,冷冻品类,"报价: 报价:
95(%)",91450800MA5QJ00DXY,,,"序号: 149;标项名称: 冷冻品类;报价: 报价:
95(%);中标供应商名称: 贵港市泓泰
商贸有限公
司;中标供应商地址: 广西壮族自治区贵港市港南区江南街道
办江一路128号122室;统一社会信用代码: 91450800MA5QJ00DXY",0.99,"按 PDF 表格行批量抽取;地址视为供应商登记/联系地址,不自动认定为仓储节点。"
rec_2ec75e90abb36d1c,data/raw/guigang_food_suppliers_310.pdf,file_baf2a03a5bd599d7,government_procurement,9,1,4,贵港市食品供应商中标名单（310条）,2026-05-13,广西天华盛隆餐饮管理有限公司,,南宁市江南区白沙大道38-8号综合楼(北楼)25层2501、2502、2503、2503A号商铺,广西壮族自治区/南宁市/江南区,贵港市,冷冻品类,"报价: 报价:
95(%)",91450100315922835G,,,"序号: 150;标项名称: 冷冻品类;报价: 报价:
95(%);中标供应商名称: 广西天华盛
隆餐饮管理
有限公司;中标供应商地址: 南宁市江南区白沙大道38-8号综合楼(北
楼)25层2501、2502、2503、2503A号商
铺;统一社会信用代码: 91450100315922835G",0.99,"按 PDF 表格行批量抽取;地址视为供应商登记/联系地址,不自动认定为仓储节点。"
rec_ab36def9bfa1bee4,data/raw/guigang_food_suppliers_310.pdf,file_baf2a03a5bd599d7,government_procurement,9,1,5,贵港市食品供应商中标名单（310条）,2026-05-13,广西泓峻供应链管理有限公司,,贵港市港北区西江科技创新产业城狮岭西路与西二路交汇处西南角(广西三雄机械设备有限公司产品检测楼5楼502室),广西壮族自治区/贵港市/港北区,贵港市,冷冻品类,"报价: 报价:
94.5(%)",91450800MAK2HP612D,,,"序号: 151;标项名称: 冷冻品类;报价: 报价:
94.5(%);中标供应商名称: 广西泓峻供
应链管理有
限公司;中标供应商地址: 贵港市港北区西江科技创新产业城狮岭
西路与西二路交汇处西南角(广西三雄
机械设备有限公司产品检测楼5楼502
室);统一社会信用代码: 91450800MAK2HP612D",0.99,"按 PDF 表格行批量抽取;地址视为供应商登记/联系地址,不自动认定为仓储节点。"
rec_1bd28d9816ac3641,data/raw/guigang_food_suppliers_310.pdf,file_baf2a03a5bd599d7,government_procurement,9,1,6,贵港市食品供应商中标名单（310条）,2026-05-13,广西柏力食品有限公司,,平南县工业园区,广西壮族自治区/贵港市/平南县,贵港市,冷冻品类,"报价: 报价:
95(%)",91450821310135955K,,,"序号: 152;标项名称: 冷冻品类;报价: 报价:
95(%);中标供应商名称: 广西柏力食
品有限公司;中标供应商地址: 平南县工业园区;统一社会信用代码: 91450821310135955K",0.99,"按 PDF 表格行批量抽取;地址视为供应商登记/联系地址,不自动认定为仓储节点。"
rec_48dc74150e77ffbc,data/raw/guigang_food_suppliers_310.pdf,file_baf2a03a5bd599d7,government_procurement,9,1,7,贵港市食品供应商中标名单（310条）,2026-05-13,广西桂平市唐吉食品有限公司,,广西桂平市长安工业区广西玮力裕电子科技有限公司2号厂房第5层,广西壮族自治区/贵港市/桂平市,贵港市,冷冻品类,"报价: 报价:
95(%)",91450881MA5L7C6N28,,,"序号: 153;标项名称: 冷冻品类;报价: 报价:
95(%);中标供应商名称: 广西桂平市
唐吉食品有
限公司;中标供应商地址: 广西桂平市长安工业区广西玮力裕电子
科技有限公司2号厂房第5层;统一社会信用代码: 91450881MA5L7C6N28",0.99,"按 PDF 表格行批量抽取;地址视为供应商登记/联系地址,不自动认定为仓储节点。"
rec_49703041d7097569,data/raw/guigang_food_suppliers_310.pdf,file_baf2a03a5bd599d7,government_procurement,9,1,8,贵港市食品供应商中标名单（310条）,2026-05-13,贵港市郁江味来食品有限公司,,广西壮族自治区贵港市港北区港城街道金港大道12队小区二十一巷55号院,广西壮族自治区/贵港市/港北区,贵港市,冷冻品类,"报价: 报价:
95(%)",91450800MAEFQ4FD06,,,"序号: 154;标项名称: 冷冻品类;报价: 报价:
95(%);中标供应商名称: 贵港市郁江
味来食品有
限公司;中标供应商地址: 广西壮族自治区贵港市港北区港城街道
金港大道12队小区二十一巷55号院;统一社会信用代码: 91450800MAEFQ4FD06",0.99,"按 PDF 表格行批量抽取;地址视为供应商登记/联系地址,不自动认定为仓储节点。"
rec_689ab83e3576cb18,data/raw/guigang_food_suppliers_310.pdf,file_baf2a03a5bd599d7,government_procurement,9,1,9,贵港市食品供应商中标名单（310条）,2026-05-13,广西爱食鲜农产品有限公司,,南宁市良庆区博艺路10号金源一品2号楼二十五层2502号房,广西壮族自治区/南宁市/良庆区,贵港市,冷冻品类,"报价: 报价:
95(%)",91450108MA5NB8C99Y,,,"序号: 155;标项名称: 冷冻品类;报价: 报价:
95(%);中标供应商名称: 广西爱食鲜
农产品有限
公司;中标供应商地址: 南宁市良庆区博艺路10号金源一品2号楼
二十五层2502号房;统一社会信用代码: 91450108MA5NB8C99Y",0.99,"按 PDF 表格行批量抽取;地址视为供应商登记/联系地址,不自动认定为仓储节点。"
rec_7b7f1f3fcf557114,data/raw/guigang_food_suppliers_310.pdf,file_baf2a03a5bd599d7,government_procurement,9,1,10,贵港市食品供应商中标名单（310条）,2026-05-13,广西扬凯供应链管理有限公司,,广西壮族自治区贵港市港北区贵城街道贵港市西江科技创新产业城狮岭西路与西二路交汇处西南角(广西三雄机械设备有限公司1#厂房内)),广西壮族自治区/贵港市/港北区,贵港市,冷冻品类,"报价: 报价:
94(%)",91450800MA5QBCXP7A,,,"序号: 156;标项名称: 冷冻品类;报价: 报价:
94(%);中标供应商名称: 广西扬凯供
应链管理有
限公司;中标供应商地址: 广西壮族自治区贵港市港北区贵城街道
贵港市西江科技创新产业城狮岭西路与
西二路交汇处西南角(广西三雄机械设
备有限公司1#厂房内));统一社会信用代码: 91450800MA5QBCXP7A",0.99,"按 PDF 表格行批量抽取;地址视为供应商登记/联系地址,不自动认定为仓储节点。"
rec_d0922b601666259a,data/raw/guigang_food_suppliers_310.pdf,file_baf2a03a5bd599d7,government_procurement,9,1,11,贵港市食品供应商中标名单（310条）,2026-05-13,广西南宁明璨贸易有限公司,,南宁市青秀区竹溪南路8号新新家园邕江云影A栋2单元0601号房,广西壮族自治区/南宁市/青秀区,贵港市,冷冻品类,"报价: 报价:
95(%)",91450100559421383N,,,"序号: 157;标项名称: 冷冻品类;报价: 报价:
95(%);中标供应商名称: 广西南宁明
璨贸易有限
公司;中标供应商地址: 南宁市青秀区竹溪南路8号新新家园邕
江云影A栋2单元0601号房;统一社会信用代码: 91450100559421383N",0.99,"按 PDF 表格行批量抽取;地址视为供应商登记/联系地址,不自动认定为仓储节点。"
rec_4785731224ad94ca,data/raw/guigang_food_suppliers_310.pdf,file_baf2a03a5bd599d7,government_procurement,9,1,12,贵港市食品供应商中标名单（310条）,2026-05-13,贵港市军霞农副产品贸易有限公司,,贵港市新华路南(七里桥基地南半岛)西南角,广西壮族自治区/贵港市,贵港市,蛋品类,"报价: 报价:
94(%)",91450802581958195Y,,,"序号: 158;标项名称: 蛋品类;报价: 报价:
94(%);中标供应商名称: 贵港市军霞
农副产品贸
易有限公司;中标供应商地址: 贵港市新华路南(七里桥基地南半岛)
西南角;统一社会信用代码: 91450802581958195Y",0.99,"按 PDF 表格行批量抽取;地址视为供应商登记/联系地址,不自动认定为仓储节点。"
rec_a6f0400760cf05e6,data/raw/guigang_food_suppliers_310.pdf,file_baf2a03a5bd599d7,government_procurement,9,1,13,贵港市食品供应商中标名单（310条）,2026-05-13,广西菜公子供应链管理有限公司,,贵港市港北区中山北路民族文化公园北侧盛世名都·南12幢12-3号二楼,广西壮族自治区/贵港市/港北区,贵港市,蛋品类,"报价: 报价:
95(%)",91450800MA7ARA7LXL,,,"序号: 159;标项名称: 蛋品类;报价: 报价:
95(%);中标供应商名称: 广西菜公子
供应链管理
有限公司;中标供应商地址: 贵港市港北区中山北路民族文化公园北
侧盛世名都·南12幢12-3号二楼;统一社会信用代码: 91450800MA7ARA7LXL",0.99,"按 PDF 表格行批量抽取;地址视为供应商登记/联系地址,不自动认定为仓储节点。"
rec_2db7619545b8cc94,data/raw/guigang_food_suppliers_310.pdf,file_baf2a03a5bd599d7,government_procurement,9,1,14,贵港市食品供应商中标名单（310条）,2026-05-13,广西鲜牧食品贸易有限公司,,贵城街道同济大道与江北东路交汇处东北角(原贵港市西江食品饮料厂)(C区C1-C10号铺),广西壮族自治区/贵港市,贵港市,蛋品类,"报价: 报价:
95(%)",91450800MA5PCJFM1N,,,"序号: 160;标项名称: 蛋品类;报价: 报价:
95(%);中标供应商名称: 广西鲜牧食
品贸易有限
公司;中标供应商地址: 贵城街道同济大道与江北东路交汇处东
北角(原贵港市西江食品饮料厂)(C区
C1-C10号铺);统一社会信用代码: 91450800MA5PCJFM1N",0.99,"按 PDF 表格行批量抽取;地址视为供应商登记/联系地址,不自动认定为仓储节点。"
rec_5497879d46c5638a,data/raw/guigang_food_suppliers_310.pdf,file_baf2a03a5bd599d7,government_procurement,9,1,15,贵港市食品供应商中标名单（310条）,2026-05-13,鑫达联华(广西)商业有限公司,,广西壮族自治区贵港市城东片区港区大道与进港公路交汇处东南侧(广西盐业集团有限公司贵港分公司1号、4号仓库),广西壮族自治区/贵港市,贵港市,蛋品类,"报价: 报价:
95(%)",91450802MA5MW98146,,,"序号: 161;标项名称: 蛋品类;报价: 报价:
95(%);中标供应商名称: 鑫达联华
(广西)商
业有限公司;中标供应商地址: 广西壮族自治区贵港市城东片区港区大
道与进港公路交汇处东南侧(广西盐业
集团有限公司贵港分公司1号、4号仓
库);统一社会信用代码: 91450802MA5MW98146",0.99,"按 PDF 表格行批量抽取;地址视为供应商登记/联系地址,不自动认定为仓储节点。"
rec_3e4980fc5cc9a4ee,data/raw/guigang_food_suppliers_310.pdf,file_baf2a03a5bd599d7,government_procurement,9,1,16,贵港市食品供应商中标名单（310条）,2026-05-13,广西贵港市华宇肉类加工配送有限公司,,金田路安居市场A区A1-31号,广西壮族自治区/贵港市,贵港市,蛋品类,"报价: 报价:
94(%)",914508006750422333,,,"序号: 162;标项名称: 蛋品类;报价: 报价:
94(%);中标供应商名称: 广西贵港市
华宇肉类加
工配送有限
公司;中标供应商地址: 金田路安居市场A区A1-31号;统一社会信用代码: 914508006750422333",0.99,"按 PDF 表格行批量抽取;地址视为供应商登记/联系地址,不自动认定为仓储节点。"
rec_0d4f671c53171b1e,data/raw/guigang_food_suppliers_310.pdf,file_baf2a03a5bd599d7,government_procurement,9,1,17,贵港市食品供应商中标名单（310条）,2026-05-13,广西晟丰食品有限公司,,贵港市港北区西江产业园区西区六路与西七路交汇处西北角(广西源龙新能源车辆有限公司内),广西壮族自治区/贵港市/港北区,贵港市,蛋品类,"报价: 报价:
95(%)",91450802MADMGMJU45,,,"序号: 163;标项名称: 蛋品类;报价: 报价:
95(%);中标供应商名称: 广西晟丰食
品有限公司;中标供应商地址: 贵港市港北区西江产业园区西区六路与
西七路交汇处西北角(广西源龙新能源
车辆有限公司内);统一社会信用代码: 91450802MADMGMJU45",0.99,"按 PDF 表格行批量抽取;地址视为供应商登记/联系地址,不自动认定为仓储节点。"
rec_c262aef251790c5e,data/raw/guigang_food_suppliers_310.pdf,file_baf2a03a5bd599d7,government_procurement,9,1,18,贵港市食品供应商中标名单（310条）,2026-05-13,广西桂平市唐吉食品有限公司,,广西桂平市长安工业区广西玮力裕电子科技有限公司2号厂房第5层,广西壮族自治区/贵港市/桂平市,贵港市,蛋品类,"报价: 报价:
95(%)",91450881MA5L7C6N28,,,"序号: 164;标项名称: 蛋品类;报价: 报价:
95(%);中标供应商名称: 广西桂平市
唐吉食品有
限公司;中标供应商地址: 广西桂平市长安工业区广西玮力裕电子
科技有限公司2号厂房第5层;统一社会信用代码: 91450881MA5L7C6N28",0.99,"按 PDF 表格行批量抽取;地址视为供应商登记/联系地址,不自动认定为仓储节点。"
rec_e7c7c65a437fecf8,data/raw/guigang_food_suppliers_310.pdf,file_baf2a03a5bd599d7,government_procurement,9,1,19,贵港市食品供应商中标名单（310条）,2026-05-13,广西捷邦贸易有限公司,,广西南宁市良庆区金龙路2号万科大厦B座1146,广西壮族自治区/南宁市/良庆区,贵港市,蛋品类,"报价: 报价:
93(%)",91450108MA5P51KA86,,,"序号: 165;标项名称: 蛋品类;报价: 报价:
93(%);中标供应商名称: 广西捷邦贸
易有限公司;中标供应商地址: 广西南宁市良庆区金龙路2号万科大厦B
座1146;统一社会信用代码: 91450108MA5P51KA86",0.99,"按 PDF 表格行批量抽取;地址视为供应商登记/联系地址,不自动认定为仓储节点。"
rec_5f7cfdc4683ae71a,data/raw/guigang_food_suppliers_310.pdf,file_baf2a03a5bd599d7,government_procurement,10,1,1,贵港市食品供应商中标名单（310条）,2026-05-13,广西和顺食品有限公司,,贵港市港北区荷城路1108号(中强·荷城世家)77幢15号,广西壮族自治区/贵港市/港北区,贵港市,蛋品类,"报价: 报价:
95(%)",91450800327350678E,,,"序号: 166;标项名称: 蛋品类;报价: 报价:
95(%);中标供应商名称: 广西和顺食
品有限公司;中标供应商地址: 贵港市港北区荷城路1108号(中强·荷城
世家)77幢15号;统一社会信用代码: 91450800327350678E",0.99,"按 PDF 表格行批量抽取;地址视为供应商登记/联系地址,不自动认定为仓储节点。"
rec_8dfc2cdb32a5c91c,data/raw/guigang_food_suppliers_310.pdf,file_baf2a03a5bd599d7,government_procurement,10,1,2,贵港市食品供应商中标名单（310条）,2026-05-13,广西华鲁贸易有限公司,,贵港市港北区解放路正骨街一巷,广西壮族自治区/贵港市/港北区,贵港市,蛋品类,"报价: 报价:
94(%)",91450800MA5MWP0H8X,,,"序号: 167;标项名称: 蛋品类;报价: 报价:
94(%);中标供应商名称: 广西华鲁贸
易有限公司;中标供应商地址: 贵港市港北区解放路正骨街一巷;统一社会信用代码: 91450800MA5MWP0H8X",0.99,"按 PDF 表格行批量抽取;地址视为供应商登记/联系地址,不自动认定为仓储节点。"
rec_4710b6eecf7800ef,data/raw/guigang_food_suppliers_310.pdf,file_baf2a03a5bd599d7,government_procurement,10,1,3,贵港市食品供应商中标名单（310条）,2026-05-13,贵港市亿海商贸有限公司,,贵港市港北区城区城东车站东侧(大圩路震塘村大蔗区)2楼,广西壮族自治区/贵港市/港北区,贵港市,蛋品类,"报价: 报价:
95(%)",91450802MAD8L96567,,,"序号: 168;标项名称: 蛋品类;报价: 报价:
95(%);中标供应商名称: 贵港市亿海
商贸有限公
司;中标供应商地址: 贵港市港北区城区城东车站东侧(大圩
路震塘村大蔗区)2楼;统一社会信用代码: 91450802MAD8L96567",0.99,"按 PDF 表格行批量抽取;地址视为供应商登记/联系地址,不自动认定为仓储节点。"
rec_62f251815e2caad3,data/raw/guigang_food_suppliers_310.pdf,file_baf2a03a5bd599d7,government_procurement,10,1,4,贵港市食品供应商中标名单（310条）,2026-05-13,广西力源餐饮管理有限公司,,桂林市叠彩区中山北路122号(原860号)57栋,广西壮族自治区/桂林市/叠彩区,贵港市,蛋品类,"报价: 报价:
95(%)",91450303MA5PC7XP80,,,"序号: 169;标项名称: 蛋品类;报价: 报价:
95(%);中标供应商名称: 广西力源餐
饮管理有限
公司;中标供应商地址: 桂林市叠彩区中山北路122号(原860号)57
栋;统一社会信用代码: 91450303MA5PC7XP80",0.99,"按 PDF 表格行批量抽取;地址视为供应商登记/联系地址,不自动认定为仓储节点。"
rec_9086856e62c358c2,data/raw/guigang_food_suppliers_310.pdf,file_baf2a03a5bd599d7,government_procurement,10,1,5,贵港市食品供应商中标名单（310条）,2026-05-13,广西积木鱼供应链有限公司,,同济大道与高铁路交汇处东住所北角(广西宁铁资产投资开发有限公司北海分公司房屋),广西壮族自治区/北海市,贵港市,蛋品类,"报价: 报价:
95(%)",91450800MAD5QY6U3N,,,"序号: 170;标项名称: 蛋品类;报价: 报价:
95(%);中标供应商名称: 广西积木鱼
供应链有限
公司;中标供应商地址: 同济大道与高铁路交汇处东住所北角(广
西宁铁资产投资开发有限公司北海分公
司房屋);统一社会信用代码: 91450800MAD5QY6U3N",0.99,"按 PDF 表格行批量抽取;地址视为供应商登记/联系地址,不自动认定为仓储节点。"
rec_2ce7fae616e79325,data/raw/guigang_food_suppliers_310.pdf,file_baf2a03a5bd599d7,government_procurement,10,1,6,贵港市食品供应商中标名单（310条）,2026-05-13,广西泓峻供应链管理有限公司,,贵港市港北区西江科技创新产业城狮岭西路与西二路交汇处西南角(广西三雄机械设备有限公司产品检测楼5楼502室),广西壮族自治区/贵港市/港北区,贵港市,蛋品类,"报价: 报价:
94.5(%)",91450800MAK2HP612D,,,"序号: 171;标项名称: 蛋品类;报价: 报价:
94.5(%);中标供应商名称: 广西泓峻供
应链管理有
限公司;中标供应商地址: 贵港市港北区西江科技创新产业城狮岭
西路与西二路交汇处西南角(广西三雄
机械设备有限公司产品检测楼5楼502
室);统一社会信用代码: 91450800MAK2HP612D",0.99,"按 PDF 表格行批量抽取;地址视为供应商登记/联系地址,不自动认定为仓储节点。"
rec_ab1425eea58a0469,data/raw/guigang_food_suppliers_310.pdf,file_baf2a03a5bd599d7,government_procurement,10,1,7,贵港市食品供应商中标名单（310条）,2026-05-13,广西宜家鲜供应链有限公司,,南宁市金凯路106号联东U谷南宁经开科技港标准厂房4号厂房102号房一、二楼,广西壮族自治区/南宁市,贵港市,蛋品类,"报价: 报价:
95(%)",91451203MACHA7TF51,,,"序号: 172;标项名称: 蛋品类;报价: 报价:
95(%);中标供应商名称: 广西宜家鲜
供应链有限
公司;中标供应商地址: 南宁市金凯路106号联东U谷南宁经开科
技港标准厂房4号厂房102号房一、二楼;统一社会信用代码: 91451203MACHA7TF51",0.99,"按 PDF 表格行批量抽取;地址视为供应商登记/联系地址,不自动认定为仓储节点。"
rec_f9e320cc60d63779,data/raw/guigang_food_suppliers_310.pdf,file_baf2a03a5bd599d7,government_procurement,10,1,8,贵港市食品供应商中标名单（310条）,2026-05-13,广西桂平绿顺康农业开发有限公司,,广西壮族自治区贵港市桂平市西山镇风凰新区金凤凰商业中心第10幢1号,广西壮族自治区/贵港市/桂平市,贵港市,蛋品类,"报价: 报价:
95(%)",91450881MACH6Y3B9F,,,"序号: 173;标项名称: 蛋品类;报价: 报价:
95(%);中标供应商名称: 广西桂平绿
顺康农业开
发有限公司;中标供应商地址: 广西壮族自治区贵港市桂平市西山镇风
凰新区金凤凰商业中心第10幢1号;统一社会信用代码: 91450881MACH6Y3B9F",0.99,"按 PDF 表格行批量抽取;地址视为供应商登记/联系地址,不自动认定为仓储节点。"
rec_90cc1ca2d9afd1f0,data/raw/guigang_food_suppliers_310.pdf,file_baf2a03a5bd599d7,government_procurement,10,1,9,贵港市食品供应商中标名单（310条）,2026-05-13,广西捷奥食品配送有限公司,,广西壮族自治区贵港市港北区西江产业园所西四路与西一路交汇处西北角(新宇电气科技有限责任公司厂区宿舍楼),广西壮族自治区/贵港市/港北区,贵港市,蛋品类,"报价: 报价:
95(%)",91450800MADP8R0P55,,,"序号: 174;标项名称: 蛋品类;报价: 报价:
95(%);中标供应商名称: 广西捷奥食
品配送有限
公司;中标供应商地址: 广西壮族自治区贵港市港北区西江产业
园所西四路与西一路交汇处西北角(新宇
电气科技有限责任公司厂区宿舍楼);统一社会信用代码: 91450800MADP8R0P55",0.99,"按 PDF 表格行批量抽取;地址视为供应商登记/联系地址,不自动认定为仓储节点。"
rec_27e8cb559be78c54,data/raw/guigang_food_suppliers_310.pdf,file_baf2a03a5bd599d7,government_procurement,10,1,10,贵港市食品供应商中标名单（310条）,2026-05-13,广西桂平市润兴供应链管理有限责任公司,,广西壮族自治区贵港市桂平市寻旺乡桂平市长安工业区集中区玮力裕科技园2#3层西边场地,广西壮族自治区/贵港市/桂平市,贵港市,蛋品类,"报价: 报价:
95(%)",91450881MADC9DHF7J,,,"序号: 175;标项名称: 蛋品类;报价: 报价:
95(%);中标供应商名称: 广西桂平市
润兴供应链
管理有限责
任公司;中标供应商地址: 广西壮族自治区贵港市桂平市寻旺乡桂
平市长安工业区集中区玮力裕科技园2#3
层西边场地;统一社会信用代码: 91450881MADC9DHF7J",0.99,"按 PDF 表格行批量抽取;地址视为供应商登记/联系地址,不自动认定为仓储节点。"
rec_1d09809cd0c4c4cd,data/raw/guigang_food_suppliers_310.pdf,file_baf2a03a5bd599d7,government_procurement,10,1,11,贵港市食品供应商中标名单（310条）,2026-05-13,贵港市三顺食品有限公司,,贵港市港北区西江农场旧纸厂冷库北面A区,广西壮族自治区/贵港市/港北区,贵港市,蛋品类,"报价: 报价:
94(%)",91450803MA5N4AEH47,,,"序号: 176;标项名称: 蛋品类;报价: 报价:
94(%);中标供应商名称: 贵港市三顺
食品有限公
司;中标供应商地址: 贵港市港北区西江农场旧纸厂冷库北面A
区;统一社会信用代码: 91450803MA5N4AEH47",0.99,"按 PDF 表格行批量抽取;地址视为供应商登记/联系地址,不自动认定为仓储节点。"
rec_13cfd912e819d73c,data/raw/guigang_food_suppliers_310.pdf,file_baf2a03a5bd599d7,government_procurement,10,1,12,贵港市食品供应商中标名单（310条）,2026-05-13,南宁市食桂鲜农产品配送有限公司,,"南宁市江南区五一路101号,南宁市五一中路农贸市场综合楼一楼11号铺面",广西壮族自治区/南宁市/江南区,贵港市,蛋品类,"报价: 报价:
95(%)",91450100MA5KEA2198,,,"序号: 177;标项名称: 蛋品类;报价: 报价:
95(%);中标供应商名称: 南宁市食桂
鲜农产品配
送有限公司;中标供应商地址: 南宁市江南区五一路101号,南宁市五一
中路农贸市场综合楼一楼11号铺面;统一社会信用代码: 91450100MA5KEA2198",0.99,"按 PDF 表格行批量抽取;地址视为供应商登记/联系地址,不自动认定为仓储节点。"
rec_dde59592f14f6ece,data/raw/guigang_food_suppliers_310.pdf,file_baf2a03a5bd599d7,government_procurement,10,1,13,贵港市食品供应商中标名单（310条）,2026-05-13,桂平圆石门畜牧养殖有限公司,,贵港市桂平市西山镇西山村17队(蝴蝶岭小区双孖石屯30号),广西壮族自治区/贵港市/桂平市,贵港市,蛋品类,"报价: 报价:
95(%)",91450881MABWATHF0F,,,"序号: 178;标项名称: 蛋品类;报价: 报价:
95(%);中标供应商名称: 桂平圆石门
畜牧养殖有
限公司;中标供应商地址: 贵港市桂平市西山镇西山村17队(蝴蝶岭
小区双孖石屯30号);统一社会信用代码: 91450881MABWATHF0F",0.99,"按 PDF 表格行批量抽取;地址视为供应商登记/联系地址,不自动认定为仓储节点。"
rec_63546613cab6af2e,data/raw/guigang_food_suppliers_310.pdf,file_baf2a03a5bd599d7,government_procurement,10,1,14,贵港市食品供应商中标名单（310条）,2026-05-13,广州优链云供应链管理有限公司,,广州市自云区江高镇珠江村巴江东路29号,,贵港市,蛋品类,"报价: 报价:
95(%)",91440101MA59F2M446,,,"序号: 179;标项名称: 蛋品类;报价: 报价:
95(%);中标供应商名称: 广州优链云
供应链管理
有限公司;中标供应商地址: 广州市自云区江高镇珠江村巴江东路29
号;统一社会信用代码: 91440101MA59F2M446",0.99,"按 PDF 表格行批量抽取;地址视为供应商登记/联系地址,不自动认定为仓储节点。"
rec_142374148e84db7e,data/raw/guigang_food_suppliers_310.pdf,file_baf2a03a5bd599d7,government_procurement,10,1,15,贵港市食品供应商中标名单（310条）,2026-05-13,贵港市郁江味来食品有限公司,,广西壮族自治区贵港市港北区港城街道金港大道12队小区二十一巷55号院,广西壮族自治区/贵港市/港北区,贵港市,蛋品类,"报价: 报价:
95(%)",91450800MAEFQ4FD06,,,"序号: 180;标项名称: 蛋品类;报价: 报价:
95(%);中标供应商名称: 贵港市郁江
味来食品有
限公司;中标供应商地址: 广西壮族自治区贵港市港北区港城街道
金港大道12队小区二十一巷55号院;统一社会信用代码: 91450800MAEFQ4FD06",0.99,"按 PDF 表格行批量抽取;地址视为供应商登记/联系地址,不自动认定为仓储节点。"
rec_d050db2f0b0622e6,data/raw/guigang_food_suppliers_310.pdf,file_baf2a03a5bd599d7,government_procurement,10,1,16,贵港市食品供应商中标名单（310条）,2026-05-13,桂平市百越食品有限公司,,广西壮族自治区贵港市桂平市西山镇凤凰新区金凤凰商业中心第11幢26号,广西壮族自治区/贵港市/桂平市,贵港市,蛋品类,"报价: 报价:
95(%)",91450881MAE81GMB9Y,,,"序号: 181;标项名称: 蛋品类;报价: 报价:
95(%);中标供应商名称: 桂平市百越
食品有限公
司;中标供应商地址: 广西壮族自治区贵港市桂平市西山镇凤
凰新区金凤凰商业中心第11幢26号;统一社会信用代码: 91450881MAE81GMB9Y",0.99,"按 PDF 表格行批量抽取;地址视为供应商登记/联系地址,不自动认定为仓储节点。"
rec_76ecf92f2813f500,data/raw/guigang_food_suppliers_310.pdf,file_baf2a03a5bd599d7,government_procurement,10,1,17,贵港市食品供应商中标名单（310条）,2026-05-13,广西艺博农产品有限公司,,广西壮族自治区贵港市港北区港城街道金港大道东段北侧永隆市场小区第二排(黄敏华房屋)一楼,广西壮族自治区/贵港市/港北区,贵港市,蛋品类,"报价: 报价:
95(%)",91450800MAEHM3EW7C,,,"序号: 182;标项名称: 蛋品类;报价: 报价:
95(%);中标供应商名称: 广西艺博农
产品有限公
司;中标供应商地址: 广西壮族自治区贵港市港北区港城街道
金港大道东段北侧永隆市场小区第二排
(黄敏华房屋)一楼;统一社会信用代码: 91450800MAEHM3EW7C",0.99,"按 PDF 表格行批量抽取;地址视为供应商登记/联系地址,不自动认定为仓储节点。"
rec_ae3aa98c3a7cd6e0,data/raw/guigang_food_suppliers_310.pdf,file_baf2a03a5bd599d7,government_procurement,10,1,18,贵港市食品供应商中标名单（310条）,2026-05-13,广西二师兄食品有限公司,,南宁市江南区沙井街道办南乡村六组定津路 2 号,广西壮族自治区/南宁市/江南区,贵港市,蛋品类,"报价: 报价:
94(%)",91450100MA5K9HW54C,,,"序号: 183;标项名称: 蛋品类;报价: 报价:
94(%);中标供应商名称: 广西二师兄
食品有限公
司;中标供应商地址: 南宁市江南区沙井街道办南乡村六组定
津路 2 号;统一社会信用代码: 91450100MA5K9HW54C",0.99,"按 PDF 表格行批量抽取;地址视为供应商登记/联系地址,不自动认定为仓储节点。"
rec_c497b7fe8f383dbd,data/raw/guigang_food_suppliers_310.pdf,file_baf2a03a5bd599d7,government_procurement,10,1,19,贵港市食品供应商中标名单（310条）,2026-05-13,贵港圣人食品有限公司,,贵港市港北区荷城路天之和品牌家具中心东C5幢原员工食堂,广西壮族自治区/贵港市/港北区,贵港市,大米类,"报价: 报价:
95(%)",91450802MAA7FMAP1U,,,"序号: 184;标项名称: 大米类;报价: 报价:
95(%);中标供应商名称: 贵港圣人食
品有限公司;中标供应商地址: 贵港市港北区荷城路天之和品牌家具中
心东C5幢原员工食堂;统一社会信用代码: 91450802MAA7FMAP1U",0.99,"按 PDF 表格行批量抽取;地址视为供应商登记/联系地址,不自动认定为仓储节点。"
rec_0d037a79ca875af6,data/raw/guigang_food_suppliers_310.pdf,file_baf2a03a5bd599d7,government_procurement,10,1,20,贵港市食品供应商中标名单（310条）,2026-05-13,广西鲜牧食品贸易有限公司,,贵城街道同济大道与江北东路交汇处东北角(原贵港市西江食品饮料厂)(C区C1-C10号铺),广西壮族自治区/贵港市,贵港市,大米类,"报价: 报价:
95(%)",91450800MA5PCJFM1N,,,"序号: 185;标项名称: 大米类;报价: 报价:
95(%);中标供应商名称: 广西鲜牧食
品贸易有限
公司;中标供应商地址: 贵城街道同济大道与江北东路交汇处东
北角(原贵港市西江食品饮料厂)(C区
C1-C10号铺);统一社会信用代码: 91450800MA5PCJFM1N",0.99,"按 PDF 表格行批量抽取;地址视为供应商登记/联系地址,不自动认定为仓储节点。"
rec_53342cd9a3177aff,data/raw/guigang_food_suppliers_310.pdf,file_baf2a03a5bd599d7,government_procurement,11,1,1,贵港市食品供应商中标名单（310条）,2026-05-13,贵港市浩利商贸有限公司,,广西壮族自治区贵港市港北区金港大道西段南侧(第六地质队西)金港仓库5-1号,广西壮族自治区/贵港市/港北区,贵港市,大米类,"报价: 报价:
94(%)",91450804MAA7PUPE3Q,,,"序号: 186;标项名称: 大米类;报价: 报价:
94(%);中标供应商名称: 贵港市浩利
商贸有限公
司;中标供应商地址: 广西壮族自治区贵港市港北区金港大道
西段南侧(第六地质队西)金港仓库5-1号;统一社会信用代码: 91450804MAA7PUPE3Q",0.99,"按 PDF 表格行批量抽取;地址视为供应商登记/联系地址,不自动认定为仓储节点。"
rec_781d4d5ef0e34b23,data/raw/guigang_food_suppliers_310.pdf,file_baf2a03a5bd599d7,government_procurement,11,1,2,贵港市食品供应商中标名单（310条）,2026-05-13,贵港市兴华商贸有限公司,,贵港市港北区金港大道工商建材市场商住楼三楼,广西壮族自治区/贵港市/港北区,贵港市,大米类,"报价: 报价:
93(%)",91450802685191988G,,,"序号: 187;标项名称: 大米类;报价: 报价:
93(%);中标供应商名称: 贵港市兴华
商贸有限公
司;中标供应商地址: 贵港市港北区金港大道工商建材市场商
住楼三楼;统一社会信用代码: 91450802685191988G",0.99,"按 PDF 表格行批量抽取;地址视为供应商登记/联系地址,不自动认定为仓储节点。"
rec_752d93cb187ff2bc,data/raw/guigang_food_suppliers_310.pdf,file_baf2a03a5bd599d7,government_procurement,11,1,3,贵港市食品供应商中标名单（310条）,2026-05-13,桂平市柏泰食品有限公司,,贵港市桂平市西山镇岭头村长蛇岭6队(桂金路中石油加油站旁),广西壮族自治区/贵港市/桂平市,贵港市,大米类,"报价: 报价:
95(%)",91450881MAERC1XEX2,,,"序号: 188;标项名称: 大米类;报价: 报价:
95(%);中标供应商名称: 桂平市柏泰
食品有限公
司;中标供应商地址: 贵港市桂平市西山镇岭头村长蛇岭6队(桂
金路中石油加油站旁);统一社会信用代码: 91450881MAERC1XEX2",0.99,"按 PDF 表格行批量抽取;地址视为供应商登记/联系地址,不自动认定为仓储节点。"
rec_62a0e1e45cc74351,data/raw/guigang_food_suppliers_310.pdf,file_baf2a03a5bd599d7,government_procurement,11,1,4,贵港市食品供应商中标名单（310条）,2026-05-13,广西桂平市唐吉食品有限公司,,广西桂平市长安工业区广西玮力裕电子科技有限公司2号厂房第5层,广西壮族自治区/贵港市/桂平市,贵港市,大米类,"报价: 报价:
95(%)",91450881MA5L7C6N28,,,"序号: 189;标项名称: 大米类;报价: 报价:
95(%);中标供应商名称: 广西桂平市
唐吉食品有
限公司;中标供应商地址: 广西桂平市长安工业区广西玮力裕电子
科技有限公司2号厂房第5层;统一社会信用代码: 91450881MA5L7C6N28",0.99,"按 PDF 表格行批量抽取;地址视为供应商登记/联系地址,不自动认定为仓储节点。"
rec_9fc7eb81054f2e41,data/raw/guigang_food_suppliers_310.pdf,file_baf2a03a5bd599d7,government_procurement,11,1,5,贵港市食品供应商中标名单（310条）,2026-05-13,广西菜公子供应链管理有限公司,,贵港市港北区中山北路民族文化公园北侧盛世名都·南12幢12-3号二楼,广西壮族自治区/贵港市/港北区,贵港市,大米类,"报价: 报价:
95(%)",91450800MA7ARA7LXL,,,"序号: 190;标项名称: 大米类;报价: 报价:
95(%);中标供应商名称: 广西菜公子
供应链管理
有限公司;中标供应商地址: 贵港市港北区中山北路民族文化公园北
侧盛世名都·南12幢12-3号二楼;统一社会信用代码: 91450800MA7ARA7LXL",0.99,"按 PDF 表格行批量抽取;地址视为供应商登记/联系地址,不自动认定为仓储节点。"
rec_759d603e9627e505,data/raw/guigang_food_suppliers_310.pdf,file_baf2a03a5bd599d7,government_procurement,11,1,6,贵港市食品供应商中标名单（310条）,2026-05-13,贵港市覃塘区正业大超市有限公司,,石卡街113号,广西壮族自治区/贵港市/覃塘区,贵港市,大米类,"报价: 报价:
95(%)",91450804MADP0KXB87,,,"序号: 191;标项名称: 大米类;报价: 报价:
95(%);中标供应商名称: 贵港市覃塘
区正业大超
市有限公司;中标供应商地址: 石卡街113号;统一社会信用代码: 91450804MADP0KXB87",0.99,"按 PDF 表格行批量抽取;地址视为供应商登记/联系地址,不自动认定为仓储节点。"
rec_942406257b6d3e5f,data/raw/guigang_food_suppliers_310.pdf,file_baf2a03a5bd599d7,government_procurement,11,1,7,贵港市食品供应商中标名单（310条）,2026-05-13,广西桂平市润兴供应链管理有限责任公司,,广西壮族自治区贵港市桂平市寻旺乡桂平市长安工业区集中区玮力裕科技园2#3层西边场地,广西壮族自治区/贵港市/桂平市,贵港市,大米类,"报价: 报价:
95(%)",91450881MADC9DHF7J,,,"序号: 192;标项名称: 大米类;报价: 报价:
95(%);中标供应商名称: 广西桂平市
润兴供应链
管理有限责
任公司;中标供应商地址: 广西壮族自治区贵港市桂平市寻旺乡桂
平市长安工业区集中区玮力裕科技园2#3
层西边场地;统一社会信用代码: 91450881MADC9DHF7J",0.99,"按 PDF 表格行批量抽取;地址视为供应商登记/联系地址,不自动认定为仓储节点。"
rec_30437097ee0b2538,data/raw/guigang_food_suppliers_310.pdf,file_baf2a03a5bd599d7,government_procurement,11,1,8,贵港市食品供应商中标名单（310条）,2026-05-13,广西新大乐购商贸有限公司,,梧州市新兴一路66号负一层,广西壮族自治区/梧州市,贵港市,大米类,"报价: 报价:
92(%)",91450400MA5L6NTD1Y,,,"序号: 193;标项名称: 大米类;报价: 报价:
92(%);中标供应商名称: 广西新大乐
购商贸有限
公司;中标供应商地址: 梧州市新兴一路66号负一层;统一社会信用代码: 91450400MA5L6NTD1Y",0.99,"按 PDF 表格行批量抽取;地址视为供应商登记/联系地址,不自动认定为仓储节点。"
rec_8b2e46563936f1af,data/raw/guigang_food_suppliers_310.pdf,file_baf2a03a5bd599d7,government_procurement,11,1,9,贵港市食品供应商中标名单（310条）,2026-05-13,广西桂平市亨威粮油食品有限公司,,广西桂平市西山镇长安工业区(广西桂平市德汇服饰有限公司内),广西壮族自治区/贵港市/桂平市,贵港市,大米类,"报价: 报价:
95(%)",91450881MA5K9UMM5Y,,,"序号: 194;标项名称: 大米类;报价: 报价:
95(%);中标供应商名称: 广西桂平市
亨威粮油食
品有限公司;中标供应商地址: 广西桂平市西山镇长安工业区(广西桂
平市德汇服饰有限公司内);统一社会信用代码: 91450881MA5K9UMM5Y",0.99,"按 PDF 表格行批量抽取;地址视为供应商登记/联系地址,不自动认定为仓储节点。"
rec_539e397bc87022dc,data/raw/guigang_food_suppliers_310.pdf,file_baf2a03a5bd599d7,government_procurement,11,1,10,贵港市食品供应商中标名单（310条）,2026-05-13,广西平南县亨源粮油食品有限公司,,广西壮族自治区贵港市平南县平南街道平马公路(平南镇五中旁)三宝山副食调味品厂内,广西壮族自治区/贵港市/平南县,贵港市,大米类,"报价: 报价:
94(%)",91450821MA5QGQ2K4E,,,"序号: 195;标项名称: 大米类;报价: 报价:
94(%);中标供应商名称: 广西平南县
亨源粮油食
品有限公司;中标供应商地址: 广西壮族自治区贵港市平南县平南街道
平马公路(平南镇五中旁)三宝山副食
调味品厂内;统一社会信用代码: 91450821MA5QGQ2K4E",0.99,"按 PDF 表格行批量抽取;地址视为供应商登记/联系地址,不自动认定为仓储节点。"
rec_4aca21d42cdb2f43,data/raw/guigang_food_suppliers_310.pdf,file_baf2a03a5bd599d7,government_procurement,11,1,11,贵港市食品供应商中标名单（310条）,2026-05-13,广西晟丰食品有限公司,,贵港市港北区西江产业园区西区六路与西七路交汇处西北角(广西源龙新能源车辆有限公司内),广西壮族自治区/贵港市/港北区,贵港市,大米类,"报价: 报价:
95(%)",91450802MADMGMJU45,,,"序号: 196;标项名称: 大米类;报价: 报价:
95(%);中标供应商名称: 广西晟丰食
品有限公司;中标供应商地址: 贵港市港北区西江产业园区西区六路与
西七路交汇处西北角(广西源龙新能源
车辆有限公司内);统一社会信用代码: 91450802MADMGMJU45",0.99,"按 PDF 表格行批量抽取;地址视为供应商登记/联系地址,不自动认定为仓储节点。"
rec_654d57355c9797c8,data/raw/guigang_food_suppliers_310.pdf,file_baf2a03a5bd599d7,government_procurement,11,1,12,贵港市食品供应商中标名单（310条）,2026-05-13,南宁市食桂鲜农产品配送有限公司,,"南宁市江南区五一路101号,南宁市五一中路农贸市场综合楼一楼11号铺面",广西壮族自治区/南宁市/江南区,贵港市,大米类,"报价: 报价:
95(%)",91450100MA5KEA2198,,,"序号: 197;标项名称: 大米类;报价: 报价:
95(%);中标供应商名称: 南宁市食桂
鲜农产品配
送有限公司;中标供应商地址: 南宁市江南区五一路101号,南宁市五一
中路农贸市场综合楼一楼11号铺面;统一社会信用代码: 91450100MA5KEA2198",0.99,"按 PDF 表格行批量抽取;地址视为供应商登记/联系地址,不自动认定为仓储节点。"
rec_71d340efbef5e0a7,data/raw/guigang_food_suppliers_310.pdf,file_baf2a03a5bd599d7,government_procurement,11,1,13,贵港市食品供应商中标名单（310条）,2026-05-13,平南县金禾顺食品有限公司,,广西壮族自治区贵港市平南县临江工业园入园大道地段(江滨中学地块),广西壮族自治区/贵港市/平南县,贵港市,大米类,"报价: 报价:
94(%)",91450821MAEALEL83G,,,"序号: 198;标项名称: 大米类;报价: 报价:
94(%);中标供应商名称: 平南县金禾
顺食品有限
公司;中标供应商地址: 广西壮族自治区贵港市平南县临江工业
园入园大道地段(江滨中学地块);统一社会信用代码: 91450821MAEALEL83G",0.99,"按 PDF 表格行批量抽取;地址视为供应商登记/联系地址,不自动认定为仓储节点。"
rec_f59b7654f51d0785,data/raw/guigang_food_suppliers_310.pdf,file_baf2a03a5bd599d7,government_procurement,11,1,14,贵港市食品供应商中标名单（310条）,2026-05-13,广西捷邦贸易有限公司,,广西南宁市良庆区金龙路2号万科大厦B座1146,广西壮族自治区/南宁市/良庆区,贵港市,大米类,"报价: 报价:
93(%)",91450108MA5P51KA86,,,"序号: 199;标项名称: 大米类;报价: 报价:
93(%);中标供应商名称: 广西捷邦贸
易有限公司;中标供应商地址: 广西南宁市良庆区金龙路2号万科大厦B
座1146;统一社会信用代码: 91450108MA5P51KA86",0.99,"按 PDF 表格行批量抽取;地址视为供应商登记/联系地址,不自动认定为仓储节点。"
rec_985880d25d7400ad,data/raw/guigang_food_suppliers_310.pdf,file_baf2a03a5bd599d7,government_procurement,11,1,15,贵港市食品供应商中标名单（310条）,2026-05-13,贵港市亿海商贸有限公司,,贵港市港北区城区城东车站东侧(大圩路震塘村大蔗区)2楼,广西壮族自治区/贵港市/港北区,贵港市,大米类,"报价: 报价:
95(%)",91450802MAD8L96567,,,"序号: 200;标项名称: 大米类;报价: 报价:
95(%);中标供应商名称: 贵港市亿海
商贸有限公
司;中标供应商地址: 贵港市港北区城区城东车站东侧(大圩
路震塘村大蔗区)2楼;统一社会信用代码: 91450802MAD8L96567",0.99,"按 PDF 表格行批量抽取;地址视为供应商登记/联系地址,不自动认定为仓储节点。"
rec_8584a35dbd5b7253,data/raw/guigang_food_suppliers_310.pdf,file_baf2a03a5bd599d7,government_procurement,11,1,16,贵港市食品供应商中标名单（310条）,2026-05-13,贵港市平南县泽珈贸易有限公司,,广西壮族自治区贵港市平南县上渡街道柘畲村莫屋屯(莫亦绪房屋),广西壮族自治区/贵港市/平南县,贵港市,大米类,"报价: 报价:
95(%)",91450821MAE8C0TD6Q,,,"序号: 201;标项名称: 大米类;报价: 报价:
95(%);中标供应商名称: 贵港市平南
县泽珈贸易
有限公司;中标供应商地址: 广西壮族自治区贵港市平南县上渡街道
柘畲村莫屋屯(莫亦绪房屋);统一社会信用代码: 91450821MAE8C0TD6Q",0.99,"按 PDF 表格行批量抽取;地址视为供应商登记/联系地址,不自动认定为仓储节点。"
rec_e0d5cc31a78aa31f,data/raw/guigang_food_suppliers_310.pdf,file_baf2a03a5bd599d7,government_procurement,11,1,17,贵港市食品供应商中标名单（310条）,2026-05-13,贵港市鸿丰米业有限公司,,贵港市西江产业园区(西区),广西壮族自治区/贵港市,贵港市,大米类,"报价: 报价:
95(%)",91450800697623231L,,,"序号: 202;标项名称: 大米类;报价: 报价:
95(%);中标供应商名称: 贵港市鸿丰
米业有限公
司;中标供应商地址: 贵港市西江产业园区(西区);统一社会信用代码: 91450800697623231L",0.99,"按 PDF 表格行批量抽取;地址视为供应商登记/联系地址,不自动认定为仓储节点。"
rec_1e1a3ed716a957f1,data/raw/guigang_food_suppliers_310.pdf,file_baf2a03a5bd599d7,government_procurement,11,1,18,贵港市食品供应商中标名单（310条）,2026-05-13,广西桂海通餐饮服务有限公司,,南宁市兴宁区昆岭路5号内四号仓库1号库房,广西壮族自治区/南宁市/兴宁区,贵港市,大米类,"报价: 报价:
95(%)",91450107310281223J,,,"序号: 203;标项名称: 大米类;报价: 报价:
95(%);中标供应商名称: 广西桂海通
餐饮服务有
限公司;中标供应商地址: 南宁市兴宁区昆岭路5号内四号仓库1号
库房;统一社会信用代码: 91450107310281223J",0.99,"按 PDF 表格行批量抽取;地址视为供应商登记/联系地址,不自动认定为仓储节点。"
rec_4c7c69eb0999182b,data/raw/guigang_food_suppliers_310.pdf,file_baf2a03a5bd599d7,government_procurement,11,1,19,贵港市食品供应商中标名单（310条）,2026-05-13,广西柏力食品有限公司,,平南县工业园区,广西壮族自治区/贵港市/平南县,贵港市,大米类,"报价: 报价:
95(%)",91450821310135955K,,,"序号: 204;标项名称: 大米类;报价: 报价:
95(%);中标供应商名称: 广西柏力食
品有限公司;中标供应商地址: 平南县工业园区;统一社会信用代码: 91450821310135955K",0.99,"按 PDF 表格行批量抽取;地址视为供应商登记/联系地址,不自动认定为仓储节点。"
rec_22679078fab54d74,data/raw/guigang_food_suppliers_310.pdf,file_baf2a03a5bd599d7,government_procurement,12,1,1,贵港市食品供应商中标名单（310条）,2026-05-13,广西桂平市福顺供应链管理有限公司,,广西壮族自治区贵港市桂平市西山镇岭头村桂平市华源大市场6#-131号,广西壮族自治区/贵港市/桂平市,贵港市,大米类,"报价: 报价:
95(%)",91450881MA5PN06E7L,,,"序号: 205;标项名称: 大米类;报价: 报价:
95(%);中标供应商名称: 广西桂平市
福顺供应链
管理有限公
司;中标供应商地址: 广西壮族自治区贵港市桂平市西山镇岭
头村桂平市华源大市场6#-131号;统一社会信用代码: 91450881MA5PN06E7L",0.99,"按 PDF 表格行批量抽取;地址视为供应商登记/联系地址,不自动认定为仓储节点。"
rec_ef3e2a0e9b871f7c,data/raw/guigang_food_suppliers_310.pdf,file_baf2a03a5bd599d7,government_procurement,12,1,2,贵港市食品供应商中标名单（310条）,2026-05-13,广西捷奥食品配送有限公司,,广西壮族自治区贵港市港北区西江产业园所西四路与西一路交汇处西北角(新宇电气科技有限责任公司厂区宿舍楼),广西壮族自治区/贵港市/港北区,贵港市,大米类,"报价: 报价:
95(%)",91450800MADP8R0P55,,,"序号: 206;标项名称: 大米类;报价: 报价:
95(%);中标供应商名称: 广西捷奥食
品配送有限
公司;中标供应商地址: 广西壮族自治区贵港市港北区西江产业
园所西四路与西一路交汇处西北角(新宇
电气科技有限责任公司厂区宿舍楼);统一社会信用代码: 91450800MADP8R0P55",0.99,"按 PDF 表格行批量抽取;地址视为供应商登记/联系地址,不自动认定为仓储节点。"
rec_57d23013a805ed83,data/raw/guigang_food_suppliers_310.pdf,file_baf2a03a5bd599d7,government_procurement,12,1,3,贵港市食品供应商中标名单（310条）,2026-05-13,广西和顺食品有限公司,,贵港市港北区荷城路1108号(中强·荷城世家)77幢15号,广西壮族自治区/贵港市/港北区,贵港市,大米类,"报价: 报价:
95(%)",91450800327350678E,,,"序号: 207;标项名称: 大米类;报价: 报价:
95(%);中标供应商名称: 广西和顺食
品有限公司;中标供应商地址: 贵港市港北区荷城路1108号(中强·荷城
世家)77幢15号;统一社会信用代码: 91450800327350678E",0.99,"按 PDF 表格行批量抽取;地址视为供应商登记/联系地址,不自动认定为仓储节点。"
rec_1aa78e1700f779f6,data/raw/guigang_food_suppliers_310.pdf,file_baf2a03a5bd599d7,government_procurement,12,1,4,贵港市食品供应商中标名单（310条）,2026-05-13,广西晨日配送有限公司,,贵港市港北区贵城登龙桥四队,广西壮族自治区/贵港市/港北区,贵港市,大米类,"报价: 报价:
95(%)",91450800566774822H,,,"序号: 208;标项名称: 大米类;报价: 报价:
95(%);中标供应商名称: 广西晨日配
送有限公司;中标供应商地址: 贵港市港北区贵城登龙桥四队;统一社会信用代码: 91450800566774822H",0.99,"按 PDF 表格行批量抽取;地址视为供应商登记/联系地址,不自动认定为仓储节点。"
rec_0d5998f18677cd65,data/raw/guigang_food_suppliers_310.pdf,file_baf2a03a5bd599d7,government_procurement,12,1,5,贵港市食品供应商中标名单（310条）,2026-05-13,鑫达联华(广西)商业有限公司,,广西壮族自治区贵港市城东片区港区大道与进港公路交汇处东南侧(广西盐业集团有限公司贵港分公司1号、4号仓库),广西壮族自治区/贵港市,贵港市,大米类,"报价: 报价:
95(%)",91450802MA5MW98146,,,"序号: 209;标项名称: 大米类;报价: 报价:
95(%);中标供应商名称: 鑫达联华
(广西)商
业有限公司;中标供应商地址: 广西壮族自治区贵港市城东片区港区大
道与进港公路交汇处东南侧(广西盐业
集团有限公司贵港分公司1号、4号仓
库);统一社会信用代码: 91450802MA5MW98146",0.99,"按 PDF 表格行批量抽取;地址视为供应商登记/联系地址,不自动认定为仓储节点。"
rec_bd51927892414747,data/raw/guigang_food_suppliers_310.pdf,file_baf2a03a5bd599d7,government_procurement,12,1,6,贵港市食品供应商中标名单（310条）,2026-05-13,广西艺博农产品有限公司,,广西壮族自治区贵港市港北区港城街道金港大道东段北侧永隆市场小区第二排(黄敏华房屋)一楼,广西壮族自治区/贵港市/港北区,贵港市,大米类,"报价: 报价:
95(%)",91450800MAEHM3EW7C,,,"序号: 210;标项名称: 大米类;报价: 报价:
95(%);中标供应商名称: 广西艺博农
产品有限公
司;中标供应商地址: 广西壮族自治区贵港市港北区港城街道
金港大道东段北侧永隆市场小区第二排
(黄敏华房屋)一楼;统一社会信用代码: 91450800MAEHM3EW7C",0.99,"按 PDF 表格行批量抽取;地址视为供应商登记/联系地址,不自动认定为仓储节点。"
rec_8fee7f948fa3f811,data/raw/guigang_food_suppliers_310.pdf,file_baf2a03a5bd599d7,government_procurement,12,1,7,贵港市食品供应商中标名单（310条）,2026-05-13,广西宜家鲜供应链有限公司,,南宁市金凯路106号联东U谷南宁经开科技港标准厂房4号厂房102号房一、二楼,广西壮族自治区/南宁市,贵港市,大米类,"报价: 报价:
95(%)",91451203MACHA7TF51,,,"序号: 211;标项名称: 大米类;报价: 报价:
95(%);中标供应商名称: 广西宜家鲜
供应链有限
公司;中标供应商地址: 南宁市金凯路106号联东U谷南宁经开科
技港标准厂房4号厂房102号房一、二楼;统一社会信用代码: 91451203MACHA7TF51",0.99,"按 PDF 表格行批量抽取;地址视为供应商登记/联系地址,不自动认定为仓储节点。"
rec_cb157bcb6efbf7f2,data/raw/guigang_food_suppliers_310.pdf,file_baf2a03a5bd599d7,government_procurement,12,1,8,贵港市食品供应商中标名单（310条）,2026-05-13,广西那飨那美商贸有限公司,,广西壮族自治区贵港市覃塘区覃塘街道罗齐垌187号,广西壮族自治区/贵港市/覃塘区,贵港市,大米类,"报价: 报价:
95(%)",91450804MAC022WF13,,,"序号: 212;标项名称: 大米类;报价: 报价:
95(%);中标供应商名称: 广西那飨那
美商贸有限
公司;中标供应商地址: 广西壮族自治区贵港市覃塘区覃塘街道
罗齐垌187号;统一社会信用代码: 91450804MAC022WF13",0.99,"按 PDF 表格行批量抽取;地址视为供应商登记/联系地址,不自动认定为仓储节点。"
rec_5e54b569af53b2b5,data/raw/guigang_food_suppliers_310.pdf,file_baf2a03a5bd599d7,government_procurement,12,1,9,贵港市食品供应商中标名单（310条）,2026-05-13,广西华鲁贸易有限公司,,贵港市港北区解放路正骨街一巷,广西壮族自治区/贵港市/港北区,贵港市,大米类,"报价: 报价:
94(%)",91450800MA5MWP0H8X,,,"序号: 213;标项名称: 大米类;报价: 报价:
94(%);中标供应商名称: 广西华鲁贸
易有限公司;中标供应商地址: 贵港市港北区解放路正骨街一巷;统一社会信用代码: 91450800MA5MWP0H8X",0.99,"按 PDF 表格行批量抽取;地址视为供应商登记/联系地址,不自动认定为仓储节点。"
rec_cfa39de15073dc63,data/raw/guigang_food_suppliers_310.pdf,file_baf2a03a5bd599d7,government_procurement,12,1,10,贵港市食品供应商中标名单（310条）,2026-05-13,广西桂平市唐吉食品有限公司,,广西桂平市长安工业区广西玮力裕电子科技有限公司2号厂房第5层,广西壮族自治区/贵港市/桂平市,贵港市,食用油类,"报价: 报价:
95(%)",91450881MA5L7C6N28,,,"序号: 214;标项名称: 食用油类;报价: 报价:
95(%);中标供应商名称: 广西桂平市
唐吉食品有
限公司;中标供应商地址: 广西桂平市长安工业区广西玮力裕电子
科技有限公司2号厂房第5层;统一社会信用代码: 91450881MA5L7C6N28",0.99,"按 PDF 表格行批量抽取;地址视为供应商登记/联系地址,不自动认定为仓储节点。"
rec_080e6bdb606425d5,data/raw/guigang_food_suppliers_310.pdf,file_baf2a03a5bd599d7,government_procurement,12,1,11,贵港市食品供应商中标名单（310条）,2026-05-13,贵港市浩利商贸有限公司,,广西壮族自治区贵港市港北区金港大道西段南侧(第六地质队西)金港仓库5-1号,广西壮族自治区/贵港市/港北区,贵港市,食用油类,"报价: 报价:
94(%)",91450804MAA7PUPE3Q,,,"序号: 215;标项名称: 食用油类;报价: 报价:
94(%);中标供应商名称: 贵港市浩利
商贸有限公
司;中标供应商地址: 广西壮族自治区贵港市港北区金港大道
西段南侧(第六地质队西)金港仓库5-1号;统一社会信用代码: 91450804MAA7PUPE3Q",0.99,"按 PDF 表格行批量抽取;地址视为供应商登记/联系地址,不自动认定为仓储节点。"
rec_1248d4680a1f5627,data/raw/guigang_food_suppliers_310.pdf,file_baf2a03a5bd599d7,government_procurement,12,1,12,贵港市食品供应商中标名单（310条）,2026-05-13,贵港市兴华商贸有限公司,,贵港市港北区金港大道工商建材市场商住楼三楼,广西壮族自治区/贵港市/港北区,贵港市,食用油类,"报价: 报价:
93(%)",91450802685191988G,,,"序号: 216;标项名称: 食用油类;报价: 报价:
93(%);中标供应商名称: 贵港市兴华
商贸有限公
司;中标供应商地址: 贵港市港北区金港大道工商建材市场商
住楼三楼;统一社会信用代码: 91450802685191988G",0.99,"按 PDF 表格行批量抽取;地址视为供应商登记/联系地址,不自动认定为仓储节点。"
rec_6b684ae1ef83db7b,data/raw/guigang_food_suppliers_310.pdf,file_baf2a03a5bd599d7,government_procurement,12,1,13,贵港市食品供应商中标名单（310条）,2026-05-13,广西桂平市亨威粮油食品有限公司,,广西桂平市西山镇长安工业区(广西桂平市德汇服饰有限公司内),广西壮族自治区/贵港市/桂平市,贵港市,食用油类,"报价: 报价:
95(%)",91450881MA5K9UMM5Y,,,"序号: 217;标项名称: 食用油类;报价: 报价:
95(%);中标供应商名称: 广西桂平市
亨威粮油食
品有限公司;中标供应商地址: 广西桂平市西山镇长安工业区(广西桂
平市德汇服饰有限公司内);统一社会信用代码: 91450881MA5K9UMM5Y",0.99,"按 PDF 表格行批量抽取;地址视为供应商登记/联系地址,不自动认定为仓储节点。"
rec_8096ec24b99a4fd4,data/raw/guigang_food_suppliers_310.pdf,file_baf2a03a5bd599d7,government_procurement,12,1,14,贵港市食品供应商中标名单（310条）,2026-05-13,广西冠淇食品集团有限公司,,南宁市伊岭工业集中区B-43号1号厂房,广西壮族自治区/南宁市,贵港市,食用油类,"报价: 报价:
95(%)",91450122315851870E,,,"序号: 218;标项名称: 食用油类;报价: 报价:
95(%);中标供应商名称: 广西冠淇食
品集团有限
公司;中标供应商地址: 南宁市伊岭工业集中区B-43号1号厂房;统一社会信用代码: 91450122315851870E",0.99,"按 PDF 表格行批量抽取;地址视为供应商登记/联系地址,不自动认定为仓储节点。"
rec_651c85fe404ac091,data/raw/guigang_food_suppliers_310.pdf,file_baf2a03a5bd599d7,government_procurement,12,1,15,贵港市食品供应商中标名单（310条）,2026-05-13,广西宜家鲜供应链有限公司,,南宁市金凯路106号联东U谷南宁经开科技港标准厂房4号厂房102号房一、二楼,广西壮族自治区/南宁市,贵港市,食用油类,"报价: 报价:
95(%)",91451203MACHA7TF51,,,"序号: 219;标项名称: 食用油类;报价: 报价:
95(%);中标供应商名称: 广西宜家鲜
供应链有限
公司;中标供应商地址: 南宁市金凯路106号联东U谷南宁经开科
技港标准厂房4号厂房102号房一、二楼;统一社会信用代码: 91451203MACHA7TF51",0.99,"按 PDF 表格行批量抽取;地址视为供应商登记/联系地址,不自动认定为仓储节点。"
rec_cdbaab77e3c05726,data/raw/guigang_food_suppliers_310.pdf,file_baf2a03a5bd599d7,government_procurement,12,1,16,贵港市食品供应商中标名单（310条）,2026-05-13,鑫达联华(广西)商业有限公司,,广西壮族自治区贵港市城东片区港区大道与进港公路交汇处东南侧(广西盐业集团有限公司贵港分公司1号、4号仓库),广西壮族自治区/贵港市,贵港市,食用油类,"报价: 报价:
95(%)",91450802MA5MW98146,,,"序号: 220;标项名称: 食用油类;报价: 报价:
95(%);中标供应商名称: 鑫达联华
(广西)商
业有限公司;中标供应商地址: 广西壮族自治区贵港市城东片区港区大
道与进港公路交汇处东南侧(广西盐业
集团有限公司贵港分公司1号、4号仓
库);统一社会信用代码: 91450802MA5MW98146",0.99,"按 PDF 表格行批量抽取;地址视为供应商登记/联系地址,不自动认定为仓储节点。"
rec_e29ff07ba7f86401,data/raw/guigang_food_suppliers_310.pdf,file_baf2a03a5bd599d7,government_procurement,12,1,17,贵港市食品供应商中标名单（310条）,2026-05-13,广西桂平绿顺康农业开发有限公司,,广西壮族自治区贵港市桂平市西山镇风凰新区金凤凰商业中心第10幢1号,广西壮族自治区/贵港市/桂平市,贵港市,食用油类,"报价: 报价:
95(%)",91450881MACH6Y3B9F,,,"序号: 221;标项名称: 食用油类;报价: 报价:
95(%);中标供应商名称: 广西桂平绿
顺康农业开
发有限公司;中标供应商地址: 广西壮族自治区贵港市桂平市西山镇风
凰新区金凤凰商业中心第10幢1号;统一社会信用代码: 91450881MACH6Y3B9F",0.99,"按 PDF 表格行批量抽取;地址视为供应商登记/联系地址,不自动认定为仓储节点。"
rec_1b30ced9dfef5b24,data/raw/guigang_food_suppliers_310.pdf,file_baf2a03a5bd599d7,government_procurement,12,1,18,贵港市食品供应商中标名单（310条）,2026-05-13,广西晟丰食品有限公司,,贵港市港北区西江产业园区西区六路与西七路交汇处西北角(广西源龙新能源车辆有限公司内),广西壮族自治区/贵港市/港北区,贵港市,食用油类,"报价: 报价:
95(%)",91450802MADMGMJU45,,,"序号: 222;标项名称: 食用油类;报价: 报价:
95(%);中标供应商名称: 广西晟丰食
品有限公司;中标供应商地址: 贵港市港北区西江产业园区西区六路与
西七路交汇处西北角(广西源龙新能源
车辆有限公司内);统一社会信用代码: 91450802MADMGMJU45",0.99,"按 PDF 表格行批量抽取;地址视为供应商登记/联系地址,不自动认定为仓储节点。"
rec_447df313df08da84,data/raw/guigang_food_suppliers_310.pdf,file_baf2a03a5bd599d7,government_procurement,12,1,19,贵港市食品供应商中标名单（310条）,2026-05-13,广西新大乐购商贸有限公司,,梧州市新兴一路66号负一层,广西壮族自治区/梧州市,贵港市,食用油类,"报价: 报价:
92(%)",91450400MA5L6NTD1Y,,,"序号: 223;标项名称: 食用油类;报价: 报价:
92(%);中标供应商名称: 广西新大乐
购商贸有限
公司;中标供应商地址: 梧州市新兴一路66号负一层;统一社会信用代码: 91450400MA5L6NTD1Y",0.99,"按 PDF 表格行批量抽取;地址视为供应商登记/联系地址,不自动认定为仓储节点。"
rec_21363f23601cf442,data/raw/guigang_food_suppliers_310.pdf,file_baf2a03a5bd599d7,government_procurement,13,1,1,贵港市食品供应商中标名单（310条）,2026-05-13,广西平南县亨源粮油食品有限公司,,广西壮族自治区贵港市平南县平南街道平马公路(平南镇五中旁)三宝山副食调味品厂内,广西壮族自治区/贵港市/平南县,贵港市,食用油类,"报价: 报价:
95(%)",91450821MA5QGQ2K4E,,,"序号: 224;标项名称: 食用油类;报价: 报价:
95(%);中标供应商名称: 广西平南县
亨源粮油食
品有限公司;中标供应商地址: 广西壮族自治区贵港市平南县平南街道
平马公路(平南镇五中旁)三宝山副食
调味品厂内;统一社会信用代码: 91450821MA5QGQ2K4E",0.99,"按 PDF 表格行批量抽取;地址视为供应商登记/联系地址,不自动认定为仓储节点。"
rec_9050c6ecee9b6358,data/raw/guigang_food_suppliers_310.pdf,file_baf2a03a5bd599d7,government_procurement,13,1,2,贵港市食品供应商中标名单（310条）,2026-05-13,广西桂平市润兴供应链管理有限责任公司,,广西壮族自治区贵港市桂平市寻旺乡桂平市长安工业区集中区玮力裕科技园2#3层西边场地,广西壮族自治区/贵港市/桂平市,贵港市,食用油类,"报价: 报价:
95(%)",91450881MADC9DHF7J,,,"序号: 225;标项名称: 食用油类;报价: 报价:
95(%);中标供应商名称: 广西桂平市
润兴供应链
管理有限责
任公司;中标供应商地址: 广西壮族自治区贵港市桂平市寻旺乡桂
平市长安工业区集中区玮力裕科技园2#3
层西边场地;统一社会信用代码: 91450881MADC9DHF7J",0.99,"按 PDF 表格行批量抽取;地址视为供应商登记/联系地址,不自动认定为仓储节点。"
rec_296f78463ffc2612,data/raw/guigang_food_suppliers_310.pdf,file_baf2a03a5bd599d7,government_procurement,13,1,3,贵港市食品供应商中标名单（310条）,2026-05-13,贵港市亿海商贸有限公司,,贵港市港北区城区城东车站东侧(大圩路震塘村大蔗区)2楼,广西壮族自治区/贵港市/港北区,贵港市,食用油类,"报价: 报价:
95(%)",91450802MAD8L96567,,,"序号: 226;标项名称: 食用油类;报价: 报价:
95(%);中标供应商名称: 贵港市亿海
商贸有限公
司;中标供应商地址: 贵港市港北区城区城东车站东侧(大圩
路震塘村大蔗区)2楼;统一社会信用代码: 91450802MAD8L96567",0.99,"按 PDF 表格行批量抽取;地址视为供应商登记/联系地址,不自动认定为仓储节点。"
rec_46b6682fb12159dc,data/raw/guigang_food_suppliers_310.pdf,file_baf2a03a5bd599d7,government_procurement,13,1,4,贵港市食品供应商中标名单（310条）,2026-05-13,贵港市三顺食品有限公司,,贵港市港北区西江农场旧纸厂冷库北面A区,广西壮族自治区/贵港市/港北区,贵港市,食用油类,"报价: 报价:
94(%)",91450803MA5N4AEH47,,,"序号: 227;标项名称: 食用油类;报价: 报价:
94(%);中标供应商名称: 贵港市三顺
食品有限公
司;中标供应商地址: 贵港市港北区西江农场旧纸厂冷库北面A
区;统一社会信用代码: 91450803MA5N4AEH47",0.99,"按 PDF 表格行批量抽取;地址视为供应商登记/联系地址,不自动认定为仓储节点。"
rec_ae0fd9272784ccef,data/raw/guigang_food_suppliers_310.pdf,file_baf2a03a5bd599d7,government_procurement,13,1,5,贵港市食品供应商中标名单（310条）,2026-05-13,平南县金禾顺食品有限公司,,广西壮族自治区贵港市平南县临江工业园入园大道地段(江滨中学地块),广西壮族自治区/贵港市/平南县,贵港市,食用油类,"报价: 报价:
94(%)",91450821MAEALEL83G,,,"序号: 228;标项名称: 食用油类;报价: 报价:
94(%);中标供应商名称: 平南县金禾
顺食品有限
公司;中标供应商地址: 广西壮族自治区贵港市平南县临江工业
园入园大道地段(江滨中学地块);统一社会信用代码: 91450821MAEALEL83G",0.99,"按 PDF 表格行批量抽取;地址视为供应商登记/联系地址,不自动认定为仓储节点。"
rec_9e4cfb9b6d0603c8,data/raw/guigang_food_suppliers_310.pdf,file_baf2a03a5bd599d7,government_procurement,13,1,6,贵港市食品供应商中标名单（310条）,2026-05-13,广西鲜牧食品贸易有限公司,,贵城街道同济大道与江北东路交汇处东北角(原贵港市西江食品饮料厂)(C区C1-C10号铺),广西壮族自治区/贵港市,贵港市,食用油类,"报价: 报价:
95(%)",91450800MA5PCJFM1N,,,"序号: 229;标项名称: 食用油类;报价: 报价:
95(%);中标供应商名称: 广西鲜牧食
品贸易有限
公司;中标供应商地址: 贵城街道同济大道与江北东路交汇处东
北角(原贵港市西江食品饮料厂)(C区
C1-C10号铺);统一社会信用代码: 91450800MA5PCJFM1N",0.99,"按 PDF 表格行批量抽取;地址视为供应商登记/联系地址,不自动认定为仓储节点。"
rec_4ca07bdec96d0b70,data/raw/guigang_food_suppliers_310.pdf,file_baf2a03a5bd599d7,government_procurement,13,1,7,贵港市食品供应商中标名单（310条）,2026-05-13,贵港市覃塘区正业大超市有限公司,,石卡街113号,广西壮族自治区/贵港市/覃塘区,贵港市,食用油类,"报价: 报价:
95(%)",91450804MADP0KXB87,,,"序号: 230;标项名称: 食用油类;报价: 报价:
95(%);中标供应商名称: 贵港市覃塘
区正业大超
市有限公司;中标供应商地址: 石卡街113号;统一社会信用代码: 91450804MADP0KXB87",0.99,"按 PDF 表格行批量抽取;地址视为供应商登记/联系地址,不自动认定为仓储节点。"
rec_d07d3e4c31a64096,data/raw/guigang_food_suppliers_310.pdf,file_baf2a03a5bd599d7,government_procurement,13,1,8,贵港市食品供应商中标名单（310条）,2026-05-13,广西柏力食品有限公司,,平南县工业园区,广西壮族自治区/贵港市/平南县,贵港市,食用油类,"报价: 报价:
95(%)",91450821310135955K,,,"序号: 231;标项名称: 食用油类;报价: 报价:
95(%);中标供应商名称: 广西柏力食
品有限公司;中标供应商地址: 平南县工业园区;统一社会信用代码: 91450821310135955K",0.99,"按 PDF 表格行批量抽取;地址视为供应商登记/联系地址,不自动认定为仓储节点。"
rec_9c837a46fef7effb,data/raw/guigang_food_suppliers_310.pdf,file_baf2a03a5bd599d7,government_procurement,13,1,9,贵港市食品供应商中标名单（310条）,2026-05-13,桂平圆石门畜牧养殖有限公司,,贵港市桂平市西山镇西山村17队(蝴蝶岭小区双孖石屯30号),广西壮族自治区/贵港市/桂平市,贵港市,食用油类,"报价: 报价:
95(%)",91450881MABWATHF0F,,,"序号: 232;标项名称: 食用油类;报价: 报价:
95(%);中标供应商名称: 桂平圆石门
畜牧养殖有
限公司;中标供应商地址: 贵港市桂平市西山镇西山村17队(蝴蝶岭
小区双孖石屯30号);统一社会信用代码: 91450881MABWATHF0F",0.99,"按 PDF 表格行批量抽取;地址视为供应商登记/联系地址,不自动认定为仓储节点。"
rec_fc96d62689a6f8bf,data/raw/guigang_food_suppliers_310.pdf,file_baf2a03a5bd599d7,government_procurement,13,1,10,贵港市食品供应商中标名单（310条）,2026-05-13,广西华鲁贸易有限公司,,贵港市港北区解放路正骨街一巷,广西壮族自治区/贵港市/港北区,贵港市,食用油类,"报价: 报价:
94(%)",91450800MA5MWP0H8X,,,"序号: 233;标项名称: 食用油类;报价: 报价:
94(%);中标供应商名称: 广西华鲁贸
易有限公司;中标供应商地址: 贵港市港北区解放路正骨街一巷;统一社会信用代码: 91450800MA5MWP0H8X",0.99,"按 PDF 表格行批量抽取;地址视为供应商登记/联系地址,不自动认定为仓储节点。"
rec_ff08cf1bee560372,data/raw/guigang_food_suppliers_310.pdf,file_baf2a03a5bd599d7,government_procurement,13,1,11,贵港市食品供应商中标名单（310条）,2026-05-13,南宁市食桂鲜农产品配送有限公司,,"南宁市江南区五一路101号,南宁市五一中路农贸市场综合楼一楼11号铺面",广西壮族自治区/南宁市/江南区,贵港市,食用油类,"报价: 报价:
95(%)",91450100MA5KEA2198,,,"序号: 234;标项名称: 食用油类;报价: 报价:
95(%);中标供应商名称: 南宁市食桂
鲜农产品配
送有限公司;中标供应商地址: 南宁市江南区五一路101号,南宁市五一
中路农贸市场综合楼一楼11号铺面;统一社会信用代码: 91450100MA5KEA2198",0.99,"按 PDF 表格行批量抽取;地址视为供应商登记/联系地址,不自动认定为仓储节点。"
rec_a12a3939e6bc335f,data/raw/guigang_food_suppliers_310.pdf,file_baf2a03a5bd599d7,government_procurement,13,1,12,贵港市食品供应商中标名单（310条）,2026-05-13,贵港鑫美食品有限公司,,广西壮族自治区贵港市港北区港城镇六八村白沟井(天之和品牌家具中心东C5幢原仓库),广西壮族自治区/贵港市/港北区,贵港市,食用油类,"报价: 报价:
95(%)",91450800MAA7FPCF0D,,,"序号: 235;标项名称: 食用油类;报价: 报价:
95(%);中标供应商名称: 贵港鑫美食
品有限公司;中标供应商地址: 广西壮族自治区贵港市港北区港城镇六
八村白沟井(天之和品牌家具中心东C5幢
原仓库);统一社会信用代码: 91450800MAA7FPCF0D",0.99,"按 PDF 表格行批量抽取;地址视为供应商登记/联系地址,不自动认定为仓储节点。"
rec_f2c094944bd03ea7,data/raw/guigang_food_suppliers_310.pdf,file_baf2a03a5bd599d7,government_procurement,13,1,13,贵港市食品供应商中标名单（310条）,2026-05-13,广西捷奥食品配送有限公司,,广西壮族自治区贵港市港北区西江产业园所西四路与西一路交汇处西北角(新宇电气科技有限责任公司厂区宿舍楼),广西壮族自治区/贵港市/港北区,贵港市,食用油类,"报价: 报价:
95(%)",91450800MADP8R0P55,,,"序号: 236;标项名称: 食用油类;报价: 报价:
95(%);中标供应商名称: 广西捷奥食
品配送有限
公司;中标供应商地址: 广西壮族自治区贵港市港北区西江产业
园所西四路与西一路交汇处西北角(新宇
电气科技有限责任公司厂区宿舍楼);统一社会信用代码: 91450800MADP8R0P55",0.99,"按 PDF 表格行批量抽取;地址视为供应商登记/联系地址,不自动认定为仓储节点。"
rec_62aa8dfa77b444a2,data/raw/guigang_food_suppliers_310.pdf,file_baf2a03a5bd599d7,government_procurement,13,1,14,贵港市食品供应商中标名单（310条）,2026-05-13,广西扬凯供应链管理有限公司,,广西壮族自治区贵港市港北区贵城街道贵港市西江科技创新产业城狮岭西路与西二路交汇处西南角(广西三雄机械设备有限公司1#厂房内)),广西壮族自治区/贵港市/港北区,贵港市,食用油类,"报价: 报价:
94(%)",91450800MA5QBCXP7A,,,"序号: 237;标项名称: 食用油类;报价: 报价:
94(%);中标供应商名称: 广西扬凯供
应链管理有
限公司;中标供应商地址: 广西壮族自治区贵港市港北区贵城街道
贵港市西江科技创新产业城狮岭西路与
西二路交汇处西南角(广西三雄机械设
备有限公司1#厂房内));统一社会信用代码: 91450800MA5QBCXP7A",0.99,"按 PDF 表格行批量抽取;地址视为供应商登记/联系地址,不自动认定为仓储节点。"
rec_70a4159ccf9a164d,data/raw/guigang_food_suppliers_310.pdf,file_baf2a03a5bd599d7,government_procurement,13,1,15,贵港市食品供应商中标名单（310条）,2026-05-13,广西艺博农产品有限公司,,广西壮族自治区贵港市港北区港城街道金港大道东段北侧永隆市场小区第二排(黄敏华房屋)一楼,广西壮族自治区/贵港市/港北区,贵港市,食用油类,"报价: 报价:
95(%)",91450800MAEHM3EW7C,,,"序号: 238;标项名称: 食用油类;报价: 报价:
95(%);中标供应商名称: 广西艺博农
产品有限公
司;中标供应商地址: 广西壮族自治区贵港市港北区港城街道
金港大道东段北侧永隆市场小区第二排
(黄敏华房屋)一楼;统一社会信用代码: 91450800MAEHM3EW7C",0.99,"按 PDF 表格行批量抽取;地址视为供应商登记/联系地址,不自动认定为仓储节点。"
rec_f287fad24d15329b,data/raw/guigang_food_suppliers_310.pdf,file_baf2a03a5bd599d7,government_procurement,13,1,16,贵港市食品供应商中标名单（310条）,2026-05-13,广西力源餐饮管理有限公司,,桂林市叠彩区中山北路122号(原860号)57栋,广西壮族自治区/桂林市/叠彩区,贵港市,食用油类,"报价: 报价:
95(%)",91450303MA5PC7XP80,,,"序号: 239;标项名称: 食用油类;报价: 报价:
95(%);中标供应商名称: 广西力源餐
饮管理有限
公司;中标供应商地址: 桂林市叠彩区中山北路122号(原860号)57
栋;统一社会信用代码: 91450303MA5PC7XP80",0.99,"按 PDF 表格行批量抽取;地址视为供应商登记/联系地址,不自动认定为仓储节点。"
rec_5ef5c232cfc4d9b1,data/raw/guigang_food_suppliers_310.pdf,file_baf2a03a5bd599d7,government_procurement,13,1,17,贵港市食品供应商中标名单（310条）,2026-05-13,广西菜公子供应链管理有限公司,,贵港市港北区中山北路民族文化公园北侧盛世名都·南12幢12-3号二楼,广西壮族自治区/贵港市/港北区,贵港市,食用油类,"报价: 报价:
95(%)",91450800MA7ARA7LXL,,,"序号: 240;标项名称: 食用油类;报价: 报价:
95(%);中标供应商名称: 广西菜公子
供应链管理
有限公司;中标供应商地址: 贵港市港北区中山北路民族文化公园北
侧盛世名都·南12幢12-3号二楼;统一社会信用代码: 91450800MA7ARA7LXL",0.99,"按 PDF 表格行批量抽取;地址视为供应商登记/联系地址,不自动认定为仓储节点。"
rec_a562f9c8fa4b4623,data/raw/guigang_food_suppliers_310.pdf,file_baf2a03a5bd599d7,government_procurement,13,1,18,贵港市食品供应商中标名单（310条）,2026-05-13,广西捷邦贸易有限公司,,广西南宁市良庆区金龙路2号万科大厦B座1146,广西壮族自治区/南宁市/良庆区,贵港市,食用油类,"报价: 报价:
93(%)",91450108MA5P51KA86,,,"序号: 241;标项名称: 食用油类;报价: 报价:
93(%);中标供应商名称: 广西捷邦贸
易有限公司;中标供应商地址: 广西南宁市良庆区金龙路2号万科大厦B
座1146;统一社会信用代码: 91450108MA5P51KA86",0.99,"按 PDF 表格行批量抽取;地址视为供应商登记/联系地址,不自动认定为仓储节点。"
rec_7d8d8f64ac1daff0,data/raw/guigang_food_suppliers_310.pdf,file_baf2a03a5bd599d7,government_procurement,13,1,19,贵港市食品供应商中标名单（310条）,2026-05-13,广州优链云供应链管理有限公司,,广州市自云区江高镇珠江村巴江东路29号,,贵港市,食用油类,"报价: 报价:
95(%)",91440101MA59F2M446,,,"序号: 242;标项名称: 食用油类;报价: 报价:
95(%);中标供应商名称: 广州优链云
供应链管理
有限公司;中标供应商地址: 广州市自云区江高镇珠江村巴江东路29
号;统一社会信用代码: 91440101MA59F2M446",0.99,"按 PDF 表格行批量抽取;地址视为供应商登记/联系地址,不自动认定为仓储节点。"
rec_a46560ebc6e838c1,data/raw/guigang_food_suppliers_310.pdf,file_baf2a03a5bd599d7,government_procurement,13,1,20,贵港市食品供应商中标名单（310条）,2026-05-13,广西晨日配送有限公司,,贵港市港北区贵城登龙桥四队,广西壮族自治区/贵港市/港北区,贵港市,食用油类,"报价: 报价:
95(%)",91450800566774822H,,,"序号: 243;标项名称: 食用油类;报价: 报价:
95(%);中标供应商名称: 广西晨日配
送有限公司;中标供应商地址: 贵港市港北区贵城登龙桥四队;统一社会信用代码: 91450800566774822H",0.99,"按 PDF 表格行批量抽取;地址视为供应商登记/联系地址,不自动认定为仓储节点。"
rec_06adc42b61deed5e,data/raw/guigang_food_suppliers_310.pdf,file_baf2a03a5bd599d7,government_procurement,14,1,1,贵港市食品供应商中标名单（310条）,2026-05-13,广西菜公子供应链管理有限公司,,贵港市港北区中山北路民族文化公园北侧盛世名都·南12幢12-3号二楼,广西壮族自治区/贵港市/港北区,贵港市,副食品,"报价: 报价:
95(%)",91450800MA7ARA7LXL,,,"序号: 244;标项名称: 副食品;报价: 报价:
95(%);中标供应商名称: 广西菜公子
供应链管理
有限公司;中标供应商地址: 贵港市港北区中山北路民族文化公园北
侧盛世名都·南12幢12-3号二楼;统一社会信用代码: 91450800MA7ARA7LXL",0.99,"按 PDF 表格行批量抽取;地址视为供应商登记/联系地址,不自动认定为仓储节点。"
rec_ff589c8232e52d2d,data/raw/guigang_food_suppliers_310.pdf,file_baf2a03a5bd599d7,government_procurement,14,1,2,贵港市食品供应商中标名单（310条）,2026-05-13,广西捷邦贸易有限公司,,广西南宁市良庆区金龙路2号万科大厦B座1146,广西壮族自治区/南宁市/良庆区,贵港市,副食品,"报价: 报价:
93(%)",91450108MA5P51KA86,,,"序号: 245;标项名称: 副食品;报价: 报价:
93(%);中标供应商名称: 广西捷邦贸
易有限公司;中标供应商地址: 广西南宁市良庆区金龙路2号万科大厦B
座1146;统一社会信用代码: 91450108MA5P51KA86",0.99,"按 PDF 表格行批量抽取;地址视为供应商登记/联系地址,不自动认定为仓储节点。"
rec_c0c41205e2eb1782,data/raw/guigang_food_suppliers_310.pdf,file_baf2a03a5bd599d7,government_procurement,14,1,3,贵港市食品供应商中标名单（310条）,2026-05-13,贵港圣人食品有限公司,,贵港市港北区荷城路天之和品牌家具中心东C5幢原员工食堂,广西壮族自治区/贵港市/港北区,贵港市,副食品,"报价: 报价:
95(%)",91450802MAA7FMAP1U,,,"序号: 246;标项名称: 副食品;报价: 报价:
95(%);中标供应商名称: 贵港圣人食
品有限公司;中标供应商地址: 贵港市港北区荷城路天之和品牌家具中
心东C5幢原员工食堂;统一社会信用代码: 91450802MAA7FMAP1U",0.99,"按 PDF 表格行批量抽取;地址视为供应商登记/联系地址,不自动认定为仓储节点。"
rec_f34394c34ac76d00,data/raw/guigang_food_suppliers_310.pdf,file_baf2a03a5bd599d7,government_procurement,14,1,4,贵港市食品供应商中标名单（310条）,2026-05-13,广西鲜牧食品贸易有限公司,,贵城街道同济大道与江北东路交汇处东北角(原贵港市西江食品饮料厂)(C区C1-C10号铺),广西壮族自治区/贵港市,贵港市,副食品,"报价: 报价:
95(%)",91450800MA5PCJFM1N,,,"序号: 247;标项名称: 副食品;报价: 报价:
95(%);中标供应商名称: 广西鲜牧食
品贸易有限
公司;中标供应商地址: 贵城街道同济大道与江北东路交汇处东
北角(原贵港市西江食品饮料厂)(C区
C1-C10号铺);统一社会信用代码: 91450800MA5PCJFM1N",0.99,"按 PDF 表格行批量抽取;地址视为供应商登记/联系地址,不自动认定为仓储节点。"
rec_eed455ec6fb12ed6,data/raw/guigang_food_suppliers_310.pdf,file_baf2a03a5bd599d7,government_procurement,14,1,5,贵港市食品供应商中标名单（310条）,2026-05-13,广西晟丰食品有限公司,,贵港市港北区西江产业园区西区六路与西七路交汇处西北角(广西源龙新能源车辆有限公司内),广西壮族自治区/贵港市/港北区,贵港市,副食品,"报价: 报价:
95(%)",91450802MADMGMJU45,,,"序号: 248;标项名称: 副食品;报价: 报价:
95(%);中标供应商名称: 广西晟丰食
品有限公司;中标供应商地址: 贵港市港北区西江产业园区西区六路与
西七路交汇处西北角(广西源龙新能源
车辆有限公司内);统一社会信用代码: 91450802MADMGMJU45",0.99,"按 PDF 表格行批量抽取;地址视为供应商登记/联系地址,不自动认定为仓储节点。"
rec_2ff60a8d55491c3f,data/raw/guigang_food_suppliers_310.pdf,file_baf2a03a5bd599d7,government_procurement,14,1,6,贵港市食品供应商中标名单（310条）,2026-05-13,贵港市金财贸易有限公司,,贵港市港北区解放北路88号龙圣五小区43号,广西壮族自治区/贵港市/港北区,贵港市,副食品,"报价: 报价:
93(%)",91450802MADA33CM0D,,,"序号: 249;标项名称: 副食品;报价: 报价:
93(%);中标供应商名称: 贵港市金财
贸易有限公
司;中标供应商地址: 贵港市港北区解放北路88号龙圣五小区
43号;统一社会信用代码: 91450802MADA33CM0D",0.99,"按 PDF 表格行批量抽取;地址视为供应商登记/联系地址,不自动认定为仓储节点。"
rec_3e4c6d6130e0bd61,data/raw/guigang_food_suppliers_310.pdf,file_baf2a03a5bd599d7,government_procurement,14,1,7,贵港市食品供应商中标名单（310条）,2026-05-13,鑫达联华(广西)商业有限公司,,广西壮族自治区贵港市城东片区港区大道与进港公路交汇处东南侧(广西盐业集团有限公司贵港分公司1号、4号仓库),广西壮族自治区/贵港市,贵港市,副食品,"报价: 报价:
95(%)",91450802MA5MW98146,,,"序号: 250;标项名称: 副食品;报价: 报价:
95(%);中标供应商名称: 鑫达联华
(广西)商
业有限公司;中标供应商地址: 广西壮族自治区贵港市城东片区港区大
道与进港公路交汇处东南侧(广西盐业
集团有限公司贵港分公司1号、4号仓
库);统一社会信用代码: 91450802MA5MW98146",0.99,"按 PDF 表格行批量抽取;地址视为供应商登记/联系地址,不自动认定为仓储节点。"
rec_b852a00b06247db0,data/raw/guigang_food_suppliers_310.pdf,file_baf2a03a5bd599d7,government_procurement,14,1,8,贵港市食品供应商中标名单（310条）,2026-05-13,广西粤桂尚品餐饮配送服务有限公司,,广西壮族自治区贵港市港南区江南大道410号(原通泰汽车维修车间1号-2号铺),广西壮族自治区/贵港市/港南区,贵港市,副食品,"报价: 报价:
95(%)",91450803MA5PNR1A6N,,,"序号: 251;标项名称: 副食品;报价: 报价:
95(%);中标供应商名称: 广西粤桂尚
品餐饮配送
服务有限公
司;中标供应商地址: 广西壮族自治区贵港市港南区江南大道
410号(原通泰汽车维修车间1号-2号铺);统一社会信用代码: 91450803MA5PNR1A6N",0.99,"按 PDF 表格行批量抽取;地址视为供应商登记/联系地址,不自动认定为仓储节点。"
rec_b469881d134f92de,data/raw/guigang_food_suppliers_310.pdf,file_baf2a03a5bd599d7,government_procurement,14,1,9,贵港市食品供应商中标名单（310条）,2026-05-13,广西桂平市唐吉食品有限公司,,广西桂平市长安工业区广西玮力裕电子科技有限公司2号厂房第5层,广西壮族自治区/贵港市/桂平市,贵港市,副食品,"报价: 报价:
95(%)",91450881MA5L7C6N28,,,"序号: 252;标项名称: 副食品;报价: 报价:
95(%);中标供应商名称: 广西桂平市
唐吉食品有
限公司;中标供应商地址: 广西桂平市长安工业区广西玮力裕电子
科技有限公司2号厂房第5层;统一社会信用代码: 91450881MA5L7C6N28",0.99,"按 PDF 表格行批量抽取;地址视为供应商登记/联系地址,不自动认定为仓储节点。"
rec_f5706f99be1ee2cb,data/raw/guigang_food_suppliers_310.pdf,file_baf2a03a5bd599d7,government_procurement,14,1,10,贵港市食品供应商中标名单（310条）,2026-05-13,广西华鲁贸易有限公司,,贵港市港北区解放路正骨街一巷,广西壮族自治区/贵港市/港北区,贵港市,副食品,"报价: 报价:
94(%)",91450800MA5MWP0H8X,,,"序号: 253;标项名称: 副食品;报价: 报价:
94(%);中标供应商名称: 广西华鲁贸
易有限公司;中标供应商地址: 贵港市港北区解放路正骨街一巷;统一社会信用代码: 91450800MA5MWP0H8X",0.99,"按 PDF 表格行批量抽取;地址视为供应商登记/联系地址,不自动认定为仓储节点。"
rec_d3d32ab3a7cc2e4e,data/raw/guigang_food_suppliers_310.pdf,file_baf2a03a5bd599d7,government_procurement,14,1,11,贵港市食品供应商中标名单（310条）,2026-05-13,南宁市食桂鲜农产品配送有限公司,,"南宁市江南区五一路101号,南宁市五一中路农贸市场综合楼一楼11号铺面",广西壮族自治区/南宁市/江南区,贵港市,副食品,"报价: 报价:
95(%)",91450100MA5KEA2198,,,"序号: 254;标项名称: 副食品;报价: 报价:
95(%);中标供应商名称: 南宁市食桂
鲜农产品配
送有限公司;中标供应商地址: 南宁市江南区五一路101号,南宁市五一
中路农贸市场综合楼一楼11号铺面;统一社会信用代码: 91450100MA5KEA2198",0.99,"按 PDF 表格行批量抽取;地址视为供应商登记/联系地址,不自动认定为仓储节点。"
rec_d982763284401684,data/raw/guigang_food_suppliers_310.pdf,file_baf2a03a5bd599d7,government_procurement,14,1,12,贵港市食品供应商中标名单（310条）,2026-05-13,广州优链云供应链管理有限公司,,广州市自云区江高镇珠江村巴江东路29号,,贵港市,副食品,"报价: 报价:
95(%)",91440101MA59F2M446,,,"序号: 255;标项名称: 副食品;报价: 报价:
95(%);中标供应商名称: 广州优链云
供应链管理
有限公司;中标供应商地址: 广州市自云区江高镇珠江村巴江东路29
号;统一社会信用代码: 91440101MA59F2M446",0.99,"按 PDF 表格行批量抽取;地址视为供应商登记/联系地址,不自动认定为仓储节点。"
rec_59c2a5e83532072c,data/raw/guigang_food_suppliers_310.pdf,file_baf2a03a5bd599d7,government_procurement,14,1,13,贵港市食品供应商中标名单（310条）,2026-05-13,广西捷奥食品配送有限公司,,广西壮族自治区贵港市港北区西江产业园所西四路与西一路交汇处西北角(新宇电气科技有限责任公司厂区宿舍楼),广西壮族自治区/贵港市/港北区,贵港市,副食品,"报价: 报价:
95(%)",91450800MADP8R0P55,,,"序号: 256;标项名称: 副食品;报价: 报价:
95(%);中标供应商名称: 广西捷奥食
品配送有限
公司;中标供应商地址: 广西壮族自治区贵港市港北区西江产业
园所西四路与西一路交汇处西北角(新宇
电气科技有限责任公司厂区宿舍楼);统一社会信用代码: 91450800MADP8R0P55",0.99,"按 PDF 表格行批量抽取;地址视为供应商登记/联系地址,不自动认定为仓储节点。"
rec_df5d2f03aa9e0a8f,data/raw/guigang_food_suppliers_310.pdf,file_baf2a03a5bd599d7,government_procurement,14,1,14,贵港市食品供应商中标名单（310条）,2026-05-13,广西二师兄食品有限公司,,南宁市江南区沙井街道办南乡村六组定津路 2 号,广西壮族自治区/南宁市/江南区,贵港市,副食品,"报价: 报价:
94(%)",91450100MA5K9HW54C,,,"序号: 257;标项名称: 副食品;报价: 报价:
94(%);中标供应商名称: 广西二师兄
食品有限公
司;中标供应商地址: 南宁市江南区沙井街道办南乡村六组定
津路 2 号;统一社会信用代码: 91450100MA5K9HW54C",0.99,"按 PDF 表格行批量抽取;地址视为供应商登记/联系地址,不自动认定为仓储节点。"
rec_3847ea94db66fa60,data/raw/guigang_food_suppliers_310.pdf,file_baf2a03a5bd599d7,government_procurement,14,1,15,贵港市食品供应商中标名单（310条）,2026-05-13,广西柏力食品有限公司,,平南县工业园区,广西壮族自治区/贵港市/平南县,贵港市,副食品,"报价: 报价:
95(%)",91450821310135955K,,,"序号: 258;标项名称: 副食品;报价: 报价:
95(%);中标供应商名称: 广西柏力食
品有限公司;中标供应商地址: 平南县工业园区;统一社会信用代码: 91450821310135955K",0.99,"按 PDF 表格行批量抽取;地址视为供应商登记/联系地址,不自动认定为仓储节点。"
rec_480f4c17b0b11d62,data/raw/guigang_food_suppliers_310.pdf,file_baf2a03a5bd599d7,government_procurement,14,1,16,贵港市食品供应商中标名单（310条）,2026-05-13,贵港市覃塘区正业大超市有限公司,,石卡街113号,广西壮族自治区/贵港市/覃塘区,贵港市,调味品类,"报价: 报价:
95(%)",91450804MADP0KXB87,,,"序号: 259;标项名称: 调味品类;报价: 报价:
95(%);中标供应商名称: 贵港市覃塘
区正业大超
市有限公司;中标供应商地址: 石卡街113号;统一社会信用代码: 91450804MADP0KXB87",0.99,"按 PDF 表格行批量抽取;地址视为供应商登记/联系地址,不自动认定为仓储节点。"
rec_563b0d753ac0f50f,data/raw/guigang_food_suppliers_310.pdf,file_baf2a03a5bd599d7,government_procurement,14,1,17,贵港市食品供应商中标名单（310条）,2026-05-13,贵港市泓泰商贸有限公司,,广西壮族自治区贵港市港南区江南街道办江一路128号122室,广西壮族自治区/贵港市/港南区,贵港市,调味品类,"报价: 报价:
95(%)",91450800MA5QJ00DXY,,,"序号: 260;标项名称: 调味品类;报价: 报价:
95(%);中标供应商名称: 贵港市泓泰
商贸有限公
司;中标供应商地址: 广西壮族自治区贵港市港南区江南街道
办江一路128号122室;统一社会信用代码: 91450800MA5QJ00DXY",0.99,"按 PDF 表格行批量抽取;地址视为供应商登记/联系地址,不自动认定为仓储节点。"
rec_e412f08a626dd6bf,data/raw/guigang_food_suppliers_310.pdf,file_baf2a03a5bd599d7,government_procurement,14,1,18,贵港市食品供应商中标名单（310条）,2026-05-13,贵港市亿海商贸有限公司,,贵港市港北区城区城东车站东侧(大圩路震塘村大蔗区)2楼,广西壮族自治区/贵港市/港北区,贵港市,调味品类,"报价: 报价:
95(%)",91450802MAD8L96567,,,"序号: 261;标项名称: 调味品类;报价: 报价:
95(%);中标供应商名称: 贵港市亿海
商贸有限公
司;中标供应商地址: 贵港市港北区城区城东车站东侧(大圩
路震塘村大蔗区)2楼;统一社会信用代码: 91450802MAD8L96567",0.99,"按 PDF 表格行批量抽取;地址视为供应商登记/联系地址,不自动认定为仓储节点。"
rec_28a800f8901abf5b,data/raw/guigang_food_suppliers_310.pdf,file_baf2a03a5bd599d7,government_procurement,14,1,19,贵港市食品供应商中标名单（310条）,2026-05-13,贵港市军霞农副产品贸易有限公司,,贵港市新华路南(七里桥基地南半岛)西南角,广西壮族自治区/贵港市,贵港市,调味品类,"报价: 报价:
94(%)",91450802581958195Y,,,"序号: 262;标项名称: 调味品类;报价: 报价:
94(%);中标供应商名称: 贵港市军霞
农副产品贸
易有限公司;中标供应商地址: 贵港市新华路南(七里桥基地南半岛)
西南角;统一社会信用代码: 91450802581958195Y",0.99,"按 PDF 表格行批量抽取;地址视为供应商登记/联系地址,不自动认定为仓储节点。"
rec_afa26e498aadf149,data/raw/guigang_food_suppliers_310.pdf,file_baf2a03a5bd599d7,government_procurement,14,1,20,贵港市食品供应商中标名单（310条）,2026-05-13,贵港圣人食品有限公司,,贵港市港北区荷城路天之和品牌家具中心东C5幢原员工食堂,广西壮族自治区/贵港市/港北区,贵港市,调味品类,"报价: 报价:
95(%)",91450802MAA7FMAP1U,,,"序号: 263;标项名称: 调味品类;报价: 报价:
95(%);中标供应商名称: 贵港圣人食
品有限公司;中标供应商地址: 贵港市港北区荷城路天之和品牌家具中
心东C5幢原员工食堂;统一社会信用代码: 91450802MAA7FMAP1U",0.99,"按 PDF 表格行批量抽取;地址视为供应商登记/联系地址,不自动认定为仓储节点。"
rec_4a07a7c6c047a0f0,data/raw/guigang_food_suppliers_310.pdf,file_baf2a03a5bd599d7,government_procurement,15,1,1,贵港市食品供应商中标名单（310条）,2026-05-13,广西晟丰食品有限公司,,贵港市港北区西江产业园区西区六路与西七路交汇处西北角(广西源龙新能源车辆有限公司内),广西壮族自治区/贵港市/港北区,贵港市,调味品类,"报价: 报价:
95(%)",91450802MADMGMJU45,,,"序号: 264;标项名称: 调味品类;报价: 报价:
95(%);中标供应商名称: 广西晟丰食
品有限公司;中标供应商地址: 贵港市港北区西江产业园区西区六路与
西七路交汇处西北角(广西源龙新能源
车辆有限公司内);统一社会信用代码: 91450802MADMGMJU45",0.99,"按 PDF 表格行批量抽取;地址视为供应商登记/联系地址,不自动认定为仓储节点。"
rec_6de307e8ce73eb8e,data/raw/guigang_food_suppliers_310.pdf,file_baf2a03a5bd599d7,government_procurement,15,1,2,贵港市食品供应商中标名单（310条）,2026-05-13,贵港市金财贸易有限公司,,贵港市港北区解放北路88号龙圣五小区43号,广西壮族自治区/贵港市/港北区,贵港市,调味品类,"报价: 报价:
93(%)",91450802MADA33CM0D,,,"序号: 265;标项名称: 调味品类;报价: 报价:
93(%);中标供应商名称: 贵港市金财
贸易有限公
司;中标供应商地址: 贵港市港北区解放北路88号龙圣五小区
43号;统一社会信用代码: 91450802MADA33CM0D",0.99,"按 PDF 表格行批量抽取;地址视为供应商登记/联系地址,不自动认定为仓储节点。"
rec_267b890049156e2a,data/raw/guigang_food_suppliers_310.pdf,file_baf2a03a5bd599d7,government_procurement,15,1,3,贵港市食品供应商中标名单（310条）,2026-05-13,广西华臣春粟贸易有限公司,,贵港市港北区贵城镇东森士林园第16幢1号,广西壮族自治区/贵港市/港北区,贵港市,调味品类,"报价: 报价:
95(%)",91450802MA5PB2FK3C,,,"序号: 266;标项名称: 调味品类;报价: 报价:
95(%);中标供应商名称: 广西华臣春
粟贸易有限
公司;中标供应商地址: 贵港市港北区贵城镇东森士林园第16幢1
号;统一社会信用代码: 91450802MA5PB2FK3C",0.99,"按 PDF 表格行批量抽取;地址视为供应商登记/联系地址,不自动认定为仓储节点。"
rec_0f9c62e63883fccd,data/raw/guigang_food_suppliers_310.pdf,file_baf2a03a5bd599d7,government_procurement,15,1,4,贵港市食品供应商中标名单（310条）,2026-05-13,广西鲜牧食品贸易有限公司,,贵城街道同济大道与江北东路交汇处东北角(原贵港市西江食品饮料厂)(C区C1-C10号铺),广西壮族自治区/贵港市,贵港市,调味品类,"报价: 报价:
95(%)",91450800MA5PCJFM1N,,,"序号: 267;标项名称: 调味品类;报价: 报价:
95(%);中标供应商名称: 广西鲜牧食
品贸易有限
公司;中标供应商地址: 贵城街道同济大道与江北东路交汇处东
北角(原贵港市西江食品饮料厂)(C区
C1-C10号铺);统一社会信用代码: 91450800MA5PCJFM1N",0.99,"按 PDF 表格行批量抽取;地址视为供应商登记/联系地址,不自动认定为仓储节点。"
rec_5171a827fefacf59,data/raw/guigang_food_suppliers_310.pdf,file_baf2a03a5bd599d7,government_procurement,15,1,5,贵港市食品供应商中标名单（310条）,2026-05-13,广西粤桂尚品餐饮配送服务有限公司,,广西壮族自治区贵港市港南区江南大道410号(原通泰汽车维修车间1号-2号铺),广西壮族自治区/贵港市/港南区,贵港市,调味品类,"报价: 报价:
95(%)",91450803MA5PNR1A6N,,,"序号: 268;标项名称: 调味品类;报价: 报价:
95(%);中标供应商名称: 广西粤桂尚
品餐饮配送
服务有限公
司;中标供应商地址: 广西壮族自治区贵港市港南区江南大道
410号(原通泰汽车维修车间1号-2号铺);统一社会信用代码: 91450803MA5PNR1A6N",0.99,"按 PDF 表格行批量抽取;地址视为供应商登记/联系地址,不自动认定为仓储节点。"
rec_805ae62e139b2305,data/raw/guigang_food_suppliers_310.pdf,file_baf2a03a5bd599d7,government_procurement,15,1,6,贵港市食品供应商中标名单（310条）,2026-05-13,广西捷邦贸易有限公司,,广西南宁市良庆区金龙路2号万科大厦B座1146,广西壮族自治区/南宁市/良庆区,贵港市,调味品类,"报价: 报价:
93(%)",91450108MA5P51KA86,,,"序号: 269;标项名称: 调味品类;报价: 报价:
93(%);中标供应商名称: 广西捷邦贸
易有限公司;中标供应商地址: 广西南宁市良庆区金龙路2号万科大厦B
座1146;统一社会信用代码: 91450108MA5P51KA86",0.99,"按 PDF 表格行批量抽取;地址视为供应商登记/联系地址,不自动认定为仓储节点。"
rec_f456bb6c186ede35,data/raw/guigang_food_suppliers_310.pdf,file_baf2a03a5bd599d7,government_procurement,15,1,7,贵港市食品供应商中标名单（310条）,2026-05-13,广西港厨食品有限公司,,贵港市港北区中山路北环新村良生农贸市场B栋一楼内侧BD05\BD06铺,广西壮族自治区/贵港市/港北区,贵港市,调味品类,"报价: 报价:
95(%)",91450802MAA7MET044,,,"序号: 270;标项名称: 调味品类;报价: 报价:
95(%);中标供应商名称: 广西港厨食
品有限公司;中标供应商地址: 贵港市港北区中山路北环新村良生农贸
市场B栋一楼内侧BD05\BD06铺;统一社会信用代码: 91450802MAA7MET044",0.99,"按 PDF 表格行批量抽取;地址视为供应商登记/联系地址,不自动认定为仓储节点。"
rec_fd60e396d042502c,data/raw/guigang_food_suppliers_310.pdf,file_baf2a03a5bd599d7,government_procurement,15,1,8,贵港市食品供应商中标名单（310条）,2026-05-13,广西鑫三元食品配送有限公司,,广西壮族自治区桂林市象山区安新南路18号406-409栋1-2号商铺,广西壮族自治区/桂林市/象山区,贵港市,调味品类,"报价: 报价:
95(%)",91450304MADHLMUYXG,,,"序号: 271;标项名称: 调味品类;报价: 报价:
95(%);中标供应商名称: 广西鑫三元
食品配送有
限公司;中标供应商地址: 广西壮族自治区桂林市象山区安新南路
18号406-409栋1-2号商铺;统一社会信用代码: 91450304MADHLMUYXG",0.99,"按 PDF 表格行批量抽取;地址视为供应商登记/联系地址,不自动认定为仓储节点。"
rec_264d7515303a0cbe,data/raw/guigang_food_suppliers_310.pdf,file_baf2a03a5bd599d7,government_procurement,15,1,9,贵港市食品供应商中标名单（310条）,2026-05-13,广西柏力食品有限公司,,平南县工业园区,广西壮族自治区/贵港市/平南县,贵港市,调味品类,"报价: 报价:
95(%)",91450821310135955K,,,"序号: 272;标项名称: 调味品类;报价: 报价:
95(%);中标供应商名称: 广西柏力食
品有限公司;中标供应商地址: 平南县工业园区;统一社会信用代码: 91450821310135955K",0.99,"按 PDF 表格行批量抽取;地址视为供应商登记/联系地址,不自动认定为仓储节点。"
rec_88e758a56c8364df,data/raw/guigang_food_suppliers_310.pdf,file_baf2a03a5bd599d7,government_procurement,15,1,10,贵港市食品供应商中标名单（310条）,2026-05-13,广西桂平市唐吉食品有限公司,,广西桂平市长安工业区广西玮力裕电子科技有限公司2号厂房第5层,广西壮族自治区/贵港市/桂平市,贵港市,调味品类,"报价: 报价:
95(%)",91450881MA5L7C6N28,,,"序号: 273;标项名称: 调味品类;报价: 报价:
95(%);中标供应商名称: 广西桂平市
唐吉食品有
限公司;中标供应商地址: 广西桂平市长安工业区广西玮力裕电子
科技有限公司2号厂房第5层;统一社会信用代码: 91450881MA5L7C6N28",0.99,"按 PDF 表格行批量抽取;地址视为供应商登记/联系地址,不自动认定为仓储节点。"
rec_6e84d97ee20c00dd,data/raw/guigang_food_suppliers_310.pdf,file_baf2a03a5bd599d7,government_procurement,15,1,11,贵港市食品供应商中标名单（310条）,2026-05-13,广州优链云供应链管理有限公司,,广州市自云区江高镇珠江村巴江东路29号,,贵港市,调味品类,"报价: 报价:
95(%)",91440101MA59F2M446,,,"序号: 274;标项名称: 调味品类;报价: 报价:
95(%);中标供应商名称: 广州优链云
供应链管理
有限公司;中标供应商地址: 广州市自云区江高镇珠江村巴江东路29
号;统一社会信用代码: 91440101MA59F2M446",0.99,"按 PDF 表格行批量抽取;地址视为供应商登记/联系地址,不自动认定为仓储节点。"
rec_670c4d9ae0ca988b,data/raw/guigang_food_suppliers_310.pdf,file_baf2a03a5bd599d7,government_procurement,15,1,12,贵港市食品供应商中标名单（310条）,2026-05-13,广西桂源农产品有限公司,,港北区新华路1298号(迎宾华府)小区15幢-1层104号,广西壮族自治区/贵港市/港北区,贵港市,调味品类,"报价: 报价:
95(%)",91450800MA5PELWY41,,,"序号: 275;标项名称: 调味品类;报价: 报价:
95(%);中标供应商名称: 广西桂源农
产品有限公
司;中标供应商地址: 港北区新华路1298号(迎宾华府)小区
15幢-1层104号;统一社会信用代码: 91450800MA5PELWY41",0.99,"按 PDF 表格行批量抽取;地址视为供应商登记/联系地址,不自动认定为仓储节点。"
rec_691c4c085c82d046,data/raw/guigang_food_suppliers_310.pdf,file_baf2a03a5bd599d7,government_procurement,15,1,13,贵港市食品供应商中标名单（310条）,2026-05-13,广西和顺食品有限公司,,贵港市港北区荷城路1108号(中强·荷城世家)77幢15号,广西壮族自治区/贵港市/港北区,贵港市,调味品类,"报价: 报价:
95(%)",91450800327350678E,,,"序号: 276;标项名称: 调味品类;报价: 报价:
95(%);中标供应商名称: 广西和顺食
品有限公司;中标供应商地址: 贵港市港北区荷城路1108号(中强·荷城
世家)77幢15号;统一社会信用代码: 91450800327350678E",0.99,"按 PDF 表格行批量抽取;地址视为供应商登记/联系地址,不自动认定为仓储节点。"
rec_e1fa030f9663ce73,data/raw/guigang_food_suppliers_310.pdf,file_baf2a03a5bd599d7,government_procurement,15,1,14,贵港市食品供应商中标名单（310条）,2026-05-13,广西华鲁贸易有限公司,,贵港市港北区解放路正骨街一巷,广西壮族自治区/贵港市/港北区,贵港市,调味品类,"报价: 报价:
94(%)",91450800MA5MWP0H8X,,,"序号: 277;标项名称: 调味品类;报价: 报价:
94(%);中标供应商名称: 广西华鲁贸
易有限公司;中标供应商地址: 贵港市港北区解放路正骨街一巷;统一社会信用代码: 91450800MA5MWP0H8X",0.99,"按 PDF 表格行批量抽取;地址视为供应商登记/联系地址,不自动认定为仓储节点。"
rec_2db1d725c6137485,data/raw/guigang_food_suppliers_310.pdf,file_baf2a03a5bd599d7,government_procurement,15,1,15,贵港市食品供应商中标名单（310条）,2026-05-13,鑫达联华(广西)商业有限公司,,广西壮族自治区贵港市城东片区港区大道与进港公路交汇处东南侧(广西盐业集团有限公司贵港分公司1号、4号仓库),广西壮族自治区/贵港市,贵港市,调味品类,"报价: 报价:
95(%)",91450802MA5MW98146,,,"序号: 278;标项名称: 调味品类;报价: 报价:
95(%);中标供应商名称: 鑫达联华
(广西)商
业有限公司;中标供应商地址: 广西壮族自治区贵港市城东片区港区大
道与进港公路交汇处东南侧(广西盐业
集团有限公司贵港分公司1号、4号仓
库);统一社会信用代码: 91450802MA5MW98146",0.99,"按 PDF 表格行批量抽取;地址视为供应商登记/联系地址,不自动认定为仓储节点。"
rec_29577730b4d87757,data/raw/guigang_food_suppliers_310.pdf,file_baf2a03a5bd599d7,government_procurement,15,1,16,贵港市食品供应商中标名单（310条）,2026-05-13,广西天华盛隆餐饮管理有限公司,,南宁市江南区白沙大道38-8号综合楼(北楼)25层2501、2502、2503、2503A号商铺,广西壮族自治区/南宁市/江南区,贵港市,调味品类,"报价: 报价:
95(%)",91450100315922835G,,,"序号: 279;标项名称: 调味品类;报价: 报价:
95(%);中标供应商名称: 广西天华盛
隆餐饮管理
有限公司;中标供应商地址: 南宁市江南区白沙大道38-8号综合楼(北
楼)25层2501、2502、2503、2503A号商
铺;统一社会信用代码: 91450100315922835G",0.99,"按 PDF 表格行批量抽取;地址视为供应商登记/联系地址,不自动认定为仓储节点。"
rec_b4d2ff13337fdc80,data/raw/guigang_food_suppliers_310.pdf,file_baf2a03a5bd599d7,government_procurement,15,1,17,贵港市食品供应商中标名单（310条）,2026-05-13,南宁市食桂鲜农产品配送有限公司,,"南宁市江南区五一路101号,南宁市五一中路农贸市场综合楼一楼11号铺面",广西壮族自治区/南宁市/江南区,贵港市,调味品类,"报价: 报价:
95(%)",91450100MA5KEA2198,,,"序号: 280;标项名称: 调味品类;报价: 报价:
95(%);中标供应商名称: 南宁市食桂
鲜农产品配
送有限公司;中标供应商地址: 南宁市江南区五一路101号,南宁市五一
中路农贸市场综合楼一楼11号铺面;统一社会信用代码: 91450100MA5KEA2198",0.99,"按 PDF 表格行批量抽取;地址视为供应商登记/联系地址,不自动认定为仓储节点。"
rec_37c09729688edf49,data/raw/guigang_food_suppliers_310.pdf,file_baf2a03a5bd599d7,government_procurement,15,1,18,贵港市食品供应商中标名单（310条）,2026-05-13,广西捷奥食品配送有限公司,,广西壮族自治区贵港市港北区西江产业园所西四路与西一路交汇处西北角(新宇电气科技有限责任公司厂区宿舍楼),广西壮族自治区/贵港市/港北区,贵港市,调味品类,"报价: 报价:
95(%)",91450800MADP8R0P55,,,"序号: 281;标项名称: 调味品类;报价: 报价:
95(%);中标供应商名称: 广西捷奥食
品配送有限
公司;中标供应商地址: 广西壮族自治区贵港市港北区西江产业
园所西四路与西一路交汇处西北角(新宇
电气科技有限责任公司厂区宿舍楼);统一社会信用代码: 91450800MADP8R0P55",0.99,"按 PDF 表格行批量抽取;地址视为供应商登记/联系地址,不自动认定为仓储节点。"
rec_d6111a53baacf489,data/raw/guigang_food_suppliers_310.pdf,file_baf2a03a5bd599d7,government_procurement,15,1,19,贵港市食品供应商中标名单（310条）,2026-05-13,广西誉明食品有限公司,,鑫山工业园区D幢一层,广西壮族自治区,贵港市,调味品类,"报价: 报价:
95(%)",91450981MA7APCXK18,,,"序号: 282;标项名称: 调味品类;报价: 报价:
95(%);中标供应商名称: 广西誉明食
品有限公司;中标供应商地址: 鑫山工业园区D幢一层;统一社会信用代码: 91450981MA7APCXK18",0.99,"按 PDF 表格行批量抽取;地址视为供应商登记/联系地址,不自动认定为仓储节点。"
rec_3accc24220039304,data/raw/guigang_food_suppliers_310.pdf,file_baf2a03a5bd599d7,government_procurement,15,1,20,贵港市食品供应商中标名单（310条）,2026-05-13,贵港市泓泰商贸有限公司,,广西壮族自治区贵港市港南区江南街道办江一路128号122室,广西壮族自治区/贵港市/港南区,贵港市,奶制品及饮品,"报价: 报价:
95(%)",91450800MA5QJ00DXY,,,"序号: 283;标项名称: 奶制品及饮
品;报价: 报价:
95(%);中标供应商名称: 贵港市泓泰
商贸有限公
司;中标供应商地址: 广西壮族自治区贵港市港南区江南街道
办江一路128号122室;统一社会信用代码: 91450800MA5QJ00DXY",0.99,"按 PDF 表格行批量抽取;地址视为供应商登记/联系地址,不自动认定为仓储节点。"
rec_278aea0fd0470c19,data/raw/guigang_food_suppliers_310.pdf,file_baf2a03a5bd599d7,government_procurement,15,1,21,贵港市食品供应商中标名单（310条）,2026-05-13,广西菜公子供应链管理有限公司,,贵港市港北区中山北路民族文化公园北侧盛世名都·南12幢12-3号二楼,广西壮族自治区/贵港市/港北区,贵港市,奶制品及饮品,"报价: 报价:
95(%)",91450800MA7ARA7LXL,,,"序号: 284;标项名称: 奶制品及饮
品;报价: 报价:
95(%);中标供应商名称: 广西菜公子
供应链管理
有限公司;中标供应商地址: 贵港市港北区中山北路民族文化公园北
侧盛世名都·南12幢12-3号二楼;统一社会信用代码: 91450800MA7ARA7LXL",0.99,"按 PDF 表格行批量抽取;地址视为供应商登记/联系地址,不自动认定为仓储节点。"
rec_b9135156882decdc,data/raw/guigang_food_suppliers_310.pdf,file_baf2a03a5bd599d7,government_procurement,16,1,1,贵港市食品供应商中标名单（310条）,2026-05-13,广西鲜牧食品贸易有限公司,,贵城街道同济大道与江北东路交汇处东北角(原贵港市西江食品饮料厂)(C区C1-C10号铺),广西壮族自治区/贵港市,贵港市,奶制品及饮品,"报价: 报价:
95(%)",91450800MA5PCJFM1N,,,"序号: 285;标项名称: 奶制品及饮
品;报价: 报价:
95(%);中标供应商名称: 广西鲜牧食
品贸易有限
公司;中标供应商地址: 贵城街道同济大道与江北东路交汇处东
北角(原贵港市西江食品饮料厂)(C区
C1-C10号铺);统一社会信用代码: 91450800MA5PCJFM1N",0.99,"按 PDF 表格行批量抽取;地址视为供应商登记/联系地址,不自动认定为仓储节点。"
rec_2f75412032154ae4,data/raw/guigang_food_suppliers_310.pdf,file_baf2a03a5bd599d7,government_procurement,16,1,2,贵港市食品供应商中标名单（310条）,2026-05-13,南宁市食桂鲜农产品配送有限公司,,"南宁市江南区五一路101号,南宁市五一中路农贸市场综合楼一楼11号铺面",广西壮族自治区/南宁市/江南区,贵港市,奶制品及饮品,"报价: 报价:
95(%)",91450100MA5KEA2198,,,"序号: 286;标项名称: 奶制品及饮
品;报价: 报价:
95(%);中标供应商名称: 南宁市食桂
鲜农产品配
送有限公司;中标供应商地址: 南宁市江南区五一路101号,南宁市五一
中路农贸市场综合楼一楼11号铺面;统一社会信用代码: 91450100MA5KEA2198",0.99,"按 PDF 表格行批量抽取;地址视为供应商登记/联系地址,不自动认定为仓储节点。"
rec_736b938a313b7a71,data/raw/guigang_food_suppliers_310.pdf,file_baf2a03a5bd599d7,government_procurement,16,1,3,贵港市食品供应商中标名单（310条）,2026-05-13,广西粤桂尚品餐饮配送服务有限公司,,广西壮族自治区贵港市港南区江南大道410号(原通泰汽车维修车间1号-2号铺),广西壮族自治区/贵港市/港南区,贵港市,奶制品及饮品,"报价: 报价:
95(%)",91450803MA5PNR1A6N,,,"序号: 287;标项名称: 奶制品及饮
品;报价: 报价:
95(%);中标供应商名称: 广西粤桂尚
品餐饮配送
服务有限公
司;中标供应商地址: 广西壮族自治区贵港市港南区江南大道
410号(原通泰汽车维修车间1号-2号铺);统一社会信用代码: 91450803MA5PNR1A6N",0.99,"按 PDF 表格行批量抽取;地址视为供应商登记/联系地址,不自动认定为仓储节点。"
rec_c1c9ea1a3199a9e0,data/raw/guigang_food_suppliers_310.pdf,file_baf2a03a5bd599d7,government_procurement,16,1,4,贵港市食品供应商中标名单（310条）,2026-05-13,广西捷邦贸易有限公司,,广西南宁市良庆区金龙路2号万科大厦B座1146,广西壮族自治区/南宁市/良庆区,贵港市,奶制品及饮品,"报价: 报价:
93(%)",91450108MA5P51KA86,,,"序号: 288;标项名称: 奶制品及饮
品;报价: 报价:
93(%);中标供应商名称: 广西捷邦贸
易有限公司;中标供应商地址: 广西南宁市良庆区金龙路2号万科大厦B
座1146;统一社会信用代码: 91450108MA5P51KA86",0.99,"按 PDF 表格行批量抽取;地址视为供应商登记/联系地址,不自动认定为仓储节点。"
rec_d15649481194b2a1,data/raw/guigang_food_suppliers_310.pdf,file_baf2a03a5bd599d7,government_procurement,16,1,5,贵港市食品供应商中标名单（310条）,2026-05-13,贵港市楠泰贸易有限公司,,贵港市港北区金港大道(德宝华厦)1311号,广西壮族自治区/贵港市/港北区,贵港市,奶制品及饮品,"报价: 报价:
95(%)",91450800310275202H,,,"序号: 289;标项名称: 奶制品及饮
品;报价: 报价:
95(%);中标供应商名称: 贵港市楠泰
贸易有限公
司;中标供应商地址: 贵港市港北区金港大道(德宝华厦)1311号;统一社会信用代码: 91450800310275202H",0.99,"按 PDF 表格行批量抽取;地址视为供应商登记/联系地址,不自动认定为仓储节点。"
rec_7f395075804b11c0,data/raw/guigang_food_suppliers_310.pdf,file_baf2a03a5bd599d7,government_procurement,16,1,6,贵港市食品供应商中标名单（310条）,2026-05-13,广西宜家鲜供应链有限公司,,南宁市金凯路106号联东U谷南宁经开科技港标准厂房4号厂房102号房一、二楼,广西壮族自治区/南宁市,贵港市,奶制品及饮品,"报价: 报价:
95(%)",91451203MACHA7TF51,,,"序号: 290;标项名称: 奶制品及饮
品;报价: 报价:
95(%);中标供应商名称: 广西宜家鲜
供应链有限
公司;中标供应商地址: 南宁市金凯路106号联东U谷南宁经开科
技港标准厂房4号厂房102号房一、二楼;统一社会信用代码: 91451203MACHA7TF51",0.99,"按 PDF 表格行批量抽取;地址视为供应商登记/联系地址,不自动认定为仓储节点。"
rec_05adb8cdf0325e65,data/raw/guigang_food_suppliers_310.pdf,file_baf2a03a5bd599d7,government_procurement,16,1,7,贵港市食品供应商中标名单（310条）,2026-05-13,广西贵港市鸿杨商贸有限公司,,广西贵港市港南区江南大道556号一楼,广西壮族自治区/贵港市/港南区,贵港市,奶制品及饮品,"报价: 报价:
95(%)",91450803MA5N45R12T,,,"序号: 291;标项名称: 奶制品及饮
品;报价: 报价:
95(%);中标供应商名称: 广西贵港市
鸿杨商贸有
限公司;中标供应商地址: 广西贵港市港南区江南大道556号一楼;统一社会信用代码: 91450803MA5N45R12T",0.99,"按 PDF 表格行批量抽取;地址视为供应商登记/联系地址,不自动认定为仓储节点。"
rec_5e41572dc8fca0cd,data/raw/guigang_food_suppliers_310.pdf,file_baf2a03a5bd599d7,government_procurement,16,1,8,贵港市食品供应商中标名单（310条）,2026-05-13,广西明君供应链有限公司,,北湖北路20号云星·城市春天23号楼1104号,广西壮族自治区,贵港市,奶制品及饮品,"报价: 报价:
93(%)",91450107MACWTGMP4B,,,"序号: 292;标项名称: 奶制品及饮
品;报价: 报价:
93(%);中标供应商名称: 广西明君供
应链有限公
司;中标供应商地址: 北湖北路20号云星·城市春天23号楼1104
号;统一社会信用代码: 91450107MACWTGMP4B",0.99,"按 PDF 表格行批量抽取;地址视为供应商登记/联系地址,不自动认定为仓储节点。"
rec_03ea29d253da44b7,data/raw/guigang_food_suppliers_310.pdf,file_baf2a03a5bd599d7,government_procurement,16,1,9,贵港市食品供应商中标名单（310条）,2026-05-13,平南县金禾顺食品有限公司,,广西壮族自治区贵港市平南县临江工业园入园大道地段(江滨中学地块),广西壮族自治区/贵港市/平南县,贵港市,奶制品及饮品,"报价: 报价:
94(%)",91450821MAEALEL83G,,,"序号: 293;标项名称: 奶制品及饮
品;报价: 报价:
94(%);中标供应商名称: 平南县金禾
顺食品有限
公司;中标供应商地址: 广西壮族自治区贵港市平南县临江工业
园入园大道地段(江滨中学地块);统一社会信用代码: 91450821MAEALEL83G",0.99,"按 PDF 表格行批量抽取;地址视为供应商登记/联系地址,不自动认定为仓储节点。"
rec_84adafe31411d2c7,data/raw/guigang_food_suppliers_310.pdf,file_baf2a03a5bd599d7,government_procurement,16,1,10,贵港市食品供应商中标名单（310条）,2026-05-13,广西丰源食品有限公司,,贵港市港北区龙圣5小区65号一楼,广西壮族自治区/贵港市/港北区,贵港市,奶制品及饮品,"报价: 报价:
90(%)",91450802MAD8Q86P4B,,,"序号: 294;标项名称: 奶制品及饮
品;报价: 报价:
90(%);中标供应商名称: 广西丰源食
品有限公司;中标供应商地址: 贵港市港北区龙圣5小区65号一楼;统一社会信用代码: 91450802MAD8Q86P4B",0.99,"按 PDF 表格行批量抽取;地址视为供应商登记/联系地址,不自动认定为仓储节点。"
rec_83ad63ed9c0081a5,data/raw/guigang_food_suppliers_310.pdf,file_baf2a03a5bd599d7,government_procurement,16,1,11,贵港市食品供应商中标名单（310条）,2026-05-13,广西福满家饼业有限公司,,广西桂平市寻旺乡河南村2队,广西壮族自治区/贵港市/桂平市,贵港市,奶制品及饮品,"报价: 报价:
94(%)",914508813308153845,,,"序号: 295;标项名称: 奶制品及饮
品;报价: 报价:
94(%);中标供应商名称: 广西福满家
饼业有限公
司;中标供应商地址: 广西桂平市寻旺乡河南村2队;统一社会信用代码: 914508813308153845",0.99,"按 PDF 表格行批量抽取;地址视为供应商登记/联系地址,不自动认定为仓储节点。"
rec_a37b2fa291d890af,data/raw/guigang_food_suppliers_310.pdf,file_baf2a03a5bd599d7,government_procurement,16,1,12,贵港市食品供应商中标名单（310条）,2026-05-13,广西柏力食品有限公司,,平南县工业园区,广西壮族自治区/贵港市/平南县,贵港市,奶制品及饮品,"报价: 报价:
85(%)",91450821310135955K,,,"序号: 296;标项名称: 奶制品及饮
品;报价: 报价:
85(%);中标供应商名称: 广西柏力食
品有限公司;中标供应商地址: 平南县工业园区;统一社会信用代码: 91450821310135955K",0.99,"按 PDF 表格行批量抽取;地址视为供应商登记/联系地址,不自动认定为仓储节点。"
rec_01652a87bfe0c780,data/raw/guigang_food_suppliers_310.pdf,file_baf2a03a5bd599d7,government_procurement,16,1,13,贵港市食品供应商中标名单（310条）,2026-05-13,广西港厨食品有限公司,,贵港市港北区中山路北环新村良生农贸市场B栋一楼内侧BD05\BD06铺,广西壮族自治区/贵港市/港北区,贵港市,奶制品及饮品,"报价: 报价:
95(%)",91450802MAA7MET044,,,"序号: 297;标项名称: 奶制品及饮
品;报价: 报价:
95(%);中标供应商名称: 广西港厨食
品有限公司;中标供应商地址: 贵港市港北区中山路北环新村良生农贸
市场B栋一楼内侧BD05\BD06铺;统一社会信用代码: 91450802MAA7MET044",0.99,"按 PDF 表格行批量抽取;地址视为供应商登记/联系地址,不自动认定为仓储节点。"
rec_761916ee2f12dbcf,data/raw/guigang_food_suppliers_310.pdf,file_baf2a03a5bd599d7,government_procurement,16,1,14,贵港市食品供应商中标名单（310条）,2026-05-13,鑫达联华(广西)商业有限公司,,广西壮族自治区贵港市城东片区港区大道与进港公路交汇处东南侧(广西盐业集团有限公司贵港分公司1号、4号仓库),广西壮族自治区/贵港市,贵港市,奶制品及饮品,"报价: 报价:
95(%)",91450802MA5MW98146,,,"序号: 298;标项名称: 奶制品及饮
品;报价: 报价:
95(%);中标供应商名称: 鑫达联华
(广西)商
业有限公司;中标供应商地址: 广西壮族自治区贵港市城东片区港区大
道与进港公路交汇处东南侧(广西盐业
集团有限公司贵港分公司1号、4号仓
库);统一社会信用代码: 91450802MA5MW98146",0.99,"按 PDF 表格行批量抽取;地址视为供应商登记/联系地址,不自动认定为仓储节点。"
rec_7994f94359be37b7,data/raw/guigang_food_suppliers_310.pdf,file_baf2a03a5bd599d7,government_procurement,16,1,15,贵港市食品供应商中标名单（310条）,2026-05-13,广西艺博农产品有限公司,,广西壮族自治区贵港市港北区港城街道金港大道东段北侧永隆市场小区第二排(黄敏华房屋)一楼,广西壮族自治区/贵港市/港北区,贵港市,奶制品及饮品,"报价: 报价:
95(%)",91450800MAEHM3EW7C,,,"序号: 299;标项名称: 奶制品及饮
品;报价: 报价:
95(%);中标供应商名称: 广西艺博农
产品有限公
司;中标供应商地址: 广西壮族自治区贵港市港北区港城街道
金港大道东段北侧永隆市场小区第二排
(黄敏华房屋)一楼;统一社会信用代码: 91450800MAEHM3EW7C",0.99,"按 PDF 表格行批量抽取;地址视为供应商登记/联系地址,不自动认定为仓储节点。"
rec_00ad4a56927cff20,data/raw/guigang_food_suppliers_310.pdf,file_baf2a03a5bd599d7,government_procurement,16,1,16,贵港市食品供应商中标名单（310条）,2026-05-13,广西晨日配送有限公司,,贵港市港北区贵城登龙桥四队,广西壮族自治区/贵港市/港北区,贵港市,奶制品及饮品,"报价: 报价:
95(%)",91450800566774822H,,,"序号: 300;标项名称: 奶制品及饮
品;报价: 报价:
95(%);中标供应商名称: 广西晨日配
送有限公司;中标供应商地址: 贵港市港北区贵城登龙桥四队;统一社会信用代码: 91450800566774822H",0.99,"按 PDF 表格行批量抽取;地址视为供应商登记/联系地址,不自动认定为仓储节点。"
rec_8c3855836ae8bc56,data/raw/guigang_food_suppliers_310.pdf,file_baf2a03a5bd599d7,government_procurement,16,1,17,贵港市食品供应商中标名单（310条）,2026-05-13,广西捷奥食品配送有限公司,,广西壮族自治区贵港市港北区西江产业园所西四路与西一路交汇处西北角(新宇电气科技有限责任公司厂区宿舍楼),广西壮族自治区/贵港市/港北区,贵港市,奶制品及饮品,"报价: 报价:
95(%)",91450800MADP8R0P55,,,"序号: 301;标项名称: 奶制品及饮
品;报价: 报价:
95(%);中标供应商名称: 广西捷奥食
品配送有限
公司;中标供应商地址: 广西壮族自治区贵港市港北区西江产业
园所西四路与西一路交汇处西北角(新宇
电气科技有限责任公司厂区宿舍楼);统一社会信用代码: 91450800MADP8R0P55",0.99,"按 PDF 表格行批量抽取;地址视为供应商登记/联系地址,不自动认定为仓储节点。"
rec_f49c23a6912f1a75,data/raw/guigang_food_suppliers_310.pdf,file_baf2a03a5bd599d7,government_procurement,16,1,18,贵港市食品供应商中标名单（310条）,2026-05-13,广西桂平市润兴供应链管理有限责任公司,,广西壮族自治区贵港市桂平市寻旺乡桂平市长安工业区集中区玮力裕科技园2#3层西边场地,广西壮族自治区/贵港市/桂平市,贵港市,奶制品及饮品,"报价: 报价:
95(%)",91450881MADC9DHF7J,,,"序号: 302;标项名称: 奶制品及饮
品;报价: 报价:
95(%);中标供应商名称: 广西桂平市
润兴供应链
管理有限责
任公司;中标供应商地址: 广西壮族自治区贵港市桂平市寻旺乡桂
平市长安工业区集中区玮力裕科技园2#3
层西边场地;统一社会信用代码: 91450881MADC9DHF7J",0.99,"按 PDF 表格行批量抽取;地址视为供应商登记/联系地址,不自动认定为仓储节点。"
rec_484e9181a6c47073,data/raw/guigang_food_suppliers_310.pdf,file_baf2a03a5bd599d7,government_procurement,16,1,19,贵港市食品供应商中标名单（310条）,2026-05-13,广西晟丰食品有限公司,,贵港市港北区西江产业园区西区六路与西七路交汇处西北角(广西源龙新能源车辆有限公司内),广西壮族自治区/贵港市/港北区,贵港市,奶制品及饮品,"报价: 报价:
95(%)",91450802MADMGMJU45,,,"序号: 303;标项名称: 奶制品及饮
品;报价: 报价:
95(%);中标供应商名称: 广西晟丰食
品有限公司;中标供应商地址: 贵港市港北区西江产业园区西区六路与
西七路交汇处西北角(广西源龙新能源
车辆有限公司内);统一社会信用代码: 91450802MADMGMJU45",0.99,"按 PDF 表格行批量抽取;地址视为供应商登记/联系地址,不自动认定为仓储节点。"
rec_0badb9e349709f78,data/raw/guigang_food_suppliers_310.pdf,file_baf2a03a5bd599d7,government_procurement,16,1,20,贵港市食品供应商中标名单（310条）,2026-05-13,广西桂平市唐吉食品有限公司,,广西桂平市长安工业区广西玮力裕电子科技有限公司2号厂房第5层,广西壮族自治区/贵港市/桂平市,贵港市,奶制品及饮品,"报价: 报价:
95(%)",91450881MA5L7C6N28,,,"序号: 304;标项名称: 奶制品及饮
品;报价: 报价:
95(%);中标供应商名称: 广西桂平市
唐吉食品有
限公司;中标供应商地址: 广西桂平市长安工业区广西玮力裕电子
科技有限公司2号厂房第5层;统一社会信用代码: 91450881MA5L7C6N28",0.99,"按 PDF 表格行批量抽取;地址视为供应商登记/联系地址,不自动认定为仓储节点。"
rec_fad1df8e06f748da,data/raw/guigang_food_suppliers_310.pdf,file_baf2a03a5bd599d7,government_procurement,17,1,1,贵港市食品供应商中标名单（310条）,2026-05-13,广西南宁明璨贸易有限公司,,南宁市青秀区竹溪南路8号新新家园邕江云影A栋2单元0601号房,广西壮族自治区/南宁市/青秀区,贵港市,奶制品及饮品,"报价: 报价:
95(%)",91450100559421383N,,,"序号: 305;标项名称: 奶制品及饮
品;报价: 报价:
95(%);中标供应商名称: 广西南宁明
璨贸易有限
公司;中标供应商地址: 南宁市青秀区竹溪南路8号新新家园邕
江云影A栋2单元0601号房;统一社会信用代码: 91450100559421383N",0.99,"按 PDF 表格行批量抽取;地址视为供应商登记/联系地址,不自动认定为仓储节点。"
rec_b3672cc1f6698d05,data/raw/guigang_food_suppliers_310.pdf,file_baf2a03a5bd599d7,government_procurement,17,1,2,贵港市食品供应商中标名单（310条）,2026-05-13,广西天华盛隆餐饮管理有限公司,,南宁市江南区白沙大道38-8号综合楼(北楼)25层2501、2502、2503、2503A号商铺,广西壮族自治区/南宁市/江南区,贵港市,奶制品及饮品,"报价: 报价:
95(%)",91450100315922835G,,,"序号: 306;标项名称: 奶制品及饮
品;报价: 报价:
95(%);中标供应商名称: 广西天华盛
隆餐饮管理
有限公司;中标供应商地址: 南宁市江南区白沙大道38-8号综合楼(北
楼)25层2501、2502、2503、2503A号商
铺;统一社会信用代码: 91450100315922835G",0.99,"按 PDF 表格行批量抽取;地址视为供应商登记/联系地址,不自动认定为仓储节点。"
rec_4a093604b7022842,data/raw/guigang_food_suppliers_310.pdf,file_baf2a03a5bd599d7,government_procurement,17,1,3,贵港市食品供应商中标名单（310条）,2026-05-13,广西华鲁贸易有限公司,,贵港市港北区解放路正骨街一巷,广西壮族自治区/贵港市/港北区,贵港市,奶制品及饮品,"报价: 报价:
94(%)",91450800MA5MWP0H8X,,,"序号: 307;标项名称: 奶制品及饮
品;报价: 报价:
94(%);中标供应商名称: 广西华鲁贸
易有限公司;中标供应商地址: 贵港市港北区解放路正骨街一巷;统一社会信用代码: 91450800MA5MWP0H8X",0.99,"按 PDF 表格行批量抽取;地址视为供应商登记/联系地址,不自动认定为仓储节点。"
rec_335383a5058d070a,data/raw/guigang_food_suppliers_310.pdf,file_baf2a03a5bd599d7,government_procurement,17,1,4,贵港市食品供应商中标名单（310条）,2026-05-13,广西鑫三元食品配送有限公司,,广西壮族自治区桂林市象山区安新南路18号406-409栋1-2号商铺,广西壮族自治区/桂林市/象山区,贵港市,奶制品及饮品,"报价: 报价:
95(%)",91450304MADHLMUYXG,,,"序号: 308;标项名称: 奶制品及饮
品;报价: 报价:
95(%);中标供应商名称: 广西鑫三元
食品配送有
限公司;中标供应商地址: 广西壮族自治区桂林市象山区安新南路
18号406-409栋1-2号商铺;统一社会信用代码: 91450304MADHLMUYXG",0.99,"按 PDF 表格行批量抽取;地址视为供应商登记/联系地址,不自动认定为仓储节点。"
rec_4409f6d378f1a9d5,data/raw/guigang_food_suppliers_310.pdf,file_baf2a03a5bd599d7,government_procurement,17,1,5,贵港市食品供应商中标名单（310条）,2026-05-13,广西星美农业有限公司,,贵港市港北区民生路与布山大道交汇处东北角(广西壮族自治区贵港茶厂地块钢结构仓库1号、2号),广西壮族自治区/贵港市/港北区,贵港市,奶制品及饮品,"报价: 报价:
94(%)",91450800MA5PG3FXX8,,,"序号: 309;标项名称: 奶制品及饮
品;报价: 报价:
94(%);中标供应商名称: 广西星美农
业有限公司;中标供应商地址: 贵港市港北区民生路与布山大道交汇处
东北角(广西壮族自治区贵港茶厂地块
钢结构仓库1号、2号);统一社会信用代码: 91450800MA5PG3FXX8",0.99,"按 PDF 表格行批量抽取;地址视为供应商登记/联系地址,不自动认定为仓储节点。"
rec_b4f1899cf1fdabb3,data/raw/guigang_food_suppliers_310.pdf,file_baf2a03a5bd599d7,government_procurement,17,1,6,贵港市食品供应商中标名单（310条）,2026-05-13,广西旅发洪泉智慧城市运营管理有限公司,,中国 (广西)自由贸易试验区南宁片区平乐大道10号五象新区核心区商务街商务办公区4号楼14层1401号,广西壮族自治区/南宁市,贵港市,奶制品及饮品,"报价: 报价:
95(%)",914501005913019123,,,"序号: 310;标项名称: 奶制品及饮
品;报价: 报价:
95(%);中标供应商名称: 广西旅发洪
泉智慧城市
运营管理有
限公司;中标供应商地址: 中国 (广西)自由贸易试验区南宁片区平
乐大道10号五象新区核心区商务街商务
办公区4号楼14层1401号;统一社会信用代码: 914501005913019123",0.99,"按 PDF 表格行批量抽取;地址视为供应商登记/联系地址,不自动认定为仓储节点。"
rec_6468907d86a8b6b9,data/raw/moa_designated_wholesale_markets_2024.pdf,file_6a02aa5933cd197b,wholesale_market,1,1,3,农业农村部定点市场名单,2024-03-21,北京新发地农产品股份有限公司(北京新发地农副产品批发市场中心),,,北京,,农业农村部定点农产品批发市场,农业农村部定点市场,,,,序号: 1;市场名称: 北京新发地农产品股份有限公司(北京新发地农副产品批发市场中心);省级分组: 北京,0.98,按 PDF 两列表格抽取;原文件未提供详细地址和坐标。
rec_36f259bfd1a6be0a,data/raw/moa_designated_wholesale_markets_2024.pdf,file_6a02aa5933cd197b,wholesale_market,1,1,4,农业农村部定点市场名单,2024-03-21,北京大洋路农副产品市场有限公司,,,北京,,农业农村部定点农产品批发市场,农业农村部定点市场,,,,序号: 2;市场名称: 北京大洋路农副产品市场有限公司;省级分组: 北京,0.98,按 PDF 两列表格抽取;原文件未提供详细地址和坐标。
rec_d59ed39379a31d68,data/raw/moa_designated_wholesale_markets_2024.pdf,file_6a02aa5933cd197b,wholesale_market,1,1,5,农业农村部定点市场名单,2024-03-21,北京锦绣大地农副产品批发市场有限责任公司,,,北京,,农业农村部定点农产品批发市场,农业农村部定点市场,,,,序号: 3;市场名称: 北京锦绣大地农副产品批发市场有限责任公司;省级分组: 北京,0.98,按 PDF 两列表格抽取;原文件未提供详细地址和坐标。
rec_d448327c4cfbb4fc,data/raw/moa_designated_wholesale_markets_2024.pdf,file_6a02aa5933cd197b,wholesale_market,1,1,6,农业农村部定点市场名单,2024-03-21,北京大红门京深海鲜批发市场有限公司,,,北京,,农业农村部定点农产品批发市场,农业农村部定点市场,,,,序号: 4;市场名称: 北京大红门京深海鲜批发市场有限公司;省级分组: 北京,0.98,按 PDF 两列表格抽取;原文件未提供详细地址和坐标。
rec_d1f764aa1895e6c1,data/raw/moa_designated_wholesale_markets_2024.pdf,file_6a02aa5933cd197b,wholesale_market,1,1,7,农业农村部定点市场名单,2024-03-21,北京顺鑫石门国际农产品批发市场集团有限公司,,,北京,,农业农村部定点农产品批发市场,农业农村部定点市场,,,,序号: 5;市场名称: 北京顺鑫石门国际农产品批发市场集团有限公司;省级分组: 北京,0.98,按 PDF 两列表格抽取;原文件未提供详细地址和坐标。
rec_24dd2f5c03e63303,data/raw/moa_designated_wholesale_markets_2024.pdf,file_6a02aa5933cd197b,wholesale_market,1,1,8,农业农村部定点市场名单,2024-03-21,北京水屯农副产品批发市场有限公司,,,北京,,农业农村部定点农产品批发市场,农业农村部定点市场,,,,序号: 6;市场名称: 北京水屯农副产品批发市场有限公司;省级分组: 北京,0.98,按 PDF 两列表格抽取;原文件未提供详细地址和坐标。
rec_d536118356571e1c,data/raw/moa_designated_wholesale_markets_2024.pdf,file_6a02aa5933cd197b,wholesale_market,1,1,9,农业农村部定点市场名单,2024-03-21,北京京丰岳各庄农副产品批发市场中心,,,北京,,农业农村部定点农产品批发市场,农业农村部定点市场,,,,序号: 7;市场名称: 北京京丰岳各庄农副产品批发市场中心;省级分组: 北京,0.98,按 PDF 两列表格抽取;原文件未提供详细地址和坐标。
rec_04cdf8d69674a680,data/raw/moa_designated_wholesale_markets_2024.pdf,file_6a02aa5933cd197b,wholesale_market,1,1,11,农业农村部定点市场名单,2024-03-21,天津海吉星国际农产品物流园(天津静海海吉星农产品批发市场),,,天津,,农业农村部定点农产品批发市场,农业农村部定点市场,,,,序号: 8;市场名称: 天津海吉星国际农产品物流园(天津静海海吉星农产品批发市场);省级分组: 天津,0.98,按 PDF 两列表格抽取;原文件未提供详细地址和坐标。
rec_934168b16187c6a4,data/raw/moa_designated_wholesale_markets_2024.pdf,file_6a02aa5933cd197b,wholesale_market,1,1,12,农业农村部定点市场名单,2024-03-21,天津市隆海葛沽农产品市场,,,天津,,农业农村部定点农产品批发市场,农业农村部定点市场,,,,序号: 9;市场名称: 天津市隆海葛沽农产品市场;省级分组: 天津,0.98,按 PDF 两列表格抽取;原文件未提供详细地址和坐标。
rec_253d1b47608685b4,data/raw/moa_designated_wholesale_markets_2024.pdf,file_6a02aa5933cd197b,wholesale_market,1,1,13,农业农村部定点市场名单,2024-03-21,天津市静海区范庄子蔬菜批发中心,,,天津,,农业农村部定点农产品批发市场,农业农村部定点市场,,,,序号: 10;市场名称: 天津市静海区范庄子蔬菜批发中心;省级分组: 天津,0.98,按 PDF 两列表格抽取;原文件未提供详细地址和坐标。
rec_0a75c8d1d07bb49f,data/raw/moa_designated_wholesale_markets_2024.pdf,file_6a02aa5933cd197b,wholesale_market,1,1,14,农业农村部定点市场名单,2024-03-21,天津韩家墅海吉星农产品物流有限公司(天津韩家墅海吉星农产品批发市场),,,天津,,农业农村部定点农产品批发市场,农业农村部定点市场,,,,序号: 11;市场名称: 天津韩家墅海吉星农产品物流有限公司(天津韩家墅海吉星农产品批发市场);省级分组: 天津,0.98,按 PDF 两列表格抽取;原文件未提供详细地址和坐标。
rec_3e3c328f55df1892,data/raw/moa_designated_wholesale_markets_2024.pdf,file_6a02aa5933cd197b,wholesale_market,1,1,15,农业农村部定点市场名单,2024-03-21,天津宁河区贸易开发区综合批发市场,,,天津,,农业农村部定点农产品批发市场,农业农村部定点市场,,,,序号: 12;市场名称: 天津宁河区贸易开发区综合批发市场;省级分组: 天津,0.98,按 PDF 两列表格抽取;原文件未提供详细地址和坐标。
rec_16bd1e436add3ffe,data/raw/moa_designated_wholesale_markets_2024.pdf,file_6a02aa5933cd197b,wholesale_market,1,1,16,农业农村部定点市场名单,2024-03-21,天津金元宝滨海农产品交易市场,,,天津,,农业农村部定点农产品批发市场,农业农村部定点市场,,,,序号: 13;市场名称: 天津金元宝滨海农产品交易市场;省级分组: 天津,0.98,按 PDF 两列表格抽取;原文件未提供详细地址和坐标。
rec_edb7843fb2f29767,data/raw/moa_designated_wholesale_markets_2024.pdf,file_6a02aa5933cd197b,wholesale_market,1,1,17,农业农村部定点市场名单,2024-03-21,天津市红旗农贸综合批发市场有限公司,,,天津,,农业农村部定点农产品批发市场,农业农村部定点市场,,,,序号: 14;市场名称: 天津市红旗农贸综合批发市场有限公司;省级分组: 天津,0.98,按 PDF 两列表格抽取;原文件未提供详细地址和坐标。
rec_b6399eef6d06a351,data/raw/moa_designated_wholesale_markets_2024.pdf,file_6a02aa5933cd197b,wholesale_market,1,1,18,农业农村部定点市场名单,2024-03-21,天津何庄子农产品批发市场,,,天津,,农业农村部定点农产品批发市场,农业农村部定点市场,,,,序号: 15;市场名称: 天津何庄子农产品批发市场;省级分组: 天津,0.98,按 PDF 两列表格抽取;原文件未提供详细地址和坐标。
rec_c17b4845fb28960c,data/raw/moa_designated_wholesale_markets_2024.pdf,file_6a02aa5933cd197b,wholesale_market,1,1,19,农业农村部定点市场名单,2024-03-21,天津大沙河蔬菜批发市场,,,天津,,农业农村部定点农产品批发市场,农业农村部定点市场,,,,序号: 16;市场名称: 天津大沙河蔬菜批发市场;省级分组: 天津,0.98,按 PDF 两列表格抽取;原文件未提供详细地址和坐标。
rec_c1acb0dc2f218073,data/raw/moa_designated_wholesale_markets_2024.pdf,file_6a02aa5933cd197b,wholesale_market,1,1,20,农业农村部定点市场名单,2024-03-21,天津碧城农产品批发市场,,,天津,,农业农村部定点农产品批发市场,农业农村部定点市场,,,,序号: 17;市场名称: 天津碧城农产品批发市场;省级分组: 天津,0.98,按 PDF 两列表格抽取;原文件未提供详细地址和坐标。
rec_93f36f2a166fd4be,data/raw/moa_designated_wholesale_markets_2024.pdf,file_6a02aa5933cd197b,wholesale_market,1,1,21,农业农村部定点市场名单,2024-03-21,天津市宝坻区京东市场建设服务有限公司农产品批发市场,,,天津,,农业农村部定点农产品批发市场,农业农村部定点市场,,,,序号: 18;市场名称: 天津市宝坻区京东市场建设服务有限公司农产品批发市场;省级分组: 天津,0.98,按 PDF 两列表格抽取;原文件未提供详细地址和坐标。
rec_0edf555aeba4c9a1,data/raw/moa_designated_wholesale_markets_2024.pdf,file_6a02aa5933cd197b,wholesale_market,1,1,22,农业农村部定点市场名单,2024-03-21,天津环渤海绿色农产品交易物流中心(天津环渤海农产品交易市场),,,天津,,农业农村部定点农产品批发市场,农业农村部定点市场,,,,序号: 19;市场名称: 天津环渤海绿色农产品交易物流中心(天津环渤海农产品交易市场);省级分组: 天津,0.98,按 PDF 两列表格抽取;原文件未提供详细地址和坐标。
rec_9b24b1d03314d2f2,data/raw/moa_designated_wholesale_markets_2024.pdf,file_6a02aa5933cd197b,wholesale_market,1,1,23,农业农村部定点市场名单,2024-03-21,天津市蓟州万家蔬菜批发有限公司(天津市蓟州蔬菜批发市场),,,天津,,农业农村部定点农产品批发市场,农业农村部定点市场,,,,序号: 20;市场名称: 天津市蓟州万家蔬菜批发有限公司(天津市蓟州蔬菜批发市场);省级分组: 天津,0.98,按 PDF 两列表格抽取;原文件未提供详细地址和坐标。
rec_21b1815d6ce21aa2,data/raw/moa_designated_wholesale_markets_2024.pdf,file_6a02aa5933cd197b,wholesale_market,1,1,24,农业农村部定点市场名单,2024-03-21,天津金钟农产品批发市场,,,天津,,农业农村部定点农产品批发市场,农业农村部定点市场,,,,序号: 21;市场名称: 天津金钟农产品批发市场;省级分组: 天津,0.98,按 PDF 两列表格抽取;原文件未提供详细地址和坐标。
rec_4516836fe78ec49b,data/raw/moa_designated_wholesale_markets_2024.pdf,file_6a02aa5933cd197b,wholesale_market,1,1,25,农业农村部定点市场名单,2024-03-21,天津市兴耀粮油食品批发市场有限公司(天津市兴耀粮油食品批发市场),,,天津,,农业农村部定点农产品批发市场,农业农村部定点市场,,,,序号: 22;市场名称: 天津市兴耀粮油食品批发市场有限公司(天津市兴耀粮油食品批发市场);省级分组: 天津,0.98,按 PDF 两列表格抽取;原文件未提供详细地址和坐标。
rec_44f59fd0bd8ad971,data/raw/moa_designated_wholesale_markets_2024.pdf,file_6a02aa5933cd197b,wholesale_market,1,1,27,农业农村部定点市场名单,2024-03-21,河北石家庄雨润农产品全球采购有限公司(河北石家庄雨润农产品全球采购中心),,,河北,,农业农村部定点农产品批发市场,农业农村部定点市场,,,,序号: 23;市场名称: 河北石家庄雨润农产品全球采购有限公司(河北石家庄雨润农产品全球采购中心);省级分组: 河北,0.98,按 PDF 两列表格抽取;原文件未提供详细地址和坐标。
rec_69d8c3a5304339d9,data/raw/moa_designated_wholesale_markets_2024.pdf,file_6a02aa5933cd197b,wholesale_market,2,1,1,农业农村部定点市场名单,2024-03-21,河北乐亭县冀东国际农产品物流有限公司(河北乐亭县冀东果菜批发市场),,,河北,,农业农村部定点农产品批发市场,农业农村部定点市场,,,,序号: 24;市场名称: 河北乐亭县冀东国际农产品物流有限公司(河北乐亭县冀东果菜批发市场);省级分组: 河北,0.98,按 PDF 两列表格抽取;原文件未提供详细地址和坐标。
rec_6c2f6df8f2fcdb89,data/raw/moa_designated_wholesale_markets_2024.pdf,file_6a02aa5933cd197b,wholesale_market,2,1,2,农业农村部定点市场名单,2024-03-21,河北邯郸市(馆陶)金凤禽蛋农贸批发市场,,,河北,,农业农村部定点农产品批发市场,农业农村部定点市场,,,,序号: 25;市场名称: 河北邯郸市(馆陶)金凤禽蛋农贸批发市场;省级分组: 河北,0.98,按 PDF 两列表格抽取;原文件未提供详细地址和坐标。
rec_e8982f093beb66a8,data/raw/moa_designated_wholesale_markets_2024.pdf,file_6a02aa5933cd197b,wholesale_market,2,1,3,农业农村部定点市场名单,2024-03-21,河北定州市西城蔬菜批发市场,,,河北,,农业农村部定点农产品批发市场,农业农村部定点市场,,,,序号: 26;市场名称: 河北定州市西城蔬菜批发市场;省级分组: 河北,0.98,按 PDF 两列表格抽取;原文件未提供详细地址和坐标。
rec_07c2f44e788a58a0,data/raw/moa_designated_wholesale_markets_2024.pdf,file_6a02aa5933cd197b,wholesale_market,2,1,4,农业农村部定点市场名单,2024-03-21,河北高邑蔬菜批发市场,,,河北,,农业农村部定点农产品批发市场,农业农村部定点市场,,,,序号: 27;市场名称: 河北高邑蔬菜批发市场;省级分组: 河北,0.98,按 PDF 两列表格抽取;原文件未提供详细地址和坐标。
rec_eff1bade6699edf5,data/raw/moa_designated_wholesale_markets_2024.pdf,file_6a02aa5933cd197b,wholesale_market,2,1,5,农业农村部定点市场名单,2024-03-21,河北唐山市荷花坑农副产品批发市场,,,河北,,农业农村部定点农产品批发市场,农业农村部定点市场,,,,序号: 28;市场名称: 河北唐山市荷花坑农副产品批发市场;省级分组: 河北,0.98,按 PDF 两列表格抽取;原文件未提供详细地址和坐标。
rec_69f5c3ba8e57be10,data/raw/moa_designated_wholesale_markets_2024.pdf,file_6a02aa5933cd197b,wholesale_market,2,1,6,农业农村部定点市场名单,2024-03-21,河北秦皇岛农副产品批发市场,,,河北,,农业农村部定点农产品批发市场,农业农村部定点市场,,,,序号: 29;市场名称: 河北秦皇岛农副产品批发市场;省级分组: 河北,0.98,按 PDF 两列表格抽取;原文件未提供详细地址和坐标。
rec_a74c242f4b3aad76,data/raw/moa_designated_wholesale_markets_2024.pdf,file_6a02aa5933cd197b,wholesale_market,2,1,7,农业农村部定点市场名单,2024-03-21,河北魏县现代农业产业发展服务中心(河北邯郸(魏县)天仙果菜批发交易市场),,,河北,,农业农村部定点农产品批发市场,农业农村部定点市场,,,,序号: 30;市场名称: 河北魏县现代农业产业发展服务中心(河北邯郸(魏县)天仙果菜批发交易市场);省级分组: 河北,0.98,按 PDF 两列表格抽取;原文件未提供详细地址和坐标。
rec_6678a451be7ffcd8,data/raw/moa_designated_wholesale_markets_2024.pdf,file_6a02aa5933cd197b,wholesale_market,2,1,8,农业农村部定点市场名单,2024-03-21,河北怀来县京西果菜批发市场有限责任公司,,,河北,,农业农村部定点农产品批发市场,农业农村部定点市场,,,,序号: 31;市场名称: 河北怀来县京西果菜批发市场有限责任公司;省级分组: 河北,0.98,按 PDF 两列表格抽取;原文件未提供详细地址和坐标。
rec_024ccbe900c56965,data/raw/moa_designated_wholesale_markets_2024.pdf,file_6a02aa5933cd197b,wholesale_market,2,1,9,农业农村部定点市场名单,2024-03-21,河北威县冀南瓜菜有限公司(河北威县瓜菜批发市场),,,河北,,农业农村部定点农产品批发市场,农业农村部定点市场,,,,序号: 32;市场名称: 河北威县冀南瓜菜有限公司(河北威县瓜菜批发市场);省级分组: 河北,0.98,按 PDF 两列表格抽取;原文件未提供详细地址和坐标。
rec_99866216012a5dfd,data/raw/moa_designated_wholesale_markets_2024.pdf,file_6a02aa5933cd197b,wholesale_market,2,1,10,农业农村部定点市场名单,2024-03-21,河北无极县王村鲜活农产品交易市场,,,河北,,农业农村部定点农产品批发市场,农业农村部定点市场,,,,序号: 33;市场名称: 河北无极县王村鲜活农产品交易市场;省级分组: 河北,0.98,按 PDF 两列表格抽取;原文件未提供详细地址和坐标。
rec_dafda2dd9f124a34,data/raw/moa_designated_wholesale_markets_2024.pdf,file_6a02aa5933cd197b,wholesale_market,2,1,11,农业农村部定点市场名单,2024-03-21,河北冀州区周村辣椒专业批发市场,,,河北,,农业农村部定点农产品批发市场,农业农村部定点市场,,,,序号: 34;市场名称: 河北冀州区周村辣椒专业批发市场;省级分组: 河北,0.98,按 PDF 两列表格抽取;原文件未提供详细地址和坐标。
rec_558ffde1a950ef22,data/raw/moa_designated_wholesale_markets_2024.pdf,file_6a02aa5933cd197b,wholesale_market,2,1,12,农业农村部定点市场名单,2024-03-21,河北邯郸市蔚庄农产品市场有限公司,,,河北,,农业农村部定点农产品批发市场,农业农村部定点市场,,,,序号: 35;市场名称: 河北邯郸市蔚庄农产品市场有限公司;省级分组: 河北,0.98,按 PDF 两列表格抽取;原文件未提供详细地址和坐标。
rec_97a35040d8eb205e,data/raw/moa_designated_wholesale_markets_2024.pdf,file_6a02aa5933cd197b,wholesale_market,2,1,13,农业农村部定点市场名单,2024-03-21,河北黄骅市沈庄贸易城综合市场有限公司,,,河北,,农业农村部定点农产品批发市场,农业农村部定点市场,,,,序号: 36;市场名称: 河北黄骅市沈庄贸易城综合市场有限公司;省级分组: 河北,0.98,按 PDF 两列表格抽取;原文件未提供详细地址和坐标。
rec_135a72445dd326c7,data/raw/moa_designated_wholesale_markets_2024.pdf,file_6a02aa5933cd197b,wholesale_market,2,1,14,农业农村部定点市场名单,2024-03-21,河北沧州红枣交易市场,,,河北,,农业农村部定点农产品批发市场,农业农村部定点市场,,,,序号: 37;市场名称: 河北沧州红枣交易市场;省级分组: 河北,0.98,按 PDF 两列表格抽取;原文件未提供详细地址和坐标。
rec_d455ab7c49c4b69c,data/raw/moa_designated_wholesale_markets_2024.pdf,file_6a02aa5933cd197b,wholesale_market,2,1,15,农业农村部定点市场名单,2024-03-21,河北衡水市东明村农产品企业管理有限责任公司(河北衡水市东明蔬菜果品批发市场),,,河北,,农业农村部定点农产品批发市场,农业农村部定点市场,,,,序号: 38;市场名称: 河北衡水市东明村农产品企业管理有限责任公司(河北衡水市东明蔬菜果品批发市场);省级分组: 河北,0.98,按 PDF 两列表格抽取;原文件未提供详细地址和坐标。
rec_99402b01823ae11f,data/raw/moa_designated_wholesale_markets_2024.pdf,file_6a02aa5933cd197b,wholesale_market,2,1,16,农业农村部定点市场名单,2024-03-21,河北宣化盛发蔬菜水产有限责任公司(河北宣化盛发蔬菜批发市场有限公司),,,河北,,农业农村部定点农产品批发市场,农业农村部定点市场,,,,序号: 39;市场名称: 河北宣化盛发蔬菜水产有限责任公司(河北宣化盛发蔬菜批发市场有限公司);省级分组: 河北,0.98,按 PDF 两列表格抽取;原文件未提供详细地址和坐标。
rec_63e63af70f4f5a7f,data/raw/moa_designated_wholesale_markets_2024.pdf,file_6a02aa5933cd197b,wholesale_market,2,1,17,农业农村部定点市场名单,2024-03-21,河北康保县杂粮商会(河北康保县杂粮市场),,,河北,,农业农村部定点农产品批发市场,农业农村部定点市场,,,,序号: 40;市场名称: 河北康保县杂粮商会(河北康保县杂粮市场);省级分组: 河北,0.98,按 PDF 两列表格抽取;原文件未提供详细地址和坐标。
rec_8d66dd2bc13e2d2d,data/raw/moa_designated_wholesale_markets_2024.pdf,file_6a02aa5933cd197b,wholesale_market,2,1,18,农业农村部定点市场名单,2024-03-21,河北唐山市众船农贸市场管理有限公司,,,河北,,农业农村部定点农产品批发市场,农业农村部定点市场,,,,序号: 41;市场名称: 河北唐山市众船农贸市场管理有限公司;省级分组: 河北,0.98,按 PDF 两列表格抽取;原文件未提供详细地址和坐标。
rec_639e0036f792b73c,data/raw/moa_designated_wholesale_markets_2024.pdf,file_6a02aa5933cd197b,wholesale_market,2,1,19,农业农村部定点市场名单,2024-03-21,河北承德市隆化县兴业大牲畜交易市场,,,河北,,农业农村部定点农产品批发市场,农业农村部定点市场,,,,序号: 42;市场名称: 河北承德市隆化县兴业大牲畜交易市场;省级分组: 河北,0.98,按 PDF 两列表格抽取;原文件未提供详细地址和坐标。
rec_06c575cbeeb5252f,data/raw/moa_designated_wholesale_markets_2024.pdf,file_6a02aa5933cd197b,wholesale_market,2,1,20,农业农村部定点市场名单,2024-03-21,河北唐山金玉农产品综合批发市场,,,河北,,农业农村部定点农产品批发市场,农业农村部定点市场,,,,序号: 43;市场名称: 河北唐山金玉农产品综合批发市场;省级分组: 河北,0.98,按 PDF 两列表格抽取;原文件未提供详细地址和坐标。
rec_28e52153e9093ef3,data/raw/moa_designated_wholesale_markets_2024.pdf,file_6a02aa5933cd197b,wholesale_market,2,1,21,农业农村部定点市场名单,2024-03-21,河北河间市堤口农产品批发市场,,,河北,,农业农村部定点农产品批发市场,农业农村部定点市场,,,,序号: 44;市场名称: 河北河间市堤口农产品批发市场;省级分组: 河北,0.98,按 PDF 两列表格抽取;原文件未提供详细地址和坐标。
rec_060341eff3765f2b,data/raw/moa_designated_wholesale_markets_2024.pdf,file_6a02aa5933cd197b,wholesale_market,2,1,22,农业农村部定点市场名单,2024-03-21,河北遵化市燕山果菜批发市场有限公司,,,河北,,农业农村部定点农产品批发市场,农业农村部定点市场,,,,序号: 45;市场名称: 河北遵化市燕山果菜批发市场有限公司;省级分组: 河北,0.98,按 PDF 两列表格抽取;原文件未提供详细地址和坐标。
rec_144309efb87c6c19,data/raw/moa_designated_wholesale_markets_2024.pdf,file_6a02aa5933cd197b,wholesale_market,2,1,23,农业农村部定点市场名单,2024-03-21,河北滦南县姚王庄青河沿果菜批发市场,,,河北,,农业农村部定点农产品批发市场,农业农村部定点市场,,,,序号: 46;市场名称: 河北滦南县姚王庄青河沿果菜批发市场;省级分组: 河北,0.98,按 PDF 两列表格抽取;原文件未提供详细地址和坐标。
rec_5a2e6d225e559479,data/raw/moa_designated_wholesale_markets_2024.pdf,file_6a02aa5933cd197b,wholesale_market,2,1,24,农业农村部定点市场名单,2024-03-21,河北宁晋县绿源蔬菜果品批发市场有限公司,,,河北,,农业农村部定点农产品批发市场,农业农村部定点市场,,,,序号: 47;市场名称: 河北宁晋县绿源蔬菜果品批发市场有限公司;省级分组: 河北,0.98,按 PDF 两列表格抽取;原文件未提供详细地址和坐标。
rec_11b03d928e20cf67,data/raw/moa_designated_wholesale_markets_2024.pdf,file_6a02aa5933cd197b,wholesale_market,2,1,25,农业农村部定点市场名单,2024-03-21,河北张北县坝上蔬菜产业有限公司(河北张北县农产品综合批发市场),,,河北,,农业农村部定点农产品批发市场,农业农村部定点市场,,,,序号: 48;市场名称: 河北张北县坝上蔬菜产业有限公司(河北张北县农产品综合批发市场);省级分组: 河北,0.98,按 PDF 两列表格抽取;原文件未提供详细地址和坐标。
rec_58d1d35895140edf,data/raw/moa_designated_wholesale_markets_2024.pdf,file_6a02aa5933cd197b,wholesale_market,2,1,26,农业农村部定点市场名单,2024-03-21,河北首衡高碑店国际农产品交易中心,,,河北,,农业农村部定点农产品批发市场,农业农村部定点市场,,,,序号: 49;市场名称: 河北首衡高碑店国际农产品交易中心;省级分组: 河北,0.98,按 PDF 两列表格抽取;原文件未提供详细地址和坐标。
rec_b3243b726b3651cd,data/raw/moa_designated_wholesale_markets_2024.pdf,file_6a02aa5933cd197b,wholesale_market,2,1,27,农业农村部定点市场名单,2024-03-21,河北昌黎县嘉诚实业集团有限公司新集农副产品批发市场,,,河北,,农业农村部定点农产品批发市场,农业农村部定点市场,,,,序号: 50;市场名称: 河北昌黎县嘉诚实业集团有限公司新集农副产品批发市场;省级分组: 河北,0.98,按 PDF 两列表格抽取;原文件未提供详细地址和坐标。
rec_8b701b1289b33321,data/raw/moa_designated_wholesale_markets_2024.pdf,file_6a02aa5933cd197b,wholesale_market,2,1,28,农业农村部定点市场名单,2024-03-21,河北邢州现代农产品市场服务有限公司,,,河北,,农业农村部定点农产品批发市场,农业农村部定点市场,,,,序号: 51;市场名称: 河北邢州现代农产品市场服务有限公司;省级分组: 河北,0.98,按 PDF 两列表格抽取;原文件未提供详细地址和坐标。
rec_1d4185b670a5b68a,data/raw/moa_designated_wholesale_markets_2024.pdf,file_6a02aa5933cd197b,wholesale_market,2,1,29,农业农村部定点市场名单,2024-03-21,河北保定新发地联农批发市场,,,河北,,农业农村部定点农产品批发市场,农业农村部定点市场,,,,序号: 52;市场名称: 河北保定新发地联农批发市场;省级分组: 河北,0.98,按 PDF 两列表格抽取;原文件未提供详细地址和坐标。
rec_369ab77f03b372d7,data/raw/moa_designated_wholesale_markets_2024.pdf,file_6a02aa5933cd197b,wholesale_market,2,1,30,农业农村部定点市场名单,2024-03-21,河北邯郸开发区滏东现代农业管理有限公司(河北邯郸南大堡蔬菜批发,,,河北,,农业农村部定点农产品批发市场,农业农村部定点市场,,,,序号: 53;市场名称: 河北邯郸开发区滏东现代农业管理有限公司(河北邯郸南大堡蔬菜批发;省级分组: 河北,0.98,按 PDF 两列表格抽取;原文件未提供详细地址和坐标。
rec_fda7c66fd641711d,data/raw/moa_designated_wholesale_markets_2024.pdf,file_6a02aa5933cd197b,wholesale_market,3,1,2,农业农村部定点市场名单,2024-03-21,河北唐山市曹妃甸区远通农贸综合批发市场,,,河北,,农业农村部定点农产品批发市场,农业农村部定点市场,,,,序号: 54;市场名称: 河北唐山市曹妃甸区远通农贸综合批发市场;省级分组: 河北,0.98,按 PDF 两列表格抽取;原文件未提供详细地址和坐标。
rec_f36de9b3dec3f11a,data/raw/moa_designated_wholesale_markets_2024.pdf,file_6a02aa5933cd197b,wholesale_market,3,1,3,农业农村部定点市场名单,2024-03-21,河北邯郸市超盟农产品贸易有限公司(河北邯郸冀南超盟农副产品批发市场),,,河北,,农业农村部定点农产品批发市场,农业农村部定点市场,,,,序号: 55;市场名称: 河北邯郸市超盟农产品贸易有限公司(河北邯郸冀南超盟农副产品批发市场);省级分组: 河北,0.98,按 PDF 两列表格抽取;原文件未提供详细地址和坐标。
rec_51da61c16744f5f9,data/raw/moa_designated_wholesale_markets_2024.pdf,file_6a02aa5933cd197b,wholesale_market,3,1,4,农业农村部定点市场名单,2024-03-21,河北唐山市丰南农副产品交易市场,,,河北,,农业农村部定点农产品批发市场,农业农村部定点市场,,,,序号: 56;市场名称: 河北唐山市丰南农副产品交易市场;省级分组: 河北,0.98,按 PDF 两列表格抽取;原文件未提供详细地址和坐标。
rec_378c1168ebbd7a1a,data/raw/moa_designated_wholesale_markets_2024.pdf,file_6a02aa5933cd197b,wholesale_market,3,1,5,农业农村部定点市场名单,2024-03-21,河北邢台润恒农副产品市场管理有限公司,,,河北,,农业农村部定点农产品批发市场,农业农村部定点市场,,,,序号: 57;市场名称: 河北邢台润恒农副产品市场管理有限公司;省级分组: 河北,0.98,按 PDF 两列表格抽取;原文件未提供详细地址和坐标。
rec_fa44a1e7ff402211,data/raw/moa_designated_wholesale_markets_2024.pdf,file_6a02aa5933cd197b,wholesale_market,3,1,6,农业农村部定点市场名单,2024-03-21,河北承德市南区农产品批发市场有限公司,,,河北,,农业农村部定点农产品批发市场,农业农村部定点市场,,,,序号: 58;市场名称: 河北承德市南区农产品批发市场有限公司;省级分组: 河北,0.98,按 PDF 两列表格抽取;原文件未提供详细地址和坐标。
rec_30c8b662197ca330,data/raw/moa_designated_wholesale_markets_2024.pdf,file_6a02aa5933cd197b,wholesale_market,3,1,8,农业农村部定点市场名单,2024-03-21,山西太原市裕吉经贸发展有限公司(山西太原市杏花岭区城东利民果菜批发市场),,,山西,,农业农村部定点农产品批发市场,农业农村部定点市场,,,,序号: 59;市场名称: 山西太原市裕吉经贸发展有限公司(山西太原市杏花岭区城东利民果菜批发市场);省级分组: 山西,0.98,按 PDF 两列表格抽取;原文件未提供详细地址和坐标。
rec_ece4432415ae0f94,data/raw/moa_designated_wholesale_markets_2024.pdf,file_6a02aa5933cd197b,wholesale_market,3,1,9,农业农村部定点市场名单,2024-03-21,山西太原市河西农产品有限公司(山西太原市万柏林区河西农副产品市场),,,山西,,农业农村部定点农产品批发市场,农业农村部定点市场,,,,序号: 60;市场名称: 山西太原市河西农产品有限公司(山西太原市万柏林区河西农副产品市场);省级分组: 山西,0.98,按 PDF 两列表格抽取;原文件未提供详细地址和坐标。
rec_7a3adaf35052b0f6,data/raw/moa_designated_wholesale_markets_2024.pdf,file_6a02aa5933cd197b,wholesale_market,3,1,10,农业农村部定点市场名单,2024-03-21,山西大同市平城区振华蔬菜农贸批发市场,,,山西,,农业农村部定点农产品批发市场,农业农村部定点市场,,,,序号: 61;市场名称: 山西大同市平城区振华蔬菜农贸批发市场;省级分组: 山西,0.98,按 PDF 两列表格抽取;原文件未提供详细地址和坐标。
rec_211d3306b9e42ddf,data/raw/moa_designated_wholesale_markets_2024.pdf,file_6a02aa5933cd197b,wholesale_market,3,1,11,农业农村部定点市场名单,2024-03-21,山西大同市康圆果蔬贸易有限责任公司(山西大同市平城区康圆果蔬批发市场),,,山西,,农业农村部定点农产品批发市场,农业农村部定点市场,,,,序号: 62;市场名称: 山西大同市康圆果蔬贸易有限责任公司(山西大同市平城区康圆果蔬批发市场);省级分组: 山西,0.98,按 PDF 两列表格抽取;原文件未提供详细地址和坐标。
rec_f86f7faacc4eb525,data/raw/moa_designated_wholesale_markets_2024.pdf,file_6a02aa5933cd197b,wholesale_market,3,1,12,农业农村部定点市场名单,2024-03-21,山西华胜农贸市场有限公司,,,山西,,农业农村部定点农产品批发市场,农业农村部定点市场,,,,序号: 63;市场名称: 山西华胜农贸市场有限公司;省级分组: 山西,0.98,按 PDF 两列表格抽取;原文件未提供详细地址和坐标。
rec_da830b3532840cbd,data/raw/moa_designated_wholesale_markets_2024.pdf,file_6a02aa5933cd197b,wholesale_market,3,1,13,农业农村部定点市场名单,2024-03-21,山西长治市天禾农产品有限公司(山西长治市上党经开区天禾农产品交易市场),,,山西,,农业农村部定点农产品批发市场,农业农村部定点市场,,,,序号: 64;市场名称: 山西长治市天禾农产品有限公司(山西长治市上党经开区天禾农产品交易市场);省级分组: 山西,0.98,按 PDF 两列表格抽取;原文件未提供详细地址和坐标。
rec_0e8dfd0184ce38c4,data/raw/moa_designated_wholesale_markets_2024.pdf,file_6a02aa5933cd197b,wholesale_market,3,1,14,农业农村部定点市场名单,2024-03-21,山西长治市紫坊农产品综合交易市场有限公司,,,山西,,农业农村部定点农产品批发市场,农业农村部定点市场,,,,序号: 65;市场名称: 山西长治市紫坊农产品综合交易市场有限公司;省级分组: 山西,0.98,按 PDF 两列表格抽取;原文件未提供详细地址和坐标。
rec_e8e5f7a776cd30c5,data/raw/moa_designated_wholesale_markets_2024.pdf,file_6a02aa5933cd197b,wholesale_market,3,1,15,农业农村部定点市场名单,2024-03-21,山西长治市金鑫瓜果批发市场,,,山西,,农业农村部定点农产品批发市场,农业农村部定点市场,,,,序号: 66;市场名称: 山西长治市金鑫瓜果批发市场;省级分组: 山西,0.98,按 PDF 两列表格抽取;原文件未提供详细地址和坐标。
rec_d2fa9827ee2199e4,data/raw/moa_designated_wholesale_markets_2024.pdf,file_6a02aa5933cd197b,wholesale_market,3,1,16,农业农村部定点市场名单,2024-03-21,山西应县南河种蔬菜批发市场,,,山西,,农业农村部定点农产品批发市场,农业农村部定点市场,,,,序号: 67;市场名称: 山西应县南河种蔬菜批发市场;省级分组: 山西,0.98,按 PDF 两列表格抽取;原文件未提供详细地址和坐标。
rec_eaaff1e3249b36a7,data/raw/moa_designated_wholesale_markets_2024.pdf,file_6a02aa5933cd197b,wholesale_market,3,1,17,农业农村部定点市场名单,2024-03-21,山西朔州大运果菜批发市场有限公司,,,山西,,农业农村部定点农产品批发市场,农业农村部定点市场,,,,序号: 68;市场名称: 山西朔州大运果菜批发市场有限公司;省级分组: 山西,0.98,按 PDF 两列表格抽取;原文件未提供详细地址和坐标。
rec_6c8a0036ff8cd033,data/raw/moa_designated_wholesale_markets_2024.pdf,file_6a02aa5933cd197b,wholesale_market,3,1,18,农业农村部定点市场名单,2024-03-21,山西右玉玉羊畜产品有限责任公司(山西朔州市右玉县玉羊肉类批发市场),,,山西,,农业农村部定点农产品批发市场,农业农村部定点市场,,,,序号: 69;市场名称: 山西右玉玉羊畜产品有限责任公司(山西朔州市右玉县玉羊肉类批发市场);省级分组: 山西,0.98,按 PDF 两列表格抽取;原文件未提供详细地址和坐标。
rec_b822ae3aca8cdfa5,data/raw/moa_designated_wholesale_markets_2024.pdf,file_6a02aa5933cd197b,wholesale_market,3,1,19,农业农村部定点市场名单,2024-03-21,山西晋中汇隆农产品置业有限公司(山西晋中市榆次区汇隆市场),,,山西,,农业农村部定点农产品批发市场,农业农村部定点市场,,,,序号: 70;市场名称: 山西晋中汇隆农产品置业有限公司(山西晋中市榆次区汇隆市场);省级分组: 山西,0.98,按 PDF 两列表格抽取;原文件未提供详细地址和坐标。
rec_5c61875fa3a6ad19,data/raw/moa_designated_wholesale_markets_2024.pdf,file_6a02aa5933cd197b,wholesale_market,3,1,20,农业农村部定点市场名单,2024-03-21,山西孝义市绿海蔬菜批发销售有限公司,,,山西,,农业农村部定点农产品批发市场,农业农村部定点市场,,,,序号: 71;市场名称: 山西孝义市绿海蔬菜批发销售有限公司;省级分组: 山西,0.98,按 PDF 两列表格抽取;原文件未提供详细地址和坐标。
rec_79842fdba683209e,data/raw/moa_designated_wholesale_markets_2024.pdf,file_6a02aa5933cd197b,wholesale_market,3,1,21,农业农村部定点市场名单,2024-03-21,山西临汾市尧都区奶牛场尧丰农副产品批发市场,,,山西,,农业农村部定点农产品批发市场,农业农村部定点市场,,,,序号: 72;市场名称: 山西临汾市尧都区奶牛场尧丰农副产品批发市场;省级分组: 山西,0.98,按 PDF 两列表格抽取;原文件未提供详细地址和坐标。
rec_033f64329f8398fd,data/raw/moa_designated_wholesale_markets_2024.pdf,file_6a02aa5933cd197b,wholesale_market,3,1,22,农业农村部定点市场名单,2024-03-21,山西吕梁市离石区马茂庄常青蔬菜瓜果综合市场,,,山西,,农业农村部定点农产品批发市场,农业农村部定点市场,,,,序号: 73;市场名称: 山西吕梁市离石区马茂庄常青蔬菜瓜果综合市场;省级分组: 山西,0.98,按 PDF 两列表格抽取;原文件未提供详细地址和坐标。
rec_c876091401fb8f27,data/raw/moa_designated_wholesale_markets_2024.pdf,file_6a02aa5933cd197b,wholesale_market,3,1,23,农业农村部定点市场名单,2024-03-21,山西忻州市忻府区华瑞农副产品转运中心,,,山西,,农业农村部定点农产品批发市场,农业农村部定点市场,,,,序号: 74;市场名称: 山西忻州市忻府区华瑞农副产品转运中心;省级分组: 山西,0.98,按 PDF 两列表格抽取;原文件未提供详细地址和坐标。
rec_94df9df9918073fc,data/raw/moa_designated_wholesale_markets_2024.pdf,file_6a02aa5933cd197b,wholesale_market,3,1,25,农业农村部定点市场名单,2024-03-21,内蒙古美通首府无公害农产品物流中心,,,内蒙古,,农业农村部定点农产品批发市场,农业农村部定点市场,,,,序号: 75;市场名称: 内蒙古美通首府无公害农产品物流中心;省级分组: 内蒙古,0.98,按 PDF 两列表格抽取;原文件未提供详细地址和坐标。
rec_113d65adb893b4a1,data/raw/moa_designated_wholesale_markets_2024.pdf,file_6a02aa5933cd197b,wholesale_market,3,1,26,农业农村部定点市场名单,2024-03-21,内蒙呼和浩特市东瓦窑农副产品批发市场有限责任公司,,,内蒙古,,农业农村部定点农产品批发市场,农业农村部定点市场,,,,序号: 76;市场名称: 内蒙呼和浩特市东瓦窑农副产品批发市场有限责任公司;省级分组: 内蒙古,0.98,按 PDF 两列表格抽取;原文件未提供详细地址和坐标。
rec_f3c4624c5074662b,data/raw/moa_designated_wholesale_markets_2024.pdf,file_6a02aa5933cd197b,wholesale_market,3,1,27,农业农村部定点市场名单,2024-03-21,内蒙古食全食美股份有限公司石羊桥交易中心,,,内蒙古,,农业农村部定点农产品批发市场,农业农村部定点市场,,,,序号: 77;市场名称: 内蒙古食全食美股份有限公司石羊桥交易中心;省级分组: 内蒙古,0.98,按 PDF 两列表格抽取;原文件未提供详细地址和坐标。
rec_538467f1da146a26,data/raw/moa_designated_wholesale_markets_2024.pdf,file_6a02aa5933cd197b,wholesale_market,4,1,1,农业农村部定点市场名单,2024-03-21,内蒙古西龙王庙万惠农副产品商贸有限责任公司(内蒙古呼和浩特市万惠农副产品批发市场),,,内蒙古,,农业农村部定点农产品批发市场,农业农村部定点市场,,,,序号: 78;市场名称: 内蒙古西龙王庙万惠农副产品商贸有限责任公司(内蒙古呼和浩特市万惠农副产品批发市场);省级分组: 内蒙古,0.98,按 PDF 两列表格抽取;原文件未提供详细地址和坐标。
rec_4f14baedc8f6a566,data/raw/moa_designated_wholesale_markets_2024.pdf,file_6a02aa5933cd197b,wholesale_market,4,1,2,农业农村部定点市场名单,2024-03-21,内蒙古包头市友谊蔬菜批发市场有限责任公司,,,内蒙古,,农业农村部定点农产品批发市场,农业农村部定点市场,,,,序号: 79;市场名称: 内蒙古包头市友谊蔬菜批发市场有限责任公司;省级分组: 内蒙古,0.98,按 PDF 两列表格抽取;原文件未提供详细地址和坐标。
rec_940897168ee88ef6,data/raw/moa_designated_wholesale_markets_2024.pdf,file_6a02aa5933cd197b,wholesale_market,4,1,3,农业农村部定点市场名单,2024-03-21,内蒙古呼伦贝尔市海拉尔区胜利农工商联合公司(内蒙古呼伦贝尔市新桥市场),,,内蒙古,,农业农村部定点农产品批发市场,农业农村部定点市场,,,,序号: 80;市场名称: 内蒙古呼伦贝尔市海拉尔区胜利农工商联合公司(内蒙古呼伦贝尔市新桥市场);省级分组: 内蒙古,0.98,按 PDF 两列表格抽取;原文件未提供详细地址和坐标。
rec_b91fce95fc91256f,data/raw/moa_designated_wholesale_markets_2024.pdf,file_6a02aa5933cd197b,wholesale_market,4,1,4,农业农村部定点市场名单,2024-03-21,内蒙古扎兰屯市蒙东牲畜交易市场有限责任公司,,,内蒙古,,农业农村部定点农产品批发市场,农业农村部定点市场,,,,序号: 81;市场名称: 内蒙古扎兰屯市蒙东牲畜交易市场有限责任公司;省级分组: 内蒙古,0.98,按 PDF 两列表格抽取;原文件未提供详细地址和坐标。
rec_8dc752a685b85072,data/raw/moa_designated_wholesale_markets_2024.pdf,file_6a02aa5933cd197b,wholesale_market,4,1,5,农业农村部定点市场名单,2024-03-21,内蒙古扎赉特旗石头城子牲畜交易(市场)有限公司,,,内蒙古,,农业农村部定点农产品批发市场,农业农村部定点市场,,,,序号: 82;市场名称: 内蒙古扎赉特旗石头城子牲畜交易(市场)有限公司;省级分组: 内蒙古,0.98,按 PDF 两列表格抽取;原文件未提供详细地址和坐标。
rec_267e36e606eff12d,data/raw/moa_designated_wholesale_markets_2024.pdf,file_6a02aa5933cd197b,wholesale_market,4,1,6,农业农村部定点市场名单,2024-03-21,内蒙古赤峰西城市场,,,内蒙古,,农业农村部定点农产品批发市场,农业农村部定点市场,,,,序号: 83;市场名称: 内蒙古赤峰西城市场;省级分组: 内蒙古,0.98,按 PDF 两列表格抽取;原文件未提供详细地址和坐标。
rec_8bcaace47a1bafcf,data/raw/moa_designated_wholesale_markets_2024.pdf,file_6a02aa5933cd197b,wholesale_market,4,1,7,农业农村部定点市场名单,2024-03-21,内蒙古宁城蔬菜大市场,,,内蒙古,,农业农村部定点农产品批发市场,农业农村部定点市场,,,,序号: 84;市场名称: 内蒙古宁城蔬菜大市场;省级分组: 内蒙古,0.98,按 PDF 两列表格抽取;原文件未提供详细地址和坐标。
rec_6c6ef3e93e158219,data/raw/moa_designated_wholesale_markets_2024.pdf,file_6a02aa5933cd197b,wholesale_market,4,1,8,农业农村部定点市场名单,2024-03-21,内蒙古赤峰平庄新发地农副产品批发市场,,,内蒙古,,农业农村部定点农产品批发市场,农业农村部定点市场,,,,序号: 85;市场名称: 内蒙古赤峰平庄新发地农副产品批发市场;省级分组: 内蒙古,0.98,按 PDF 两列表格抽取;原文件未提供详细地址和坐标。
rec_8d12aa760745a25f,data/raw/moa_designated_wholesale_markets_2024.pdf,file_6a02aa5933cd197b,wholesale_market,4,1,9,农业农村部定点市场名单,2024-03-21,内蒙古察右后旗北方马铃薯批发市场有限责任公司,,,内蒙古,,农业农村部定点农产品批发市场,农业农村部定点市场,,,,序号: 86;市场名称: 内蒙古察右后旗北方马铃薯批发市场有限责任公司;省级分组: 内蒙古,0.98,按 PDF 两列表格抽取;原文件未提供详细地址和坐标。
rec_0727dd7a81255f3c,data/raw/moa_designated_wholesale_markets_2024.pdf,file_6a02aa5933cd197b,wholesale_market,4,1,10,农业农村部定点市场名单,2024-03-21,内蒙古察右中旗红胡萝卜批发市场,,,内蒙古,,农业农村部定点农产品批发市场,农业农村部定点市场,,,,序号: 87;市场名称: 内蒙古察右中旗红胡萝卜批发市场;省级分组: 内蒙古,0.98,按 PDF 两列表格抽取;原文件未提供详细地址和坐标。
rec_39632a706b339585,data/raw/moa_designated_wholesale_markets_2024.pdf,file_6a02aa5933cd197b,wholesale_market,4,1,11,农业农村部定点市场名单,2024-03-21,内蒙古鄂托克前旗三段地活畜交易市场,,,内蒙古,,农业农村部定点农产品批发市场,农业农村部定点市场,,,,序号: 88;市场名称: 内蒙古鄂托克前旗三段地活畜交易市场;省级分组: 内蒙古,0.98,按 PDF 两列表格抽取;原文件未提供详细地址和坐标。
rec_afd349d13b1e35ad,data/raw/moa_designated_wholesale_markets_2024.pdf,file_6a02aa5933cd197b,wholesale_market,4,1,12,农业农村部定点市场名单,2024-03-21,内蒙古临河四季青批发市场有限公司,,,内蒙古,,农业农村部定点农产品批发市场,农业农村部定点市场,,,,序号: 89;市场名称: 内蒙古临河四季青批发市场有限公司;省级分组: 内蒙古,0.98,按 PDF 两列表格抽取;原文件未提供详细地址和坐标。
rec_423d6f3be4e6c576,data/raw/moa_designated_wholesale_markets_2024.pdf,file_6a02aa5933cd197b,wholesale_market,4,1,13,农业农村部定点市场名单,2024-03-21,内蒙古鸿鼎工贸园(内蒙古五原县鸿鼎农贸市场),,,内蒙古,,农业农村部定点农产品批发市场,农业农村部定点市场,,,,序号: 90;市场名称: 内蒙古鸿鼎工贸园(内蒙古五原县鸿鼎农贸市场);省级分组: 内蒙古,0.98,按 PDF 两列表格抽取;原文件未提供详细地址和坐标。
rec_07f49c53941f41a3,data/raw/moa_designated_wholesale_markets_2024.pdf,file_6a02aa5933cd197b,wholesale_market,4,1,14,农业农村部定点市场名单,2024-03-21,内蒙古通辽市成峰牲畜交易市场有限公司,,,内蒙古,,农业农村部定点农产品批发市场,农业农村部定点市场,,,,序号: 91;市场名称: 内蒙古通辽市成峰牲畜交易市场有限公司;省级分组: 内蒙古,0.98,按 PDF 两列表格抽取;原文件未提供详细地址和坐标。
rec_c95969ac4300c3d7,data/raw/moa_designated_wholesale_markets_2024.pdf,file_6a02aa5933cd197b,wholesale_market,4,1,15,农业农村部定点市场名单,2024-03-21,内蒙古鄂尔多斯市东胜区欣祥万家惠农贸市场,,,内蒙古,,农业农村部定点农产品批发市场,农业农村部定点市场,,,,序号: 92;市场名称: 内蒙古鄂尔多斯市东胜区欣祥万家惠农贸市场;省级分组: 内蒙古,0.98,按 PDF 两列表格抽取;原文件未提供详细地址和坐标。
rec_f0e02ed9c22762f4,data/raw/moa_designated_wholesale_markets_2024.pdf,file_6a02aa5933cd197b,wholesale_market,4,1,16,农业农村部定点市场名单,2024-03-21,内蒙古赤峰雨润农产品物流有限公司,,,内蒙古,,农业农村部定点农产品批发市场,农业农村部定点市场,,,,序号: 93;市场名称: 内蒙古赤峰雨润农产品物流有限公司;省级分组: 内蒙古,0.98,按 PDF 两列表格抽取;原文件未提供详细地址和坐标。
rec_ed4e89b91a504c21,data/raw/moa_designated_wholesale_markets_2024.pdf,file_6a02aa5933cd197b,wholesale_market,4,1,17,农业农村部定点市场名单,2024-03-21,内蒙古通辽市科尔沁区建国农产品批发市场有限责任公司,,,内蒙古,,农业农村部定点农产品批发市场,农业农村部定点市场,,,,序号: 94;市场名称: 内蒙古通辽市科尔沁区建国农产品批发市场有限责任公司;省级分组: 内蒙古,0.98,按 PDF 两列表格抽取;原文件未提供详细地址和坐标。
rec_c9f94b3f675497c3,data/raw/moa_designated_wholesale_markets_2024.pdf,file_6a02aa5933cd197b,wholesale_market,4,1,18,农业农村部定点市场名单,2024-03-21,内蒙古乌兰浩特泰华农产品批发市场有限公司,,,内蒙古,,农业农村部定点农产品批发市场,农业农村部定点市场,,,,序号: 95;市场名称: 内蒙古乌兰浩特泰华农产品批发市场有限公司;省级分组: 内蒙古,0.98,按 PDF 两列表格抽取;原文件未提供详细地址和坐标。
rec_ce37217802319743,data/raw/moa_designated_wholesale_markets_2024.pdf,file_6a02aa5933cd197b,wholesale_market,4,1,19,农业农村部定点市场名单,2024-03-21,内蒙古开鲁县雨田农畜交易市场有限责任公司,,,内蒙古,,农业农村部定点农产品批发市场,农业农村部定点市场,,,,序号: 96;市场名称: 内蒙古开鲁县雨田农畜交易市场有限责任公司;省级分组: 内蒙古,0.98,按 PDF 两列表格抽取;原文件未提供详细地址和坐标。
rec_2e15836b55ffb9db,data/raw/moa_designated_wholesale_markets_2024.pdf,file_6a02aa5933cd197b,wholesale_market,4,1,20,农业农村部定点市场名单,2024-03-21,内蒙古科左后旗科尔沁黄牛市场有限公司,,,内蒙古,,农业农村部定点农产品批发市场,农业农村部定点市场,,,,序号: 97;市场名称: 内蒙古科左后旗科尔沁黄牛市场有限公司;省级分组: 内蒙古,0.98,按 PDF 两列表格抽取;原文件未提供详细地址和坐标。
rec_ab1cdd8b13051405,data/raw/moa_designated_wholesale_markets_2024.pdf,file_6a02aa5933cd197b,wholesale_market,4,1,21,农业农村部定点市场名单,2024-03-21,内蒙古包头市远大诚信瓜果蔬菜副食市场有限公司,,,内蒙古,,农业农村部定点农产品批发市场,农业农村部定点市场,,,,序号: 98;市场名称: 内蒙古包头市远大诚信瓜果蔬菜副食市场有限公司;省级分组: 内蒙古,0.98,按 PDF 两列表格抽取;原文件未提供详细地址和坐标。
rec_ae65e479b4ee6eb2,data/raw/moa_designated_wholesale_markets_2024.pdf,file_6a02aa5933cd197b,wholesale_market,4,1,22,农业农村部定点市场名单,2024-03-21,内蒙古赤峰八里罕活畜市场有限责任公司,,,内蒙古,,农业农村部定点农产品批发市场,农业农村部定点市场,,,,序号: 99;市场名称: 内蒙古赤峰八里罕活畜市场有限责任公司;省级分组: 内蒙古,0.98,按 PDF 两列表格抽取;原文件未提供详细地址和坐标。
rec_812c0217402072d4,data/raw/moa_designated_wholesale_markets_2024.pdf,file_6a02aa5933cd197b,wholesale_market,4,1,23,农业农村部定点市场名单,2024-03-21,内蒙古满洲里市德丰贸易有限责任公司(内蒙古满洲里市口岸农副产品批发市场),,,内蒙古,,农业农村部定点农产品批发市场,农业农村部定点市场,,,,序号: 100;市场名称: 内蒙古满洲里市德丰贸易有限责任公司(内蒙古满洲里市口岸农副产品批发市场);省级分组: 内蒙古,0.98,按 PDF 两列表格抽取;原文件未提供详细地址和坐标。
rec_6f3fe618c077f034,data/raw/moa_designated_wholesale_markets_2024.pdf,file_6a02aa5933cd197b,wholesale_market,4,1,25,农业农村部定点市场名单,2024-03-21,辽宁沈阳市粮食批发市场,,,辽宁,,农业农村部定点农产品批发市场,农业农村部定点市场,,,,序号: 101;市场名称: 辽宁沈阳市粮食批发市场;省级分组: 辽宁,0.98,按 PDF 两列表格抽取;原文件未提供详细地址和坐标。
rec_969cf732df1b1621,data/raw/moa_designated_wholesale_markets_2024.pdf,file_6a02aa5933cd197b,wholesale_market,4,1,26,农业农村部定点市场名单,2024-03-21,辽宁塔湾北行农贸市场,,,辽宁,,农业农村部定点农产品批发市场,农业农村部定点市场,,,,序号: 102;市场名称: 辽宁塔湾北行农贸市场;省级分组: 辽宁,0.98,按 PDF 两列表格抽取;原文件未提供详细地址和坐标。
rec_74f986ed9aac76da,data/raw/moa_designated_wholesale_markets_2024.pdf,file_6a02aa5933cd197b,wholesale_market,4,1,27,农业农村部定点市场名单,2024-03-21,辽宁沈阳盛发菜果批发有限公司(辽宁沈阳盛发菜果批发市场),,,辽宁,,农业农村部定点农产品批发市场,农业农村部定点市场,,,,序号: 103;市场名称: 辽宁沈阳盛发菜果批发有限公司(辽宁沈阳盛发菜果批发市场);省级分组: 辽宁,0.98,按 PDF 两列表格抽取;原文件未提供详细地址和坐标。
rec_b70224827f9f91d1,data/raw/moa_designated_wholesale_markets_2024.pdf,file_6a02aa5933cd197b,wholesale_market,4,1,28,农业农村部定点市场名单,2024-03-21,辽宁沈阳水产批发市场,,,辽宁,,农业农村部定点农产品批发市场,农业农村部定点市场,,,,序号: 104;市场名称: 辽宁沈阳水产批发市场;省级分组: 辽宁,0.98,按 PDF 两列表格抽取;原文件未提供详细地址和坐标。
rec_7ff97432a39eeacb,data/raw/moa_designated_wholesale_markets_2024.pdf,file_6a02aa5933cd197b,wholesale_market,4,1,29,农业农村部定点市场名单,2024-03-21,辽宁大连棉麻有限公司果菜批发市场,,,辽宁,,农业农村部定点农产品批发市场,农业农村部定点市场,,,,序号: 105;市场名称: 辽宁大连棉麻有限公司果菜批发市场;省级分组: 辽宁,0.98,按 PDF 两列表格抽取;原文件未提供详细地址和坐标。
rec_a2aeceefa70cfede,data/raw/moa_designated_wholesale_markets_2024.pdf,file_6a02aa5933cd197b,wholesale_market,4,1,30,农业农村部定点市场名单,2024-03-21,辽宁大连双兴商品城有限公司(辽宁大连双兴批发市场),,,辽宁,,农业农村部定点农产品批发市场,农业农村部定点市场,,,,序号: 106;市场名称: 辽宁大连双兴商品城有限公司(辽宁大连双兴批发市场);省级分组: 辽宁,0.98,按 PDF 两列表格抽取;原文件未提供详细地址和坐标。
rec_5712ef1859d7b90f,data/raw/moa_designated_wholesale_markets_2024.pdf,file_6a02aa5933cd197b,wholesale_market,4,1,31,农业农村部定点市场名单,2024-03-21,辽宁大连辽渔国际水产品市场,,,辽宁,,农业农村部定点农产品批发市场,农业农村部定点市场,,,,序号: 107;市场名称: 辽宁大连辽渔国际水产品市场;省级分组: 辽宁,0.98,按 PDF 两列表格抽取;原文件未提供详细地址和坐标。
rec_129e4485cd01fe29,data/raw/moa_designated_wholesale_markets_2024.pdf,file_6a02aa5933cd197b,wholesale_market,5,1,1,农业农村部定点市场名单,2024-03-21,辽宁鞍山宁远农产品批发市场,,,辽宁,,农业农村部定点农产品批发市场,农业农村部定点市场,,,,序号: 108;市场名称: 辽宁鞍山宁远农产品批发市场;省级分组: 辽宁,0.98,按 PDF 两列表格抽取;原文件未提供详细地址和坐标。
rec_ef2dac19711097f5,data/raw/moa_designated_wholesale_markets_2024.pdf,file_6a02aa5933cd197b,wholesale_market,5,1,2,农业农村部定点市场名单,2024-03-21,辽宁本溪大河农产品批发市场,,,辽宁,,农业农村部定点农产品批发市场,农业农村部定点市场,,,,序号: 109;市场名称: 辽宁本溪大河农产品批发市场;省级分组: 辽宁,0.98,按 PDF 两列表格抽取;原文件未提供详细地址和坐标。
rec_901aa3e971a71803,data/raw/moa_designated_wholesale_markets_2024.pdf,file_6a02aa5933cd197b,wholesale_market,5,1,3,农业农村部定点市场名单,2024-03-21,辽宁东港黄海水产品批发市场,,,辽宁,,农业农村部定点农产品批发市场,农业农村部定点市场,,,,序号: 110;市场名称: 辽宁东港黄海水产品批发市场;省级分组: 辽宁,0.98,按 PDF 两列表格抽取;原文件未提供详细地址和坐标。
rec_30af795b2f08f31e,data/raw/moa_designated_wholesale_markets_2024.pdf,file_6a02aa5933cd197b,wholesale_market,5,1,4,农业农村部定点市场名单,2024-03-21,辽宁窟窿台蔬菜批发市场,,,辽宁,,农业农村部定点农产品批发市场,农业农村部定点市场,,,,序号: 111;市场名称: 辽宁窟窿台蔬菜批发市场;省级分组: 辽宁,0.98,按 PDF 两列表格抽取;原文件未提供详细地址和坐标。
rec_ea64d61e6566951f,data/raw/moa_designated_wholesale_markets_2024.pdf,file_6a02aa5933cd197b,wholesale_market,5,1,5,农业农村部定点市场名单,2024-03-21,辽宁阜新市瑞轩实业发展有限公司(辽宁阜新市瑞轩蔬菜农副产品综合批发市场),,,辽宁,,农业农村部定点农产品批发市场,农业农村部定点市场,,,,序号: 112;市场名称: 辽宁阜新市瑞轩实业发展有限公司(辽宁阜新市瑞轩蔬菜农副产品综合批发市场);省级分组: 辽宁,0.98,按 PDF 两列表格抽取;原文件未提供详细地址和坐标。
rec_90072ddb3ac76786,data/raw/moa_designated_wholesale_markets_2024.pdf,file_6a02aa5933cd197b,wholesale_market,5,1,6,农业农村部定点市场名单,2024-03-21,辽宁辽阳市果品批发市场,,,辽宁,,农业农村部定点农产品批发市场,农业农村部定点市场,,,,序号: 113;市场名称: 辽宁辽阳市果品批发市场;省级分组: 辽宁,0.98,按 PDF 两列表格抽取;原文件未提供详细地址和坐标。
rec_3b79ce24260527b8,data/raw/moa_designated_wholesale_markets_2024.pdf,file_6a02aa5933cd197b,wholesale_market,5,1,7,农业农村部定点市场名单,2024-03-21,辽宁万隆农产品大市场,,,辽宁,,农业农村部定点农产品批发市场,农业农村部定点市场,,,,序号: 114;市场名称: 辽宁万隆农产品大市场;省级分组: 辽宁,0.98,按 PDF 两列表格抽取;原文件未提供详细地址和坐标。
rec_b4ae3079cfebc8a1,data/raw/moa_designated_wholesale_markets_2024.pdf,file_6a02aa5933cd197b,wholesale_market,5,1,8,农业农村部定点市场名单,2024-03-21,辽宁北票市庄头营蔬菜批发市场有限公司,,,辽宁,,农业农村部定点农产品批发市场,农业农村部定点市场,,,,序号: 115;市场名称: 辽宁北票市庄头营蔬菜批发市场有限公司;省级分组: 辽宁,0.98,按 PDF 两列表格抽取;原文件未提供详细地址和坐标。
rec_c3151bcb6b009742,data/raw/moa_designated_wholesale_markets_2024.pdf,file_6a02aa5933cd197b,wholesale_market,5,1,9,农业农村部定点市场名单,2024-03-21,辽宁朝阳果菜批发市场,,,辽宁,,农业农村部定点农产品批发市场,农业农村部定点市场,,,,序号: 116;市场名称: 辽宁朝阳果菜批发市场;省级分组: 辽宁,0.98,按 PDF 两列表格抽取;原文件未提供详细地址和坐标。
rec_97dc2f46d8a0e4b1,data/raw/moa_designated_wholesale_markets_2024.pdf,file_6a02aa5933cd197b,wholesale_market,5,1,10,农业农村部定点市场名单,2024-03-21,辽宁凌源市八里堡蔬菜果品批发市场有限公司,,,辽宁,,农业农村部定点农产品批发市场,农业农村部定点市场,,,,序号: 117;市场名称: 辽宁凌源市八里堡蔬菜果品批发市场有限公司;省级分组: 辽宁,0.98,按 PDF 两列表格抽取;原文件未提供详细地址和坐标。
rec_5f8cde71b8914c45,data/raw/moa_designated_wholesale_markets_2024.pdf,file_6a02aa5933cd197b,wholesale_market,5,1,11,农业农村部定点市场名单,2024-03-21,辽宁凌源市四官营子果菜批发市场,,,辽宁,,农业农村部定点农产品批发市场,农业农村部定点市场,,,,序号: 118;市场名称: 辽宁凌源市四官营子果菜批发市场;省级分组: 辽宁,0.98,按 PDF 两列表格抽取;原文件未提供详细地址和坐标。
rec_5764299af17d19d7,data/raw/moa_designated_wholesale_markets_2024.pdf,file_6a02aa5933cd197b,wholesale_market,5,1,12,农业农村部定点市场名单,2024-03-21,辽宁凌源市茂源花卉有限责任公司(辽宁凌源市花卉市场),,,辽宁,,农业农村部定点农产品批发市场,农业农村部定点市场,,,,序号: 119;市场名称: 辽宁凌源市茂源花卉有限责任公司(辽宁凌源市花卉市场);省级分组: 辽宁,0.98,按 PDF 两列表格抽取;原文件未提供详细地址和坐标。
rec_a101b15a86132e4b,data/raw/moa_designated_wholesale_markets_2024.pdf,file_6a02aa5933cd197b,wholesale_market,5,1,13,农业农村部定点市场名单,2024-03-21,辽宁前当堡鲜鱼批发市场,,,辽宁,,农业农村部定点农产品批发市场,农业农村部定点市场,,,,序号: 120;市场名称: 辽宁前当堡鲜鱼批发市场;省级分组: 辽宁,0.98,按 PDF 两列表格抽取;原文件未提供详细地址和坐标。
rec_8c4f426aef658521,data/raw/moa_designated_wholesale_markets_2024.pdf,file_6a02aa5933cd197b,wholesale_market,5,1,14,农业农村部定点市场名单,2024-03-21,辽宁绥中县荣利农贸蔬菜批发市场,,,辽宁,,农业农村部定点农产品批发市场,农业农村部定点市场,,,,序号: 121;市场名称: 辽宁绥中县荣利农贸蔬菜批发市场;省级分组: 辽宁,0.98,按 PDF 两列表格抽取;原文件未提供详细地址和坐标。
rec_435cea5c5c2de6e9,data/raw/moa_designated_wholesale_markets_2024.pdf,file_6a02aa5933cd197b,wholesale_market,5,1,15,农业农村部定点市场名单,2024-03-21,辽宁朝阳市朱碌科杂粮专业批发市场管理有限公司,,,辽宁,,农业农村部定点农产品批发市场,农业农村部定点市场,,,,序号: 122;市场名称: 辽宁朝阳市朱碌科杂粮专业批发市场管理有限公司;省级分组: 辽宁,0.98,按 PDF 两列表格抽取;原文件未提供详细地址和坐标。
rec_a5e87b5afc2d2518,data/raw/moa_designated_wholesale_markets_2024.pdf,file_6a02aa5933cd197b,wholesale_market,5,1,16,农业农村部定点市场名单,2024-03-21,辽宁沈阳雨润农副产品全球采购中心(辽宁沈阳雨润农产品批发市场),,,辽宁,,农业农村部定点农产品批发市场,农业农村部定点市场,,,,序号: 123;市场名称: 辽宁沈阳雨润农副产品全球采购中心(辽宁沈阳雨润农产品批发市场);省级分组: 辽宁,0.98,按 PDF 两列表格抽取;原文件未提供详细地址和坐标。
rec_d766c8da02450ec3,data/raw/moa_designated_wholesale_markets_2024.pdf,file_6a02aa5933cd197b,wholesale_market,5,1,17,农业农村部定点市场名单,2024-03-21,辽宁大连现代农业产业中心农产品交易市场,,,辽宁,,农业农村部定点农产品批发市场,农业农村部定点市场,,,,序号: 124;市场名称: 辽宁大连现代农业产业中心农产品交易市场;省级分组: 辽宁,0.98,按 PDF 两列表格抽取;原文件未提供详细地址和坐标。
rec_b1fcdfa3c0c7ef7c,data/raw/moa_designated_wholesale_markets_2024.pdf,file_6a02aa5933cd197b,wholesale_market,5,1,18,农业农村部定点市场名单,2024-03-21,辽宁葫芦岛兴宫农副产品批发交易市场,,,辽宁,,农业农村部定点农产品批发市场,农业农村部定点市场,,,,序号: 125;市场名称: 辽宁葫芦岛兴宫农副产品批发交易市场;省级分组: 辽宁,0.98,按 PDF 两列表格抽取;原文件未提供详细地址和坐标。
rec_2bde6f6c82044605,data/raw/moa_designated_wholesale_markets_2024.pdf,file_6a02aa5933cd197b,wholesale_market,5,1,20,农业农村部定点市场名单,2024-03-21,吉林长春汉夏农业发展有限公司(吉林省长春市汉夏牛交易市场),,,吉林,,农业农村部定点农产品批发市场,农业农村部定点市场,,,,序号: 126;市场名称: 吉林长春汉夏农业发展有限公司(吉林省长春市汉夏牛交易市场);省级分组: 吉林,0.98,按 PDF 两列表格抽取;原文件未提供详细地址和坐标。
rec_d0d4cb117c5ad09a,data/raw/moa_designated_wholesale_markets_2024.pdf,file_6a02aa5933cd197b,wholesale_market,5,1,21,农业农村部定点市场名单,2024-03-21,吉林省进步蔬菜批发市场有限公司,,,吉林,,农业农村部定点农产品批发市场,农业农村部定点市场,,,,序号: 127;市场名称: 吉林省进步蔬菜批发市场有限公司;省级分组: 吉林,0.98,按 PDF 两列表格抽取;原文件未提供详细地址和坐标。
rec_fd44358ebb8b5b82,data/raw/moa_designated_wholesale_markets_2024.pdf,file_6a02aa5933cd197b,wholesale_market,5,1,22,农业农村部定点市场名单,2024-03-21,吉林白城保胜农产品批发市场,,,吉林,,农业农村部定点农产品批发市场,农业农村部定点市场,,,,序号: 128;市场名称: 吉林白城保胜农产品批发市场;省级分组: 吉林,0.98,按 PDF 两列表格抽取;原文件未提供详细地址和坐标。
rec_1da6ac91ba381fcb,data/raw/moa_designated_wholesale_markets_2024.pdf,file_6a02aa5933cd197b,wholesale_market,5,1,23,农业农村部定点市场名单,2024-03-21,吉林蛟河市黄松甸食用菌市场,,,吉林,,农业农村部定点农产品批发市场,农业农村部定点市场,,,,序号: 129;市场名称: 吉林蛟河市黄松甸食用菌市场;省级分组: 吉林,0.98,按 PDF 两列表格抽取;原文件未提供详细地址和坐标。
rec_89512c4730e2e481,data/raw/moa_designated_wholesale_markets_2024.pdf,file_6a02aa5933cd197b,wholesale_market,5,1,24,农业农村部定点市场名单,2024-03-21,吉林市东北亚农产品批发市场,,,吉林,,农业农村部定点农产品批发市场,农业农村部定点市场,,,,序号: 130;市场名称: 吉林市东北亚农产品批发市场;省级分组: 吉林,0.98,按 PDF 两列表格抽取;原文件未提供详细地址和坐标。
rec_50342a08b22353ff,data/raw/moa_designated_wholesale_markets_2024.pdf,file_6a02aa5933cd197b,wholesale_market,5,1,25,农业农村部定点市场名单,2024-03-21,吉林伊通县营城子镇黄牛市场,,,吉林,,农业农村部定点农产品批发市场,农业农村部定点市场,,,,序号: 131;市场名称: 吉林伊通县营城子镇黄牛市场;省级分组: 吉林,0.98,按 PDF 两列表格抽取;原文件未提供详细地址和坐标。
rec_ae558a65a50cb3a3,data/raw/moa_designated_wholesale_markets_2024.pdf,file_6a02aa5933cd197b,wholesale_market,5,1,26,农业农村部定点市场名单,2024-03-21,吉林仙城物流园区农产品批发市场,,,吉林,,农业农村部定点农产品批发市场,农业农村部定点市场,,,,序号: 132;市场名称: 吉林仙城物流园区农产品批发市场;省级分组: 吉林,0.98,按 PDF 两列表格抽取;原文件未提供详细地址和坐标。
rec_e491456831863210,data/raw/moa_designated_wholesale_markets_2024.pdf,file_6a02aa5933cd197b,wholesale_market,5,1,27,农业农村部定点市场名单,2024-03-21,吉林白山市星泰批发市场,,,吉林,,农业农村部定点农产品批发市场,农业农村部定点市场,,,,序号: 133;市场名称: 吉林白山市星泰批发市场;省级分组: 吉林,0.98,按 PDF 两列表格抽取;原文件未提供详细地址和坐标。
rec_561d7344fb728906,data/raw/moa_designated_wholesale_markets_2024.pdf,file_6a02aa5933cd197b,wholesale_market,5,1,28,农业农村部定点市场名单,2024-03-21,吉林汪清县天成农业服务有限公司(吉林省延边州汪清县天成黑木耳批发市场),,,吉林,,农业农村部定点农产品批发市场,农业农村部定点市场,,,,序号: 134;市场名称: 吉林汪清县天成农业服务有限公司(吉林省延边州汪清县天成黑木耳批发市场);省级分组: 吉林,0.98,按 PDF 两列表格抽取;原文件未提供详细地址和坐标。
rec_9c46b4a067d81bb5,data/raw/moa_designated_wholesale_markets_2024.pdf,file_6a02aa5933cd197b,wholesale_market,5,1,29,农业农村部定点市场名单,2024-03-21,吉林敦化市长白山特产市场有限责任公司,,,吉林,,农业农村部定点农产品批发市场,农业农村部定点市场,,,,序号: 135;市场名称: 吉林敦化市长白山特产市场有限责任公司;省级分组: 吉林,0.98,按 PDF 两列表格抽取;原文件未提供详细地址和坐标。
rec_aa7c152b485554a2,data/raw/moa_designated_wholesale_markets_2024.pdf,file_6a02aa5933cd197b,wholesale_market,5,1,30,农业农村部定点市场名单,2024-03-21,吉林农安县万隆三辣交易市场有限公司,,,吉林,,农业农村部定点农产品批发市场,农业农村部定点市场,,,,序号: 136;市场名称: 吉林农安县万隆三辣交易市场有限公司;省级分组: 吉林,0.98,按 PDF 两列表格抽取;原文件未提供详细地址和坐标。
rec_af4f2cfd4978b374,data/raw/moa_designated_wholesale_markets_2024.pdf,file_6a02aa5933cd197b,wholesale_market,5,1,31,农业农村部定点市场名单,2024-03-21,中国三井子杂粮市场,,,吉林,,农业农村部定点农产品批发市场,农业农村部定点市场,,,,序号: 137;市场名称: 中国三井子杂粮市场;省级分组: 吉林,0.98,按 PDF 两列表格抽取;原文件未提供详细地址和坐标。
rec_80c91e8f638c1f99,data/raw/moa_designated_wholesale_markets_2024.pdf,file_6a02aa5933cd197b,wholesale_market,5,1,32,农业农村部定点市场名单,2024-03-21,中国快大人参交易市场,,,吉林,,农业农村部定点农产品批发市场,农业农村部定点市场,,,,序号: 138;市场名称: 中国快大人参交易市场;省级分组: 吉林,0.98,按 PDF 两列表格抽取;原文件未提供详细地址和坐标。
rec_224756dfe4ddda7e,data/raw/moa_designated_wholesale_markets_2024.pdf,file_6a02aa5933cd197b,wholesale_market,6,1,1,农业农村部定点市场名单,2024-03-21,吉林四平万邦农副产品批发市场,,,吉林,,农业农村部定点农产品批发市场,农业农村部定点市场,,,,序号: 139;市场名称: 吉林四平万邦农副产品批发市场;省级分组: 吉林,0.98,按 PDF 两列表格抽取;原文件未提供详细地址和坐标。
rec_fc38bd598bc08016,data/raw/moa_designated_wholesale_markets_2024.pdf,file_6a02aa5933cd197b,wholesale_market,6,1,3,农业农村部定点市场名单,2024-03-21,黑龙江哈尔滨哈达农副产品股份有限公司(黑龙江哈尔滨哈达农副产品批发市场),,,黑龙江,,农业农村部定点农产品批发市场,农业农村部定点市场,,,,序号: 140;市场名称: 黑龙江哈尔滨哈达农副产品股份有限公司(黑龙江哈尔滨哈达农副产品批发市场);省级分组: 黑龙江,0.98,按 PDF 两列表格抽取;原文件未提供详细地址和坐标。
rec_0f530d8cd2ec833a,data/raw/moa_designated_wholesale_markets_2024.pdf,file_6a02aa5933cd197b,wholesale_market,6,1,4,农业农村部定点市场名单,2024-03-21,黑龙江农业高新技术产品综合市场,,,黑龙江,,农业农村部定点农产品批发市场,农业农村部定点市场,,,,序号: 141;市场名称: 黑龙江农业高新技术产品综合市场;省级分组: 黑龙江,0.98,按 PDF 两列表格抽取;原文件未提供详细地址和坐标。
rec_6a2d9bb0d347de2e,data/raw/moa_designated_wholesale_markets_2024.pdf,file_6a02aa5933cd197b,wholesale_market,6,1,5,农业农村部定点市场名单,2024-03-21,黑龙江先锋农业生产资料交易市场有限责任公司,,,黑龙江,,农业农村部定点农产品批发市场,农业农村部定点市场,,,,序号: 142;市场名称: 黑龙江先锋农业生产资料交易市场有限责任公司;省级分组: 黑龙江,0.98,按 PDF 两列表格抽取;原文件未提供详细地址和坐标。
rec_5e2da81728ced985,data/raw/moa_designated_wholesale_markets_2024.pdf,file_6a02aa5933cd197b,wholesale_market,6,1,6,农业农村部定点市场名单,2024-03-21,黑龙江宝清县紫香白瓜籽交易市场有限公司,,,黑龙江,,农业农村部定点农产品批发市场,农业农村部定点市场,,,,序号: 143;市场名称: 黑龙江宝清县紫香白瓜籽交易市场有限公司;省级分组: 黑龙江,0.98,按 PDF 两列表格抽取;原文件未提供详细地址和坐标。
rec_d073d910ab1986f6,data/raw/moa_designated_wholesale_markets_2024.pdf,file_6a02aa5933cd197b,wholesale_market,6,1,7,农业农村部定点市场名单,2024-03-21,黑龙江苇河黑木耳批发市场有限公司,,,黑龙江,,农业农村部定点农产品批发市场,农业农村部定点市场,,,,序号: 144;市场名称: 黑龙江苇河黑木耳批发市场有限公司;省级分组: 黑龙江,0.98,按 PDF 两列表格抽取;原文件未提供详细地址和坐标。
rec_6877542a603ad07a,data/raw/moa_designated_wholesale_markets_2024.pdf,file_6a02aa5933cd197b,wholesale_market,6,1,8,农业农村部定点市场名单,2024-03-21,黑龙江齐齐哈尔市站前农产品综合批发市场,,,黑龙江,,农业农村部定点农产品批发市场,农业农村部定点市场,,,,序号: 145;市场名称: 黑龙江齐齐哈尔市站前农产品综合批发市场;省级分组: 黑龙江,0.98,按 PDF 两列表格抽取;原文件未提供详细地址和坐标。
rec_304dde42d03a3a69,data/raw/moa_designated_wholesale_markets_2024.pdf,file_6a02aa5933cd197b,wholesale_market,6,1,9,农业农村部定点市场名单,2024-03-21,黑龙江齐齐哈尔水产品批发市场,,,黑龙江,,农业农村部定点农产品批发市场,农业农村部定点市场,,,,序号: 146;市场名称: 黑龙江齐齐哈尔水产品批发市场;省级分组: 黑龙江,0.98,按 PDF 两列表格抽取;原文件未提供详细地址和坐标。
rec_5873293e2a3cc905,data/raw/moa_designated_wholesale_markets_2024.pdf,file_6a02aa5933cd197b,wholesale_market,6,1,10,农业农村部定点市场名单,2024-03-21,黑龙江牡丹江牡达农副产品有限公司,,,黑龙江,,农业农村部定点农产品批发市场,农业农村部定点市场,,,,序号: 147;市场名称: 黑龙江牡丹江牡达农副产品有限公司;省级分组: 黑龙江,0.98,按 PDF 两列表格抽取;原文件未提供详细地址和坐标。
rec_d3732dafa74d8cd7,data/raw/moa_designated_wholesale_markets_2024.pdf,file_6a02aa5933cd197b,wholesale_market,6,1,11,农业农村部定点市场名单,2024-03-21,黑龙江东宁雨润绥阳木耳大市场有限公司,,,黑龙江,,农业农村部定点农产品批发市场,农业农村部定点市场,,,,序号: 148;市场名称: 黑龙江东宁雨润绥阳木耳大市场有限公司;省级分组: 黑龙江,0.98,按 PDF 两列表格抽取;原文件未提供详细地址和坐标。
rec_0326e40a9d120365,data/raw/moa_designated_wholesale_markets_2024.pdf,file_6a02aa5933cd197b,wholesale_market,6,1,12,农业农村部定点市场名单,2024-03-21,黑龙江七台河市合兴蔬菜综合批发股份合作公司,,,黑龙江,,农业农村部定点农产品批发市场,农业农村部定点市场,,,,序号: 149;市场名称: 黑龙江七台河市合兴蔬菜综合批发股份合作公司;省级分组: 黑龙江,0.98,按 PDF 两列表格抽取;原文件未提供详细地址和坐标。
rec_eff0dedf2d76a4cb,data/raw/moa_designated_wholesale_markets_2024.pdf,file_6a02aa5933cd197b,wholesale_market,6,1,13,农业农村部定点市场名单,2024-03-21,黑龙江鸡西市绿信蔬菜副食品有限公司(黑龙江鸡西市绿信蔬菜副食品批发市场),,,黑龙江,,农业农村部定点农产品批发市场,农业农村部定点市场,,,,序号: 150;市场名称: 黑龙江鸡西市绿信蔬菜副食品有限公司(黑龙江鸡西市绿信蔬菜副食品批发市场);省级分组: 黑龙江,0.98,按 PDF 两列表格抽取;原文件未提供详细地址和坐标。
rec_1fe3f05462a60382,data/raw/moa_designated_wholesale_markets_2024.pdf,file_6a02aa5933cd197b,wholesale_market,6,1,14,农业农村部定点市场名单,2024-03-21,黑龙江大庆农产品中心批发市场有限公司,,,黑龙江,,农业农村部定点农产品批发市场,农业农村部定点市场,,,,序号: 151;市场名称: 黑龙江大庆农产品中心批发市场有限公司;省级分组: 黑龙江,0.98,按 PDF 两列表格抽取;原文件未提供详细地址和坐标。
rec_a764e3cc226f1460,data/raw/moa_designated_wholesale_markets_2024.pdf,file_6a02aa5933cd197b,wholesale_market,6,1,15,农业农村部定点市场名单,2024-03-21,黑龙江鹤岗市万圃源蔬菜批发市场有限公司,,,黑龙江,,农业农村部定点农产品批发市场,农业农村部定点市场,,,,序号: 152;市场名称: 黑龙江鹤岗市万圃源蔬菜批发市场有限公司;省级分组: 黑龙江,0.98,按 PDF 两列表格抽取;原文件未提供详细地址和坐标。
rec_3ba9965c9b9558c2,data/raw/moa_designated_wholesale_markets_2024.pdf,file_6a02aa5933cd197b,wholesale_market,6,1,16,农业农村部定点市场名单,2024-03-21,黑龙江北安市北方商城有限责任公司(黑龙江北安市北方商城农贸市场),,,黑龙江,,农业农村部定点农产品批发市场,农业农村部定点市场,,,,序号: 153;市场名称: 黑龙江北安市北方商城有限责任公司(黑龙江北安市北方商城农贸市场);省级分组: 黑龙江,0.98,按 PDF 两列表格抽取;原文件未提供详细地址和坐标。
rec_7feaea70f509177e,data/raw/moa_designated_wholesale_markets_2024.pdf,file_6a02aa5933cd197b,wholesale_market,6,1,17,农业农村部定点市场名单,2024-03-21,黑龙江安达市北方第一蔬菜批发市场,,,黑龙江,,农业农村部定点农产品批发市场,农业农村部定点市场,,,,序号: 154;市场名称: 黑龙江安达市北方第一蔬菜批发市场;省级分组: 黑龙江,0.98,按 PDF 两列表格抽取;原文件未提供详细地址和坐标。
rec_ee630b8460483a98,data/raw/moa_designated_wholesale_markets_2024.pdf,file_6a02aa5933cd197b,wholesale_market,6,1,18,农业农村部定点市场名单,2024-03-21,黑龙江大豆贸易中心有限公司,,,黑龙江,,农业农村部定点农产品批发市场,农业农村部定点市场,,,,序号: 155;市场名称: 黑龙江大豆贸易中心有限公司;省级分组: 黑龙江,0.98,按 PDF 两列表格抽取;原文件未提供详细地址和坐标。
rec_b82f9133abb10036,data/raw/moa_designated_wholesale_markets_2024.pdf,file_6a02aa5933cd197b,wholesale_market,6,1,19,农业农村部定点市场名单,2024-03-21,黑龙江华博农产品市场有限公司,,,黑龙江,,农业农村部定点农产品批发市场,农业农村部定点市场,,,,序号: 156;市场名称: 黑龙江华博农产品市场有限公司;省级分组: 黑龙江,0.98,按 PDF 两列表格抽取;原文件未提供详细地址和坐标。
rec_a809ba9628a9bcb1,data/raw/moa_designated_wholesale_markets_2024.pdf,file_6a02aa5933cd197b,wholesale_market,6,1,20,农业农村部定点市场名单,2024-03-21,黑龙江齐齐哈尔市城乡粮油交易市场有限公司,,,黑龙江,,农业农村部定点农产品批发市场,农业农村部定点市场,,,,序号: 157;市场名称: 黑龙江齐齐哈尔市城乡粮油交易市场有限公司;省级分组: 黑龙江,0.98,按 PDF 两列表格抽取;原文件未提供详细地址和坐标。
rec_bdc08e900bd6c49f,data/raw/moa_designated_wholesale_markets_2024.pdf,file_6a02aa5933cd197b,wholesale_market,6,1,21,农业农村部定点市场名单,2024-03-21,黑龙江宁安市源丰经贸有限公司(黑龙江宁安市源丰农产品批发市场),,,黑龙江,,农业农村部定点农产品批发市场,农业农村部定点市场,,,,序号: 158;市场名称: 黑龙江宁安市源丰经贸有限公司(黑龙江宁安市源丰农产品批发市场);省级分组: 黑龙江,0.98,按 PDF 两列表格抽取;原文件未提供详细地址和坐标。
rec_3c36884ca6a6cba8,data/raw/moa_designated_wholesale_markets_2024.pdf,file_6a02aa5933cd197b,wholesale_market,6,1,22,农业农村部定点市场名单,2024-03-21,黑龙江四达农副产品有限公司(黑龙江四达中俄国际贸易中心),,,黑龙江,,农业农村部定点农产品批发市场,农业农村部定点市场,,,,序号: 159;市场名称: 黑龙江四达农副产品有限公司(黑龙江四达中俄国际贸易中心);省级分组: 黑龙江,0.98,按 PDF 两列表格抽取;原文件未提供详细地址和坐标。
rec_10020aa17899289c,data/raw/moa_designated_wholesale_markets_2024.pdf,file_6a02aa5933cd197b,wholesale_market,6,1,24,农业农村部定点市场名单,2024-03-21,上海市江桥批发市场经营管理有限公司,,,上海,,农业农村部定点农产品批发市场,农业农村部定点市场,,,,序号: 160;市场名称: 上海市江桥批发市场经营管理有限公司;省级分组: 上海,0.98,按 PDF 两列表格抽取;原文件未提供详细地址和坐标。
rec_f127e3e253db8378,data/raw/moa_designated_wholesale_markets_2024.pdf,file_6a02aa5933cd197b,wholesale_market,6,1,25,农业农村部定点市场名单,2024-03-21,上海农产品中心批发市场经营管理有限公司,,,上海,,农业农村部定点农产品批发市场,农业农村部定点市场,,,,序号: 161;市场名称: 上海农产品中心批发市场经营管理有限公司;省级分组: 上海,0.98,按 PDF 两列表格抽取;原文件未提供详细地址和坐标。
rec_65c7360508fc852e,data/raw/moa_designated_wholesale_markets_2024.pdf,file_6a02aa5933cd197b,wholesale_market,6,1,26,农业农村部定点市场名单,2024-03-21,上海西郊国际农产品交易有限公司(上海西郊国际农产品交易中心),,,上海,,农业农村部定点农产品批发市场,农业农村部定点市场,,,,序号: 162;市场名称: 上海西郊国际农产品交易有限公司(上海西郊国际农产品交易中心);省级分组: 上海,0.98,按 PDF 两列表格抽取;原文件未提供详细地址和坐标。
rec_815c09ec9d44d612,data/raw/moa_designated_wholesale_markets_2024.pdf,file_6a02aa5933cd197b,wholesale_market,6,1,28,农业农村部定点市场名单,2024-03-21,江苏南京农副产品物流配送中心有限公司,,,江苏,,农业农村部定点农产品批发市场,农业农村部定点市场,,,,序号: 163;市场名称: 江苏南京农副产品物流配送中心有限公司;省级分组: 江苏,0.98,按 PDF 两列表格抽取;原文件未提供详细地址和坐标。
rec_bde9775b6c25279c,data/raw/moa_designated_wholesale_markets_2024.pdf,file_6a02aa5933cd197b,wholesale_market,6,1,29,农业农村部定点市场名单,2024-03-21,江苏固城湖水产市场股份有限公司,,,江苏,,农业农村部定点农产品批发市场,农业农村部定点市场,,,,序号: 164;市场名称: 江苏固城湖水产市场股份有限公司;省级分组: 江苏,0.98,按 PDF 两列表格抽取;原文件未提供详细地址和坐标。
rec_445c21fe37194bfa,data/raw/moa_designated_wholesale_markets_2024.pdf,file_6a02aa5933cd197b,wholesale_market,6,1,30,农业农村部定点市场名单,2024-03-21,江苏无锡天鹏菜篮子工程有限公司,,,江苏,,农业农村部定点农产品批发市场,农业农村部定点市场,,,,序号: 165;市场名称: 江苏无锡天鹏菜篮子工程有限公司;省级分组: 江苏,0.98,按 PDF 两列表格抽取;原文件未提供详细地址和坐标。
rec_5ad0c7edf9e5b53d,data/raw/moa_designated_wholesale_markets_2024.pdf,file_6a02aa5933cd197b,wholesale_market,6,1,31,农业农村部定点市场名单,2024-03-21,江苏无锡朝阳股份有限公司(江苏无锡朝阳农产品大市场),,,江苏,,农业农村部定点农产品批发市场,农业农村部定点市场,,,,序号: 166;市场名称: 江苏无锡朝阳股份有限公司(江苏无锡朝阳农产品大市场);省级分组: 江苏,0.98,按 PDF 两列表格抽取;原文件未提供详细地址和坐标。
rec_b1cfafe1d67d4c99,data/raw/moa_designated_wholesale_markets_2024.pdf,file_6a02aa5933cd197b,wholesale_market,7,1,1,农业农村部定点市场名单,2024-03-21,江苏宜兴市瑞德蔬菜果品批发市场有限公司,,,江苏,,农业农村部定点农产品批发市场,农业农村部定点市场,,,,序号: 167;市场名称: 江苏宜兴市瑞德蔬菜果品批发市场有限公司;省级分组: 江苏,0.98,按 PDF 两列表格抽取;原文件未提供详细地址和坐标。
rec_54a91093802d2a72,data/raw/moa_designated_wholesale_markets_2024.pdf,file_6a02aa5933cd197b,wholesale_market,7,1,2,农业农村部定点市场名单,2024-03-21,江苏徐州源洋商贸发展有限公司(江苏徐州农副产品中心批发市场),,,江苏,,农业农村部定点农产品批发市场,农业农村部定点市场,,,,序号: 168;市场名称: 江苏徐州源洋商贸发展有限公司(江苏徐州农副产品中心批发市场);省级分组: 江苏,0.98,按 PDF 两列表格抽取;原文件未提供详细地址和坐标。
rec_6a404ecf31d68fac,data/raw/moa_designated_wholesale_markets_2024.pdf,file_6a02aa5933cd197b,wholesale_market,7,1,3,农业农村部定点市场名单,2024-03-21,江苏新沂市北方农副产品批发市场有限公司,,,江苏,,农业农村部定点农产品批发市场,农业农村部定点市场,,,,序号: 169;市场名称: 江苏新沂市北方农副产品批发市场有限公司;省级分组: 江苏,0.98,按 PDF 两列表格抽取;原文件未提供详细地址和坐标。
rec_fc2301751fb3b95f,data/raw/moa_designated_wholesale_markets_2024.pdf,file_6a02aa5933cd197b,wholesale_market,7,1,4,农业农村部定点市场名单,2024-03-21,江苏苏浙皖边界市场发展有限公司,,,江苏,,农业农村部定点农产品批发市场,农业农村部定点市场,,,,序号: 170;市场名称: 江苏苏浙皖边界市场发展有限公司;省级分组: 江苏,0.98,按 PDF 两列表格抽取;原文件未提供详细地址和坐标。
rec_9ed24a8c91dd1cfa,data/raw/moa_designated_wholesale_markets_2024.pdf,file_6a02aa5933cd197b,wholesale_market,7,1,5,农业农村部定点市场名单,2024-03-21,江苏夏溪花木市场控股有限公司,,,江苏,,农业农村部定点农产品批发市场,农业农村部定点市场,,,,序号: 171;市场名称: 江苏夏溪花木市场控股有限公司;省级分组: 江苏,0.98,按 PDF 两列表格抽取;原文件未提供详细地址和坐标。
rec_798ec1003518cef0,data/raw/moa_designated_wholesale_markets_2024.pdf,file_6a02aa5933cd197b,wholesale_market,7,1,6,农业农村部定点市场名单,2024-03-21,江苏凌家塘市场发展有限公司,,,江苏,,农业农村部定点农产品批发市场,农业农村部定点市场,,,,序号: 172;市场名称: 江苏凌家塘市场发展有限公司;省级分组: 江苏,0.98,按 PDF 两列表格抽取;原文件未提供详细地址和坐标。
rec_f7491cf6f36474bf,data/raw/moa_designated_wholesale_markets_2024.pdf,file_6a02aa5933cd197b,wholesale_market,7,1,7,农业农村部定点市场名单,2024-03-21,江苏苏州市南环桥市场发展股份有限公司,,,江苏,,农业农村部定点农产品批发市场,农业农村部定点市场,,,,序号: 173;市场名称: 江苏苏州市南环桥市场发展股份有限公司;省级分组: 江苏,0.98,按 PDF 两列表格抽取;原文件未提供详细地址和坐标。
rec_0c7b7cdbbcdbc735,data/raw/moa_designated_wholesale_markets_2024.pdf,file_6a02aa5933cd197b,wholesale_market,7,1,8,农业农村部定点市场名单,2024-03-21,江苏张家港市青草巷农副产品批发市场有限公司,,,江苏,,农业农村部定点农产品批发市场,农业农村部定点市场,,,,序号: 174;市场名称: 江苏张家港市青草巷农副产品批发市场有限公司;省级分组: 江苏,0.98,按 PDF 两列表格抽取;原文件未提供详细地址和坐标。
rec_edc9e8949c51e159,data/raw/moa_designated_wholesale_markets_2024.pdf,file_6a02aa5933cd197b,wholesale_market,7,1,9,农业农村部定点市场名单,2024-03-21,江苏苏州市新福地农产品市场发展有限公司,,,江苏,,农业农村部定点农产品批发市场,农业农村部定点市场,,,,序号: 175;市场名称: 江苏苏州市新福地农产品市场发展有限公司;省级分组: 江苏,0.98,按 PDF 两列表格抽取;原文件未提供详细地址和坐标。
rec_4be08bfa397d6b4b,data/raw/moa_designated_wholesale_markets_2024.pdf,file_6a02aa5933cd197b,wholesale_market,7,1,10,农业农村部定点市场名单,2024-03-21,江苏太仓市江南农副食品城,,,江苏,,农业农村部定点农产品批发市场,农业农村部定点市场,,,,序号: 176;市场名称: 江苏太仓市江南农副食品城;省级分组: 江苏,0.98,按 PDF 两列表格抽取;原文件未提供详细地址和坐标。
rec_edef6a3c952ca1d5,data/raw/moa_designated_wholesale_markets_2024.pdf,file_6a02aa5933cd197b,wholesale_market,7,1,11,农业农村部定点市场名单,2024-03-21,江苏苏中农副产品交易中心有限公司,,,江苏,,农业农村部定点农产品批发市场,农业农村部定点市场,,,,序号: 177;市场名称: 江苏苏中农副产品交易中心有限公司;省级分组: 江苏,0.98,按 PDF 两列表格抽取;原文件未提供详细地址和坐标。
rec_4537f41b95d9f74e,data/raw/moa_designated_wholesale_markets_2024.pdf,file_6a02aa5933cd197b,wholesale_market,7,1,12,农业农村部定点市场名单,2024-03-21,江苏南通吕四盈港市场有限公司,,,江苏,,农业农村部定点农产品批发市场,农业农村部定点市场,,,,序号: 178;市场名称: 江苏南通吕四盈港市场有限公司;省级分组: 江苏,0.98,按 PDF 两列表格抽取;原文件未提供详细地址和坐标。
rec_3dbe9c7385dc3b47,data/raw/moa_designated_wholesale_markets_2024.pdf,file_6a02aa5933cd197b,wholesale_market,7,1,13,农业农村部定点市场名单,2024-03-21,江苏淮安宏进农副产品物流有限公司(江苏淮安宏进农副产品物流中心),,,江苏,,农业农村部定点农产品批发市场,农业农村部定点市场,,,,序号: 179;市场名称: 江苏淮安宏进农副产品物流有限公司(江苏淮安宏进农副产品物流中心);省级分组: 江苏,0.98,按 PDF 两列表格抽取;原文件未提供详细地址和坐标。
rec_bd508c3251c4c19f,data/raw/moa_designated_wholesale_markets_2024.pdf,file_6a02aa5933cd197b,wholesale_market,7,1,14,农业农村部定点市场名单,2024-03-21,江苏阜宁县古河粮油批发交易市场有限公司,,,江苏,,农业农村部定点农产品批发市场,农业农村部定点市场,,,,序号: 180;市场名称: 江苏阜宁县古河粮油批发交易市场有限公司;省级分组: 江苏,0.98,按 PDF 两列表格抽取;原文件未提供详细地址和坐标。
rec_fc6412adb390f40a,data/raw/moa_designated_wholesale_markets_2024.pdf,file_6a02aa5933cd197b,wholesale_market,7,1,15,农业农村部定点市场名单,2024-03-21,江苏阿波罗花木市场发展有限公司,,,江苏,,农业农村部定点农产品批发市场,农业农村部定点市场,,,,序号: 181;市场名称: 江苏阿波罗花木市场发展有限公司;省级分组: 江苏,0.98,按 PDF 两列表格抽取;原文件未提供详细地址和坐标。
rec_045968c85026abd9,data/raw/moa_designated_wholesale_markets_2024.pdf,file_6a02aa5933cd197b,wholesale_market,7,1,16,农业农村部定点市场名单,2024-03-21,江苏联谊农副产品批发市场,,,江苏,,农业农村部定点农产品批发市场,农业农村部定点市场,,,,序号: 182;市场名称: 江苏联谊农副产品批发市场;省级分组: 江苏,0.98,按 PDF 两列表格抽取;原文件未提供详细地址和坐标。
rec_1116af3348ad37e9,data/raw/moa_designated_wholesale_markets_2024.pdf,file_6a02aa5933cd197b,wholesale_market,7,1,17,农业农村部定点市场名单,2024-03-21,江苏镇江农副产品批发市场有限公司,,,江苏,,农业农村部定点农产品批发市场,农业农村部定点市场,,,,序号: 183;市场名称: 江苏镇江农副产品批发市场有限公司;省级分组: 江苏,0.98,按 PDF 两列表格抽取;原文件未提供详细地址和坐标。
rec_c840d7c0633d66c4,data/raw/moa_designated_wholesale_markets_2024.pdf,file_6a02aa5933cd197b,wholesale_market,7,1,18,农业农村部定点市场名单,2024-03-21,江苏泰州市姜堰区曹安市场有限责任公司,,,江苏,,农业农村部定点农产品批发市场,农业农村部定点市场,,,,序号: 184;市场名称: 江苏泰州市姜堰区曹安市场有限责任公司;省级分组: 江苏,0.98,按 PDF 两列表格抽取;原文件未提供详细地址和坐标。
rec_e5d125c0f8f1c031,data/raw/moa_designated_wholesale_markets_2024.pdf,file_6a02aa5933cd197b,wholesale_market,7,1,19,农业农村部定点市场名单,2024-03-21,江苏兴化市粮食交易市场,,,江苏,,农业农村部定点农产品批发市场,农业农村部定点市场,,,,序号: 185;市场名称: 江苏兴化市粮食交易市场;省级分组: 江苏,0.98,按 PDF 两列表格抽取;原文件未提供详细地址和坐标。
rec_d5449b6debedbbbc,data/raw/moa_designated_wholesale_markets_2024.pdf,file_6a02aa5933cd197b,wholesale_market,7,1,20,农业农村部定点市场名单,2024-03-21,江苏兴化市桃源畜禽有限公司(江苏兴化桃源畜禽综合市场),,,江苏,,农业农村部定点农产品批发市场,农业农村部定点市场,,,,序号: 186;市场名称: 江苏兴化市桃源畜禽有限公司(江苏兴化桃源畜禽综合市场);省级分组: 江苏,0.98,按 PDF 两列表格抽取;原文件未提供详细地址和坐标。
rec_4d136957a7420675,data/raw/moa_designated_wholesale_markets_2024.pdf,file_6a02aa5933cd197b,wholesale_market,7,1,21,农业农村部定点市场名单,2024-03-21,江苏苏州市粮食批发交易市场服务有限公司,,,江苏,,农业农村部定点农产品批发市场,农业农村部定点市场,,,,序号: 187;市场名称: 江苏苏州市粮食批发交易市场服务有限公司;省级分组: 江苏,0.98,按 PDF 两列表格抽取;原文件未提供详细地址和坐标。
rec_d270d6e421bb597f,data/raw/moa_designated_wholesale_markets_2024.pdf,file_6a02aa5933cd197b,wholesale_market,7,1,22,农业农村部定点市场名单,2024-03-21,江苏昆山市粮食批发交易市场贸易公司,,,江苏,,农业农村部定点农产品批发市场,农业农村部定点市场,,,,序号: 188;市场名称: 江苏昆山市粮食批发交易市场贸易公司;省级分组: 江苏,0.98,按 PDF 两列表格抽取;原文件未提供详细地址和坐标。
rec_731d164880e2fc2e,data/raw/moa_designated_wholesale_markets_2024.pdf,file_6a02aa5933cd197b,wholesale_market,7,1,23,农业农村部定点市场名单,2024-03-21,江苏南通农副产品物流有限公司(江苏南通农副产品物流中心),,,江苏,,农业农村部定点农产品批发市场,农业农村部定点市场,,,,序号: 189;市场名称: 江苏南通农副产品物流有限公司(江苏南通农副产品物流中心);省级分组: 江苏,0.98,按 PDF 两列表格抽取;原文件未提供详细地址和坐标。
rec_5a5a0854931f780b,data/raw/moa_designated_wholesale_markets_2024.pdf,file_6a02aa5933cd197b,wholesale_market,7,1,24,农业农村部定点市场名单,2024-03-21,江苏涟水农产品批发市场,,,江苏,,农业农村部定点农产品批发市场,农业农村部定点市场,,,,序号: 190;市场名称: 江苏涟水农产品批发市场;省级分组: 江苏,0.98,按 PDF 两列表格抽取;原文件未提供详细地址和坐标。
rec_b6069c730a2a2069,data/raw/moa_designated_wholesale_markets_2024.pdf,file_6a02aa5933cd197b,wholesale_market,7,1,25,农业农村部定点市场名单,2024-03-21,江苏华东(盐城)农产品交易中心,,,江苏,,农业农村部定点农产品批发市场,农业农村部定点市场,,,,序号: 191;市场名称: 江苏华东(盐城)农产品交易中心;省级分组: 江苏,0.98,按 PDF 两列表格抽取;原文件未提供详细地址和坐标。
rec_3fa53664017fd2e6,data/raw/moa_designated_wholesale_markets_2024.pdf,file_6a02aa5933cd197b,wholesale_market,7,1,26,农业农村部定点市场名单,2024-03-21,江苏亚联农副产品有限公司(江苏亚联农副产品批发市场),,,江苏,,农业农村部定点农产品批发市场,农业农村部定点市场,,,,序号: 192;市场名称: 江苏亚联农副产品有限公司(江苏亚联农副产品批发市场);省级分组: 江苏,0.98,按 PDF 两列表格抽取;原文件未提供详细地址和坐标。
rec_9bbbd6a8df3dcf94,data/raw/moa_designated_wholesale_markets_2024.pdf,file_6a02aa5933cd197b,wholesale_market,7,1,27,农业农村部定点市场名单,2024-03-21,江苏句容市唐陵花木交易市场有限公司,,,江苏,,农业农村部定点农产品批发市场,农业农村部定点市场,,,,序号: 193;市场名称: 江苏句容市唐陵花木交易市场有限公司;省级分组: 江苏,0.98,按 PDF 两列表格抽取;原文件未提供详细地址和坐标。
rec_1f561a147381a788,data/raw/moa_designated_wholesale_markets_2024.pdf,file_6a02aa5933cd197b,wholesale_market,7,1,28,农业农村部定点市场名单,2024-03-21,江苏南门市场发展有限公司,,,江苏,,农业农村部定点农产品批发市场,农业农村部定点市场,,,,序号: 194;市场名称: 江苏南门市场发展有限公司;省级分组: 江苏,0.98,按 PDF 两列表格抽取;原文件未提供详细地址和坐标。
rec_b207da5eb0f9b7f6,data/raw/moa_designated_wholesale_markets_2024.pdf,file_6a02aa5933cd197b,wholesale_market,7,1,29,农业农村部定点市场名单,2024-03-21,江苏渔婆农副产品批发市场有限公司,,,江苏,,农业农村部定点农产品批发市场,农业农村部定点市场,,,,序号: 195;市场名称: 江苏渔婆农副产品批发市场有限公司;省级分组: 江苏,0.98,按 PDF 两列表格抽取;原文件未提供详细地址和坐标。
rec_c75262af46d9e7ff,data/raw/moa_designated_wholesale_markets_2024.pdf,file_6a02aa5933cd197b,wholesale_market,7,1,30,农业农村部定点市场名单,2024-03-21,江苏南方小麦交易市场有限公司,,,江苏,,农业农村部定点农产品批发市场,农业农村部定点市场,,,,序号: 196;市场名称: 江苏南方小麦交易市场有限公司;省级分组: 江苏,0.98,按 PDF 两列表格抽取;原文件未提供详细地址和坐标。
rec_334bc0ad6ab31fdd,data/raw/moa_designated_wholesale_markets_2024.pdf,file_6a02aa5933cd197b,wholesale_market,7,1,31,农业农村部定点市场名单,2024-03-21,江苏沭阳蓝添花木城经营管理有限公司(中国沭阳国际花木城),,,江苏,,农业农村部定点农产品批发市场,农业农村部定点市场,,,,序号: 197;市场名称: 江苏沭阳蓝添花木城经营管理有限公司(中国沭阳国际花木城);省级分组: 江苏,0.98,按 PDF 两列表格抽取;原文件未提供详细地址和坐标。
rec_f2ebe71bcbf4b70d,data/raw/moa_designated_wholesale_markets_2024.pdf,file_6a02aa5933cd197b,wholesale_market,7,1,32,农业农村部定点市场名单,2024-03-21,江苏中合兴业市场建设管理有限公司(江苏滨海农副产品批发市场),,,江苏,,农业农村部定点农产品批发市场,农业农村部定点市场,,,,序号: 198;市场名称: 江苏中合兴业市场建设管理有限公司(江苏滨海农副产品批发市场);省级分组: 江苏,0.98,按 PDF 两列表格抽取;原文件未提供详细地址和坐标。
rec_3bc17c59f620d266,data/raw/moa_designated_wholesale_markets_2024.pdf,file_6a02aa5933cd197b,wholesale_market,7,1,33,农业农村部定点市场名单,2024-03-21,江苏徐州东高农产品市场管理有限公司,,,江苏,,农业农村部定点农产品批发市场,农业农村部定点市场,,,,序号: 199;市场名称: 江苏徐州东高农产品市场管理有限公司;省级分组: 江苏,0.98,按 PDF 两列表格抽取;原文件未提供详细地址和坐标。
rec_faad1e137ffcbbe4,data/raw/moa_designated_wholesale_markets_2024.pdf,file_6a02aa5933cd197b,wholesale_market,8,1,1,农业农村部定点市场名单,2024-03-21,江苏泰兴市玉隆农贸批发市场有限公司,,,江苏,,农业农村部定点农产品批发市场,农业农村部定点市场,,,,序号: 200;市场名称: 江苏泰兴市玉隆农贸批发市场有限公司;省级分组: 江苏,0.98,按 PDF 两列表格抽取;原文件未提供详细地址和坐标。
rec_2a07df0bb5c3861d,data/raw/moa_designated_wholesale_markets_2024.pdf,file_6a02aa5933cd197b,wholesale_market,8,1,3,农业农村部定点市场名单,2024-03-21,浙江杭州农副产品物流中心良渚蔬菜批发市场,,,浙江,,农业农村部定点农产品批发市场,农业农村部定点市场,,,,序号: 201;市场名称: 浙江杭州农副产品物流中心良渚蔬菜批发市场;省级分组: 浙江,0.98,按 PDF 两列表格抽取;原文件未提供详细地址和坐标。
rec_2c6f3c539d0b0034,data/raw/moa_designated_wholesale_markets_2024.pdf,file_6a02aa5933cd197b,wholesale_market,8,1,4,农业农村部定点市场名单,2024-03-21,浙江杭州农副产品物流中心果品批发市场,,,浙江,,农业农村部定点农产品批发市场,农业农村部定点市场,,,,序号: 202;市场名称: 浙江杭州农副产品物流中心果品批发市场;省级分组: 浙江,0.98,按 PDF 两列表格抽取;原文件未提供详细地址和坐标。
rec_118966cb6707c30d,data/raw/moa_designated_wholesale_markets_2024.pdf,file_6a02aa5933cd197b,wholesale_market,8,1,5,农业农村部定点市场名单,2024-03-21,中国水产城,,,浙江,,农业农村部定点农产品批发市场,农业农村部定点市场,,,,序号: 203;市场名称: 中国水产城;省级分组: 浙江,0.98,按 PDF 两列表格抽取;原文件未提供详细地址和坐标。
rec_632b8f91ae636443,data/raw/moa_designated_wholesale_markets_2024.pdf,file_6a02aa5933cd197b,wholesale_market,8,1,6,农业农村部定点市场名单,2024-03-21,浙江宁海县蔬菜果品市场有限公司(浙江宁海县合兴蔬菜果品批发市场),,,浙江,,农业农村部定点农产品批发市场,农业农村部定点市场,,,,序号: 204;市场名称: 浙江宁海县蔬菜果品市场有限公司(浙江宁海县合兴蔬菜果品批发市场);省级分组: 浙江,0.98,按 PDF 两列表格抽取;原文件未提供详细地址和坐标。
rec_3beaf63abe0520a0,data/raw/moa_designated_wholesale_markets_2024.pdf,file_6a02aa5933cd197b,wholesale_market,8,1,7,农业农村部定点市场名单,2024-03-21,浙江宁波蔬菜批发市场,,,浙江,,农业农村部定点农产品批发市场,农业农村部定点市场,,,,序号: 205;市场名称: 浙江宁波蔬菜批发市场;省级分组: 浙江,0.98,按 PDF 两列表格抽取;原文件未提供详细地址和坐标。
rec_e093cd81f4cd5f52,data/raw/moa_designated_wholesale_markets_2024.pdf,file_6a02aa5933cd197b,wholesale_market,8,1,8,农业农村部定点市场名单,2024-03-21,浙江宁波市江东水产批发市场,,,浙江,,农业农村部定点农产品批发市场,农业农村部定点市场,,,,序号: 206;市场名称: 浙江宁波市江东水产批发市场;省级分组: 浙江,0.98,按 PDF 两列表格抽取;原文件未提供详细地址和坐标。
rec_787ad8463c032d5e,data/raw/moa_designated_wholesale_markets_2024.pdf,file_6a02aa5933cd197b,wholesale_market,8,1,9,农业农村部定点市场名单,2024-03-21,浙江苍南县水产品市场开发有限公司(浙江温州浙福边贸水产城),,,浙江,,农业农村部定点农产品批发市场,农业农村部定点市场,,,,序号: 207;市场名称: 浙江苍南县水产品市场开发有限公司(浙江温州浙福边贸水产城);省级分组: 浙江,0.98,按 PDF 两列表格抽取;原文件未提供详细地址和坐标。
rec_6d13a46c733995e1,data/raw/moa_designated_wholesale_markets_2024.pdf,file_6a02aa5933cd197b,wholesale_market,8,1,10,农业农村部定点市场名单,2024-03-21,浙江温州市菜篮子农副产品批发交易市场,,,浙江,,农业农村部定点农产品批发市场,农业农村部定点市场,,,,序号: 208;市场名称: 浙江温州市菜篮子农副产品批发交易市场;省级分组: 浙江,0.98,按 PDF 两列表格抽取;原文件未提供详细地址和坐标。
rec_71027e63b91442d3,data/raw/moa_designated_wholesale_markets_2024.pdf,file_6a02aa5933cd197b,wholesale_market,8,1,11,农业农村部定点市场名单,2024-03-21,浙江温州市浙南农副产品中心市场,,,浙江,,农业农村部定点农产品批发市场,农业农村部定点市场,,,,序号: 209;市场名称: 浙江温州市浙南农副产品中心市场;省级分组: 浙江,0.98,按 PDF 两列表格抽取;原文件未提供详细地址和坐标。
rec_5b9dc58fdaf68a79,data/raw/moa_designated_wholesale_markets_2024.pdf,file_6a02aa5933cd197b,wholesale_market,8,1,12,农业农村部定点市场名单,2024-03-21,浙江嘉兴蔬菜批发交易市场,,,浙江,,农业农村部定点农产品批发市场,农业农村部定点市场,,,,序号: 210;市场名称: 浙江嘉兴蔬菜批发交易市场;省级分组: 浙江,0.98,按 PDF 两列表格抽取;原文件未提供详细地址和坐标。
rec_11ebd3dd146dbf8f,data/raw/moa_designated_wholesale_markets_2024.pdf,file_6a02aa5933cd197b,wholesale_market,8,1,13,农业农村部定点市场名单,2024-03-21,浙江嘉兴水果市场,,,浙江,,农业农村部定点农产品批发市场,农业农村部定点市场,,,,序号: 211;市场名称: 浙江嘉兴水果市场;省级分组: 浙江,0.98,按 PDF 两列表格抽取;原文件未提供详细地址和坐标。
rec_558c0e31f33c5ab0,data/raw/moa_designated_wholesale_markets_2024.pdf,file_6a02aa5933cd197b,wholesale_market,8,1,14,农业农村部定点市场名单,2024-03-21,浙江平湖市农副产品综合批发市场有限公司,,,浙江,,农业农村部定点农产品批发市场,农业农村部定点市场,,,,序号: 212;市场名称: 浙江平湖市农副产品综合批发市场有限公司;省级分组: 浙江,0.98,按 PDF 两列表格抽取;原文件未提供详细地址和坐标。
rec_c96a3cf34c25d33b,data/raw/moa_designated_wholesale_markets_2024.pdf,file_6a02aa5933cd197b,wholesale_market,8,1,15,农业农村部定点市场名单,2024-03-21,浙江绍兴市蔬菜果品批发交易市场有限公司,,,浙江,,农业农村部定点农产品批发市场,农业农村部定点市场,,,,序号: 213;市场名称: 浙江绍兴市蔬菜果品批发交易市场有限公司;省级分组: 浙江,0.98,按 PDF 两列表格抽取;原文件未提供详细地址和坐标。
rec_44a010b52762d39a,data/raw/moa_designated_wholesale_markets_2024.pdf,file_6a02aa5933cd197b,wholesale_market,8,1,16,农业农村部定点市场名单,2024-03-21,浙江嵊州市浙东农副产品物流中心,,,浙江,,农业农村部定点农产品批发市场,农业农村部定点市场,,,,序号: 214;市场名称: 浙江嵊州市浙东农副产品物流中心;省级分组: 浙江,0.98,按 PDF 两列表格抽取;原文件未提供详细地址和坐标。
rec_75d8487463501d1f,data/raw/moa_designated_wholesale_markets_2024.pdf,file_6a02aa5933cd197b,wholesale_market,8,1,17,农业农村部定点市场名单,2024-03-21,浙江金华农产品批发市场有限公司,,,浙江,,农业农村部定点农产品批发市场,农业农村部定点市场,,,,序号: 215;市场名称: 浙江金华农产品批发市场有限公司;省级分组: 浙江,0.98,按 PDF 两列表格抽取;原文件未提供详细地址和坐标。
rec_dff6e87d94ef8c0f,data/raw/moa_designated_wholesale_markets_2024.pdf,file_6a02aa5933cd197b,wholesale_market,8,1,18,农业农村部定点市场名单,2024-03-21,浙江江山成坤农贸城有限公司(浙江江山农贸城),,,浙江,,农业农村部定点农产品批发市场,农业农村部定点市场,,,,序号: 216;市场名称: 浙江江山成坤农贸城有限公司(浙江江山农贸城);省级分组: 浙江,0.98,按 PDF 两列表格抽取;原文件未提供详细地址和坐标。
rec_bddf9d144dee425c,data/raw/moa_designated_wholesale_markets_2024.pdf,file_6a02aa5933cd197b,wholesale_market,8,1,19,农业农村部定点市场名单,2024-03-21,浙江舟山水产品中心批发市场,,,浙江,,农业农村部定点农产品批发市场,农业农村部定点市场,,,,序号: 217;市场名称: 浙江舟山水产品中心批发市场;省级分组: 浙江,0.98,按 PDF 两列表格抽取;原文件未提供详细地址和坐标。
rec_a0913eb4a6fe8d7a,data/raw/moa_designated_wholesale_markets_2024.pdf,file_6a02aa5933cd197b,wholesale_market,8,1,20,农业农村部定点市场名单,2024-03-21,浙江台州水产品交易中心,,,浙江,,农业农村部定点农产品批发市场,农业农村部定点市场,,,,序号: 218;市场名称: 浙江台州水产品交易中心;省级分组: 浙江,0.98,按 PDF 两列表格抽取;原文件未提供详细地址和坐标。
rec_0f5e20307abdf53f,data/raw/moa_designated_wholesale_markets_2024.pdf,file_6a02aa5933cd197b,wholesale_market,8,1,21,农业农村部定点市场名单,2024-03-21,浙江台州(中国)农港城,,,浙江,,农业农村部定点农产品批发市场,农业农村部定点市场,,,,序号: 219;市场名称: 浙江台州(中国)农港城;省级分组: 浙江,0.98,按 PDF 两列表格抽取;原文件未提供详细地址和坐标。
rec_5142ed9cf91b5c17,data/raw/moa_designated_wholesale_markets_2024.pdf,file_6a02aa5933cd197b,wholesale_market,8,1,22,农业农村部定点市场名单,2024-03-21,浙江省黄岩柑桔果品副食品综合市场,,,浙江,,农业农村部定点农产品批发市场,农业农村部定点市场,,,,序号: 220;市场名称: 浙江省黄岩柑桔果品副食品综合市场;省级分组: 浙江,0.98,按 PDF 两列表格抽取;原文件未提供详细地址和坐标。
rec_11ff78346e445e63,data/raw/moa_designated_wholesale_markets_2024.pdf,file_6a02aa5933cd197b,wholesale_market,8,1,23,农业农村部定点市场名单,2024-03-21,浙江台州市新路蔬菜批发有限公司(浙江台州市蔬菜批发中心),,,浙江,,农业农村部定点农产品批发市场,农业农村部定点市场,,,,序号: 221;市场名称: 浙江台州市新路蔬菜批发有限公司(浙江台州市蔬菜批发中心);省级分组: 浙江,0.98,按 PDF 两列表格抽取;原文件未提供详细地址和坐标。
rec_26e944d538546f38,data/raw/moa_designated_wholesale_markets_2024.pdf,file_6a02aa5933cd197b,wholesale_market,8,1,24,农业农村部定点市场名单,2024-03-21,浙江松门水产品批发市场,,,浙江,,农业农村部定点农产品批发市场,农业农村部定点市场,,,,序号: 222;市场名称: 浙江松门水产品批发市场;省级分组: 浙江,0.98,按 PDF 两列表格抽取;原文件未提供详细地址和坐标。
rec_a31e948b8ddb8f87,data/raw/moa_designated_wholesale_markets_2024.pdf,file_6a02aa5933cd197b,wholesale_market,8,1,25,农业农村部定点市场名单,2024-03-21,浙西南农贸城,,,浙江,,农业农村部定点农产品批发市场,农业农村部定点市场,,,,序号: 223;市场名称: 浙西南农贸城;省级分组: 浙江,0.98,按 PDF 两列表格抽取;原文件未提供详细地址和坐标。
rec_a374ef9fb202dd10,data/raw/moa_designated_wholesale_markets_2024.pdf,file_6a02aa5933cd197b,wholesale_market,8,1,26,农业农村部定点市场名单,2024-03-21,浙南茶叶市场,,,浙江,,农业农村部定点农产品批发市场,农业农村部定点市场,,,,序号: 224;市场名称: 浙南茶叶市场;省级分组: 浙江,0.98,按 PDF 两列表格抽取;原文件未提供详细地址和坐标。
rec_21672c5cc55a030a,data/raw/moa_designated_wholesale_markets_2024.pdf,file_6a02aa5933cd197b,wholesale_market,8,1,27,农业农村部定点市场名单,2024-03-21,浙闽赣食用菌交易市场,,,浙江,,农业农村部定点农产品批发市场,农业农村部定点市场,,,,序号: 225;市场名称: 浙闽赣食用菌交易市场;省级分组: 浙江,0.98,按 PDF 两列表格抽取;原文件未提供详细地址和坐标。
rec_17ca07af38060f01,data/raw/moa_designated_wholesale_markets_2024.pdf,file_6a02aa5933cd197b,wholesale_market,8,1,28,农业农村部定点市场名单,2024-03-21,浙江余姚海吉新城农副产品批发市场,,,浙江,,农业农村部定点农产品批发市场,农业农村部定点市场,,,,序号: 226;市场名称: 浙江余姚海吉新城农副产品批发市场;省级分组: 浙江,0.98,按 PDF 两列表格抽取;原文件未提供详细地址和坐标。
rec_db75685a23983f3a,data/raw/moa_designated_wholesale_markets_2024.pdf,file_6a02aa5933cd197b,wholesale_market,8,1,29,农业农村部定点市场名单,2024-03-21,浙江湖州城商农副产品集散(物流)中心,,,浙江,,农业农村部定点农产品批发市场,农业农村部定点市场,,,,序号: 227;市场名称: 浙江湖州城商农副产品集散(物流)中心;省级分组: 浙江,0.98,按 PDF 两列表格抽取;原文件未提供详细地址和坐标。
rec_f1a827e1d5432961,data/raw/moa_designated_wholesale_markets_2024.pdf,file_6a02aa5933cd197b,wholesale_market,8,1,30,农业农村部定点市场名单,2024-03-21,浙江兰溪农产品交易城,,,浙江,,农业农村部定点农产品批发市场,农业农村部定点市场,,,,序号: 228;市场名称: 浙江兰溪农产品交易城;省级分组: 浙江,0.98,按 PDF 两列表格抽取;原文件未提供详细地址和坐标。
rec_ffcd0d1a4b57babd,data/raw/moa_designated_wholesale_markets_2024.pdf,file_6a02aa5933cd197b,wholesale_market,8,1,31,农业农村部定点市场名单,2024-03-21,浙江丽水市市场开发服务有限公司,,,浙江,,农业农村部定点农产品批发市场,农业农村部定点市场,,,,序号: 229;市场名称: 浙江丽水市市场开发服务有限公司;省级分组: 浙江,0.98,按 PDF 两列表格抽取;原文件未提供详细地址和坐标。
rec_a61116969bc4fb06,data/raw/moa_designated_wholesale_markets_2024.pdf,file_6a02aa5933cd197b,wholesale_market,8,1,32,农业农村部定点市场名单,2024-03-21,浙江庆元香菇市场,,,浙江,,农业农村部定点农产品批发市场,农业农村部定点市场,,,,序号: 230;市场名称: 浙江庆元香菇市场;省级分组: 浙江,0.98,按 PDF 两列表格抽取;原文件未提供详细地址和坐标。
rec_a01b1697eafc913e,data/raw/moa_designated_wholesale_markets_2024.pdf,file_6a02aa5933cd197b,wholesale_market,9,1,1,农业农村部定点市场名单,2024-03-21,安徽合肥周谷堆农产品批发市场股份有限公司(安徽合肥周谷堆批发市场),,,安徽,,农业农村部定点农产品批发市场,农业农村部定点市场,,,,序号: 231;市场名称: 安徽合肥周谷堆农产品批发市场股份有限公司(安徽合肥周谷堆批发市场);省级分组: 安徽,0.98,按 PDF 两列表格抽取;原文件未提供详细地址和坐标。
rec_0da9d52cda248804,data/raw/moa_designated_wholesale_markets_2024.pdf,file_6a02aa5933cd197b,wholesale_market,9,1,2,农业农村部定点市场名单,2024-03-21,安徽马鞍山市安民农副产品贸易有限公司(安徽马鞍山安民农副产品批发交易中心),,,安徽,,农业农村部定点农产品批发市场,农业农村部定点市场,,,,序号: 232;市场名称: 安徽马鞍山市安民农副产品贸易有限公司(安徽马鞍山安民农副产品批发交易中心);省级分组: 安徽,0.98,按 PDF 两列表格抽取;原文件未提供详细地址和坐标。
rec_96a839461cc4e271,data/raw/moa_designated_wholesale_markets_2024.pdf,file_6a02aa5933cd197b,wholesale_market,9,1,3,农业农村部定点市场名单,2024-03-21,安徽阜阳瑶海农产品市场开发有限公司(安徽阜阳农产品物流中心),,,安徽,,农业农村部定点农产品批发市场,农业农村部定点市场,,,,序号: 233;市场名称: 安徽阜阳瑶海农产品市场开发有限公司(安徽阜阳农产品物流中心);省级分组: 安徽,0.98,按 PDF 两列表格抽取;原文件未提供详细地址和坐标。
rec_67bfb23d594427f8,data/raw/moa_designated_wholesale_markets_2024.pdf,file_6a02aa5933cd197b,wholesale_market,9,1,4,农业农村部定点市场名单,2024-03-21,安徽亳州蔬菜批发市场,,,安徽,,农业农村部定点农产品批发市场,农业农村部定点市场,,,,序号: 234;市场名称: 安徽亳州蔬菜批发市场;省级分组: 安徽,0.98,按 PDF 两列表格抽取;原文件未提供详细地址和坐标。
rec_a891193f35a789e3,data/raw/moa_designated_wholesale_markets_2024.pdf,file_6a02aa5933cd197b,wholesale_market,9,1,5,农业农村部定点市场名单,2024-03-21,安徽霍山大别山绿色商城,,,安徽,,农业农村部定点农产品批发市场,农业农村部定点市场,,,,序号: 235;市场名称: 安徽霍山大别山绿色商城;省级分组: 安徽,0.98,按 PDF 两列表格抽取;原文件未提供详细地址和坐标。
rec_90a966e2105b0071,data/raw/moa_designated_wholesale_markets_2024.pdf,file_6a02aa5933cd197b,wholesale_market,9,1,6,农业农村部定点市场名单,2024-03-21,安徽砀山农产品中心惠丰批发市场,,,安徽,,农业农村部定点农产品批发市场,农业农村部定点市场,,,,序号: 236;市场名称: 安徽砀山农产品中心惠丰批发市场;省级分组: 安徽,0.98,按 PDF 两列表格抽取;原文件未提供详细地址和坐标。
rec_a92735896128c880,data/raw/moa_designated_wholesale_markets_2024.pdf,file_6a02aa5933cd197b,wholesale_market,9,1,7,农业农村部定点市场名单,2024-03-21,安徽淮南市安成鑫海农产品批发市场有限公司(安徽淮南安成批发市场),,,安徽,,农业农村部定点农产品批发市场,农业农村部定点市场,,,,序号: 237;市场名称: 安徽淮南市安成鑫海农产品批发市场有限公司(安徽淮南安成批发市场);省级分组: 安徽,0.98,按 PDF 两列表格抽取;原文件未提供详细地址和坐标。
rec_0a628c0ba4870b64,data/raw/moa_designated_wholesale_markets_2024.pdf,file_6a02aa5933cd197b,wholesale_market,9,1,8,农业农村部定点市场名单,2024-03-21,安徽黄山茶叶城,,,安徽,,农业农村部定点农产品批发市场,农业农村部定点市场,,,,序号: 238;市场名称: 安徽黄山茶叶城;省级分组: 安徽,0.98,按 PDF 两列表格抽取;原文件未提供详细地址和坐标。
rec_9c8a98537c9e132f,data/raw/moa_designated_wholesale_markets_2024.pdf,file_6a02aa5933cd197b,wholesale_market,9,1,9,农业农村部定点市场名单,2024-03-21,安徽中瑞农产品批发市场,,,安徽,,农业农村部定点农产品批发市场,农业农村部定点市场,,,,序号: 239;市场名称: 安徽中瑞农产品批发市场;省级分组: 安徽,0.98,按 PDF 两列表格抽取;原文件未提供详细地址和坐标。
rec_6ce46fc342c8f4ea,data/raw/moa_designated_wholesale_markets_2024.pdf,file_6a02aa5933cd197b,wholesale_market,9,1,10,农业农村部定点市场名单,2024-03-21,安徽阜南县会龙蔬菜批发市场,,,安徽,,农业农村部定点农产品批发市场,农业农村部定点市场,,,,序号: 240;市场名称: 安徽阜南县会龙蔬菜批发市场;省级分组: 安徽,0.98,按 PDF 两列表格抽取;原文件未提供详细地址和坐标。
rec_db8bc914c6122b4e,data/raw/moa_designated_wholesale_markets_2024.pdf,file_6a02aa5933cd197b,wholesale_market,9,1,11,农业农村部定点市场名单,2024-03-21,安徽铜陵绿源农产品大市场,,,安徽,,农业农村部定点农产品批发市场,农业农村部定点市场,,,,序号: 241;市场名称: 安徽铜陵绿源农产品大市场;省级分组: 安徽,0.98,按 PDF 两列表格抽取;原文件未提供详细地址和坐标。
rec_7735c3e83390f2a9,data/raw/moa_designated_wholesale_markets_2024.pdf,file_6a02aa5933cd197b,wholesale_market,9,1,12,农业农村部定点市场名单,2024-03-21,安徽徽商集团肥东大市场农副产品批发园区(安徽徽商农产品批发大市场),,,安徽,,农业农村部定点农产品批发市场,农业农村部定点市场,,,,序号: 242;市场名称: 安徽徽商集团肥东大市场农副产品批发园区(安徽徽商农产品批发大市场);省级分组: 安徽,0.98,按 PDF 两列表格抽取;原文件未提供详细地址和坐标。
rec_b4ade9d24036dece,data/raw/moa_designated_wholesale_markets_2024.pdf,file_6a02aa5933cd197b,wholesale_market,9,1,13,农业农村部定点市场名单,2024-03-21,安徽宿州百大农产品物流有限责任公司(安徽宿州百大农产品批发市场),,,安徽,,农业农村部定点农产品批发市场,农业农村部定点市场,,,,序号: 243;市场名称: 安徽宿州百大农产品物流有限责任公司(安徽宿州百大农产品批发市场);省级分组: 安徽,0.98,按 PDF 两列表格抽取;原文件未提供详细地址和坐标。
rec_d2a14261af579547,data/raw/moa_designated_wholesale_markets_2024.pdf,file_6a02aa5933cd197b,wholesale_market,9,1,14,农业农村部定点市场名单,2024-03-21,安徽宿州市光彩城农资大市场,,,安徽,,农业农村部定点农产品批发市场,农业农村部定点市场,,,,序号: 244;市场名称: 安徽宿州市光彩城农资大市场;省级分组: 安徽,0.98,按 PDF 两列表格抽取;原文件未提供详细地址和坐标。
rec_11544d8d8a6e0d40,data/raw/moa_designated_wholesale_markets_2024.pdf,file_6a02aa5933cd197b,wholesale_market,9,1,15,农业农村部定点市场名单,2024-03-21,安徽池州市杏花村农产品批发大市场,,,安徽,,农业农村部定点农产品批发市场,农业农村部定点市场,,,,序号: 245;市场名称: 安徽池州市杏花村农产品批发大市场;省级分组: 安徽,0.98,按 PDF 两列表格抽取;原文件未提供详细地址和坐标。
rec_65bb0f469e2f55fa,data/raw/moa_designated_wholesale_markets_2024.pdf,file_6a02aa5933cd197b,wholesale_market,9,1,16,农业农村部定点市场名单,2024-03-21,安徽东至县官港茶叶香菇市场,,,安徽,,农业农村部定点农产品批发市场,农业农村部定点市场,,,,序号: 246;市场名称: 安徽东至县官港茶叶香菇市场;省级分组: 安徽,0.98,按 PDF 两列表格抽取;原文件未提供详细地址和坐标。
rec_9bb99488cd21eb7b,data/raw/moa_designated_wholesale_markets_2024.pdf,file_6a02aa5933cd197b,wholesale_market,9,1,17,农业农村部定点市场名单,2024-03-21,安徽六安中川农贸城,,,安徽,,农业农村部定点农产品批发市场,农业农村部定点市场,,,,序号: 247;市场名称: 安徽六安中川农贸城;省级分组: 安徽,0.98,按 PDF 两列表格抽取;原文件未提供详细地址和坐标。
rec_f58f260c036250c1,data/raw/moa_designated_wholesale_markets_2024.pdf,file_6a02aa5933cd197b,wholesale_market,9,1,18,农业农村部定点市场名单,2024-03-21,安徽蚌埠海吉星农产品批发市场,,,安徽,,农业农村部定点农产品批发市场,农业农村部定点市场,,,,序号: 248;市场名称: 安徽蚌埠海吉星农产品批发市场;省级分组: 安徽,0.98,按 PDF 两列表格抽取;原文件未提供详细地址和坐标。
rec_b19251bcefe1b3f8,data/raw/moa_designated_wholesale_markets_2024.pdf,file_6a02aa5933cd197b,wholesale_market,9,1,19,农业农村部定点市场名单,2024-03-21,安徽天长市永福农副产品批发市场,,,安徽,,农业农村部定点农产品批发市场,农业农村部定点市场,,,,序号: 249;市场名称: 安徽天长市永福农副产品批发市场;省级分组: 安徽,0.98,按 PDF 两列表格抽取;原文件未提供详细地址和坐标。
rec_79575a4cc6d53eeb,data/raw/moa_designated_wholesale_markets_2024.pdf,file_6a02aa5933cd197b,wholesale_market,9,1,20,农业农村部定点市场名单,2024-03-21,安徽蒙城新发地农副产品有限公司(安徽蒙城新发地农副产品批发市场),,,安徽,,农业农村部定点农产品批发市场,农业农村部定点市场,,,,序号: 250;市场名称: 安徽蒙城新发地农副产品有限公司(安徽蒙城新发地农副产品批发市场);省级分组: 安徽,0.98,按 PDF 两列表格抽取;原文件未提供详细地址和坐标。
rec_ed536d0786610854,data/raw/moa_designated_wholesale_markets_2024.pdf,file_6a02aa5933cd197b,wholesale_market,9,1,21,农业农村部定点市场名单,2024-03-21,安徽西商农副产品批发市场,,,安徽,,农业农村部定点农产品批发市场,农业农村部定点市场,,,,序号: 251;市场名称: 安徽西商农副产品批发市场;省级分组: 安徽,0.98,按 PDF 两列表格抽取;原文件未提供详细地址和坐标。
rec_b665911ace11e87a,data/raw/moa_designated_wholesale_markets_2024.pdf,file_6a02aa5933cd197b,wholesale_market,9,1,22,农业农村部定点市场名单,2024-03-21,安徽六安市紫竹林农副产品批发有限公司(安徽六安市紫竹林农产品物流中心),,,安徽,,农业农村部定点农产品批发市场,农业农村部定点市场,,,,序号: 252;市场名称: 安徽六安市紫竹林农副产品批发有限公司(安徽六安市紫竹林农产品物流中心);省级分组: 安徽,0.98,按 PDF 两列表格抽取;原文件未提供详细地址和坐标。
rec_8afcd74249367bcd,data/raw/moa_designated_wholesale_markets_2024.pdf,file_6a02aa5933cd197b,wholesale_market,9,1,23,农业农村部定点市场名单,2024-03-21,中国供销·大别山农产品批发市场,,,安徽,,农业农村部定点农产品批发市场,农业农村部定点市场,,,,序号: 253;市场名称: 中国供销·大别山农产品批发市场;省级分组: 安徽,0.98,按 PDF 两列表格抽取;原文件未提供详细地址和坐标。
rec_55591e6a7fac194d,data/raw/moa_designated_wholesale_markets_2024.pdf,file_6a02aa5933cd197b,wholesale_market,9,1,24,农业农村部定点市场名单,2024-03-21,安徽安庆海吉星农产品物流园有限公司(安徽安庆海吉星农产品批发市场),,,安徽,,农业农村部定点农产品批发市场,农业农村部定点市场,,,,序号: 254;市场名称: 安徽安庆海吉星农产品物流园有限公司(安徽安庆海吉星农产品批发市场);省级分组: 安徽,0.98,按 PDF 两列表格抽取;原文件未提供详细地址和坐标。
rec_723c9ee6d7dff6ae,data/raw/moa_designated_wholesale_markets_2024.pdf,file_6a02aa5933cd197b,wholesale_market,9,1,25,农业农村部定点市场名单,2024-03-21,安徽岳西县金翠兰茶叶大市场,,,安徽,,农业农村部定点农产品批发市场,农业农村部定点市场,,,,序号: 255;市场名称: 安徽岳西县金翠兰茶叶大市场;省级分组: 安徽,0.98,按 PDF 两列表格抽取;原文件未提供详细地址和坐标。
rec_c2cc9f26692040aa,data/raw/moa_designated_wholesale_markets_2024.pdf,file_6a02aa5933cd197b,wholesale_market,9,1,26,农业农村部定点市场名单,2024-03-21,安徽芜湖大地农副产品批发市场管理有限责任公司(安徽芜湖大地农副,,,安徽,,农业农村部定点农产品批发市场,农业农村部定点市场,,,,序号: 256;市场名称: 安徽芜湖大地农副产品批发市场管理有限责任公司(安徽芜湖大地农副;省级分组: 安徽,0.98,按 PDF 两列表格抽取;原文件未提供详细地址和坐标。
rec_3fb3fa1aac2231c7,data/raw/moa_designated_wholesale_markets_2024.pdf,file_6a02aa5933cd197b,wholesale_market,10,1,3,农业农村部定点市场名单,2024-03-21,福建福州民天实业有限公司海峡蔬菜批发市场,,,福建,,农业农村部定点农产品批发市场,农业农村部定点市场,,,,序号: 257;市场名称: 福建福州民天实业有限公司海峡蔬菜批发市场;省级分组: 福建,0.98,按 PDF 两列表格抽取;原文件未提供详细地址和坐标。
rec_6d55a349d0f4dde8,data/raw/moa_designated_wholesale_markets_2024.pdf,file_6a02aa5933cd197b,wholesale_market,10,1,4,农业农村部定点市场名单,2024-03-21,福建福州民天实业有限公司海峡果品批发市场,,,福建,,农业农村部定点农产品批发市场,农业农村部定点市场,,,,序号: 258;市场名称: 福建福州民天实业有限公司海峡果品批发市场;省级分组: 福建,0.98,按 PDF 两列表格抽取;原文件未提供详细地址和坐标。
rec_d466481cd689b468,data/raw/moa_designated_wholesale_markets_2024.pdf,file_6a02aa5933cd197b,wholesale_market,10,1,5,农业农村部定点市场名单,2024-03-21,福建海峡水产品交易中心,,,福建,,农业农村部定点农产品批发市场,农业农村部定点市场,,,,序号: 259;市场名称: 福建海峡水产品交易中心;省级分组: 福建,0.98,按 PDF 两列表格抽取;原文件未提供详细地址和坐标。
rec_ddcc5ad2a4db98bf,data/raw/moa_designated_wholesale_markets_2024.pdf,file_6a02aa5933cd197b,wholesale_market,10,1,6,农业农村部定点市场名单,2024-03-21,福建省古田食用菌批发市场,,,福建,,农业农村部定点农产品批发市场,农业农村部定点市场,,,,序号: 260;市场名称: 福建省古田食用菌批发市场;省级分组: 福建,0.98,按 PDF 两列表格抽取;原文件未提供详细地址和坐标。
rec_3324a7a85006b295,data/raw/moa_designated_wholesale_markets_2024.pdf,file_6a02aa5933cd197b,wholesale_market,10,1,7,农业农村部定点市场名单,2024-03-21,福建福鼎闽浙边界农贸中心市场,,,福建,,农业农村部定点农产品批发市场,农业农村部定点市场,,,,序号: 261;市场名称: 福建福鼎闽浙边界农贸中心市场;省级分组: 福建,0.98,按 PDF 两列表格抽取;原文件未提供详细地址和坐标。
rec_2255ecd05d06be2a,data/raw/moa_designated_wholesale_markets_2024.pdf,file_6a02aa5933cd197b,wholesale_market,10,1,8,农业农村部定点市场名单,2024-03-21,福建厦门闽南农副产品物流中心,,,福建,,农业农村部定点农产品批发市场,农业农村部定点市场,,,,序号: 262;市场名称: 福建厦门闽南农副产品物流中心;省级分组: 福建,0.98,按 PDF 两列表格抽取;原文件未提供详细地址和坐标。
rec_cb6d19c9c1de4379,data/raw/moa_designated_wholesale_markets_2024.pdf,file_6a02aa5933cd197b,wholesale_market,10,1,9,农业农村部定点市场名单,2024-03-21,福建厦门夏商农产品集团有限公司中埔蔬菜农副产品批发市场,,,福建,,农业农村部定点农产品批发市场,农业农村部定点市场,,,,序号: 263;市场名称: 福建厦门夏商农产品集团有限公司中埔蔬菜农副产品批发市场;省级分组: 福建,0.98,按 PDF 两列表格抽取;原文件未提供详细地址和坐标。
rec_4881c0f9a2f082c8,data/raw/moa_designated_wholesale_markets_2024.pdf,file_6a02aa5933cd197b,wholesale_market,10,1,10,农业农村部定点市场名单,2024-03-21,福建南安市中国粮食城粮油交易中心,,,福建,,农业农村部定点农产品批发市场,农业农村部定点市场,,,,序号: 264;市场名称: 福建南安市中国粮食城粮油交易中心;省级分组: 福建,0.98,按 PDF 两列表格抽取;原文件未提供详细地址和坐标。
rec_6014a2937d843153,data/raw/moa_designated_wholesale_markets_2024.pdf,file_6a02aa5933cd197b,wholesale_market,10,1,11,农业农村部定点市场名单,2024-03-21,福建闽台农产品市场,,,福建,,农业农村部定点农产品批发市场,农业农村部定点市场,,,,序号: 265;市场名称: 福建闽台农产品市场;省级分组: 福建,0.98,按 PDF 两列表格抽取;原文件未提供详细地址和坐标。
rec_dcbeff2021254e1e,data/raw/moa_designated_wholesale_markets_2024.pdf,file_6a02aa5933cd197b,wholesale_market,10,1,12,农业农村部定点市场名单,2024-03-21,福建安溪茶叶批发市场,,,福建,,农业农村部定点农产品批发市场,农业农村部定点市场,,,,序号: 266;市场名称: 福建安溪茶叶批发市场;省级分组: 福建,0.98,按 PDF 两列表格抽取;原文件未提供详细地址和坐标。
rec_0be4d3e5764053d7,data/raw/moa_designated_wholesale_markets_2024.pdf,file_6a02aa5933cd197b,wholesale_market,10,1,13,农业农村部定点市场名单,2024-03-21,福建福州市农垦集团五里亭茶叶批发市场,,,福建,,农业农村部定点农产品批发市场,农业农村部定点市场,,,,序号: 267;市场名称: 福建福州市农垦集团五里亭茶叶批发市场;省级分组: 福建,0.98,按 PDF 两列表格抽取;原文件未提供详细地址和坐标。
rec_0bf0507f7e6f3504,data/raw/moa_designated_wholesale_markets_2024.pdf,file_6a02aa5933cd197b,wholesale_market,10,1,15,农业农村部定点市场名单,2024-03-21,江西南昌深圳农产品中心批发市场,,,江西,,农业农村部定点农产品批发市场,农业农村部定点市场,,,,序号: 268;市场名称: 江西南昌深圳农产品中心批发市场;省级分组: 江西,0.98,按 PDF 两列表格抽取;原文件未提供详细地址和坐标。
rec_1c1fe0d88972ed43,data/raw/moa_designated_wholesale_markets_2024.pdf,file_6a02aa5933cd197b,wholesale_market,10,1,16,农业农村部定点市场名单,2024-03-21,江西南昌市佛塔农产品批发市场有限公司,,,江西,,农业农村部定点农产品批发市场,农业农村部定点市场,,,,序号: 269;市场名称: 江西南昌市佛塔农产品批发市场有限公司;省级分组: 江西,0.98,按 PDF 两列表格抽取;原文件未提供详细地址和坐标。
rec_d698d73e1235a239,data/raw/moa_designated_wholesale_markets_2024.pdf,file_6a02aa5933cd197b,wholesale_market,10,1,17,农业农村部定点市场名单,2024-03-21,江西南昌赣昌水产品综合交易批发市场,,,江西,,农业农村部定点农产品批发市场,农业农村部定点市场,,,,序号: 270;市场名称: 江西南昌赣昌水产品综合交易批发市场;省级分组: 江西,0.98,按 PDF 两列表格抽取;原文件未提供详细地址和坐标。
rec_c02df342113357a5,data/raw/moa_designated_wholesale_markets_2024.pdf,file_6a02aa5933cd197b,wholesale_market,10,1,18,农业农村部定点市场名单,2024-03-21,江西萍乡市城南农副产品批发市场,,,江西,,农业农村部定点农产品批发市场,农业农村部定点市场,,,,序号: 271;市场名称: 江西萍乡市城南农副产品批发市场;省级分组: 江西,0.98,按 PDF 两列表格抽取;原文件未提供详细地址和坐标。
rec_67e164b936e2100b,data/raw/moa_designated_wholesale_markets_2024.pdf,file_6a02aa5933cd197b,wholesale_market,10,1,19,农业农村部定点市场名单,2024-03-21,江西宜春市赣西农副产品批发市场,,,江西,,农业农村部定点农产品批发市场,农业农村部定点市场,,,,序号: 272;市场名称: 江西宜春市赣西农副产品批发市场;省级分组: 江西,0.98,按 PDF 两列表格抽取;原文件未提供详细地址和坐标。
rec_dec7b01a358f5abc,data/raw/moa_designated_wholesale_markets_2024.pdf,file_6a02aa5933cd197b,wholesale_market,10,1,20,农业农村部定点市场名单,2024-03-21,中国崇仁麻鸡农博城,,,江西,,农业农村部定点农产品批发市场,农业农村部定点市场,,,,序号: 273;市场名称: 中国崇仁麻鸡农博城;省级分组: 江西,0.98,按 PDF 两列表格抽取;原文件未提供详细地址和坐标。
rec_4b018372367bdf1e,data/raw/moa_designated_wholesale_markets_2024.pdf,file_6a02aa5933cd197b,wholesale_market,10,1,21,农业农村部定点市场名单,2024-03-21,江西乐平蔬菜农产品批发市场有限公司,,,江西,,农业农村部定点农产品批发市场,农业农村部定点市场,,,,序号: 274;市场名称: 江西乐平蔬菜农产品批发市场有限公司;省级分组: 江西,0.98,按 PDF 两列表格抽取;原文件未提供详细地址和坐标。
rec_2c90a29864d3e18e,data/raw/moa_designated_wholesale_markets_2024.pdf,file_6a02aa5933cd197b,wholesale_market,10,1,22,农业农村部定点市场名单,2024-03-21,江西九江市琵琶湖农产品物流有限公司,,,江西,,农业农村部定点农产品批发市场,农业农村部定点市场,,,,序号: 275;市场名称: 江西九江市琵琶湖农产品物流有限公司;省级分组: 江西,0.98,按 PDF 两列表格抽取;原文件未提供详细地址和坐标。
rec_30ee17ca78ccc1ce,data/raw/moa_designated_wholesale_markets_2024.pdf,file_6a02aa5933cd197b,wholesale_market,10,1,23,农业农村部定点市场名单,2024-03-21,江西新余市果蔬批发市场,,,江西,,农业农村部定点农产品批发市场,农业农村部定点市场,,,,序号: 276;市场名称: 江西新余市果蔬批发市场;省级分组: 江西,0.98,按 PDF 两列表格抽取;原文件未提供详细地址和坐标。
rec_450b60ccdf256032,data/raw/moa_designated_wholesale_markets_2024.pdf,file_6a02aa5933cd197b,wholesale_market,10,1,24,农业农村部定点市场名单,2024-03-21,江西新余市优质农产品批发市场,,,江西,,农业农村部定点农产品批发市场,农业农村部定点市场,,,,序号: 277;市场名称: 江西新余市优质农产品批发市场;省级分组: 江西,0.98,按 PDF 两列表格抽取;原文件未提供详细地址和坐标。
rec_3d955b3193373d6a,data/raw/moa_designated_wholesale_markets_2024.pdf,file_6a02aa5933cd197b,wholesale_market,10,1,25,农业农村部定点市场名单,2024-03-21,江西吉安农副产品物流中心,,,江西,,农业农村部定点农产品批发市场,农业农村部定点市场,,,,序号: 278;市场名称: 江西吉安农副产品物流中心;省级分组: 江西,0.98,按 PDF 两列表格抽取;原文件未提供详细地址和坐标。
rec_36a1a21feee0b775,data/raw/moa_designated_wholesale_markets_2024.pdf,file_6a02aa5933cd197b,wholesale_market,10,1,26,农业农村部定点市场名单,2024-03-21,江西省供销余干农商大市场,,,江西,,农业农村部定点农产品批发市场,农业农村部定点市场,,,,序号: 279;市场名称: 江西省供销余干农商大市场;省级分组: 江西,0.98,按 PDF 两列表格抽取;原文件未提供详细地址和坐标。
rec_d5bf7f664c65638f,data/raw/moa_designated_wholesale_markets_2024.pdf,file_6a02aa5933cd197b,wholesale_market,10,1,27,农业农村部定点市场名单,2024-03-21,中国供销上饶农产品交易城,,,江西,,农业农村部定点农产品批发市场,农业农村部定点市场,,,,序号: 280;市场名称: 中国供销上饶农产品交易城;省级分组: 江西,0.98,按 PDF 两列表格抽取;原文件未提供详细地址和坐标。
rec_238c662ea2463d8c,data/raw/moa_designated_wholesale_markets_2024.pdf,file_6a02aa5933cd197b,wholesale_market,10,1,28,农业农村部定点市场名单,2024-03-21,中国(赣州)华东农副产品综合商贸物流城,,,江西,,农业农村部定点农产品批发市场,农业农村部定点市场,,,,序号: 281;市场名称: 中国(赣州)华东农副产品综合商贸物流城;省级分组: 江西,0.98,按 PDF 两列表格抽取;原文件未提供详细地址和坐标。
rec_50ac1ebe554f7daf,data/raw/moa_designated_wholesale_markets_2024.pdf,file_6a02aa5933cd197b,wholesale_market,10,1,29,农业农村部定点市场名单,2024-03-21,中国供销赣州国际农产品交易中心,,,江西,,农业农村部定点农产品批发市场,农业农村部定点市场,,,,序号: 282;市场名称: 中国供销赣州国际农产品交易中心;省级分组: 江西,0.98,按 PDF 两列表格抽取;原文件未提供详细地址和坐标。
rec_5fdc92152191e300,data/raw/moa_designated_wholesale_markets_2024.pdf,file_6a02aa5933cd197b,wholesale_market,10,1,30,农业农村部定点市场名单,2024-03-21,江西省上饶市江天农博城,,,江西,,农业农村部定点农产品批发市场,农业农村部定点市场,,,,序号: 283;市场名称: 江西省上饶市江天农博城;省级分组: 江西,0.98,按 PDF 两列表格抽取;原文件未提供详细地址和坐标。
rec_88fe785a5a779018,data/raw/moa_designated_wholesale_markets_2024.pdf,file_6a02aa5933cd197b,wholesale_market,10,1,32,农业农村部定点市场名单,2024-03-21,山东济南市章丘区刁镇蔬菜批发市场,,,山东,,农业农村部定点农产品批发市场,农业农村部定点市场,,,,序号: 284;市场名称: 山东济南市章丘区刁镇蔬菜批发市场;省级分组: 山东,0.98,按 PDF 两列表格抽取;原文件未提供详细地址和坐标。
rec_31ebe1a727e06df9,data/raw/moa_designated_wholesale_markets_2024.pdf,file_6a02aa5933cd197b,wholesale_market,10,1,33,农业农村部定点市场名单,2024-03-21,山东济南堤口果品批发发展有限责任公司,,,山东,,农业农村部定点农产品批发市场,农业农村部定点市场,,,,序号: 285;市场名称: 山东济南堤口果品批发发展有限责任公司;省级分组: 山东,0.98,按 PDF 两列表格抽取;原文件未提供详细地址和坐标。
rec_489e2d19e74959bb,data/raw/moa_designated_wholesale_markets_2024.pdf,file_6a02aa5933cd197b,wholesale_market,10,1,34,农业农村部定点市场名单,2024-03-21,山东济南曲堤蔬菜销售有限公司(山东济南曲堤蔬菜批发市场),,,山东,,农业农村部定点农产品批发市场,农业农村部定点市场,,,,序号: 286;市场名称: 山东济南曲堤蔬菜销售有限公司(山东济南曲堤蔬菜批发市场);省级分组: 山东,0.98,按 PDF 两列表格抽取;原文件未提供详细地址和坐标。
rec_b7ca21f969c1146d,data/raw/moa_designated_wholesale_markets_2024.pdf,file_6a02aa5933cd197b,wholesale_market,11,1,1,农业农村部定点市场名单,2024-03-21,山东济南维尔康肉类水产批发市场,,,山东,,农业农村部定点农产品批发市场,农业农村部定点市场,,,,序号: 287;市场名称: 山东济南维尔康肉类水产批发市场;省级分组: 山东,0.98,按 PDF 两列表格抽取;原文件未提供详细地址和坐标。
rec_3275817a83a9bc0e,data/raw/moa_designated_wholesale_markets_2024.pdf,file_6a02aa5933cd197b,wholesale_market,11,1,2,农业农村部定点市场名单,2024-03-21,山东济南七里堡综合批发市场,,,山东,,农业农村部定点农产品批发市场,农业农村部定点市场,,,,序号: 288;市场名称: 山东济南七里堡综合批发市场;省级分组: 山东,0.98,按 PDF 两列表格抽取;原文件未提供详细地址和坐标。
rec_c9a8428565680a2e,data/raw/moa_designated_wholesale_markets_2024.pdf,file_6a02aa5933cd197b,wholesale_market,11,1,3,农业农村部定点市场名单,2024-03-21,山东匡山农产品综合交易市场管理有限公司,,,山东,,农业农村部定点农产品批发市场,农业农村部定点市场,,,,序号: 289;市场名称: 山东匡山农产品综合交易市场管理有限公司;省级分组: 山东,0.98,按 PDF 两列表格抽取;原文件未提供详细地址和坐标。
rec_13748605a829767e,data/raw/moa_designated_wholesale_markets_2024.pdf,file_6a02aa5933cd197b,wholesale_market,11,1,4,农业农村部定点市场名单,2024-03-21,山东青岛南村蔬菜有限公司(山东青岛平度市南村蔬菜批发市场),,,山东,,农业农村部定点农产品批发市场,农业农村部定点市场,,,,序号: 290;市场名称: 山东青岛南村蔬菜有限公司(山东青岛平度市南村蔬菜批发市场);省级分组: 山东,0.98,按 PDF 两列表格抽取;原文件未提供详细地址和坐标。
rec_a349dbd0d9269bd7,data/raw/moa_designated_wholesale_markets_2024.pdf,file_6a02aa5933cd197b,wholesale_market,11,1,5,农业农村部定点市场名单,2024-03-21,山东青岛东庄头蔬菜批发市场有限公司,,,山东,,农业农村部定点农产品批发市场,农业农村部定点市场,,,,序号: 291;市场名称: 山东青岛东庄头蔬菜批发市场有限公司;省级分组: 山东,0.98,按 PDF 两列表格抽取;原文件未提供详细地址和坐标。
rec_154c8a0cca22d37c,data/raw/moa_designated_wholesale_markets_2024.pdf,file_6a02aa5933cd197b,wholesale_market,11,1,6,农业农村部定点市场名单,2024-03-21,山东青岛丁家庄蔬菜果品批发市场有限公司,,,山东,,农业农村部定点农产品批发市场,农业农村部定点市场,,,,序号: 292;市场名称: 山东青岛丁家庄蔬菜果品批发市场有限公司;省级分组: 山东,0.98,按 PDF 两列表格抽取;原文件未提供详细地址和坐标。
rec_7971393d42ff3a9f,data/raw/moa_designated_wholesale_markets_2024.pdf,file_6a02aa5933cd197b,wholesale_market,11,1,7,农业农村部定点市场名单,2024-03-21,山东青岛市城阳蔬菜水产品批发市场有限公司,,,山东,,农业农村部定点农产品批发市场,农业农村部定点市场,,,,序号: 293;市场名称: 山东青岛市城阳蔬菜水产品批发市场有限公司;省级分组: 山东,0.98,按 PDF 两列表格抽取;原文件未提供详细地址和坐标。
rec_3ded08b9298edbd4,data/raw/moa_designated_wholesale_markets_2024.pdf,file_6a02aa5933cd197b,wholesale_market,11,1,8,农业农村部定点市场名单,2024-03-21,山东青岛抚顺路蔬菜副食品批发市场股份有限公司,,,山东,,农业农村部定点农产品批发市场,农业农村部定点市场,,,,序号: 294;市场名称: 山东青岛抚顺路蔬菜副食品批发市场股份有限公司;省级分组: 山东,0.98,按 PDF 两列表格抽取;原文件未提供详细地址和坐标。
rec_492fc5ebf362a35a,data/raw/moa_designated_wholesale_markets_2024.pdf,file_6a02aa5933cd197b,wholesale_market,11,1,9,农业农村部定点市场名单,2024-03-21,山东海月龙宫商业管理有限公司(山东淄博海盛水产品市场),,,山东,,农业农村部定点农产品批发市场,农业农村部定点市场,,,,序号: 295;市场名称: 山东海月龙宫商业管理有限公司(山东淄博海盛水产品市场);省级分组: 山东,0.98,按 PDF 两列表格抽取;原文件未提供详细地址和坐标。
rec_a370f44f1f497d07,data/raw/moa_designated_wholesale_markets_2024.pdf,file_6a02aa5933cd197b,wholesale_market,11,1,10,农业农村部定点市场名单,2024-03-21,山东淄博鲁中蔬菜批发市场有限公司,,,山东,,农业农村部定点农产品批发市场,农业农村部定点市场,,,,序号: 296;市场名称: 山东淄博鲁中蔬菜批发市场有限公司;省级分组: 山东,0.98,按 PDF 两列表格抽取;原文件未提供详细地址和坐标。
rec_acfe73c5b87571c3,data/raw/moa_designated_wholesale_markets_2024.pdf,file_6a02aa5933cd197b,wholesale_market,11,1,11,农业农村部定点市场名单,2024-03-21,山东博发农副产品综合批发市场有限公司,,,山东,,农业农村部定点农产品批发市场,农业农村部定点市场,,,,序号: 297;市场名称: 山东博发农副产品综合批发市场有限公司;省级分组: 山东,0.98,按 PDF 两列表格抽取;原文件未提供详细地址和坐标。
rec_1c1a6c39569bdd80,data/raw/moa_designated_wholesale_markets_2024.pdf,file_6a02aa5933cd197b,wholesale_market,11,1,12,农业农村部定点市场名单,2024-03-21,山东滕州市农副产品物流中心,,,山东,,农业农村部定点农产品批发市场,农业农村部定点市场,,,,序号: 298;市场名称: 山东滕州市农副产品物流中心;省级分组: 山东,0.98,按 PDF 两列表格抽取;原文件未提供详细地址和坐标。
rec_b3e69726d01dc2fe,data/raw/moa_designated_wholesale_markets_2024.pdf,file_6a02aa5933cd197b,wholesale_market,11,1,13,农业农村部定点市场名单,2024-03-21,山东利津县田园投资开发有限公司(山东利津县北岭蔬菜批发市场),,,山东,,农业农村部定点农产品批发市场,农业农村部定点市场,,,,序号: 299;市场名称: 山东利津县田园投资开发有限公司(山东利津县北岭蔬菜批发市场);省级分组: 山东,0.98,按 PDF 两列表格抽取;原文件未提供详细地址和坐标。
rec_60b26cd0f6a59e10,data/raw/moa_designated_wholesale_markets_2024.pdf,file_6a02aa5933cd197b,wholesale_market,11,1,14,农业农村部定点市场名单,2024-03-21,山东黄河三角洲畜产品购销有限公司(山东利津县黄河三角洲畜产品大市场),,,山东,,农业农村部定点农产品批发市场,农业农村部定点市场,,,,序号: 300;市场名称: 山东黄河三角洲畜产品购销有限公司(山东利津县黄河三角洲畜产品大市场);省级分组: 山东,0.98,按 PDF 两列表格抽取;原文件未提供详细地址和坐标。
rec_2a91a23365dd18cb,data/raw/moa_designated_wholesale_markets_2024.pdf,file_6a02aa5933cd197b,wholesale_market,11,1,15,农业农村部定点市场名单,2024-03-21,山东招远坤发农产品交易市场,,,山东,,农业农村部定点农产品批发市场,农业农村部定点市场,,,,序号: 301;市场名称: 山东招远坤发农产品交易市场;省级分组: 山东,0.98,按 PDF 两列表格抽取;原文件未提供详细地址和坐标。
rec_73e91dfae318f0da,data/raw/moa_designated_wholesale_markets_2024.pdf,file_6a02aa5933cd197b,wholesale_market,11,1,16,农业农村部定点市场名单,2024-03-21,山东烟台市三站果品批发市场有限责任公司,,,山东,,农业农村部定点农产品批发市场,农业农村部定点市场,,,,序号: 302;市场名称: 山东烟台市三站果品批发市场有限责任公司;省级分组: 山东,0.98,按 PDF 两列表格抽取;原文件未提供详细地址和坐标。
rec_53f109c13d637250,data/raw/moa_designated_wholesale_markets_2024.pdf,file_6a02aa5933cd197b,wholesale_market,11,1,17,农业农村部定点市场名单,2024-03-21,山东安丘市姜蒜批发市场服务中心,,,山东,,农业农村部定点农产品批发市场,农业农村部定点市场,,,,序号: 303;市场名称: 山东安丘市姜蒜批发市场服务中心;省级分组: 山东,0.98,按 PDF 两列表格抽取;原文件未提供详细地址和坐标。
rec_b3b9f10d83896f2b,data/raw/moa_designated_wholesale_markets_2024.pdf,file_6a02aa5933cd197b,wholesale_market,11,1,18,农业农村部定点市场名单,2024-03-21,山东青州市高柳蔬菜购销有限公司(山东青州市高柳蔬菜交易市场),,,山东,,农业农村部定点农产品批发市场,农业农村部定点市场,,,,序号: 304;市场名称: 山东青州市高柳蔬菜购销有限公司(山东青州市高柳蔬菜交易市场);省级分组: 山东,0.98,按 PDF 两列表格抽取;原文件未提供详细地址和坐标。
rec_d072de2c77558ce7,data/raw/moa_designated_wholesale_markets_2024.pdf,file_6a02aa5933cd197b,wholesale_market,11,1,19,农业农村部定点市场名单,2024-03-21,山东宏大生姜市场有限公司,,,山东,,农业农村部定点农产品批发市场,农业农村部定点市场,,,,序号: 305;市场名称: 山东宏大生姜市场有限公司;省级分组: 山东,0.98,按 PDF 两列表格抽取;原文件未提供详细地址和坐标。
rec_edbb7225536846ca,data/raw/moa_designated_wholesale_markets_2024.pdf,file_6a02aa5933cd197b,wholesale_market,11,1,20,农业农村部定点市场名单,2024-03-21,山东诸城市渤海水产城批发市场,,,山东,,农业农村部定点农产品批发市场,农业农村部定点市场,,,,序号: 306;市场名称: 山东诸城市渤海水产城批发市场;省级分组: 山东,0.98,按 PDF 两列表格抽取;原文件未提供详细地址和坐标。
rec_51f8b3b5989a1cb2,data/raw/moa_designated_wholesale_markets_2024.pdf,file_6a02aa5933cd197b,wholesale_market,11,1,21,农业农村部定点市场名单,2024-03-21,山东寿光果菜批发市场有限公司,,,山东,,农业农村部定点农产品批发市场,农业农村部定点市场,,,,序号: 307;市场名称: 山东寿光果菜批发市场有限公司;省级分组: 山东,0.98,按 PDF 两列表格抽取;原文件未提供详细地址和坐标。
rec_ae5da4040e0e46aa,data/raw/moa_designated_wholesale_markets_2024.pdf,file_6a02aa5933cd197b,wholesale_market,11,1,22,农业农村部定点市场名单,2024-03-21,山东济宁蔬菜批发市场有限责任公司,,,山东,,农业农村部定点农产品批发市场,农业农村部定点市场,,,,序号: 308;市场名称: 山东济宁蔬菜批发市场有限责任公司;省级分组: 山东,0.98,按 PDF 两列表格抽取;原文件未提供详细地址和坐标。
rec_8e994d406a1031aa,data/raw/moa_designated_wholesale_markets_2024.pdf,file_6a02aa5933cd197b,wholesale_market,11,1,23,农业农村部定点市场名单,2024-03-21,山东金乡大蒜国际交易市场,,,山东,,农业农村部定点农产品批发市场,农业农村部定点市场,,,,序号: 309;市场名称: 山东金乡大蒜国际交易市场;省级分组: 山东,0.98,按 PDF 两列表格抽取;原文件未提供详细地址和坐标。
rec_9ba1a9e372145a30,data/raw/moa_designated_wholesale_markets_2024.pdf,file_6a02aa5933cd197b,wholesale_market,11,1,24,农业农村部定点市场名单,2024-03-21,山东省金乡大蒜专业批发市场,,,山东,,农业农村部定点农产品批发市场,农业农村部定点市场,,,,序号: 310;市场名称: 山东省金乡大蒜专业批发市场;省级分组: 山东,0.98,按 PDF 两列表格抽取;原文件未提供详细地址和坐标。
rec_60b0bd6ab352b1e2,data/raw/moa_designated_wholesale_markets_2024.pdf,file_6a02aa5933cd197b,wholesale_market,11,1,25,农业农村部定点市场名单,2024-03-21,山东泰安市良庄北宋蔬菜批发市场开发服务中心,,,山东,,农业农村部定点农产品批发市场,农业农村部定点市场,,,,序号: 311;市场名称: 山东泰安市良庄北宋蔬菜批发市场开发服务中心;省级分组: 山东,0.98,按 PDF 两列表格抽取;原文件未提供详细地址和坐标。
rec_d72c4523a3ce5910,data/raw/moa_designated_wholesale_markets_2024.pdf,file_6a02aa5933cd197b,wholesale_market,11,1,26,农业农村部定点市场名单,2024-03-21,山东泰安市泰山红农产品有限公司(山东泰安泰山红西红柿专业批发市场),,,山东,,农业农村部定点农产品批发市场,农业农村部定点市场,,,,序号: 312;市场名称: 山东泰安市泰山红农产品有限公司(山东泰安泰山红西红柿专业批发市场);省级分组: 山东,0.98,按 PDF 两列表格抽取;原文件未提供详细地址和坐标。
rec_e161f3f206c6a9d6,data/raw/moa_designated_wholesale_markets_2024.pdf,file_6a02aa5933cd197b,wholesale_market,11,1,27,农业农村部定点市场名单,2024-03-21,山东威海市蔬菜有限公司农副产品批发市场管理分公司,,,山东,,农业农村部定点农产品批发市场,农业农村部定点市场,,,,序号: 313;市场名称: 山东威海市蔬菜有限公司农副产品批发市场管理分公司;省级分组: 山东,0.98,按 PDF 两列表格抽取;原文件未提供详细地址和坐标。
rec_0e1566bda738578d,data/raw/moa_designated_wholesale_markets_2024.pdf,file_6a02aa5933cd197b,wholesale_market,11,1,28,农业农村部定点市场名单,2024-03-21,山东石岛水产品中心批发市场有限公司,,,山东,,农业农村部定点农产品批发市场,农业农村部定点市场,,,,序号: 314;市场名称: 山东石岛水产品中心批发市场有限公司;省级分组: 山东,0.98,按 PDF 两列表格抽取;原文件未提供详细地址和坐标。
rec_99a9d7858b5499e7,data/raw/moa_designated_wholesale_markets_2024.pdf,file_6a02aa5933cd197b,wholesale_market,11,1,29,农业农村部定点市场名单,2024-03-21,山东威海水产品批发市场,,,山东,,农业农村部定点农产品批发市场,农业农村部定点市场,,,,序号: 315;市场名称: 山东威海水产品批发市场;省级分组: 山东,0.98,按 PDF 两列表格抽取;原文件未提供详细地址和坐标。
rec_2c35c9357751bd55,data/raw/moa_designated_wholesale_markets_2024.pdf,file_6a02aa5933cd197b,wholesale_market,11,1,30,农业农村部定点市场名单,2024-03-21,山东日照市岚山兴海鲜活水产品批发有限公司,,,山东,,农业农村部定点农产品批发市场,农业农村部定点市场,,,,序号: 316;市场名称: 山东日照市岚山兴海鲜活水产品批发有限公司;省级分组: 山东,0.98,按 PDF 两列表格抽取;原文件未提供详细地址和坐标。
rec_a92ef39ccfd835ca,data/raw/moa_designated_wholesale_markets_2024.pdf,file_6a02aa5933cd197b,wholesale_market,11,1,31,农业农村部定点市场名单,2024-03-21,山东鲁南蔬菜产业有限公司(山东兰陵县鲁南蔬菜批发市场),,,山东,,农业农村部定点农产品批发市场,农业农村部定点市场,,,,序号: 317;市场名称: 山东鲁南蔬菜产业有限公司(山东兰陵县鲁南蔬菜批发市场);省级分组: 山东,0.98,按 PDF 两列表格抽取;原文件未提供详细地址和坐标。
rec_d971c2f6392e1811,data/raw/moa_designated_wholesale_markets_2024.pdf,file_6a02aa5933cd197b,wholesale_market,11,1,32,农业农村部定点市场名单,2024-03-21,山东黑马农副产品批发市场,,,山东,,农业农村部定点农产品批发市场,农业农村部定点市场,,,,序号: 318;市场名称: 山东黑马农副产品批发市场;省级分组: 山东,0.98,按 PDF 两列表格抽取;原文件未提供详细地址和坐标。
rec_5b880df805227d6a,data/raw/moa_designated_wholesale_markets_2024.pdf,file_6a02aa5933cd197b,wholesale_market,12,1,1,农业农村部定点市场名单,2024-03-21,山东平原蔬菜果品批发市场,,,山东,,农业农村部定点农产品批发市场,农业农村部定点市场,,,,序号: 319;市场名称: 山东平原蔬菜果品批发市场;省级分组: 山东,0.98,按 PDF 两列表格抽取;原文件未提供详细地址和坐标。
rec_0a92c8a57cce4264,data/raw/moa_designated_wholesale_markets_2024.pdf,file_6a02aa5933cd197b,wholesale_market,12,1,2,农业农村部定点市场名单,2024-03-21,山东金乡凯盛国际农产品物流园,,,山东,,农业农村部定点农产品批发市场,农业农村部定点市场,,,,序号: 320;市场名称: 山东金乡凯盛国际农产品物流园;省级分组: 山东,0.98,按 PDF 两列表格抽取;原文件未提供详细地址和坐标。
rec_f2a8ee181314749e,data/raw/moa_designated_wholesale_markets_2024.pdf,file_6a02aa5933cd197b,wholesale_market,12,1,3,农业农村部定点市场名单,2024-03-21,山东宁津县东崔蔬菜产销专业合作社(山东宁津县东崔蔬菜批发市场),,,山东,,农业农村部定点农产品批发市场,农业农村部定点市场,,,,序号: 321;市场名称: 山东宁津县东崔蔬菜产销专业合作社(山东宁津县东崔蔬菜批发市场);省级分组: 山东,0.98,按 PDF 两列表格抽取;原文件未提供详细地址和坐标。
rec_99d461ffb5b6a2fc,data/raw/moa_designated_wholesale_markets_2024.pdf,file_6a02aa5933cd197b,wholesale_market,12,1,4,农业农村部定点市场名单,2024-03-21,山东周公河蔬菜批发市场,,,山东,,农业农村部定点农产品批发市场,农业农村部定点市场,,,,序号: 322;市场名称: 山东周公河蔬菜批发市场;省级分组: 山东,0.98,按 PDF 两列表格抽取;原文件未提供详细地址和坐标。
rec_4e6ebf954e982eff,data/raw/moa_designated_wholesale_markets_2024.pdf,file_6a02aa5933cd197b,wholesale_market,12,1,5,农业农村部定点市场名单,2024-03-21,山东滨州市六街商贸总公司(山东滨州鲁北(六街)蔬菜批发市场),,,山东,,农业农村部定点农产品批发市场,农业农村部定点市场,,,,序号: 323;市场名称: 山东滨州市六街商贸总公司(山东滨州鲁北(六街)蔬菜批发市场);省级分组: 山东,0.98,按 PDF 两列表格抽取;原文件未提供详细地址和坐标。
rec_d3ce233ccbbd1556,data/raw/moa_designated_wholesale_markets_2024.pdf,file_6a02aa5933cd197b,wholesale_market,12,1,6,农业农村部定点市场名单,2024-03-21,山东沾化区王尔庄海蜇批发市场,,,山东,,农业农村部定点农产品批发市场,农业农村部定点市场,,,,序号: 324;市场名称: 山东沾化区王尔庄海蜇批发市场;省级分组: 山东,0.98,按 PDF 两列表格抽取;原文件未提供详细地址和坐标。
rec_bda721697ec3c06a,data/raw/moa_designated_wholesale_markets_2024.pdf,file_6a02aa5933cd197b,wholesale_market,12,1,7,农业农村部定点市场名单,2024-03-21,山东惠民蔬菜大市场,,,山东,,农业农村部定点农产品批发市场,农业农村部定点市场,,,,序号: 325;市场名称: 山东惠民蔬菜大市场;省级分组: 山东,0.98,按 PDF 两列表格抽取;原文件未提供详细地址和坐标。
rec_a4be3d79664afda6,data/raw/moa_designated_wholesale_markets_2024.pdf,file_6a02aa5933cd197b,wholesale_market,12,1,8,农业农村部定点市场名单,2024-03-21,山东定陶区黄店镇万家蔬菜交易市场,,,山东,,农业农村部定点农产品批发市场,农业农村部定点市场,,,,序号: 326;市场名称: 山东定陶区黄店镇万家蔬菜交易市场;省级分组: 山东,0.98,按 PDF 两列表格抽取;原文件未提供详细地址和坐标。
rec_2e3abf7987c96643,data/raw/moa_designated_wholesale_markets_2024.pdf,file_6a02aa5933cd197b,wholesale_market,12,1,9,农业农村部定点市场名单,2024-03-21,山东微山新农商市场有限公司,,,山东,,农业农村部定点农产品批发市场,农业农村部定点市场,,,,序号: 327;市场名称: 山东微山新农商市场有限公司;省级分组: 山东,0.98,按 PDF 两列表格抽取;原文件未提供详细地址和坐标。
rec_b3c03a190ba0615e,data/raw/moa_designated_wholesale_markets_2024.pdf,file_6a02aa5933cd197b,wholesale_market,12,1,10,农业农村部定点市场名单,2024-03-21,山东莘县十八里铺蔬菜购销服务中心,,,山东,,农业农村部定点农产品批发市场,农业农村部定点市场,,,,序号: 328;市场名称: 山东莘县十八里铺蔬菜购销服务中心;省级分组: 山东,0.98,按 PDF 两列表格抽取;原文件未提供详细地址和坐标。
rec_8a14f99a22148377,data/raw/moa_designated_wholesale_markets_2024.pdf,file_6a02aa5933cd197b,wholesale_market,12,1,11,农业农村部定点市场名单,2024-03-21,山东菏泽农产品物流中心,,,山东,,农业农村部定点农产品批发市场,农业农村部定点市场,,,,序号: 329;市场名称: 山东菏泽农产品物流中心;省级分组: 山东,0.98,按 PDF 两列表格抽取;原文件未提供详细地址和坐标。
rec_51cc005f38a2d454,data/raw/moa_designated_wholesale_markets_2024.pdf,file_6a02aa5933cd197b,wholesale_market,12,1,12,农业农村部定点市场名单,2024-03-21,山东喜地农产品批发市场,,,山东,,农业农村部定点农产品批发市场,农业农村部定点市场,,,,序号: 330;市场名称: 山东喜地农产品批发市场;省级分组: 山东,0.98,按 PDF 两列表格抽取;原文件未提供详细地址和坐标。
rec_097caacbbd9499b8,data/raw/moa_designated_wholesale_markets_2024.pdf,file_6a02aa5933cd197b,wholesale_market,12,1,13,农业农村部定点市场名单,2024-03-21,山东肥城鲁中桃源农产品有限公司(山东肥城鲁中桃源土豆大白菜批发市场),,,山东,,农业农村部定点农产品批发市场,农业农村部定点市场,,,,序号: 331;市场名称: 山东肥城鲁中桃源农产品有限公司(山东肥城鲁中桃源土豆大白菜批发市场);省级分组: 山东,0.98,按 PDF 两列表格抽取;原文件未提供详细地址和坐标。
rec_79fe2afd83d855b1,data/raw/moa_designated_wholesale_markets_2024.pdf,file_6a02aa5933cd197b,wholesale_market,12,1,14,农业农村部定点市场名单,2024-03-21,山东青岛黄河路市场经营服务有限责任公司,,,山东,,农业农村部定点农产品批发市场,农业农村部定点市场,,,,序号: 332;市场名称: 山东青岛黄河路市场经营服务有限责任公司;省级分组: 山东,0.98,按 PDF 两列表格抽取;原文件未提供详细地址和坐标。
rec_50e64a7a6a19a841,data/raw/moa_designated_wholesale_markets_2024.pdf,file_6a02aa5933cd197b,wholesale_market,12,1,15,农业农村部定点市场名单,2024-03-21,山东济南海鲜大市场,,,山东,,农业农村部定点农产品批发市场,农业农村部定点市场,,,,序号: 333;市场名称: 山东济南海鲜大市场;省级分组: 山东,0.98,按 PDF 两列表格抽取;原文件未提供详细地址和坐标。
rec_d3f7e2a5eceb2e99,data/raw/moa_designated_wholesale_markets_2024.pdf,file_6a02aa5933cd197b,wholesale_market,12,1,16,农业农村部定点市场名单,2024-03-21,山东莱州市吕村大姜批发市场管理有限公司,,,山东,,农业农村部定点农产品批发市场,农业农村部定点市场,,,,序号: 334;市场名称: 山东莱州市吕村大姜批发市场管理有限公司;省级分组: 山东,0.98,按 PDF 两列表格抽取;原文件未提供详细地址和坐标。
rec_c4eab49a1ff8d8ea,data/raw/moa_designated_wholesale_markets_2024.pdf,file_6a02aa5933cd197b,wholesale_market,12,1,17,农业农村部定点市场名单,2024-03-21,山东安丘市盛大农产品交易市场有限公司,,,山东,,农业农村部定点农产品批发市场,农业农村部定点市场,,,,序号: 335;市场名称: 山东安丘市盛大农产品交易市场有限公司;省级分组: 山东,0.98,按 PDF 两列表格抽取;原文件未提供详细地址和坐标。
rec_ff7707e5b10438a4,data/raw/moa_designated_wholesale_markets_2024.pdf,file_6a02aa5933cd197b,wholesale_market,12,1,18,农业农村部定点市场名单,2024-03-21,山东潍坊亿家安农贸批发市场有限公司,,,山东,,农业农村部定点农产品批发市场,农业农村部定点市场,,,,序号: 336;市场名称: 山东潍坊亿家安农贸批发市场有限公司;省级分组: 山东,0.98,按 PDF 两列表格抽取;原文件未提供详细地址和坐标。
rec_1fb4148166f5ebe0,data/raw/moa_designated_wholesale_markets_2024.pdf,file_6a02aa5933cd197b,wholesale_market,12,1,19,农业农村部定点市场名单,2024-03-21,山东昌邑琨福大姜蔬菜批发市场,,,山东,,农业农村部定点农产品批发市场,农业农村部定点市场,,,,序号: 337;市场名称: 山东昌邑琨福大姜蔬菜批发市场;省级分组: 山东,0.98,按 PDF 两列表格抽取;原文件未提供详细地址和坐标。
rec_a7e9bf9a178c5817,data/raw/moa_designated_wholesale_markets_2024.pdf,file_6a02aa5933cd197b,wholesale_market,12,1,20,农业农村部定点市场名单,2024-03-21,中国武城辣椒城,,,山东,,农业农村部定点农产品批发市场,农业农村部定点市场,,,,序号: 338;市场名称: 中国武城辣椒城;省级分组: 山东,0.98,按 PDF 两列表格抽取;原文件未提供详细地址和坐标。
rec_52beb7082622f6a7,data/raw/moa_designated_wholesale_markets_2024.pdf,file_6a02aa5933cd197b,wholesale_market,12,1,21,农业农村部定点市场名单,2024-03-21,山东青州天禄农业发展股份有限公司(山东青州市天禄农业蔬菜交易市场),,,山东,,农业农村部定点农产品批发市场,农业农村部定点市场,,,,序号: 339;市场名称: 山东青州天禄农业发展股份有限公司(山东青州市天禄农业蔬菜交易市场);省级分组: 山东,0.98,按 PDF 两列表格抽取;原文件未提供详细地址和坐标。
rec_236f7ab294b8caa5,data/raw/moa_designated_wholesale_markets_2024.pdf,file_6a02aa5933cd197b,wholesale_market,12,1,22,农业农村部定点市场名单,2024-03-21,山东青州市佳腾瓜菜购销服务中心,,,山东,,农业农村部定点农产品批发市场,农业农村部定点市场,,,,序号: 340;市场名称: 山东青州市佳腾瓜菜购销服务中心;省级分组: 山东,0.98,按 PDF 两列表格抽取;原文件未提供详细地址和坐标。
rec_6d6352575cc2d8be,data/raw/moa_designated_wholesale_markets_2024.pdf,file_6a02aa5933cd197b,wholesale_market,12,1,23,农业农村部定点市场名单,2024-03-21,山东兰陵县公益性农产品批发市场,,,山东,,农业农村部定点农产品批发市场,农业农村部定点市场,,,,序号: 341;市场名称: 山东兰陵县公益性农产品批发市场;省级分组: 山东,0.98,按 PDF 两列表格抽取;原文件未提供详细地址和坐标。
rec_972e972316e43fd2,data/raw/moa_designated_wholesale_markets_2024.pdf,file_6a02aa5933cd197b,wholesale_market,12,1,24,农业农村部定点市场名单,2024-03-21,山东省临沂市费县自由市场开发有限公司,,,山东,,农业农村部定点农产品批发市场,农业农村部定点市场,,,,序号: 342;市场名称: 山东省临沂市费县自由市场开发有限公司;省级分组: 山东,0.98,按 PDF 两列表格抽取;原文件未提供详细地址和坐标。
rec_e19b2ba0e7d45b42,data/raw/moa_designated_wholesale_markets_2024.pdf,file_6a02aa5933cd197b,wholesale_market,12,1,25,农业农村部定点市场名单,2024-03-21,新腾(山东)供应链科技有限公司(山东沂南县北于蔬菜交易市场),,,山东,,农业农村部定点农产品批发市场,农业农村部定点市场,,,,序号: 343;市场名称: 新腾(山东)供应链科技有限公司(山东沂南县北于蔬菜交易市场);省级分组: 山东,0.98,按 PDF 两列表格抽取;原文件未提供详细地址和坐标。
rec_c62d16875e502b71,data/raw/moa_designated_wholesale_markets_2024.pdf,file_6a02aa5933cd197b,wholesale_market,12,1,26,农业农村部定点市场名单,2024-03-21,山东省沾化鲁北海产品有限公司(山东滨州鲁北水产品批发大市场),,,山东,,农业农村部定点农产品批发市场,农业农村部定点市场,,,,序号: 344;市场名称: 山东省沾化鲁北海产品有限公司(山东滨州鲁北水产品批发大市场);省级分组: 山东,0.98,按 PDF 两列表格抽取;原文件未提供详细地址和坐标。
rec_3c27cfca25d6d808,data/raw/moa_designated_wholesale_markets_2024.pdf,file_6a02aa5933cd197b,wholesale_market,12,1,27,农业农村部定点市场名单,2024-03-21,山东康巨农产品商贸有限公司(山东巨野县康巨农产品批发市场),,,山东,,农业农村部定点农产品批发市场,农业农村部定点市场,,,,序号: 345;市场名称: 山东康巨农产品商贸有限公司(山东巨野县康巨农产品批发市场);省级分组: 山东,0.98,按 PDF 两列表格抽取;原文件未提供详细地址和坐标。
rec_33cfd0f0f34195f9,data/raw/moa_designated_wholesale_markets_2024.pdf,file_6a02aa5933cd197b,wholesale_market,12,1,28,农业农村部定点市场名单,2024-03-21,山东日照新发地农副产品批发市场,,,山东,,农业农村部定点农产品批发市场,农业农村部定点市场,,,,序号: 346;市场名称: 山东日照新发地农副产品批发市场;省级分组: 山东,0.98,按 PDF 两列表格抽取;原文件未提供详细地址和坐标。
rec_8986a2d51b1cc5a6,data/raw/moa_designated_wholesale_markets_2024.pdf,file_6a02aa5933cd197b,wholesale_market,12,1,29,农业农村部定点市场名单,2024-03-21,山东烟台顺泰植保张格庄大樱桃市场,,,山东,,农业农村部定点农产品批发市场,农业农村部定点市场,,,,序号: 347;市场名称: 山东烟台顺泰植保张格庄大樱桃市场;省级分组: 山东,0.98,按 PDF 两列表格抽取;原文件未提供详细地址和坐标。
rec_1aeaa6fb54f00b19,data/raw/moa_designated_wholesale_markets_2024.pdf,file_6a02aa5933cd197b,wholesale_market,12,1,31,农业农村部定点市场名单,2024-03-21,河南郑州万邦调味品有限公司(河南郑州万邦粮油调味品干果市场),,,河南,,农业农村部定点农产品批发市场,农业农村部定点市场,,,,序号: 348;市场名称: 河南郑州万邦调味品有限公司(河南郑州万邦粮油调味品干果市场);省级分组: 河南,0.98,按 PDF 两列表格抽取;原文件未提供详细地址和坐标。
rec_b95e6f395fc8da97,data/raw/moa_designated_wholesale_markets_2024.pdf,file_6a02aa5933cd197b,wholesale_market,12,1,32,农业农村部定点市场名单,2024-03-21,河南新乡市宇鑫农贸有限公司综合批发市场,,,河南,,农业农村部定点农产品批发市场,农业农村部定点市场,,,,序号: 349;市场名称: 河南新乡市宇鑫农贸有限公司综合批发市场;省级分组: 河南,0.98,按 PDF 两列表格抽取;原文件未提供详细地址和坐标。
rec_dabdb54a9895eda1,data/raw/moa_designated_wholesale_markets_2024.pdf,file_6a02aa5933cd197b,wholesale_market,13,1,1,农业农村部定点市场名单,2024-03-21,河南省金土地农产品流通市场有限公司,,,河南,,农业农村部定点农产品批发市场,农业农村部定点市场,,,,序号: 350;市场名称: 河南省金土地农产品流通市场有限公司;省级分组: 河南,0.98,按 PDF 两列表格抽取;原文件未提供详细地址和坐标。
rec_e7944e4714b26d15,data/raw/moa_designated_wholesale_markets_2024.pdf,file_6a02aa5933cd197b,wholesale_market,13,1,2,农业农村部定点市场名单,2024-03-21,河南许昌市群发实业有限公司(河南许昌群发农产品批发市场),,,河南,,农业农村部定点农产品批发市场,农业农村部定点市场,,,,序号: 351;市场名称: 河南许昌市群发实业有限公司(河南许昌群发农产品批发市场);省级分组: 河南,0.98,按 PDF 两列表格抽取;原文件未提供详细地址和坐标。
rec_3028dde97ca7ccfa,data/raw/moa_designated_wholesale_markets_2024.pdf,file_6a02aa5933cd197b,wholesale_market,13,1,3,农业农村部定点市场名单,2024-03-21,河南金河批发市场,,,河南,,农业农村部定点农产品批发市场,农业农村部定点市场,,,,序号: 352;市场名称: 河南金河批发市场;省级分组: 河南,0.98,按 PDF 两列表格抽取;原文件未提供详细地址和坐标。
rec_71737766332f300f,data/raw/moa_designated_wholesale_markets_2024.pdf,file_6a02aa5933cd197b,wholesale_market,13,1,4,农业农村部定点市场名单,2024-03-21,河南丁河镇食用菌批发市场,,,河南,,农业农村部定点农产品批发市场,农业农村部定点市场,,,,序号: 353;市场名称: 河南丁河镇食用菌批发市场;省级分组: 河南,0.98,按 PDF 两列表格抽取;原文件未提供详细地址和坐标。
rec_8687e5a296357975,data/raw/moa_designated_wholesale_markets_2024.pdf,file_6a02aa5933cd197b,wholesale_market,13,1,5,农业农村部定点市场名单,2024-03-21,河南南阳果品批发交易中心,,,河南,,农业农村部定点农产品批发市场,农业农村部定点市场,,,,序号: 354;市场名称: 河南南阳果品批发交易中心;省级分组: 河南,0.98,按 PDF 两列表格抽取;原文件未提供详细地址和坐标。
rec_ad8d98d9157cc455,data/raw/moa_designated_wholesale_markets_2024.pdf,file_6a02aa5933cd197b,wholesale_market,13,1,6,农业农村部定点市场名单,2024-03-21,河南双龙镇香菇批发市场,,,河南,,农业农村部定点农产品批发市场,农业农村部定点市场,,,,序号: 355;市场名称: 河南双龙镇香菇批发市场;省级分组: 河南,0.98,按 PDF 两列表格抽取;原文件未提供详细地址和坐标。
rec_6de0b27a40ebc946,data/raw/moa_designated_wholesale_markets_2024.pdf,file_6a02aa5933cd197b,wholesale_market,13,1,7,农业农村部定点市场名单,2024-03-21,河南省新野新蔬菜有限责任公司(河南新野蔬菜批发市场),,,河南,,农业农村部定点农产品批发市场,农业农村部定点市场,,,,序号: 356;市场名称: 河南省新野新蔬菜有限责任公司(河南新野蔬菜批发市场);省级分组: 河南,0.98,按 PDF 两列表格抽取;原文件未提供详细地址和坐标。
rec_5ec7dbd570f9a8d4,data/raw/moa_designated_wholesale_markets_2024.pdf,file_6a02aa5933cd197b,wholesale_market,13,1,8,农业农村部定点市场名单,2024-03-21,河南源潭辣椒城,,,河南,,农业农村部定点农产品批发市场,农业农村部定点市场,,,,序号: 357;市场名称: 河南源潭辣椒城;省级分组: 河南,0.98,按 PDF 两列表格抽取;原文件未提供详细地址和坐标。
rec_f56b6f2d29f2f075,data/raw/moa_designated_wholesale_markets_2024.pdf,file_6a02aa5933cd197b,wholesale_market,13,1,9,农业农村部定点市场名单,2024-03-21,河南商丘农产品中心批发市场,,,河南,,农业农村部定点农产品批发市场,农业农村部定点市场,,,,序号: 358;市场名称: 河南商丘农产品中心批发市场;省级分组: 河南,0.98,按 PDF 两列表格抽取;原文件未提供详细地址和坐标。
rec_2f84c938a26b48a8,data/raw/moa_designated_wholesale_markets_2024.pdf,file_6a02aa5933cd197b,wholesale_market,13,1,10,农业农村部定点市场名单,2024-03-21,河南济源市南街集贸中心,,,河南,,农业农村部定点农产品批发市场,农业农村部定点市场,,,,序号: 359;市场名称: 河南济源市南街集贸中心;省级分组: 河南,0.98,按 PDF 两列表格抽取;原文件未提供详细地址和坐标。
rec_4522b36eff46ee21,data/raw/moa_designated_wholesale_markets_2024.pdf,file_6a02aa5933cd197b,wholesale_market,13,1,11,农业农村部定点市场名单,2024-03-21,河南济源市亚桥农产品有限责任公司(河南济源亚桥农贸市场),,,河南,,农业农村部定点农产品批发市场,农业农村部定点市场,,,,序号: 360;市场名称: 河南济源市亚桥农产品有限责任公司(河南济源亚桥农贸市场);省级分组: 河南,0.98,按 PDF 两列表格抽取;原文件未提供详细地址和坐标。
rec_badad634e7fc88a0,data/raw/moa_designated_wholesale_markets_2024.pdf,file_6a02aa5933cd197b,wholesale_market,13,1,12,农业农村部定点市场名单,2024-03-21,河南黄淮农产品股份有限公司(河南周口市黄淮物流港农产品批发市场),,,河南,,农业农村部定点农产品批发市场,农业农村部定点市场,,,,序号: 361;市场名称: 河南黄淮农产品股份有限公司(河南周口市黄淮物流港农产品批发市场);省级分组: 河南,0.98,按 PDF 两列表格抽取;原文件未提供详细地址和坐标。
rec_62affbcdb74594ed,data/raw/moa_designated_wholesale_markets_2024.pdf,file_6a02aa5933cd197b,wholesale_market,13,1,13,农业农村部定点市场名单,2024-03-21,河南新乡市牧绿菜业股份有限公司(河南新乡市牧绿菜业批发市场),,,河南,,农业农村部定点农产品批发市场,农业农村部定点市场,,,,序号: 362;市场名称: 河南新乡市牧绿菜业股份有限公司(河南新乡市牧绿菜业批发市场);省级分组: 河南,0.98,按 PDF 两列表格抽取;原文件未提供详细地址和坐标。
rec_9c297a9091155bf3,data/raw/moa_designated_wholesale_markets_2024.pdf,file_6a02aa5933cd197b,wholesale_market,13,1,14,农业农村部定点市场名单,2024-03-21,河南中原四季水产物流港,,,河南,,农业农村部定点农产品批发市场,农业农村部定点市场,,,,序号: 363;市场名称: 河南中原四季水产物流港;省级分组: 河南,0.98,按 PDF 两列表格抽取;原文件未提供详细地址和坐标。
rec_47fbb270b67a7e8a,data/raw/moa_designated_wholesale_markets_2024.pdf,file_6a02aa5933cd197b,wholesale_market,13,1,15,农业农村部定点市场名单,2024-03-21,河南鹤壁市四季青农产品批发市场,,,河南,,农业农村部定点农产品批发市场,农业农村部定点市场,,,,序号: 364;市场名称: 河南鹤壁市四季青农产品批发市场;省级分组: 河南,0.98,按 PDF 两列表格抽取;原文件未提供详细地址和坐标。
rec_d2e9c358614a38cc,data/raw/moa_designated_wholesale_markets_2024.pdf,file_6a02aa5933cd197b,wholesale_market,13,1,16,农业农村部定点市场名单,2024-03-21,河南万邦水产冻品物流有限公司(河南万邦水产冻品海鲜市场),,,河南,,农业农村部定点农产品批发市场,农业农村部定点市场,,,,序号: 365;市场名称: 河南万邦水产冻品物流有限公司(河南万邦水产冻品海鲜市场);省级分组: 河南,0.98,按 PDF 两列表格抽取;原文件未提供详细地址和坐标。
rec_4368e4ab8159e07f,data/raw/moa_designated_wholesale_markets_2024.pdf,file_6a02aa5933cd197b,wholesale_market,13,1,17,农业农村部定点市场名单,2024-03-21,河南万邦国际农产品物流股份有限公司(河南万邦果蔬市场),,,河南,,农业农村部定点农产品批发市场,农业农村部定点市场,,,,序号: 366;市场名称: 河南万邦国际农产品物流股份有限公司(河南万邦果蔬市场);省级分组: 河南,0.98,按 PDF 两列表格抽取;原文件未提供详细地址和坐标。
rec_a75fd26ab2890676,data/raw/moa_designated_wholesale_markets_2024.pdf,file_6a02aa5933cd197b,wholesale_market,13,1,18,农业农村部定点市场名单,2024-03-21,河南许昌鲜之达农产品物流有限公司(河南中原国际农产品物流港),,,河南,,农业农村部定点农产品批发市场,农业农村部定点市场,,,,序号: 367;市场名称: 河南许昌鲜之达农产品物流有限公司(河南中原国际农产品物流港);省级分组: 河南,0.98,按 PDF 两列表格抽取;原文件未提供详细地址和坐标。
rec_e89a74ad8ff63439,data/raw/moa_designated_wholesale_markets_2024.pdf,file_6a02aa5933cd197b,wholesale_market,13,1,19,农业农村部定点市场名单,2024-03-21,河南濮阳宏进农副产品批发市场有限公司,,,河南,,农业农村部定点农产品批发市场,农业农村部定点市场,,,,序号: 368;市场名称: 河南濮阳宏进农副产品批发市场有限公司;省级分组: 河南,0.98,按 PDF 两列表格抽取;原文件未提供详细地址和坐标。
rec_1fd99f86619fc96b,data/raw/moa_designated_wholesale_markets_2024.pdf,file_6a02aa5933cd197b,wholesale_market,13,1,20,农业农村部定点市场名单,2024-03-21,河南内黄果蔬城农产品交易市场,,,河南,,农业农村部定点农产品批发市场,农业农村部定点市场,,,,序号: 369;市场名称: 河南内黄果蔬城农产品交易市场;省级分组: 河南,0.98,按 PDF 两列表格抽取;原文件未提供详细地址和坐标。
rec_f55bd0d623191577,data/raw/moa_designated_wholesale_markets_2024.pdf,file_6a02aa5933cd197b,wholesale_market,13,1,21,农业农村部定点市场名单,2024-03-21,河南南阳中商农产品批发市场开发有限公司,,,河南,,农业农村部定点农产品批发市场,农业农村部定点市场,,,,序号: 370;市场名称: 河南南阳中商农产品批发市场开发有限公司;省级分组: 河南,0.98,按 PDF 两列表格抽取;原文件未提供详细地址和坐标。
rec_cdea89ef72fb4d6c,data/raw/moa_designated_wholesale_markets_2024.pdf,file_6a02aa5933cd197b,wholesale_market,13,1,22,农业农村部定点市场名单,2024-03-21,河南金牛大别山农产品现代物流中心,,,河南,,农业农村部定点农产品批发市场,农业农村部定点市场,,,,序号: 371;市场名称: 河南金牛大别山农产品现代物流中心;省级分组: 河南,0.98,按 PDF 两列表格抽取;原文件未提供详细地址和坐标。
rec_223366df1f6e1fa6,data/raw/moa_designated_wholesale_markets_2024.pdf,file_6a02aa5933cd197b,wholesale_market,13,1,23,农业农村部定点市场名单,2024-03-21,河南万邦濮阳国际农产品批发市场,,,河南,,农业农村部定点农产品批发市场,农业农村部定点市场,,,,序号: 372;市场名称: 河南万邦濮阳国际农产品批发市场;省级分组: 河南,0.98,按 PDF 两列表格抽取;原文件未提供详细地址和坐标。
rec_7ab8798414306ad2,data/raw/moa_designated_wholesale_markets_2024.pdf,file_6a02aa5933cd197b,wholesale_market,13,1,24,农业农村部定点市场名单,2024-03-21,河南驻马店市众信农副产品综合批发市场有限公司,,,河南,,农业农村部定点农产品批发市场,农业农村部定点市场,,,,序号: 373;市场名称: 河南驻马店市众信农副产品综合批发市场有限公司;省级分组: 河南,0.98,按 PDF 两列表格抽取;原文件未提供详细地址和坐标。
rec_384bfa0b4e4d7b13,data/raw/moa_designated_wholesale_markets_2024.pdf,file_6a02aa5933cd197b,wholesale_market,13,1,25,农业农村部定点市场名单,2024-03-21,河南漯河伊诺中原农产品交易市场,,,河南,,农业农村部定点农产品批发市场,农业农村部定点市场,,,,序号: 374;市场名称: 河南漯河伊诺中原农产品交易市场;省级分组: 河南,0.98,按 PDF 两列表格抽取;原文件未提供详细地址和坐标。
rec_75d461249722d4ef,data/raw/moa_designated_wholesale_markets_2024.pdf,file_6a02aa5933cd197b,wholesale_market,13,1,26,农业农村部定点市场名单,2024-03-21,河南杞县大蒜国际交易市场,,,河南,,农业农村部定点农产品批发市场,农业农村部定点市场,,,,序号: 375;市场名称: 河南杞县大蒜国际交易市场;省级分组: 河南,0.98,按 PDF 两列表格抽取;原文件未提供详细地址和坐标。
rec_fd6ca86aba1c9ebe,data/raw/moa_designated_wholesale_markets_2024.pdf,file_6a02aa5933cd197b,wholesale_market,13,1,28,农业农村部定点市场名单,2024-03-21,湖北武汉白沙洲农副产品大市场有限公司,,,湖北,,农业农村部定点农产品批发市场,农业农村部定点市场,,,,序号: 376;市场名称: 湖北武汉白沙洲农副产品大市场有限公司;省级分组: 湖北,0.98,按 PDF 两列表格抽取;原文件未提供详细地址和坐标。
rec_961ba5d22c0a6f9d,data/raw/moa_designated_wholesale_markets_2024.pdf,file_6a02aa5933cd197b,wholesale_market,13,1,29,农业农村部定点市场名单,2024-03-21,湖北新华南国际农贸产业园,,,湖北,,农业农村部定点农产品批发市场,农业农村部定点市场,,,,序号: 377;市场名称: 湖北新华南国际农贸产业园;省级分组: 湖北,0.98,按 PDF 两列表格抽取;原文件未提供详细地址和坐标。
rec_bb6ff38012e7c11a,data/raw/moa_designated_wholesale_markets_2024.pdf,file_6a02aa5933cd197b,wholesale_market,13,1,30,农业农村部定点市场名单,2024-03-21,湖北黄石市新港商贸发展有限公司农产品批发市场,,,湖北,,农业农村部定点农产品批发市场,农业农村部定点市场,,,,序号: 378;市场名称: 湖北黄石市新港商贸发展有限公司农产品批发市场;省级分组: 湖北,0.98,按 PDF 两列表格抽取;原文件未提供详细地址和坐标。
rec_fcee5c02e4949e9b,data/raw/moa_designated_wholesale_markets_2024.pdf,file_6a02aa5933cd197b,wholesale_market,13,1,31,农业农村部定点市场名单,2024-03-21,湖北襄阳竹叶山农产品交易中心,,,湖北,,农业农村部定点农产品批发市场,农业农村部定点市场,,,,序号: 379;市场名称: 湖北襄阳竹叶山农产品交易中心;省级分组: 湖北,0.98,按 PDF 两列表格抽取;原文件未提供详细地址和坐标。
rec_70e867ae69f2bed6,data/raw/moa_designated_wholesale_markets_2024.pdf,file_6a02aa5933cd197b,wholesale_market,13,1,32,农业农村部定点市场名单,2024-03-21,湖北两湖平原农产品交易物流中心(湖北两湖绿谷农产品批发市场),,,湖北,,农业农村部定点农产品批发市场,农业农村部定点市场,,,,序号: 380;市场名称: 湖北两湖平原农产品交易物流中心(湖北两湖绿谷农产品批发市场);省级分组: 湖北,0.98,按 PDF 两列表格抽取;原文件未提供详细地址和坐标。
rec_dd53972e2854eaf7,data/raw/moa_designated_wholesale_markets_2024.pdf,file_6a02aa5933cd197b,wholesale_market,13,1,33,农业农村部定点市场名单,2024-03-21,湖北荆州市楚丰农产品大市场有限公司,,,湖北,,农业农村部定点农产品批发市场,农业农村部定点市场,,,,序号: 381;市场名称: 湖北荆州市楚丰农产品大市场有限公司;省级分组: 湖北,0.98,按 PDF 两列表格抽取;原文件未提供详细地址和坐标。
rec_10a24ec8d2ad1698,data/raw/moa_designated_wholesale_markets_2024.pdf,file_6a02aa5933cd197b,wholesale_market,14,1,1,农业农村部定点市场名单,2024-03-21,湖北洪湖市农友农贸市场有限公司,,,湖北,,农业农村部定点农产品批发市场,农业农村部定点市场,,,,序号: 382;市场名称: 湖北洪湖市农友农贸市场有限公司;省级分组: 湖北,0.98,按 PDF 两列表格抽取;原文件未提供详细地址和坐标。
rec_9c7d171b5732fd73,data/raw/moa_designated_wholesale_markets_2024.pdf,file_6a02aa5933cd197b,wholesale_market,14,1,2,农业农村部定点市场名单,2024-03-21,湖北洪湖市闽洪水产品原产地批发交易市场,,,湖北,,农业农村部定点农产品批发市场,农业农村部定点市场,,,,序号: 383;市场名称: 湖北洪湖市闽洪水产品原产地批发交易市场;省级分组: 湖北,0.98,按 PDF 两列表格抽取;原文件未提供详细地址和坐标。
rec_c2414bc7a7b0b8b9,data/raw/moa_designated_wholesale_markets_2024.pdf,file_6a02aa5933cd197b,wholesale_market,14,1,3,农业农村部定点市场名单,2024-03-21,湖北聚四海水产品批发市场,,,湖北,,农业农村部定点农产品批发市场,农业农村部定点市场,,,,序号: 384;市场名称: 湖北聚四海水产品批发市场;省级分组: 湖北,0.98,按 PDF 两列表格抽取;原文件未提供详细地址和坐标。
rec_04038494ef5a6575,data/raw/moa_designated_wholesale_markets_2024.pdf,file_6a02aa5933cd197b,wholesale_market,14,1,4,农业农村部定点市场名单,2024-03-21,湖北鄂州市蟠龙农产品批发市场有限公司,,,湖北,,农业农村部定点农产品批发市场,农业农村部定点市场,,,,序号: 385;市场名称: 湖北鄂州市蟠龙农产品批发市场有限公司;省级分组: 湖北,0.98,按 PDF 两列表格抽取;原文件未提供详细地址和坐标。
rec_080ead5170a4d5a5,data/raw/moa_designated_wholesale_markets_2024.pdf,file_6a02aa5933cd197b,wholesale_market,14,1,5,农业农村部定点市场名单,2024-03-21,湖北浠水城北农产品批发市场,,,湖北,,农业农村部定点农产品批发市场,农业农村部定点市场,,,,序号: 386;市场名称: 湖北浠水城北农产品批发市场;省级分组: 湖北,0.98,按 PDF 两列表格抽取;原文件未提供详细地址和坐标。
rec_dde0b016092bffd7,data/raw/moa_designated_wholesale_markets_2024.pdf,file_6a02aa5933cd197b,wholesale_market,14,1,6,农业农村部定点市场名单,2024-03-21,湖北天门供销华西农商城有限公司,,,湖北,,农业农村部定点农产品批发市场,农业农村部定点市场,,,,序号: 387;市场名称: 湖北天门供销华西农商城有限公司;省级分组: 湖北,0.98,按 PDF 两列表格抽取;原文件未提供详细地址和坐标。
rec_e908074d4b051a0d,data/raw/moa_designated_wholesale_markets_2024.pdf,file_6a02aa5933cd197b,wholesale_market,14,1,7,农业农村部定点市场名单,2024-03-21,湖北咸宁市宏大农贸有限责任公司(湖北咸宁市宏大农产品批发市场),,,湖北,,农业农村部定点农产品批发市场,农业农村部定点市场,,,,序号: 388;市场名称: 湖北咸宁市宏大农贸有限责任公司(湖北咸宁市宏大农产品批发市场);省级分组: 湖北,0.98,按 PDF 两列表格抽取;原文件未提供详细地址和坐标。
rec_33cdb121a056c342,data/raw/moa_designated_wholesale_markets_2024.pdf,file_6a02aa5933cd197b,wholesale_market,14,1,8,农业农村部定点市场名单,2024-03-21,湖北鄂南农贸大市场,,,湖北,,农业农村部定点农产品批发市场,农业农村部定点市场,,,,序号: 389;市场名称: 湖北鄂南农贸大市场;省级分组: 湖北,0.98,按 PDF 两列表格抽取;原文件未提供详细地址和坐标。
rec_1e21e5c2cbfbd184,data/raw/moa_designated_wholesale_markets_2024.pdf,file_6a02aa5933cd197b,wholesale_market,14,1,9,农业农村部定点市场名单,2024-03-21,湖北随州香菇大市场,,,湖北,,农业农村部定点农产品批发市场,农业农村部定点市场,,,,序号: 390;市场名称: 湖北随州香菇大市场;省级分组: 湖北,0.98,按 PDF 两列表格抽取;原文件未提供详细地址和坐标。
rec_1568cdce39fd6601,data/raw/moa_designated_wholesale_markets_2024.pdf,file_6a02aa5933cd197b,wholesale_market,14,1,10,农业农村部定点市场名单,2024-03-21,湖北恩施华硒农副产品批发市场,,,湖北,,农业农村部定点农产品批发市场,农业农村部定点市场,,,,序号: 391;市场名称: 湖北恩施华硒农副产品批发市场;省级分组: 湖北,0.98,按 PDF 两列表格抽取;原文件未提供详细地址和坐标。
rec_017fa6835afc4408,data/raw/moa_designated_wholesale_markets_2024.pdf,file_6a02aa5933cd197b,wholesale_market,14,1,11,农业农村部定点市场名单,2024-03-21,湖北潜江市四季友农产品市场有限公司,,,湖北,,农业农村部定点农产品批发市场,农业农村部定点市场,,,,序号: 392;市场名称: 湖北潜江市四季友农产品市场有限公司;省级分组: 湖北,0.98,按 PDF 两列表格抽取;原文件未提供详细地址和坐标。
rec_841bf84210e172bd,data/raw/moa_designated_wholesale_markets_2024.pdf,file_6a02aa5933cd197b,wholesale_market,14,1,12,农业农村部定点市场名单,2024-03-21,湖北新华南国际果品(湖北华南果品批发市场),,,湖北,,农业农村部定点农产品批发市场,农业农村部定点市场,,,,序号: 393;市场名称: 湖北新华南国际果品(湖北华南果品批发市场);省级分组: 湖北,0.98,按 PDF 两列表格抽取;原文件未提供详细地址和坐标。
rec_4056276c90cbc6bf,data/raw/moa_designated_wholesale_markets_2024.pdf,file_6a02aa5933cd197b,wholesale_market,14,1,13,农业农村部定点市场名单,2024-03-21,湖北四季青农贸城管理有限公司,,,湖北,,农业农村部定点农产品批发市场,农业农村部定点市场,,,,序号: 394;市场名称: 湖北四季青农贸城管理有限公司;省级分组: 湖北,0.98,按 PDF 两列表格抽取;原文件未提供详细地址和坐标。
rec_ed5dd69ceefb4c99,data/raw/moa_designated_wholesale_markets_2024.pdf,file_6a02aa5933cd197b,wholesale_market,14,1,14,农业农村部定点市场名单,2024-03-21,湖北南漳食用菌交易市场,,,湖北,,农业农村部定点农产品批发市场,农业农村部定点市场,,,,序号: 395;市场名称: 湖北南漳食用菌交易市场;省级分组: 湖北,0.98,按 PDF 两列表格抽取;原文件未提供详细地址和坐标。
rec_52d65eb289dbb824,data/raw/moa_designated_wholesale_markets_2024.pdf,file_6a02aa5933cd197b,wholesale_market,14,1,15,农业农村部定点市场名单,2024-03-21,湖北宜昌三峡物流园有限公司,,,湖北,,农业农村部定点农产品批发市场,农业农村部定点市场,,,,序号: 396;市场名称: 湖北宜昌三峡物流园有限公司;省级分组: 湖北,0.98,按 PDF 两列表格抽取;原文件未提供详细地址和坐标。
rec_19414fedfff127af,data/raw/moa_designated_wholesale_markets_2024.pdf,file_6a02aa5933cd197b,wholesale_market,14,1,16,农业农村部定点市场名单,2024-03-21,湖北供销华西十堰农商城,,,湖北,,农业农村部定点农产品批发市场,农业农村部定点市场,,,,序号: 397;市场名称: 湖北供销华西十堰农商城;省级分组: 湖北,0.98,按 PDF 两列表格抽取;原文件未提供详细地址和坐标。
rec_c6efd374bc020d66,data/raw/moa_designated_wholesale_markets_2024.pdf,file_6a02aa5933cd197b,wholesale_market,14,1,17,农业农村部定点市场名单,2024-03-21,湖北佰昌优质农产品物流园,,,湖北,,农业农村部定点农产品批发市场,农业农村部定点市场,,,,序号: 398;市场名称: 湖北佰昌优质农产品物流园;省级分组: 湖北,0.98,按 PDF 两列表格抽取;原文件未提供详细地址和坐标。
rec_edde3f74dbd35e06,data/raw/moa_designated_wholesale_markets_2024.pdf,file_6a02aa5933cd197b,wholesale_market,14,1,18,农业农村部定点市场名单,2024-03-21,湖北供销中和农产品市场集团有限公司,,,湖北,,农业农村部定点农产品批发市场,农业农村部定点市场,,,,序号: 399;市场名称: 湖北供销中和农产品市场集团有限公司;省级分组: 湖北,0.98,按 PDF 两列表格抽取;原文件未提供详细地址和坐标。
rec_c8b033aac3d6fbd1,data/raw/moa_designated_wholesale_markets_2024.pdf,file_6a02aa5933cd197b,wholesale_market,14,1,19,农业农村部定点市场名单,2024-03-21,湖北黄冈市天宏商贸有限公司天宏农副产品分公司(湖北黄冈天宏农副产品批发市场),,,湖北,,农业农村部定点农产品批发市场,农业农村部定点市场,,,,序号: 400;市场名称: 湖北黄冈市天宏商贸有限公司天宏农副产品分公司(湖北黄冈天宏农副产品批发市场);省级分组: 湖北,0.98,按 PDF 两列表格抽取;原文件未提供详细地址和坐标。
rec_9dd45f219dec7e5f,data/raw/moa_designated_wholesale_markets_2024.pdf,file_6a02aa5933cd197b,wholesale_market,14,1,20,农业农村部定点市场名单,2024-03-21,湖北裕丰农副产品市场,,,湖北,,农业农村部定点农产品批发市场,农业农村部定点市场,,,,序号: 401;市场名称: 湖北裕丰农副产品市场;省级分组: 湖北,0.98,按 PDF 两列表格抽取;原文件未提供详细地址和坐标。
rec_f94c2d0e74d696a8,data/raw/moa_designated_wholesale_markets_2024.pdf,file_6a02aa5933cd197b,wholesale_market,14,1,21,农业农村部定点市场名单,2024-03-21,湖北随州白沙洲农副产品物流园有限公司,,,湖北,,农业农村部定点农产品批发市场,农业农村部定点市场,,,,序号: 402;市场名称: 湖北随州白沙洲农副产品物流园有限公司;省级分组: 湖北,0.98,按 PDF 两列表格抽取;原文件未提供详细地址和坐标。
rec_041fd2d1ed7e8141,data/raw/moa_designated_wholesale_markets_2024.pdf,file_6a02aa5933cd197b,wholesale_market,14,1,22,农业农村部定点市场名单,2024-03-21,湖北多辉农产品物流园开发有限公司,,,湖北,,农业农村部定点农产品批发市场,农业农村部定点市场,,,,序号: 403;市场名称: 湖北多辉农产品物流园开发有限公司;省级分组: 湖北,0.98,按 PDF 两列表格抽取;原文件未提供详细地址和坐标。
rec_0a2427a2b170b486,data/raw/moa_designated_wholesale_markets_2024.pdf,file_6a02aa5933cd197b,wholesale_market,14,1,23,农业农村部定点市场名单,2024-03-21,湖北英山县大别山茶叶广场,,,湖北,,农业农村部定点农产品批发市场,农业农村部定点市场,,,,序号: 404;市场名称: 湖北英山县大别山茶叶广场;省级分组: 湖北,0.98,按 PDF 两列表格抽取;原文件未提供详细地址和坐标。
rec_e7491eae163a5541,data/raw/moa_designated_wholesale_markets_2024.pdf,file_6a02aa5933cd197b,wholesale_market,14,1,24,农业农村部定点市场名单,2024-03-21,湖北首衡孝感国际农产品交易中心,,,湖北,,农业农村部定点农产品批发市场,农业农村部定点市场,,,,序号: 405;市场名称: 湖北首衡孝感国际农产品交易中心;省级分组: 湖北,0.98,按 PDF 两列表格抽取;原文件未提供详细地址和坐标。
rec_720d58540e1de617,data/raw/moa_designated_wholesale_markets_2024.pdf,file_6a02aa5933cd197b,wholesale_market,14,1,25,农业农村部定点市场名单,2024-03-21,湖北潜江小龙虾交易市场,,,湖北,,农业农村部定点农产品批发市场,农业农村部定点市场,,,,序号: 406;市场名称: 湖北潜江小龙虾交易市场;省级分组: 湖北,0.98,按 PDF 两列表格抽取;原文件未提供详细地址和坐标。
rec_2ed6484258ca002e,data/raw/moa_designated_wholesale_markets_2024.pdf,file_6a02aa5933cd197b,wholesale_market,14,1,26,农业农村部定点市场名单,2024-03-21,湖北仙桃市先锋黄鳝大市场有限责任公司,,,湖北,,农业农村部定点农产品批发市场,农业农村部定点市场,,,,序号: 407;市场名称: 湖北仙桃市先锋黄鳝大市场有限责任公司;省级分组: 湖北,0.98,按 PDF 两列表格抽取;原文件未提供详细地址和坐标。
rec_e1c871eac87b3e77,data/raw/moa_designated_wholesale_markets_2024.pdf,file_6a02aa5933cd197b,wholesale_market,14,1,27,农业农村部定点市场名单,2024-03-21,湖北汉川市宏翔农贸有限公司(湖北汉川市宏翔农副产品批发市场),,,湖北,,农业农村部定点农产品批发市场,农业农村部定点市场,,,,序号: 408;市场名称: 湖北汉川市宏翔农贸有限公司(湖北汉川市宏翔农副产品批发市场);省级分组: 湖北,0.98,按 PDF 两列表格抽取;原文件未提供详细地址和坐标。
rec_b2c2346cde11a269,data/raw/moa_designated_wholesale_markets_2024.pdf,file_6a02aa5933cd197b,wholesale_market,14,1,28,农业农村部定点市场名单,2024-03-21,湖北广水市锦诚农产品实业有限公司(湖北广水市锦诚农产品批发市场),,,湖北,,农业农村部定点农产品批发市场,农业农村部定点市场,,,,序号: 409;市场名称: 湖北广水市锦诚农产品实业有限公司(湖北广水市锦诚农产品批发市场);省级分组: 湖北,0.98,按 PDF 两列表格抽取;原文件未提供详细地址和坐标。
rec_20d09f2c399a391a,data/raw/moa_designated_wholesale_markets_2024.pdf,file_6a02aa5933cd197b,wholesale_market,14,1,30,农业农村部定点市场名单,2024-03-21,湖南长沙黄兴海吉星国际农产品物流园,,,湖南,,农业农村部定点农产品批发市场,农业农村部定点市场,,,,序号: 410;市场名称: 湖南长沙黄兴海吉星国际农产品物流园;省级分组: 湖南,0.98,按 PDF 两列表格抽取;原文件未提供详细地址和坐标。
rec_ae20191393872fd2,data/raw/moa_designated_wholesale_markets_2024.pdf,file_6a02aa5933cd197b,wholesale_market,14,1,31,农业农村部定点市场名单,2024-03-21,红星实业集团有限公司红星农副产品大市场,,,湖南,,农业农村部定点农产品批发市场,农业农村部定点市场,,,,序号: 411;市场名称: 红星实业集团有限公司红星农副产品大市场;省级分组: 湖南,0.98,按 PDF 两列表格抽取;原文件未提供详细地址和坐标。
rec_76aa2f37e965a6cc,data/raw/moa_designated_wholesale_markets_2024.pdf,file_6a02aa5933cd197b,wholesale_market,14,1,32,农业农村部定点市场名单,2024-03-21,湖南高桥大市场茶叶城,,,湖南,,农业农村部定点农产品批发市场,农业农村部定点市场,,,,序号: 412;市场名称: 湖南高桥大市场茶叶城;省级分组: 湖南,0.98,按 PDF 两列表格抽取;原文件未提供详细地址和坐标。
rec_8bf0fd5e99056634,data/raw/moa_designated_wholesale_markets_2024.pdf,file_6a02aa5933cd197b,wholesale_market,15,1,1,农业农村部定点市场名单,2024-03-21,湖南长沙大河西农产品物流中心,,,湖南,,农业农村部定点农产品批发市场,农业农村部定点市场,,,,序号: 413;市场名称: 湖南长沙大河西农产品物流中心;省级分组: 湖南,0.98,按 PDF 两列表格抽取;原文件未提供详细地址和坐标。
rec_c01377f5c2e46808,data/raw/moa_designated_wholesale_markets_2024.pdf,file_6a02aa5933cd197b,wholesale_market,15,1,2,农业农村部定点市场名单,2024-03-21,湖南长沙水渡河农产品市场,,,湖南,,农业农村部定点农产品批发市场,农业农村部定点市场,,,,序号: 414;市场名称: 湖南长沙水渡河农产品市场;省级分组: 湖南,0.98,按 PDF 两列表格抽取;原文件未提供详细地址和坐标。
rec_6bd14d941eb3609c,data/raw/moa_designated_wholesale_markets_2024.pdf,file_6a02aa5933cd197b,wholesale_market,15,1,3,农业农村部定点市场名单,2024-03-21,湖南湘潭市农产品物流配送中心,,,湖南,,农业农村部定点农产品批发市场,农业农村部定点市场,,,,序号: 415;市场名称: 湖南湘潭市农产品物流配送中心;省级分组: 湖南,0.98,按 PDF 两列表格抽取;原文件未提供详细地址和坐标。
rec_dc495e5cfeb09e81,data/raw/moa_designated_wholesale_markets_2024.pdf,file_6a02aa5933cd197b,wholesale_market,15,1,4,农业农村部定点市场名单,2024-03-21,湖南衡阳市西园农副产品批发大市场,,,湖南,,农业农村部定点农产品批发市场,农业农村部定点市场,,,,序号: 416;市场名称: 湖南衡阳市西园农副产品批发大市场;省级分组: 湖南,0.98,按 PDF 两列表格抽取;原文件未提供详细地址和坐标。
rec_3f868c108f3cfece,data/raw/moa_designated_wholesale_markets_2024.pdf,file_6a02aa5933cd197b,wholesale_market,15,1,5,农业农村部定点市场名单,2024-03-21,湖南三得利水果批发市场,,,湖南,,农业农村部定点农产品批发市场,农业农村部定点市场,,,,序号: 417;市场名称: 湖南三得利水果批发市场;省级分组: 湖南,0.98,按 PDF 两列表格抽取;原文件未提供详细地址和坐标。
rec_81d6df9552e0bc52,data/raw/moa_designated_wholesale_markets_2024.pdf,file_6a02aa5933cd197b,wholesale_market,15,1,6,农业农村部定点市场名单,2024-03-21,湖南邵阳市江北农产品市场,,,湖南,,农业农村部定点农产品批发市场,农业农村部定点市场,,,,序号: 418;市场名称: 湖南邵阳市江北农产品市场;省级分组: 湖南,0.98,按 PDF 两列表格抽取;原文件未提供详细地址和坐标。
rec_7a085b340932ea96,data/raw/moa_designated_wholesale_markets_2024.pdf,file_6a02aa5933cd197b,wholesale_market,15,1,7,农业农村部定点市场名单,2024-03-21,湖南岳阳市花板桥蔬菜批发市场,,,湖南,,农业农村部定点农产品批发市场,农业农村部定点市场,,,,序号: 419;市场名称: 湖南岳阳市花板桥蔬菜批发市场;省级分组: 湖南,0.98,按 PDF 两列表格抽取;原文件未提供详细地址和坐标。
rec_f0d9518d4900a94c,data/raw/moa_designated_wholesale_markets_2024.pdf,file_6a02aa5933cd197b,wholesale_market,15,1,8,农业农村部定点市场名单,2024-03-21,湖南常德国际农产品交易中心,,,湖南,,农业农村部定点农产品批发市场,农业农村部定点市场,,,,序号: 420;市场名称: 湖南常德国际农产品交易中心;省级分组: 湖南,0.98,按 PDF 两列表格抽取;原文件未提供详细地址和坐标。
rec_6b742e893de0628b,data/raw/moa_designated_wholesale_markets_2024.pdf,file_6a02aa5933cd197b,wholesale_market,15,1,9,农业农村部定点市场名单,2024-03-21,湖南娄底市湘中果品蔬菜批发大市场,,,湖南,,农业农村部定点农产品批发市场,农业农村部定点市场,,,,序号: 421;市场名称: 湖南娄底市湘中果品蔬菜批发大市场;省级分组: 湖南,0.98,按 PDF 两列表格抽取;原文件未提供详细地址和坐标。
rec_de6350082c742608,data/raw/moa_designated_wholesale_markets_2024.pdf,file_6a02aa5933cd197b,wholesale_market,15,1,10,农业农村部定点市场名单,2024-03-21,湖南永州商业城果蔬批发市场,,,湖南,,农业农村部定点农产品批发市场,农业农村部定点市场,,,,序号: 422;市场名称: 湖南永州商业城果蔬批发市场;省级分组: 湖南,0.98,按 PDF 两列表格抽取;原文件未提供详细地址和坐标。
rec_e2d8545134dbfb2d,data/raw/moa_designated_wholesale_markets_2024.pdf,file_6a02aa5933cd197b,wholesale_market,15,1,11,农业农村部定点市场名单,2024-03-21,湖南佳惠农产品批发市场,,,湖南,,农业农村部定点农产品批发市场,农业农村部定点市场,,,,序号: 423;市场名称: 湖南佳惠农产品批发市场;省级分组: 湖南,0.98,按 PDF 两列表格抽取;原文件未提供详细地址和坐标。
rec_8df4688f4e8e0cc5,data/raw/moa_designated_wholesale_markets_2024.pdf,file_6a02aa5933cd197b,wholesale_market,15,1,12,农业农村部定点市场名单,2024-03-21,湖南吉首市乾州农贸市场,,,湖南,,农业农村部定点农产品批发市场,农业农村部定点市场,,,,序号: 424;市场名称: 湖南吉首市乾州农贸市场;省级分组: 湖南,0.98,按 PDF 两列表格抽取;原文件未提供详细地址和坐标。
rec_e2069357e8eab001,data/raw/moa_designated_wholesale_markets_2024.pdf,file_6a02aa5933cd197b,wholesale_market,15,1,13,农业农村部定点市场名单,2024-03-21,湖南吉首市蔬菜果品批发大市场,,,湖南,,农业农村部定点农产品批发市场,农业农村部定点市场,,,,序号: 425;市场名称: 湖南吉首市蔬菜果品批发大市场;省级分组: 湖南,0.98,按 PDF 两列表格抽取;原文件未提供详细地址和坐标。
rec_1688c92e26b81238,data/raw/moa_designated_wholesale_markets_2024.pdf,file_6a02aa5933cd197b,wholesale_market,15,1,14,农业农村部定点市场名单,2024-03-21,湖南邵阳市湘西南大市场,,,湖南,,农业农村部定点农产品批发市场,农业农村部定点市场,,,,序号: 426;市场名称: 湖南邵阳市湘西南大市场;省级分组: 湖南,0.98,按 PDF 两列表格抽取;原文件未提供详细地址和坐标。
rec_cea859cff1025bc1,data/raw/moa_designated_wholesale_markets_2024.pdf,file_6a02aa5933cd197b,wholesale_market,15,1,15,农业农村部定点市场名单,2024-03-21,湖南岳阳海吉星国际农产品物流园,,,湖南,,农业农村部定点农产品批发市场,农业农村部定点市场,,,,序号: 427;市场名称: 湖南岳阳海吉星国际农产品物流园;省级分组: 湖南,0.98,按 PDF 两列表格抽取;原文件未提供详细地址和坐标。
rec_b3fb73d9b8ee5215,data/raw/moa_designated_wholesale_markets_2024.pdf,file_6a02aa5933cd197b,wholesale_market,15,1,16,农业农村部定点市场名单,2024-03-21,湖南省岳阳市茶博城,,,湖南,,农业农村部定点农产品批发市场,农业农村部定点市场,,,,序号: 428;市场名称: 湖南省岳阳市茶博城;省级分组: 湖南,0.98,按 PDF 两列表格抽取;原文件未提供详细地址和坐标。
rec_b40bb49d1ed67867,data/raw/moa_designated_wholesale_markets_2024.pdf,file_6a02aa5933cd197b,wholesale_market,15,1,17,农业农村部定点市场名单,2024-03-21,湖南娄底市中兴大市场,,,湖南,,农业农村部定点农产品批发市场,农业农村部定点市场,,,,序号: 429;市场名称: 湖南娄底市中兴大市场;省级分组: 湖南,0.98,按 PDF 两列表格抽取;原文件未提供详细地址和坐标。
rec_3beca0737fb3741f,data/raw/moa_designated_wholesale_markets_2024.pdf,file_6a02aa5933cd197b,wholesale_market,15,1,18,农业农村部定点市场名单,2024-03-21,湖南株洲中南蔬菜批发市场,,,湖南,,农业农村部定点农产品批发市场,农业农村部定点市场,,,,序号: 430;市场名称: 湖南株洲中南蔬菜批发市场;省级分组: 湖南,0.98,按 PDF 两列表格抽取;原文件未提供详细地址和坐标。
rec_86dd0b3a684fe27e,data/raw/moa_designated_wholesale_markets_2024.pdf,file_6a02aa5933cd197b,wholesale_market,15,1,19,农业农村部定点市场名单,2024-03-21,湖南醴陵市湘东农副产品大市场,,,湖南,,农业农村部定点农产品批发市场,农业农村部定点市场,,,,序号: 431;市场名称: 湖南醴陵市湘东农副产品大市场;省级分组: 湖南,0.98,按 PDF 两列表格抽取;原文件未提供详细地址和坐标。
rec_8c358714423717e5,data/raw/moa_designated_wholesale_markets_2024.pdf,file_6a02aa5933cd197b,wholesale_market,15,1,20,农业农村部定点市场名单,2024-03-21,湖南红联大市场,,,湖南,,农业农村部定点农产品批发市场,农业农村部定点市场,,,,序号: 432;市场名称: 湖南红联大市场;省级分组: 湖南,0.98,按 PDF 两列表格抽取;原文件未提供详细地址和坐标。
rec_a5f288387507bb34,data/raw/moa_designated_wholesale_markets_2024.pdf,file_6a02aa5933cd197b,wholesale_market,15,1,21,农业农村部定点市场名单,2024-03-21,湖南武陵缘现代农产品大市场,,,湖南,,农业农村部定点农产品批发市场,农业农村部定点市场,,,,序号: 433;市场名称: 湖南武陵缘现代农产品大市场;省级分组: 湖南,0.98,按 PDF 两列表格抽取;原文件未提供详细地址和坐标。
rec_548897869c40ebc8,data/raw/moa_designated_wholesale_markets_2024.pdf,file_6a02aa5933cd197b,wholesale_market,15,1,23,农业农村部定点市场名单,2024-03-21,广东广州江南果蔬批发市场,,,广东,,农业农村部定点农产品批发市场,农业农村部定点市场,,,,序号: 434;市场名称: 广东广州江南果蔬批发市场;省级分组: 广东,0.98,按 PDF 两列表格抽取;原文件未提供详细地址和坐标。
rec_066515c118164900,data/raw/moa_designated_wholesale_markets_2024.pdf,file_6a02aa5933cd197b,wholesale_market,15,1,24,农业农村部定点市场名单,2024-03-21,广东广州黄沙水产交易市场,,,广东,,农业农村部定点农产品批发市场,农业农村部定点市场,,,,序号: 435;市场名称: 广东广州黄沙水产交易市场;省级分组: 广东,0.98,按 PDF 两列表格抽取;原文件未提供详细地址和坐标。
rec_3ed134568f3fe431,data/raw/moa_designated_wholesale_markets_2024.pdf,file_6a02aa5933cd197b,wholesale_market,15,1,25,农业农村部定点市场名单,2024-03-21,广东东莞市信立国际农产品贸易城,,,广东,,农业农村部定点农产品批发市场,农业农村部定点市场,,,,序号: 436;市场名称: 广东东莞市信立国际农产品贸易城;省级分组: 广东,0.98,按 PDF 两列表格抽取;原文件未提供详细地址和坐标。
rec_65d86fd4c620e497,data/raw/moa_designated_wholesale_markets_2024.pdf,file_6a02aa5933cd197b,wholesale_market,15,1,26,农业农村部定点市场名单,2024-03-21,广东东莞市果菜副食交易市场有限公司,,,广东,,农业农村部定点农产品批发市场,农业农村部定点市场,,,,序号: 437;市场名称: 广东东莞市果菜副食交易市场有限公司;省级分组: 广东,0.98,按 PDF 两列表格抽取;原文件未提供详细地址和坐标。
rec_e7ae7524846ed6c9,data/raw/moa_designated_wholesale_markets_2024.pdf,file_6a02aa5933cd197b,wholesale_market,15,1,27,农业农村部定点市场名单,2024-03-21,广东东莞市大京九农副产品中心批发市场,,,广东,,农业农村部定点农产品批发市场,农业农村部定点市场,,,,序号: 438;市场名称: 广东东莞市大京九农副产品中心批发市场;省级分组: 广东,0.98,按 PDF 两列表格抽取;原文件未提供详细地址和坐标。
rec_1211eff29ccc7d1e,data/raw/moa_designated_wholesale_markets_2024.pdf,file_6a02aa5933cd197b,wholesale_market,15,1,28,农业农村部定点市场名单,2024-03-21,广东东莞市江南农副产品批发市场,,,广东,,农业农村部定点农产品批发市场,农业农村部定点市场,,,,序号: 439;市场名称: 广东东莞市江南农副产品批发市场;省级分组: 广东,0.98,按 PDF 两列表格抽取;原文件未提供详细地址和坐标。
rec_bac42950cf882409,data/raw/moa_designated_wholesale_markets_2024.pdf,file_6a02aa5933cd197b,wholesale_market,15,1,29,农业农村部定点市场名单,2024-03-21,广东江门市水产冻品副食批发市场,,,广东,,农业农村部定点农产品批发市场,农业农村部定点市场,,,,序号: 440;市场名称: 广东江门市水产冻品副食批发市场;省级分组: 广东,0.98,按 PDF 两列表格抽取;原文件未提供详细地址和坐标。
rec_5306d584243db506,data/raw/moa_designated_wholesale_markets_2024.pdf,file_6a02aa5933cd197b,wholesale_market,15,1,30,农业农村部定点市场名单,2024-03-21,广东江门市蓬江区远洋农副产品批发市场,,,广东,,农业农村部定点农产品批发市场,农业农村部定点市场,,,,序号: 441;市场名称: 广东江门市蓬江区远洋农副产品批发市场;省级分组: 广东,0.98,按 PDF 两列表格抽取;原文件未提供详细地址和坐标。
rec_9eee26ede3bcc6ca,data/raw/moa_designated_wholesale_markets_2024.pdf,file_6a02aa5933cd197b,wholesale_market,15,1,31,农业农村部定点市场名单,2024-03-21,广东江门市白沙江南蔬菜禽畜批发市场,,,广东,,农业农村部定点农产品批发市场,农业农村部定点市场,,,,序号: 442;市场名称: 广东江门市白沙江南蔬菜禽畜批发市场;省级分组: 广东,0.98,按 PDF 两列表格抽取;原文件未提供详细地址和坐标。
rec_c086f8119fba63fc,data/raw/moa_designated_wholesale_markets_2024.pdf,file_6a02aa5933cd197b,wholesale_market,15,1,32,农业农村部定点市场名单,2024-03-21,广东江门市江会水果批发市场,,,广东,,农业农村部定点农产品批发市场,农业农村部定点市场,,,,序号: 443;市场名称: 广东江门市江会水果批发市场;省级分组: 广东,0.98,按 PDF 两列表格抽取;原文件未提供详细地址和坐标。
rec_4ea8954163ac1808,data/raw/moa_designated_wholesale_markets_2024.pdf,file_6a02aa5933cd197b,wholesale_market,15,1,33,农业农村部定点市场名单,2024-03-21,广东翁源县宝源市场开发有限公司,,,广东,,农业农村部定点农产品批发市场,农业农村部定点市场,,,,序号: 444;市场名称: 广东翁源县宝源市场开发有限公司;省级分组: 广东,0.98,按 PDF 两列表格抽取;原文件未提供详细地址和坐标。
rec_26083902d95846c9,data/raw/moa_designated_wholesale_markets_2024.pdf,file_6a02aa5933cd197b,wholesale_market,15,1,34,农业农村部定点市场名单,2024-03-21,广东深圳市福田农产品批发市场有限公司,,,广东,,农业农村部定点农产品批发市场,农业农村部定点市场,,,,序号: 445;市场名称: 广东深圳市福田农产品批发市场有限公司;省级分组: 广东,0.98,按 PDF 两列表格抽取;原文件未提供详细地址和坐标。
rec_5b67c31ff8b2e7a6,data/raw/moa_designated_wholesale_markets_2024.pdf,file_6a02aa5933cd197b,wholesale_market,16,1,1,农业农村部定点市场名单,2024-03-21,广东中山公用事业集团股份有限公司中山农产品交易中心分公司,,,广东,,农业农村部定点农产品批发市场,农业农村部定点市场,,,,序号: 446;市场名称: 广东中山公用事业集团股份有限公司中山农产品交易中心分公司;省级分组: 广东,0.98,按 PDF 两列表格抽取;原文件未提供详细地址和坐标。
rec_492b73610c363d59,data/raw/moa_designated_wholesale_markets_2024.pdf,file_6a02aa5933cd197b,wholesale_market,16,1,2,农业农村部定点市场名单,2024-03-21,广东惠州海吉星农产品国际物流园,,,广东,,农业农村部定点农产品批发市场,农业农村部定点市场,,,,序号: 447;市场名称: 广东惠州海吉星农产品国际物流园;省级分组: 广东,0.98,按 PDF 两列表格抽取;原文件未提供详细地址和坐标。
rec_f16952f18d6bedc4,data/raw/moa_designated_wholesale_markets_2024.pdf,file_6a02aa5933cd197b,wholesale_market,16,1,3,农业农村部定点市场名单,2024-03-21,广东汕头市农副产品批发中心市场,,,广东,,农业农村部定点农产品批发市场,农业农村部定点市场,,,,序号: 448;市场名称: 广东汕头市农副产品批发中心市场;省级分组: 广东,0.98,按 PDF 两列表格抽取;原文件未提供详细地址和坐标。
rec_97150a38e9dfb491,data/raw/moa_designated_wholesale_markets_2024.pdf,file_6a02aa5933cd197b,wholesale_market,16,1,4,农业农村部定点市场名单,2024-03-21,广东四会市仓丰农贸交易市场,,,广东,,农业农村部定点农产品批发市场,农业农村部定点市场,,,,序号: 449;市场名称: 广东四会市仓丰农贸交易市场;省级分组: 广东,0.98,按 PDF 两列表格抽取;原文件未提供详细地址和坐标。
rec_591f312e5c8b7fc0,data/raw/moa_designated_wholesale_markets_2024.pdf,file_6a02aa5933cd197b,wholesale_market,16,1,5,农业农村部定点市场名单,2024-03-21,广东珠海市铭海投资发展有限公司农副产品批发物流中心,,,广东,,农业农村部定点农产品批发市场,农业农村部定点市场,,,,序号: 450;市场名称: 广东珠海市铭海投资发展有限公司农副产品批发物流中心;省级分组: 广东,0.98,按 PDF 两列表格抽取;原文件未提供详细地址和坐标。
rec_743b2f280a5e8358,data/raw/moa_designated_wholesale_markets_2024.pdf,file_6a02aa5933cd197b,wholesale_market,16,1,6,农业农村部定点市场名单,2024-03-21,广东徐闻农产品交易市场,,,广东,,农业农村部定点农产品批发市场,农业农村部定点市场,,,,序号: 451;市场名称: 广东徐闻农产品交易市场;省级分组: 广东,0.98,按 PDF 两列表格抽取;原文件未提供详细地址和坐标。
rec_24fea4b6b3d1c927,data/raw/moa_designated_wholesale_markets_2024.pdf,file_6a02aa5933cd197b,wholesale_market,16,1,7,农业农村部定点市场名单,2024-03-21,广东佛山市南海盐步环球水产交易市场,,,广东,,农业农村部定点农产品批发市场,农业农村部定点市场,,,,序号: 452;市场名称: 广东佛山市南海盐步环球水产交易市场;省级分组: 广东,0.98,按 PDF 两列表格抽取;原文件未提供详细地址和坐标。
rec_7dcffda8b5981239,data/raw/moa_designated_wholesale_markets_2024.pdf,file_6a02aa5933cd197b,wholesale_market,16,1,8,农业农村部定点市场名单,2024-03-21,广东佛山市大沥桂江农产品综合批发市场,,,广东,,农业农村部定点农产品批发市场,农业农村部定点市场,,,,序号: 453;市场名称: 广东佛山市大沥桂江农产品综合批发市场;省级分组: 广东,0.98,按 PDF 两列表格抽取;原文件未提供详细地址和坐标。
rec_40cb19d06d79a83d,data/raw/moa_designated_wholesale_markets_2024.pdf,file_6a02aa5933cd197b,wholesale_market,16,1,9,农业农村部定点市场名单,2024-03-21,广东佛山中南农产品批发市场,,,广东,,农业农村部定点农产品批发市场,农业农村部定点市场,,,,序号: 454;市场名称: 广东佛山中南农产品批发市场;省级分组: 广东,0.98,按 PDF 两列表格抽取;原文件未提供详细地址和坐标。
rec_01098a59fffb34df,data/raw/moa_designated_wholesale_markets_2024.pdf,file_6a02aa5933cd197b,wholesale_market,16,1,10,农业农村部定点市场名单,2024-03-21,广东润丰农业发展集团有限公司石碣润丰(国际)蔬菜交易中心,,,广东,,农业农村部定点农产品批发市场,农业农村部定点市场,,,,序号: 455;市场名称: 广东润丰农业发展集团有限公司石碣润丰(国际)蔬菜交易中心;省级分组: 广东,0.98,按 PDF 两列表格抽取;原文件未提供详细地址和坐标。
rec_6376f770f87b489a,data/raw/moa_designated_wholesale_markets_2024.pdf,file_6a02aa5933cd197b,wholesale_market,16,1,11,农业农村部定点市场名单,2024-03-21,广东韶关市东联水产批发市场,,,广东,,农业农村部定点农产品批发市场,农业农村部定点市场,,,,序号: 456;市场名称: 广东韶关市东联水产批发市场;省级分组: 广东,0.98,按 PDF 两列表格抽取;原文件未提供详细地址和坐标。
rec_9779bf2e5113f5b4,data/raw/moa_designated_wholesale_markets_2024.pdf,file_6a02aa5933cd197b,wholesale_market,16,1,12,农业农村部定点市场名单,2024-03-21,广东梅州海吉新城农副产品商贸物流园,,,广东,,农业农村部定点农产品批发市场,农业农村部定点市场,,,,序号: 457;市场名称: 广东梅州海吉新城农副产品商贸物流园;省级分组: 广东,0.98,按 PDF 两列表格抽取;原文件未提供详细地址和坐标。
rec_0fed4a12a2cf1f93,data/raw/moa_designated_wholesale_markets_2024.pdf,file_6a02aa5933cd197b,wholesale_market,16,1,13,农业农村部定点市场名单,2024-03-21,广东中山市之荣水产批发市场服务管理有限公司,,,广东,,农业农村部定点农产品批发市场,农业农村部定点市场,,,,序号: 458;市场名称: 广东中山市之荣水产批发市场服务管理有限公司;省级分组: 广东,0.98,按 PDF 两列表格抽取;原文件未提供详细地址和坐标。
rec_9efe46ca667edad7,data/raw/moa_designated_wholesale_markets_2024.pdf,file_6a02aa5933cd197b,wholesale_market,16,1,14,农业农村部定点市场名单,2024-03-21,广东广州市荔塱农副产品综合批发市场,,,广东,,农业农村部定点农产品批发市场,农业农村部定点市场,,,,序号: 459;市场名称: 广东广州市荔塱农副产品综合批发市场;省级分组: 广东,0.98,按 PDF 两列表格抽取;原文件未提供详细地址和坐标。
rec_849a55a94f42d690,data/raw/moa_designated_wholesale_markets_2024.pdf,file_6a02aa5933cd197b,wholesale_market,16,1,15,农业农村部定点市场名单,2024-03-21,广东东莞市虎门富民农副产品批发市场,,,广东,,农业农村部定点农产品批发市场,农业农村部定点市场,,,,序号: 460;市场名称: 广东东莞市虎门富民农副产品批发市场;省级分组: 广东,0.98,按 PDF 两列表格抽取;原文件未提供详细地址和坐标。
rec_bfe1a08d067c5bab,data/raw/moa_designated_wholesale_markets_2024.pdf,file_6a02aa5933cd197b,wholesale_market,16,1,16,农业农村部定点市场名单,2024-03-21,广东深圳市海吉星国际农产品物流园,,,广东,,农业农村部定点农产品批发市场,农业农村部定点市场,,,,序号: 461;市场名称: 广东深圳市海吉星国际农产品物流园;省级分组: 广东,0.98,按 PDF 两列表格抽取;原文件未提供详细地址和坐标。
rec_1f8b7a18f8af7027,data/raw/moa_designated_wholesale_markets_2024.pdf,file_6a02aa5933cd197b,wholesale_market,16,1,17,农业农村部定点市场名单,2024-03-21,广东深圳市友信冷冻食品交易市场,,,广东,,农业农村部定点农产品批发市场,农业农村部定点市场,,,,序号: 462;市场名称: 广东深圳市友信冷冻食品交易市场;省级分组: 广东,0.98,按 PDF 两列表格抽取;原文件未提供详细地址和坐标。
rec_15be8ef7cae8ebc4,data/raw/moa_designated_wholesale_markets_2024.pdf,file_6a02aa5933cd197b,wholesale_market,16,1,18,农业农村部定点市场名单,2024-03-21,广东中山市小榄镇三鸟综合交易中心有限公司,,,广东,,农业农村部定点农产品批发市场,农业农村部定点市场,,,,序号: 463;市场名称: 广东中山市小榄镇三鸟综合交易中心有限公司;省级分组: 广东,0.98,按 PDF 两列表格抽取;原文件未提供详细地址和坐标。
rec_f1c89eb2c6933e24,data/raw/moa_designated_wholesale_markets_2024.pdf,file_6a02aa5933cd197b,wholesale_market,16,1,19,农业农村部定点市场名单,2024-03-21,广东湛江市霞山(东堤)水产品批发市场,,,广东,,农业农村部定点农产品批发市场,农业农村部定点市场,,,,序号: 464;市场名称: 广东湛江市霞山(东堤)水产品批发市场;省级分组: 广东,0.98,按 PDF 两列表格抽取;原文件未提供详细地址和坐标。
rec_4d6bdb84f2da32b3,data/raw/moa_designated_wholesale_markets_2024.pdf,file_6a02aa5933cd197b,wholesale_market,16,1,20,农业农村部定点市场名单,2024-03-21,广东阳江市宏粤海产品批发,,,广东,,农业农村部定点农产品批发市场,农业农村部定点市场,,,,序号: 465;市场名称: 广东阳江市宏粤海产品批发;省级分组: 广东,0.98,按 PDF 两列表格抽取;原文件未提供详细地址和坐标。
rec_bdd4cdfef6fc209b,data/raw/moa_designated_wholesale_markets_2024.pdf,file_6a02aa5933cd197b,wholesale_market,16,1,21,农业农村部定点市场名单,2024-03-21,广东河源市农副产品批发中心,,,广东,,农业农村部定点农产品批发市场,农业农村部定点市场,,,,序号: 466;市场名称: 广东河源市农副产品批发中心;省级分组: 广东,0.98,按 PDF 两列表格抽取;原文件未提供详细地址和坐标。
rec_0024afa4ba04f90b,data/raw/moa_designated_wholesale_markets_2024.pdf,file_6a02aa5933cd197b,wholesale_market,16,1,22,农业农村部定点市场名单,2024-03-21,广东连州市南北农产品批发市场有限公司,,,广东,,农业农村部定点农产品批发市场,农业农村部定点市场,,,,序号: 467;市场名称: 广东连州市南北农产品批发市场有限公司;省级分组: 广东,0.98,按 PDF 两列表格抽取;原文件未提供详细地址和坐标。
rec_a6501c940122a242,data/raw/moa_designated_wholesale_markets_2024.pdf,file_6a02aa5933cd197b,wholesale_market,16,1,23,农业农村部定点市场名单,2024-03-21,广东顺德三洲农产品交易中心,,,广东,,农业农村部定点农产品批发市场,农业农村部定点市场,,,,序号: 468;市场名称: 广东顺德三洲农产品交易中心;省级分组: 广东,0.98,按 PDF 两列表格抽取;原文件未提供详细地址和坐标。
rec_7c40c775b7f8a56d,data/raw/moa_designated_wholesale_markets_2024.pdf,file_6a02aa5933cd197b,wholesale_market,16,1,25,农业农村部定点市场名单,2024-03-21,广西白沙农副产品综合批发市场,,,广西,,农业农村部定点农产品批发市场,农业农村部定点市场,,,,序号: 469;市场名称: 广西白沙农副产品综合批发市场;省级分组: 广西,0.98,按 PDF 两列表格抽取;原文件未提供详细地址和坐标。
rec_ee9278ec309cd697,data/raw/moa_designated_wholesale_markets_2024.pdf,file_6a02aa5933cd197b,wholesale_market,16,1,26,农业农村部定点市场名单,2024-03-21,广西南宁农产品交易中心,,,广西,,农业农村部定点农产品批发市场,农业农村部定点市场,,,,序号: 470;市场名称: 广西南宁农产品交易中心;省级分组: 广西,0.98,按 PDF 两列表格抽取;原文件未提供详细地址和坐标。
rec_86d0d0b8fc8fb1fe,data/raw/moa_designated_wholesale_markets_2024.pdf,file_6a02aa5933cd197b,wholesale_market,16,1,27,农业农村部定点市场名单,2024-03-21,广西海吉星农产品国际物流中心,,,广西,,农业农村部定点农产品批发市场,农业农村部定点市场,,,,序号: 471;市场名称: 广西海吉星农产品国际物流中心;省级分组: 广西,0.98,按 PDF 两列表格抽取;原文件未提供详细地址和坐标。
rec_7d282df014785214,data/raw/moa_designated_wholesale_markets_2024.pdf,file_6a02aa5933cd197b,wholesale_market,16,1,28,农业农村部定点市场名单,2024-03-21,广西南宁市饲料兽药名龟市场,,,广西,,农业农村部定点农产品批发市场,农业农村部定点市场,,,,序号: 472;市场名称: 广西南宁市饲料兽药名龟市场;省级分组: 广西,0.98,按 PDF 两列表格抽取;原文件未提供详细地址和坐标。
rec_8221e00dd463ab60,data/raw/moa_designated_wholesale_markets_2024.pdf,file_6a02aa5933cd197b,wholesale_market,16,1,29,农业农村部定点市场名单,2024-03-21,广西荔浦市农副产品综合批发市场,,,广西,,农业农村部定点农产品批发市场,农业农村部定点市场,,,,序号: 473;市场名称: 广西荔浦市农副产品综合批发市场;省级分组: 广西,0.98,按 PDF 两列表格抽取;原文件未提供详细地址和坐标。
rec_fcf25e883a3433bd,data/raw/moa_designated_wholesale_markets_2024.pdf,file_6a02aa5933cd197b,wholesale_market,16,1,30,农业农村部定点市场名单,2024-03-21,广西桂林五里店果蔬批发市场,,,广西,,农业农村部定点农产品批发市场,农业农村部定点市场,,,,序号: 474;市场名称: 广西桂林五里店果蔬批发市场;省级分组: 广西,0.98,按 PDF 两列表格抽取;原文件未提供详细地址和坐标。
rec_7d7ef8ecdc468668,data/raw/moa_designated_wholesale_markets_2024.pdf,file_6a02aa5933cd197b,wholesale_market,16,1,31,农业农村部定点市场名单,2024-03-21,广西田阳农副产品综合批发市场,,,广西,,农业农村部定点农产品批发市场,农业农村部定点市场,,,,序号: 475;市场名称: 广西田阳农副产品综合批发市场;省级分组: 广西,0.98,按 PDF 两列表格抽取;原文件未提供详细地址和坐标。
rec_d30dfd2d337ab598,data/raw/moa_designated_wholesale_markets_2024.pdf,file_6a02aa5933cd197b,wholesale_market,16,1,32,农业农村部定点市场名单,2024-03-21,广西新柳邕农产品批发市场,,,广西,,农业农村部定点农产品批发市场,农业农村部定点市场,,,,序号: 476;市场名称: 广西新柳邕农产品批发市场;省级分组: 广西,0.98,按 PDF 两列表格抽取;原文件未提供详细地址和坐标。
rec_0dba368808bddc11,data/raw/moa_designated_wholesale_markets_2024.pdf,file_6a02aa5933cd197b,wholesale_market,16,1,33,农业农村部定点市场名单,2024-03-21,广西玉林中药材专业市场,,,广西,,农业农村部定点农产品批发市场,农业农村部定点市场,,,,序号: 477;市场名称: 广西玉林中药材专业市场;省级分组: 广西,0.98,按 PDF 两列表格抽取;原文件未提供详细地址和坐标。
rec_dc791c6f0546a032,data/raw/moa_designated_wholesale_markets_2024.pdf,file_6a02aa5933cd197b,wholesale_market,16,1,34,农业农村部定点市场名单,2024-03-21,广西玉林宏进农副产品交易中心,,,广西,,农业农村部定点农产品批发市场,农业农村部定点市场,,,,序号: 478;市场名称: 广西玉林宏进农副产品交易中心;省级分组: 广西,0.98,按 PDF 两列表格抽取;原文件未提供详细地址和坐标。
rec_3ccb120ab1ff653d,data/raw/moa_designated_wholesale_markets_2024.pdf,file_6a02aa5933cd197b,wholesale_market,17,1,1,农业农村部定点市场名单,2024-03-21,广西南宁市佳禾市场投资开发有限公司,,,广西,,农业农村部定点农产品批发市场,农业农村部定点市场,,,,序号: 479;市场名称: 广西南宁市佳禾市场投资开发有限公司;省级分组: 广西,0.98,按 PDF 两列表格抽取;原文件未提供详细地址和坐标。
rec_96f27b1a37e3e8ec,data/raw/moa_designated_wholesale_markets_2024.pdf,file_6a02aa5933cd197b,wholesale_market,17,1,2,农业农村部定点市场名单,2024-03-21,广西恭城县水果批发市场,,,广西,,农业农村部定点农产品批发市场,农业农村部定点市场,,,,序号: 480;市场名称: 广西恭城县水果批发市场;省级分组: 广西,0.98,按 PDF 两列表格抽取;原文件未提供详细地址和坐标。
rec_7990fa38174fc270,data/raw/moa_designated_wholesale_markets_2024.pdf,file_6a02aa5933cd197b,wholesale_market,17,1,3,农业农村部定点市场名单,2024-03-21,中国珍珠城北海水产市场,,,广西,,农业农村部定点农产品批发市场,农业农村部定点市场,,,,序号: 481;市场名称: 中国珍珠城北海水产市场;省级分组: 广西,0.98,按 PDF 两列表格抽取;原文件未提供详细地址和坐标。
rec_5dd4094e4938041a,data/raw/moa_designated_wholesale_markets_2024.pdf,file_6a02aa5933cd197b,wholesale_market,17,1,4,农业农村部定点市场名单,2024-03-21,广西金桥国际农产品批发市场,,,广西,,农业农村部定点农产品批发市场,农业农村部定点市场,,,,序号: 482;市场名称: 广西金桥国际农产品批发市场;省级分组: 广西,0.98,按 PDF 两列表格抽取;原文件未提供详细地址和坐标。
rec_52793f388841d241,data/raw/moa_designated_wholesale_markets_2024.pdf,file_6a02aa5933cd197b,wholesale_market,17,1,5,农业农村部定点市场名单,2024-03-21,广西灵山大型农产品综合交易市场,,,广西,,农业农村部定点农产品批发市场,农业农村部定点市场,,,,序号: 483;市场名称: 广西灵山大型农产品综合交易市场;省级分组: 广西,0.98,按 PDF 两列表格抽取;原文件未提供详细地址和坐标。
rec_e072e9f6f025e206,data/raw/moa_designated_wholesale_markets_2024.pdf,file_6a02aa5933cd197b,wholesale_market,17,1,7,农业农村部定点市场名单,2024-03-21,海南海口南北水果市场,,,海南,,农业农村部定点农产品批发市场,农业农村部定点市场,,,,序号: 484;市场名称: 海南海口南北水果市场;省级分组: 海南,0.98,按 PDF 两列表格抽取;原文件未提供详细地址和坐标。
rec_2e62e390937f14f1,data/raw/moa_designated_wholesale_markets_2024.pdf,file_6a02aa5933cd197b,wholesale_market,17,1,8,农业农村部定点市场名单,2024-03-21,海南岛东农产品物流中心批发市场,,,海南,,农业农村部定点农产品批发市场,农业农村部定点市场,,,,序号: 485;市场名称: 海南岛东农产品物流中心批发市场;省级分组: 海南,0.98,按 PDF 两列表格抽取;原文件未提供详细地址和坐标。
rec_70da0bcda99fdba8,data/raw/moa_designated_wholesale_markets_2024.pdf,file_6a02aa5933cd197b,wholesale_market,17,1,9,农业农村部定点市场名单,2024-03-21,海南东部畜禽批发市场,,,海南,,农业农村部定点农产品批发市场,农业农村部定点市场,,,,序号: 486;市场名称: 海南东部畜禽批发市场;省级分组: 海南,0.98,按 PDF 两列表格抽取;原文件未提供详细地址和坐标。
rec_23602ca818eb8d72,data/raw/moa_designated_wholesale_markets_2024.pdf,file_6a02aa5933cd197b,wholesale_market,17,1,10,农业农村部定点市场名单,2024-03-21,海南海口市菜篮子江楠农产品批发市场,,,海南,,农业农村部定点农产品批发市场,农业农村部定点市场,,,,序号: 487;市场名称: 海南海口市菜篮子江楠农产品批发市场;省级分组: 海南,0.98,按 PDF 两列表格抽取;原文件未提供详细地址和坐标。
rec_80afa009d425e482,data/raw/moa_designated_wholesale_markets_2024.pdf,file_6a02aa5933cd197b,wholesale_market,17,1,11,农业农村部定点市场名单,2024-03-21,海南崖州果蔬综合批发市场,,,海南,,农业农村部定点农产品批发市场,农业农村部定点市场,,,,序号: 488;市场名称: 海南崖州果蔬综合批发市场;省级分组: 海南,0.98,按 PDF 两列表格抽取;原文件未提供详细地址和坐标。
rec_d3176fc3cf88a000,data/raw/moa_designated_wholesale_markets_2024.pdf,file_6a02aa5933cd197b,wholesale_market,17,1,13,农业农村部定点市场名单,2024-03-21,重庆花枝农业九龙坡蔬菜批发市场,,,重庆,,农业农村部定点农产品批发市场,农业农村部定点市场,,,,序号: 489;市场名称: 重庆花枝农业九龙坡蔬菜批发市场;省级分组: 重庆,0.98,按 PDF 两列表格抽取;原文件未提供详细地址和坐标。
rec_987f06c0c4cd01d1,data/raw/moa_designated_wholesale_markets_2024.pdf,file_6a02aa5933cd197b,wholesale_market,17,1,14,农业农村部定点市场名单,2024-03-21,重庆吉之汇国际农贸物流城,,,重庆,,农业农村部定点农产品批发市场,农业农村部定点市场,,,,序号: 490;市场名称: 重庆吉之汇国际农贸物流城;省级分组: 重庆,0.98,按 PDF 两列表格抽取;原文件未提供详细地址和坐标。
rec_c0132ed29cc6f3de,data/raw/moa_designated_wholesale_markets_2024.pdf,file_6a02aa5933cd197b,wholesale_market,17,1,15,农业农村部定点市场名单,2024-03-21,重庆潼南蔬菜批发物流市场有限公司,,,重庆,,农业农村部定点农产品批发市场,农业农村部定点市场,,,,序号: 491;市场名称: 重庆潼南蔬菜批发物流市场有限公司;省级分组: 重庆,0.98,按 PDF 两列表格抽取;原文件未提供详细地址和坐标。
rec_f4fc21d9bd82d2f5,data/raw/moa_designated_wholesale_markets_2024.pdf,file_6a02aa5933cd197b,wholesale_market,17,1,16,农业农村部定点市场名单,2024-03-21,重庆市黄水黄连产地批发市场,,,重庆,,农业农村部定点农产品批发市场,农业农村部定点市场,,,,序号: 492;市场名称: 重庆市黄水黄连产地批发市场;省级分组: 重庆,0.98,按 PDF 两列表格抽取;原文件未提供详细地址和坐标。
rec_a95a3af3211fc0b0,data/raw/moa_designated_wholesale_markets_2024.pdf,file_6a02aa5933cd197b,wholesale_market,17,1,17,农业农村部定点市场名单,2024-03-21,重庆万州区宏远批发市场,,,重庆,,农业农村部定点农产品批发市场,农业农村部定点市场,,,,序号: 493;市场名称: 重庆万州区宏远批发市场;省级分组: 重庆,0.98,按 PDF 两列表格抽取;原文件未提供详细地址和坐标。
rec_c716f9f6af0e90b5,data/raw/moa_designated_wholesale_markets_2024.pdf,file_6a02aa5933cd197b,wholesale_market,17,1,18,农业农村部定点市场名单,2024-03-21,重庆双福农产品批发市场有限公司,,,重庆,,农业农村部定点农产品批发市场,农业农村部定点市场,,,,序号: 494;市场名称: 重庆双福农产品批发市场有限公司;省级分组: 重庆,0.98,按 PDF 两列表格抽取;原文件未提供详细地址和坐标。
rec_df6c7bba191ca005,data/raw/moa_designated_wholesale_markets_2024.pdf,file_6a02aa5933cd197b,wholesale_market,17,1,19,农业农村部定点市场名单,2024-03-21,重庆恒康茶叶批发市场有限公司,,,重庆,,农业农村部定点农产品批发市场,农业农村部定点市场,,,,序号: 495;市场名称: 重庆恒康茶叶批发市场有限公司;省级分组: 重庆,0.98,按 PDF 两列表格抽取;原文件未提供详细地址和坐标。
rec_b5a73ab2a00b2542,data/raw/moa_designated_wholesale_markets_2024.pdf,file_6a02aa5933cd197b,wholesale_market,17,1,20,农业农村部定点市场名单,2024-03-21,重庆新大兴·国际农副产品交易中心,,,重庆,,农业农村部定点农产品批发市场,农业农村部定点市场,,,,序号: 496;市场名称: 重庆新大兴·国际农副产品交易中心;省级分组: 重庆,0.98,按 PDF 两列表格抽取;原文件未提供详细地址和坐标。
rec_0714bc6b19477258,data/raw/moa_designated_wholesale_markets_2024.pdf,file_6a02aa5933cd197b,wholesale_market,17,1,21,农业农村部定点市场名单,2024-03-21,重庆龙门实业(集团)有限公司西三街农副水产品市场,,,重庆,,农业农村部定点农产品批发市场,农业农村部定点市场,,,,序号: 497;市场名称: 重庆龙门实业(集团)有限公司西三街农副水产品市场;省级分组: 重庆,0.98,按 PDF 两列表格抽取;原文件未提供详细地址和坐标。
rec_81d852466a888b54,data/raw/moa_designated_wholesale_markets_2024.pdf,file_6a02aa5933cd197b,wholesale_market,17,1,22,农业农村部定点市场名单,2024-03-21,重庆市合川区蟠龙市场管理有限公司,,,重庆,,农业农村部定点农产品批发市场,农业农村部定点市场,,,,序号: 498;市场名称: 重庆市合川区蟠龙市场管理有限公司;省级分组: 重庆,0.98,按 PDF 两列表格抽取;原文件未提供详细地址和坐标。
rec_797135f240199fec,data/raw/moa_designated_wholesale_markets_2024.pdf,file_6a02aa5933cd197b,wholesale_market,17,1,23,农业农村部定点市场名单,2024-03-21,中国(荣昌)畜牧产品交易市场,,,重庆,,农业农村部定点农产品批发市场,农业农村部定点市场,,,,序号: 499;市场名称: 中国(荣昌)畜牧产品交易市场;省级分组: 重庆,0.98,按 PDF 两列表格抽取;原文件未提供详细地址和坐标。
rec_be12237ce5386c18,data/raw/moa_designated_wholesale_markets_2024.pdf,file_6a02aa5933cd197b,wholesale_market,17,1,24,农业农村部定点市场名单,2024-03-21,渝西国际商贸物流港,,,重庆,,农业农村部定点农产品批发市场,农业农村部定点市场,,,,序号: 500;市场名称: 渝西国际商贸物流港;省级分组: 重庆,0.98,按 PDF 两列表格抽取;原文件未提供详细地址和坐标。
rec_f92172e469b8bc73,data/raw/moa_designated_wholesale_markets_2024.pdf,file_6a02aa5933cd197b,wholesale_market,17,1,25,农业农村部定点市场名单,2024-03-21,国家级重庆(荣昌)生猪交易市场,,,重庆,,农业农村部定点农产品批发市场,农业农村部定点市场,,,,序号: 501;市场名称: 国家级重庆(荣昌)生猪交易市场;省级分组: 重庆,0.98,按 PDF 两列表格抽取;原文件未提供详细地址和坐标。
rec_b477ad0b2418e29c,data/raw/moa_designated_wholesale_markets_2024.pdf,file_6a02aa5933cd197b,wholesale_market,17,1,26,农业农村部定点市场名单,2024-03-21,重庆观农贸批发市场,,,重庆,,农业农村部定点农产品批发市场,农业农村部定点市场,,,,序号: 502;市场名称: 重庆观农贸批发市场;省级分组: 重庆,0.98,按 PDF 两列表格抽取;原文件未提供详细地址和坐标。
rec_16ccf2858e08f4a7,data/raw/moa_designated_wholesale_markets_2024.pdf,file_6a02aa5933cd197b,wholesale_market,17,1,28,农业农村部定点市场名单,2024-03-21,四川雨润国际农产品交易中心,,,四川,,农业农村部定点农产品批发市场,农业农村部定点市场,,,,序号: 503;市场名称: 四川雨润国际农产品交易中心;省级分组: 四川,0.98,按 PDF 两列表格抽取;原文件未提供详细地址和坐标。
rec_3c2669ddb5da095a,data/raw/moa_designated_wholesale_markets_2024.pdf,file_6a02aa5933cd197b,wholesale_market,17,1,29,农业农村部定点市场名单,2024-03-21,四川成都农产品中心批发市场有限责任公司,,,四川,,农业农村部定点农产品批发市场,农业农村部定点市场,,,,序号: 504;市场名称: 四川成都农产品中心批发市场有限责任公司;省级分组: 四川,0.98,按 PDF 两列表格抽取;原文件未提供详细地址和坐标。
rec_199cebcbb57bb791,data/raw/moa_designated_wholesale_markets_2024.pdf,file_6a02aa5933cd197b,wholesale_market,17,1,30,农业农村部定点市场名单,2024-03-21,四川聚和生态农业发展有限公司(四川成都龙泉聚合(国际)果蔬菜交易中心),,,四川,,农业农村部定点农产品批发市场,农业农村部定点市场,,,,序号: 505;市场名称: 四川聚和生态农业发展有限公司(四川成都龙泉聚合(国际)果蔬菜交易中心);省级分组: 四川,0.98,按 PDF 两列表格抽取;原文件未提供详细地址和坐标。
rec_f0c879e61ec14d85,data/raw/moa_designated_wholesale_markets_2024.pdf,file_6a02aa5933cd197b,wholesale_market,17,1,31,农业农村部定点市场名单,2024-03-21,四川三联禽畜水产交易中心,,,四川,,农业农村部定点农产品批发市场,农业农村部定点市场,,,,序号: 506;市场名称: 四川三联禽畜水产交易中心;省级分组: 四川,0.98,按 PDF 两列表格抽取;原文件未提供详细地址和坐标。
rec_be82c0681caec3ed,data/raw/moa_designated_wholesale_markets_2024.pdf,file_6a02aa5933cd197b,wholesale_market,17,1,32,农业农村部定点市场名单,2024-03-21,四川绵阳高水蔬菜批发市场,,,四川,,农业农村部定点农产品批发市场,农业农村部定点市场,,,,序号: 507;市场名称: 四川绵阳高水蔬菜批发市场;省级分组: 四川,0.98,按 PDF 两列表格抽取;原文件未提供详细地址和坐标。
rec_0eac268304ca987b,data/raw/moa_designated_wholesale_markets_2024.pdf,file_6a02aa5933cd197b,wholesale_market,17,1,33,农业农村部定点市场名单,2024-03-21,四川邻水县农产品交易中心,,,四川,,农业农村部定点农产品批发市场,农业农村部定点市场,,,,序号: 508;市场名称: 四川邻水县农产品交易中心;省级分组: 四川,0.98,按 PDF 两列表格抽取;原文件未提供详细地址和坐标。
rec_27124c6a4747f8ea,data/raw/moa_designated_wholesale_markets_2024.pdf,file_6a02aa5933cd197b,wholesale_market,18,1,1,农业农村部定点市场名单,2024-03-21,川九襄农贸商城,,,四川,,农业农村部定点农产品批发市场,农业农村部定点市场,,,,序号: 509;市场名称: 川九襄农贸商城;省级分组: 四川,0.98,按 PDF 两列表格抽取;原文件未提供详细地址和坐标。
rec_985bbac198f2ed5e,data/raw/moa_designated_wholesale_markets_2024.pdf,file_6a02aa5933cd197b,wholesale_market,18,1,2,农业农村部定点市场名单,2024-03-21,四川川南农副产品批发市场,,,四川,,农业农村部定点农产品批发市场,农业农村部定点市场,,,,序号: 510;市场名称: 四川川南农副产品批发市场;省级分组: 四川,0.98,按 PDF 两列表格抽取;原文件未提供详细地址和坐标。
rec_3c662085de65fc53,data/raw/moa_designated_wholesale_markets_2024.pdf,file_6a02aa5933cd197b,wholesale_market,18,1,3,农业农村部定点市场名单,2024-03-21,四川好一新复兴农副产品批发市场,,,四川,,农业农村部定点农产品批发市场,农业农村部定点市场,,,,序号: 511;市场名称: 四川好一新复兴农副产品批发市场;省级分组: 四川,0.98,按 PDF 两列表格抽取;原文件未提供详细地址和坐标。
rec_a18cb6f3ac48d42e,data/raw/moa_designated_wholesale_markets_2024.pdf,file_6a02aa5933cd197b,wholesale_market,18,1,4,农业农村部定点市场名单,2024-03-21,川陕甘农产品交易中心,,,四川,,农业农村部定点农产品批发市场,农业农村部定点市场,,,,序号: 512;市场名称: 川陕甘农产品交易中心;省级分组: 四川,0.98,按 PDF 两列表格抽取;原文件未提供详细地址和坐标。
rec_d92d31a69be5a76e,data/raw/moa_designated_wholesale_markets_2024.pdf,file_6a02aa5933cd197b,wholesale_market,18,1,5,农业农村部定点市场名单,2024-03-21,四川平昌县新华农产品批发市场,,,四川,,农业农村部定点农产品批发市场,农业农村部定点市场,,,,序号: 513;市场名称: 四川平昌县新华农产品批发市场;省级分组: 四川,0.98,按 PDF 两列表格抽取;原文件未提供详细地址和坐标。
rec_888206964a24aefe,data/raw/moa_designated_wholesale_markets_2024.pdf,file_6a02aa5933cd197b,wholesale_market,18,1,6,农业农村部定点市场名单,2024-03-21,四川阆中市圣果农产品综合贸易有限公司(四川阆中市圣果农产品批发市场),,,四川,,农业农村部定点农产品批发市场,农业农村部定点市场,,,,序号: 514;市场名称: 四川阆中市圣果农产品综合贸易有限公司(四川阆中市圣果农产品批发市场);省级分组: 四川,0.98,按 PDF 两列表格抽取;原文件未提供详细地址和坐标。
rec_cef9953d031a5965,data/raw/moa_designated_wholesale_markets_2024.pdf,file_6a02aa5933cd197b,wholesale_market,18,1,7,农业农村部定点市场名单,2024-03-21,四川南充川北农产品交易中心,,,四川,,农业农村部定点农产品批发市场,农业农村部定点市场,,,,序号: 515;市场名称: 四川南充川北农产品交易中心;省级分组: 四川,0.98,按 PDF 两列表格抽取;原文件未提供详细地址和坐标。
rec_2ccc3bb794d83058,data/raw/moa_designated_wholesale_markets_2024.pdf,file_6a02aa5933cd197b,wholesale_market,18,1,8,农业农村部定点市场名单,2024-03-21,四川省隆昌县禽苗市场开发有限责任公司,,,四川,,农业农村部定点农产品批发市场,农业农村部定点市场,,,,序号: 516;市场名称: 四川省隆昌县禽苗市场开发有限责任公司;省级分组: 四川,0.98,按 PDF 两列表格抽取;原文件未提供详细地址和坐标。
rec_2d53b65ad8b2dccf,data/raw/moa_designated_wholesale_markets_2024.pdf,file_6a02aa5933cd197b,wholesale_market,18,1,9,农业农村部定点市场名单,2024-03-21,四川广安临港国际农产品食品城,,,四川,,农业农村部定点农产品批发市场,农业农村部定点市场,,,,序号: 517;市场名称: 四川广安临港国际农产品食品城;省级分组: 四川,0.98,按 PDF 两列表格抽取;原文件未提供详细地址和坐标。
rec_b36d74e1519352fb,data/raw/moa_designated_wholesale_markets_2024.pdf,file_6a02aa5933cd197b,wholesale_market,18,1,10,农业农村部定点市场名单,2024-03-21,四川春天花乐园国家花卉市场,,,四川,,农业农村部定点农产品批发市场,农业农村部定点市场,,,,序号: 518;市场名称: 四川春天花乐园国家花卉市场;省级分组: 四川,0.98,按 PDF 两列表格抽取;原文件未提供详细地址和坐标。
rec_e91cb84f514d6a9b,data/raw/moa_designated_wholesale_markets_2024.pdf,file_6a02aa5933cd197b,wholesale_market,18,1,11,农业农村部定点市场名单,2024-03-21,四川雅江县松茸交易市场,,,四川,,农业农村部定点农产品批发市场,农业农村部定点市场,,,,序号: 519;市场名称: 四川雅江县松茸交易市场;省级分组: 四川,0.98,按 PDF 两列表格抽取;原文件未提供详细地址和坐标。
rec_dd9a317c4dfe623a,data/raw/moa_designated_wholesale_markets_2024.pdf,file_6a02aa5933cd197b,wholesale_market,18,1,12,农业农村部定点市场名单,2024-03-21,四川巴中农副产品交易中心,,,四川,,农业农村部定点农产品批发市场,农业农村部定点市场,,,,序号: 520;市场名称: 四川巴中农副产品交易中心;省级分组: 四川,0.98,按 PDF 两列表格抽取;原文件未提供详细地址和坐标。
rec_0e1f90a333792c56,data/raw/moa_designated_wholesale_markets_2024.pdf,file_6a02aa5933cd197b,wholesale_market,18,1,13,农业农村部定点市场名单,2024-03-21,四川西南农商国际物流港,,,四川,,农业农村部定点农产品批发市场,农业农村部定点市场,,,,序号: 521;市场名称: 四川西南农商国际物流港;省级分组: 四川,0.98,按 PDF 两列表格抽取;原文件未提供详细地址和坐标。
rec_8fc628d40bd314d8,data/raw/moa_designated_wholesale_markets_2024.pdf,file_6a02aa5933cd197b,wholesale_market,18,1,14,农业农村部定点市场名单,2024-03-21,四川金沙江智慧物流商贸城,,,四川,,农业农村部定点农产品批发市场,农业农村部定点市场,,,,序号: 522;市场名称: 四川金沙江智慧物流商贸城;省级分组: 四川,0.98,按 PDF 两列表格抽取;原文件未提供详细地址和坐标。
rec_9e46faf6baa247c2,data/raw/moa_designated_wholesale_markets_2024.pdf,file_6a02aa5933cd197b,wholesale_market,18,1,16,农业农村部定点市场名单,2024-03-21,贵州贵阳谷丰粮油食品批发市场,,,贵州,,农业农村部定点农产品批发市场,农业农村部定点市场,,,,序号: 523;市场名称: 贵州贵阳谷丰粮油食品批发市场;省级分组: 贵州,0.98,按 PDF 两列表格抽取;原文件未提供详细地址和坐标。
rec_e67a9ac504eb3f30,data/raw/moa_designated_wholesale_markets_2024.pdf,file_6a02aa5933cd197b,wholesale_market,18,1,17,农业农村部定点市场名单,2024-03-21,贵州贵阳地利农产品物流园,,,贵州,,农业农村部定点农产品批发市场,农业农村部定点市场,,,,序号: 524;市场名称: 贵州贵阳地利农产品物流园;省级分组: 贵州,0.98,按 PDF 两列表格抽取;原文件未提供详细地址和坐标。
rec_e47811449c9a20b2,data/raw/moa_designated_wholesale_markets_2024.pdf,file_6a02aa5933cd197b,wholesale_market,18,1,18,农业农村部定点市场名单,2024-03-21,贵州贵阳花溪云上大牲畜交易批发市场有限公司,,,贵州,,农业农村部定点农产品批发市场,农业农村部定点市场,,,,序号: 525;市场名称: 贵州贵阳花溪云上大牲畜交易批发市场有限公司;省级分组: 贵州,0.98,按 PDF 两列表格抽取;原文件未提供详细地址和坐标。
rec_5be1f1a2c9970e0d,data/raw/moa_designated_wholesale_markets_2024.pdf,file_6a02aa5933cd197b,wholesale_market,18,1,19,农业农村部定点市场名单,2024-03-21,贵州遵义绿色农产品交易中心,,,贵州,,农业农村部定点农产品批发市场,农业农村部定点市场,,,,序号: 526;市场名称: 贵州遵义绿色农产品交易中心;省级分组: 贵州,0.98,按 PDF 两列表格抽取;原文件未提供详细地址和坐标。
rec_0ad2e513bdae9e76,data/raw/moa_designated_wholesale_markets_2024.pdf,file_6a02aa5933cd197b,wholesale_market,18,1,20,农业农村部定点市场名单,2024-03-21,贵州凤冈县金桥梁大牲畜交易有限公司,,,贵州,,农业农村部定点农产品批发市场,农业农村部定点市场,,,,序号: 527;市场名称: 贵州凤冈县金桥梁大牲畜交易有限公司;省级分组: 贵州,0.98,按 PDF 两列表格抽取;原文件未提供详细地址和坐标。
rec_ed73920722e609cf,data/raw/moa_designated_wholesale_markets_2024.pdf,file_6a02aa5933cd197b,wholesale_market,18,1,21,农业农村部定点市场名单,2024-03-21,贵州遵义湄潭中国茶城,,,贵州,,农业农村部定点农产品批发市场,农业农村部定点市场,,,,序号: 528;市场名称: 贵州遵义湄潭中国茶城;省级分组: 贵州,0.98,按 PDF 两列表格抽取;原文件未提供详细地址和坐标。
rec_76de54138fbaeed4,data/raw/moa_designated_wholesale_markets_2024.pdf,file_6a02aa5933cd197b,wholesale_market,18,1,22,农业农村部定点市场名单,2024-03-21,贵州遵义市博源果蔬市场经营管理有限公司,,,贵州,,农业农村部定点农产品批发市场,农业农村部定点市场,,,,序号: 529;市场名称: 贵州遵义市博源果蔬市场经营管理有限公司;省级分组: 贵州,0.98,按 PDF 两列表格抽取;原文件未提供详细地址和坐标。
rec_0fe0cebcc3cd0808,data/raw/moa_designated_wholesale_markets_2024.pdf,file_6a02aa5933cd197b,wholesale_market,18,1,23,农业农村部定点市场名单,2024-03-21,贵州铜仁玉屏牲畜产地批发市场,,,贵州,,农业农村部定点农产品批发市场,农业农村部定点市场,,,,序号: 530;市场名称: 贵州铜仁玉屏牲畜产地批发市场;省级分组: 贵州,0.98,按 PDF 两列表格抽取;原文件未提供详细地址和坐标。
rec_2a053b140935a659,data/raw/moa_designated_wholesale_markets_2024.pdf,file_6a02aa5933cd197b,wholesale_market,18,1,24,农业农村部定点市场名单,2024-03-21,贵州万屯大牲畜交易市场,,,贵州,,农业农村部定点农产品批发市场,农业农村部定点市场,,,,序号: 531;市场名称: 贵州万屯大牲畜交易市场;省级分组: 贵州,0.98,按 PDF 两列表格抽取;原文件未提供详细地址和坐标。
rec_fc19776c7892de90,data/raw/moa_designated_wholesale_markets_2024.pdf,file_6a02aa5933cd197b,wholesale_market,18,1,25,农业农村部定点市场名单,2024-03-21,贵州关岭自治县断桥果蔬批发市场,,,贵州,,农业农村部定点农产品批发市场,农业农村部定点市场,,,,序号: 532;市场名称: 贵州关岭自治县断桥果蔬批发市场;省级分组: 贵州,0.98,按 PDF 两列表格抽取;原文件未提供详细地址和坐标。
rec_e6d798b842a8f4cd,data/raw/moa_designated_wholesale_markets_2024.pdf,file_6a02aa5933cd197b,wholesale_market,18,1,26,农业农村部定点市场名单,2024-03-21,贵州遵义新雪域农产品物流园,,,贵州,,农业农村部定点农产品批发市场,农业农村部定点市场,,,,序号: 533;市场名称: 贵州遵义新雪域农产品物流园;省级分组: 贵州,0.98,按 PDF 两列表格抽取;原文件未提供详细地址和坐标。
rec_566218f27baff891,data/raw/moa_designated_wholesale_markets_2024.pdf,file_6a02aa5933cd197b,wholesale_market,18,1,27,农业农村部定点市场名单,2024-03-21,贵州贵阳数字化禽蛋配送中心,,,贵州,,农业农村部定点农产品批发市场,农业农村部定点市场,,,,序号: 534;市场名称: 贵州贵阳数字化禽蛋配送中心;省级分组: 贵州,0.98,按 PDF 两列表格抽取;原文件未提供详细地址和坐标。
rec_a9f0448b383ef36f,data/raw/moa_designated_wholesale_markets_2024.pdf,file_6a02aa5933cd197b,wholesale_market,18,1,28,农业农村部定点市场名单,2024-03-21,贵州黔北鸭溪大牲畜交易市场,,,贵州,,农业农村部定点农产品批发市场,农业农村部定点市场,,,,序号: 535;市场名称: 贵州黔北鸭溪大牲畜交易市场;省级分组: 贵州,0.98,按 PDF 两列表格抽取;原文件未提供详细地址和坐标。
rec_b60b80722e91e170,data/raw/moa_designated_wholesale_markets_2024.pdf,file_6a02aa5933cd197b,wholesale_market,18,1,29,农业农村部定点市场名单,2024-03-21,中国辣椒城,,,贵州,,农业农村部定点农产品批发市场,农业农村部定点市场,,,,序号: 536;市场名称: 中国辣椒城;省级分组: 贵州,0.98,按 PDF 两列表格抽取;原文件未提供详细地址和坐标。
rec_c17eb592c03f5716,data/raw/moa_designated_wholesale_markets_2024.pdf,file_6a02aa5933cd197b,wholesale_market,18,1,30,农业农村部定点市场名单,2024-03-21,贵州贵阳农产品物流园,,,贵州,,农业农村部定点农产品批发市场,农业农村部定点市场,,,,序号: 537;市场名称: 贵州贵阳农产品物流园;省级分组: 贵州,0.98,按 PDF 两列表格抽取;原文件未提供详细地址和坐标。
rec_7a8b85c566734fa7,data/raw/moa_designated_wholesale_markets_2024.pdf,file_6a02aa5933cd197b,wholesale_market,18,1,31,农业农村部定点市场名单,2024-03-21,贵州贵阳共享农创城,,,贵州,,农业农村部定点农产品批发市场,农业农村部定点市场,,,,序号: 538;市场名称: 贵州贵阳共享农创城;省级分组: 贵州,0.98,按 PDF 两列表格抽取;原文件未提供详细地址和坐标。
rec_e5868eedda8ebd0a,data/raw/moa_designated_wholesale_markets_2024.pdf,file_6a02aa5933cd197b,wholesale_market,18,1,32,农业农村部定点市场名单,2024-03-21,贵州六盘水市农产品综合物流园,,,贵州,,农业农村部定点农产品批发市场,农业农村部定点市场,,,,序号: 539;市场名称: 贵州六盘水市农产品综合物流园;省级分组: 贵州,0.98,按 PDF 两列表格抽取;原文件未提供详细地址和坐标。
rec_43d60571903e969a,data/raw/moa_designated_wholesale_markets_2024.pdf,file_6a02aa5933cd197b,wholesale_market,18,1,33,农业农村部定点市场名单,2024-03-21,贵州毕节市创美农副产品批发交易中心,,,贵州,,农业农村部定点农产品批发市场,农业农村部定点市场,,,,序号: 540;市场名称: 贵州毕节市创美农副产品批发交易中心;省级分组: 贵州,0.98,按 PDF 两列表格抽取;原文件未提供详细地址和坐标。
rec_4c56c8980675c2e1,data/raw/moa_designated_wholesale_markets_2024.pdf,file_6a02aa5933cd197b,wholesale_market,19,1,1,农业农村部定点市场名单,2024-03-21,贵州黔西北农产品电商物流园,,,贵州,,农业农村部定点农产品批发市场,农业农村部定点市场,,,,序号: 541;市场名称: 贵州黔西北农产品电商物流园;省级分组: 贵州,0.98,按 PDF 两列表格抽取;原文件未提供详细地址和坐标。
rec_9c39c74ea0cec43a,data/raw/moa_designated_wholesale_markets_2024.pdf,file_6a02aa5933cd197b,wholesale_market,19,1,2,农业农村部定点市场名单,2024-03-21,贵州黔东南银田农产品物流园,,,贵州,,农业农村部定点农产品批发市场,农业农村部定点市场,,,,序号: 542;市场名称: 贵州黔东南银田农产品物流园;省级分组: 贵州,0.98,按 PDF 两列表格抽取;原文件未提供详细地址和坐标。
rec_8592ed9834104b1e,data/raw/moa_designated_wholesale_markets_2024.pdf,file_6a02aa5933cd197b,wholesale_market,19,1,3,农业农村部定点市场名单,2024-03-21,贵州施秉太子参牛大场交易中心,,,贵州,,农业农村部定点农产品批发市场,农业农村部定点市场,,,,序号: 543;市场名称: 贵州施秉太子参牛大场交易中心;省级分组: 贵州,0.98,按 PDF 两列表格抽取;原文件未提供详细地址和坐标。
rec_b70dc9d869865c65,data/raw/moa_designated_wholesale_markets_2024.pdf,file_6a02aa5933cd197b,wholesale_market,19,1,4,农业农村部定点市场名单,2024-03-21,贵州黔匀和农产品物流园,,,贵州,,农业农村部定点农产品批发市场,农业农村部定点市场,,,,序号: 544;市场名称: 贵州黔匀和农产品物流园;省级分组: 贵州,0.98,按 PDF 两列表格抽取;原文件未提供详细地址和坐标。
rec_d91d7a4c26d92db9,data/raw/moa_designated_wholesale_markets_2024.pdf,file_6a02aa5933cd197b,wholesale_market,19,1,5,农业农村部定点市场名单,2024-03-21,贵州双龙现代农副产品交易中心,,,贵州,,农业农村部定点农产品批发市场,农业农村部定点市场,,,,序号: 545;市场名称: 贵州双龙现代农副产品交易中心;省级分组: 贵州,0.98,按 PDF 两列表格抽取;原文件未提供详细地址和坐标。
rec_d7426d29fcb0e156,data/raw/moa_designated_wholesale_markets_2024.pdf,file_6a02aa5933cd197b,wholesale_market,19,1,6,农业农村部定点市场名单,2024-03-21,贵州兴义市吉祥综合农贸市场,,,贵州,,农业农村部定点农产品批发市场,农业农村部定点市场,,,,序号: 546;市场名称: 贵州兴义市吉祥综合农贸市场;省级分组: 贵州,0.98,按 PDF 两列表格抽取;原文件未提供详细地址和坐标。
rec_fe3d8be95f8173a2,data/raw/moa_designated_wholesale_markets_2024.pdf,file_6a02aa5933cd197b,wholesale_market,19,1,8,农业农村部定点市场名单,2024-03-21,云南昆明斗南花卉市场,,,云南,,农业农村部定点农产品批发市场,农业农村部定点市场,,,,序号: 547;市场名称: 云南昆明斗南花卉市场;省级分组: 云南,0.98,按 PDF 两列表格抽取;原文件未提供详细地址和坐标。
rec_3b391d0575069322,data/raw/moa_designated_wholesale_markets_2024.pdf,file_6a02aa5933cd197b,wholesale_market,19,1,9,农业农村部定点市场名单,2024-03-21,云南龙城蔬菜批发市场,,,云南,,农业农村部定点农产品批发市场,农业农村部定点市场,,,,序号: 548;市场名称: 云南龙城蔬菜批发市场;省级分组: 云南,0.98,按 PDF 两列表格抽取;原文件未提供详细地址和坐标。
rec_8a130b1bd72d9fc5,data/raw/moa_designated_wholesale_markets_2024.pdf,file_6a02aa5933cd197b,wholesale_market,19,1,10,农业农村部定点市场名单,2024-03-21,云南昆明市王旗营蔬菜批发市场有限公司,,,云南,,农业农村部定点农产品批发市场,农业农村部定点市场,,,,序号: 549;市场名称: 云南昆明市王旗营蔬菜批发市场有限公司;省级分组: 云南,0.98,按 PDF 两列表格抽取;原文件未提供详细地址和坐标。
rec_830842d1733a22b2,data/raw/moa_designated_wholesale_markets_2024.pdf,file_6a02aa5933cd197b,wholesale_market,19,1,11,农业农村部定点市场名单,2024-03-21,云南昆明骏骐干菜副食粮油批发市场,,,云南,,农业农村部定点农产品批发市场,农业农村部定点市场,,,,序号: 550;市场名称: 云南昆明骏骐干菜副食粮油批发市场;省级分组: 云南,0.98,按 PDF 两列表格抽取;原文件未提供详细地址和坐标。
rec_68abc7751dc04c51,data/raw/moa_designated_wholesale_markets_2024.pdf,file_6a02aa5933cd197b,wholesale_market,19,1,12,农业农村部定点市场名单,2024-03-21,云南康乐茶文化城,,,云南,,农业农村部定点农产品批发市场,农业农村部定点市场,,,,序号: 551;市场名称: 云南康乐茶文化城;省级分组: 云南,0.98,按 PDF 两列表格抽取;原文件未提供详细地址和坐标。
rec_729b4166b131e6f7,data/raw/moa_designated_wholesale_markets_2024.pdf,file_6a02aa5933cd197b,wholesale_market,19,1,13,农业农村部定点市场名单,2024-03-21,云南昆明市金马正昌第二果品市场,,,云南,,农业农村部定点农产品批发市场,农业农村部定点市场,,,,序号: 552;市场名称: 云南昆明市金马正昌第二果品市场;省级分组: 云南,0.98,按 PDF 两列表格抽取;原文件未提供详细地址和坐标。
rec_bf1ba39e9e325f17,data/raw/moa_designated_wholesale_markets_2024.pdf,file_6a02aa5933cd197b,wholesale_market,19,1,14,农业农村部定点市场名单,2024-03-21,云南富源县金城农贸市场,,,云南,,农业农村部定点农产品批发市场,农业农村部定点市场,,,,序号: 553;市场名称: 云南富源县金城农贸市场;省级分组: 云南,0.98,按 PDF 两列表格抽取;原文件未提供详细地址和坐标。
rec_1b6b0ca7c9e003f4,data/raw/moa_designated_wholesale_markets_2024.pdf,file_6a02aa5933cd197b,wholesale_market,19,1,15,农业农村部定点市场名单,2024-03-21,云南通海金山蔬菜批发市场,,,云南,,农业农村部定点农产品批发市场,农业农村部定点市场,,,,序号: 554;市场名称: 云南通海金山蔬菜批发市场;省级分组: 云南,0.98,按 PDF 两列表格抽取;原文件未提供详细地址和坐标。
rec_9bc2fbb8db94c968,data/raw/moa_designated_wholesale_markets_2024.pdf,file_6a02aa5933cd197b,wholesale_market,19,1,16,农业农村部定点市场名单,2024-03-21,云南元谋县蔬菜交易市场,,,云南,,农业农村部定点农产品批发市场,农业农村部定点市场,,,,序号: 555;市场名称: 云南元谋县蔬菜交易市场;省级分组: 云南,0.98,按 PDF 两列表格抽取;原文件未提供详细地址和坐标。
rec_e4c49f94bf22b94a,data/raw/moa_designated_wholesale_markets_2024.pdf,file_6a02aa5933cd197b,wholesale_market,19,1,17,农业农村部定点市场名单,2024-03-21,云南泸西县粮贸综合市场,,,云南,,农业农村部定点农产品批发市场,农业农村部定点市场,,,,序号: 556;市场名称: 云南泸西县粮贸综合市场;省级分组: 云南,0.98,按 PDF 两列表格抽取;原文件未提供详细地址和坐标。
rec_a325ab643de499a4,data/raw/moa_designated_wholesale_markets_2024.pdf,file_6a02aa5933cd197b,wholesale_market,19,1,18,农业农村部定点市场名单,2024-03-21,云南保山市隆阳区蔬菜水果综合批发市场,,,云南,,农业农村部定点农产品批发市场,农业农村部定点市场,,,,序号: 557;市场名称: 云南保山市隆阳区蔬菜水果综合批发市场;省级分组: 云南,0.98,按 PDF 两列表格抽取;原文件未提供详细地址和坐标。
rec_bdd0ced2ccc68612,data/raw/moa_designated_wholesale_markets_2024.pdf,file_6a02aa5933cd197b,wholesale_market,19,1,19,农业农村部定点市场名单,2024-03-21,云南砚山县稼依辣椒专业交易市场,,,云南,,农业农村部定点农产品批发市场,农业农村部定点市场,,,,序号: 558;市场名称: 云南砚山县稼依辣椒专业交易市场;省级分组: 云南,0.98,按 PDF 两列表格抽取;原文件未提供详细地址和坐标。
rec_2d67bf80c0cf425e,data/raw/moa_designated_wholesale_markets_2024.pdf,file_6a02aa5933cd197b,wholesale_market,19,1,20,农业农村部定点市场名单,2024-03-21,云南省滇西蔬菜批发市场,,,云南,,农业农村部定点农产品批发市场,农业农村部定点市场,,,,序号: 559;市场名称: 云南省滇西蔬菜批发市场;省级分组: 云南,0.98,按 PDF 两列表格抽取;原文件未提供详细地址和坐标。
rec_f69af2abb0a01ced,data/raw/moa_designated_wholesale_markets_2024.pdf,file_6a02aa5933cd197b,wholesale_market,19,1,21,农业农村部定点市场名单,2024-03-21,云南新登生猪交易有限公司(云南省大理州辛屯新登生猪交易市场),,,云南,,农业农村部定点农产品批发市场,农业农村部定点市场,,,,序号: 560;市场名称: 云南新登生猪交易有限公司(云南省大理州辛屯新登生猪交易市场);省级分组: 云南,0.98,按 PDF 两列表格抽取;原文件未提供详细地址和坐标。
rec_11ebbbaaa74d9b41,data/raw/moa_designated_wholesale_markets_2024.pdf,file_6a02aa5933cd197b,wholesale_market,19,1,22,农业农村部定点市场名单,2024-03-21,云南寻甸羊街大型畜产品综合交易市场,,,云南,,农业农村部定点农产品批发市场,农业农村部定点市场,,,,序号: 561;市场名称: 云南寻甸羊街大型畜产品综合交易市场;省级分组: 云南,0.98,按 PDF 两列表格抽取;原文件未提供详细地址和坐标。
rec_19c51ba38bc1ec32,data/raw/moa_designated_wholesale_markets_2024.pdf,file_6a02aa5933cd197b,wholesale_market,19,1,23,农业农村部定点市场名单,2024-03-21,云南澄江县右所镇柿花园交易市场,,,云南,,农业农村部定点农产品批发市场,农业农村部定点市场,,,,序号: 562;市场名称: 云南澄江县右所镇柿花园交易市场;省级分组: 云南,0.98,按 PDF 两列表格抽取;原文件未提供详细地址和坐标。
rec_00e7fa73f4ef7bf0,data/raw/moa_designated_wholesale_markets_2024.pdf,file_6a02aa5933cd197b,wholesale_market,19,1,24,农业农村部定点市场名单,2024-03-21,云南滇东农产品集散交易与物流中心,,,云南,,农业农村部定点农产品批发市场,农业农村部定点市场,,,,序号: 563;市场名称: 云南滇东农产品集散交易与物流中心;省级分组: 云南,0.98,按 PDF 两列表格抽取;原文件未提供详细地址和坐标。
rec_1bf17d10946df689,data/raw/moa_designated_wholesale_markets_2024.pdf,file_6a02aa5933cd197b,wholesale_market,19,1,25,农业农村部定点市场名单,2024-03-21,云南文山三七国际交易中心,,,云南,,农业农村部定点农产品批发市场,农业农村部定点市场,,,,序号: 564;市场名称: 云南文山三七国际交易中心;省级分组: 云南,0.98,按 PDF 两列表格抽取;原文件未提供详细地址和坐标。
rec_f1bc191a309a97c4,data/raw/moa_designated_wholesale_markets_2024.pdf,file_6a02aa5933cd197b,wholesale_market,19,1,26,农业农村部定点市场名单,2024-03-21,云南华潮水产品批发市场,,,云南,,农业农村部定点农产品批发市场,农业农村部定点市场,,,,序号: 565;市场名称: 云南华潮水产品批发市场;省级分组: 云南,0.98,按 PDF 两列表格抽取;原文件未提供详细地址和坐标。
rec_606fcb5e5b13cec1,data/raw/moa_designated_wholesale_markets_2024.pdf,file_6a02aa5933cd197b,wholesale_market,19,1,27,农业农村部定点市场名单,2024-03-21,云南师宗县凤城综合农贸市场,,,云南,,农业农村部定点农产品批发市场,农业农村部定点市场,,,,序号: 566;市场名称: 云南师宗县凤城综合农贸市场;省级分组: 云南,0.98,按 PDF 两列表格抽取;原文件未提供详细地址和坐标。
rec_3083a4e5d88e4602,data/raw/moa_designated_wholesale_markets_2024.pdf,file_6a02aa5933cd197b,wholesale_market,19,1,29,农业农村部定点市场名单,2024-03-21,陕西西安市朱雀农产品市场有限公司(陕西西安朱雀农副产品物流中心),,,陕西,,农业农村部定点农产品批发市场,农业农村部定点市场,,,,序号: 567;市场名称: 陕西西安市朱雀农产品市场有限公司(陕西西安朱雀农副产品物流中心);省级分组: 陕西,0.98,按 PDF 两列表格抽取;原文件未提供详细地址和坐标。
rec_3ea24429f097ad9e,data/raw/moa_designated_wholesale_markets_2024.pdf,file_6a02aa5933cd197b,wholesale_market,19,1,30,农业农村部定点市场名单,2024-03-21,陕西咸阳新阳光农副产品有限公司(陕西咸阳新阳光农副产品批发市场),,,陕西,,农业农村部定点农产品批发市场,农业农村部定点市场,,,,序号: 568;市场名称: 陕西咸阳新阳光农副产品有限公司(陕西咸阳新阳光农副产品批发市场);省级分组: 陕西,0.98,按 PDF 两列表格抽取;原文件未提供详细地址和坐标。
rec_79d8f99f99173177,data/raw/moa_designated_wholesale_markets_2024.pdf,file_6a02aa5933cd197b,wholesale_market,19,1,31,农业农村部定点市场名单,2024-03-21,陕西渭南市曙光农副综合批发市场,,,陕西,,农业农村部定点农产品批发市场,农业农村部定点市场,,,,序号: 569;市场名称: 陕西渭南市曙光农副综合批发市场;省级分组: 陕西,0.98,按 PDF 两列表格抽取;原文件未提供详细地址和坐标。
rec_d09dd676dd813573,data/raw/moa_designated_wholesale_markets_2024.pdf,file_6a02aa5933cd197b,wholesale_market,19,1,32,农业农村部定点市场名单,2024-03-21,陕西渭南市华州区君沙蔬菜批发中心,,,陕西,,农业农村部定点农产品批发市场,农业农村部定点市场,,,,序号: 570;市场名称: 陕西渭南市华州区君沙蔬菜批发中心;省级分组: 陕西,0.98,按 PDF 两列表格抽取;原文件未提供详细地址和坐标。
rec_9af1cf5147ad189c,data/raw/moa_designated_wholesale_markets_2024.pdf,file_6a02aa5933cd197b,wholesale_market,20,1,1,农业农村部定点市场名单,2024-03-21,陕西宝鸡市恒丰园蔬菜批发市场,,,陕西,,农业农村部定点农产品批发市场,农业农村部定点市场,,,,序号: 571;市场名称: 陕西宝鸡市恒丰园蔬菜批发市场;省级分组: 陕西,0.98,按 PDF 两列表格抽取;原文件未提供详细地址和坐标。
rec_86071cc6d8ba6cee,data/raw/moa_designated_wholesale_markets_2024.pdf,file_6a02aa5933cd197b,wholesale_market,20,1,2,农业农村部定点市场名单,2024-03-21,陕西西部欣桥农产品物流中心市场,,,陕西,,农业农村部定点农产品批发市场,农业农村部定点市场,,,,序号: 572;市场名称: 陕西西部欣桥农产品物流中心市场;省级分组: 陕西,0.98,按 PDF 两列表格抽取;原文件未提供详细地址和坐标。
rec_45b15c3d4b791514,data/raw/moa_designated_wholesale_markets_2024.pdf,file_6a02aa5933cd197b,wholesale_market,20,1,3,农业农村部定点市场名单,2024-03-21,陕西泾云现代农业股份有限公司云阳蔬菜批发市场,,,陕西,,农业农村部定点农产品批发市场,农业农村部定点市场,,,,序号: 573;市场名称: 陕西泾云现代农业股份有限公司云阳蔬菜批发市场;省级分组: 陕西,0.98,按 PDF 两列表格抽取;原文件未提供详细地址和坐标。
rec_583a73cac5c5d5ae,data/raw/moa_designated_wholesale_markets_2024.pdf,file_6a02aa5933cd197b,wholesale_market,20,1,4,农业农村部定点市场名单,2024-03-21,陕西三原富民农产品贸易有限责任公司(陕西三原富民农产品批发市场),,,陕西,,农业农村部定点农产品批发市场,农业农村部定点市场,,,,序号: 574;市场名称: 陕西三原富民农产品贸易有限责任公司(陕西三原富民农产品批发市场);省级分组: 陕西,0.98,按 PDF 两列表格抽取;原文件未提供详细地址和坐标。
rec_e2e7f3d3a71a7be8,data/raw/moa_designated_wholesale_markets_2024.pdf,file_6a02aa5933cd197b,wholesale_market,20,1,5,农业农村部定点市场名单,2024-03-21,陕西富县综合市场,,,陕西,,农业农村部定点农产品批发市场,农业农村部定点市场,,,,序号: 575;市场名称: 陕西富县综合市场;省级分组: 陕西,0.98,按 PDF 两列表格抽取;原文件未提供详细地址和坐标。
rec_1478155c5dd1d294,data/raw/moa_designated_wholesale_markets_2024.pdf,file_6a02aa5933cd197b,wholesale_market,20,1,6,农业农村部定点市场名单,2024-03-21,陕西彬县商贸市场服务中心,,,陕西,,农业农村部定点农产品批发市场,农业农村部定点市场,,,,序号: 576;市场名称: 陕西彬县商贸市场服务中心;省级分组: 陕西,0.98,按 PDF 两列表格抽取;原文件未提供详细地址和坐标。
rec_806665ec2bf36ef3,data/raw/moa_designated_wholesale_markets_2024.pdf,file_6a02aa5933cd197b,wholesale_market,20,1,7,农业农村部定点市场名单,2024-03-21,陕西宝鸡汇农常丰商贸有限公司(陕西宝鸡汇丰农副产品交易中心),,,陕西,,农业农村部定点农产品批发市场,农业农村部定点市场,,,,序号: 577;市场名称: 陕西宝鸡汇农常丰商贸有限公司(陕西宝鸡汇丰农副产品交易中心);省级分组: 陕西,0.98,按 PDF 两列表格抽取;原文件未提供详细地址和坐标。
rec_2b639880c03f0cde,data/raw/moa_designated_wholesale_markets_2024.pdf,file_6a02aa5933cd197b,wholesale_market,20,1,9,农业农村部定点市场名单,2024-03-21,甘肃兰州国际高原夏菜副食品采购中心有限公司,,,甘肃,,农业农村部定点农产品批发市场,农业农村部定点市场,,,,序号: 578;市场名称: 甘肃兰州国际高原夏菜副食品采购中心有限公司;省级分组: 甘肃,0.98,按 PDF 两列表格抽取;原文件未提供详细地址和坐标。
rec_e4d7cf352e591d94,data/raw/moa_designated_wholesale_markets_2024.pdf,file_6a02aa5933cd197b,wholesale_market,20,1,10,农业农村部定点市场名单,2024-03-21,甘肃兰州蒋氏农产品有限公司(甘肃省榆中县蒋氏农产品交易市场),,,甘肃,,农业农村部定点农产品批发市场,农业农村部定点市场,,,,序号: 579;市场名称: 甘肃兰州蒋氏农产品有限公司(甘肃省榆中县蒋氏农产品交易市场);省级分组: 甘肃,0.98,按 PDF 两列表格抽取;原文件未提供详细地址和坐标。
rec_efbc2bc0fe43790e,data/raw/moa_designated_wholesale_markets_2024.pdf,file_6a02aa5933cd197b,wholesale_market,20,1,11,农业农村部定点市场名单,2024-03-21,甘肃桃海市场,,,甘肃,,农业农村部定点农产品批发市场,农业农村部定点市场,,,,序号: 580;市场名称: 甘肃桃海市场;省级分组: 甘肃,0.98,按 PDF 两列表格抽取;原文件未提供详细地址和坐标。
rec_8972e598b6d8e677,data/raw/moa_designated_wholesale_markets_2024.pdf,file_6a02aa5933cd197b,wholesale_market,20,1,12,农业农村部定点市场名单,2024-03-21,甘肃金昌市金川天然农产品发展有限责任公司(甘肃金昌农产品综合批发市场),,,甘肃,,农业农村部定点农产品批发市场,农业农村部定点市场,,,,序号: 581;市场名称: 甘肃金昌市金川天然农产品发展有限责任公司(甘肃金昌农产品综合批发市场);省级分组: 甘肃,0.98,按 PDF 两列表格抽取;原文件未提供详细地址和坐标。
rec_541cedeb8c28d93e,data/raw/moa_designated_wholesale_markets_2024.pdf,file_6a02aa5933cd197b,wholesale_market,20,1,13,农业农村部定点市场名单,2024-03-21,甘肃北方菜业有限责任公司(甘肃省靖远县瓜果蔬菜批发市场),,,甘肃,,农业农村部定点农产品批发市场,农业农村部定点市场,,,,序号: 582;市场名称: 甘肃北方菜业有限责任公司(甘肃省靖远县瓜果蔬菜批发市场);省级分组: 甘肃,0.98,按 PDF 两列表格抽取;原文件未提供详细地址和坐标。
rec_ae29fc958f15264d,data/raw/moa_designated_wholesale_markets_2024.pdf,file_6a02aa5933cd197b,wholesale_market,20,1,14,农业农村部定点市场名单,2024-03-21,甘肃定西马铃薯综合交易中心,,,甘肃,,农业农村部定点农产品批发市场,农业农村部定点市场,,,,序号: 583;市场名称: 甘肃定西马铃薯综合交易中心;省级分组: 甘肃,0.98,按 PDF 两列表格抽取;原文件未提供详细地址和坐标。
rec_376aee08bd2e530b,data/raw/moa_designated_wholesale_markets_2024.pdf,file_6a02aa5933cd197b,wholesale_market,20,1,15,农业农村部定点市场名单,2024-03-21,甘肃定西市临洮县崖湾蔬菜批发市场,,,甘肃,,农业农村部定点农产品批发市场,农业农村部定点市场,,,,序号: 584;市场名称: 甘肃定西市临洮县崖湾蔬菜批发市场;省级分组: 甘肃,0.98,按 PDF 两列表格抽取;原文件未提供详细地址和坐标。
rec_8a0088183eb7c808,data/raw/moa_designated_wholesale_markets_2024.pdf,file_6a02aa5933cd197b,wholesale_market,20,1,16,农业农村部定点市场名单,2024-03-21,甘肃临洮县腾胜蔬菜市场服务有限责任公司,,,甘肃,,农业农村部定点农产品批发市场,农业农村部定点市场,,,,序号: 585;市场名称: 甘肃临洮县腾胜蔬菜市场服务有限责任公司;省级分组: 甘肃,0.98,按 PDF 两列表格抽取;原文件未提供详细地址和坐标。
rec_e2cb78f92b508181,data/raw/moa_designated_wholesale_markets_2024.pdf,file_6a02aa5933cd197b,wholesale_market,20,1,17,农业农村部定点市场名单,2024-03-21,甘肃渭源县会川马铃薯优质种薯专业批发市场,,,甘肃,,农业农村部定点农产品批发市场,农业农村部定点市场,,,,序号: 586;市场名称: 甘肃渭源县会川马铃薯优质种薯专业批发市场;省级分组: 甘肃,0.98,按 PDF 两列表格抽取;原文件未提供详细地址和坐标。
rec_9e3314629633e278,data/raw/moa_designated_wholesale_markets_2024.pdf,file_6a02aa5933cd197b,wholesale_market,20,1,18,农业农村部定点市场名单,2024-03-21,甘肃陇西县清吉洋芋批发交易市场有限责任公司,,,甘肃,,农业农村部定点农产品批发市场,农业农村部定点市场,,,,序号: 587;市场名称: 甘肃陇西县清吉洋芋批发交易市场有限责任公司;省级分组: 甘肃,0.98,按 PDF 两列表格抽取;原文件未提供详细地址和坐标。
rec_e8e8b2ff7e0dda25,data/raw/moa_designated_wholesale_markets_2024.pdf,file_6a02aa5933cd197b,wholesale_market,20,1,19,农业农村部定点市场名单,2024-03-21,甘肃庆阳市西峰西郊瓜果蔬菜批发有限责任公司,,,甘肃,,农业农村部定点农产品批发市场,农业农村部定点市场,,,,序号: 588;市场名称: 甘肃庆阳市西峰西郊瓜果蔬菜批发有限责任公司;省级分组: 甘肃,0.98,按 PDF 两列表格抽取;原文件未提供详细地址和坐标。
rec_b91fcda02e23f83c,data/raw/moa_designated_wholesale_markets_2024.pdf,file_6a02aa5933cd197b,wholesale_market,20,1,20,农业农村部定点市场名单,2024-03-21,甘肃天水瀛池果菜批发市场,,,甘肃,,农业农村部定点农产品批发市场,农业农村部定点市场,,,,序号: 589;市场名称: 甘肃天水瀛池果菜批发市场;省级分组: 甘肃,0.98,按 PDF 两列表格抽取;原文件未提供详细地址和坐标。
rec_980be7140b89a899,data/raw/moa_designated_wholesale_markets_2024.pdf,file_6a02aa5933cd197b,wholesale_market,20,1,21,农业农村部定点市场名单,2024-03-21,甘肃甘谷浙江商贸城农产品冷链物流中心,,,甘肃,,农业农村部定点农产品批发市场,农业农村部定点市场,,,,序号: 590;市场名称: 甘肃甘谷浙江商贸城农产品冷链物流中心;省级分组: 甘肃,0.98,按 PDF 两列表格抽取;原文件未提供详细地址和坐标。
rec_c72f23a7eea7aa6e,data/raw/moa_designated_wholesale_markets_2024.pdf,file_6a02aa5933cd197b,wholesale_market,20,1,22,农业农村部定点市场名单,2024-03-21,国家级武山洛门蔬菜批发市场,,,甘肃,,农业农村部定点农产品批发市场,农业农村部定点市场,,,,序号: 591;市场名称: 国家级武山洛门蔬菜批发市场;省级分组: 甘肃,0.98,按 PDF 两列表格抽取;原文件未提供详细地址和坐标。
rec_585c97739018b8b3,data/raw/moa_designated_wholesale_markets_2024.pdf,file_6a02aa5933cd197b,wholesale_market,20,1,23,农业农村部定点市场名单,2024-03-21,甘肃陇南农副产品批发交易中心,,,甘肃,,农业农村部定点农产品批发市场,农业农村部定点市场,,,,序号: 592;市场名称: 甘肃陇南农副产品批发交易中心;省级分组: 甘肃,0.98,按 PDF 两列表格抽取;原文件未提供详细地址和坐标。
rec_199b54dd2b2b37a9,data/raw/moa_designated_wholesale_markets_2024.pdf,file_6a02aa5933cd197b,wholesale_market,20,1,24,农业农村部定点市场名单,2024-03-21,甘肃酒泉春光农产品市场有限责任公司,,,甘肃,,农业农村部定点农产品批发市场,农业农村部定点市场,,,,序号: 593;市场名称: 甘肃酒泉春光农产品市场有限责任公司;省级分组: 甘肃,0.98,按 PDF 两列表格抽取;原文件未提供详细地址和坐标。
rec_56762a39a6bb59b1,data/raw/moa_designated_wholesale_markets_2024.pdf,file_6a02aa5933cd197b,wholesale_market,20,1,25,农业农村部定点市场名单,2024-03-21,甘肃武威昊天农产品交易市场暨仓储物流中心,,,甘肃,,农业农村部定点农产品批发市场,农业农村部定点市场,,,,序号: 594;市场名称: 甘肃武威昊天农产品交易市场暨仓储物流中心;省级分组: 甘肃,0.98,按 PDF 两列表格抽取;原文件未提供详细地址和坐标。
rec_c971f1e8d7eb2ff7,data/raw/moa_designated_wholesale_markets_2024.pdf,file_6a02aa5933cd197b,wholesale_market,20,1,26,农业农村部定点市场名单,2024-03-21,甘肃张掖绿洲农副产品综合交易市场,,,甘肃,,农业农村部定点农产品批发市场,农业农村部定点市场,,,,序号: 595;市场名称: 甘肃张掖绿洲农副产品综合交易市场;省级分组: 甘肃,0.98,按 PDF 两列表格抽取;原文件未提供详细地址和坐标。
rec_8eaa64b1eb9ecfcc,data/raw/moa_designated_wholesale_markets_2024.pdf,file_6a02aa5933cd197b,wholesale_market,20,1,27,农业农村部定点市场名单,2024-03-21,甘肃高台景隆农产品市场流通有限责任公司,,,甘肃,,农业农村部定点农产品批发市场,农业农村部定点市场,,,,序号: 596;市场名称: 甘肃高台景隆农产品市场流通有限责任公司;省级分组: 甘肃,0.98,按 PDF 两列表格抽取;原文件未提供详细地址和坐标。
rec_a3ed1fd6e63d2b0e,data/raw/moa_designated_wholesale_markets_2024.pdf,file_6a02aa5933cd197b,wholesale_market,20,1,28,农业农村部定点市场名单,2024-03-21,甘肃邦农农产品批发市场,,,甘肃,,农业农村部定点农产品批发市场,农业农村部定点市场,,,,序号: 597;市场名称: 甘肃邦农农产品批发市场;省级分组: 甘肃,0.98,按 PDF 两列表格抽取;原文件未提供详细地址和坐标。
rec_a40e8256838878c6,data/raw/moa_designated_wholesale_markets_2024.pdf,file_6a02aa5933cd197b,wholesale_market,20,1,29,农业农村部定点市场名单,2024-03-21,甘肃平凉新阳光陇东农副产品批发交易市场,,,甘肃,,农业农村部定点农产品批发市场,农业农村部定点市场,,,,序号: 598;市场名称: 甘肃平凉新阳光陇东农副产品批发交易市场;省级分组: 甘肃,0.98,按 PDF 两列表格抽取;原文件未提供详细地址和坐标。
rec_e6d2c4af2c04066c,data/raw/moa_designated_wholesale_markets_2024.pdf,file_6a02aa5933cd197b,wholesale_market,20,1,30,农业农村部定点市场名单,2024-03-21,甘肃渭源县渭水源中药材贸易中心,,,甘肃,,农业农村部定点农产品批发市场,农业农村部定点市场,,,,序号: 599;市场名称: 甘肃渭源县渭水源中药材贸易中心;省级分组: 甘肃,0.98,按 PDF 两列表格抽取;原文件未提供详细地址和坐标。
rec_7b0ab7db63acd83e,data/raw/moa_designated_wholesale_markets_2024.pdf,file_6a02aa5933cd197b,wholesale_market,20,1,31,农业农村部定点市场名单,2024-03-21,甘肃敦煌龙德盛农产品交易市场有限责任公司,,,甘肃,,农业农村部定点农产品批发市场,农业农村部定点市场,,,,序号: 600;市场名称: 甘肃敦煌龙德盛农产品交易市场有限责任公司;省级分组: 甘肃,0.98,按 PDF 两列表格抽取;原文件未提供详细地址和坐标。
rec_a1779ba1467824ef,data/raw/moa_designated_wholesale_markets_2024.pdf,file_6a02aa5933cd197b,wholesale_market,20,1,32,农业农村部定点市场名单,2024-03-21,甘肃古浪县八步沙羊产业链服务中心,,,甘肃,,农业农村部定点农产品批发市场,农业农村部定点市场,,,,序号: 601;市场名称: 甘肃古浪县八步沙羊产业链服务中心;省级分组: 甘肃,0.98,按 PDF 两列表格抽取;原文件未提供详细地址和坐标。
rec_08ff936b7654ce54,data/raw/moa_designated_wholesale_markets_2024.pdf,file_6a02aa5933cd197b,wholesale_market,21,1,1,农业农村部定点市场名单,2024-03-21,甘肃巨龙农产品综合批发市场,,,甘肃,,农业农村部定点农产品批发市场,农业农村部定点市场,,,,序号: 602;市场名称: 甘肃巨龙农产品综合批发市场;省级分组: 甘肃,0.98,按 PDF 两列表格抽取;原文件未提供详细地址和坐标。
rec_6c2cfcefa8d4998c,data/raw/moa_designated_wholesale_markets_2024.pdf,file_6a02aa5933cd197b,wholesale_market,21,1,2,农业农村部定点市场名单,2024-03-21,甘肃兰州新区国源农贸副食品批发市场,,,甘肃,,农业农村部定点农产品批发市场,农业农村部定点市场,,,,序号: 603;市场名称: 甘肃兰州新区国源农贸副食品批发市场;省级分组: 甘肃,0.98,按 PDF 两列表格抽取;原文件未提供详细地址和坐标。
rec_a0bd371def0cdbf3,data/raw/moa_designated_wholesale_markets_2024.pdf,file_6a02aa5933cd197b,wholesale_market,21,1,3,农业农村部定点市场名单,2024-03-21,甘肃兰州高原夏菜蔬菜物流交易中心,,,甘肃,,农业农村部定点农产品批发市场,农业农村部定点市场,,,,序号: 604;市场名称: 甘肃兰州高原夏菜蔬菜物流交易中心;省级分组: 甘肃,0.98,按 PDF 两列表格抽取;原文件未提供详细地址和坐标。
rec_6a9a0f130e8bd744,data/raw/moa_designated_wholesale_markets_2024.pdf,file_6a02aa5933cd197b,wholesale_market,21,1,4,农业农村部定点市场名单,2024-03-21,甘肃金昌江楠农产品综合批发市场,,,甘肃,,农业农村部定点农产品批发市场,农业农村部定点市场,,,,序号: 605;市场名称: 甘肃金昌江楠农产品综合批发市场;省级分组: 甘肃,0.98,按 PDF 两列表格抽取;原文件未提供详细地址和坐标。
rec_ae017667e22d516c,data/raw/moa_designated_wholesale_markets_2024.pdf,file_6a02aa5933cd197b,wholesale_market,21,1,5,农业农村部定点市场名单,2024-03-21,甘肃甘南牦牛及产品专业批发市场,,,甘肃,,农业农村部定点农产品批发市场,农业农村部定点市场,,,,序号: 606;市场名称: 甘肃甘南牦牛及产品专业批发市场;省级分组: 甘肃,0.98,按 PDF 两列表格抽取;原文件未提供详细地址和坐标。
rec_f1e3870ab6941e23,data/raw/moa_designated_wholesale_markets_2024.pdf,file_6a02aa5933cd197b,wholesale_market,21,1,7,农业农村部定点市场名单,2024-03-21,青海西宁仁杰粮油批发市场,,,青海,,农业农村部定点农产品批发市场,农业农村部定点市场,,,,序号: 607;市场名称: 青海西宁仁杰粮油批发市场;省级分组: 青海,0.98,按 PDF 两列表格抽取;原文件未提供详细地址和坐标。
rec_17b606fd7d419e74,data/raw/moa_designated_wholesale_markets_2024.pdf,file_6a02aa5933cd197b,wholesale_market,21,1,8,农业农村部定点市场名单,2024-03-21,青海西宁盛强综合批发市场,,,青海,,农业农村部定点农产品批发市场,农业农村部定点市场,,,,序号: 608;市场名称: 青海西宁盛强综合批发市场;省级分组: 青海,0.98,按 PDF 两列表格抽取;原文件未提供详细地址和坐标。
rec_8b1f4c053394180f,data/raw/moa_designated_wholesale_markets_2024.pdf,file_6a02aa5933cd197b,wholesale_market,21,1,9,农业农村部定点市场名单,2024-03-21,青海农牧生产资料(集团)股份有限公司定点农资市场,,,青海,,农业农村部定点农产品批发市场,农业农村部定点市场,,,,序号: 609;市场名称: 青海农牧生产资料(集团)股份有限公司定点农资市场;省级分组: 青海,0.98,按 PDF 两列表格抽取;原文件未提供详细地址和坐标。
rec_9e8bf471b6ab4047,data/raw/moa_designated_wholesale_markets_2024.pdf,file_6a02aa5933cd197b,wholesale_market,21,1,10,农业农村部定点市场名单,2024-03-21,青海裕泰牛羊肉交易市场,,,青海,,农业农村部定点农产品批发市场,农业农村部定点市场,,,,序号: 610;市场名称: 青海裕泰牛羊肉交易市场;省级分组: 青海,0.98,按 PDF 两列表格抽取;原文件未提供详细地址和坐标。
rec_263880e46447905b,data/raw/moa_designated_wholesale_markets_2024.pdf,file_6a02aa5933cd197b,wholesale_market,21,1,11,农业农村部定点市场名单,2024-03-21,青海东部农副产品综合市场,,,青海,,农业农村部定点农产品批发市场,农业农村部定点市场,,,,序号: 611;市场名称: 青海东部农副产品综合市场;省级分组: 青海,0.98,按 PDF 两列表格抽取;原文件未提供详细地址和坐标。
rec_dcff8c0fb0752b76,data/raw/moa_designated_wholesale_markets_2024.pdf,file_6a02aa5933cd197b,wholesale_market,21,1,12,农业农村部定点市场名单,2024-03-21,青海共和县恰卜恰镇农畜产品批发市场,,,青海,,农业农村部定点农产品批发市场,农业农村部定点市场,,,,序号: 612;市场名称: 青海共和县恰卜恰镇农畜产品批发市场;省级分组: 青海,0.98,按 PDF 两列表格抽取;原文件未提供详细地址和坐标。
rec_3e0799e4c30b5d7e,data/raw/moa_designated_wholesale_markets_2024.pdf,file_6a02aa5933cd197b,wholesale_market,21,1,13,农业农村部定点市场名单,2024-03-21,青海乐都区东升综合农贸市场,,,青海,,农业农村部定点农产品批发市场,农业农村部定点市场,,,,序号: 613;市场名称: 青海乐都区东升综合农贸市场;省级分组: 青海,0.98,按 PDF 两列表格抽取;原文件未提供详细地址和坐标。
rec_dc1a1402aa70146f,data/raw/moa_designated_wholesale_markets_2024.pdf,file_6a02aa5933cd197b,wholesale_market,21,1,14,农业农村部定点市场名单,2024-03-21,青海青藏高原农副产品集散中心,,,青海,,农业农村部定点农产品批发市场,农业农村部定点市场,,,,序号: 614;市场名称: 青海青藏高原农副产品集散中心;省级分组: 青海,0.98,按 PDF 两列表格抽取;原文件未提供详细地址和坐标。
rec_5101e8a9b4ec386f,data/raw/moa_designated_wholesale_markets_2024.pdf,file_6a02aa5933cd197b,wholesale_market,21,1,15,农业农村部定点市场名单,2024-03-21,青海柴达木枸杞批发市场,,,青海,,农业农村部定点农产品批发市场,农业农村部定点市场,,,,序号: 615;市场名称: 青海柴达木枸杞批发市场;省级分组: 青海,0.98,按 PDF 两列表格抽取;原文件未提供详细地址和坐标。
rec_46ac7ec3eecfe10d,data/raw/moa_designated_wholesale_markets_2024.pdf,file_6a02aa5933cd197b,wholesale_market,21,1,16,农业农村部定点市场名单,2024-03-21,青海格尔木河东农贸市场,,,青海,,农业农村部定点农产品批发市场,农业农村部定点市场,,,,序号: 616;市场名称: 青海格尔木河东农贸市场;省级分组: 青海,0.98,按 PDF 两列表格抽取;原文件未提供详细地址和坐标。
rec_b50f72b873ff29fa,data/raw/moa_designated_wholesale_markets_2024.pdf,file_6a02aa5933cd197b,wholesale_market,21,1,17,农业农村部定点市场名单,2024-03-21,青海海东市海平诚信农副产品批发市场,,,青海,,农业农村部定点农产品批发市场,农业农村部定点市场,,,,序号: 617;市场名称: 青海海东市海平诚信农副产品批发市场;省级分组: 青海,0.98,按 PDF 两列表格抽取;原文件未提供详细地址和坐标。
rec_ea2a4a3b7f4f957a,data/raw/moa_designated_wholesale_markets_2024.pdf,file_6a02aa5933cd197b,wholesale_market,21,1,18,农业农村部定点市场名单,2024-03-21,青海新发地农副产品批发市场,,,青海,,农业农村部定点农产品批发市场,农业农村部定点市场,,,,序号: 618;市场名称: 青海新发地农副产品批发市场;省级分组: 青海,0.98,按 PDF 两列表格抽取;原文件未提供详细地址和坐标。
rec_5e41436061b7284a,data/raw/moa_designated_wholesale_markets_2024.pdf,file_6a02aa5933cd197b,wholesale_market,21,1,20,农业农村部定点市场名单,2024-03-21,宁夏西北农资城,,,宁夏,,农业农村部定点农产品批发市场,农业农村部定点市场,,,,序号: 619;市场名称: 宁夏西北农资城;省级分组: 宁夏,0.98,按 PDF 两列表格抽取;原文件未提供详细地址和坐标。
rec_845a320251cdecd8,data/raw/moa_designated_wholesale_markets_2024.pdf,file_6a02aa5933cd197b,wholesale_market,21,1,21,农业农村部定点市场名单,2024-03-21,宁夏四季鲜农产品综合批发市场,,,宁夏,,农业农村部定点农产品批发市场,农业农村部定点市场,,,,序号: 620;市场名称: 宁夏四季鲜农产品综合批发市场;省级分组: 宁夏,0.98,按 PDF 两列表格抽取;原文件未提供详细地址和坐标。
rec_8a9fbd3831d96270,data/raw/moa_designated_wholesale_markets_2024.pdf,file_6a02aa5933cd197b,wholesale_market,21,1,22,农业农村部定点市场名单,2024-03-21,宁夏瑞加祥定点活禽交易市场,,,宁夏,,农业农村部定点农产品批发市场,农业农村部定点市场,,,,序号: 621;市场名称: 宁夏瑞加祥定点活禽交易市场;省级分组: 宁夏,0.98,按 PDF 两列表格抽取;原文件未提供详细地址和坐标。
rec_2acf0aaf6ef0153a,data/raw/moa_designated_wholesale_markets_2024.pdf,file_6a02aa5933cd197b,wholesale_market,21,1,23,农业农村部定点市场名单,2024-03-21,宁夏同心县预旺马铃薯批发市场,,,宁夏,,农业农村部定点农产品批发市场,农业农村部定点市场,,,,序号: 622;市场名称: 宁夏同心县预旺马铃薯批发市场;省级分组: 宁夏,0.98,按 PDF 两列表格抽取;原文件未提供详细地址和坐标。
rec_ae659cee8009912d,data/raw/moa_designated_wholesale_markets_2024.pdf,file_6a02aa5933cd197b,wholesale_market,21,1,24,农业农村部定点市场名单,2024-03-21,宁夏盐池县畜产品交易市场,,,宁夏,,农业农村部定点农产品批发市场,农业农村部定点市场,,,,序号: 623;市场名称: 宁夏盐池县畜产品交易市场;省级分组: 宁夏,0.98,按 PDF 两列表格抽取;原文件未提供详细地址和坐标。
rec_9b1e6ad340a98fbc,data/raw/moa_designated_wholesale_markets_2024.pdf,file_6a02aa5933cd197b,wholesale_market,21,1,25,农业农村部定点市场名单,2024-03-21,宁夏涝河桥清真牛羊肉批发市场,,,宁夏,,农业农村部定点农产品批发市场,农业农村部定点市场,,,,序号: 624;市场名称: 宁夏涝河桥清真牛羊肉批发市场;省级分组: 宁夏,0.98,按 PDF 两列表格抽取;原文件未提供详细地址和坐标。
rec_d26e2ea9c0d9e6b8,data/raw/moa_designated_wholesale_markets_2024.pdf,file_6a02aa5933cd197b,wholesale_market,21,1,26,农业农村部定点市场名单,2024-03-21,宁夏固原农副产品批发市场,,,宁夏,,农业农村部定点农产品批发市场,农业农村部定点市场,,,,序号: 625;市场名称: 宁夏固原农副产品批发市场;省级分组: 宁夏,0.98,按 PDF 两列表格抽取;原文件未提供详细地址和坐标。
rec_da6bcc9e5a10eb8c,data/raw/moa_designated_wholesale_markets_2024.pdf,file_6a02aa5933cd197b,wholesale_market,21,1,27,农业农村部定点市场名单,2024-03-21,宁夏西吉县将台马铃薯批发市场,,,宁夏,,农业农村部定点农产品批发市场,农业农村部定点市场,,,,序号: 626;市场名称: 宁夏西吉县将台马铃薯批发市场;省级分组: 宁夏,0.98,按 PDF 两列表格抽取;原文件未提供详细地址和坐标。
rec_12af261a2d0495c3,data/raw/moa_designated_wholesale_markets_2024.pdf,file_6a02aa5933cd197b,wholesale_market,21,1,28,农业农村部定点市场名单,2024-03-21,宁夏中宁国际枸杞交易中心,,,宁夏,,农业农村部定点农产品批发市场,农业农村部定点市场,,,,序号: 627;市场名称: 宁夏中宁国际枸杞交易中心;省级分组: 宁夏,0.98,按 PDF 两列表格抽取;原文件未提供详细地址和坐标。
rec_a887555b09b94775,data/raw/moa_designated_wholesale_markets_2024.pdf,file_6a02aa5933cd197b,wholesale_market,21,1,29,农业农村部定点市场名单,2024-03-21,宁夏宁北鲜活农产品综合批发市场,,,宁夏,,农业农村部定点农产品批发市场,农业农村部定点市场,,,,序号: 628;市场名称: 宁夏宁北鲜活农产品综合批发市场;省级分组: 宁夏,0.98,按 PDF 两列表格抽取;原文件未提供详细地址和坐标。
rec_83c9f68725c2af27,data/raw/moa_designated_wholesale_markets_2024.pdf,file_6a02aa5933cd197b,wholesale_market,21,1,30,农业农村部定点市场名单,2024-03-21,宁夏富民乐蔬菜综合批发市场,,,宁夏,,农业农村部定点农产品批发市场,农业农村部定点市场,,,,序号: 629;市场名称: 宁夏富民乐蔬菜综合批发市场;省级分组: 宁夏,0.98,按 PDF 两列表格抽取;原文件未提供详细地址和坐标。
rec_7d860dec5853c8fc,data/raw/moa_designated_wholesale_markets_2024.pdf,file_6a02aa5933cd197b,wholesale_market,21,1,31,农业农村部定点市场名单,2024-03-21,宁夏中卫四季鲜农产品综合批发市场,,,宁夏,,农业农村部定点农产品批发市场,农业农村部定点市场,,,,序号: 630;市场名称: 宁夏中卫四季鲜农产品综合批发市场;省级分组: 宁夏,0.98,按 PDF 两列表格抽取;原文件未提供详细地址和坐标。
rec_489cfabcca9668c0,data/raw/moa_designated_wholesale_markets_2024.pdf,file_6a02aa5933cd197b,wholesale_market,21,1,33,农业农村部定点市场名单,2024-03-21,新疆乌鲁木齐北园春果业经营管理有限责任公司(新疆北园春市场),,,新疆,,农业农村部定点农产品批发市场,农业农村部定点市场,,,,序号: 631;市场名称: 新疆乌鲁木齐北园春果业经营管理有限责任公司(新疆北园春市场);省级分组: 新疆,0.98,按 PDF 两列表格抽取;原文件未提供详细地址和坐标。
rec_a782c57618e67797,data/raw/moa_designated_wholesale_markets_2024.pdf,file_6a02aa5933cd197b,wholesale_market,21,1,34,农业农村部定点市场名单,2024-03-21,新疆明珠花卉市场,,,新疆,,农业农村部定点农产品批发市场,农业农村部定点市场,,,,序号: 632;市场名称: 新疆明珠花卉市场;省级分组: 新疆,0.98,按 PDF 两列表格抽取;原文件未提供详细地址和坐标。
rec_2f7ea88699099e2a,data/raw/moa_designated_wholesale_markets_2024.pdf,file_6a02aa5933cd197b,wholesale_market,22,1,1,农业农村部定点市场名单,2024-03-21,新疆乌鲁木齐新联综合农贸市场,,,新疆,,农业农村部定点农产品批发市场,农业农村部定点市场,,,,序号: 633;市场名称: 新疆乌鲁木齐新联综合农贸市场;省级分组: 新疆,0.98,按 PDF 两列表格抽取;原文件未提供详细地址和坐标。
rec_f683f776f0aed3f5,data/raw/moa_designated_wholesale_markets_2024.pdf,file_6a02aa5933cd197b,wholesale_market,22,1,2,农业农村部定点市场名单,2024-03-21,新疆华凌物流集散管理有限公司定点牛羊肉销售分公司(新疆华凌定点牛羊肉批发市场),,,新疆,,农业农村部定点农产品批发市场,农业农村部定点市场,,,,序号: 634;市场名称: 新疆华凌物流集散管理有限公司定点牛羊肉销售分公司(新疆华凌定点牛羊肉批发市场);省级分组: 新疆,0.98,按 PDF 两列表格抽取;原文件未提供详细地址和坐标。
rec_012bec20305b74b6,data/raw/moa_designated_wholesale_markets_2024.pdf,file_6a02aa5933cd197b,wholesale_market,22,1,3,农业农村部定点市场名单,2024-03-21,新疆伊犁九鼎富通农产品批发交易市场,,,新疆,,农业农村部定点农产品批发市场,农业农村部定点市场,,,,序号: 635;市场名称: 新疆伊犁九鼎富通农产品批发交易市场;省级分组: 新疆,0.98,按 PDF 两列表格抽取;原文件未提供详细地址和坐标。
rec_e33ef1b692e7bde5,data/raw/moa_designated_wholesale_markets_2024.pdf,file_6a02aa5933cd197b,wholesale_market,22,1,4,农业农村部定点市场名单,2024-03-21,新疆克拉玛依农副产品批发市场,,,新疆,,农业农村部定点农产品批发市场,农业农村部定点市场,,,,序号: 636;市场名称: 新疆克拉玛依农副产品批发市场;省级分组: 新疆,0.98,按 PDF 两列表格抽取;原文件未提供详细地址和坐标。
rec_5aa8b61fa72eb71e,data/raw/moa_designated_wholesale_markets_2024.pdf,file_6a02aa5933cd197b,wholesale_market,22,1,5,农业农村部定点市场名单,2024-03-21,新疆奎屯市农资专业批发市场,,,新疆,,农业农村部定点农产品批发市场,农业农村部定点市场,,,,序号: 637;市场名称: 新疆奎屯市农资专业批发市场;省级分组: 新疆,0.98,按 PDF 两列表格抽取;原文件未提供详细地址和坐标。
rec_05d66507a3573b52,data/raw/moa_designated_wholesale_markets_2024.pdf,file_6a02aa5933cd197b,wholesale_market,22,1,6,农业农村部定点市场名单,2024-03-21,新疆塔城市华宝农贸批发市场,,,新疆,,农业农村部定点农产品批发市场,农业农村部定点市场,,,,序号: 638;市场名称: 新疆塔城市华宝农贸批发市场;省级分组: 新疆,0.98,按 PDF 两列表格抽取;原文件未提供详细地址和坐标。
rec_08eddffb5ee1c864,data/raw/moa_designated_wholesale_markets_2024.pdf,file_6a02aa5933cd197b,wholesale_market,22,1,7,农业农村部定点市场名单,2024-03-21,新疆通汇市场有限公司,,,新疆,,农业农村部定点农产品批发市场,农业农村部定点市场,,,,序号: 639;市场名称: 新疆通汇市场有限公司;省级分组: 新疆,0.98,按 PDF 两列表格抽取;原文件未提供详细地址和坐标。
rec_88094f707739a9cd,data/raw/moa_designated_wholesale_markets_2024.pdf,file_6a02aa5933cd197b,wholesale_market,22,1,8,农业农村部定点市场名单,2024-03-21,新疆阿图什市博格拉市场管理有限公司,,,新疆,,农业农村部定点农产品批发市场,农业农村部定点市场,,,,序号: 640;市场名称: 新疆阿图什市博格拉市场管理有限公司;省级分组: 新疆,0.98,按 PDF 两列表格抽取;原文件未提供详细地址和坐标。
rec_ce9c674111549304,data/raw/moa_designated_wholesale_markets_2024.pdf,file_6a02aa5933cd197b,wholesale_market,22,1,9,农业农村部定点市场名单,2024-03-21,新疆昌吉市亚中商城综合批发市场,,,新疆,,农业农村部定点农产品批发市场,农业农村部定点市场,,,,序号: 641;市场名称: 新疆昌吉市亚中商城综合批发市场;省级分组: 新疆,0.98,按 PDF 两列表格抽取;原文件未提供详细地址和坐标。
rec_797d61ec37dca95f,data/raw/moa_designated_wholesale_markets_2024.pdf,file_6a02aa5933cd197b,wholesale_market,22,1,10,农业农村部定点市场名单,2024-03-21,新疆昌吉市园丰农副产品交易市场有限责任公司,,,新疆,,农业农村部定点农产品批发市场,农业农村部定点市场,,,,序号: 642;市场名称: 新疆昌吉市园丰农副产品交易市场有限责任公司;省级分组: 新疆,0.98,按 PDF 两列表格抽取;原文件未提供详细地址和坐标。
rec_7924deb314e51b90,data/raw/moa_designated_wholesale_markets_2024.pdf,file_6a02aa5933cd197b,wholesale_market,22,1,11,农业农村部定点市场名单,2024-03-21,新疆沙湾县宝源农副产品批发交易市场,,,新疆,,农业农村部定点农产品批发市场,农业农村部定点市场,,,,序号: 643;市场名称: 新疆沙湾县宝源农副产品批发交易市场;省级分组: 新疆,0.98,按 PDF 两列表格抽取;原文件未提供详细地址和坐标。
rec_33ecfe87816d818e,data/raw/moa_designated_wholesale_markets_2024.pdf,file_6a02aa5933cd197b,wholesale_market,22,1,12,农业农村部定点市场名单,2024-03-21,新疆海宝国际农产品物流商贸城,,,新疆,,农业农村部定点农产品批发市场,农业农村部定点市场,,,,序号: 644;市场名称: 新疆海宝国际农产品物流商贸城;省级分组: 新疆,0.98,按 PDF 两列表格抽取;原文件未提供详细地址和坐标。
rec_bf3d84161de128a0,data/raw/moa_designated_wholesale_markets_2024.pdf,file_6a02aa5933cd197b,wholesale_market,22,1,13,农业农村部定点市场名单,2024-03-21,新疆海鸿国际食品物流港,,,新疆,,农业农村部定点农产品批发市场,农业农村部定点市场,,,,序号: 645;市场名称: 新疆海鸿国际食品物流港;省级分组: 新疆,0.98,按 PDF 两列表格抽取;原文件未提供详细地址和坐标。
rec_8983edb07ab5b1bf,data/raw/moa_designated_wholesale_markets_2024.pdf,file_6a02aa5933cd197b,wholesale_market,22,1,14,农业农村部定点市场名单,2024-03-21,新疆博乐市兴农蔬菜果品批发市场,,,新疆,,农业农村部定点农产品批发市场,农业农村部定点市场,,,,序号: 646;市场名称: 新疆博乐市兴农蔬菜果品批发市场;省级分组: 新疆,0.98,按 PDF 两列表格抽取;原文件未提供详细地址和坐标。
rec_63bf07afcabce8f8,data/raw/moa_designated_wholesale_markets_2024.pdf,file_6a02aa5933cd197b,wholesale_market,22,1,15,农业农村部定点市场名单,2024-03-21,新疆焉耆县光明农副产品综合批发市场,,,新疆,,农业农村部定点农产品批发市场,农业农村部定点市场,,,,序号: 647;市场名称: 新疆焉耆县光明农副产品综合批发市场;省级分组: 新疆,0.98,按 PDF 两列表格抽取;原文件未提供详细地址和坐标。
rec_b4b9022e30da0c5d,data/raw/moa_designated_wholesale_markets_2024.pdf,file_6a02aa5933cd197b,wholesale_market,22,1,16,农业农村部定点市场名单,2024-03-21,新疆阜康市城北农贸市场,,,新疆,,农业农村部定点农产品批发市场,农业农村部定点市场,,,,序号: 648;市场名称: 新疆阜康市城北农贸市场;省级分组: 新疆,0.98,按 PDF 两列表格抽取;原文件未提供详细地址和坐标。
rec_9b8269dd766b19cc,data/raw/moa_designated_wholesale_markets_2024.pdf,file_6a02aa5933cd197b,wholesale_market,22,1,17,农业农村部定点市场名单,2024-03-21,新疆阿勒泰西部农副产品物流中心,,,新疆,,农业农村部定点农产品批发市场,农业农村部定点市场,,,,序号: 649;市场名称: 新疆阿勒泰西部农副产品物流中心;省级分组: 新疆,0.98,按 PDF 两列表格抽取;原文件未提供详细地址和坐标。
rec_ff9e38caba20adaf,data/raw/moa_designated_wholesale_markets_2024.pdf,file_6a02aa5933cd197b,wholesale_market,22,1,18,农业农村部定点市场名单,2024-03-21,新疆和田北园春慕士塔格农产品批发有限责任公司,,,新疆,,农业农村部定点农产品批发市场,农业农村部定点市场,,,,序号: 650;市场名称: 新疆和田北园春慕士塔格农产品批发有限责任公司;省级分组: 新疆,0.98,按 PDF 两列表格抽取;原文件未提供详细地址和坐标。
rec_1d5d150d0377f214,data/raw/moa_designated_wholesale_markets_2024.pdf,file_6a02aa5933cd197b,wholesale_market,22,1,19,农业农村部定点市场名单,2024-03-21,新疆喀什曙光农博城,,,新疆,,农业农村部定点农产品批发市场,农业农村部定点市场,,,,序号: 651;市场名称: 新疆喀什曙光农博城;省级分组: 新疆,0.98,按 PDF 两列表格抽取;原文件未提供详细地址和坐标。
rec_1be94d9f02a14946,data/raw/moa_designated_wholesale_markets_2024.pdf,file_6a02aa5933cd197b,wholesale_market,22,1,20,农业农村部定点市场名单,2024-03-21,新疆喀什疆南农副产品批发市场,,,新疆,,农业农村部定点农产品批发市场,农业农村部定点市场,,,,序号: 652;市场名称: 新疆喀什疆南农副产品批发市场;省级分组: 新疆,0.98,按 PDF 两列表格抽取;原文件未提供详细地址和坐标。
rec_23f96a4a296daf81,data/raw/moa_designated_wholesale_markets_2024.pdf,file_6a02aa5933cd197b,wholesale_market,22,1,21,农业农村部定点市场名单,2024-03-21,新疆果品(伽师)批发交易市场,,,新疆,,农业农村部定点农产品批发市场,农业农村部定点市场,,,,序号: 653;市场名称: 新疆果品(伽师)批发交易市场;省级分组: 新疆,0.98,按 PDF 两列表格抽取;原文件未提供详细地址和坐标。
rec_857bc0f0d70f3f86,data/raw/moa_designated_wholesale_markets_2024.pdf,file_6a02aa5933cd197b,wholesale_market,22,1,22,农业农村部定点市场名单,2024-03-21,新疆核桃(叶城)批发交易市场,,,新疆,,农业农村部定点农产品批发市场,农业农村部定点市场,,,,序号: 654;市场名称: 新疆核桃(叶城)批发交易市场;省级分组: 新疆,0.98,按 PDF 两列表格抽取;原文件未提供详细地址和坐标。
rec_7d5ef91eb33e29a0,data/raw/moa_designated_wholesale_markets_2024.pdf,file_6a02aa5933cd197b,wholesale_market,22,1,24,农业农村部定点市场名单,2024-03-21,新疆兵团新疆绿珠九鼎农产品经营管理有限公司(新疆兵团第八师石河子市九鼎农产品批发市场),,,新疆生产建设兵团,,农业农村部定点农产品批发市场,农业农村部定点市场,,,,序号: 655;市场名称: 新疆兵团新疆绿珠九鼎农产品经营管理有限公司(新疆兵团第八师石河子市九鼎农产品批发市场);省级分组: 新疆生产建设兵团,0.98,按 PDF 两列表格抽取;原文件未提供详细地址和坐标。
rec_2e36bdc3451bd477,data/raw/moa_designated_wholesale_markets_2024.pdf,file_6a02aa5933cd197b,wholesale_market,22,1,25,农业农村部定点市场名单,2024-03-21,新疆兵团第五师博乐三和农副产品综合批发市场,,,新疆生产建设兵团,,农业农村部定点农产品批发市场,农业农村部定点市场,,,,序号: 656;市场名称: 新疆兵团第五师博乐三和农副产品综合批发市场;省级分组: 新疆生产建设兵团,0.98,按 PDF 两列表格抽取;原文件未提供详细地址和坐标。
rec_7e0f150526919393,data/raw/moa_designated_wholesale_markets_2024.pdf,file_6a02aa5933cd197b,wholesale_market,22,1,26,农业农村部定点市场名单,2024-03-21,新疆兵团农二师二十一团制干红辣椒批发市场,,,新疆生产建设兵团,,农业农村部定点农产品批发市场,农业农村部定点市场,,,,序号: 657;市场名称: 新疆兵团农二师二十一团制干红辣椒批发市场;省级分组: 新疆生产建设兵团,0.98,按 PDF 两列表格抽取;原文件未提供详细地址和坐标。
rec_d8c7c705f6ee6298,data/raw/moa_designated_wholesale_markets_2024.pdf,file_6a02aa5933cd197b,wholesale_market,22,1,27,农业农村部定点市场名单,2024-03-21,新疆兵团第二师孔雀市场,,,新疆生产建设兵团,,农业农村部定点农产品批发市场,农业农村部定点市场,,,,序号: 658;市场名称: 新疆兵团第二师孔雀市场;省级分组: 新疆生产建设兵团,0.98,按 PDF 两列表格抽取;原文件未提供详细地址和坐标。
rec_bf07f5e5c6f5bc52,data/raw/moa_designated_wholesale_markets_2024.pdf,file_6a02aa5933cd197b,wholesale_market,22,1,28,农业农村部定点市场名单,2024-03-21,新疆兵团第七师一三七团绿衡蔬菜瓜果批发市场,,,新疆生产建设兵团,,农业农村部定点农产品批发市场,农业农村部定点市场,,,,序号: 659;市场名称: 新疆兵团第七师一三七团绿衡蔬菜瓜果批发市场;省级分组: 新疆生产建设兵团,0.98,按 PDF 两列表格抽取;原文件未提供详细地址和坐标。
rec_1b924b2c68557241,data/raw/moa_designated_wholesale_markets_2024.pdf,file_6a02aa5933cd197b,wholesale_market,22,1,29,农业农村部定点市场名单,2024-03-21,新疆兵团农十三师红星一场农产品批发交易市场,,,新疆生产建设兵团,,农业农村部定点农产品批发市场,农业农村部定点市场,,,,序号: 660;市场名称: 新疆兵团农十三师红星一场农产品批发交易市场;省级分组: 新疆生产建设兵团,0.98,按 PDF 两列表格抽取;原文件未提供详细地址和坐标。
rec_cd2bd69f2d4f4ab4,data/raw/moa_designated_wholesale_markets_2024.pdf,file_6a02aa5933cd197b,wholesale_market,22,1,30,农业农村部定点市场名单,2024-03-21,新疆兵团第八师石河子市种子交易市场,,,新疆生产建设兵团,,农业农村部定点农产品批发市场,农业农村部定点市场,,,,序号: 661;市场名称: 新疆兵团第八师石河子市种子交易市场;省级分组: 新疆生产建设兵团,0.98,按 PDF 两列表格抽取;原文件未提供详细地址和坐标。
rec_bad21ade8b617697,data/raw/moa_designated_wholesale_markets_2024.pdf,file_6a02aa5933cd197b,wholesale_market,22,1,31,农业农村部定点市场名单,2024-03-21,新疆兵团新疆九鼎农产品批发交易市场,,,新疆生产建设兵团,,农业农村部定点农产品批发市场,农业农村部定点市场,,,,序号: 662;市场名称: 新疆兵团新疆九鼎农产品批发交易市场;省级分组: 新疆生产建设兵团,0.98,按 PDF 两列表格抽取;原文件未提供详细地址和坐标。
rec_49a48daace03ab5e,data/raw/moa_designated_wholesale_markets_2024.pdf,file_6a02aa5933cd197b,wholesale_market,22,1,32,农业农村部定点市场名单,2024-03-21,新疆兵团新疆昆仑农产品有限公司(新疆兵团第三师图木舒克市昆仑农产品市场),,,新疆生产建设兵团,,农业农村部定点农产品批发市场,农业农村部定点市场,,,,序号: 663;市场名称: 新疆兵团新疆昆仑农产品有限公司(新疆兵团第三师图木舒克市昆仑农产品市场);省级分组: 新疆生产建设兵团,0.98,按 PDF 两列表格抽取;原文件未提供详细地址和坐标。
rec_5357b49aab6a3612,data/raw/national_emergency_grain_enterprises_2025_reassessment.wps,file_36eebd678e13fdd3,grain_emergency,,1,2,通过评估的第二批国家级粮食应急保障企业名单,2025,中国邮政集团有限公司,,,,全国,国家级粮食应急保障企业,通过重新评估的第二批国家级粮食应急保障企业,,,,序号: 1;企业名称: 中国邮政集团有限公司;名单性质: 通过评估的第二批国家级粮食应急保障企业,0.99,"原文件扩展名为 .wps,文件签名为 WPS/OLE 复合文档;只读转换为临时标准 DOCX 后抽取。来源年份由文件名推断。"
rec_41161c138f56cfa7,data/raw/national_emergency_grain_enterprises_2025_reassessment.wps,file_36eebd678e13fdd3,grain_emergency,,1,3,通过评估的第二批国家级粮食应急保障企业名单,2025,北京三快在线科技有限公司,,,北京市/北京市,全国,国家级粮食应急保障企业,通过重新评估的第二批国家级粮食应急保障企业,,,,序号: 2;企业名称: 北京三快在线科技有限公司;名单性质: 通过评估的第二批国家级粮食应急保障企业,0.99,"原文件扩展名为 .wps,文件签名为 WPS/OLE 复合文档;只读转换为临时标准 DOCX 后抽取。来源年份由文件名推断。"
rec_142dad31c5798851,data/raw/national_emergency_grain_enterprises_2025_reassessment.wps,file_36eebd678e13fdd3,grain_emergency,,1,4,通过评估的第二批国家级粮食应急保障企业名单,2025,康师傅方便面投资(中国)有限公司,,,,全国,国家级粮食应急保障企业,通过重新评估的第二批国家级粮食应急保障企业,,,,序号: 3;企业名称: 康师傅方便面投资(中国)有限公司;名单性质: 通过评估的第二批国家级粮食应急保障企业,0.99,"原文件扩展名为 .wps,文件签名为 WPS/OLE 复合文档;只读转换为临时标准 DOCX 后抽取。来源年份由文件名推断。"
rec_d0546afa2cea7db5,data/raw/national_emergency_grain_enterprises_2025_reassessment.wps,file_36eebd678e13fdd3,grain_emergency,,1,5,通过评估的第二批国家级粮食应急保障企业名单,2025,益海嘉里金龙鱼食品股份有限公司(原名:益海嘉里金龙鱼粮油食品股份有限公司),,,,全国,国家级粮食应急保障企业,通过重新评估的第二批国家级粮食应急保障企业,,,,"序号: 4;企业名称: 益海嘉里金龙鱼食品股份有限公司
(原名:益海嘉里金龙鱼粮油食品股份有限公司);名单性质: 通过评估的第二批国家级粮食应急保障企业",0.99,"原文件扩展名为 .wps,文件签名为 WPS/OLE 复合文档;只读转换为临时标准 DOCX 后抽取。来源年份由文件名推断。"
rec_9be2973d2f769ac7,data/raw/national_emergency_grain_enterprises_2025_reassessment.wps,file_36eebd678e13fdd3,grain_emergency,,1,6,通过评估的第二批国家级粮食应急保障企业名单,2025,光明农业发展(集团)有限公司,,,,全国,国家级粮食应急保障企业,通过重新评估的第二批国家级粮食应急保障企业,,,,序号: 5;企业名称: 光明农业发展(集团)有限公司;名单性质: 通过评估的第二批国家级粮食应急保障企业,0.99,"原文件扩展名为 .wps,文件签名为 WPS/OLE 复合文档;只读转换为临时标准 DOCX 后抽取。来源年份由文件名推断。"
rec_f7f30a3d84283ac9,data/raw/national_emergency_grain_enterprises_2025_reassessment.wps,file_36eebd678e13fdd3,grain_emergency,,1,7,通过评估的第二批国家级粮食应急保障企业名单,2025,河北省粮食产业集团有限公司,,,河北省,全国,国家级粮食应急保障企业,通过重新评估的第二批国家级粮食应急保障企业,,,,序号: 6;企业名称: 河北省粮食产业集团有限公司;名单性质: 通过评估的第二批国家级粮食应急保障企业,0.99,"原文件扩展名为 .wps,文件签名为 WPS/OLE 复合文档;只读转换为临时标准 DOCX 后抽取。来源年份由文件名推断。"
rec_508b0acbd7a53b43,data/raw/national_emergency_grain_enterprises_2025_reassessment.wps,file_36eebd678e13fdd3,grain_emergency,,1,8,通过评估的第二批国家级粮食应急保障企业名单,2025,金沙河集团有限公司,,,,全国,国家级粮食应急保障企业,通过重新评估的第二批国家级粮食应急保障企业,,,,序号: 7;企业名称: 金沙河集团有限公司;名单性质: 通过评估的第二批国家级粮食应急保障企业,0.99,"原文件扩展名为 .wps,文件签名为 WPS/OLE 复合文档;只读转换为临时标准 DOCX 后抽取。来源年份由文件名推断。"
rec_d318bb0d241b341a,data/raw/national_emergency_grain_enterprises_2025_reassessment.wps,file_36eebd678e13fdd3,grain_emergency,,1,9,通过评估的第二批国家级粮食应急保障企业名单,2025,固安县参花面粉有限公司,,,,全国,国家级粮食应急保障企业,通过重新评估的第二批国家级粮食应急保障企业,,,,序号: 8;企业名称: 固安县参花面粉有限公司;名单性质: 通过评估的第二批国家级粮食应急保障企业,0.99,"原文件扩展名为 .wps,文件签名为 WPS/OLE 复合文档;只读转换为临时标准 DOCX 后抽取。来源年份由文件名推断。"
rec_a6f6431ef7cac15c,data/raw/national_emergency_grain_enterprises_2025_reassessment.wps,file_36eebd678e13fdd3,grain_emergency,,1,10,通过评估的第二批国家级粮食应急保障企业名单,2025,营口禾丰源米业有限公司,,,,全国,国家级粮食应急保障企业,通过重新评估的第二批国家级粮食应急保障企业,,,,序号: 9;企业名称: 营口禾丰源米业有限公司;名单性质: 通过评估的第二批国家级粮食应急保障企业,0.99,"原文件扩展名为 .wps,文件签名为 WPS/OLE 复合文档;只读转换为临时标准 DOCX 后抽取。来源年份由文件名推断。"
rec_34545cb5415073a8,data/raw/national_emergency_grain_enterprises_2025_reassessment.wps,file_36eebd678e13fdd3,grain_emergency,,1,11,通过评估的第二批国家级粮食应急保障企业名单,2025,吉林市友诚米业有限责任公司,,,吉林省,全国,国家级粮食应急保障企业,通过重新评估的第二批国家级粮食应急保障企业,,,,序号: 10;企业名称: 吉林市友诚米业有限责任公司;名单性质: 通过评估的第二批国家级粮食应急保障企业,0.99,"原文件扩展名为 .wps,文件签名为 WPS/OLE 复合文档;只读转换为临时标准 DOCX 后抽取。来源年份由文件名推断。"
rec_8f131e562bb294cf,data/raw/national_emergency_grain_enterprises_2025_reassessment.wps,file_36eebd678e13fdd3,grain_emergency,,1,12,通过评估的第二批国家级粮食应急保障企业名单,2025,松原市巨大粮油食品有限公司,,,,全国,国家级粮食应急保障企业,通过重新评估的第二批国家级粮食应急保障企业,,,,序号: 11;企业名称: 松原市巨大粮油食品有限公司;名单性质: 通过评估的第二批国家级粮食应急保障企业,0.99,"原文件扩展名为 .wps,文件签名为 WPS/OLE 复合文档;只读转换为临时标准 DOCX 后抽取。来源年份由文件名推断。"
rec_57691d6c235d7d02,data/raw/national_emergency_grain_enterprises_2025_reassessment.wps,file_36eebd678e13fdd3,grain_emergency,,1,13,通过评估的第二批国家级粮食应急保障企业名单,2025,黑龙江象屿农业物产有限公司,,,黑龙江省,全国,国家级粮食应急保障企业,通过重新评估的第二批国家级粮食应急保障企业,,,,序号: 12;企业名称: 黑龙江象屿农业物产有限公司;名单性质: 通过评估的第二批国家级粮食应急保障企业,0.99,"原文件扩展名为 .wps,文件签名为 WPS/OLE 复合文档;只读转换为临时标准 DOCX 后抽取。来源年份由文件名推断。"
rec_1778834c5215b4ef,data/raw/national_emergency_grain_enterprises_2025_reassessment.wps,file_36eebd678e13fdd3,grain_emergency,,1,14,通过评估的第二批国家级粮食应急保障企业名单,2025,五常市乔府大院农业股份有限公司,,,,全国,国家级粮食应急保障企业,通过重新评估的第二批国家级粮食应急保障企业,,,,序号: 13;企业名称: 五常市乔府大院农业股份有限公司;名单性质: 通过评估的第二批国家级粮食应急保障企业,0.99,"原文件扩展名为 .wps,文件签名为 WPS/OLE 复合文档;只读转换为临时标准 DOCX 后抽取。来源年份由文件名推断。"
rec_5d186ce0efa31ae2,data/raw/national_emergency_grain_enterprises_2025_reassessment.wps,file_36eebd678e13fdd3,grain_emergency,,1,15,通过评估的第二批国家级粮食应急保障企业名单,2025,金光食品(宁波)有限公司,,,,全国,国家级粮食应急保障企业,通过重新评估的第二批国家级粮食应急保障企业,,,,序号: 14;企业名称: 金光食品(宁波)有限公司;名单性质: 通过评估的第二批国家级粮食应急保障企业,0.99,"原文件扩展名为 .wps,文件签名为 WPS/OLE 复合文档;只读转换为临时标准 DOCX 后抽取。来源年份由文件名推断。"
rec_e25eda6f6a847659,data/raw/national_emergency_grain_enterprises_2025_reassessment.wps,file_36eebd678e13fdd3,grain_emergency,,1,16,通过评估的第二批国家级粮食应急保障企业名单,2025,宏盛粮油集团股份有限公司(原:杭州宏盛粮油贸易有限公司),,,,全国,国家级粮食应急保障企业,通过重新评估的第二批国家级粮食应急保障企业,,,,"序号: 15;企业名称: 宏盛粮油集团股份有限公司
(原:杭州宏盛粮油贸易有限公司);名单性质: 通过评估的第二批国家级粮食应急保障企业",0.99,"原文件扩展名为 .wps,文件签名为 WPS/OLE 复合文档;只读转换为临时标准 DOCX 后抽取。来源年份由文件名推断。"
rec_53b0f8ab78e4445f,data/raw/national_emergency_grain_enterprises_2025_reassessment.wps,file_36eebd678e13fdd3,grain_emergency,,1,17,通过评估的第二批国家级粮食应急保障企业名单,2025,安徽联河股份有限公司,,,安徽省,全国,国家级粮食应急保障企业,通过重新评估的第二批国家级粮食应急保障企业,,,,序号: 16;企业名称: 安徽联河股份有限公司;名单性质: 通过评估的第二批国家级粮食应急保障企业,0.99,"原文件扩展名为 .wps,文件签名为 WPS/OLE 复合文档;只读转换为临时标准 DOCX 后抽取。来源年份由文件名推断。"
rec_c18cff14f8429a50,data/raw/national_emergency_grain_enterprises_2025_reassessment.wps,file_36eebd678e13fdd3,grain_emergency,,1,18,通过评估的第二批国家级粮食应急保障企业名单,2025,安徽青松食品有限公司,,,安徽省,全国,国家级粮食应急保障企业,通过重新评估的第二批国家级粮食应急保障企业,,,,序号: 17;企业名称: 安徽青松食品有限公司;名单性质: 通过评估的第二批国家级粮食应急保障企业,0.99,"原文件扩展名为 .wps,文件签名为 WPS/OLE 复合文档;只读转换为临时标准 DOCX 后抽取。来源年份由文件名推断。"
rec_3dad2b8f7f0d3ad7,data/raw/national_emergency_grain_enterprises_2025_reassessment.wps,file_36eebd678e13fdd3,grain_emergency,,1,19,通过评估的第二批国家级粮食应急保障企业名单,2025,莆田市利源米业有限公司,,,,全国,国家级粮食应急保障企业,通过重新评估的第二批国家级粮食应急保障企业,,,,序号: 18;企业名称: 莆田市利源米业有限公司;名单性质: 通过评估的第二批国家级粮食应急保障企业,0.99,"原文件扩展名为 .wps,文件签名为 WPS/OLE 复合文档;只读转换为临时标准 DOCX 后抽取。来源年份由文件名推断。"
rec_513c4b59fb807dbb,data/raw/national_emergency_grain_enterprises_2025_reassessment.wps,file_36eebd678e13fdd3,grain_emergency,,1,20,通过评估的第二批国家级粮食应急保障企业名单,2025,福州恒丰米业有限公司,,,,全国,国家级粮食应急保障企业,通过重新评估的第二批国家级粮食应急保障企业,,,,序号: 19;企业名称: 福州恒丰米业有限公司;名单性质: 通过评估的第二批国家级粮食应急保障企业,0.99,"原文件扩展名为 .wps,文件签名为 WPS/OLE 复合文档;只读转换为临时标准 DOCX 后抽取。来源年份由文件名推断。"
rec_4df4180e55d5fe34,data/raw/national_emergency_grain_enterprises_2025_reassessment.wps,file_36eebd678e13fdd3,grain_emergency,,1,21,通过评估的第二批国家级粮食应急保障企业名单,2025,鄱阳湖生态农业股份有限公司,,,,全国,国家级粮食应急保障企业,通过重新评估的第二批国家级粮食应急保障企业,,,,序号: 20;企业名称: 鄱阳湖生态农业股份有限公司;名单性质: 通过评估的第二批国家级粮食应急保障企业,0.99,"原文件扩展名为 .wps,文件签名为 WPS/OLE 复合文档;只读转换为临时标准 DOCX 后抽取。来源年份由文件名推断。"
rec_af81229ab2a2ce14,data/raw/national_emergency_grain_enterprises_2025_reassessment.wps,file_36eebd678e13fdd3,grain_emergency,,1,22,通过评估的第二批国家级粮食应急保障企业名单,2025,香驰控股有限公司,,,,全国,国家级粮食应急保障企业,通过重新评估的第二批国家级粮食应急保障企业,,,,序号: 21;企业名称: 香驰控股有限公司;名单性质: 通过评估的第二批国家级粮食应急保障企业,0.99,"原文件扩展名为 .wps,文件签名为 WPS/OLE 复合文档;只读转换为临时标准 DOCX 后抽取。来源年份由文件名推断。"
rec_4a5fe17b1c2cf0e9,data/raw/national_emergency_grain_enterprises_2025_reassessment.wps,file_36eebd678e13fdd3,grain_emergency,,1,23,通过评估的第二批国家级粮食应急保障企业名单,2025,青岛天祥食品集团有限公司,,,,全国,国家级粮食应急保障企业,通过重新评估的第二批国家级粮食应急保障企业,,,,序号: 22;企业名称: 青岛天祥食品集团有限公司;名单性质: 通过评估的第二批国家级粮食应急保障企业,0.99,"原文件扩展名为 .wps,文件签名为 WPS/OLE 复合文档;只读转换为临时标准 DOCX 后抽取。来源年份由文件名推断。"
rec_4e3ddc9ea33d57cc,data/raw/national_emergency_grain_enterprises_2025_reassessment.wps,file_36eebd678e13fdd3,grain_emergency,,1,24,通过评估的第二批国家级粮食应急保障企业名单,2025,德州军粮食品产业集团有限公司,,,,全国,国家级粮食应急保障企业,通过重新评估的第二批国家级粮食应急保障企业,,,,序号: 23;企业名称: 德州军粮食品产业集团有限公司;名单性质: 通过评估的第二批国家级粮食应急保障企业,0.99,"原文件扩展名为 .wps,文件签名为 WPS/OLE 复合文档;只读转换为临时标准 DOCX 后抽取。来源年份由文件名推断。"
rec_ea573b63409bbca7,data/raw/national_emergency_grain_enterprises_2025_reassessment.wps,file_36eebd678e13fdd3,grain_emergency,,1,25,通过评估的第二批国家级粮食应急保障企业名单,2025,发达面粉集团股份有限公司,,,,全国,国家级粮食应急保障企业,通过重新评估的第二批国家级粮食应急保障企业,,,,序号: 24;企业名称: 发达面粉集团股份有限公司;名单性质: 通过评估的第二批国家级粮食应急保障企业,0.99,"原文件扩展名为 .wps,文件签名为 WPS/OLE 复合文档;只读转换为临时标准 DOCX 后抽取。来源年份由文件名推断。"
rec_fe6e220f730338f4,data/raw/national_emergency_grain_enterprises_2025_reassessment.wps,file_36eebd678e13fdd3,grain_emergency,,1,26,通过评估的第二批国家级粮食应急保障企业名单,2025,河南志情面业有限责任公司,,,河南省,全国,国家级粮食应急保障企业,通过重新评估的第二批国家级粮食应急保障企业,,,,序号: 25;企业名称: 河南志情面业有限责任公司;名单性质: 通过评估的第二批国家级粮食应急保障企业,0.99,"原文件扩展名为 .wps,文件签名为 WPS/OLE 复合文档;只读转换为临时标准 DOCX 后抽取。来源年份由文件名推断。"
rec_91f4012bab5bbd3c,data/raw/national_emergency_grain_enterprises_2025_reassessment.wps,file_36eebd678e13fdd3,grain_emergency,,1,27,通过评估的第二批国家级粮食应急保障企业名单,2025,固始县豫申粮油工贸有限公司,,,,全国,国家级粮食应急保障企业,通过重新评估的第二批国家级粮食应急保障企业,,,,序号: 26;企业名称: 固始县豫申粮油工贸有限公司;名单性质: 通过评估的第二批国家级粮食应急保障企业,0.99,"原文件扩展名为 .wps,文件签名为 WPS/OLE 复合文档;只读转换为临时标准 DOCX 后抽取。来源年份由文件名推断。"
rec_d1942248d7a2607a,data/raw/national_emergency_grain_enterprises_2025_reassessment.wps,file_36eebd678e13fdd3,grain_emergency,,1,28,通过评估的第二批国家级粮食应急保障企业名单,2025,宜昌粮食集团有限公司,,,,全国,国家级粮食应急保障企业,通过重新评估的第二批国家级粮食应急保障企业,,,,序号: 27;企业名称: 宜昌粮食集团有限公司;名单性质: 通过评估的第二批国家级粮食应急保障企业,0.99,"原文件扩展名为 .wps,文件签名为 WPS/OLE 复合文档;只读转换为临时标准 DOCX 后抽取。来源年份由文件名推断。"
rec_314a6f62e1a2e13e,data/raw/national_emergency_grain_enterprises_2025_reassessment.wps,file_36eebd678e13fdd3,grain_emergency,,1,29,通过评估的第二批国家级粮食应急保障企业名单,2025,湖北农发洪森米业有限公司(原:湖北洪森实业(集团)有限公司),,,湖北省,全国,国家级粮食应急保障企业,通过重新评估的第二批国家级粮食应急保障企业,,,,"序号: 28;企业名称: 湖北农发洪森米业有限公司
(原:湖北洪森实业(集团)有限公司);名单性质: 通过评估的第二批国家级粮食应急保障企业",0.99,"原文件扩展名为 .wps,文件签名为 WPS/OLE 复合文档;只读转换为临时标准 DOCX 后抽取。来源年份由文件名推断。"
rec_8b00080f07db6710,data/raw/national_emergency_grain_enterprises_2025_reassessment.wps,file_36eebd678e13fdd3,grain_emergency,,1,30,通过评估的第二批国家级粮食应急保障企业名单,2025,东莞市太粮米业有限公司,,,,全国,国家级粮食应急保障企业,通过重新评估的第二批国家级粮食应急保障企业,,,,序号: 29;企业名称: 东莞市太粮米业有限公司;名单性质: 通过评估的第二批国家级粮食应急保障企业,0.99,"原文件扩展名为 .wps,文件签名为 WPS/OLE 复合文档;只读转换为临时标准 DOCX 后抽取。来源年份由文件名推断。"
rec_36ff493fe0308788,data/raw/national_emergency_grain_enterprises_2025_reassessment.wps,file_36eebd678e13fdd3,grain_emergency,,1,31,通过评估的第二批国家级粮食应急保障企业名单,2025,广东穗丰食品有限公司,,,广东省,全国,国家级粮食应急保障企业,通过重新评估的第二批国家级粮食应急保障企业,,,,序号: 30;企业名称: 广东穗丰食品有限公司;名单性质: 通过评估的第二批国家级粮食应急保障企业,0.99,"原文件扩展名为 .wps,文件签名为 WPS/OLE 复合文档;只读转换为临时标准 DOCX 后抽取。来源年份由文件名推断。"
rec_015673f08ba50f02,data/raw/national_emergency_grain_enterprises_2025_reassessment.wps,file_36eebd678e13fdd3,grain_emergency,,1,32,通过评估的第二批国家级粮食应急保障企业名单,2025,广西港青油脂有限公司,,,广西壮族自治区,全国,国家级粮食应急保障企业,通过重新评估的第二批国家级粮食应急保障企业,,,,序号: 31;企业名称: 广西港青油脂有限公司;名单性质: 通过评估的第二批国家级粮食应急保障企业,0.99,"原文件扩展名为 .wps,文件签名为 WPS/OLE 复合文档;只读转换为临时标准 DOCX 后抽取。来源年份由文件名推断。"
rec_b9d5b04a357b71ec,data/raw/national_emergency_grain_enterprises_2025_reassessment.wps,file_36eebd678e13fdd3,grain_emergency,,1,33,通过评估的第二批国家级粮食应急保障企业名单,2025,广西粮运物流集团有限公司,,,广西壮族自治区,全国,国家级粮食应急保障企业,通过重新评估的第二批国家级粮食应急保障企业,,,,序号: 32;企业名称: 广西粮运物流集团有限公司;名单性质: 通过评估的第二批国家级粮食应急保障企业,0.99,"原文件扩展名为 .wps,文件签名为 WPS/OLE 复合文档;只读转换为临时标准 DOCX 后抽取。来源年份由文件名推断。"
rec_cc38299525ed3bdf,data/raw/national_emergency_grain_enterprises_2025_reassessment.wps,file_36eebd678e13fdd3,grain_emergency,,1,34,通过评估的第二批国家级粮食应急保障企业名单,2025,海南符氏食品有限公司,,,海南省,全国,国家级粮食应急保障企业,通过重新评估的第二批国家级粮食应急保障企业,,,,序号: 33;企业名称: 海南符氏食品有限公司;名单性质: 通过评估的第二批国家级粮食应急保障企业,0.99,"原文件扩展名为 .wps,文件签名为 WPS/OLE 复合文档;只读转换为临时标准 DOCX 后抽取。来源年份由文件名推断。"
rec_21720d91745afd99,data/raw/national_emergency_grain_enterprises_2025_reassessment.wps,file_36eebd678e13fdd3,grain_emergency,,1,35,通过评估的第二批国家级粮食应急保障企业名单,2025,四川德阳市年丰食品有限公司,,,四川省,全国,国家级粮食应急保障企业,通过重新评估的第二批国家级粮食应急保障企业,,,,序号: 34;企业名称: 四川德阳市年丰食品有限公司;名单性质: 通过评估的第二批国家级粮食应急保障企业,0.99,"原文件扩展名为 .wps,文件签名为 WPS/OLE 复合文档;只读转换为临时标准 DOCX 后抽取。来源年份由文件名推断。"
rec_93b51bd247c484a0,data/raw/national_emergency_grain_enterprises_2025_reassessment.wps,file_36eebd678e13fdd3,grain_emergency,,1,36,通过评估的第二批国家级粮食应急保障企业名单,2025,成都红旗连锁股份有限公司,,,,全国,国家级粮食应急保障企业,通过重新评估的第二批国家级粮食应急保障企业,,,,序号: 35;企业名称: 成都红旗连锁股份有限公司;名单性质: 通过评估的第二批国家级粮食应急保障企业,0.99,"原文件扩展名为 .wps,文件签名为 WPS/OLE 复合文档;只读转换为临时标准 DOCX 后抽取。来源年份由文件名推断。"
rec_91e90dce27c20423,data/raw/national_emergency_grain_enterprises_2025_reassessment.wps,file_36eebd678e13fdd3,grain_emergency,,1,37,通过评估的第二批国家级粮食应急保障企业名单,2025,成都粮食集团有限公司,,,,全国,国家级粮食应急保障企业,通过重新评估的第二批国家级粮食应急保障企业,,,,序号: 36;企业名称: 成都粮食集团有限公司;名单性质: 通过评估的第二批国家级粮食应急保障企业,0.99,"原文件扩展名为 .wps,文件签名为 WPS/OLE 复合文档;只读转换为临时标准 DOCX 后抽取。来源年份由文件名推断。"
rec_be4193249a45868b,data/raw/national_emergency_grain_enterprises_2025_reassessment.wps,file_36eebd678e13fdd3,grain_emergency,,1,38,通过评估的第二批国家级粮食应急保障企业名单,2025,绵阳仙特米业有限公司,,,,全国,国家级粮食应急保障企业,通过重新评估的第二批国家级粮食应急保障企业,,,,序号: 37;企业名称: 绵阳仙特米业有限公司;名单性质: 通过评估的第二批国家级粮食应急保障企业,0.99,"原文件扩展名为 .wps,文件签名为 WPS/OLE 复合文档;只读转换为临时标准 DOCX 后抽取。来源年份由文件名推断。"
rec_b6fb268806c09d44,data/raw/national_emergency_grain_enterprises_2025_reassessment.wps,file_36eebd678e13fdd3,grain_emergency,,1,39,通过评估的第二批国家级粮食应急保障企业名单,2025,四川粮油批发中心直属储备库有限公司,,,四川省,全国,国家级粮食应急保障企业,通过重新评估的第二批国家级粮食应急保障企业,,,,序号: 38;企业名称: 四川粮油批发中心直属储备库有限公司;名单性质: 通过评估的第二批国家级粮食应急保障企业,0.99,"原文件扩展名为 .wps,文件签名为 WPS/OLE 复合文档;只读转换为临时标准 DOCX 后抽取。来源年份由文件名推断。"
rec_7e4db87225966f2f,data/raw/national_emergency_grain_enterprises_2025_reassessment.wps,file_36eebd678e13fdd3,grain_emergency,,1,40,通过评估的第二批国家级粮食应急保障企业名单,2025,贵州高峰十里香米业有限公司,,,贵州省,全国,国家级粮食应急保障企业,通过重新评估的第二批国家级粮食应急保障企业,,,,序号: 39;企业名称: 贵州高峰十里香米业有限公司;名单性质: 通过评估的第二批国家级粮食应急保障企业,0.99,"原文件扩展名为 .wps,文件签名为 WPS/OLE 复合文档;只读转换为临时标准 DOCX 后抽取。来源年份由文件名推断。"
rec_72e0a6e41d49d2b2,data/raw/national_emergency_grain_enterprises_2025_reassessment.wps,file_36eebd678e13fdd3,grain_emergency,,1,41,通过评估的第二批国家级粮食应急保障企业名单,2025,个旧市大红屯粮食购销有限公司,,,,全国,国家级粮食应急保障企业,通过重新评估的第二批国家级粮食应急保障企业,,,,序号: 40;企业名称: 个旧市大红屯粮食购销有限公司;名单性质: 通过评估的第二批国家级粮食应急保障企业,0.99,"原文件扩展名为 .wps,文件签名为 WPS/OLE 复合文档;只读转换为临时标准 DOCX 后抽取。来源年份由文件名推断。"
rec_3e07a4ca12d84d27,data/raw/national_emergency_grain_enterprises_2025_reassessment.wps,file_36eebd678e13fdd3,grain_emergency,,1,42,通过评估的第二批国家级粮食应急保障企业名单,2025,渭南长安花粮油有限公司(原:渭南石羊长安花粮油有限公司),,,,全国,国家级粮食应急保障企业,通过重新评估的第二批国家级粮食应急保障企业,,,,"序号: 41;企业名称: 渭南长安花粮油有限公司
(原:渭南石羊长安花粮油有限公司);名单性质: 通过评估的第二批国家级粮食应急保障企业",0.99,"原文件扩展名为 .wps,文件签名为 WPS/OLE 复合文档;只读转换为临时标准 DOCX 后抽取。来源年份由文件名推断。"
rec_3cb3893f5fa0992f,data/raw/national_emergency_grain_enterprises_2025_reassessment.wps,file_36eebd678e13fdd3,grain_emergency,,1,43,通过评估的第二批国家级粮食应急保障企业名单,2025,宝鸡祥和面粉有限责任公司,,,,全国,国家级粮食应急保障企业,通过重新评估的第二批国家级粮食应急保障企业,,,,序号: 42;企业名称: 宝鸡祥和面粉有限责任公司;名单性质: 通过评估的第二批国家级粮食应急保障企业,0.99,"原文件扩展名为 .wps,文件签名为 WPS/OLE 复合文档;只读转换为临时标准 DOCX 后抽取。来源年份由文件名推断。"
rec_b0eebcdb3dec6c79,data/raw/national_emergency_grain_enterprises_2025_reassessment.wps,file_36eebd678e13fdd3,grain_emergency,,1,44,通过评估的第二批国家级粮食应急保障企业名单,2025,青海通达油脂加工有限责任公司,,,青海省,全国,国家级粮食应急保障企业,通过重新评估的第二批国家级粮食应急保障企业,,,,序号: 43;企业名称: 青海通达油脂加工有限责任公司;名单性质: 通过评估的第二批国家级粮食应急保障企业,0.99,"原文件扩展名为 .wps,文件签名为 WPS/OLE 复合文档;只读转换为临时标准 DOCX 后抽取。来源年份由文件名推断。"
rec_b0cbc0928b5c1211,data/raw/national_emergency_grain_enterprises_2025_reassessment.wps,file_36eebd678e13fdd3,grain_emergency,,1,45,通过评估的第二批国家级粮食应急保障企业名单,2025,青海赓续军粮集团有限公司,,,青海省,全国,国家级粮食应急保障企业,通过重新评估的第二批国家级粮食应急保障企业,,,,序号: 44;企业名称: 青海赓续军粮集团有限公司;名单性质: 通过评估的第二批国家级粮食应急保障企业,0.99,"原文件扩展名为 .wps,文件签名为 WPS/OLE 复合文档;只读转换为临时标准 DOCX 后抽取。来源年份由文件名推断。"
rec_e1f1a6d8320411a2,data/raw/national_emergency_grain_enterprises_2025_reassessment.wps,file_36eebd678e13fdd3,grain_emergency,,1,46,通过评估的第二批国家级粮食应急保障企业名单,2025,宁夏兴唐米业集团有限公司,,,宁夏回族自治区,全国,国家级粮食应急保障企业,通过重新评估的第二批国家级粮食应急保障企业,,,,序号: 45;企业名称: 宁夏兴唐米业集团有限公司;名单性质: 通过评估的第二批国家级粮食应急保障企业,0.99,"原文件扩展名为 .wps,文件签名为 WPS/OLE 复合文档;只读转换为临时标准 DOCX 后抽取。来源年份由文件名推断。"
rec_229fee4d463abe7f,data/raw/national_emergency_grain_enterprises_2025_reassessment.wps,file_36eebd678e13fdd3,grain_emergency,,1,47,通过评估的第二批国家级粮食应急保障企业名单,2025,喀什天山面粉有限公司,,,,全国,国家级粮食应急保障企业,通过重新评估的第二批国家级粮食应急保障企业,,,,序号: 46;企业名称: 喀什天山面粉有限公司;名单性质: 通过评估的第二批国家级粮食应急保障企业,0.99,"原文件扩展名为 .wps,文件签名为 WPS/OLE 复合文档;只读转换为临时标准 DOCX 后抽取。来源年份由文件名推断。"
rec_6bf74837867d28f8,data/raw/national_emergency_grain_enterprises_batch2.pdf,file_bb365c73fee2945c,grain_emergency,1,正文编号名单,1,第二批国家级粮食应急保障企业名单,2022-09-29,中国邮政集团有限公司,,,,全国,国家级粮食应急保障企业,2022 年第二批国家级粮食应急保障企业认定名单,,,,序号: 1;企业名称: 中国邮政集团有限公司;名单性质: 第二批国家级粮食应急保障企业名单,0.99,按 PDF 文本层中的编号名单逐条抽取;原文件未提供地址和具体功能子类。
rec_1b5c1fe8db5f5b0a,data/raw/national_emergency_grain_enterprises_batch2.pdf,file_bb365c73fee2945c,grain_emergency,1,正文编号名单,2,第二批国家级粮食应急保障企业名单,2022-09-29,北京三快在线科技有限公司,,,北京市/北京市,全国,国家级粮食应急保障企业,2022 年第二批国家级粮食应急保障企业认定名单,,,,序号: 2;企业名称: 北京三快在线科技有限公司;名单性质: 第二批国家级粮食应急保障企业名单,0.99,按 PDF 文本层中的编号名单逐条抽取;原文件未提供地址和具体功能子类。
rec_40d756286b3627dd,data/raw/national_emergency_grain_enterprises_batch2.pdf,file_bb365c73fee2945c,grain_emergency,1,正文编号名单,3,第二批国家级粮食应急保障企业名单,2022-09-29,康师傅方便面投资(中国)有限公司,,,,全国,国家级粮食应急保障企业,2022 年第二批国家级粮食应急保障企业认定名单,,,,序号: 3;企业名称: 康师傅方便面投资(中国)有限公司;名单性质: 第二批国家级粮食应急保障企业名单,0.99,按 PDF 文本层中的编号名单逐条抽取;原文件未提供地址和具体功能子类。
rec_58af1c38e036aaed,data/raw/national_emergency_grain_enterprises_batch2.pdf,file_bb365c73fee2945c,grain_emergency,1,正文编号名单,4,第二批国家级粮食应急保障企业名单,2022-09-29,益海嘉里金龙鱼粮油食品股份有限公司,,,,全国,国家级粮食应急保障企业,2022 年第二批国家级粮食应急保障企业认定名单,,,,序号: 4;企业名称: 益海嘉里金龙鱼粮油食品股份有限公司;名单性质: 第二批国家级粮食应急保障企业名单,0.99,按 PDF 文本层中的编号名单逐条抽取;原文件未提供地址和具体功能子类。
rec_5cc9e62ecc8b3490,data/raw/national_emergency_grain_enterprises_batch2.pdf,file_bb365c73fee2945c,grain_emergency,1,正文编号名单,5,第二批国家级粮食应急保障企业名单,2022-09-29,光明农业发展(集团)有限公司,,,,全国,国家级粮食应急保障企业,2022 年第二批国家级粮食应急保障企业认定名单,,,,序号: 5;企业名称: 光明农业发展(集团)有限公司;名单性质: 第二批国家级粮食应急保障企业名单,0.99,按 PDF 文本层中的编号名单逐条抽取;原文件未提供地址和具体功能子类。
rec_b945cf816efc3a61,data/raw/national_emergency_grain_enterprises_batch2.pdf,file_bb365c73fee2945c,grain_emergency,1,正文编号名单,6,第二批国家级粮食应急保障企业名单,2022-09-29,河北省粮食产业集团有限公司,,,河北省,全国,国家级粮食应急保障企业,2022 年第二批国家级粮食应急保障企业认定名单,,,,序号: 6;企业名称: 河北省粮食产业集团有限公司;名单性质: 第二批国家级粮食应急保障企业名单,0.99,按 PDF 文本层中的编号名单逐条抽取;原文件未提供地址和具体功能子类。
rec_5ffaf1ef2e1c313a,data/raw/national_emergency_grain_enterprises_batch2.pdf,file_bb365c73fee2945c,grain_emergency,1,正文编号名单,7,第二批国家级粮食应急保障企业名单,2022-09-29,金沙河集团有限公司,,,,全国,国家级粮食应急保障企业,2022 年第二批国家级粮食应急保障企业认定名单,,,,序号: 7;企业名称: 金沙河集团有限公司;名单性质: 第二批国家级粮食应急保障企业名单,0.99,按 PDF 文本层中的编号名单逐条抽取;原文件未提供地址和具体功能子类。
rec_ddda3512188a5358,data/raw/national_emergency_grain_enterprises_batch2.pdf,file_bb365c73fee2945c,grain_emergency,1,正文编号名单,8,第二批国家级粮食应急保障企业名单,2022-09-29,固安县参花面粉有限公司,,,,全国,国家级粮食应急保障企业,2022 年第二批国家级粮食应急保障企业认定名单,,,,序号: 8;企业名称: 固安县参花面粉有限公司;名单性质: 第二批国家级粮食应急保障企业名单,0.99,按 PDF 文本层中的编号名单逐条抽取;原文件未提供地址和具体功能子类。
rec_a1a474d478ce8f9b,data/raw/national_emergency_grain_enterprises_batch2.pdf,file_bb365c73fee2945c,grain_emergency,1,正文编号名单,9,第二批国家级粮食应急保障企业名单,2022-09-29,营口禾丰源米业有限公司,,,,全国,国家级粮食应急保障企业,2022 年第二批国家级粮食应急保障企业认定名单,,,,序号: 9;企业名称: 营口禾丰源米业有限公司;名单性质: 第二批国家级粮食应急保障企业名单,0.99,按 PDF 文本层中的编号名单逐条抽取;原文件未提供地址和具体功能子类。
rec_5781430f40fef6e6,data/raw/national_emergency_grain_enterprises_batch2.pdf,file_bb365c73fee2945c,grain_emergency,1,正文编号名单,10,第二批国家级粮食应急保障企业名单,2022-09-29,吉林市友诚米业有限责任公司,,,吉林省,全国,国家级粮食应急保障企业,2022 年第二批国家级粮食应急保障企业认定名单,,,,序号: 10;企业名称: 吉林市友诚米业有限责任公司;名单性质: 第二批国家级粮食应急保障企业名单,0.99,按 PDF 文本层中的编号名单逐条抽取;原文件未提供地址和具体功能子类。
rec_e6eaf31a2cc7c355,data/raw/national_emergency_grain_enterprises_batch2.pdf,file_bb365c73fee2945c,grain_emergency,1,正文编号名单,11,第二批国家级粮食应急保障企业名单,2022-09-29,松原市巨大粮油食品有限公司,,,,全国,国家级粮食应急保障企业,2022 年第二批国家级粮食应急保障企业认定名单,,,,序号: 11;企业名称: 松原市巨大粮油食品有限公司;名单性质: 第二批国家级粮食应急保障企业名单,0.99,按 PDF 文本层中的编号名单逐条抽取;原文件未提供地址和具体功能子类。
rec_fe0c009235b3ea89,data/raw/national_emergency_grain_enterprises_batch2.pdf,file_bb365c73fee2945c,grain_emergency,1,正文编号名单,12,第二批国家级粮食应急保障企业名单,2022-09-29,黑龙江和美泰富农业发展股份有限公司,,,黑龙江省,全国,国家级粮食应急保障企业,2022 年第二批国家级粮食应急保障企业认定名单,,,,序号: 12;企业名称: 黑龙江和美泰富农业发展股份有限公司;名单性质: 第二批国家级粮食应急保障企业名单,0.99,按 PDF 文本层中的编号名单逐条抽取;原文件未提供地址和具体功能子类。
rec_6ce47eed4f823974,data/raw/national_emergency_grain_enterprises_batch2.pdf,file_bb365c73fee2945c,grain_emergency,1,正文编号名单,13,第二批国家级粮食应急保障企业名单,2022-09-29,黑龙江象屿农业物产有限公司,,,黑龙江省,全国,国家级粮食应急保障企业,2022 年第二批国家级粮食应急保障企业认定名单,,,,序号: 13;企业名称: 黑龙江象屿农业物产有限公司;名单性质: 第二批国家级粮食应急保障企业名单,0.99,按 PDF 文本层中的编号名单逐条抽取;原文件未提供地址和具体功能子类。
rec_968db33a413b8bb2,data/raw/national_emergency_grain_enterprises_batch2.pdf,file_bb365c73fee2945c,grain_emergency,1,正文编号名单,14,第二批国家级粮食应急保障企业名单,2022-09-29,五常市乔府大院农业股份有限公司,,,,全国,国家级粮食应急保障企业,2022 年第二批国家级粮食应急保障企业认定名单,,,,序号: 14;企业名称: 五常市乔府大院农业股份有限公司;名单性质: 第二批国家级粮食应急保障企业名单,0.99,按 PDF 文本层中的编号名单逐条抽取;原文件未提供地址和具体功能子类。
rec_756c47f91c4ea317,data/raw/national_emergency_grain_enterprises_batch2.pdf,file_bb365c73fee2945c,grain_emergency,1,正文编号名单,15,第二批国家级粮食应急保障企业名单,2022-09-29,黑龙江金农人粮食有限公司,,,黑龙江省,全国,国家级粮食应急保障企业,2022 年第二批国家级粮食应急保障企业认定名单,,,,序号: 15;企业名称: 黑龙江金农人粮食有限公司;名单性质: 第二批国家级粮食应急保障企业名单,0.99,按 PDF 文本层中的编号名单逐条抽取;原文件未提供地址和具体功能子类。
rec_89eb65a237ff3948,data/raw/national_emergency_grain_enterprises_batch2.pdf,file_bb365c73fee2945c,grain_emergency,1,正文编号名单,16,第二批国家级粮食应急保障企业名单,2022-09-29,金光食品(宁波)有限公司,,,,全国,国家级粮食应急保障企业,2022 年第二批国家级粮食应急保障企业认定名单,,,,序号: 16;企业名称: 金光食品(宁波)有限公司;名单性质: 第二批国家级粮食应急保障企业名单,0.99,按 PDF 文本层中的编号名单逐条抽取;原文件未提供地址和具体功能子类。
rec_2d3e1c063604998a,data/raw/national_emergency_grain_enterprises_batch2.pdf,file_bb365c73fee2945c,grain_emergency,2,正文编号名单,17,第二批国家级粮食应急保障企业名单,2022-09-29,杭州宏盛粮油贸易有限公司,,,,全国,国家级粮食应急保障企业,2022 年第二批国家级粮食应急保障企业认定名单,,,,序号: 17;企业名称: 杭州宏盛粮油贸易有限公司;名单性质: 第二批国家级粮食应急保障企业名单,0.99,按 PDF 文本层中的编号名单逐条抽取;原文件未提供地址和具体功能子类。
rec_c29d96d1b33b9924,data/raw/national_emergency_grain_enterprises_batch2.pdf,file_bb365c73fee2945c,grain_emergency,2,正文编号名单,18,第二批国家级粮食应急保障企业名单,2022-09-29,安徽联河股份有限公司,,,安徽省,全国,国家级粮食应急保障企业,2022 年第二批国家级粮食应急保障企业认定名单,,,,序号: 18;企业名称: 安徽联河股份有限公司;名单性质: 第二批国家级粮食应急保障企业名单,0.99,按 PDF 文本层中的编号名单逐条抽取;原文件未提供地址和具体功能子类。
rec_db4b33f973b43ed9,data/raw/national_emergency_grain_enterprises_batch2.pdf,file_bb365c73fee2945c,grain_emergency,2,正文编号名单,19,第二批国家级粮食应急保障企业名单,2022-09-29,安徽青松食品有限公司,,,安徽省,全国,国家级粮食应急保障企业,2022 年第二批国家级粮食应急保障企业认定名单,,,,序号: 19;企业名称: 安徽青松食品有限公司;名单性质: 第二批国家级粮食应急保障企业名单,0.99,按 PDF 文本层中的编号名单逐条抽取;原文件未提供地址和具体功能子类。
rec_89a1e8ef82c75b44,data/raw/national_emergency_grain_enterprises_batch2.pdf,file_bb365c73fee2945c,grain_emergency,2,正文编号名单,20,第二批国家级粮食应急保障企业名单,2022-09-29,莆田市利源米业有限公司,,,,全国,国家级粮食应急保障企业,2022 年第二批国家级粮食应急保障企业认定名单,,,,序号: 20;企业名称: 莆田市利源米业有限公司;名单性质: 第二批国家级粮食应急保障企业名单,0.99,按 PDF 文本层中的编号名单逐条抽取;原文件未提供地址和具体功能子类。
rec_a246cd5e5ed52e64,data/raw/national_emergency_grain_enterprises_batch2.pdf,file_bb365c73fee2945c,grain_emergency,2,正文编号名单,21,第二批国家级粮食应急保障企业名单,2022-09-29,福州恒丰米业有限公司,,,,全国,国家级粮食应急保障企业,2022 年第二批国家级粮食应急保障企业认定名单,,,,序号: 21;企业名称: 福州恒丰米业有限公司;名单性质: 第二批国家级粮食应急保障企业名单,0.99,按 PDF 文本层中的编号名单逐条抽取;原文件未提供地址和具体功能子类。
rec_9156e3fe829ba662,data/raw/national_emergency_grain_enterprises_batch2.pdf,file_bb365c73fee2945c,grain_emergency,2,正文编号名单,22,第二批国家级粮食应急保障企业名单,2022-09-29,鄱阳湖生态农业股份有限公司,,,,全国,国家级粮食应急保障企业,2022 年第二批国家级粮食应急保障企业认定名单,,,,序号: 22;企业名称: 鄱阳湖生态农业股份有限公司;名单性质: 第二批国家级粮食应急保障企业名单,0.99,按 PDF 文本层中的编号名单逐条抽取;原文件未提供地址和具体功能子类。
rec_5074ce4658ee833b,data/raw/national_emergency_grain_enterprises_batch2.pdf,file_bb365c73fee2945c,grain_emergency,2,正文编号名单,23,第二批国家级粮食应急保障企业名单,2022-09-29,香驰控股有限公司,,,,全国,国家级粮食应急保障企业,2022 年第二批国家级粮食应急保障企业认定名单,,,,序号: 23;企业名称: 香驰控股有限公司;名单性质: 第二批国家级粮食应急保障企业名单,0.99,按 PDF 文本层中的编号名单逐条抽取;原文件未提供地址和具体功能子类。
rec_f7a89f6b0f1cd3c7,data/raw/national_emergency_grain_enterprises_batch2.pdf,file_bb365c73fee2945c,grain_emergency,2,正文编号名单,24,第二批国家级粮食应急保障企业名单,2022-09-29,青岛天祥食品集团有限公司,,,,全国,国家级粮食应急保障企业,2022 年第二批国家级粮食应急保障企业认定名单,,,,序号: 24;企业名称: 青岛天祥食品集团有限公司;名单性质: 第二批国家级粮食应急保障企业名单,0.99,按 PDF 文本层中的编号名单逐条抽取;原文件未提供地址和具体功能子类。
rec_2e167e357fc6020d,data/raw/national_emergency_grain_enterprises_batch2.pdf,file_bb365c73fee2945c,grain_emergency,2,正文编号名单,25,第二批国家级粮食应急保障企业名单,2022-09-29,德州军粮食品产业集团有限公司,,,,全国,国家级粮食应急保障企业,2022 年第二批国家级粮食应急保障企业认定名单,,,,序号: 25;企业名称: 德州军粮食品产业集团有限公司;名单性质: 第二批国家级粮食应急保障企业名单,0.99,按 PDF 文本层中的编号名单逐条抽取;原文件未提供地址和具体功能子类。
rec_2ab324a1354e0b3b,data/raw/national_emergency_grain_enterprises_batch2.pdf,file_bb365c73fee2945c,grain_emergency,2,正文编号名单,26,第二批国家级粮食应急保障企业名单,2022-09-29,发达面粉集团股份有限公司,,,,全国,国家级粮食应急保障企业,2022 年第二批国家级粮食应急保障企业认定名单,,,,序号: 26;企业名称: 发达面粉集团股份有限公司;名单性质: 第二批国家级粮食应急保障企业名单,0.99,按 PDF 文本层中的编号名单逐条抽取;原文件未提供地址和具体功能子类。
rec_17de8a966f28eda6,data/raw/national_emergency_grain_enterprises_batch2.pdf,file_bb365c73fee2945c,grain_emergency,2,正文编号名单,27,第二批国家级粮食应急保障企业名单,2022-09-29,河南志情面业有限责任公司,,,河南省,全国,国家级粮食应急保障企业,2022 年第二批国家级粮食应急保障企业认定名单,,,,序号: 27;企业名称: 河南志情面业有限责任公司;名单性质: 第二批国家级粮食应急保障企业名单,0.99,按 PDF 文本层中的编号名单逐条抽取;原文件未提供地址和具体功能子类。
rec_54d730a3834929ea,data/raw/national_emergency_grain_enterprises_batch2.pdf,file_bb365c73fee2945c,grain_emergency,2,正文编号名单,28,第二批国家级粮食应急保障企业名单,2022-09-29,河南天香面业有限公司,,,河南省,全国,国家级粮食应急保障企业,2022 年第二批国家级粮食应急保障企业认定名单,,,,序号: 28;企业名称: 河南天香面业有限公司;名单性质: 第二批国家级粮食应急保障企业名单,0.99,按 PDF 文本层中的编号名单逐条抽取;原文件未提供地址和具体功能子类。
rec_6fe90ea2d5f7dced,data/raw/national_emergency_grain_enterprises_batch2.pdf,file_bb365c73fee2945c,grain_emergency,2,正文编号名单,29,第二批国家级粮食应急保障企业名单,2022-09-29,固始县豫申粮油工贸有限公司,,,,全国,国家级粮食应急保障企业,2022 年第二批国家级粮食应急保障企业认定名单,,,,序号: 29;企业名称: 固始县豫申粮油工贸有限公司;名单性质: 第二批国家级粮食应急保障企业名单,0.99,按 PDF 文本层中的编号名单逐条抽取;原文件未提供地址和具体功能子类。
rec_d5a24fd1f0347008,data/raw/national_emergency_grain_enterprises_batch2.pdf,file_bb365c73fee2945c,grain_emergency,2,正文编号名单,30,第二批国家级粮食应急保障企业名单,2022-09-29,湖北金银丰食品有限公司,,,湖北省,全国,国家级粮食应急保障企业,2022 年第二批国家级粮食应急保障企业认定名单,,,,序号: 30;企业名称: 湖北金银丰食品有限公司;名单性质: 第二批国家级粮食应急保障企业名单,0.99,按 PDF 文本层中的编号名单逐条抽取;原文件未提供地址和具体功能子类。
rec_2eb7cbee079ad5f2,data/raw/national_emergency_grain_enterprises_batch2.pdf,file_bb365c73fee2945c,grain_emergency,2,正文编号名单,31,第二批国家级粮食应急保障企业名单,2022-09-29,宜昌粮食集团有限公司,,,,全国,国家级粮食应急保障企业,2022 年第二批国家级粮食应急保障企业认定名单,,,,序号: 31;企业名称: 宜昌粮食集团有限公司;名单性质: 第二批国家级粮食应急保障企业名单,0.99,按 PDF 文本层中的编号名单逐条抽取;原文件未提供地址和具体功能子类。
rec_d52f0c3fa9fff25d,data/raw/national_emergency_grain_enterprises_batch2.pdf,file_bb365c73fee2945c,grain_emergency,2,正文编号名单,32,第二批国家级粮食应急保障企业名单,2022-09-29,湖北洪森实业(集团)有限公司,,,湖北省,全国,国家级粮食应急保障企业,2022 年第二批国家级粮食应急保障企业认定名单,,,,序号: 32;企业名称: 湖北洪森实业(集团)有限公司;名单性质: 第二批国家级粮食应急保障企业名单,0.99,按 PDF 文本层中的编号名单逐条抽取;原文件未提供地址和具体功能子类。
rec_432585eed62bef79,data/raw/national_emergency_grain_enterprises_batch2.pdf,file_bb365c73fee2945c,grain_emergency,2,正文编号名单,33,第二批国家级粮食应急保障企业名单,2022-09-29,株洲市湘东仙竹米业有限责任公司,,,,全国,国家级粮食应急保障企业,2022 年第二批国家级粮食应急保障企业认定名单,,,,序号: 33;企业名称: 株洲市湘东仙竹米业有限责任公司;名单性质: 第二批国家级粮食应急保障企业名单,0.99,按 PDF 文本层中的编号名单逐条抽取;原文件未提供地址和具体功能子类。
rec_6de34247f2769cda,data/raw/national_emergency_grain_enterprises_batch2.pdf,file_bb365c73fee2945c,grain_emergency,2,正文编号名单,34,第二批国家级粮食应急保障企业名单,2022-09-29,东莞市太粮米业有限公司,,,,全国,国家级粮食应急保障企业,2022 年第二批国家级粮食应急保障企业认定名单,,,,序号: 34;企业名称: 东莞市太粮米业有限公司;名单性质: 第二批国家级粮食应急保障企业名单,0.99,按 PDF 文本层中的编号名单逐条抽取;原文件未提供地址和具体功能子类。
rec_f1f379b85fc84e9a,data/raw/national_emergency_grain_enterprises_batch2.pdf,file_bb365c73fee2945c,grain_emergency,2,正文编号名单,35,第二批国家级粮食应急保障企业名单,2022-09-29,广东穗丰食品有限公司,,,广东省,全国,国家级粮食应急保障企业,2022 年第二批国家级粮食应急保障企业认定名单,,,,序号: 35;企业名称: 广东穗丰食品有限公司;名单性质: 第二批国家级粮食应急保障企业名单,0.99,按 PDF 文本层中的编号名单逐条抽取;原文件未提供地址和具体功能子类。
rec_56666221b241f3c4,data/raw/national_emergency_grain_enterprises_batch2.pdf,file_bb365c73fee2945c,grain_emergency,2,正文编号名单,36,第二批国家级粮食应急保障企业名单,2022-09-29,广西港青油脂有限公司,,,广西壮族自治区,全国,国家级粮食应急保障企业,2022 年第二批国家级粮食应急保障企业认定名单,,,,序号: 36;企业名称: 广西港青油脂有限公司;名单性质: 第二批国家级粮食应急保障企业名单,0.99,按 PDF 文本层中的编号名单逐条抽取;原文件未提供地址和具体功能子类。
rec_dcde937eabd1dbaf,data/raw/national_emergency_grain_enterprises_batch2.pdf,file_bb365c73fee2945c,grain_emergency,2,正文编号名单,37,第二批国家级粮食应急保障企业名单,2022-09-29,广西粮运物流集团有限公司,,,广西壮族自治区,全国,国家级粮食应急保障企业,2022 年第二批国家级粮食应急保障企业认定名单,,,,序号: 37;企业名称: 广西粮运物流集团有限公司;名单性质: 第二批国家级粮食应急保障企业名单,0.99,按 PDF 文本层中的编号名单逐条抽取;原文件未提供地址和具体功能子类。
rec_8b9f13152e81ea9f,data/raw/national_emergency_grain_enterprises_batch2.pdf,file_bb365c73fee2945c,grain_emergency,2,正文编号名单,38,第二批国家级粮食应急保障企业名单,2022-09-29,海南符氏食品有限公司,,,海南省,全国,国家级粮食应急保障企业,2022 年第二批国家级粮食应急保障企业认定名单,,,,序号: 38;企业名称: 海南符氏食品有限公司;名单性质: 第二批国家级粮食应急保障企业名单,0.99,按 PDF 文本层中的编号名单逐条抽取;原文件未提供地址和具体功能子类。
rec_5322b9c78d63c060,data/raw/national_emergency_grain_enterprises_batch2.pdf,file_bb365c73fee2945c,grain_emergency,3,正文编号名单,39,第二批国家级粮食应急保障企业名单,2022-09-29,四川德阳市年丰食品有限公司,,,四川省,全国,国家级粮食应急保障企业,2022 年第二批国家级粮食应急保障企业认定名单,,,,序号: 39;企业名称: 四川德阳市年丰食品有限公司;名单性质: 第二批国家级粮食应急保障企业名单,0.99,按 PDF 文本层中的编号名单逐条抽取;原文件未提供地址和具体功能子类。
rec_028bfdab419b947b,data/raw/national_emergency_grain_enterprises_batch2.pdf,file_bb365c73fee2945c,grain_emergency,3,正文编号名单,40,第二批国家级粮食应急保障企业名单,2022-09-29,成都红旗连锁股份有限公司,,,,全国,国家级粮食应急保障企业,2022 年第二批国家级粮食应急保障企业认定名单,,,,序号: 40;企业名称: 成都红旗连锁股份有限公司;名单性质: 第二批国家级粮食应急保障企业名单,0.99,按 PDF 文本层中的编号名单逐条抽取;原文件未提供地址和具体功能子类。
rec_dfefcf65cbff52e1,data/raw/national_emergency_grain_enterprises_batch2.pdf,file_bb365c73fee2945c,grain_emergency,3,正文编号名单,41,第二批国家级粮食应急保障企业名单,2022-09-29,成都粮食集团有限公司,,,,全国,国家级粮食应急保障企业,2022 年第二批国家级粮食应急保障企业认定名单,,,,序号: 41;企业名称: 成都粮食集团有限公司;名单性质: 第二批国家级粮食应急保障企业名单,0.99,按 PDF 文本层中的编号名单逐条抽取;原文件未提供地址和具体功能子类。
rec_8c59f3584761ed64,data/raw/national_emergency_grain_enterprises_batch2.pdf,file_bb365c73fee2945c,grain_emergency,3,正文编号名单,42,第二批国家级粮食应急保障企业名单,2022-09-29,绵阳仙特米业有限公司,,,,全国,国家级粮食应急保障企业,2022 年第二批国家级粮食应急保障企业认定名单,,,,序号: 42;企业名称: 绵阳仙特米业有限公司;名单性质: 第二批国家级粮食应急保障企业名单,0.99,按 PDF 文本层中的编号名单逐条抽取;原文件未提供地址和具体功能子类。
rec_ce4a384f55597b1f,data/raw/national_emergency_grain_enterprises_batch2.pdf,file_bb365c73fee2945c,grain_emergency,3,正文编号名单,43,第二批国家级粮食应急保障企业名单,2022-09-29,四川粮油批发中心直属储备库有限公司,,,四川省,全国,国家级粮食应急保障企业,2022 年第二批国家级粮食应急保障企业认定名单,,,,序号: 43;企业名称: 四川粮油批发中心直属储备库有限公司;名单性质: 第二批国家级粮食应急保障企业名单,0.99,按 PDF 文本层中的编号名单逐条抽取;原文件未提供地址和具体功能子类。
rec_9efbf4fe0b434fcc,data/raw/national_emergency_grain_enterprises_batch2.pdf,file_bb365c73fee2945c,grain_emergency,3,正文编号名单,44,第二批国家级粮食应急保障企业名单,2022-09-29,贵州高峰十里香米业有限公司,,,贵州省,全国,国家级粮食应急保障企业,2022 年第二批国家级粮食应急保障企业认定名单,,,,序号: 44;企业名称: 贵州高峰十里香米业有限公司;名单性质: 第二批国家级粮食应急保障企业名单,0.99,按 PDF 文本层中的编号名单逐条抽取;原文件未提供地址和具体功能子类。
rec_19184b6985c1a71b,data/raw/national_emergency_grain_enterprises_batch2.pdf,file_bb365c73fee2945c,grain_emergency,3,正文编号名单,45,第二批国家级粮食应急保障企业名单,2022-09-29,个旧市大红屯粮食购销有限公司,,,,全国,国家级粮食应急保障企业,2022 年第二批国家级粮食应急保障企业认定名单,,,,序号: 45;企业名称: 个旧市大红屯粮食购销有限公司;名单性质: 第二批国家级粮食应急保障企业名单,0.99,按 PDF 文本层中的编号名单逐条抽取;原文件未提供地址和具体功能子类。
rec_6daf8309fcc407d5,data/raw/national_emergency_grain_enterprises_batch2.pdf,file_bb365c73fee2945c,grain_emergency,3,正文编号名单,46,第二批国家级粮食应急保障企业名单,2022-09-29,渭南石羊长安花粮油有限公司,,,,全国,国家级粮食应急保障企业,2022 年第二批国家级粮食应急保障企业认定名单,,,,序号: 46;企业名称: 渭南石羊长安花粮油有限公司;名单性质: 第二批国家级粮食应急保障企业名单,0.99,按 PDF 文本层中的编号名单逐条抽取;原文件未提供地址和具体功能子类。
rec_b992bb03bcb139c5,data/raw/national_emergency_grain_enterprises_batch2.pdf,file_bb365c73fee2945c,grain_emergency,3,正文编号名单,47,第二批国家级粮食应急保障企业名单,2022-09-29,宝鸡祥和面粉有限责任公司,,,,全国,国家级粮食应急保障企业,2022 年第二批国家级粮食应急保障企业认定名单,,,,序号: 47;企业名称: 宝鸡祥和面粉有限责任公司;名单性质: 第二批国家级粮食应急保障企业名单,0.99,按 PDF 文本层中的编号名单逐条抽取;原文件未提供地址和具体功能子类。
rec_e2247e397a4437c8,data/raw/national_emergency_grain_enterprises_batch2.pdf,file_bb365c73fee2945c,grain_emergency,3,正文编号名单,48,第二批国家级粮食应急保障企业名单,2022-09-29,青海通达油脂加工有限责任公司,,,青海省,全国,国家级粮食应急保障企业,2022 年第二批国家级粮食应急保障企业认定名单,,,,序号: 48;企业名称: 青海通达油脂加工有限责任公司;名单性质: 第二批国家级粮食应急保障企业名单,0.99,按 PDF 文本层中的编号名单逐条抽取;原文件未提供地址和具体功能子类。
rec_450dd97fae0f13e7,data/raw/national_emergency_grain_enterprises_batch2.pdf,file_bb365c73fee2945c,grain_emergency,3,正文编号名单,49,第二批国家级粮食应急保障企业名单,2022-09-29,青海赓续军粮集团有限公司,,,青海省,全国,国家级粮食应急保障企业,2022 年第二批国家级粮食应急保障企业认定名单,,,,序号: 49;企业名称: 青海赓续军粮集团有限公司;名单性质: 第二批国家级粮食应急保障企业名单,0.99,按 PDF 文本层中的编号名单逐条抽取;原文件未提供地址和具体功能子类。
rec_3012f7b652a9a682,data/raw/national_emergency_grain_enterprises_batch2.pdf,file_bb365c73fee2945c,grain_emergency,3,正文编号名单,50,第二批国家级粮食应急保障企业名单,2022-09-29,宁夏兴唐米业集团有限公司,,,宁夏回族自治区,全国,国家级粮食应急保障企业,2022 年第二批国家级粮食应急保障企业认定名单,,,,序号: 50;企业名称: 宁夏兴唐米业集团有限公司;名单性质: 第二批国家级粮食应急保障企业名单,0.99,按 PDF 文本层中的编号名单逐条抽取;原文件未提供地址和具体功能子类。
rec_1de8aea332eb52a7,data/raw/national_emergency_grain_enterprises_batch2.pdf,file_bb365c73fee2945c,grain_emergency,3,正文编号名单,51,第二批国家级粮食应急保障企业名单,2022-09-29,喀什天山面粉有限公司,,,,全国,国家级粮食应急保障企业,2022 年第二批国家级粮食应急保障企业认定名单,,,,序号: 51;企业名称: 喀什天山面粉有限公司;名单性质: 第二批国家级粮食应急保障企业名单,0.99,按 PDF 文本层中的编号名单逐条抽取;原文件未提供地址和具体功能子类。
rec_41a2def7111d9f40,data/raw/pingguo_meat_suppliers.pdf,file_265d4f3268547854,government_procurement,1,1,2,平果市公办学校食堂食品框架协议入围供应商（鲜肉类）,2026-01-03,广西联利餐饮管理有限公司,,,广西壮族自治区,百色市/平果市,鲜肉类,"平果市公办学校(幼儿园
)食堂食品智慧监管系统
框架协议采购供应商服务-
-(鲜肉类);详见征集文件第二章《采
购需求》。:完全响应30
名以上;入围单价: 98%",,,,"序号: 1;入围供应商名称: 广西联利餐饮管理有限公
司;入围产品名称: 平果市公办学校(幼儿园
)食堂食品智慧监管系统
框架协议采购供应商服务-
-(鲜肉类);规格/服务标准: 详见征集文件第二章《采
购需求》。:完全响应30
名以上;入围单价: 98%",0.97,"PDF 表格未提供地址和统一社会信用代码;服务项目所在地为平果市,不能据此推断企业所在地。"
rec_08d09792cd839940,data/raw/pingguo_meat_suppliers.pdf,file_265d4f3268547854,government_procurement,1,1,3,平果市公办学校食堂食品框架协议入围供应商（鲜肉类）,2026-01-03,广西多递湾贸易集团有限公司,,,广西壮族自治区,百色市/平果市,鲜肉类,"广西多递湾贸易集团有限
公司平果市公办学校(幼
儿园)食堂食品智慧监管
系统框架协议采购供应商
服务--(鲜肉类);详见征集文件第二章《采
购需求》。:响应文件要
求30名以上;入围单价: 96%",,,,"序号: 2;入围供应商名称: 广西多递湾贸易集团有限
公司;入围产品名称: 广西多递湾贸易集团有限
公司平果市公办学校(幼
儿园)食堂食品智慧监管
系统框架协议采购供应商
服务--(鲜肉类);规格/服务标准: 详见征集文件第二章《采
购需求》。:响应文件要
求30名以上;入围单价: 96%",0.97,"PDF 表格未提供地址和统一社会信用代码;服务项目所在地为平果市,不能据此推断企业所在地。"
rec_47d6718866b48c36,data/raw/pingguo_meat_suppliers.pdf,file_265d4f3268547854,government_procurement,1,1,4,平果市公办学校食堂食品框架协议入围供应商（鲜肉类）,2026-01-03,广西万乡河餐饮集团有限公司,,,广西壮族自治区,百色市/平果市,鲜肉类,"广西万乡河餐饮集团有限
公司平果市公办学校(幼
儿园)食堂食品智慧监管
系统框架协议采购供应商
服务--(鲜肉类);详见征集文件第二章《采
购需求》。:完全响应无
偏离30名以上;入围单价: 98%",,,,"序号: 3;入围供应商名称: 广西万乡河餐饮集团有限
公司;入围产品名称: 广西万乡河餐饮集团有限
公司平果市公办学校(幼
儿园)食堂食品智慧监管
系统框架协议采购供应商
服务--(鲜肉类);规格/服务标准: 详见征集文件第二章《采
购需求》。:完全响应无
偏离30名以上;入围单价: 98%",0.97,"PDF 表格未提供地址和统一社会信用代码;服务项目所在地为平果市,不能据此推断企业所在地。"
rec_e86c458c579ca1dd,data/raw/pingguo_meat_suppliers.pdf,file_265d4f3268547854,government_procurement,1,1,5,平果市公办学校食堂食品框架协议入围供应商（鲜肉类）,2026-01-03,百色煜煜商贸有限公司,,,广西壮族自治区/百色市,百色市/平果市,鲜肉类,"百色煜煜商贸有限公司平
果市公办学校(幼儿园)
食堂食品智慧监管系统框
架协议采购供应商服务--
(鲜肉类);详见征集文件第二章《采
购需求》。:完全响应30
名以上;入围单价: 96%",,,,"序号: 4;入围供应商名称: 百色煜煜商贸有限公司;入围产品名称: 百色煜煜商贸有限公司平
果市公办学校(幼儿园)
食堂食品智慧监管系统框
架协议采购供应商服务--
(鲜肉类);规格/服务标准: 详见征集文件第二章《采
购需求》。:完全响应30
名以上;入围单价: 96%",0.97,"PDF 表格未提供地址和统一社会信用代码;服务项目所在地为平果市,不能据此推断企业所在地。"
rec_10f9b55a84cd4c21,data/raw/pingguo_meat_suppliers.pdf,file_265d4f3268547854,government_procurement,1,1,6,平果市公办学校食堂食品框架协议入围供应商（鲜肉类）,2026-01-03,广州优链云供应链管理有限公司,,,,百色市/平果市,鲜肉类,"广州优链云供应链管理有
限公司平果市公办学校(
幼儿园)食堂食品智慧监
管系统框架协议采购供应
商服务--(鲜肉类);详见征集文件第二章《采
购需求》。:我司承诺完
全响应详见征集文件第二
章(采购需求)30名以上并
按征集文件要求及甲方要
求执行。30名以上;入围单价: 98%",,,,"序号: 5;入围供应商名称: 广州优链云供应链管理有
限公司;入围产品名称: 广州优链云供应链管理有
限公司平果市公办学校(
幼儿园)食堂食品智慧监
管系统框架协议采购供应
商服务--(鲜肉类);规格/服务标准: 详见征集文件第二章《采
购需求》。:我司承诺完
全响应详见征集文件第二
章(采购需求)30名以上并
按征集文件要求及甲方要
求执行。30名以上;入围单价: 98%",0.97,"PDF 表格未提供地址和统一社会信用代码;服务项目所在地为平果市,不能据此推断企业所在地。"
rec_ef65c2bcd9a44b1d,data/raw/pingguo_meat_suppliers.pdf,file_265d4f3268547854,government_procurement,1,1,7,平果市公办学校食堂食品框架协议入围供应商（鲜肉类）,2026-01-03,广西康然生态农业有限公司,,,广西壮族自治区,百色市/平果市,鲜肉类,"广西康然生态农业有限公
司平果市公办学校(幼儿
园)食堂食品智慧监管系
统框架协议采购供应商服
务--(鲜肉类);详见征集文件第二章《采
购需求》。:完全响应30
名以上;入围单价: 98%",,,,"序号: 6;入围供应商名称: 广西康然生态农业有限公
司;入围产品名称: 广西康然生态农业有限公
司平果市公办学校(幼儿
园)食堂食品智慧监管系
统框架协议采购供应商服
务--(鲜肉类);规格/服务标准: 详见征集文件第二章《采
购需求》。:完全响应30
名以上;入围单价: 98%",0.97,"PDF 表格未提供地址和统一社会信用代码;服务项目所在地为平果市,不能据此推断企业所在地。"
rec_f079d49b322b3d0f,data/raw/pingguo_meat_suppliers.pdf,file_265d4f3268547854,government_procurement,1,1,8,平果市公办学校食堂食品框架协议入围供应商（鲜肉类）,2026-01-03,南宁市食桂鲜农产品配送有限公司,,,广西壮族自治区/南宁市,百色市/平果市,鲜肉类,"南宁市食桂鲜农产品配送
有限公司平果市公办学校
(幼儿园)食堂食品智慧
监管系统框架协议采购供
应商服务--(鲜肉类);详见征集文件第二章《采
购需求》。:完全响应,
详见我司投标文件商务技
术文件中商务条款偏离表
及服务要求偏离表。30名
以上;入围单价: 98%",,,,"序号: 7;入围供应商名称: 南宁市食桂鲜农产品配送
有限公司;入围产品名称: 南宁市食桂鲜农产品配送
有限公司平果市公办学校
(幼儿园)食堂食品智慧
监管系统框架协议采购供
应商服务--(鲜肉类);规格/服务标准: 详见征集文件第二章《采
购需求》。:完全响应,
详见我司投标文件商务技
术文件中商务条款偏离表
及服务要求偏离表。30名
以上;入围单价: 98%",0.97,"PDF 表格未提供地址和统一社会信用代码;服务项目所在地为平果市,不能据此推断企业所在地。"
rec_0dfc664b3068df67,data/raw/pingguo_meat_suppliers.pdf,file_265d4f3268547854,government_procurement,1,1,9,平果市公办学校食堂食品框架协议入围供应商（鲜肉类）,2026-01-03,广西二师兄食品有限公司,,,广西壮族自治区,百色市/平果市,鲜肉类,"广西二师兄食品有限公司
平果市公办学校(幼儿园
)食堂食品智慧监管系统
框架协议采购供应商服务-
-(鲜肉类);详见征集文件第二章《采
购需求》。:我公司完全
响应并满足平果市公办学
校(幼儿园)食堂食品智慧
监管系统框架协议采购供
应商服务--(鲜肉类)详见
电子响应文件30名以上;入围单价: 98%",,,,"序号: 8;入围供应商名称: 广西二师兄食品有限公司;入围产品名称: 广西二师兄食品有限公司
平果市公办学校(幼儿园
)食堂食品智慧监管系统
框架协议采购供应商服务-
-(鲜肉类);规格/服务标准: 详见征集文件第二章《采
购需求》。:我公司完全
响应并满足平果市公办学
校(幼儿园)食堂食品智慧
监管系统框架协议采购供
应商服务--(鲜肉类)详见
电子响应文件30名以上;入围单价: 98%",0.97,"PDF 表格未提供地址和统一社会信用代码;服务项目所在地为平果市,不能据此推断企业所在地。"
rec_c4861104d5c43852,data/raw/pingguo_meat_suppliers.pdf,file_265d4f3268547854,government_procurement,1,1,10,平果市公办学校食堂食品框架协议入围供应商（鲜肉类）,2026-01-03,广西姆之肴商贸有限责任公司,,,广西壮族自治区,百色市/平果市,鲜肉类,"广西姆之肴商贸有限责任
公司平果市公办学校(幼
儿园)食堂食品智慧监管
系统框架协议采购供应商
服务--(鲜肉类);详见征集文件第二章《采
购需求》。:我公司完全
响应30名以上;入围单价: 97%",,,,"序号: 9;入围供应商名称: 广西姆之肴商贸有限责任
公司;入围产品名称: 广西姆之肴商贸有限责任
公司平果市公办学校(幼
儿园)食堂食品智慧监管
系统框架协议采购供应商
服务--(鲜肉类);规格/服务标准: 详见征集文件第二章《采
购需求》。:我公司完全
响应30名以上;入围单价: 97%",0.97,"PDF 表格未提供地址和统一社会信用代码;服务项目所在地为平果市,不能据此推断企业所在地。"
rec_fae810e59ca9d031,data/raw/pingguo_meat_suppliers.pdf,file_265d4f3268547854,government_procurement,1,1,11,平果市公办学校食堂食品框架协议入围供应商（鲜肉类）,2026-01-03,广西益福康食品有限责任公司,,,广西壮族自治区,百色市/平果市,鲜肉类,"广西益福康食品有限责任
公司平果市公办学校(幼
儿园)食堂食品智慧监管
系统框架协议采购供应商
服务--(鲜肉类);详见征集文件第二章《采
购需求》。:我方完全响
应征集文件,详见响应文
件。30名以上;入围单价: 97%",,,,"序号: 10;入围供应商名称: 广西益福康食品有限责任
公司;入围产品名称: 广西益福康食品有限责任
公司平果市公办学校(幼
儿园)食堂食品智慧监管
系统框架协议采购供应商
服务--(鲜肉类);规格/服务标准: 详见征集文件第二章《采
购需求》。:我方完全响
应征集文件,详见响应文
件。30名以上;入围单价: 97%",0.97,"PDF 表格未提供地址和统一社会信用代码;服务项目所在地为平果市,不能据此推断企业所在地。"
rec_1586507525370af4,data/raw/pingguo_meat_suppliers.pdf,file_265d4f3268547854,government_procurement,1,1,12,平果市公办学校食堂食品框架协议入围供应商（鲜肉类）,2026-01-03,广西良堂餐饮管理有限公司,,,广西壮族自治区,百色市/平果市,鲜肉类,"广西良堂餐饮管理有限公
司平果市公办学校(幼儿
园)食堂食品智慧监管系
统框架协议采购供应商服
务--(鲜肉类);详见征集文件第二章《采
购需求》。:我公司完全
响应平果市公办学校(幼儿
园)食堂食品智慧监管系统
框架协议采购供应商服务-
-(鲜肉类)30名以上;入围单价: 98%",,,,"序号: 11;入围供应商名称: 广西良堂餐饮管理有限公
司;入围产品名称: 广西良堂餐饮管理有限公
司平果市公办学校(幼儿
园)食堂食品智慧监管系
统框架协议采购供应商服
务--(鲜肉类);规格/服务标准: 详见征集文件第二章《采
购需求》。:我公司完全
响应平果市公办学校(幼儿
园)食堂食品智慧监管系统
框架协议采购供应商服务-
-(鲜肉类)30名以上;入围单价: 98%",0.97,"PDF 表格未提供地址和统一社会信用代码;服务项目所在地为平果市,不能据此推断企业所在地。"
rec_bc95e8a84ae5efa0,data/raw/pingguo_meat_suppliers.pdf,file_265d4f3268547854,government_procurement,1,1,13,平果市公办学校食堂食品框架协议入围供应商（鲜肉类）,2026-01-03,广西衡尚餐饮管理有限公司,,,广西壮族自治区,百色市/平果市,鲜肉类,"广西衡尚餐饮管理有限公
司平果市公办学校(幼儿
园)食堂食品智慧监管系
统框架协议采购供应商服
务--(鲜肉类);详见征集文件第二章《采
购需求》。:完全响应30
名以上;入围单价: 98%",,,,"序号: 12;入围供应商名称: 广西衡尚餐饮管理有限公
司;入围产品名称: 广西衡尚餐饮管理有限公
司平果市公办学校(幼儿
园)食堂食品智慧监管系
统框架协议采购供应商服
务--(鲜肉类);规格/服务标准: 详见征集文件第二章《采
购需求》。:完全响应30
名以上;入围单价: 98%",0.97,"PDF 表格未提供地址和统一社会信用代码;服务项目所在地为平果市,不能据此推断企业所在地。"
rec_1a6449d200f59235,data/raw/pingguo_meat_suppliers.pdf,file_265d4f3268547854,government_procurement,1,1,14,平果市公办学校食堂食品框架协议入围供应商（鲜肉类）,2026-01-03,平果市力棉商贸有限公司,,,广西壮族自治区/百色市/平果市,百色市/平果市,鲜肉类,"平果市力棉商贸有限公司
平果市公办学校(幼儿园
)食堂食品智慧监管系统
框架协议采购供应商服务-
-(鲜肉类);详见征集文件第二章《采
购需求》。:完全响应征
集文件要求30名以上;入围单价: 99%",,,,"序号: 13;入围供应商名称: 平果市力棉商贸有限公司;入围产品名称: 平果市力棉商贸有限公司
平果市公办学校(幼儿园
)食堂食品智慧监管系统
框架协议采购供应商服务-
-(鲜肉类);规格/服务标准: 详见征集文件第二章《采
购需求》。:完全响应征
集文件要求30名以上;入围单价: 99%",0.97,"PDF 表格未提供地址和统一社会信用代码;服务项目所在地为平果市,不能据此推断企业所在地。"
rec_58151bc1a5bef1d0,data/raw/pingguo_meat_suppliers.pdf,file_265d4f3268547854,government_procurement,2,1,1,平果市公办学校食堂食品框架协议入围供应商（鲜肉类）,2026-01-03,广西平果创益供应链管理有限公司,,,广西壮族自治区,百色市/平果市,鲜肉类,"广西平果创益供应链管理
有限公司平果市公办学校
(幼儿园)食堂食品智慧
监管系统框架协议采购供
应商服务--(鲜肉类);详见征集文件第二章《采
购需求》。:平果市公办
学校(幼儿园)食堂食品
智慧监管系统框架协议采
购供应商服务- (鲜肉类
)30名以上;入围单价: 98.5%",,,,"序号: 14;入围供应商名称: 广西平果创益供应链管理
有限公司;入围产品名称: 广西平果创益供应链管理
有限公司平果市公办学校
(幼儿园)食堂食品智慧
监管系统框架协议采购供
应商服务--(鲜肉类);规格/服务标准: 详见征集文件第二章《采
购需求》。:平果市公办
学校(幼儿园)食堂食品
智慧监管系统框架协议采
购供应商服务- (鲜肉类
)30名以上;入围单价: 98.5%",0.97,"PDF 表格未提供地址和统一社会信用代码;服务项目所在地为平果市,不能据此推断企业所在地。"
rec_607fd0baa069ac33,data/raw/pingguo_meat_suppliers.pdf,file_265d4f3268547854,government_procurement,2,1,2,平果市公办学校食堂食品框架协议入围供应商（鲜肉类）,2026-01-03,平果方圆食品有限公司,,,广西壮族自治区/百色市/平果市,百色市/平果市,鲜肉类,"平果方圆食品有限公司平
果市公办学校(幼儿园)
食堂食品智慧监管系统框
架协议采购供应商服务--
(鲜肉类);详见征集文件第二章《采
购需求》。:完全响应30
名以上;入围单价: 99%",,,,"序号: 15;入围供应商名称: 平果方圆食品有限公司;入围产品名称: 平果方圆食品有限公司平
果市公办学校(幼儿园)
食堂食品智慧监管系统框
架协议采购供应商服务--
(鲜肉类);规格/服务标准: 详见征集文件第二章《采
购需求》。:完全响应30
名以上;入围单价: 99%",0.97,"PDF 表格未提供地址和统一社会信用代码;服务项目所在地为平果市,不能据此推断企业所在地。"
rec_14f5cc2509e7fb45,data/raw/pingguo_meat_suppliers.pdf,file_265d4f3268547854,government_procurement,2,1,3,平果市公办学校食堂食品框架协议入围供应商（鲜肉类）,2026-01-03,广西博焜贸易集团有限公司,,,广西壮族自治区,百色市/平果市,鲜肉类,"广西博焜贸易集团有限公
司平果市公办学校(幼儿
园)食堂食品智慧监管系
统框架协议采购供应商服
务--(鲜肉类);详见征集文件第二章《采
购需求》。:响应30名以
上;入围单价: 95%",,,,"序号: 16;入围供应商名称: 广西博焜贸易集团有限公
司;入围产品名称: 广西博焜贸易集团有限公
司平果市公办学校(幼儿
园)食堂食品智慧监管系
统框架协议采购供应商服
务--(鲜肉类);规格/服务标准: 详见征集文件第二章《采
购需求》。:响应30名以
上;入围单价: 95%",0.97,"PDF 表格未提供地址和统一社会信用代码;服务项目所在地为平果市,不能据此推断企业所在地。"
rec_5b62d5c09428d120,data/raw/pingguo_meat_suppliers.pdf,file_265d4f3268547854,government_procurement,2,1,4,平果市公办学校食堂食品框架协议入围供应商（鲜肉类）,2026-01-03,广西源豪餐饮管理有限公司,,,广西壮族自治区,百色市/平果市,鲜肉类,"广西源豪餐饮管理有限公
司平果市公办学校(幼儿
园)食堂食品智慧监管系
统框架协议采购供应商服
务--(鲜肉类);详见征集文件第二章《采
购需求》。:完全响应招
标文件的要求。30名以上;入围单价: 97%",,,,"序号: 17;入围供应商名称: 广西源豪餐饮管理有限公
司;入围产品名称: 广西源豪餐饮管理有限公
司平果市公办学校(幼儿
园)食堂食品智慧监管系
统框架协议采购供应商服
务--(鲜肉类);规格/服务标准: 详见征集文件第二章《采
购需求》。:完全响应招
标文件的要求。30名以上;入围单价: 97%",0.97,"PDF 表格未提供地址和统一社会信用代码;服务项目所在地为平果市,不能据此推断企业所在地。"
rec_489d1b2ac14d47c5,data/raw/pingguo_meat_suppliers.pdf,file_265d4f3268547854,government_procurement,2,1,5,平果市公办学校食堂食品框架协议入围供应商（鲜肉类）,2026-01-03,广西百宜安餐饮服务有限公司,,,广西壮族自治区,百色市/平果市,鲜肉类,"广西百宜安餐饮服务有限
公司平果市公办学校(幼
儿园)食堂食品智慧监管
系统框架协议采购供应商
服务--(鲜肉类);详见征集文件第二章《采
购需求》。:完全响应征
集文件要求30名以上;入围单价: 98%",,,,"序号: 18;入围供应商名称: 广西百宜安餐饮服务有限
公司;入围产品名称: 广西百宜安餐饮服务有限
公司平果市公办学校(幼
儿园)食堂食品智慧监管
系统框架协议采购供应商
服务--(鲜肉类);规格/服务标准: 详见征集文件第二章《采
购需求》。:完全响应征
集文件要求30名以上;入围单价: 98%",0.97,"PDF 表格未提供地址和统一社会信用代码;服务项目所在地为平果市,不能据此推断企业所在地。"
rec_586726b77c2a9f73,data/raw/pingguo_meat_suppliers.pdf,file_265d4f3268547854,government_procurement,2,1,6,平果市公办学校食堂食品框架协议入围供应商（鲜肉类）,2026-01-03,广西叁六玖供应链管理有限公司,,,广西壮族自治区,百色市/平果市,鲜肉类,"广西叁六玖供应链管理有
限公司平果市公办学校(
幼儿园)食堂食品智慧监
管系统框架协议采购供应
商服务--(鲜肉类);详见征集文件第二章《采
购需求》。:本公司全部
响应征集文件第二章《采
购需求》要求。30名以上;入围单价: 95%",,,,"序号: 19;入围供应商名称: 广西叁六玖供应链管理有
限公司;入围产品名称: 广西叁六玖供应链管理有
限公司平果市公办学校(
幼儿园)食堂食品智慧监
管系统框架协议采购供应
商服务--(鲜肉类);规格/服务标准: 详见征集文件第二章《采
购需求》。:本公司全部
响应征集文件第二章《采
购需求》要求。30名以上;入围单价: 95%",0.97,"PDF 表格未提供地址和统一社会信用代码;服务项目所在地为平果市,不能据此推断企业所在地。"
rec_0bb31fa455abcb53,data/raw/pingguo_meat_suppliers.pdf,file_265d4f3268547854,government_procurement,2,1,7,平果市公办学校食堂食品框架协议入围供应商（鲜肉类）,2026-01-03,广西南宁粮满餐餐饮服务有限公司,,,广西壮族自治区/南宁市,百色市/平果市,鲜肉类,"广西南宁粮满餐餐饮服务
有限公司平果市公办学校
(幼儿园)食堂食品智慧
监管系统框架协议采购供
应商服务--(鲜肉类);详见征集文件第二章《采
购需求》。:我公司完全
响应招标文件要求30名以
上;入围单价: 97%",,,,"序号: 20;入围供应商名称: 广西南宁粮满餐餐饮服务
有限公司;入围产品名称: 广西南宁粮满餐餐饮服务
有限公司平果市公办学校
(幼儿园)食堂食品智慧
监管系统框架协议采购供
应商服务--(鲜肉类);规格/服务标准: 详见征集文件第二章《采
购需求》。:我公司完全
响应招标文件要求30名以
上;入围单价: 97%",0.97,"PDF 表格未提供地址和统一社会信用代码;服务项目所在地为平果市,不能据此推断企业所在地。"
rec_19a5623dd7f8a9ad,data/raw/pingguo_meat_suppliers.pdf,file_265d4f3268547854,government_procurement,2,1,8,平果市公办学校食堂食品框架协议入围供应商（鲜肉类）,2026-01-03,广西南宁明璨贸易有限公司,,,广西壮族自治区/南宁市,百色市/平果市,鲜肉类,"平果市公办学校(幼儿园
)食堂食品智慧监管系统
框架协议采购供应商服务-
-(鲜肉类);详见征集文件第二章《采
购需求》。:响应招标文
件的30名以上;入围单价: 98%",,,,"序号: 21;入围供应商名称: 广西南宁明璨贸易有限公
司;入围产品名称: 平果市公办学校(幼儿园
)食堂食品智慧监管系统
框架协议采购供应商服务-
-(鲜肉类);规格/服务标准: 详见征集文件第二章《采
购需求》。:响应招标文
件的30名以上;入围单价: 98%",0.97,"PDF 表格未提供地址和统一社会信用代码;服务项目所在地为平果市,不能据此推断企业所在地。"
rec_6755c49da23a35e0,data/raw/pingguo_meat_suppliers.pdf,file_265d4f3268547854,government_procurement,2,1,9,平果市公办学校食堂食品框架协议入围供应商（鲜肉类）,2026-01-03,广西四季嘉宴餐饮有限公司,,,广西壮族自治区,百色市/平果市,鲜肉类,"广西四季嘉宴餐饮有限公
司平果市公办学校(幼儿
园)食堂食品智慧监管系
统框架协议采购供应商服
务--(鲜肉类);详见征集文件第二章《采
购需求》。:响应征集文
件要求30名以上;入围单价: 99%",,,,"序号: 22;入围供应商名称: 广西四季嘉宴餐饮有限公
司;入围产品名称: 广西四季嘉宴餐饮有限公
司平果市公办学校(幼儿
园)食堂食品智慧监管系
统框架协议采购供应商服
务--(鲜肉类);规格/服务标准: 详见征集文件第二章《采
购需求》。:响应征集文
件要求30名以上;入围单价: 99%",0.97,"PDF 表格未提供地址和统一社会信用代码;服务项目所在地为平果市,不能据此推断企业所在地。"
rec_97920a8bf4c5ba8d,data/raw/pingguo_meat_suppliers.pdf,file_265d4f3268547854,government_procurement,2,1,10,平果市公办学校食堂食品框架协议入围供应商（鲜肉类）,2026-01-03,广西平果市山江美农业科技有限公司,,,广西壮族自治区/百色市/平果市,百色市/平果市,鲜肉类,"广西平果市山江美农业科
技有限公司平果市公办学
校(幼儿园)食堂食品智
慧监管系统框架协议采购
供应商服务--(鲜肉类);详见征集文件第二章《采
购需求》。:平果市公办
学校(幼儿园)食堂食品
智慧监管系统框架协议采
购供应商服务--(鲜肉类
)30名以上;入围单价: 99%",,,,"序号: 23;入围供应商名称: 广西平果市山江美农业科
技有限公司;入围产品名称: 广西平果市山江美农业科
技有限公司平果市公办学
校(幼儿园)食堂食品智
慧监管系统框架协议采购
供应商服务--(鲜肉类);规格/服务标准: 详见征集文件第二章《采
购需求》。:平果市公办
学校(幼儿园)食堂食品
智慧监管系统框架协议采
购供应商服务--(鲜肉类
)30名以上;入围单价: 99%",0.97,"PDF 表格未提供地址和统一社会信用代码;服务项目所在地为平果市,不能据此推断企业所在地。"
rec_a9e46fc853edcc2a,data/raw/pingguo_meat_suppliers.pdf,file_265d4f3268547854,government_procurement,2,1,11,平果市公办学校食堂食品框架协议入围供应商（鲜肉类）,2026-01-03,广西瑶香樟农业科技有限公司,,,广西壮族自治区,百色市/平果市,鲜肉类,"广西瑶香樟农业科技有限
公司平果市公办学校(幼
儿园)食堂食品智慧监管
系统框架协议采购供应商
服务--(鲜肉类);详见征集文件第二章《采
购需求》。:完全响应30
名以上;入围单价: 98%",,,,"序号: 24;入围供应商名称: 广西瑶香樟农业科技有限
公司;入围产品名称: 广西瑶香樟农业科技有限
公司平果市公办学校(幼
儿园)食堂食品智慧监管
系统框架协议采购供应商
服务--(鲜肉类);规格/服务标准: 详见征集文件第二章《采
购需求》。:完全响应30
名以上;入围单价: 98%",0.97,"PDF 表格未提供地址和统一社会信用代码;服务项目所在地为平果市,不能据此推断企业所在地。"
rec_d1a666e3a4e06bec,data/raw/pingguo_meat_suppliers.pdf,file_265d4f3268547854,government_procurement,2,1,12,平果市公办学校食堂食品框架协议入围供应商（鲜肉类）,2026-01-03,广西鑫苗丰农业技术开发有限公司,,,广西壮族自治区,百色市/平果市,鲜肉类,"广西鑫苗丰农业技术开发
有限公司平果市公办学校
(幼儿园)食堂食品智慧
监管系统框架协议采购供
应商服务--(鲜肉类);详见征集文件第二章《采
购需求》。:平果市公办
学校(幼儿园)食堂食品
智慧监管系统框架协议采
购供应商服务--(鲜肉类
)30名以上;入围单价: 99%",,,,"序号: 25;入围供应商名称: 广西鑫苗丰农业技术开发
有限公司;入围产品名称: 广西鑫苗丰农业技术开发
有限公司平果市公办学校
(幼儿园)食堂食品智慧
监管系统框架协议采购供
应商服务--(鲜肉类);规格/服务标准: 详见征集文件第二章《采
购需求》。:平果市公办
学校(幼儿园)食堂食品
智慧监管系统框架协议采
购供应商服务--(鲜肉类
)30名以上;入围单价: 99%",0.97,"PDF 表格未提供地址和统一社会信用代码;服务项目所在地为平果市,不能据此推断企业所在地。"
rec_9644ca6a4b4e44df,data/raw/pingguo_meat_suppliers.pdf,file_265d4f3268547854,government_procurement,2,1,13,平果市公办学校食堂食品框架协议入围供应商（鲜肉类）,2026-01-03,平果东昇商贸有限公司,,,广西壮族自治区/百色市/平果市,百色市/平果市,鲜肉类,"平果东昇商贸有限公司平
果市公办学校(幼儿园)
食堂食品智慧监管系统框
架协议采购供应商服务--
(鲜肉类);详见征集文件第二章《采
购需求》。:平果市公办
学校(幼儿园)食堂食品
智慧监管系统框架协议采
购供应商服务--(鲜肉类
)30名以上;入围单价: 99%",,,,"序号: 26;入围供应商名称: 平果东昇商贸有限公司;入围产品名称: 平果东昇商贸有限公司平
果市公办学校(幼儿园)
食堂食品智慧监管系统框
架协议采购供应商服务--
(鲜肉类);规格/服务标准: 详见征集文件第二章《采
购需求》。:平果市公办
学校(幼儿园)食堂食品
智慧监管系统框架协议采
购供应商服务--(鲜肉类
)30名以上;入围单价: 99%",0.97,"PDF 表格未提供地址和统一社会信用代码;服务项目所在地为平果市,不能据此推断企业所在地。"
rec_c9262caee5ff5d4f,data/raw/pingguo_meat_suppliers.pdf,file_265d4f3268547854,government_procurement,2,1,14,平果市公办学校食堂食品框架协议入围供应商（鲜肉类）,2026-01-03,广西田东县千村电子商务有限公司,,,广西壮族自治区/百色市/田东县,百色市/平果市,鲜肉类,"广西田东县千村电子商务
有限公司平果市公办学校
(幼儿园)食堂食品智慧
监管系统框架协议采购供
应商服务--(鲜肉类);详见征集文件第二章《采
购需求》。:完全响应招
标文件要求30名以上;入围单价: 98.5%",,,,"序号: 27;入围供应商名称: 广西田东县千村电子商务
有限公司;入围产品名称: 广西田东县千村电子商务
有限公司平果市公办学校
(幼儿园)食堂食品智慧
监管系统框架协议采购供
应商服务--(鲜肉类);规格/服务标准: 详见征集文件第二章《采
购需求》。:完全响应招
标文件要求30名以上;入围单价: 98.5%",0.97,"PDF 表格未提供地址和统一社会信用代码;服务项目所在地为平果市,不能据此推断企业所在地。"
rec_53bb835313de3b4a,data/raw/pingguo_meat_suppliers.pdf,file_265d4f3268547854,government_procurement,2,1,15,平果市公办学校食堂食品框架协议入围供应商（鲜肉类）,2026-01-03,广西平果先优创供应链管理有限公司,,,广西壮族自治区,百色市/平果市,鲜肉类,"广西平果先优创供应链管
理有限公司平果市公办学
校(幼儿园)食堂食品智
慧监管系统框架协议采购
供应商服务--(鲜肉类);详见征集文件第二章《采
购需求》。:平果市公办
学校(幼儿园)食堂食品
智慧监管系统框架协议采
购供应商服务--(鲜肉类
)30名以上;入围单价: 99%",,,,"序号: 28;入围供应商名称: 广西平果先优创供应链管
理有限公司;入围产品名称: 广西平果先优创供应链管
理有限公司平果市公办学
校(幼儿园)食堂食品智
慧监管系统框架协议采购
供应商服务--(鲜肉类);规格/服务标准: 详见征集文件第二章《采
购需求》。:平果市公办
学校(幼儿园)食堂食品
智慧监管系统框架协议采
购供应商服务--(鲜肉类
)30名以上;入围单价: 99%",0.97,"PDF 表格未提供地址和统一社会信用代码;服务项目所在地为平果市,不能据此推断企业所在地。"
rec_1f285fc9e98b2646,data/raw/pingguo_meat_suppliers.pdf,file_265d4f3268547854,government_procurement,3,1,1,平果市公办学校食堂食品框架协议入围供应商（鲜肉类）,2026-01-03,广西浩业贸易有限公司,,,广西壮族自治区,百色市/平果市,鲜肉类,"广西浩业贸易有限公司平
果市公办学校(幼儿园)
食堂食品智慧监管系统框
架协议采购供应商服务--
(鲜肉类);详见征集文件第二章《采
购需求》。:平果市公办
学校(幼儿园)食堂食品
智慧监管系统框架协议采
购供应商服务--(鲜肉类
)30名以上;入围单价: 99%",,,,"序号: 29;入围供应商名称: 广西浩业贸易有限公司;入围产品名称: 广西浩业贸易有限公司平
果市公办学校(幼儿园)
食堂食品智慧监管系统框
架协议采购供应商服务--
(鲜肉类);规格/服务标准: 详见征集文件第二章《采
购需求》。:平果市公办
学校(幼儿园)食堂食品
智慧监管系统框架协议采
购供应商服务--(鲜肉类
)30名以上;入围单价: 99%",0.97,"PDF 表格未提供地址和统一社会信用代码;服务项目所在地为平果市,不能据此推断企业所在地。"
rec_246ebbaba7c51d26,data/raw/pingguo_meat_suppliers.pdf,file_265d4f3268547854,government_procurement,3,1,2,平果市公办学校食堂食品框架协议入围供应商（鲜肉类）,2026-01-03,广西平果市中兴恒联投资有限公司,,,广西壮族自治区/百色市/平果市,百色市/平果市,鲜肉类,"广西平果市中兴恒联投资
有限公司平果市公办学校
(幼儿园)食堂食品智慧
监管系统框架协议采购供
应商服务--(鲜肉类);详见征集文件第二章《采
购需求》。:完全响应30
名以上;入围单价: 98%",,,,"序号: 30;入围供应商名称: 广西平果市中兴恒联投资
有限公司;入围产品名称: 广西平果市中兴恒联投资
有限公司平果市公办学校
(幼儿园)食堂食品智慧
监管系统框架协议采购供
应商服务--(鲜肉类);规格/服务标准: 详见征集文件第二章《采
购需求》。:完全响应30
名以上;入围单价: 98%",0.97,"PDF 表格未提供地址和统一社会信用代码;服务项目所在地为平果市,不能据此推断企业所在地。"
rec_d90bc2352e59ec4e,data/raw/pingguo_meat_suppliers.pdf,file_265d4f3268547854,government_procurement,3,1,3,平果市公办学校食堂食品框架协议入围供应商（鲜肉类）,2026-01-03,广西平果宏晨商贸有限公司,,,广西壮族自治区,百色市/平果市,鲜肉类,"广西平果宏晨商贸有限公
司平果市公办学校(幼儿
园)食堂食品智慧监管系
统框架协议采购供应商服
务--(鲜肉类);详见征集文件第二章《采
购需求》。:响应文件要
求30名以上;入围单价: 98.8%",,,,"序号: 31;入围供应商名称: 广西平果宏晨商贸有限公
司;入围产品名称: 广西平果宏晨商贸有限公
司平果市公办学校(幼儿
园)食堂食品智慧监管系
统框架协议采购供应商服
务--(鲜肉类);规格/服务标准: 详见征集文件第二章《采
购需求》。:响应文件要
求30名以上;入围单价: 98.8%",0.97,"PDF 表格未提供地址和统一社会信用代码;服务项目所在地为平果市,不能据此推断企业所在地。"
rec_73c21eaf22e2265a,data/raw/pingguo_meat_suppliers.pdf,file_265d4f3268547854,government_procurement,3,1,4,平果市公办学校食堂食品框架协议入围供应商（鲜肉类）,2026-01-03,平果牧滋商贸有限公司,,,广西壮族自治区/百色市/平果市,百色市/平果市,鲜肉类,"平果市公办学校(幼儿园
)食堂食品智慧监管系统
框架协议采购供应商服务-
-(鲜肉类);详见征集文件第二章《采
购需求》。:完全响应30
名以上;入围单价: 99%",,,,"序号: 32;入围供应商名称: 平果牧滋商贸有限公司;入围产品名称: 平果市公办学校(幼儿园
)食堂食品智慧监管系统
框架协议采购供应商服务-
-(鲜肉类);规格/服务标准: 详见征集文件第二章《采
购需求》。:完全响应30
名以上;入围单价: 99%",0.97,"PDF 表格未提供地址和统一社会信用代码;服务项目所在地为平果市,不能据此推断企业所在地。"
rec_e7086bd4e8f75a4c,data/raw/pingguo_meat_suppliers.pdf,file_265d4f3268547854,government_procurement,3,1,5,平果市公办学校食堂食品框架协议入围供应商（鲜肉类）,2026-01-03,平果市福品润供应链管理有限公司,,,广西壮族自治区/百色市/平果市,百色市/平果市,鲜肉类,"平果市公办学校(幼儿园
)食堂食品智慧监管系统
框架协议采购供应商服务-
-(鲜肉类);详见征集文件第二章《采
购需求》。:响应30名以
上;入围单价: 99%",,,,"序号: 33;入围供应商名称: 平果市福品润供应链管理
有限公司;入围产品名称: 平果市公办学校(幼儿园
)食堂食品智慧监管系统
框架协议采购供应商服务-
-(鲜肉类);规格/服务标准: 详见征集文件第二章《采
购需求》。:响应30名以
上;入围单价: 99%",0.97,"PDF 表格未提供地址和统一社会信用代码;服务项目所在地为平果市,不能据此推断企业所在地。"
rec_efcde9e44bb3b8a0,data/raw/pingguo_meat_suppliers.pdf,file_265d4f3268547854,government_procurement,3,1,6,平果市公办学校食堂食品框架协议入围供应商（鲜肉类）,2026-01-03,平果鑫和食品配送有限公司,,,广西壮族自治区/百色市/平果市,百色市/平果市,鲜肉类,"平果市公办学校(幼儿园
)食堂食品智慧监管系统
框架协议采购供应商服务-
-(鲜肉类);详见征集文件第二章《采
购需求》。:响应平果市
公办学校(幼儿园)食堂
食品智慧监管系统框架协
议采购供应商服务--(鲜
肉类)30名以上;入围单价: 99%",,,,"序号: 34;入围供应商名称: 平果鑫和食品配送有限公
司;入围产品名称: 平果市公办学校(幼儿园
)食堂食品智慧监管系统
框架协议采购供应商服务-
-(鲜肉类);规格/服务标准: 详见征集文件第二章《采
购需求》。:响应平果市
公办学校(幼儿园)食堂
食品智慧监管系统框架协
议采购供应商服务--(鲜
肉类)30名以上;入围单价: 99%",0.97,"PDF 表格未提供地址和统一社会信用代码;服务项目所在地为平果市,不能据此推断企业所在地。"
rec_0a7dbb98db337efa,data/raw/pingguo_meat_suppliers.pdf,file_265d4f3268547854,government_procurement,3,1,7,平果市公办学校食堂食品框架协议入围供应商（鲜肉类）,2026-01-03,广西平果县广烨商贸有限公司,,,广西壮族自治区,百色市/平果市,鲜肉类,"广西平果县广烨商贸有限
公司平果市公办学校(幼
儿园)食堂食品智慧监管
系统框架协议采购供应商
服务--(鲜肉类);详见征集文件第二章《采
购需求》。:响应征集文
件30名以上;入围单价: 99%",,,,"序号: 35;入围供应商名称: 广西平果县广烨商贸有限
公司;入围产品名称: 广西平果县广烨商贸有限
公司平果市公办学校(幼
儿园)食堂食品智慧监管
系统框架协议采购供应商
服务--(鲜肉类);规格/服务标准: 详见征集文件第二章《采
购需求》。:响应征集文
件30名以上;入围单价: 99%",0.97,"PDF 表格未提供地址和统一社会信用代码;服务项目所在地为平果市,不能据此推断企业所在地。"
rec_64f50276b47b343e,data/raw/pingguo_meat_suppliers.pdf,file_265d4f3268547854,government_procurement,3,1,8,平果市公办学校食堂食品框架协议入围供应商（鲜肉类）,2026-01-03,广西万马供应链有限公司,,,广西壮族自治区,百色市/平果市,鲜肉类,"广西万马供应链有限公司
平果市公办学校(幼儿园
)食堂食品智慧监管系统
框架协议采购供应商服务-
-(鲜肉类);详见征集文件第二章《采
购需求》。:完全响应招
标文件要求30名以上;入围单价: 98%",,,,"序号: 36;入围供应商名称: 广西万马供应链有限公司;入围产品名称: 广西万马供应链有限公司
平果市公办学校(幼儿园
)食堂食品智慧监管系统
框架协议采购供应商服务-
-(鲜肉类);规格/服务标准: 详见征集文件第二章《采
购需求》。:完全响应招
标文件要求30名以上;入围单价: 98%",0.97,"PDF 表格未提供地址和统一社会信用代码;服务项目所在地为平果市,不能据此推断企业所在地。"
rec_c449d4ce6bdd1512,data/raw/pingguo_meat_suppliers.pdf,file_265d4f3268547854,government_procurement,3,1,9,平果市公办学校食堂食品框架协议入围供应商（鲜肉类）,2026-01-03,广西宇桐食品有限公司,,,广西壮族自治区,百色市/平果市,鲜肉类,"广西宇桐食品有限公司平
果市公办学校(幼儿园)
食堂食品智慧监管系统框
架协议采购供应商服务--
(鲜肉类);详见征集文件第二章《采
购需求》。:完全响应30
名以上;入围单价: 98%",,,,"序号: 37;入围供应商名称: 广西宇桐食品有限公司;入围产品名称: 广西宇桐食品有限公司平
果市公办学校(幼儿园)
食堂食品智慧监管系统框
架协议采购供应商服务--
(鲜肉类);规格/服务标准: 详见征集文件第二章《采
购需求》。:完全响应30
名以上;入围单价: 98%",0.97,"PDF 表格未提供地址和统一社会信用代码;服务项目所在地为平果市,不能据此推断企业所在地。"
rec_87f0c76cfee91b8a,data/raw/pingguo_meat_suppliers.pdf,file_265d4f3268547854,government_procurement,3,1,10,平果市公办学校食堂食品框架协议入围供应商（鲜肉类）,2026-01-03,广西平惠农产品供应链有限公司,,,广西壮族自治区,百色市/平果市,鲜肉类,"广西平惠农产品供应链有
限公司平果市公办学校(
幼儿园)食堂食品智慧监
管系统框架协议采购供应
商服务--(鲜肉类);详见征集文件第二章《采
购需求》。:我公司承诺
完全响应征集文件所有条
款要求30名以上;入围单价: 98%",,,,"序号: 38;入围供应商名称: 广西平惠农产品供应链有
限公司;入围产品名称: 广西平惠农产品供应链有
限公司平果市公办学校(
幼儿园)食堂食品智慧监
管系统框架协议采购供应
商服务--(鲜肉类);规格/服务标准: 详见征集文件第二章《采
购需求》。:我公司承诺
完全响应征集文件所有条
款要求30名以上;入围单价: 98%",0.97,"PDF 表格未提供地址和统一社会信用代码;服务项目所在地为平果市,不能据此推断企业所在地。"
rec_1678847d43fea3dd,data/raw/pingguo_meat_suppliers.pdf,file_265d4f3268547854,government_procurement,3,1,11,平果市公办学校食堂食品框架协议入围供应商（鲜肉类）,2026-01-03,平果市旺达诚业商贸有限公司,,,广西壮族自治区/百色市/平果市,百色市/平果市,鲜肉类,"平果市公办学校(幼儿园
)食堂食品智慧监管系统
框架协议采购供应商服务-
-(鲜肉类);详见征集文件第二章《采
购需求》。:响应征集文
件30名以上;入围单价: 99%",,,,"序号: 39;入围供应商名称: 平果市旺达诚业商贸有限
公司;入围产品名称: 平果市公办学校(幼儿园
)食堂食品智慧监管系统
框架协议采购供应商服务-
-(鲜肉类);规格/服务标准: 详见征集文件第二章《采
购需求》。:响应征集文
件30名以上;入围单价: 99%",0.97,"PDF 表格未提供地址和统一社会信用代码;服务项目所在地为平果市,不能据此推断企业所在地。"
rec_538091db2985fee7,data/raw/pingguo_meat_suppliers.pdf,file_265d4f3268547854,government_procurement,3,1,12,平果市公办学校食堂食品框架协议入围供应商（鲜肉类）,2026-01-03,平果市裕康鲜达供应链管理有限公司,,,广西壮族自治区/百色市/平果市,百色市/平果市,鲜肉类,"平果市公办学校(幼儿园
)食堂食品智慧监管系统
框架协议采购供应商服务-
-(鲜肉类);详见征集文件第二章《采
购需求》。:完全响应征
集文件30名以上;入围单价: 99%",,,,"序号: 40;入围供应商名称: 平果市裕康鲜达供应链管
理有限公司;入围产品名称: 平果市公办学校(幼儿园
)食堂食品智慧监管系统
框架协议采购供应商服务-
-(鲜肉类);规格/服务标准: 详见征集文件第二章《采
购需求》。:完全响应征
集文件30名以上;入围单价: 99%",0.97,"PDF 表格未提供地址和统一社会信用代码;服务项目所在地为平果市,不能据此推断企业所在地。"
rec_867eb77ef7c9e207,data/raw/pingguo_vegetable_fruit_suppliers.pdf,file_031582f8513e734e,government_procurement,1,1,2,平果市公办学校食堂食品框架协议入围供应商（生鲜时蔬、水果类）,2026-01-03,百色煜煜商贸有限公司,,,广西壮族自治区/百色市,百色市/平果市,生鲜时蔬、水果类,"百色煜煜商贸有限公司平
果市公办学校(幼儿园)
食堂食品智慧监管系统框
架协议采购供应商服务--
(生鲜时蔬、水果类);详见征集文件第二章《采
购需求》。:完全响应;入围单价: 96%",,,,"序号: 1;入围供应商名称: 百色煜煜商贸有限公司;入围产品名称: 百色煜煜商贸有限公司平
果市公办学校(幼儿园)
食堂食品智慧监管系统框
架协议采购供应商服务--
(生鲜时蔬、水果类);规格/服务标准: 详见征集文件第二章《采
购需求》。:完全响应;入围单价: 96%",0.97,"PDF 表格未提供地址和统一社会信用代码;服务项目所在地为平果市,不能据此推断企业所在地。"
rec_11a2550208af97e8,data/raw/pingguo_vegetable_fruit_suppliers.pdf,file_031582f8513e734e,government_procurement,1,1,3,平果市公办学校食堂食品框架协议入围供应商（生鲜时蔬、水果类）,2026-01-03,广西联利餐饮管理有限公司,,,广西壮族自治区,百色市/平果市,生鲜时蔬、水果类,"平果市公办学校(幼儿园
)食堂食品智慧监管系统
框架协议采购供应商服务-
-(生鲜时蔬、水果类);详见征集文件第二章《采
购需求》。:完全响应;入围单价: 98%",,,,"序号: 2;入围供应商名称: 广西联利餐饮管理有限公
司;入围产品名称: 平果市公办学校(幼儿园
)食堂食品智慧监管系统
框架协议采购供应商服务-
-(生鲜时蔬、水果类);规格/服务标准: 详见征集文件第二章《采
购需求》。:完全响应;入围单价: 98%",0.97,"PDF 表格未提供地址和统一社会信用代码;服务项目所在地为平果市,不能据此推断企业所在地。"
rec_286d5d606f41045c,data/raw/pingguo_vegetable_fruit_suppliers.pdf,file_031582f8513e734e,government_procurement,1,1,4,平果市公办学校食堂食品框架协议入围供应商（生鲜时蔬、水果类）,2026-01-03,广西万乡河餐饮集团有限公司,,,广西壮族自治区,百色市/平果市,生鲜时蔬、水果类,"广西万乡河餐饮集团有限
公司平果市公办学校(幼
儿园)食堂食品智慧监管
系统框架协议采购供应商
服务--(生鲜时蔬、水果
类);详见征集文件第二章《采
购需求》。:完全响应无
偏离;入围单价: 98%",,,,"序号: 3;入围供应商名称: 广西万乡河餐饮集团有限
公司;入围产品名称: 广西万乡河餐饮集团有限
公司平果市公办学校(幼
儿园)食堂食品智慧监管
系统框架协议采购供应商
服务--(生鲜时蔬、水果
类);规格/服务标准: 详见征集文件第二章《采
购需求》。:完全响应无
偏离;入围单价: 98%",0.97,"PDF 表格未提供地址和统一社会信用代码;服务项目所在地为平果市,不能据此推断企业所在地。"
rec_0a1a4ed23880be54,data/raw/pingguo_vegetable_fruit_suppliers.pdf,file_031582f8513e734e,government_procurement,1,1,5,平果市公办学校食堂食品框架协议入围供应商（生鲜时蔬、水果类）,2026-01-03,广西多递湾贸易集团有限公司,,,广西壮族自治区,百色市/平果市,生鲜时蔬、水果类,"广西多递湾贸易集团有限
公司平果市公办学校(幼
儿园)食堂食品智慧监管
系统框架协议采购供应商
服务--(生鲜时蔬、水果
类);详见征集文件第二章《采
购需求》。:完全响应招
标文件;入围单价: 96%",,,,"序号: 4;入围供应商名称: 广西多递湾贸易集团有限
公司;入围产品名称: 广西多递湾贸易集团有限
公司平果市公办学校(幼
儿园)食堂食品智慧监管
系统框架协议采购供应商
服务--(生鲜时蔬、水果
类);规格/服务标准: 详见征集文件第二章《采
购需求》。:完全响应招
标文件;入围单价: 96%",0.97,"PDF 表格未提供地址和统一社会信用代码;服务项目所在地为平果市,不能据此推断企业所在地。"
rec_d247409b7514fcca,data/raw/pingguo_vegetable_fruit_suppliers.pdf,file_031582f8513e734e,government_procurement,1,1,6,平果市公办学校食堂食品框架协议入围供应商（生鲜时蔬、水果类）,2026-01-03,南宁市食桂鲜农产品配送有限公司,,,广西壮族自治区/南宁市,百色市/平果市,生鲜时蔬、水果类,"南宁市食桂鲜农产品配送
有限公司平果市公办学校
(幼儿园)食堂食品智慧
监管系统框架协议采购供
应商服务--(生鲜时蔬、
水果类);详见征集文件第二章《采
购需求》。:完全响应,
详见我司投标文件商务技
术文件中商务条款偏离表
及服务要求偏离表。;入围单价: 98%",,,,"序号: 5;入围供应商名称: 南宁市食桂鲜农产品配送
有限公司;入围产品名称: 南宁市食桂鲜农产品配送
有限公司平果市公办学校
(幼儿园)食堂食品智慧
监管系统框架协议采购供
应商服务--(生鲜时蔬、
水果类);规格/服务标准: 详见征集文件第二章《采
购需求》。:完全响应,
详见我司投标文件商务技
术文件中商务条款偏离表
及服务要求偏离表。;入围单价: 98%",0.97,"PDF 表格未提供地址和统一社会信用代码;服务项目所在地为平果市,不能据此推断企业所在地。"
rec_7bb68806473dc697,data/raw/pingguo_vegetable_fruit_suppliers.pdf,file_031582f8513e734e,government_procurement,1,1,7,平果市公办学校食堂食品框架协议入围供应商（生鲜时蔬、水果类）,2026-01-03,广西康然生态农业有限公司,,,广西壮族自治区,百色市/平果市,生鲜时蔬、水果类,"广西康然生态农业有限公
司平果市公办学校(幼儿
园)食堂食品智慧监管系
统框架协议采购供应商服
务--(生鲜时蔬、水果类
);详见征集文件第二章《采
购需求》。:完全响应;入围单价: 98%",,,,"序号: 6;入围供应商名称: 广西康然生态农业有限公
司;入围产品名称: 广西康然生态农业有限公
司平果市公办学校(幼儿
园)食堂食品智慧监管系
统框架协议采购供应商服
务--(生鲜时蔬、水果类
);规格/服务标准: 详见征集文件第二章《采
购需求》。:完全响应;入围单价: 98%",0.97,"PDF 表格未提供地址和统一社会信用代码;服务项目所在地为平果市,不能据此推断企业所在地。"
rec_a48572d647c2151e,data/raw/pingguo_vegetable_fruit_suppliers.pdf,file_031582f8513e734e,government_procurement,1,1,8,平果市公办学校食堂食品框架协议入围供应商（生鲜时蔬、水果类）,2026-01-03,广西衡尚餐饮管理有限公司,,,广西壮族自治区,百色市/平果市,生鲜时蔬、水果类,"广西衡尚餐饮管理有限公
司平果市公办学校(幼儿
园)食堂食品智慧监管系
统框架协议采购供应商服
务--(生鲜时蔬、水果类
);详见征集文件第二章《采
购需求》。:完全响应;入围单价: 98%",,,,"序号: 7;入围供应商名称: 广西衡尚餐饮管理有限公
司;入围产品名称: 广西衡尚餐饮管理有限公
司平果市公办学校(幼儿
园)食堂食品智慧监管系
统框架协议采购供应商服
务--(生鲜时蔬、水果类
);规格/服务标准: 详见征集文件第二章《采
购需求》。:完全响应;入围单价: 98%",0.97,"PDF 表格未提供地址和统一社会信用代码;服务项目所在地为平果市,不能据此推断企业所在地。"
rec_fde1bd52b9a2c272,data/raw/pingguo_vegetable_fruit_suppliers.pdf,file_031582f8513e734e,government_procurement,1,1,9,平果市公办学校食堂食品框架协议入围供应商（生鲜时蔬、水果类）,2026-01-03,广州优链云供应链管理有限公司,,,,百色市/平果市,生鲜时蔬、水果类,"广州优链云供应链管理有
限公司平果市公办学校(
幼儿园)食堂食品智慧监
管系统框架协议采购供应
商服务--(生鲜时蔬、水
果类);详见征集文件第二章《采
购需求》。:我司承诺完
全响应详见征集文件第二
章(采购需求)并按征集文
件要求及甲方要求执行。;入围单价: 98%",,,,"序号: 8;入围供应商名称: 广州优链云供应链管理有
限公司;入围产品名称: 广州优链云供应链管理有
限公司平果市公办学校(
幼儿园)食堂食品智慧监
管系统框架协议采购供应
商服务--(生鲜时蔬、水
果类);规格/服务标准: 详见征集文件第二章《采
购需求》。:我司承诺完
全响应详见征集文件第二
章(采购需求)并按征集文
件要求及甲方要求执行。;入围单价: 98%",0.97,"PDF 表格未提供地址和统一社会信用代码;服务项目所在地为平果市,不能据此推断企业所在地。"
rec_3ab0db60a3aac855,data/raw/pingguo_vegetable_fruit_suppliers.pdf,file_031582f8513e734e,government_procurement,1,1,10,平果市公办学校食堂食品框架协议入围供应商（生鲜时蔬、水果类）,2026-01-03,平果市力棉商贸有限公司,,,广西壮族自治区/百色市/平果市,百色市/平果市,生鲜时蔬、水果类,"平果市力棉商贸有限公司
平果市公办学校(幼儿园
)食堂食品智慧监管系统
框架协议采购供应商服务-
-(生鲜时蔬、水果类);详见征集文件第二章《采
购需求》。:完全响应征
集文件要求;入围单价: 99%",,,,"序号: 9;入围供应商名称: 平果市力棉商贸有限公司;入围产品名称: 平果市力棉商贸有限公司
平果市公办学校(幼儿园
)食堂食品智慧监管系统
框架协议采购供应商服务-
-(生鲜时蔬、水果类);规格/服务标准: 详见征集文件第二章《采
购需求》。:完全响应征
集文件要求;入围单价: 99%",0.97,"PDF 表格未提供地址和统一社会信用代码;服务项目所在地为平果市,不能据此推断企业所在地。"
rec_9ba1b548ceb79dd7,data/raw/pingguo_vegetable_fruit_suppliers.pdf,file_031582f8513e734e,government_procurement,1,1,11,平果市公办学校食堂食品框架协议入围供应商（生鲜时蔬、水果类）,2026-01-03,广西叁六玖供应链管理有限公司,,,广西壮族自治区,百色市/平果市,生鲜时蔬、水果类,"广西叁六玖供应链管理有
限公司平果市公办学校(
幼儿园)食堂食品智慧监
管系统框架协议采购供应
商服务--(生鲜时蔬、水
果类);详见征集文件第二章《采
购需求》。:本公司全部
响应征集文件第二章《采
购需求》要求。;入围单价: 95%",,,,"序号: 10;入围供应商名称: 广西叁六玖供应链管理有
限公司;入围产品名称: 广西叁六玖供应链管理有
限公司平果市公办学校(
幼儿园)食堂食品智慧监
管系统框架协议采购供应
商服务--(生鲜时蔬、水
果类);规格/服务标准: 详见征集文件第二章《采
购需求》。:本公司全部
响应征集文件第二章《采
购需求》要求。;入围单价: 95%",0.97,"PDF 表格未提供地址和统一社会信用代码;服务项目所在地为平果市,不能据此推断企业所在地。"
rec_a2eab601f43ddbe5,data/raw/pingguo_vegetable_fruit_suppliers.pdf,file_031582f8513e734e,government_procurement,1,1,12,平果市公办学校食堂食品框架协议入围供应商（生鲜时蔬、水果类）,2026-01-03,广西益福康食品有限责任公司,,,广西壮族自治区,百色市/平果市,生鲜时蔬、水果类,"广西益福康食品有限责任
公司平果市公办学校(幼
儿园)食堂食品智慧监管
系统框架协议采购供应商
服务--(生鲜时蔬、水果
类);详见征集文件第二章《采
购需求》。:我方完全响
应征集文件,详见响应文
件。;入围单价: 97%",,,,"序号: 11;入围供应商名称: 广西益福康食品有限责任
公司;入围产品名称: 广西益福康食品有限责任
公司平果市公办学校(幼
儿园)食堂食品智慧监管
系统框架协议采购供应商
服务--(生鲜时蔬、水果
类);规格/服务标准: 详见征集文件第二章《采
购需求》。:我方完全响
应征集文件,详见响应文
件。;入围单价: 97%",0.97,"PDF 表格未提供地址和统一社会信用代码;服务项目所在地为平果市,不能据此推断企业所在地。"
rec_11b0d83ce97e4647,data/raw/pingguo_vegetable_fruit_suppliers.pdf,file_031582f8513e734e,government_procurement,1,1,13,平果市公办学校食堂食品框架协议入围供应商（生鲜时蔬、水果类）,2026-01-03,广西南宁粮满餐餐饮服务有限公司,,,广西壮族自治区/南宁市,百色市/平果市,生鲜时蔬、水果类,"广西南宁粮满餐餐饮服务
有限公司平果市公办学校
(幼儿园)食堂食品智慧
监管系统框架协议采购供
应商服务--(生鲜时蔬、
水果类);详见征集文件第二章《采
购需求》。:我公司完全
响应招标文件要求;入围单价: 97%",,,,"序号: 12;入围供应商名称: 广西南宁粮满餐餐饮服务
有限公司;入围产品名称: 广西南宁粮满餐餐饮服务
有限公司平果市公办学校
(幼儿园)食堂食品智慧
监管系统框架协议采购供
应商服务--(生鲜时蔬、
水果类);规格/服务标准: 详见征集文件第二章《采
购需求》。:我公司完全
响应招标文件要求;入围单价: 97%",0.97,"PDF 表格未提供地址和统一社会信用代码;服务项目所在地为平果市,不能据此推断企业所在地。"
rec_2deeff432009e8f0,data/raw/pingguo_vegetable_fruit_suppliers.pdf,file_031582f8513e734e,government_procurement,2,1,1,平果市公办学校食堂食品框架协议入围供应商（生鲜时蔬、水果类）,2026-01-03,广西平惠农产品供应链有限公司,,,广西壮族自治区,百色市/平果市,生鲜时蔬、水果类,"广西平惠农产品供应链有
限公司平果市公办学校(
幼儿园)食堂食品智慧监
管系统框架协议采购供应
商服务--(生鲜时蔬、水
果类);详见征集文件第二章《采
购需求》。:我公司承诺
完全响应征集文件所有条
款要求;入围单价: 98%",,,,"序号: 13;入围供应商名称: 广西平惠农产品供应链有
限公司;入围产品名称: 广西平惠农产品供应链有
限公司平果市公办学校(
幼儿园)食堂食品智慧监
管系统框架协议采购供应
商服务--(生鲜时蔬、水
果类);规格/服务标准: 详见征集文件第二章《采
购需求》。:我公司承诺
完全响应征集文件所有条
款要求;入围单价: 98%",0.97,"PDF 表格未提供地址和统一社会信用代码;服务项目所在地为平果市,不能据此推断企业所在地。"
rec_2665d8010068d378,data/raw/pingguo_vegetable_fruit_suppliers.pdf,file_031582f8513e734e,government_procurement,2,1,2,平果市公办学校食堂食品框架协议入围供应商（生鲜时蔬、水果类）,2026-01-03,广西平果先优创供应链管理有限公司,,,广西壮族自治区,百色市/平果市,生鲜时蔬、水果类,"广西平果先优创供应链管
理有限公司平果市公办学
校(幼儿园)食堂食品智
慧监管系统框架协议采购
供应商服务--(生鲜时蔬
、水果类);详见征集文件第二章《采
购需求》。:平果市公办
学校(幼儿园)食堂食品
智慧监管系统框架协议采
购供应商服务--(生鲜时
蔬、水果类);入围单价: 99%",,,,"序号: 14;入围供应商名称: 广西平果先优创供应链管
理有限公司;入围产品名称: 广西平果先优创供应链管
理有限公司平果市公办学
校(幼儿园)食堂食品智
慧监管系统框架协议采购
供应商服务--(生鲜时蔬
、水果类);规格/服务标准: 详见征集文件第二章《采
购需求》。:平果市公办
学校(幼儿园)食堂食品
智慧监管系统框架协议采
购供应商服务--(生鲜时
蔬、水果类);入围单价: 99%",0.97,"PDF 表格未提供地址和统一社会信用代码;服务项目所在地为平果市,不能据此推断企业所在地。"
rec_4290e77ff6a4bd42,data/raw/pingguo_vegetable_fruit_suppliers.pdf,file_031582f8513e734e,government_procurement,2,1,3,平果市公办学校食堂食品框架协议入围供应商（生鲜时蔬、水果类）,2026-01-03,平果东昇商贸有限公司,,,广西壮族自治区/百色市/平果市,百色市/平果市,生鲜时蔬、水果类,"平果东昇商贸有限公司平
果市公办学校(幼儿园)
食堂食品智慧监管系统框
架协议采购供应商服务--
(生鲜时蔬、水果类);详见征集文件第二章《采
购需求》。:平果市公办
学校(幼儿园)食堂食品
智慧监管系统框架协议采
购供应商服务--(生鲜时
蔬、水果类);入围单价: 99%",,,,"序号: 15;入围供应商名称: 平果东昇商贸有限公司;入围产品名称: 平果东昇商贸有限公司平
果市公办学校(幼儿园)
食堂食品智慧监管系统框
架协议采购供应商服务--
(生鲜时蔬、水果类);规格/服务标准: 详见征集文件第二章《采
购需求》。:平果市公办
学校(幼儿园)食堂食品
智慧监管系统框架协议采
购供应商服务--(生鲜时
蔬、水果类);入围单价: 99%",0.97,"PDF 表格未提供地址和统一社会信用代码;服务项目所在地为平果市,不能据此推断企业所在地。"
rec_44b462f8408931a9,data/raw/pingguo_vegetable_fruit_suppliers.pdf,file_031582f8513e734e,government_procurement,2,1,4,平果市公办学校食堂食品框架协议入围供应商（生鲜时蔬、水果类）,2026-01-03,广西百宜安餐饮服务有限公司,,,广西壮族自治区,百色市/平果市,生鲜时蔬、水果类,"广西百宜安餐饮服务有限
公司平果市公办学校(幼
儿园)食堂食品智慧监管
系统框架协议采购供应商
服务--(生鲜时蔬、水果
类);详见征集文件第二章《采
购需求》。:完全响应征
集文件要求;入围单价: 98%",,,,"序号: 16;入围供应商名称: 广西百宜安餐饮服务有限
公司;入围产品名称: 广西百宜安餐饮服务有限
公司平果市公办学校(幼
儿园)食堂食品智慧监管
系统框架协议采购供应商
服务--(生鲜时蔬、水果
类);规格/服务标准: 详见征集文件第二章《采
购需求》。:完全响应征
集文件要求;入围单价: 98%",0.97,"PDF 表格未提供地址和统一社会信用代码;服务项目所在地为平果市,不能据此推断企业所在地。"
rec_573cfa1ca66c5d1f,data/raw/pingguo_vegetable_fruit_suppliers.pdf,file_031582f8513e734e,government_procurement,2,1,5,平果市公办学校食堂食品框架协议入围供应商（生鲜时蔬、水果类）,2026-01-03,广西马山县蔡家粮油食品有限公司,,,广西壮族自治区/南宁市/马山县,百色市/平果市,生鲜时蔬、水果类,"广西马山县蔡家粮油食品
有限公司平果市公办学校
(幼儿园)食堂食品智慧
监管系统框架协议采购供
应商服务--(生鲜时蔬、
水果类);详见征集文件第二章《采
购需求》。:完全响应征
集文件要求;入围单价: 99%",,,,"序号: 17;入围供应商名称: 广西马山县蔡家粮油食品
有限公司;入围产品名称: 广西马山县蔡家粮油食品
有限公司平果市公办学校
(幼儿园)食堂食品智慧
监管系统框架协议采购供
应商服务--(生鲜时蔬、
水果类);规格/服务标准: 详见征集文件第二章《采
购需求》。:完全响应征
集文件要求;入围单价: 99%",0.97,"PDF 表格未提供地址和统一社会信用代码;服务项目所在地为平果市,不能据此推断企业所在地。"
rec_eac0f6620022744d,data/raw/pingguo_vegetable_fruit_suppliers.pdf,file_031582f8513e734e,government_procurement,2,1,6,平果市公办学校食堂食品框架协议入围供应商（生鲜时蔬、水果类）,2026-01-03,广西四季嘉宴餐饮有限公司,,,广西壮族自治区,百色市/平果市,生鲜时蔬、水果类,"广西四季嘉宴餐饮有限公
司平果市公办学校(幼儿
园)食堂食品智慧监管系
统框架协议采购供应商服
务--(生鲜时蔬、水果类
);详见征集文件第二章《采
购需求》。:响应征集文
件要求;入围单价: 99%",,,,"序号: 18;入围供应商名称: 广西四季嘉宴餐饮有限公
司;入围产品名称: 广西四季嘉宴餐饮有限公
司平果市公办学校(幼儿
园)食堂食品智慧监管系
统框架协议采购供应商服
务--(生鲜时蔬、水果类
);规格/服务标准: 详见征集文件第二章《采
购需求》。:响应征集文
件要求;入围单价: 99%",0.97,"PDF 表格未提供地址和统一社会信用代码;服务项目所在地为平果市,不能据此推断企业所在地。"
rec_a86da81d5d733b6c,data/raw/pingguo_vegetable_fruit_suppliers.pdf,file_031582f8513e734e,government_procurement,2,1,7,平果市公办学校食堂食品框架协议入围供应商（生鲜时蔬、水果类）,2026-01-03,平果牧滋商贸有限公司,,,广西壮族自治区/百色市/平果市,百色市/平果市,生鲜时蔬、水果类,"平果市公办学校(幼儿园
)食堂食品智慧监管系统
框架协议采购供应商服务-
-(生鲜时蔬、水果类);详见征集文件第二章《采
购需求》。:完全响应;入围单价: 99%",,,,"序号: 19;入围供应商名称: 平果牧滋商贸有限公司;入围产品名称: 平果市公办学校(幼儿园
)食堂食品智慧监管系统
框架协议采购供应商服务-
-(生鲜时蔬、水果类);规格/服务标准: 详见征集文件第二章《采
购需求》。:完全响应;入围单价: 99%",0.97,"PDF 表格未提供地址和统一社会信用代码;服务项目所在地为平果市,不能据此推断企业所在地。"
rec_f8d94c94f9ac69c2,data/raw/pingguo_vegetable_fruit_suppliers.pdf,file_031582f8513e734e,government_procurement,2,1,8,平果市公办学校食堂食品框架协议入围供应商（生鲜时蔬、水果类）,2026-01-03,广西平果创益供应链管理有限公司,,,广西壮族自治区,百色市/平果市,生鲜时蔬、水果类,"广西平果创益供应链管理
有限公司平果市公办学校
(幼儿园)食堂食品智慧
监管系统框架协议采购供
应商服务--(生鲜时蔬、
水果类);详见征集文件第二章《采
购需求》。:平果市公办
学校(幼儿园)食堂食品
智慧监管系统框架协议采
购供应商服务--(生鲜时
蔬、水果类);入围单价: 98.5%",,,,"序号: 20;入围供应商名称: 广西平果创益供应链管理
有限公司;入围产品名称: 广西平果创益供应链管理
有限公司平果市公办学校
(幼儿园)食堂食品智慧
监管系统框架协议采购供
应商服务--(生鲜时蔬、
水果类);规格/服务标准: 详见征集文件第二章《采
购需求》。:平果市公办
学校(幼儿园)食堂食品
智慧监管系统框架协议采
购供应商服务--(生鲜时
蔬、水果类);入围单价: 98.5%",0.97,"PDF 表格未提供地址和统一社会信用代码;服务项目所在地为平果市,不能据此推断企业所在地。"
rec_286f6fa95cbfe7da,data/raw/pingguo_vegetable_fruit_suppliers.pdf,file_031582f8513e734e,government_procurement,2,1,9,平果市公办学校食堂食品框架协议入围供应商（生鲜时蔬、水果类）,2026-01-03,平果方圆食品有限公司,,,广西壮族自治区/百色市/平果市,百色市/平果市,生鲜时蔬、水果类,"平果方圆食品有限公司平
果市公办学校(幼儿园)
食堂食品智慧监管系统框
架协议采购供应商服务--
(生鲜时蔬、水果类);详见征集文件第二章《采
购需求》。:完全响应;入围单价: 99%",,,,"序号: 21;入围供应商名称: 平果方圆食品有限公司;入围产品名称: 平果方圆食品有限公司平
果市公办学校(幼儿园)
食堂食品智慧监管系统框
架协议采购供应商服务--
(生鲜时蔬、水果类);规格/服务标准: 详见征集文件第二章《采
购需求》。:完全响应;入围单价: 99%",0.97,"PDF 表格未提供地址和统一社会信用代码;服务项目所在地为平果市,不能据此推断企业所在地。"
rec_703355ccd8af57b7,data/raw/pingguo_vegetable_fruit_suppliers.pdf,file_031582f8513e734e,government_procurement,2,1,10,平果市公办学校食堂食品框架协议入围供应商（生鲜时蔬、水果类）,2026-01-03,广西鑫苗丰农业技术开发有限公司,,,广西壮族自治区,百色市/平果市,生鲜时蔬、水果类,"广西鑫苗丰农业技术开发
有限公司平果市公办学校
(幼儿园)食堂食品智慧
监管系统框架协议采购供
应商服务--(生鲜时蔬、
水果类);详见征集文件第二章《采
购需求》。:平果市公办
学校(幼儿园)食堂食品
智慧监管系统框架协议采
购供应商服务--(生鲜时
蔬、水果类);入围单价: 99%",,,,"序号: 22;入围供应商名称: 广西鑫苗丰农业技术开发
有限公司;入围产品名称: 广西鑫苗丰农业技术开发
有限公司平果市公办学校
(幼儿园)食堂食品智慧
监管系统框架协议采购供
应商服务--(生鲜时蔬、
水果类);规格/服务标准: 详见征集文件第二章《采
购需求》。:平果市公办
学校(幼儿园)食堂食品
智慧监管系统框架协议采
购供应商服务--(生鲜时
蔬、水果类);入围单价: 99%",0.97,"PDF 表格未提供地址和统一社会信用代码;服务项目所在地为平果市,不能据此推断企业所在地。"
rec_f3e45074a258f338,data/raw/pingguo_vegetable_fruit_suppliers.pdf,file_031582f8513e734e,government_procurement,2,1,11,平果市公办学校食堂食品框架协议入围供应商（生鲜时蔬、水果类）,2026-01-03,平果市旺达诚业商贸有限公司,,,广西壮族自治区/百色市/平果市,百色市/平果市,生鲜时蔬、水果类,"平果市公办学校(幼儿园
)食堂食品智慧监管系统
框架协议采购供应商服务-
-(生鲜时蔬、水果类);详见征集文件第二章《采
购需求》。:响应征集文
件;入围单价: 99%",,,,"序号: 23;入围供应商名称: 平果市旺达诚业商贸有限
公司;入围产品名称: 平果市公办学校(幼儿园
)食堂食品智慧监管系统
框架协议采购供应商服务-
-(生鲜时蔬、水果类);规格/服务标准: 详见征集文件第二章《采
购需求》。:响应征集文
件;入围单价: 99%",0.97,"PDF 表格未提供地址和统一社会信用代码;服务项目所在地为平果市,不能据此推断企业所在地。"
rec_a8fd65f695f31091,data/raw/pingguo_vegetable_fruit_suppliers.pdf,file_031582f8513e734e,government_procurement,2,1,12,平果市公办学校食堂食品框架协议入围供应商（生鲜时蔬、水果类）,2026-01-03,广西平果宏晨商贸有限公司,,,广西壮族自治区,百色市/平果市,生鲜时蔬、水果类,"广西平果宏晨商贸有限公
司平果市公办学校(幼儿
园)食堂食品智慧监管系
统框架协议采购供应商服
务--(生鲜时蔬、水果类
);详见征集文件第二章《采
购需求》。:响应文件要
求;入围单价: 98.8%",,,,"序号: 24;入围供应商名称: 广西平果宏晨商贸有限公
司;入围产品名称: 广西平果宏晨商贸有限公
司平果市公办学校(幼儿
园)食堂食品智慧监管系
统框架协议采购供应商服
务--(生鲜时蔬、水果类
);规格/服务标准: 详见征集文件第二章《采
购需求》。:响应文件要
求;入围单价: 98.8%",0.97,"PDF 表格未提供地址和统一社会信用代码;服务项目所在地为平果市,不能据此推断企业所在地。"
rec_af9f757295735673,data/raw/pingguo_vegetable_fruit_suppliers.pdf,file_031582f8513e734e,government_procurement,2,1,13,平果市公办学校食堂食品框架协议入围供应商（生鲜时蔬、水果类）,2026-01-03,平果市福品润供应链管理有限公司,,,广西壮族自治区/百色市/平果市,百色市/平果市,生鲜时蔬、水果类,"平果市公办学校(幼儿园
)食堂食品智慧监管系统
框架协议采购供应商服务-
-(生鲜时蔬、水果类);详见征集文件第二章《采
购需求》。:响应;入围单价: 99%",,,,"序号: 25;入围供应商名称: 平果市福品润供应链管理
有限公司;入围产品名称: 平果市公办学校(幼儿园
)食堂食品智慧监管系统
框架协议采购供应商服务-
-(生鲜时蔬、水果类);规格/服务标准: 详见征集文件第二章《采
购需求》。:响应;入围单价: 99%",0.97,"PDF 表格未提供地址和统一社会信用代码;服务项目所在地为平果市,不能据此推断企业所在地。"
rec_e6d7eacb8d6d54e5,data/raw/pingguo_vegetable_fruit_suppliers.pdf,file_031582f8513e734e,government_procurement,2,1,14,平果市公办学校食堂食品框架协议入围供应商（生鲜时蔬、水果类）,2026-01-03,广西鲜绿康供应链管理有限公司,,,广西壮族自治区,百色市/平果市,生鲜时蔬、水果类,"广西鲜绿康供应链管理有
限公司平果市公办学校(
幼儿园)食堂食品智慧监
管系统框架协议采购供应
商服务--(生鲜时蔬、水
果类);详见征集文件第二章《采
购需求》。:完全响应征
集文件所有内容;入围单价: 99%",,,,"序号: 26;入围供应商名称: 广西鲜绿康供应链管理有
限公司;入围产品名称: 广西鲜绿康供应链管理有
限公司平果市公办学校(
幼儿园)食堂食品智慧监
管系统框架协议采购供应
商服务--(生鲜时蔬、水
果类);规格/服务标准: 详见征集文件第二章《采
购需求》。:完全响应征
集文件所有内容;入围单价: 99%",0.97,"PDF 表格未提供地址和统一社会信用代码;服务项目所在地为平果市,不能据此推断企业所在地。"
rec_b609965859e5df07,data/raw/pingguo_vegetable_fruit_suppliers.pdf,file_031582f8513e734e,government_procurement,3,1,1,平果市公办学校食堂食品框架协议入围供应商（生鲜时蔬、水果类）,2026-01-03,广西平果市山江美农业科技有限公司,,,广西壮族自治区/百色市/平果市,百色市/平果市,生鲜时蔬、水果类,"广西平果市山江美农业科
技有限公司平果市公办学
校(幼儿园)食堂食品智
慧监管系统框架协议采购
供应商服务--(生鲜时蔬
、水果类);详见征集文件第二章《采
购需求》。:平果市公办
学校(幼儿园)食堂食品
智慧监管系统框架协议采
购供应商服务--(生鲜时
蔬、水果类);入围单价: 99%",,,,"序号: 27;入围供应商名称: 广西平果市山江美农业科
技有限公司;入围产品名称: 广西平果市山江美农业科
技有限公司平果市公办学
校(幼儿园)食堂食品智
慧监管系统框架协议采购
供应商服务--(生鲜时蔬
、水果类);规格/服务标准: 详见征集文件第二章《采
购需求》。:平果市公办
学校(幼儿园)食堂食品
智慧监管系统框架协议采
购供应商服务--(生鲜时
蔬、水果类);入围单价: 99%",0.97,"PDF 表格未提供地址和统一社会信用代码;服务项目所在地为平果市,不能据此推断企业所在地。"
rec_3a114ac3a55bc8d2,data/raw/pingguo_vegetable_fruit_suppliers.pdf,file_031582f8513e734e,government_procurement,3,1,2,平果市公办学校食堂食品框架协议入围供应商（生鲜时蔬、水果类）,2026-01-03,广西博焜贸易集团有限公司,,,广西壮族自治区,百色市/平果市,生鲜时蔬、水果类,"广西博焜贸易集团有限公
司平果市公办学校(幼儿
园)食堂食品智慧监管系
统框架协议采购供应商服
务--(生鲜时蔬、水果类
);详见征集文件第二章《采
购需求》。:响应;入围单价: 95%",,,,"序号: 28;入围供应商名称: 广西博焜贸易集团有限公
司;入围产品名称: 广西博焜贸易集团有限公
司平果市公办学校(幼儿
园)食堂食品智慧监管系
统框架协议采购供应商服
务--(生鲜时蔬、水果类
);规格/服务标准: 详见征集文件第二章《采
购需求》。:响应;入围单价: 95%",0.97,"PDF 表格未提供地址和统一社会信用代码;服务项目所在地为平果市,不能据此推断企业所在地。"
rec_9ff75b9482ccc879,data/raw/pingguo_vegetable_fruit_suppliers.pdf,file_031582f8513e734e,government_procurement,3,1,3,平果市公办学校食堂食品框架协议入围供应商（生鲜时蔬、水果类）,2026-01-03,广西平果县广烨商贸有限公司,,,广西壮族自治区,百色市/平果市,生鲜时蔬、水果类,"广西平果县广烨商贸有限
公司平果市公办学校(幼
儿园)食堂食品智慧监管
系统框架协议采购供应商
服务--(生鲜时蔬、水果
类);详见征集文件第二章《采
购需求》。:响应征集文
件;入围单价: 99%",,,,"序号: 29;入围供应商名称: 广西平果县广烨商贸有限
公司;入围产品名称: 广西平果县广烨商贸有限
公司平果市公办学校(幼
儿园)食堂食品智慧监管
系统框架协议采购供应商
服务--(生鲜时蔬、水果
类);规格/服务标准: 详见征集文件第二章《采
购需求》。:响应征集文
件;入围单价: 99%",0.97,"PDF 表格未提供地址和统一社会信用代码;服务项目所在地为平果市,不能据此推断企业所在地。"
rec_922aee215471cefc,data/raw/pingguo_vegetable_fruit_suppliers.pdf,file_031582f8513e734e,government_procurement,3,1,4,平果市公办学校食堂食品框架协议入围供应商（生鲜时蔬、水果类）,2026-01-03,广西宇桐食品有限公司,,,广西壮族自治区,百色市/平果市,生鲜时蔬、水果类,"广西宇桐食品有限公司平
果市公办学校(幼儿园)
食堂食品智慧监管系统框
架协议采购供应商服务--
(生鲜时蔬、水果类);详见征集文件第二章《采
购需求》。:完全响应;入围单价: 98%",,,,"序号: 30;入围供应商名称: 广西宇桐食品有限公司;入围产品名称: 广西宇桐食品有限公司平
果市公办学校(幼儿园)
食堂食品智慧监管系统框
架协议采购供应商服务--
(生鲜时蔬、水果类);规格/服务标准: 详见征集文件第二章《采
购需求》。:完全响应;入围单价: 98%",0.97,"PDF 表格未提供地址和统一社会信用代码;服务项目所在地为平果市,不能据此推断企业所在地。"
rec_3537e9fd9d0f70d1,data/raw/pingguo_vegetable_fruit_suppliers.pdf,file_031582f8513e734e,government_procurement,3,1,5,平果市公办学校食堂食品框架协议入围供应商（生鲜时蔬、水果类）,2026-01-03,广西那鑫食品有限公司,,,广西壮族自治区,百色市/平果市,生鲜时蔬、水果类,"平果市公办学校(幼儿园
)食堂食品智慧监管系统
框架协议采购供应商服务-
-(生鲜时蔬、水果类);详见征集文件第二章《采
购需求》。:平果市公办
学校(幼儿园)食堂食品
智慧监管系统框架协议采
购供应商服务--(生鲜时
蔬、水果类);入围单价: 99%",,,,"序号: 31;入围供应商名称: 广西那鑫食品有限公司;入围产品名称: 平果市公办学校(幼儿园
)食堂食品智慧监管系统
框架协议采购供应商服务-
-(生鲜时蔬、水果类);规格/服务标准: 详见征集文件第二章《采
购需求》。:平果市公办
学校(幼儿园)食堂食品
智慧监管系统框架协议采
购供应商服务--(生鲜时
蔬、水果类);入围单价: 99%",0.97,"PDF 表格未提供地址和统一社会信用代码;服务项目所在地为平果市,不能据此推断企业所在地。"
rec_edcc955bb67c409a,data/raw/pingguo_vegetable_fruit_suppliers.pdf,file_031582f8513e734e,government_procurement,3,1,6,平果市公办学校食堂食品框架协议入围供应商（生鲜时蔬、水果类）,2026-01-03,广西东浩食品有限公司,,,广西壮族自治区,百色市/平果市,生鲜时蔬、水果类,"广西东浩食品有限公司平
果市公办学校(幼儿园)
食堂食品智慧监管系统框
架协议采购供应商服务--
(生鲜时蔬、水果类);详见征集文件第二章《采
购需求》。:我公司完全
响应;入围单价: 97%",,,,"序号: 32;入围供应商名称: 广西东浩食品有限公司;入围产品名称: 广西东浩食品有限公司平
果市公办学校(幼儿园)
食堂食品智慧监管系统框
架协议采购供应商服务--
(生鲜时蔬、水果类);规格/服务标准: 详见征集文件第二章《采
购需求》。:我公司完全
响应;入围单价: 97%",0.97,"PDF 表格未提供地址和统一社会信用代码;服务项目所在地为平果市,不能据此推断企业所在地。"
rec_4f87977c5281e2be,data/raw/pingguo_vegetable_fruit_suppliers.pdf,file_031582f8513e734e,government_procurement,3,1,7,平果市公办学校食堂食品框架协议入围供应商（生鲜时蔬、水果类）,2026-01-03,广西田东县千村电子商务有限公司,,,广西壮族自治区/百色市/田东县,百色市/平果市,生鲜时蔬、水果类,"广西田东县千村电子商务
有限公司平果市公办学校
(幼儿园)食堂食品智慧
监管系统框架协议采购供
应商服务--(生鲜时蔬、
水果类);详见征集文件第二章《采
购需求》。:完全响应招
标文件要求;入围单价: 98.5%",,,,"序号: 33;入围供应商名称: 广西田东县千村电子商务
有限公司;入围产品名称: 广西田东县千村电子商务
有限公司平果市公办学校
(幼儿园)食堂食品智慧
监管系统框架协议采购供
应商服务--(生鲜时蔬、
水果类);规格/服务标准: 详见征集文件第二章《采
购需求》。:完全响应招
标文件要求;入围单价: 98.5%",0.97,"PDF 表格未提供地址和统一社会信用代码;服务项目所在地为平果市,不能据此推断企业所在地。"
rec_92c925f679625d40,data/raw/pingguo_vegetable_fruit_suppliers.pdf,file_031582f8513e734e,government_procurement,3,1,8,平果市公办学校食堂食品框架协议入围供应商（生鲜时蔬、水果类）,2026-01-03,广西平果每一天商贸有限公司,,,广西壮族自治区,百色市/平果市,生鲜时蔬、水果类,"广西平果每一天商贸有限
公司平果市公办学校(幼
儿园)食堂食品智慧监管
系统框架协议采购供应商
服务--(生鲜时蔬、水果
类);详见征集文件第二章《采
购需求》。:满足招标文
件 要求;入围单价: 99%",,,,"序号: 34;入围供应商名称: 广西平果每一天商贸有限
公司;入围产品名称: 广西平果每一天商贸有限
公司平果市公办学校(幼
儿园)食堂食品智慧监管
系统框架协议采购供应商
服务--(生鲜时蔬、水果
类);规格/服务标准: 详见征集文件第二章《采
购需求》。:满足招标文
件 要求;入围单价: 99%",0.97,"PDF 表格未提供地址和统一社会信用代码;服务项目所在地为平果市,不能据此推断企业所在地。"
rec_3cabc766db513ea2,data/raw/pingguo_vegetable_fruit_suppliers.pdf,file_031582f8513e734e,government_procurement,3,1,9,平果市公办学校食堂食品框架协议入围供应商（生鲜时蔬、水果类）,2026-01-03,广西源养农业发展有限公司,,,广西壮族自治区,百色市/平果市,生鲜时蔬、水果类,"平果市公办学校(幼儿园
)食堂食品智慧监管系统
框架协议采购供应商服务-
-(生鲜时蔬、水果类);详见征集文件第二章《采
购需求》。:响应征集文
件;入围单价: 99%",,,,"序号: 35;入围供应商名称: 广西源养农业发展有限公
司;入围产品名称: 平果市公办学校(幼儿园
)食堂食品智慧监管系统
框架协议采购供应商服务-
-(生鲜时蔬、水果类);规格/服务标准: 详见征集文件第二章《采
购需求》。:响应征集文
件;入围单价: 99%",0.97,"PDF 表格未提供地址和统一社会信用代码;服务项目所在地为平果市,不能据此推断企业所在地。"
rec_7a47bace1a02ebec,data/raw/pingguo_vegetable_fruit_suppliers.pdf,file_031582f8513e734e,government_procurement,3,1,10,平果市公办学校食堂食品框架协议入围供应商（生鲜时蔬、水果类）,2026-01-03,广西丰膳供应链有限公司,,,广西壮族自治区,百色市/平果市,生鲜时蔬、水果类,"广西丰膳供应链有限公司
平果市公办学校(幼儿园
)食堂食品智慧监管系统
框架协议采购供应商服务-
-(生鲜时蔬、水果类);详见征集文件第二章《采
购需求》。:响应招标文
件要求;入围单价: 99%",,,,"序号: 36;入围供应商名称: 广西丰膳供应链有限公司;入围产品名称: 广西丰膳供应链有限公司
平果市公办学校(幼儿园
)食堂食品智慧监管系统
框架协议采购供应商服务-
-(生鲜时蔬、水果类);规格/服务标准: 详见征集文件第二章《采
购需求》。:响应招标文
件要求;入围单价: 99%",0.97,"PDF 表格未提供地址和统一社会信用代码;服务项目所在地为平果市,不能据此推断企业所在地。"
rec_9fe23308b7798ad2,data/raw/pingguo_vegetable_fruit_suppliers.pdf,file_031582f8513e734e,government_procurement,3,1,11,平果市公办学校食堂食品框架协议入围供应商（生鲜时蔬、水果类）,2026-01-03,广西二师兄食品有限公司,,,广西壮族自治区,百色市/平果市,生鲜时蔬、水果类,"广西二师兄食品有限公司
平果市公办学校(幼儿园
)食堂食品智慧监管系统
框架协议采购供应商服务-
-(生鲜时蔬、水果类);详见征集文件第二章《采
购需求》。:我公司完全
响应并满足平果市公办学
校(幼儿园)食堂食品智慧
监管系统框架协议采购供
应商服务--(生鲜时蔬、水
果类)详见电子响应文件;入围单价: 98%",,,,"序号: 37;入围供应商名称: 广西二师兄食品有限公司;入围产品名称: 广西二师兄食品有限公司
平果市公办学校(幼儿园
)食堂食品智慧监管系统
框架协议采购供应商服务-
-(生鲜时蔬、水果类);规格/服务标准: 详见征集文件第二章《采
购需求》。:我公司完全
响应并满足平果市公办学
校(幼儿园)食堂食品智慧
监管系统框架协议采购供
应商服务--(生鲜时蔬、水
果类)详见电子响应文件;入围单价: 98%",0.97,"PDF 表格未提供地址和统一社会信用代码;服务项目所在地为平果市,不能据此推断企业所在地。"
rec_7a3a9e61adf76165,data/raw/pingguo_vegetable_fruit_suppliers.pdf,file_031582f8513e734e,government_procurement,3,1,12,平果市公办学校食堂食品框架协议入围供应商（生鲜时蔬、水果类）,2026-01-03,广西南宁明璨贸易有限公司,,,广西壮族自治区/南宁市,百色市/平果市,生鲜时蔬、水果类,"平果市公办学校(幼儿园
)食堂食品智慧监管系统
框架协议采购供应商服务-
-(生鲜时蔬、水果类);详见征集文件第二章《采
购需求》。:响应招标文
件的需求;入围单价: 98%",,,,"序号: 38;入围供应商名称: 广西南宁明璨贸易有限公
司;入围产品名称: 平果市公办学校(幼儿园
)食堂食品智慧监管系统
框架协议采购供应商服务-
-(生鲜时蔬、水果类);规格/服务标准: 详见征集文件第二章《采
购需求》。:响应招标文
件的需求;入围单价: 98%",0.97,"PDF 表格未提供地址和统一社会信用代码;服务项目所在地为平果市,不能据此推断企业所在地。"
