source_layer,source_fid,osm_id,fclass,record_id,source_crs,district_code,data_source,data_type,dedup_status,dedup_reason,facility_name,facility_type,education_level,longitude,latitude,source_record_id,record_id_origin,boundary_version,boundary_status,code_validation_status,province,city,district,geometry
gis_osm_pois_a_free,<NA>,379518401,school,schools:gis_osm_pois_a_free:379518401:school,OGC:CRS84,450123,OpenStreetMap,real,kept,<NA>,雁江中学,education,school,107.63686633733795,23.2745064,,derived_from_source_layer_osm_id_fclass,smartbidata_task06_20260810,team_shared,team_shared_source,广西壮族自治区,南宁市,隆安县,"MULTIPOLYGON (((107.63597 23.274758, 107.636113 23.274399, 107.636372 23.274352, 107.636735 23.27341, 107.637129 23.273374, 107.637713 23.274613, 107.637902 23.275485, 107.63597 23.274758)))"
gis_osm_pois_a_free,<NA>,379518406,school,schools:gis_osm_pois_a_free:379518406:school,OGC:CRS84,450123,OpenStreetMap,real,kept,<NA>,联隆小学,education,school,107.58946153427073,23.2482065,,derived_from_source_layer_osm_id_fclass,smartbidata_task06_20260810,team_shared,team_shared_source,广西壮族自治区,南宁市,隆安县,"MULTIPOLYGON (((107.588792 23.248472, 107.589577 23.247031, 107.590362 23.247237, 107.590081 23.247717, 107.59025 23.24794, 107.589297 23.248902, 107.588792 23.248472)))"
gis_osm_pois_a_free,<NA>,379518422,school,schools:gis_osm_pois_a_free:379518422:school,OGC:CRS84,450123,OpenStreetMap,real,kept,<NA>,雁江小学,education,school,107.63293721329282,23.2696474,,derived_from_source_layer_osm_id_fclass,smartbidata_task06_20260810,team_shared,team_shared_source,广西壮族自治区,南宁市,隆安县,"MULTIPOLYGON (((107.632456 23.270082, 107.632826 23.269407, 107.633535 23.269887, 107.633214 23.270324, 107.632456 23.270082)))"
gis_osm_pois_a_free,<NA>,398114009,college,schools:gis_osm_pois_a_free:398114009:college,OGC:CRS84,450107,OpenStreetMap,real,kept,<NA>,广西工业职业技术学院,education,college,108.29644901489077,22.84331915,,derived_from_source_layer_osm_id_fclass,smartbidata_task06_20260810,team_shared,team_shared_source,广西壮族自治区,南宁市,西乡塘区,"MULTIPOLYGON (((108.294194 22.844071, 108.294864 22.84308, 108.295111 22.841233, 108.297434 22.84132, 108.298106 22.842048, 108.298106 22.842569, 108.298224 22.843558, 108.298837 22.844243, 108.298684 22.844417, 108.298401 22.84471, 108.297623 22.84471, 108.297151 22.84546, 108.294194 22.844071)))"
gis_osm_pois_a_free,<NA>,398115376,school,schools:gis_osm_pois_a_free:398115376:school,OGC:CRS84,450107,OpenStreetMap,real,kept,<NA>,广西南宁商贸学校,education,school,108.29886211977995,22.8418978,,derived_from_source_layer_osm_id_fclass,smartbidata_task06_20260810,team_shared,team_shared_source,广西壮族自治区,南宁市,西乡塘区,"MULTIPOLYGON (((108.298264 22.841819, 108.298642 22.841558, 108.298937 22.84114, 108.299137 22.841248, 108.29922 22.841797, 108.299497 22.841977, 108.298996 22.842498, 108.298264 22.841819)))"
gis_osm_pois_a_free,<NA>,398115378,university,schools:gis_osm_pois_a_free:398115378:university,OGC:CRS84,450107,OpenStreetMap,real,kept,<NA>,广西大学,education,university,108.29134821184061,22.8472107,,derived_from_source_layer_osm_id_fclass,smartbidata_task06_20260810,team_shared,team_shared_source,广西壮族自治区,南宁市,西乡塘区,"MULTIPOLYGON (((108.279291 22.852568, 108.279568 22.852567, 108.279504 22.852456, 108.279651 22.852319, 108.279693 22.852365, 108.279781 22.852358, 108.279925 22.852417, 108.279991 22.852322, 108.280039 22.85232, 108.280074 22.852202, 108.280205 22.852429, 108.280263 22.852474, 108.280315 22.852499, 108.280702 22.852577, 108.281011 22.852627, 108.281347 22.852444, 108.281984 22.852428, 108.282078 22.852767, 108.282224 22.852914, 108.283899 22.852395, 108.28504 22.852378, 108.285415 22.851267, 108.285654 22.851282, 108.286457 22.84949, 108.286474 22.849305, 108.286456 22.849104, 108.286398 22.84893, 108.286197 22.848429, 108.286545 22.848324, 108.286652 22.848255, 108.286711 22.848012, 108.286682 22.847958, 108.286593 22.847909, 108.286268 22.847815, 108.286572 22.846668, 108.286456 22.846492, 108.286486 22.846131, 108.286494 22.845978, 108.286027 22.845879, 108.286034 22.845762, 108.286046 22.845734, 108.286043 22.845712, 108.286029 22.845695, 108.286006 22.845684, 108.285983 22.845686, 108.285952 22.845642, 108.285914 22.845585, 108.285898 22.845453, 108.284381 22.845658, 108.284383 22.846079, 108.284375 22.846379, 108.28436 22.846542, 108.284248 22.8471, 108.28387 22.847068, 108.283565 22.847011, 108.283515 22.84698, 108.283298 22.846914, 108.28295 22.846746, 108.282831 22.846749, 108.28271 22.846644, 108.282508 22.846574, 108.282462 22.846578, 108.282446 22.847618, 108.281379 22.847509, 108.280641 22.847618, 108.280399 22.847634, 108.280145 22.847588, 108.279832 22.84747, 108.280271 22.844854, 108.28033 22.84421, 108.280446 22.843258, 108.280515 22.842717, 108.280604 22.842009, 108.280814 22.841358, 108.281224 22.839357, 108.281218 22.838834, 108.281246 22.838558, 108.281528 22.838172, 108.281613 22.837685, 108.281561 22.836969, 108.282613 22.836929, 108.282608 22.836333, 108.285058 22.835547, 108.284992 22.835976, 108.284894 22.836611, 108.285193 22.836793, 108.285239 22.836916, 108.285568 22.83709, 108.285719 22.837051, 108.285912 22.837139, 108.28597 22.837213, 108.285919 22.837355, 108.286245 22.837432, 108.28627 22.837501, 108.28633 22.837515, 108.286374 22.837639, 108.28648 22.837689, 108.286544 22.83779, 108.286562 22.837902, 108.287069 22.838054, 108.287623 22.837989, 108.287805 22.83818, 108.287881 22.838188, 108.287907 22.83833, 108.288046 22.838351, 108.288128 22.838739, 108.288521 22.838846, 108.289524 22.838834, 108.290804 22.838834, 108.290812 22.838815, 108.290882 22.838834, 108.290432 22.839849, 108.290074 22.84065, 108.28982 22.84131, 108.291465 22.84271, 108.291542 22.842711, 108.291566 22.841654, 108.292515 22.841662, 108.292525 22.841195, 108.295111 22.841233, 108.294864 22.84308, 108.294194 22.844071, 108.292758 22.84333, 108.292452 22.843354, 108.292375 22.843517, 108.292413 22.843542, 108.292352 22.84365, 108.293318 22.844066, 108.294023 22.844386, 108.294036 22.844419, 108.293868 22.844725, 108.293747 22.84479, 108.294735 22.845644, 108.295152 22.846126, 108.295534 22.846693, 108.296138 22.846933, 108.296268 22.847176, 108.296269 22.847246, 108.296958 22.847288, 108.296399 22.848155, 108.295358 22.847832, 108.295357 22.849127, 108.295263 22.849293, 108.295091 22.849598, 108.293845 22.84957, 108.293786 22.850788, 108.294216 22.850881, 108.294146 22.851496, 108.293607 22.851419, 108.293545 22.851952, 108.293865 22.852314, 108.293877 22.852537, 108.293832 22.852733, 108.294355 22.852934, 108.29408 22.854098, 108.293193 22.853851, 108.292929 22.854532, 108.292882 22.85455, 108.292237 22.854535, 108.292248 22.855842, 108.291381 22.855916, 108.291421 22.856502, 108.289847 22.856689, 108.286046 22.857106, 108.28615 22.857785, 108.289209 22.857416, 108.289584 22.857429, 108.289883 22.85747, 108.290108 22.857703, 108.290071 22.857992, 108.289935 22.858317, 108.289782 22.858391, 108.289059 22.858613, 108.286141 22.858812, 108.283644 22.858645, 108.283647 22.858129, 108.285976 22.857805, 108.28589 22.857121, 108.282902 22.857423, 108.281156 22.857424, 108.279711 22.857423, 108.279537 22.857423, 108.279419 22.857384, 108.279361 22.857253, 108.27936 22.857082, 108.279291 22.852568)))"
gis_osm_pois_a_free,<NA>,398115381,university,schools:gis_osm_pois_a_free:398115381:university,OGC:CRS84,450107,OpenStreetMap,real,kept,<NA>,广西财经学院(明秀校区),education,university,108.29419015281408,22.8386872,,derived_from_source_layer_osm_id_fclass,smartbidata_task06_20260810,team_shared,team_shared_source,广西壮族自治区,南宁市,西乡塘区,"MULTIPOLYGON (((108.290815 22.839491, 108.291605 22.837992, 108.292372 22.838024, 108.292502 22.837883, 108.293056 22.837785, 108.29361 22.837112, 108.293527 22.836938, 108.293751 22.836622, 108.297395 22.838263, 108.296888 22.839111, 108.298138 22.840382, 108.297442 22.840991, 108.290992 22.840948, 108.290815 22.839491)))"
gis_osm_pois_a_free,<NA>,444557047,school,schools:gis_osm_pois_a_free:444557047:school,OGC:CRS84,450103,OpenStreetMap,real,kept,<NA>,南宁市天桃实验学校(银杉校区),education,school,108.39677407005892,22.8315673,,derived_from_source_layer_osm_id_fclass,smartbidata_task06_20260810,team_shared,team_shared_source,广西壮族自治区,南宁市,青秀区,"MULTIPOLYGON (((108.396095 22.831719, 108.396121 22.831416, 108.396319 22.830598, 108.397264 22.830608, 108.397415 22.830709, 108.397467 22.832474, 108.397446 22.832652, 108.396345 22.832719, 108.39621 22.832315, 108.396137 22.832089, 108.396095 22.831719)))"
gis_osm_pois_a_free,<NA>,444557048,school,schools:gis_osm_pois_a_free:444557048:school,OGC:CRS84,450103,OpenStreetMap,real,kept,<NA>,南宁市育才实验中学,education,school,108.35656770327248,22.82767005,,derived_from_source_layer_osm_id_fclass,smartbidata_task06_20260810,team_shared,team_shared_source,广西壮族自治区,南宁市,青秀区,"MULTIPOLYGON (((108.355976 22.828277, 108.356 22.826968, 108.357074 22.826984, 108.357151 22.827063, 108.357146 22.828285, 108.355976 22.828277)))"
gis_osm_pois_a_free,<NA>,510521900,school,schools:gis_osm_pois_a_free:510521900:school,OGC:CRS84,450105,OpenStreetMap,real,kept,<NA>,扬美希望小学,education,school,108.06406979762433,22.84358365,,derived_from_source_layer_osm_id_fclass,smartbidata_task06_20260810,team_shared,team_shared_source,广西壮族自治区,南宁市,江南区,"MULTIPOLYGON (((108.063583 22.84386, 108.063994 22.843307, 108.064722 22.84387, 108.064155 22.844372, 108.063583 22.84386)))"
gis_osm_pois_a_free,<NA>,513604582,school,schools:gis_osm_pois_a_free:513604582:school,OGC:CRS84,450103,OpenStreetMap,real,kept,<NA>,玉兰路小学,education,school,108.38495535020671,22.83181325,,derived_from_source_layer_osm_id_fclass,smartbidata_task06_20260810,team_shared,team_shared_source,广西壮族自治区,南宁市,青秀区,"MULTIPOLYGON (((108.384029 22.831988, 108.384117 22.831639, 108.384294 22.831241, 108.384383 22.831115, 108.384514 22.831127, 108.385914 22.831561, 108.385663 22.832395, 108.384029 22.831988)))"
gis_osm_pois_a_free,<NA>,513604583,school,schools:gis_osm_pois_a_free:513604583:school,OGC:CRS84,450103,OpenStreetMap,real,kept,<NA>,天桃实验学校(翠竹校区),education,school,108.3909110770017,22.83123195,,derived_from_source_layer_osm_id_fclass,smartbidata_task06_20260810,team_shared,team_shared_source,广西壮族自治区,南宁市,青秀区,"MULTIPOLYGON (((108.388946 22.832028, 108.389078 22.83177, 108.389365 22.831449, 108.391078 22.830154, 108.391759 22.83077, 108.392286 22.831015, 108.391845 22.831841, 108.391676 22.832315, 108.388946 22.832028)))"
gis_osm_pois_a_free,<NA>,513604585,school,schools:gis_osm_pois_a_free:513604585:school,OGC:CRS84,450103,OpenStreetMap,real,kept,<NA>,南宁市第二中学（凤岭校区）,education,school,108.41777235186032,22.82563755,,derived_from_source_layer_osm_id_fclass,smartbidata_task06_20260810,team_shared,team_shared_source,广西壮族自治区,南宁市,青秀区,"MULTIPOLYGON (((108.414181 22.827585, 108.414756 22.826219, 108.414956 22.825743, 108.415136 22.824964, 108.415199 22.823866, 108.415176 22.823195, 108.415208 22.822532, 108.415991 22.82268, 108.417622 22.823299, 108.418506 22.823628, 108.419272 22.82389, 108.420308 22.824191, 108.420386 22.824226, 108.420432 22.824309, 108.420541 22.824998, 108.420583 22.825532, 108.420509 22.825945, 108.42035 22.826337, 108.420107 22.826664, 108.41985 22.826952, 108.419346 22.827232, 108.418444 22.82759, 108.41822 22.827856, 108.41815 22.828403, 108.41808 22.828468, 108.417538 22.828541, 108.417058 22.828519, 108.416464 22.828351, 108.41639 22.82833, 108.414825 22.827714, 108.414181 22.827585)))"
gis_osm_pois_a_free,<NA>,544015175,school,schools:gis_osm_pois_a_free:544015175:school,OGC:CRS84,450109,OpenStreetMap,real,kept,<NA>,南宁四十一中,education,school,108.48663236420691,22.75289445,,derived_from_source_layer_osm_id_fclass,smartbidata_task06_20260810,team_shared,team_shared_source,广西壮族自治区,南宁市,邕宁区,"MULTIPOLYGON (((108.484307 22.752827, 108.484452 22.752739, 108.484547 22.752819, 108.484994 22.752709, 108.485579 22.75312, 108.486017 22.752549, 108.486305 22.7527, 108.486568 22.75219, 108.48685 22.750945, 108.487048 22.750952, 108.48723 22.750911, 108.487394 22.750898, 108.487626 22.750965, 108.487805 22.751083, 108.487868 22.751157, 108.487876 22.751197, 108.487748 22.751672, 108.487681 22.751973, 108.487632 22.752398, 108.48749 22.752988, 108.487439 22.75309, 108.487276 22.753255, 108.487092 22.75349, 108.487014 22.753626, 108.48684 22.754097, 108.486843 22.754212, 108.487004 22.754521, 108.486542 22.754617, 108.486006 22.754745, 108.485604 22.754849, 108.485523 22.754508, 108.485438 22.754416, 108.48532 22.754379, 108.48523 22.754258, 108.485158 22.754025, 108.485018 22.753763, 108.484782 22.753457, 108.484405 22.753018, 108.484468 22.752962, 108.484307 22.752827)))"
gis_osm_pois_a_free,<NA>,553196020,university,schools:gis_osm_pois_a_free:553196020:university,OGC:CRS84,450107,OpenStreetMap,real,kept,<NA>,南宁师范大学(明秀校区),education,university,108.31620917080721,22.8439203,,derived_from_source_layer_osm_id_fclass,smartbidata_task06_20260810,team_shared,team_shared_source,广西壮族自治区,南宁市,西乡塘区,"MULTIPOLYGON (((108.314626 22.841675, 108.314694 22.841095, 108.316181 22.841168, 108.316037 22.842072, 108.317213 22.842193, 108.317218 22.842391, 108.318414 22.842659, 108.318198 22.843598, 108.317297 22.843441, 108.317185 22.843566, 108.317191 22.844242, 108.318046 22.844334, 108.317599 22.845118, 108.317189 22.844979, 108.316714 22.84645, 108.314957 22.845958, 108.315512 22.841816, 108.314626 22.841675)))"
gis_osm_pois_a_free,<NA>,594921996,school,schools:gis_osm_pois_a_free:594921996:school,OGC:CRS84,450103,OpenStreetMap,real,kept,<NA>,南宁卓立实验学校,education,school,108.3662742727464,22.8098847,,derived_from_source_layer_osm_id_fclass,smartbidata_task06_20260810,team_shared,team_shared_source,广西壮族自治区,南宁市,青秀区,"MULTIPOLYGON (((108.365346 22.809822, 108.366074 22.809208, 108.366196 22.809172, 108.366331 22.809177, 108.366423 22.809221, 108.367206 22.809948, 108.366255 22.810716, 108.365346 22.809822)))"
gis_osm_pois_a_free,<NA>,618829559,school,schools:gis_osm_pois_a_free:618829559:school,OGC:CRS84,450126,OpenStreetMap,real,kept,<NA>,宾阳中学,education,school,108.81941745698072,23.2404622,,derived_from_source_layer_osm_id_fclass,smartbidata_task06_20260810,team_shared,team_shared_source,广西壮族自治区,南宁市,宾阳县,"MULTIPOLYGON (((108.815322 23.241603, 108.815405 23.241577, 108.81537 23.241306, 108.815375 23.241215, 108.815536 23.241065, 108.816034 23.240746, 108.816366 23.240969, 108.816505 23.241079, 108.816647 23.241089, 108.816799 23.24104, 108.816961 23.241072, 108.817 23.240909, 108.817162 23.24063, 108.817389 23.240632, 108.817523 23.240661, 108.817728 23.240035, 108.817999 23.239714, 108.818348 23.239958, 108.818544 23.239696, 108.818105 23.239357, 108.818995 23.238495, 108.81916 23.238612, 108.819268 23.238481, 108.819943 23.238004, 108.821516 23.239339, 108.821074 23.239711, 108.821231 23.239901, 108.821277 23.240294, 108.82121 23.240662, 108.820936 23.240897, 108.819905 23.240904, 108.818692 23.241951, 108.818615 23.242082, 108.818696 23.242695, 108.818614 23.242883, 108.818431 23.243003, 108.818284 23.242971, 108.818122 23.242831, 108.818074 23.24262, 108.817788 23.24262, 108.817805 23.242143, 108.817078 23.241975, 108.816031 23.242268, 108.816198 23.242344, 108.816284 23.242552, 108.816254 23.242769, 108.815658 23.242931, 108.815322 23.241603)))"
gis_osm_pois_a_free,<NA>,652173843,college,schools:gis_osm_pois_a_free:652173843:college,OGC:CRS84,450103,OpenStreetMap,real,kept,<NA>,南宁市 第六职业技术学校,education,college,108.4925171002119,22.79362435,,derived_from_source_layer_osm_id_fclass,smartbidata_task06_20260810,team_shared,team_shared_source,广西壮族自治区,南宁市,青秀区,"MULTIPOLYGON (((108.489853 22.793175, 108.4913 22.791657, 108.491707 22.79146, 108.492669 22.791258, 108.492794 22.791324, 108.493214 22.792004, 108.493851 22.791958, 108.493986 22.792117, 108.494362 22.792968, 108.494693 22.793583, 108.49498 22.793996, 108.495354 22.794374, 108.495553 22.794532, 108.495358 22.794923, 108.495145 22.795175, 108.494595 22.795502, 108.493953 22.795683, 108.493531 22.795807, 108.492206 22.796059, 108.491911 22.795371, 108.49167 22.795008, 108.490355 22.793666, 108.489853 22.793175)))"
gis_osm_pois_a_free,<NA>,652173844,university,schools:gis_osm_pois_a_free:652173844:university,OGC:CRS84,450103,OpenStreetMap,real,kept,<NA>,广西外国语学院,education,university,108.51217569430966,22.8042896,,derived_from_source_layer_osm_id_fclass,smartbidata_task06_20260810,team_shared,team_shared_source,广西壮族自治区,南宁市,青秀区,"MULTIPOLYGON (((108.509808 22.805325, 108.509859 22.803255, 108.509846 22.800302, 108.510421 22.800349, 108.511467 22.80015, 108.512232 22.799879, 108.514522 22.80013, 108.514515 22.806927, 108.513718 22.806935, 108.513546 22.807122, 108.513514 22.808186, 108.512802 22.808155, 108.512422 22.807922, 108.512287 22.807576, 108.511539 22.80691, 108.511233 22.806964, 108.510354 22.80679, 108.509859 22.806501, 108.509808 22.805325)))"
gis_osm_pois_a_free,<NA>,652568412,school,schools:gis_osm_pois_a_free:652568412:school,OGC:CRS84,450103,OpenStreetMap,real,kept,<NA>,南宁市第三中学,education,school,108.35376953001034,22.80375625,,derived_from_source_layer_osm_id_fclass,smartbidata_task06_20260810,team_shared,team_shared_source,广西壮族自治区,南宁市,青秀区,"MULTIPOLYGON (((108.351036 22.804364, 108.351531 22.803818, 108.351782 22.803542, 108.352238 22.803029, 108.352348 22.802856, 108.352464 22.802894, 108.352877 22.802382, 108.352774 22.802324, 108.352805 22.802289, 108.353146 22.8019, 108.353517 22.801529, 108.353592 22.801453, 108.353833 22.801244, 108.354141 22.800976, 108.355104 22.801435, 108.355442 22.801635, 108.355386 22.801943, 108.355292 22.80225, 108.355278 22.802834, 108.35544 22.802988, 108.355343 22.80314, 108.35542 22.80318, 108.35552 22.803224, 108.355579 22.803263, 108.35562 22.803322, 108.355828 22.80333, 108.355792 22.803639, 108.355958 22.803695, 108.355885 22.804426, 108.355751 22.804414, 108.355712 22.804756, 108.355616 22.805128, 108.355497 22.805603, 108.355397 22.805778, 108.355025 22.806424, 108.354623 22.806212, 108.354161 22.806076, 108.353622 22.805731, 108.353512 22.805883, 108.353073 22.805631, 108.353195 22.805458, 108.352139 22.804849, 108.35154 22.804478, 108.351443 22.804602, 108.351036 22.804364)))"
gis_osm_pois_a_free,<NA>,660696833,school,schools:gis_osm_pois_a_free:660696833:school,OGC:CRS84,450102,OpenStreetMap,real,kept,<NA>,南宁市兴桂路小学,education,school,108.36803838503087,22.8690477,,derived_from_source_layer_osm_id_fclass,smartbidata_task06_20260810,team_shared,team_shared_source,广西壮族自治区,南宁市,兴宁区,"MULTIPOLYGON (((108.367278 22.869938, 108.367474 22.868613, 108.367988 22.868458, 108.368614 22.868114, 108.368735 22.868191, 108.368632 22.869482, 108.368119 22.869568, 108.367362 22.869887, 108.367278 22.869938)))"
gis_osm_pois_a_free,<NA>,671215660,school,schools:gis_osm_pois_a_free:671215660:school,OGC:CRS84,450107,OpenStreetMap,real,kept,<NA>,南宁市第三十六中学,education,school,108.29874929952729,22.83307745,,derived_from_source_layer_osm_id_fclass,smartbidata_task06_20260810,team_shared,team_shared_source,广西壮族自治区,南宁市,西乡塘区,"MULTIPOLYGON (((108.296974 22.833403, 108.297484 22.832541, 108.297787 22.832694, 108.298389 22.831677, 108.300525 22.832752, 108.299413 22.83463, 108.296974 22.833403)))"
gis_osm_pois_a_free,<NA>,683489993,university,schools:gis_osm_pois_a_free:683489993:university,OGC:CRS84,450103,OpenStreetMap,real,kept,<NA>,广西医科大学,education,university,108.34722961393817,22.8001367,,derived_from_source_layer_osm_id_fclass,smartbidata_task06_20260810,team_shared,team_shared_source,广西壮族自治区,南宁市,青秀区,"MULTIPOLYGON (((108.342698 22.798303, 108.342825 22.797993, 108.342784 22.797793, 108.343507 22.79743, 108.343928 22.796447, 108.344425 22.7966, 108.34505 22.796794, 108.345773 22.797297, 108.345865 22.797361, 108.346057 22.79748, 108.346112 22.797621, 108.346391 22.797776, 108.346656 22.797854, 108.346675 22.797906, 108.347086 22.798078, 108.348632 22.798457, 108.348555 22.798753, 108.348887 22.798773, 108.349284 22.798738, 108.350259 22.799043, 108.350877 22.799191, 108.350949 22.799246, 108.350999 22.799328, 108.351016 22.799415, 108.351175 22.799479, 108.351007 22.799915, 108.350712 22.800882, 108.35046 22.801578, 108.350295 22.801996, 108.349903 22.80189, 108.349864 22.801981, 108.34975 22.801956, 108.349324 22.802327, 108.349289 22.802568, 108.349042 22.803146, 108.348125 22.802851, 108.347673 22.803982, 108.347384 22.803884, 108.347555 22.803479, 108.347635 22.803283, 108.347453 22.803213, 108.347346 22.802856, 108.347339 22.802426, 108.347384 22.801961, 108.344639 22.801758, 108.343344 22.801805, 108.342994 22.800558, 108.343561 22.800358, 108.343429 22.799654, 108.343076 22.799581, 108.343133 22.799348, 108.342914 22.799344, 108.342896 22.79906, 108.342856 22.799037, 108.342839 22.798843, 108.342904 22.798552, 108.342869 22.798468, 108.342698 22.798303)))"
gis_osm_pois_a_free,<NA>,686927895,university,schools:gis_osm_pois_a_free:686927895:university,OGC:CRS84,450103,OpenStreetMap,real,kept,<NA>,广西艺术学院南湖校区,education,university,108.33519899023923,22.8053506,,derived_from_source_layer_osm_id_fclass,smartbidata_task06_20260810,team_shared,team_shared_source,广西壮族自治区,南宁市,青秀区,"MULTIPOLYGON (((108.333808 22.80595, 108.33453 22.804306, 108.334714 22.804408, 108.334724 22.804416, 108.33531 22.804752, 108.337604 22.806104, 108.336828 22.807198, 108.336191 22.806853, 108.336302 22.806684, 108.336005 22.806511, 108.335737 22.806964, 108.333808 22.80595)))"
gis_osm_pois_a_free,<NA>,695833879,college,schools:gis_osm_pois_a_free:695833879:college,OGC:CRS84,450102,OpenStreetMap,real,kept,<NA>,广西卫生职业技术学院,education,college,108.36971137313557,22.86322015,,derived_from_source_layer_osm_id_fclass,smartbidata_task06_20260810,team_shared,team_shared_source,广西壮族自治区,南宁市,兴宁区,"MULTIPOLYGON (((108.366678 22.863482, 108.366731 22.863364, 108.36715 22.86194, 108.367429 22.861604, 108.367901 22.861278, 108.36818 22.860694, 108.368394 22.860625, 108.369789 22.860932, 108.37039 22.860981, 108.370583 22.860971, 108.370969 22.861287, 108.371184 22.861406, 108.371323 22.861584, 108.371431 22.862068, 108.371742 22.862375, 108.371967 22.862612, 108.372461 22.862662, 108.372632 22.863077, 108.372707 22.86371, 108.372729 22.864154, 108.372793 22.864421, 108.372568 22.864836, 108.37245 22.864916, 108.371774 22.864906, 108.37157 22.865024, 108.371431 22.865242, 108.371398 22.865449, 108.371334 22.865558, 108.370873 22.865479, 108.369864 22.865212, 108.36862 22.864708, 108.368276 22.86454, 108.366678 22.863482)))"
gis_osm_pois_a_free,<NA>,726853914,university,schools:gis_osm_pois_a_free:726853914:university,OGC:CRS84,450103,OpenStreetMap,real,kept,<NA>,广西警察学院 (仙葫校区),education,university,108.43991157229783,22.8033817,,derived_from_source_layer_osm_id_fclass,smartbidata_task06_20260810,team_shared,team_shared_source,广西壮族自治区,南宁市,青秀区,"MULTIPOLYGON (((108.435538 22.804862, 108.435541 22.804071, 108.43592 22.804075, 108.435986 22.804515, 108.436426 22.804491, 108.437761 22.802894, 108.437914 22.802558, 108.439608 22.801798, 108.44058 22.800623, 108.441262 22.801098, 108.441747 22.800907, 108.442406 22.80075, 108.442454 22.801826, 108.443008 22.802126, 108.443448 22.802178, 108.442074 22.803869, 108.44203 22.803919, 108.441744 22.804247, 108.441509 22.804544, 108.441296 22.804928, 108.441133 22.805292, 108.441046 22.805656, 108.440989 22.80603, 108.440962 22.806649, 108.436294 22.805861, 108.436409 22.805271, 108.436078 22.804888, 108.435538 22.804862)))"
gis_osm_pois_a_free,<NA>,763910210,school,schools:gis_osm_pois_a_free:763910210:school,OGC:CRS84,450103,OpenStreetMap,real,kept,<NA>,Fuwa Kindergarten (Forever kids),education,school,108.35773172391804,22.8288414,,derived_from_source_layer_osm_id_fclass,smartbidata_task06_20260810,team_shared,team_shared_source,广西壮族自治区,南宁市,青秀区,"MULTIPOLYGON (((108.357398 22.828446, 108.358058 22.828461, 108.358068 22.829237, 108.357403 22.829222, 108.357398 22.828446)))"
gis_osm_pois_a_free,<NA>,778713778,school,schools:gis_osm_pois_a_free:778713778:school,OGC:CRS84,450107,OpenStreetMap,real,kept,<NA>,中尧路小学,education,school,108.27853393551587,22.8201416,,derived_from_source_layer_osm_id_fclass,smartbidata_task06_20260810,team_shared,team_shared_source,广西壮族自治区,南宁市,西乡塘区,"MULTIPOLYGON (((108.277934 22.820608, 108.278159 22.819728, 108.278459 22.819642, 108.279462 22.819833, 108.278567 22.82045, 108.278272 22.820662, 108.277934 22.820608)))"
gis_osm_pois_a_free,<NA>,837903781,school,schools:gis_osm_pois_a_free:837903781:school,OGC:CRS84,450108,OpenStreetMap,real,kept,<NA>,南宁市良庆区海晖路初级中学,education,school,108.39070649137332,22.70431745,,derived_from_source_layer_osm_id_fclass,smartbidata_task06_20260810,team_shared,team_shared_source,广西壮族自治区,南宁市,良庆区,"MULTIPOLYGON (((108.38892 22.704893, 108.389176 22.703742, 108.389227 22.70368, 108.38929 22.703651, 108.389366 22.703632, 108.392333 22.703623, 108.392391 22.703629, 108.392434 22.703651, 108.39246 22.703681, 108.392468 22.703741, 108.392256 22.70492, 108.392217 22.704972, 108.392154 22.705008, 108.392067 22.70503, 108.389172 22.705058, 108.389079 22.705039, 108.388997 22.705018, 108.388937 22.704962, 108.38892 22.704893)))"
gis_osm_pois_a_free,<NA>,837903784,school,schools:gis_osm_pois_a_free:837903784:school,OGC:CRS84,450108,OpenStreetMap,real,kept,<NA>,海晖路小学,education,school,108.38693402805924,22.70246545,,derived_from_source_layer_osm_id_fclass,smartbidata_task06_20260810,team_shared,team_shared_source,广西壮族自治区,南宁市,良庆区,"MULTIPOLYGON (((108.386168 22.703133, 108.386468 22.701798, 108.386502 22.701741, 108.386561 22.701707, 108.386643 22.701692, 108.387666 22.701693, 108.387422 22.703309, 108.386312 22.703296, 108.386237 22.703286, 108.386187 22.703243, 108.386172 22.703196, 108.386168 22.703133)))"
gis_osm_pois_a_free,<NA>,837903798,school,schools:gis_osm_pois_a_free:837903798:school,OGC:CRS84,450108,OpenStreetMap,real,kept,<NA>,金良路小学,education,school,108.37592944560915,22.71138605,,derived_from_source_layer_osm_id_fclass,smartbidata_task06_20260810,team_shared,team_shared_source,广西壮族自治区,南宁市,良庆区,"MULTIPOLYGON (((108.374508 22.712069, 108.374828 22.710705, 108.377348 22.710689, 108.377036 22.712067, 108.376998 22.71213, 108.376946 22.712171, 108.376884 22.712193, 108.374644 22.712231, 108.374574 22.712198, 108.37452 22.71215, 108.374508 22.712069)))"
gis_osm_pois_a_free,<NA>,837920578,school,schools:gis_osm_pois_a_free:837920578:school,OGC:CRS84,450108,OpenStreetMap,real,kept,<NA>,南宁市三美学校（银海校区）,education,school,108.33854571974845,22.71085505,,derived_from_source_layer_osm_id_fclass,smartbidata_task06_20260810,team_shared,team_shared_source,广西壮族自治区,南宁市,良庆区,"MULTIPOLYGON (((108.336287 22.710006, 108.338862 22.708648, 108.338959 22.708626, 108.339039 22.708646, 108.339121 22.708679, 108.33918 22.708771, 108.339984 22.710394, 108.340268 22.711316, 108.339706 22.711622, 108.339392 22.711897, 108.339081 22.712255, 108.338685 22.7126, 108.337455 22.711467, 108.336287 22.710006)))"
gis_osm_pois_a_free,<NA>,837920605,school,schools:gis_osm_pois_a_free:837920605:school,OGC:CRS84,450108,OpenStreetMap,real,kept,<NA>,南宁市第四中学(五象凤凰校区),education,school,108.35010246083792,22.7307975,,derived_from_source_layer_osm_id_fclass,smartbidata_task06_20260810,team_shared,team_shared_source,广西壮族自治区,南宁市,良庆区,"MULTIPOLYGON (((108.348324 22.732218, 108.349581 22.72874, 108.349766 22.728666, 108.350813 22.729036, 108.351109 22.729041, 108.351688 22.7292, 108.351805 22.729377, 108.350696 22.73298, 108.350486 22.733105, 108.348453 22.732468, 108.348324 22.732218)))"
gis_osm_pois_a_free,<NA>,837920607,school,schools:gis_osm_pois_a_free:837920607:school,OGC:CRS84,450108,OpenStreetMap,real,kept,<NA>,南宁市秀田小学(五象校区),education,school,108.35254939115777,22.73017385,,derived_from_source_layer_osm_id_fclass,smartbidata_task06_20260810,team_shared,team_shared_source,广西壮族自治区,南宁市,良庆区,"MULTIPOLYGON (((108.35154 22.731173, 108.352113 22.729326, 108.353389 22.729632, 108.353108 22.730715, 108.352896 22.731536, 108.35154 22.731173)))"
gis_osm_pois_a_free,<NA>,837932858,school,schools:gis_osm_pois_a_free:837932858:school,OGC:CRS84,450108,OpenStreetMap,real,kept,<NA>,五象湖初级中学,education,school,108.39386269297444,22.743699,,derived_from_source_layer_osm_id_fclass,smartbidata_task06_20260810,team_shared,team_shared_source,广西壮族自治区,南宁市,良庆区,"MULTIPOLYGON (((108.392726 22.742833, 108.394999 22.742833, 108.394999 22.745111, 108.393601 22.74511, 108.393601 22.744565, 108.392726 22.744565, 108.392726 22.742833)))"
gis_osm_pois_a_free,<NA>,837932891,school,schools:gis_osm_pois_a_free:837932891:school,OGC:CRS84,450108,OpenStreetMap,real,kept,<NA>,南宁市衡阳路小学 (五象校区),education,school,108.41361820102264,22.7467593,,derived_from_source_layer_osm_id_fclass,smartbidata_task06_20260810,team_shared,team_shared_source,广西壮族自治区,南宁市,良庆区,"MULTIPOLYGON (((108.412733 22.746306, 108.412742 22.746246, 108.412783 22.746195, 108.412842 22.746161, 108.41293 22.746149, 108.41345 22.74613, 108.414832 22.747114, 108.414923 22.747211, 108.414999 22.747347, 108.415054 22.747467, 108.414217 22.74739, 108.414101 22.747386, 108.413929 22.74742, 108.413257 22.747664, 108.412764 22.746404, 108.412733 22.746306)))"
gis_osm_pois_a_free,<NA>,837932973,school,schools:gis_osm_pois_a_free:837932973:school,OGC:CRS84,450108,OpenStreetMap,real,kept,<NA>,金龙路小学,education,school,108.37314861297821,22.7804525,,derived_from_source_layer_osm_id_fclass,smartbidata_task06_20260810,team_shared,team_shared_source,广西壮族自治区,南宁市,良庆区,"MULTIPOLYGON (((108.372428 22.780761, 108.37245 22.780125, 108.373073 22.780144, 108.373091 22.779585, 108.373895 22.779612, 108.373843 22.780813, 108.372428 22.780761)))"
gis_osm_pois_a_free,<NA>,837956766,school,schools:gis_osm_pois_a_free:837956766:school,OGC:CRS84,450108,OpenStreetMap,real,kept,<NA>,市十四中五象校区,education,school,108.36946197611489,22.7333231,,derived_from_source_layer_osm_id_fclass,smartbidata_task06_20260810,team_shared,team_shared_source,广西壮族自治区,南宁市,良庆区,"MULTIPOLYGON (((108.367872 22.733894, 108.368372 22.732565, 108.368421 22.732514, 108.368498 22.73249, 108.368594 22.732483, 108.370775 22.732639, 108.370844 22.732649, 108.370889 22.732672, 108.37092 22.73271, 108.37093 22.732752, 108.370725 22.734013, 108.370708 22.734054, 108.370673 22.73408, 108.370619 22.734091, 108.367935 22.733976, 108.367896 22.733961, 108.367875 22.73393, 108.367872 22.733894)))"
gis_osm_pois_a_free,<NA>,837956777,school,schools:gis_osm_pois_a_free:837956777:school,OGC:CRS84,450108,OpenStreetMap,real,kept,<NA>,南宁三中五象校区,education,school,108.38654837292731,22.72720165,,derived_from_source_layer_osm_id_fclass,smartbidata_task06_20260810,team_shared,team_shared_source,广西壮族自治区,南宁市,良庆区,"MULTIPOLYGON (((108.384561 22.724897, 108.38469 22.724724, 108.386844 22.72418, 108.386805 22.725839, 108.388662 22.725907, 108.388775 22.725949, 108.388252 22.728618, 108.387646 22.728648, 108.387447 22.72848, 108.38719 22.728455, 108.387023 22.728534, 108.386991 22.728687, 108.386296 22.728737, 108.384776 22.728806, 108.384572 22.728662, 108.384561 22.724897)))"
gis_osm_pois_a_free,<NA>,837956806,school,schools:gis_osm_pois_a_free:837956806:school,OGC:CRS84,450108,OpenStreetMap,real,kept,<NA>,南宁三中初中部 五象校区,education,school,108.38786270865587,22.725257,,derived_from_source_layer_osm_id_fclass,smartbidata_task06_20260810,team_shared,team_shared_source,广西壮族自治区,南宁市,良庆区,"MULTIPOLYGON (((108.386805 22.725839, 108.386844 22.72418, 108.387658 22.723952, 108.387768 22.724068, 108.387881 22.724071, 108.388052 22.724076, 108.388141 22.723885, 108.388932 22.723692, 108.389072 22.723814, 108.388999 22.724712, 108.388814 22.725802, 108.388691 22.725817, 108.388678 22.725845, 108.388662 22.725907, 108.386805 22.725839)))"
gis_osm_pois_a_free,<NA>,837956819,school,schools:gis_osm_pois_a_free:837956819:school,OGC:CRS84,450108,OpenStreetMap,real,kept,<NA>,五象新区第一实验小学,education,school,108.38539723642936,22.72331005,,derived_from_source_layer_osm_id_fclass,smartbidata_task06_20260810,team_shared,team_shared_source,广西壮族自治区,南宁市,良庆区,"MULTIPOLYGON (((108.384531 22.724235, 108.384533 22.722698, 108.384557 22.722627, 108.384609 22.722575, 108.384686 22.722543, 108.386123 22.722284, 108.386186 22.722292, 108.386238 22.722341, 108.386257 22.722397, 108.386266 22.723922, 108.386251 22.723966, 108.386202 22.724002, 108.386118 22.724038, 108.384884 22.724356, 108.38476 22.724378, 108.384662 22.724362, 108.384578 22.724302, 108.384531 22.724235)))"
gis_osm_pois_a_free,<NA>,837966554,school,schools:gis_osm_pois_a_free:837966554:school,OGC:CRS84,450108,OpenStreetMap,real,kept,<NA>,那平小学,education,school,108.3919108210504,22.6800106,,derived_from_source_layer_osm_id_fclass,smartbidata_task06_20260810,team_shared,team_shared_source,广西壮族自治区,南宁市,良庆区,"MULTIPOLYGON (((108.391127 22.680941, 108.391134 22.679243, 108.392726 22.679237, 108.392656 22.680778, 108.392493 22.680948, 108.391127 22.680941)))"
gis_osm_pois_a_free,<NA>,837966571,school,schools:gis_osm_pois_a_free:837966571:school,OGC:CRS84,450108,OpenStreetMap,real,kept,<NA>,,education,school,108.38197498698152,22.63915205,,derived_from_source_layer_osm_id_fclass,smartbidata_task06_20260810,team_shared,team_shared_source,广西壮族自治区,南宁市,良庆区,"MULTIPOLYGON (((108.380476 22.638622, 108.381399 22.638117, 108.383094 22.638177, 108.383513 22.638751, 108.383362 22.639553, 108.380552 22.639731, 108.380476 22.638622)))"
gis_osm_pois_a_free,<NA>,837975123,university,schools:gis_osm_pois_a_free:837975123:university,OGC:CRS84,450105,OpenStreetMap,real,kept,<NA>,南宁师范大学师园学院,education,university,108.23175837614295,22.5898473,,derived_from_source_layer_osm_id_fclass,smartbidata_task06_20260810,team_shared,team_shared_source,广西壮族自治区,南宁市,江南区,"MULTIPOLYGON (((108.228346 22.590506, 108.228484 22.589139, 108.230115 22.589189, 108.230244 22.588436, 108.235511 22.588763, 108.23467 22.591005, 108.228346 22.590506)))"
gis_osm_pois_a_free,<NA>,838498727,school,schools:gis_osm_pois_a_free:838498727:school,OGC:CRS84,450105,OpenStreetMap,real,kept,<NA>,,education,school,108.2139684508127,22.77750165,,derived_from_source_layer_osm_id_fclass,smartbidata_task06_20260810,team_shared,team_shared_source,广西壮族自治区,南宁市,江南区,"MULTIPOLYGON (((108.212857 22.77809, 108.21322 22.776488, 108.21518 22.776914, 108.214564 22.778465, 108.212857 22.77809)))"
gis_osm_pois_a_free,<NA>,838498736,school,schools:gis_osm_pois_a_free:838498736:school,OGC:CRS84,450105,OpenStreetMap,real,kept,<NA>,,education,school,108.23580442865509,22.7868542,,derived_from_source_layer_osm_id_fclass,smartbidata_task06_20260810,team_shared,team_shared_source,广西壮族自治区,南宁市,江南区,"MULTIPOLYGON (((108.234952 22.787244, 108.23496 22.786464, 108.236611 22.78633, 108.236684 22.787252, 108.234952 22.787244)))"
gis_osm_pois_a_free,<NA>,838512062,school,schools:gis_osm_pois_a_free:838512062:school,OGC:CRS84,450107,OpenStreetMap,real,kept,<NA>,,education,school,108.15921474497526,22.82281615,,derived_from_source_layer_osm_id_fclass,smartbidata_task06_20260810,team_shared,team_shared_source,广西壮族自治区,南宁市,西乡塘区,"MULTIPOLYGON (((108.158725 22.822444, 108.159294 22.822335, 108.159559 22.822661, 108.159704 22.823014, 108.159707 22.823191, 108.159679 22.823274, 108.159632 22.823332, 108.159124 22.823347, 108.159028 22.823325, 108.158955 22.823276, 108.158893 22.823191, 108.158841 22.822971, 108.158725 22.822444)))"
gis_osm_pois_a_free,<NA>,838524941,school,schools:gis_osm_pois_a_free:838524941:school,OGC:CRS84,450107,OpenStreetMap,real,kept,<NA>,,education,school,108.03568579113913,22.9788597,,derived_from_source_layer_osm_id_fclass,smartbidata_task06_20260810,team_shared,team_shared_source,广西壮族自治区,南宁市,西乡塘区,"MULTIPOLYGON (((108.034443 22.978484, 108.034647 22.977969, 108.035476 22.977735, 108.035714 22.97786, 108.036125 22.977667, 108.036386 22.977456, 108.037143 22.978238, 108.036386 22.979877, 108.035373 22.979343, 108.035195 22.97964, 108.034588 22.979236, 108.034443 22.978484)))"
gis_osm_pois_a_free,<NA>,838574866,college,schools:gis_osm_pois_a_free:838574866:college,OGC:CRS84,450110,OpenStreetMap,real,kept,<NA>,广西市场监督管理职业技术学院,education,college,108.19742977470867,23.1572552,,derived_from_source_layer_osm_id_fclass,smartbidata_task06_20260810,team_shared,team_shared_source,广西壮族自治区,南宁市,武鸣区,"MULTIPOLYGON (((108.194464 23.155986, 108.200236 23.154201, 108.200816 23.156026, 108.199067 23.158485, 108.195992 23.16026, 108.194464 23.155986)))"
gis_osm_pois_a_free,<NA>,838574883,school,schools:gis_osm_pois_a_free:838574883:school,OGC:CRS84,450110,OpenStreetMap,real,kept,<NA>,广西民族大学（武鸣校区）,education,school,108.14157728354361,23.1905303,,derived_from_source_layer_osm_id_fclass,smartbidata_task06_20260810,team_shared,team_shared_source,广西壮族自治区,南宁市,武鸣区,"MULTIPOLYGON (((108.136532 23.192726, 108.142248 23.188335, 108.145426 23.192936, 108.141504 23.196084, 108.140124 23.195805, 108.139022 23.194451, 108.137709 23.194328, 108.136532 23.192726)))"
gis_osm_pois_a_free,<NA>,838574884,college,schools:gis_osm_pois_a_free:838574884:college,OGC:CRS84,450110,OpenStreetMap,real,kept,<NA>,广西幼儿师范高等专科学校（东盟校区）,education,college,108.13666810644054,23.1885816,,derived_from_source_layer_osm_id_fclass,smartbidata_task06_20260810,team_shared,team_shared_source,广西壮族自治区,南宁市,武鸣区,"MULTIPOLYGON (((108.132141 23.189398, 108.136121 23.185894, 108.137106 23.18434, 108.13827 23.185618, 108.139379 23.186881, 108.140636 23.186915, 108.141383 23.187765, 108.134501 23.192803, 108.132141 23.189398)))"
gis_osm_pois_a_free,<NA>,838574899,college,schools:gis_osm_pois_a_free:838574899:college,OGC:CRS84,450110,OpenStreetMap,real,kept,<NA>,广西国际商务职业技术学院（东盟校区）,education,college,108.16304285794712,23.1698409,,derived_from_source_layer_osm_id_fclass,smartbidata_task06_20260810,team_shared,team_shared_source,广西壮族自治区,南宁市,武鸣区,"MULTIPOLYGON (((108.159968 23.167415, 108.162456 23.166328, 108.162479 23.166155, 108.1649 23.165266, 108.165623 23.169, 108.165789 23.170682, 108.161768 23.173632, 108.161107 23.174074, 108.160827 23.172472, 108.159968 23.167415)))"
gis_osm_pois_a_free,<NA>,838574900,school,schools:gis_osm_pois_a_free:838574900:school,OGC:CRS84,450110,OpenStreetMap,real,kept,<NA>,南宁市第三职业技术学校,education,school,108.1778394665865,23.16046715,,derived_from_source_layer_osm_id_fclass,smartbidata_task06_20260810,team_shared,team_shared_source,广西壮族自治区,南宁市,武鸣区,"MULTIPOLYGON (((108.174474 23.161075, 108.180317 23.157784, 108.181158 23.159859, 108.178996 23.161132, 108.177437 23.162192, 108.177267 23.162228, 108.176571 23.162155, 108.174474 23.161075)))"
gis_osm_pois_a_free,<NA>,838574901,college,schools:gis_osm_pois_a_free:838574901:college,OGC:CRS84,450110,OpenStreetMap,real,kept,<NA>,广西制造工程职业技术学院,education,college,108.18166202418152,23.1668881,,derived_from_source_layer_osm_id_fclass,smartbidata_task06_20260810,team_shared,team_shared_source,广西壮族自治区,南宁市,武鸣区,"MULTIPOLYGON (((108.177043 23.170601, 108.177859 23.169974, 108.178853 23.168697, 108.179845 23.167276, 108.180271 23.166409, 108.179991 23.165699, 108.17884 23.164781, 108.178112 23.162866, 108.178487 23.162606, 108.179703 23.162687, 108.18085 23.163267, 108.182665 23.164136, 108.18344 23.1665, 108.183069 23.167448, 108.183112 23.167911, 108.183099 23.168045, 108.182353 23.168582, 108.181554 23.169355, 108.181035 23.169717, 108.180141 23.170114, 108.17755 23.171072, 108.177333 23.171082, 108.177043 23.170601)))"
gis_osm_pois_a_free,<NA>,838574907,university,schools:gis_osm_pois_a_free:838574907:university,OGC:CRS84,450110,OpenStreetMap,real,kept,<NA>,南宁理工学院,education,university,108.19129300509249,23.1594534,,derived_from_source_layer_osm_id_fclass,smartbidata_task06_20260810,team_shared,team_shared_source,广西壮族自治区,南宁市,武鸣区,"MULTIPOLYGON (((108.187323 23.158431, 108.193383 23.156317, 108.193687 23.15645, 108.195173 23.160476, 108.195125 23.160755, 108.194082 23.161409, 108.192646 23.162202, 108.191299 23.162837, 108.189595 23.163398, 108.187323 23.158431)))"
gis_osm_pois_a_free,<NA>,838575021,college,schools:gis_osm_pois_a_free:838575021:college,OGC:CRS84,450110,OpenStreetMap,real,kept,<NA>,广西水利电力职业技术学院,education,college,108.1813130205404,23.20717415,,derived_from_source_layer_osm_id_fclass,smartbidata_task06_20260810,team_shared,team_shared_source,广西壮族自治区,南宁市,武鸣区,"MULTIPOLYGON (((108.176205 23.209439, 108.17664 23.208451, 108.178479 23.20613, 108.179459 23.205278, 108.182526 23.20362, 108.185694 23.208218, 108.18686 23.21251, 108.18511 23.212481, 108.176465 23.20965, 108.176205 23.209439)))"
gis_osm_pois_a_free,<NA>,838600972,school,schools:gis_osm_pois_a_free:838600972:school,OGC:CRS84,450107,OpenStreetMap,real,kept,<NA>,,education,school,108.13742871489362,22.8430119,,derived_from_source_layer_osm_id_fclass,smartbidata_task06_20260810,team_shared,team_shared_source,广西壮族自治区,南宁市,西乡塘区,"MULTIPOLYGON (((108.136432 22.843739, 108.136567 22.842474, 108.138174 22.842396, 108.138499 22.84355, 108.136432 22.843739)))"
gis_osm_pois_a_free,<NA>,838637511,university,schools:gis_osm_pois_a_free:838637511:university,OGC:CRS84,450107,OpenStreetMap,real,kept,<NA>,广西民族大学(思源湖校区),education,university,108.19323344003061,22.8398715,,derived_from_source_layer_osm_id_fclass,smartbidata_task06_20260810,team_shared,team_shared_source,广西壮族自治区,南宁市,西乡塘区,"MULTIPOLYGON (((108.188471 22.837722, 108.188558 22.836958, 108.188571 22.83623, 108.189039 22.836224, 108.189039 22.836076, 108.192833 22.836076, 108.193007 22.83631, 108.193409 22.836304, 108.193656 22.836064, 108.196634 22.836088, 108.196648 22.83861, 108.197992 22.838586, 108.197986 22.841133, 108.189207 22.841873, 108.188932 22.841891, 108.188484 22.841743, 108.188471 22.837722)))"
gis_osm_pois_a_free,<NA>,838658842,school,schools:gis_osm_pois_a_free:838658842:school,OGC:CRS84,450105,OpenStreetMap,real,kept,<NA>,,education,school,108.08796768997615,22.7752171,,derived_from_source_layer_osm_id_fclass,smartbidata_task06_20260810,team_shared,team_shared_source,广西壮族自治区,南宁市,江南区,"MULTIPOLYGON (((108.085687 22.77498, 108.085792 22.774771, 108.085839 22.774217, 108.08602 22.773883, 108.086457 22.773593, 108.08672 22.77334, 108.086807 22.772974, 108.086726 22.772807, 108.08679 22.77271, 108.088283 22.7732, 108.08917 22.77363, 108.089362 22.773754, 108.08931 22.773883, 108.089412 22.77394, 108.089473 22.773975, 108.08945 22.774426, 108.090407 22.775895, 108.090698 22.776664, 108.091165 22.77711, 108.090593 22.77746, 108.089666 22.777772, 108.087607 22.776374, 108.086306 22.775717, 108.086253 22.775454, 108.085687 22.77498)))"
gis_osm_pois_a_free,<NA>,838874142,university,schools:gis_osm_pois_a_free:838874142:university,OGC:CRS84,450103,OpenStreetMap,real,kept,<NA>,广西中医药大学 (仙葫校区),education,university,108.49923922717758,22.80193645,,derived_from_source_layer_osm_id_fclass,smartbidata_task06_20260810,team_shared,team_shared_source,广西壮族自治区,南宁市,青秀区,"MULTIPOLYGON (((108.495227 22.801655, 108.495364 22.80157, 108.495434 22.801538, 108.497172 22.800923, 108.497387 22.800604, 108.49794 22.799783, 108.498178 22.798878, 108.499952 22.79842, 108.500597 22.79728, 108.502898 22.798448, 108.503604 22.798763, 108.502504 22.806863, 108.501637 22.806719, 108.497692 22.805057, 108.495432 22.804494, 108.495384 22.802218, 108.495227 22.801655)))"
gis_osm_pois_a_free,<NA>,838874161,university,schools:gis_osm_pois_a_free:838874161:university,OGC:CRS84,450103,OpenStreetMap,real,kept,<NA>,南宁师范大学 (五合校区),education,university,108.52261779763685,22.8074718,,derived_from_source_layer_osm_id_fclass,smartbidata_task06_20260810,team_shared,team_shared_source,广西壮族自治区,南宁市,青秀区,"MULTIPOLYGON (((108.519082 22.802943, 108.521148 22.802941, 108.523397 22.803157, 108.523957 22.803528, 108.525404 22.804746, 108.525304 22.804851, 108.525599 22.805222, 108.525851 22.805204, 108.526153 22.805564, 108.526014 22.805662, 108.525945 22.805854, 108.526203 22.805976, 108.526077 22.808968, 108.524945 22.808997, 108.524612 22.809449, 108.523485 22.809838, 108.523347 22.810081, 108.522617 22.810081, 108.51917 22.810087, 108.519157 22.809507, 108.519101 22.809252, 108.519082 22.802943)))"
gis_osm_pois_a_free,<NA>,839587429,university,schools:gis_osm_pois_a_free:839587429:university,OGC:CRS84,450107,OpenStreetMap,real,kept,<NA>,广西金融职业技术学院（西校区）,education,university,108.17997920447976,22.83812075,,derived_from_source_layer_osm_id_fclass,smartbidata_task06_20260810,team_shared,team_shared_source,广西壮族自治区,南宁市,西乡塘区,"MULTIPOLYGON (((108.176532 22.841316, 108.176828 22.839989, 108.17693 22.839692, 108.177342 22.839373, 108.177472 22.83889, 108.17774 22.838337, 108.177958 22.837904, 108.178209 22.837505, 108.178018 22.837281, 108.178205 22.837004, 108.178212 22.836856, 108.178137 22.836718, 108.178183 22.836542, 108.178496 22.836501, 108.179683 22.834261, 108.182073 22.835272, 108.18209 22.83771, 108.182195 22.840001, 108.18213 22.841889, 108.179349 22.841664, 108.17805 22.841466, 108.176532 22.841316)))"
gis_osm_pois_a_free,<NA>,839587430,college,schools:gis_osm_pois_a_free:839587430:college,OGC:CRS84,450107,OpenStreetMap,real,kept,<NA>,中共南宁市委党校,education,college,108.18521882477035,22.8377189,,derived_from_source_layer_osm_id_fclass,smartbidata_task06_20260810,team_shared,team_shared_source,广西壮族自治区,南宁市,西乡塘区,"MULTIPOLYGON (((108.182398 22.839049, 108.182423 22.835475, 108.183155 22.835737, 108.184659 22.83601, 108.187674 22.835998, 108.188009 22.836389, 108.188066 22.839941, 108.182724 22.839858, 108.182398 22.839049)))"
gis_osm_pois_a_free,<NA>,839587432,college,schools:gis_osm_pois_a_free:839587432:college,OGC:CRS84,450107,OpenStreetMap,real,kept,<NA>,广西南宁技师学院,education,college,108.1998788847627,22.8334329,,derived_from_source_layer_osm_id_fclass,smartbidata_task06_20260810,team_shared,team_shared_source,广西壮族自治区,南宁市,西乡塘区,"MULTIPOLYGON (((108.198384 22.831399, 108.198439 22.830318, 108.198992 22.830588, 108.19915 22.830576, 108.199474 22.830336, 108.199808 22.830285, 108.200172 22.830227, 108.201015 22.830264, 108.201664 22.83106, 108.201408 22.83138, 108.201357 22.831733, 108.201357 22.835312, 108.198604 22.835344, 108.198415 22.835133, 108.198384 22.831399)))"
gis_osm_pois_a_free,<NA>,839587469,university,schools:gis_osm_pois_a_free:839587469:university,OGC:CRS84,450107,OpenStreetMap,real,kept,<NA>,南宁职业技术大学,education,university,108.18406067262441,22.83233615,,derived_from_source_layer_osm_id_fclass,smartbidata_task06_20260810,team_shared,team_shared_source,广西壮族自治区,南宁市,西乡塘区,"MULTIPOLYGON (((108.181011 22.82903, 108.181652 22.829043, 108.18168 22.829711, 108.183968 22.829724, 108.183937 22.831057, 108.184968 22.831112, 108.184941 22.832118, 108.187014 22.832152, 108.187146 22.832843, 108.188243 22.832904, 108.188602 22.832766, 108.189204 22.832773, 108.189509 22.831853, 108.191614 22.831889, 108.191617 22.832526, 108.192964 22.83252, 108.19293 22.835363, 108.189066 22.835412, 108.189061 22.835251, 108.188541 22.83525, 108.188529 22.835017, 108.187803 22.835031, 108.187826 22.835361, 108.185521 22.835448, 108.184382 22.835311, 108.184132 22.835082, 108.183903 22.834982, 108.183593 22.834976, 108.18329 22.835088, 108.181106 22.834143, 108.181011 22.82903)))"
gis_osm_pois_a_free,<NA>,839587473,university,schools:gis_osm_pois_a_free:839587473:university,OGC:CRS84,450107,OpenStreetMap,real,kept,<NA>,广西财经学院(相思湖校区),education,university,108.17773798495057,22.82990555,,derived_from_source_layer_osm_id_fclass,smartbidata_task06_20260810,team_shared,team_shared_source,广西壮族自治区,南宁市,西乡塘区,"MULTIPOLYGON (((108.173319 22.82836, 108.174372 22.827433, 108.177532 22.82754, 108.179337 22.827514, 108.179861 22.827452, 108.180648 22.82736, 108.180675 22.833884, 108.179096 22.833342, 108.178151 22.832856, 108.177191 22.832157, 108.176316 22.831451, 108.173319 22.82836)))"
gis_osm_pois_a_free,<NA>,839587474,college,schools:gis_osm_pois_a_free:839587474:college,OGC:CRS84,450107,OpenStreetMap,real,kept,<NA>,广西工商职业技术学院,education,college,108.19665027712244,22.8293358,,derived_from_source_layer_osm_id_fclass,smartbidata_task06_20260810,team_shared,team_shared_source,广西壮族自治区,南宁市,西乡塘区,"MULTIPOLYGON (((108.195245 22.827898, 108.19806 22.828157, 108.197985 22.830515, 108.195306 22.830524, 108.195245 22.827898)))"
gis_osm_pois_a_free,<NA>,839587554,college,schools:gis_osm_pois_a_free:839587554:college,OGC:CRS84,450107,OpenStreetMap,real,kept,<NA>,广西建设职业技术学院(相思湖校区),education,college,108.21383234379277,22.8466111,,derived_from_source_layer_osm_id_fclass,smartbidata_task06_20260810,team_shared,team_shared_source,广西壮族自治区,南宁市,西乡塘区,"MULTIPOLYGON (((108.210597 22.844746, 108.210839 22.844523, 108.216694 22.844533, 108.216919 22.844735, 108.216992 22.845947, 108.216957 22.84929, 108.216601 22.849606, 108.211466 22.849614, 108.211292 22.849395, 108.210938 22.848378, 108.210759 22.847464, 108.210709 22.847275, 108.210597 22.844746)))"
gis_osm_pois_a_free,<NA>,839587571,college,schools:gis_osm_pois_a_free:839587571:college,OGC:CRS84,450107,OpenStreetMap,real,kept,<NA>,南宁市卫生学校（相思湖校区）,education,college,108.21273241722587,22.85608435,,derived_from_source_layer_osm_id_fclass,smartbidata_task06_20260810,team_shared,team_shared_source,广西壮族自治区,南宁市,西乡塘区,"MULTIPOLYGON (((108.20976 22.855066, 108.212605 22.853687, 108.214451 22.855572, 108.215594 22.856597, 108.212677 22.859271, 108.212195 22.858699, 108.20976 22.855066)))"
gis_osm_pois_a_free,<NA>,839607484,university,schools:gis_osm_pois_a_free:839607484:university,OGC:CRS84,450107,OpenStreetMap,real,kept,<NA>,广西艺术学院(相思湖校区),education,university,108.21876239695942,22.8595221,,derived_from_source_layer_osm_id_fclass,smartbidata_task06_20260810,team_shared,team_shared_source,广西壮族自治区,南宁市,西乡塘区,"MULTIPOLYGON (((108.213545 22.860008, 108.213569 22.85965, 108.216384 22.857028, 108.216522 22.856976, 108.216698 22.856984, 108.216856 22.857035, 108.217745 22.857483, 108.219073 22.858034, 108.220199 22.858425, 108.22171 22.858817, 108.223683 22.859343, 108.223792 22.85945, 108.223846 22.859594, 108.223826 22.859764, 108.222843 22.862055, 108.222729 22.862158, 108.222643 22.862189, 108.22254 22.86219, 108.222401 22.862151, 108.222391 22.862194, 108.221125 22.861647, 108.219965 22.861283, 108.218781 22.861044, 108.216826 22.860811, 108.215689 22.860708, 108.214317 22.860404, 108.213545 22.860008)))"
gis_osm_pois_a_free,<NA>,839607501,school,schools:gis_osm_pois_a_free:839607501:school,OGC:CRS84,450107,OpenStreetMap,real,kept,<NA>,南宁市相思湖学校,education,school,108.2323472752924,22.8632119,,derived_from_source_layer_osm_id_fclass,smartbidata_task06_20260810,team_shared,team_shared_source,广西壮族自治区,南宁市,西乡塘区,"MULTIPOLYGON (((108.231012 22.862679, 108.231461 22.862321, 108.231904 22.861464, 108.233159 22.861746, 108.233062 22.862157, 108.233593 22.862308, 108.23347 22.862746, 108.232876 22.863678, 108.232361 22.864089, 108.231012 22.862679)))"
gis_osm_pois_a_free,<NA>,839607520,college,schools:gis_osm_pois_a_free:839607520:college,OGC:CRS84,450107,OpenStreetMap,real,kept,<NA>,广西职业师范学院（罗文校区）,education,college,108.21921057479426,22.8535502,,derived_from_source_layer_osm_id_fclass,smartbidata_task06_20260810,team_shared,team_shared_source,广西壮族自治区,南宁市,西乡塘区,"MULTIPOLYGON (((108.216783 22.856167, 108.217094 22.855552, 108.217289 22.854811, 108.217372 22.85399, 108.218585 22.854183, 108.218662 22.854133, 108.218652 22.853097, 108.217548 22.85311, 108.217401 22.85031, 108.220159 22.850294, 108.21965 22.854501, 108.219758 22.854499, 108.219648 22.854675, 108.219595 22.855105, 108.219448 22.855189, 108.218856 22.855456, 108.218387 22.855668, 108.218212 22.855943, 108.217646 22.856648, 108.216783 22.856167)))"
gis_osm_pois_a_free,<NA>,839607533,school,schools:gis_osm_pois_a_free:839607533:school,OGC:CRS84,450107,OpenStreetMap,real,kept,<NA>,南宁市第八中学(相思湖校区),education,school,108.24870390135695,22.8573724,,derived_from_source_layer_osm_id_fclass,smartbidata_task06_20260810,team_shared,team_shared_source,广西壮族自治区,南宁市,西乡塘区,"MULTIPOLYGON (((108.247182 22.858174, 108.247186 22.856255, 108.247867 22.856253, 108.247868 22.856176, 108.248957 22.856178, 108.249325 22.856293, 108.249784 22.856429, 108.250154 22.856636, 108.250229 22.856755, 108.25022 22.857994, 108.249419 22.857989, 108.249286 22.858387, 108.247182 22.858174)))"
gis_osm_pois_a_free,<NA>,839607599,school,schools:gis_osm_pois_a_free:839607599:school,OGC:CRS84,450107,OpenStreetMap,real,kept,<NA>,广西税务局党校,education,school,108.26973351449308,22.84629215,,derived_from_source_layer_osm_id_fclass,smartbidata_task06_20260810,team_shared,team_shared_source,广西壮族自治区,南宁市,西乡塘区,"MULTIPOLYGON (((108.268238 22.845573, 108.26897 22.845709, 108.269474 22.844527, 108.271507 22.844681, 108.270926 22.848039, 108.269443 22.847907, 108.268831 22.847904, 108.268823 22.846876, 108.268238 22.846897, 108.268238 22.845573)))"
gis_osm_pois_a_free,<NA>,839607616,college,schools:gis_osm_pois_a_free:839607616:college,OGC:CRS84,450107,OpenStreetMap,real,kept,<NA>,广西国际商务职业技术学院,education,college,108.2537162283034,22.8451474,,derived_from_source_layer_osm_id_fclass,smartbidata_task06_20260810,team_shared,team_shared_source,广西壮族自治区,南宁市,西乡塘区,"MULTIPOLYGON (((108.25265 22.846822, 108.253247 22.843251, 108.254701 22.84312, 108.254813 22.843473, 108.254154 22.847027, 108.25265 22.846822)))"
gis_osm_pois_a_free,<NA>,839607717,school,schools:gis_osm_pois_a_free:839607717:school,OGC:CRS84,450107,OpenStreetMap,real,kept,<NA>,广西华侨学校,education,school,108.24731238811623,22.83481905,,derived_from_source_layer_osm_id_fclass,smartbidata_task06_20260810,team_shared,team_shared_source,广西壮族自治区,南宁市,西乡塘区,"MULTIPOLYGON (((108.246249 22.832974, 108.246943 22.83282, 108.24767 22.832748, 108.24773 22.833582, 108.248276 22.833584, 108.248336 22.836861, 108.248202 22.837668, 108.247048 22.83755, 108.246982 22.836518, 108.246703 22.836272, 108.246416 22.836276, 108.246378 22.836054, 108.246249 22.832974)))"
gis_osm_pois_a_free,<NA>,839620749,school,schools:gis_osm_pois_a_free:839620749:school,OGC:CRS84,450107,OpenStreetMap,real,kept,<NA>,南宁市新际路小学,education,school,108.24854908024835,22.8727702,,derived_from_source_layer_osm_id_fclass,smartbidata_task06_20260810,team_shared,team_shared_source,广西壮族自治区,南宁市,西乡塘区,"MULTIPOLYGON (((108.247277 22.872916, 108.248478 22.871764, 108.249744 22.872624, 108.249422 22.873252, 108.24939 22.873939, 108.248591 22.873924, 108.248081 22.873895, 108.247277 22.873094, 108.247277 22.872916)))"
gis_osm_pois_a_free,<NA>,839634239,school,schools:gis_osm_pois_a_free:839634239:school,OGC:CRS84,450102,OpenStreetMap,real,kept,<NA>,,education,school,108.40317476778999,22.9177689,,derived_from_source_layer_osm_id_fclass,smartbidata_task06_20260810,team_shared,team_shared_source,广西壮族自治区,南宁市,兴宁区,"MULTIPOLYGON (((108.40231 22.916854, 108.40242 22.916815, 108.402383 22.916558, 108.402516 22.916542, 108.402738 22.916672, 108.402962 22.91693, 108.403294 22.917076, 108.403797 22.917073, 108.403606 22.918462, 108.403485 22.919114, 108.403383 22.91911, 108.40322 22.918827, 108.402905 22.918462, 108.40231 22.916854)))"
gis_osm_pois_a_free,<NA>,839655990,school,schools:gis_osm_pois_a_free:839655990:school,OGC:CRS84,450102,OpenStreetMap,real,kept,<NA>,南宁市第三十九中学,education,school,108.36446287352099,22.85147485,,derived_from_source_layer_osm_id_fclass,smartbidata_task06_20260810,team_shared,team_shared_source,广西壮族自治区,南宁市,兴宁区,"MULTIPOLYGON (((108.363458 22.851578, 108.363599 22.851158, 108.36387 22.850756, 108.364242 22.85085, 108.36435 22.850857, 108.364457 22.850827, 108.364565 22.85082, 108.364673 22.850849, 108.3648 22.85086, 108.364881 22.850864, 108.364959 22.850851, 108.365146 22.850787, 108.365212 22.850782, 108.365283 22.850793, 108.365628 22.850929, 108.365474 22.851372, 108.365373 22.851624, 108.365217 22.851955, 108.36498 22.852368, 108.364313 22.851993, 108.364203 22.851967, 108.364083 22.851955, 108.363774 22.851994, 108.363469 22.851973, 108.363458 22.851578)))"
gis_osm_pois_a_free,<NA>,839698887,school,schools:gis_osm_pois_a_free:839698887:school,OGC:CRS84,450102,OpenStreetMap,real,kept,<NA>,人民东小学,education,school,108.31636813225944,22.82330245,,derived_from_source_layer_osm_id_fclass,smartbidata_task06_20260810,team_shared,team_shared_source,广西壮族自治区,南宁市,兴宁区,"MULTIPOLYGON (((108.315893 22.823407, 108.316389 22.822932, 108.316345 22.82289, 108.316454 22.822775, 108.316852 22.823198, 108.31661 22.823411, 108.316558 22.823416, 108.316275 22.823673, 108.315893 22.823407)))"
gis_osm_pois_a_free,<NA>,839711928,school,schools:gis_osm_pois_a_free:839711928:school,OGC:CRS84,450107,OpenStreetMap,real,kept,<NA>,,education,school,108.31885410862424,22.8583131,,derived_from_source_layer_osm_id_fclass,smartbidata_task06_20260810,team_shared,team_shared_source,广西壮族自治区,南宁市,西乡塘区,"MULTIPOLYGON (((108.317937 22.858792, 108.318097 22.857637, 108.319771 22.857834, 108.319611 22.858989, 108.317937 22.858792)))"
gis_osm_pois_a_free,<NA>,839738513,school,schools:gis_osm_pois_a_free:839738513:school,OGC:CRS84,450109,OpenStreetMap,real,kept,<NA>,南宁市第一职业技术学校（五象校区）,education,school,108.45251458848338,22.75296885,,derived_from_source_layer_osm_id_fclass,smartbidata_task06_20260810,team_shared,team_shared_source,广西壮族自治区,南宁市,邕宁区,"MULTIPOLYGON (((108.449496 22.750901, 108.449531 22.750571, 108.449612 22.750216, 108.449676 22.750205, 108.451445 22.749985, 108.453479 22.749654, 108.453899 22.750156, 108.453949 22.750226, 108.453967 22.750299, 108.45377 22.75183, 108.453738 22.752055, 108.453657 22.752636, 108.453452 22.75413, 108.453446 22.755816, 108.452258 22.755793, 108.451776 22.755659, 108.452034 22.754348, 108.452315 22.753899, 108.452286 22.753766, 108.45135 22.753301, 108.451537 22.752386, 108.45155 22.752309, 108.449662 22.752087, 108.449565 22.751537, 108.449496 22.750901)))"
gis_osm_pois_a_free,<NA>,839738551,school,schools:gis_osm_pois_a_free:839738551:school,OGC:CRS84,450109,OpenStreetMap,real,kept,<NA>,南宁市 特殊教育学校,education,school,108.48490067532393,22.74520065,,derived_from_source_layer_osm_id_fclass,smartbidata_task06_20260810,team_shared,team_shared_source,广西壮族自治区,南宁市,邕宁区,"MULTIPOLYGON (((108.48399 22.743624, 108.484656 22.743568, 108.484804 22.743572, 108.485006 22.743568, 108.485237 22.743548, 108.485567 22.743508, 108.485623 22.743512, 108.485663 22.743531, 108.485688 22.743568, 108.485699 22.74362, 108.485784 22.74603, 108.485758 22.746118, 108.48571 22.746165, 108.485619 22.746191, 108.484088 22.746344, 108.484017 22.744371, 108.48399 22.743624)))"
gis_osm_pois_a_free,<NA>,839738583,university,schools:gis_osm_pois_a_free:839738583:university,OGC:CRS84,450109,OpenStreetMap,real,kept,<NA>,南宁学院,education,university,108.44777583573264,22.7521981,,derived_from_source_layer_osm_id_fclass,smartbidata_task06_20260810,team_shared,team_shared_source,广西壮族自治区,南宁市,邕宁区,"MULTIPOLYGON (((108.44459 22.74832, 108.444682 22.748139, 108.444818 22.748082, 108.446823 22.748011, 108.447293 22.747994, 108.448024 22.747969, 108.449329 22.747923, 108.450272 22.747781, 108.450983 22.74761, 108.451026 22.747921, 108.452803 22.747843, 108.453063 22.747852, 108.453186 22.747906, 108.453348 22.748014, 108.453471 22.748184, 108.453521 22.748473, 108.453638 22.748461, 108.453776 22.749397, 108.453616 22.749628, 108.453479 22.749654, 108.451445 22.749985, 108.449676 22.750205, 108.449612 22.750216, 108.449531 22.750571, 108.449496 22.750901, 108.449565 22.751537, 108.449662 22.752087, 108.45155 22.752309, 108.451537 22.752386, 108.45135 22.753301, 108.452286 22.753766, 108.452315 22.753899, 108.452034 22.754348, 108.451776 22.755659, 108.452258 22.755793, 108.453446 22.755816, 108.453375 22.756381, 108.45336 22.756413, 108.45334 22.756429, 108.453306 22.756439, 108.45263 22.75643, 108.452622 22.756859, 108.449726 22.756809, 108.445573 22.756729, 108.445495 22.756714, 108.44543 22.756686, 108.445386 22.756626, 108.445028 22.753088, 108.44459 22.74832)))"
gis_osm_pois_a_free,<NA>,839921196,school,schools:gis_osm_pois_a_free:839921196:school,OGC:CRS84,450123,OpenStreetMap,real,kept,<NA>,南宁龙翔学校,education,school,107.87712600371572,23.06502525,,derived_from_source_layer_osm_id_fclass,smartbidata_task06_20260810,team_shared,team_shared_source,广西壮族自治区,南宁市,隆安县,"MULTIPOLYGON (((107.875253 23.064475, 107.875622 23.063419, 107.876952 23.063657, 107.879205 23.064115, 107.878733 23.065576, 107.875751 23.06758, 107.875253 23.064475)))"
gis_osm_pois_a_free,<NA>,848670324,school,schools:gis_osm_pois_a_free:848670324:school,OGC:CRS84,450109,OpenStreetMap,real,kept,<NA>,邕宁高级中学,education,school,108.47206318660692,22.78273345,,derived_from_source_layer_osm_id_fclass,smartbidata_task06_20260810,team_shared,team_shared_source,广西壮族自治区,南宁市,邕宁区,"MULTIPOLYGON (((108.47012 22.783249, 108.470136 22.783202, 108.470592 22.782407, 108.471472 22.780961, 108.471519 22.780943, 108.471578 22.780958, 108.471632 22.780982, 108.472438 22.781522, 108.473119 22.78206, 108.473717 22.7827, 108.473726 22.782767, 108.473724 22.782829, 108.473683 22.782915, 108.473307 22.783464, 108.472532 22.784532, 108.472473 22.784566, 108.472406 22.784569, 108.472318 22.78454, 108.471408 22.784009, 108.470157 22.78334, 108.470125 22.783298, 108.47012 22.783249)))"
gis_osm_pois_a_free,<NA>,848674446,school,schools:gis_osm_pois_a_free:848674446:school,OGC:CRS84,450103,OpenStreetMap,real,kept,<NA>,仙葫学校,education,school,108.44669399306147,22.81705205,,derived_from_source_layer_osm_id_fclass,smartbidata_task06_20260810,team_shared,team_shared_source,广西壮族自治区,南宁市,青秀区,"MULTIPOLYGON (((108.445836 22.815964, 108.447057 22.815958, 108.447101 22.81598, 108.447316 22.816623, 108.447514 22.816967, 108.447607 22.817409, 108.447562 22.818017, 108.447348 22.818171, 108.446108 22.817927, 108.445884 22.817727, 108.445857 22.817137, 108.445854 22.816838, 108.445836 22.815964)))"
gis_osm_pois_a_free,<NA>,849397874,college,schools:gis_osm_pois_a_free:849397874:college,OGC:CRS84,450102,OpenStreetMap,real,kept,<NA>,广西交通职业技术学院(昆仑校区),education,college,108.48787140167099,22.9119498,,derived_from_source_layer_osm_id_fclass,smartbidata_task06_20260810,team_shared,team_shared_source,广西壮族自治区,南宁市,兴宁区,"MULTIPOLYGON (((108.482755 22.907686, 108.483044 22.906827, 108.483499 22.906505, 108.48494 22.908078, 108.486978 22.908929, 108.488063 22.907257, 108.488196 22.907091, 108.488719 22.907375, 108.490457 22.905743, 108.491167 22.90551, 108.491798 22.905162, 108.492109 22.905211, 108.492242 22.905611, 108.49233 22.905764, 108.492757 22.905931, 108.493535 22.906133, 108.495645 22.906731, 108.496559 22.907005, 108.497008 22.907323, 108.497016 22.907542, 108.496651 22.90827, 108.496387 22.908313, 108.494626 22.908107, 108.492823 22.908566, 108.491952 22.90921, 108.492299 22.90961, 108.492364 22.910246, 108.492229 22.911201, 108.492414 22.911828, 108.492374 22.912072, 108.492139 22.912293, 108.491283 22.912492, 108.490968 22.912432, 108.490673 22.912183, 108.490532 22.911745, 108.489692 22.911763, 108.489456 22.912215, 108.489001 22.912196, 108.488727 22.913181, 108.488618 22.913436, 108.488508 22.913527, 108.488312 22.91354, 108.487663 22.913472, 108.487051 22.913497, 108.486577 22.913649, 108.486726 22.91406, 108.487092 22.914682, 108.487393 22.914813, 108.488285 22.915018, 108.489194 22.915194, 108.488705 22.916755, 108.488699 22.917022, 108.489189 22.918391, 108.489143 22.918954, 108.48712 22.917943, 108.487183 22.917629, 108.487094 22.917325, 108.486731 22.916148, 108.486458 22.915607, 108.486382 22.915281, 108.486281 22.914584, 108.48633 22.913584, 108.4861 22.911515, 108.485653 22.910922, 108.48337 22.908665, 108.482755 22.907686)))"
gis_osm_pois_a_free,<NA>,865629574,school,schools:gis_osm_pois_a_free:865629574:school,OGC:CRS84,450125,OpenStreetMap,real,kept,<NA>,,education,school,108.69385001258578,23.4337523,,derived_from_source_layer_osm_id_fclass,smartbidata_task06_20260810,team_shared,team_shared_source,广西壮族自治区,南宁市,上林县,"MULTIPOLYGON (((108.691628 23.432989, 108.695458 23.43233, 108.696016 23.434515, 108.692272 23.434948, 108.691628 23.432989)))"
gis_osm_pois_a_free,<NA>,875351877,school,schools:gis_osm_pois_a_free:875351877:school,OGC:CRS84,450108,OpenStreetMap,real,kept,<NA>,南宁市体强路小学,education,school,108.38623012895596,22.77289705,,derived_from_source_layer_osm_id_fclass,smartbidata_task06_20260810,team_shared,team_shared_source,广西壮族自治区,南宁市,良庆区,"MULTIPOLYGON (((108.385272 22.772759, 108.385276 22.77267, 108.38532 22.772589, 108.385637 22.772426, 108.385699 22.772492, 108.386211 22.77233, 108.38616 22.772201, 108.38633 22.772142, 108.386714 22.772081, 108.386879 22.77201, 108.38717 22.773035, 108.386516 22.77326, 108.385715 22.773585, 108.385613 22.773528, 108.38555 22.773421, 108.385272 22.772759)))"
gis_osm_pois_a_free,<NA>,875352373,school,schools:gis_osm_pois_a_free:875352373:school,OGC:CRS84,450108,OpenStreetMap,real,kept,<NA>,南宁市五象小学,education,school,108.35854142346732,22.77273915,,derived_from_source_layer_osm_id_fclass,smartbidata_task06_20260810,team_shared,team_shared_source,广西壮族自治区,南宁市,良庆区,"MULTIPOLYGON (((108.357272 22.772243, 108.357282 22.771645, 108.359016 22.771564, 108.358952 22.773236, 108.357272 22.772243)))"
gis_osm_pois_a_free,<NA>,875354000,school,schools:gis_osm_pois_a_free:875354000:school,OGC:CRS84,450105,OpenStreetMap,real,kept,<NA>,南宁市金凯初级中学,education,school,108.30735286141375,22.7603698,,derived_from_source_layer_osm_id_fclass,smartbidata_task06_20260810,team_shared,team_shared_source,广西壮族自治区,南宁市,江南区,"MULTIPOLYGON (((108.30659 22.761041, 108.30677 22.759731, 108.306764 22.758982, 108.307929 22.759015, 108.308018 22.759078, 108.308077 22.759179, 108.308061 22.760023, 108.307986 22.760716, 108.307826 22.761438, 108.30659 22.761041)))"
gis_osm_pois_a_free,<NA>,875354002,school,schools:gis_osm_pois_a_free:875354002:school,OGC:CRS84,450105,OpenStreetMap,real,kept,<NA>,国凯路小学,education,school,108.30732795641644,22.757844,,derived_from_source_layer_osm_id_fclass,smartbidata_task06_20260810,team_shared,team_shared_source,广西壮族自治区,南宁市,江南区,"MULTIPOLYGON (((108.306766 22.757528, 108.306769 22.756686, 108.306812 22.756591, 108.306807 22.756462, 108.307477 22.756472, 108.307711 22.75705, 108.307852 22.757626, 108.307924 22.758062, 108.307941 22.758197, 108.308024 22.758566, 108.308032 22.758698, 108.308008 22.758796, 108.307899 22.75884, 108.306774 22.758813, 108.306766 22.757528)))"
gis_osm_pois_a_free,<NA>,875355004,school,schools:gis_osm_pois_a_free:875355004:school,OGC:CRS84,450103,OpenStreetMap,real,kept,<NA>,南宁市 南湖小学（海茵校区）,education,school,108.45787228691114,22.8069092,,derived_from_source_layer_osm_id_fclass,smartbidata_task06_20260810,team_shared,team_shared_source,广西壮族自治区,南宁市,青秀区,"MULTIPOLYGON (((108.457409 22.806551, 108.458101 22.806531, 108.458246 22.806712, 108.458413 22.807107, 108.458483 22.807563, 108.457428 22.807576, 108.457409 22.806551)))"
gis_osm_pois_a_free,<NA>,875709436,school,schools:gis_osm_pois_a_free:875709436:school,OGC:CRS84,450108,OpenStreetMap,real,kept,<NA>,南宁市银岭小学,education,school,108.328309085646,22.7450273,,derived_from_source_layer_osm_id_fclass,smartbidata_task06_20260810,team_shared,team_shared_source,广西壮族自治区,南宁市,良庆区,"MULTIPOLYGON (((108.327304 22.745148, 108.327526 22.744379, 108.329326 22.744372, 108.329304 22.744906, 108.329239 22.745226, 108.329136 22.745675, 108.327349 22.745257, 108.327304 22.745148)))"
gis_osm_pois_a_free,<NA>,880089946,kindergarten,schools:gis_osm_pois_a_free:880089946:kindergarten,OGC:CRS84,450107,OpenStreetMap,real,kept,<NA>,,education,kindergarten,108.29322436168479,22.84859335,,derived_from_source_layer_osm_id_fclass,smartbidata_task06_20260810,team_shared,team_shared_source,广西壮族自治区,南宁市,西乡塘区,"MULTIPOLYGON (((108.292844 22.848972, 108.292861 22.848438, 108.292978 22.848441, 108.29324 22.848448, 108.293243 22.848338, 108.29347 22.848344, 108.293467 22.848442, 108.293597 22.848446, 108.293595 22.848509, 108.29359 22.848678, 108.29358 22.848991, 108.292844 22.848972)))"
gis_osm_pois_a_free,<NA>,894590038,college,schools:gis_osm_pois_a_free:894590038:college,OGC:CRS84,450103,OpenStreetMap,real,kept,<NA>,国家法官学院广西分院,education,college,108.50535040002086,22.8002179,,derived_from_source_layer_osm_id_fclass,smartbidata_task06_20260810,team_shared,team_shared_source,广西壮族自治区,南宁市,青秀区,"MULTIPOLYGON (((108.503635 22.800559, 108.503882 22.798982, 108.503924 22.798868, 108.504692 22.799031, 108.505351 22.79913, 108.507036 22.799323, 108.507009 22.799877, 108.50703 22.80184, 108.506328 22.80182, 108.506317 22.801711, 108.504638 22.801726, 108.504091 22.801677, 108.503903 22.801637, 108.503844 22.801528, 108.503635 22.800559)))"
gis_osm_pois_a_free,<NA>,894590039,university,schools:gis_osm_pois_a_free:894590039:university,OGC:CRS84,450103,OpenStreetMap,real,kept,<NA>,广西警察学院 (五合校区),education,university,108.49161462316013,22.7978398,,derived_from_source_layer_osm_id_fclass,smartbidata_task06_20260810,team_shared,team_shared_source,广西壮族自治区,南宁市,青秀区,"MULTIPOLYGON (((108.489203 22.796216, 108.489554 22.79505, 108.49002 22.794968, 108.490882 22.794278, 108.491638 22.795087, 108.491879 22.79545, 108.492174 22.796138, 108.493498 22.795886, 108.494607 22.795539, 108.495156 22.795192, 108.495355 22.794943, 108.495649 22.794407, 108.496435 22.79488, 108.496038 22.795607, 108.495046 22.796987, 108.494016 22.79764, 108.493034 22.79804, 108.492804 22.798322, 108.492755 22.798658, 108.4933 22.801155, 108.493194 22.801387, 108.492988 22.801515, 108.491978 22.801498, 108.491731 22.801354, 108.491546 22.801125, 108.490434 22.799141, 108.490159 22.798826, 108.489907 22.798495, 108.489203 22.796216)))"
gis_osm_pois_a_free,<NA>,907459549,school,schools:gis_osm_pois_a_free:907459549:school,OGC:CRS84,450109,OpenStreetMap,real,kept,<NA>,南宁市第四十三中学,education,school,108.50359599823096,22.74434165,,derived_from_source_layer_osm_id_fclass,smartbidata_task06_20260810,team_shared,team_shared_source,广西壮族自治区,南宁市,邕宁区,"MULTIPOLYGON (((108.501386 22.745165, 108.501653 22.744983, 108.501841 22.744921, 108.50212 22.745099, 108.502322 22.74527, 108.502455 22.745293, 108.502601 22.745171, 108.502704 22.74502, 108.502807 22.745036, 108.503159 22.744237, 108.503009 22.744118, 108.50312 22.743948, 108.503129 22.743813, 108.503064 22.74371, 108.502974 22.743631, 108.502906 22.743615, 108.502906 22.743465, 108.502841 22.74339, 108.502867 22.74314, 108.502876 22.742974, 108.502944 22.742899, 108.503056 22.742899, 108.503232 22.742982, 108.503605 22.743077, 108.504056 22.743433, 108.504026 22.743488, 108.504094 22.743638, 108.50409 22.743775, 108.504139 22.743859, 108.504157 22.743915, 108.504002 22.743996, 108.504103 22.744447, 108.504027 22.744685, 108.503987 22.744791, 108.503848 22.7452, 108.503648 22.74558, 108.503487 22.745835, 108.50267 22.745639, 108.502628 22.745653, 108.502485 22.7456, 108.502403 22.745595, 108.501996 22.745608, 108.501515 22.745442, 108.501421 22.74526, 108.501386 22.745165)))"
gis_osm_pois_a_free,<NA>,909263886,school,schools:gis_osm_pois_a_free:909263886:school,OGC:CRS84,450109,OpenStreetMap,real,kept,<NA>,邕宁区第三初级中学,education,school,108.49427150485383,22.75188845,,derived_from_source_layer_osm_id_fclass,smartbidata_task06_20260810,team_shared,team_shared_source,广西壮族自治区,南宁市,邕宁区,"MULTIPOLYGON (((108.493623 22.751575, 108.493671 22.751329, 108.49402 22.751353, 108.494064 22.751337, 108.4943 22.751273, 108.49435 22.751249, 108.494394 22.75121, 108.494428 22.751124, 108.494448 22.750936, 108.494448 22.750813, 108.494474 22.750785, 108.494587 22.75076, 108.49459 22.750568, 108.494595 22.750551, 108.494609 22.750542, 108.494634 22.75054, 108.49479 22.750562, 108.494802 22.750571, 108.494806 22.750585, 108.494807 22.750742, 108.494813 22.750771, 108.49483 22.750804, 108.495046 22.751116, 108.495128 22.751279, 108.495135 22.751344, 108.495111 22.751602, 108.495068 22.751826, 108.495049 22.751845, 108.495027 22.75185, 108.4948 22.751839, 108.494779 22.75217, 108.494764 22.752261, 108.49473 22.752416, 108.494739 22.752529, 108.494736 22.752604, 108.494714 22.752673, 108.494674 22.752755, 108.494587 22.752883, 108.494428 22.753028, 108.494239 22.75319, 108.494187 22.753205, 108.494125 22.75318, 108.493864 22.752909, 108.493846 22.752865, 108.493846 22.752811, 108.493866 22.752758, 108.49406 22.752547, 108.494075 22.752232, 108.494058 22.752169, 108.494022 22.75212, 108.493963 22.752082, 108.493869 22.75206, 108.493654 22.752042, 108.493666 22.751927, 108.493741 22.751928, 108.493781 22.751602, 108.493623 22.751575)))"
gis_osm_pois_a_free,<NA>,910905063,school,schools:gis_osm_pois_a_free:910905063:school,OGC:CRS84,450109,OpenStreetMap,real,kept,<NA>,邕宁区第二小学 (蒲津校区),education,school,108.4817690700738,22.7594754,,derived_from_source_layer_osm_id_fclass,smartbidata_task06_20260810,team_shared,team_shared_source,广西壮族自治区,南宁市,邕宁区,"MULTIPOLYGON (((108.481284 22.759055, 108.481925 22.758962, 108.482038 22.75944, 108.482155 22.759443, 108.482179 22.759508, 108.481904 22.759828, 108.48195 22.759921, 108.481906 22.759965, 108.481806 22.759961, 108.481744 22.759774, 108.481668 22.759769, 108.481471 22.759715, 108.481463 22.759673, 108.481408 22.759651, 108.481284 22.759055)))"
gis_osm_pois_a_free,<NA>,910905065,school,schools:gis_osm_pois_a_free:910905065:school,OGC:CRS84,450109,OpenStreetMap,real,kept,<NA>,邕宁区第一小学,education,school,108.48852247064035,22.7547337,,derived_from_source_layer_osm_id_fclass,smartbidata_task06_20260810,team_shared,team_shared_source,广西壮族自治区,南宁市,邕宁区,"MULTIPOLYGON (((108.487959 22.754492, 108.487972 22.754427, 108.487994 22.754388, 108.488044 22.754361, 108.48812 22.754341, 108.488721 22.754338, 108.488867 22.754422, 108.48896 22.754417, 108.48901 22.754352, 108.489168 22.754433, 108.488734 22.755113, 108.488331 22.754927, 108.488248 22.754875, 108.488097 22.754761, 108.488041 22.754707, 108.487988 22.754634, 108.48796 22.754555, 108.487959 22.754492)))"
gis_osm_pois_a_free,<NA>,911702137,college,schools:gis_osm_pois_a_free:911702137:college,OGC:CRS84,450103,OpenStreetMap,real,kept,<NA>,中共广西区委党校,education,college,108.33675551215723,22.77479125,,derived_from_source_layer_osm_id_fclass,smartbidata_task06_20260810,team_shared,team_shared_source,广西壮族自治区,南宁市,青秀区,"MULTIPOLYGON (((108.333037 22.775158, 108.333044 22.775092, 108.333063 22.775022, 108.333091 22.774971, 108.333138 22.774927, 108.333777 22.774496, 108.333954 22.774266, 108.33407 22.773976, 108.334114 22.774033, 108.334995 22.774646, 108.33507 22.774656, 108.336032 22.77442, 108.336809 22.774223, 108.336879 22.774187, 108.336984 22.774124, 108.337169 22.773975, 108.337324 22.773792, 108.337375 22.773684, 108.337399 22.773584, 108.337637 22.772786, 108.337781 22.771898, 108.337788 22.77179, 108.337869 22.771754, 108.337932 22.771747, 108.338117 22.771786, 108.338907 22.771983, 108.339066 22.772041, 108.340177 22.772471, 108.341191 22.772864, 108.341221 22.77291, 108.34123 22.772954, 108.341232 22.773003, 108.34079 22.773874, 108.34035 22.774566, 108.339622 22.775486, 108.339469 22.775638, 108.338674 22.776637, 108.338198 22.777626, 108.338137 22.777642, 108.336995 22.777578, 108.336899 22.777573, 108.335715 22.777713, 108.334847 22.777856, 108.334774 22.777859, 108.334741 22.777824, 108.334625 22.777479, 108.33442 22.776934, 108.334133 22.776424, 108.333694 22.775824, 108.333072 22.775236, 108.333045 22.775192, 108.333037 22.775158)))"
gis_osm_pois_a_free,<NA>,914959874,school,schools:gis_osm_pois_a_free:914959874:school,OGC:CRS84,450103,OpenStreetMap,real,kept,<NA>,南宁市天桃实验学校-天桃校区,education,school,108.33082429242418,22.8078957,,derived_from_source_layer_osm_id_fclass,smartbidata_task06_20260810,team_shared,team_shared_source,广西壮族自治区,南宁市,青秀区,"MULTIPOLYGON (((108.329726 22.80777, 108.329881 22.807513, 108.330505 22.807842, 108.33054 22.807787, 108.330592 22.807697, 108.330635 22.807626, 108.330428 22.807511, 108.330543 22.807332, 108.330598 22.807244, 108.330664 22.807142, 108.330837 22.807238, 108.331149 22.807462, 108.331338 22.807613, 108.331568 22.807809, 108.331772 22.807949, 108.331938 22.808089, 108.332169 22.808156, 108.33219 22.808101, 108.332485 22.808206, 108.332342 22.808512, 108.3323 22.808604, 108.332247 22.808651, 108.332169 22.808697, 108.332075 22.808719, 108.331974 22.808722, 108.331871 22.808703, 108.330874 22.808271, 108.330858 22.808301, 108.330821 22.808286, 108.330224 22.808044, 108.329726 22.80777)))"
gis_osm_pois_a_free,<NA>,914959875,school,schools:gis_osm_pois_a_free:914959875:school,OGC:CRS84,450103,OpenStreetMap,real,kept,<NA>,南宁市第二十六中学,education,school,108.34047585325735,22.8147778,,derived_from_source_layer_osm_id_fclass,smartbidata_task06_20260810,team_shared,team_shared_source,广西壮族自治区,南宁市,青秀区,"MULTIPOLYGON (((108.340094 22.81542, 108.340095 22.814913, 108.340096 22.814722, 108.340562 22.814724, 108.340856 22.814723, 108.340856 22.814831, 108.340855 22.814975, 108.340972 22.814974, 108.341021 22.814973, 108.341021 22.815049, 108.341391 22.81505, 108.341393 22.814197, 108.341428 22.814197, 108.341468 22.814197, 108.341466 22.814998, 108.341627 22.815, 108.341628 22.815064, 108.341678 22.815065, 108.342076 22.815066, 108.342083 22.815066, 108.342083 22.815154, 108.342082 22.815425, 108.340822 22.815422, 108.340094 22.81542)))"
gis_osm_pois_a_free,<NA>,914959876,school,schools:gis_osm_pois_a_free:914959876:school,OGC:CRS84,450103,OpenStreetMap,real,kept,<NA>,星湖路小学,education,school,108.34266352144823,22.8147883,,derived_from_source_layer_osm_id_fclass,smartbidata_task06_20260810,team_shared,team_shared_source,广西壮族自治区,南宁市,青秀区,"MULTIPOLYGON (((108.342148 22.814574, 108.34246 22.814572, 108.342457 22.814211, 108.343174 22.814206, 108.343179 22.815003, 108.342151 22.815009, 108.342148 22.814574)))"
gis_osm_pois_a_free,<NA>,915070928,school,schools:gis_osm_pois_a_free:915070928:school,OGC:CRS84,450103,OpenStreetMap,real,kept,<NA>,南宁市第二中学（新民校区）,education,school,108.32316873043538,22.8145118,,derived_from_source_layer_osm_id_fclass,smartbidata_task06_20260810,team_shared,team_shared_source,广西壮族自治区,南宁市,青秀区,"MULTIPOLYGON (((108.321838 22.813479, 108.322777 22.813725, 108.324173 22.813752, 108.32422 22.813761, 108.324542 22.813826, 108.324718 22.813862, 108.32467 22.814313, 108.324652 22.814373, 108.324612 22.814428, 108.324559 22.814456, 108.32448 22.814467, 108.324343 22.814467, 108.324195 22.814557, 108.324119 22.814703, 108.324074 22.815451, 108.324046 22.815505, 108.324001 22.815552, 108.323957 22.815577, 108.323885 22.815593, 108.322391 22.815581, 108.322369 22.815448, 108.322019 22.814357, 108.321838 22.813479)))"
gis_osm_pois_a_free,<NA>,915092147,college,schools:gis_osm_pois_a_free:915092147:college,OGC:CRS84,450103,OpenStreetMap,real,kept,<NA>,广西幼儿师范高等专科学校,education,college,108.34249888812315,22.8169549,,derived_from_source_layer_osm_id_fclass,smartbidata_task06_20260810,team_shared,team_shared_source,广西壮族自治区,南宁市,青秀区,"MULTIPOLYGON (((108.341735 22.816064, 108.341739 22.816014, 108.342916 22.816013, 108.343258 22.81629, 108.343255 22.817271, 108.342568 22.817274, 108.342568 22.817347, 108.342573 22.818184, 108.341743 22.818185, 108.341743 22.817469, 108.341743 22.817347, 108.341741 22.816638, 108.341735 22.816064)))"
gis_osm_pois_a_free,<NA>,915092148,kindergarten,schools:gis_osm_pois_a_free:915092148:kindergarten,OGC:CRS84,450103,OpenStreetMap,real,kept,<NA>,广西教育厅幼儿园,education,kindergarten,108.34291424562728,22.81776565,,derived_from_source_layer_osm_id_fclass,smartbidata_task06_20260810,team_shared,team_shared_source,广西壮族自治区,南宁市,青秀区,"MULTIPOLYGON (((108.342568 22.817274, 108.343255 22.817271, 108.343262 22.81845, 108.342574 22.818453, 108.342573 22.818184, 108.342568 22.817347, 108.342568 22.817274)))"
gis_osm_pois_a_free,<NA>,915110709,school,schools:gis_osm_pois_a_free:915110709:school,OGC:CRS84,450103,OpenStreetMap,real,kept,<NA>,南宁市第六职业技术学校-桃源校区,education,school,108.32724072895255,22.8025522,,derived_from_source_layer_osm_id_fclass,smartbidata_task06_20260810,team_shared,team_shared_source,广西壮族自治区,南宁市,青秀区,"MULTIPOLYGON (((108.32578 22.801692, 108.326658 22.801333, 108.326799 22.801453, 108.327263 22.801877, 108.327299 22.801938, 108.32818 22.802855, 108.328031 22.802969, 108.328113 22.803059, 108.328164 22.803115, 108.328614 22.803604, 108.328732 22.803715, 108.328649 22.80377, 108.328097 22.803158, 108.327581 22.803521, 108.32715 22.803082, 108.327013 22.802944, 108.326634 22.802582, 108.32655 22.802523, 108.326458 22.802617, 108.326309 22.802523, 108.326192 22.802448, 108.325952 22.802246, 108.325931 22.801982, 108.32578 22.801692)))"
gis_osm_pois_a_free,<NA>,915110712,school,schools:gis_osm_pois_a_free:915110712:school,OGC:CRS84,450103,OpenStreetMap,real,kept,<NA>,南宁市沛鸿民族中学,education,school,108.33312841223737,22.8004783,,derived_from_source_layer_osm_id_fclass,smartbidata_task06_20260810,team_shared,team_shared_source,广西壮族自治区,南宁市,青秀区,"MULTIPOLYGON (((108.332277 22.800967, 108.332313 22.800861, 108.332386 22.800643, 108.33243 22.800108, 108.332446 22.799917, 108.33273 22.799812, 108.332885 22.799758, 108.333494 22.799544, 108.333604 22.799821, 108.333552 22.799838, 108.33374 22.800313, 108.333788 22.800296, 108.333956 22.800736, 108.333906 22.800752, 108.333945 22.800839, 108.333536 22.800986, 108.333464 22.801012, 108.333412 22.801032, 108.33245 22.801385, 108.332277 22.800967)))"
gis_osm_pois_a_free,<NA>,915126709,school,schools:gis_osm_pois_a_free:915126709:school,OGC:CRS84,450105,OpenStreetMap,real,kept,<NA>,南宁市白沙路学校,education,school,108.32705274908909,22.7852523,,derived_from_source_layer_osm_id_fclass,smartbidata_task06_20260810,team_shared,team_shared_source,广西壮族自治区,南宁市,江南区,"MULTIPOLYGON (((108.326276 22.785998, 108.327102 22.784291, 108.327356 22.784456, 108.327761 22.78469, 108.327177 22.785814, 108.328218 22.78631, 108.328167 22.786406, 108.327881 22.786944, 108.326786 22.786491, 108.326742 22.786163, 108.326276 22.785998)))"
gis_osm_pois_a_free,<NA>,915321917,school,schools:gis_osm_pois_a_free:915321917:school,OGC:CRS84,450103,OpenStreetMap,real,kept,<NA>,南湖小学,education,school,108.32987045683234,22.8026424,,derived_from_source_layer_osm_id_fclass,smartbidata_task06_20260810,team_shared,team_shared_source,广西壮族自治区,南宁市,青秀区,"MULTIPOLYGON (((108.329483 22.802454, 108.329506 22.802409, 108.329872 22.802301, 108.330072 22.802355, 108.330276 22.802773, 108.32976 22.803049, 108.329686 22.802951, 108.329579 22.802773, 108.329546 22.802709, 108.329511 22.802576, 108.329483 22.802454)))"
gis_osm_pois_a_free,<NA>,915333919,kindergarten,schools:gis_osm_pois_a_free:915333919:kindergarten,OGC:CRS84,450103,OpenStreetMap,real,kept,<NA>,广西壮族自治区直属机关第三幼儿园,education,kindergarten,108.34253239615961,22.8135493,,derived_from_source_layer_osm_id_fclass,smartbidata_task06_20260810,team_shared,team_shared_source,广西壮族自治区,南宁市,青秀区,"MULTIPOLYGON (((108.341819 22.814084, 108.341821 22.813026, 108.343239 22.813009, 108.343249 22.814072, 108.341819 22.814084)))"
gis_osm_pois_a_free,<NA>,915703005,college,schools:gis_osm_pois_a_free:915703005:college,OGC:CRS84,450103,OpenStreetMap,real,kept,<NA>,广西卫生职业技术学院-桃源校区,education,college,108.3252241777567,22.80704985,,derived_from_source_layer_osm_id_fclass,smartbidata_task06_20260810,team_shared,team_shared_source,广西壮族自治区,南宁市,青秀区,"MULTIPOLYGON (((108.324143 22.806573, 108.324792 22.806394, 108.324936 22.806341, 108.325242 22.806187, 108.325287 22.806268, 108.325356 22.806239, 108.325472 22.806442, 108.325531 22.806412, 108.325673 22.80664, 108.325738 22.806612, 108.325825 22.806743, 108.326074 22.806882, 108.3262 22.80698, 108.326298 22.80712, 108.326358 22.807275, 108.326175 22.807344, 108.326221 22.807465, 108.326258 22.807556, 108.326228 22.807567, 108.325678 22.807768, 108.32564 22.807697, 108.325254 22.807838, 108.325155 22.807705, 108.325 22.807699, 108.325 22.807629, 108.324558 22.807622, 108.324557 22.807578, 108.324301 22.807578, 108.324286 22.807528, 108.324194 22.80733, 108.324212 22.807163, 108.324153 22.806636, 108.324143 22.806573)))"
gis_osm_pois_a_free,<NA>,915709100,school,schools:gis_osm_pois_a_free:915709100:school,OGC:CRS84,450103,OpenStreetMap,real,kept,<NA>,桃源路小学,education,school,108.32226849636035,22.8056435,,derived_from_source_layer_osm_id_fclass,smartbidata_task06_20260810,team_shared,team_shared_source,广西壮族自治区,南宁市,青秀区,"MULTIPOLYGON (((108.321724 22.805604, 108.321727 22.805529, 108.321736 22.805349, 108.321779 22.805352, 108.32249 22.805391, 108.322506 22.805392, 108.322503 22.805529, 108.322786 22.805533, 108.322795 22.805681, 108.322823 22.805816, 108.322669 22.805812, 108.322664 22.805865, 108.322217 22.805847, 108.322064 22.805835, 108.322008 22.805829, 108.321731 22.805805, 108.321748 22.805606, 108.321724 22.805604)))"
gis_osm_pois_a_free,<NA>,916157067,school,schools:gis_osm_pois_a_free:916157067:school,OGC:CRS84,450103,OpenStreetMap,real,kept,<NA>,广西水产畜牧学校,education,school,108.35711949419112,22.80404545,,derived_from_source_layer_osm_id_fclass,smartbidata_task06_20260810,team_shared,team_shared_source,广西壮族自治区,南宁市,青秀区,"MULTIPOLYGON (((108.355278 22.802834, 108.355292 22.80225, 108.355386 22.801943, 108.355781 22.802208, 108.355561 22.802492, 108.356553 22.803198, 108.356746 22.802823, 108.356852 22.802872, 108.356978 22.802641, 108.357005 22.802647, 108.357033 22.802601, 108.357336 22.802017, 108.358023 22.802314, 108.358133 22.802381, 108.358269 22.802498, 108.358315 22.802559, 108.358545 22.80277, 108.358714 22.802929, 108.35892 22.803082, 108.358831 22.803184, 108.358878 22.803224, 108.358526 22.803743, 108.358089 22.804373, 108.35803 22.804348, 108.357938 22.804513, 108.357806 22.804626, 108.357741 22.804771, 108.357914 22.804945, 108.356643 22.806044, 108.356534 22.806121, 108.356115 22.806038, 108.356124 22.805981, 108.355681 22.805876, 108.355688 22.805843, 108.355397 22.805778, 108.355497 22.805603, 108.355616 22.805128, 108.355712 22.804756, 108.355751 22.804414, 108.355885 22.804426, 108.355958 22.803695, 108.355792 22.803639, 108.355828 22.80333, 108.35562 22.803322, 108.355579 22.803263, 108.35552 22.803224, 108.35542 22.80318, 108.355343 22.80314, 108.35544 22.802988, 108.355278 22.802834)))"
gis_osm_pois_a_free,<NA>,922786881,school,schools:gis_osm_pois_a_free:922786881:school,OGC:CRS84,450103,OpenStreetMap,real,kept,<NA>,广西医科大学附属小学,education,school,108.34184691433707,22.7986463,,derived_from_source_layer_osm_id_fclass,smartbidata_task06_20260810,team_shared,team_shared_source,广西壮族自治区,南宁市,青秀区,"MULTIPOLYGON (((108.34151 22.799289, 108.341638 22.79849, 108.341728 22.798118, 108.34196 22.79816, 108.341952 22.798209, 108.342179 22.798253, 108.342042 22.798803, 108.341977 22.798933, 108.341926 22.79902, 108.341947 22.799293, 108.34151 22.799289)))"
gis_osm_pois_a_free,<NA>,922789136,school,schools:gis_osm_pois_a_free:922789136:school,OGC:CRS84,450108,OpenStreetMap,real,kept,<NA>,五象新区第四实验小学,education,school,108.37292326227221,22.73782165,,derived_from_source_layer_osm_id_fclass,smartbidata_task06_20260810,team_shared,team_shared_source,广西壮族自治区,南宁市,良庆区,"MULTIPOLYGON (((108.371814 22.738326, 108.371863 22.737108, 108.373908 22.737209, 108.373982 22.737222, 108.374029 22.737265, 108.374043 22.737337, 108.373982 22.738306, 108.373951 22.738357, 108.373914 22.738388, 108.373859 22.738403, 108.371814 22.738326)))"
gis_osm_pois_a_free,<NA>,922791775,school,schools:gis_osm_pois_a_free:922791775:school,OGC:CRS84,450103,OpenStreetMap,real,kept,<NA>,南宁市第十四中学,education,school,108.37255712619272,22.8179475,,derived_from_source_layer_osm_id_fclass,smartbidata_task06_20260810,team_shared,team_shared_source,广西壮族自治区,南宁市,青秀区,"MULTIPOLYGON (((108.37199 22.818926, 108.371995 22.817174, 108.372124 22.817166, 108.372244 22.817249, 108.372424 22.817376, 108.372634 22.817502, 108.372862 22.817665, 108.373059 22.817843, 108.373184 22.818052, 108.373239 22.818234, 108.373261 22.818404, 108.373248 22.818531, 108.373205 22.818681, 108.373145 22.8188, 108.37302 22.818938, 108.37199 22.818926)))"
gis_osm_pois_a_free,<NA>,925218245,kindergarten,schools:gis_osm_pois_a_free:925218245:kindergarten,OGC:CRS84,450103,OpenStreetMap,real,kept,<NA>,广西壮族自治区直属机关第一幼儿园,education,kindergarten,108.32248631860885,22.80401325,,derived_from_source_layer_osm_id_fclass,smartbidata_task06_20260810,team_shared,team_shared_source,广西壮族自治区,南宁市,青秀区,"MULTIPOLYGON (((108.321689 22.804587, 108.321805 22.803285, 108.321876 22.803289, 108.322095 22.803299, 108.322578 22.803384, 108.322759 22.803406, 108.323362 22.80364, 108.323275 22.803897, 108.323191 22.80413, 108.323088 22.804388, 108.322995 22.804635, 108.322531 22.804625, 108.321718 22.804593, 108.321689 22.804587)))"
gis_osm_pois_a_free,<NA>,931422715,school,schools:gis_osm_pois_a_free:931422715:school,OGC:CRS84,450126,OpenStreetMap,real,kept,<NA>,宾阳县芦圩完全小学,education,school,108.80801075202268,23.2165178,,derived_from_source_layer_osm_id_fclass,smartbidata_task06_20260810,team_shared,team_shared_source,广西壮族自治区,南宁市,宾阳县,"MULTIPOLYGON (((108.807294 23.216266, 108.807913 23.216073, 108.80784 23.215643, 108.808288 23.215604, 108.808353 23.215872, 108.808882 23.21575, 108.809118 23.215727, 108.809017 23.216075, 108.808653 23.21609, 108.808639 23.21677, 108.80877 23.216806, 108.808494 23.217615, 108.808245 23.217561, 108.808152 23.21757, 108.807762 23.217677, 108.807294 23.216266)))"
gis_osm_pois_a_free,<NA>,931422716,school,schools:gis_osm_pois_a_free:931422716:school,OGC:CRS84,450126,OpenStreetMap,real,kept,<NA>,宾州镇中心学校,education,school,108.80445653230646,23.2105055,,derived_from_source_layer_osm_id_fclass,smartbidata_task06_20260810,team_shared,team_shared_source,广西壮族自治区,南宁市,宾阳县,"MULTIPOLYGON (((108.803481 23.210816, 108.804561 23.209943, 108.805055 23.210438, 108.805042 23.210573, 108.804693 23.210849, 108.804539 23.21068, 108.804121 23.211112, 108.803944 23.21097, 108.803783 23.21092, 108.803579 23.210903, 108.803481 23.210816)))"
gis_osm_pois_a_free,<NA>,938052095,kindergarten,schools:gis_osm_pois_a_free:938052095:kindergarten,OGC:CRS84,450103,OpenStreetMap,real,kept,<NA>,广西壮族自治区卫生厅幼儿园,education,kindergarten,108.34030640101244,22.8020463,,derived_from_source_layer_osm_id_fclass,smartbidata_task06_20260810,team_shared,team_shared_source,广西壮族自治区,南宁市,青秀区,"MULTIPOLYGON (((108.339833 22.801961, 108.33996 22.801737, 108.340795 22.802132, 108.340683 22.8024, 108.339833 22.801961)))"
gis_osm_pois_a_free,<NA>,938052096,university,schools:gis_osm_pois_a_free:938052096:university,OGC:CRS84,450103,OpenStreetMap,real,kept,<NA>,广西医科大学护理学院,education,university,108.3391390177089,22.8001013,,derived_from_source_layer_osm_id_fclass,smartbidata_task06_20260810,team_shared,team_shared_source,广西壮族自治区,南宁市,青秀区,"MULTIPOLYGON (((108.33719 22.800084, 108.337319 22.799964, 108.338304 22.799133, 108.339119 22.799344, 108.339093 22.799438, 108.340528 22.799791, 108.34063 22.799495, 108.34117 22.799624, 108.341158 22.799853, 108.341057 22.800119, 108.34063 22.800626, 108.340519 22.800692, 108.340369 22.800721, 108.34005 22.800573, 108.339492 22.80043, 108.339188 22.80033, 108.339115 22.800358, 108.339028 22.800346, 108.338535 22.801048, 108.337821 22.800526, 108.33719 22.800084)))"
gis_osm_pois_a_free,<NA>,952209402,university,schools:gis_osm_pois_a_free:952209402:university,OGC:CRS84,450110,OpenStreetMap,real,kept,<NA>,广西安全工程职业技术学院,education,university,108.26129254871691,23.1763598,,derived_from_source_layer_osm_id_fclass,smartbidata_task06_20260810,team_shared,team_shared_source,广西壮族自治区,南宁市,武鸣区,"MULTIPOLYGON (((108.258548 23.179195, 108.258591 23.17236, 108.259116 23.172163, 108.26402 23.173574, 108.26402 23.179146, 108.258548 23.179195)))"
gis_osm_pois_a_free,<NA>,952209403,university,schools:gis_osm_pois_a_free:952209403:university,OGC:CRS84,450110,OpenStreetMap,real,kept,<NA>,广西工商职业技术学院(武鸣校区),education,university,108.27305155554484,23.1773811,,derived_from_source_layer_osm_id_fclass,smartbidata_task06_20260810,team_shared,team_shared_source,广西壮族自治区,南宁市,武鸣区,"MULTIPOLYGON (((108.270586 23.175211, 108.273638 23.175241, 108.274598 23.17525, 108.2755 23.175646, 108.275476 23.179182, 108.270639 23.179116, 108.270586 23.175211)))"
gis_osm_pois_a_free,<NA>,952209404,university,schools:gis_osm_pois_a_free:952209404:university,OGC:CRS84,450110,OpenStreetMap,real,kept,<NA>,南宁师范大学(武鸣校区),education,university,108.28262591876016,23.18276625,,derived_from_source_layer_osm_id_fclass,smartbidata_task06_20260810,team_shared,team_shared_source,广西壮族自治区,南宁市,武鸣区,"MULTIPOLYGON (((108.275483 23.18407, 108.275544 23.183001, 108.275537 23.182531, 108.275515 23.181136, 108.2755 23.180148, 108.275494 23.179755, 108.275518 23.17966, 108.275583 23.179621, 108.275706 23.17962, 108.275912 23.179621, 108.27625 23.179629, 108.277352 23.179632, 108.277392 23.179634, 108.278106 23.179679, 108.278504 23.179706, 108.279402 23.179787, 108.279736 23.179815, 108.280347 23.179866, 108.280446 23.179874, 108.283696 23.180179, 108.284449 23.180226, 108.285112 23.180092, 108.28613 23.17982, 108.286477 23.179776, 108.288739 23.181809, 108.290302 23.183347, 108.29051 23.183758, 108.29062 23.18417, 108.29067 23.185198, 108.290689 23.18554, 108.290499 23.185787, 108.280478 23.185616, 108.275574 23.185636, 108.275483 23.18407)))"
gis_osm_pois_a_free,<NA>,952218025,school,schools:gis_osm_pois_a_free:952218025:school,OGC:CRS84,450110,OpenStreetMap,real,kept,<NA>,南宁市武鸣区民族中学,education,school,108.25879748566489,23.1597002,,derived_from_source_layer_osm_id_fclass,smartbidata_task06_20260810,team_shared,team_shared_source,广西壮族自治区,南宁市,武鸣区,"MULTIPOLYGON (((108.256574 23.159784, 108.257239 23.159567, 108.257319 23.158534, 108.258709 23.158285, 108.259159 23.158285, 108.259749 23.158413, 108.260114 23.158423, 108.260833 23.158669, 108.260822 23.159616, 108.260243 23.160455, 108.26005 23.161096, 108.259159 23.161056, 108.258226 23.160721, 108.25741 23.160583, 108.256681 23.160603, 108.256574 23.159784)))"
gis_osm_pois_a_free,<NA>,952236239,university,schools:gis_osm_pois_a_free:952236239:university,OGC:CRS84,450110,OpenStreetMap,real,kept,<NA>,广西医科大学(武鸣校区),education,university,108.24252939093424,23.1690339,,derived_from_source_layer_osm_id_fclass,smartbidata_task06_20260810,team_shared,team_shared_source,广西壮族自治区,南宁市,武鸣区,"MULTIPOLYGON (((108.239045 23.163293, 108.240856 23.162743, 108.241843 23.165199, 108.242401 23.166215, 108.243442 23.16732, 108.243919 23.167686, 108.243447 23.168548, 108.243742 23.168745, 108.244291 23.167972, 108.246049 23.169322, 108.246596 23.170319, 108.246532 23.17097, 108.244268 23.172794, 108.243055 23.173751, 108.24136 23.174698, 108.239751 23.175191, 108.239458 23.170256, 108.24099 23.169909, 108.240942 23.169604, 108.239427 23.169731, 108.239045 23.163293)))"
gis_osm_pois_a_free,<NA>,957216849,school,schools:gis_osm_pois_a_free:957216849:school,OGC:CRS84,450107,OpenStreetMap,real,kept,<NA>,广西大学附属中学,education,school,108.2859199435533,22.84724125,,derived_from_source_layer_osm_id_fclass,smartbidata_task06_20260810,team_shared,team_shared_source,广西壮族自治区,南宁市,西乡塘区,"MULTIPOLYGON (((108.285308 22.847929, 108.285527 22.846585, 108.285383 22.845651, 108.285914 22.845585, 108.285952 22.845642, 108.285983 22.845686, 108.286006 22.845684, 108.286029 22.845695, 108.286043 22.845712, 108.286046 22.845734, 108.286034 22.845762, 108.286027 22.845879, 108.286494 22.845978, 108.286486 22.846131, 108.286456 22.846492, 108.286572 22.846668, 108.286268 22.847815, 108.286593 22.847909, 108.286682 22.847958, 108.286711 22.848012, 108.286652 22.848255, 108.286545 22.848324, 108.286197 22.848429, 108.286027 22.848015, 108.285308 22.847929)))"
gis_osm_pois_a_free,<NA>,957503095,school,schools:gis_osm_pois_a_free:957503095:school,OGC:CRS84,450107,OpenStreetMap,real,kept,<NA>,西大君武小学,education,school,108.28332297865438,22.847359,,derived_from_source_layer_osm_id_fclass,smartbidata_task06_20260810,team_shared,team_shared_source,广西壮族自治区,南宁市,西乡塘区,"MULTIPOLYGON (((108.282446 22.847618, 108.282462 22.846578, 108.282508 22.846574, 108.28271 22.846644, 108.282831 22.846749, 108.28295 22.846746, 108.283298 22.846914, 108.283515 22.84698, 108.283565 22.847011, 108.28387 22.847068, 108.284248 22.8471, 108.284109 22.847794, 108.284011 22.847973, 108.283903 22.848012, 108.283562 22.847989, 108.282446 22.847618)))"
gis_osm_pois_a_free,<NA>,957503107,kindergarten,schools:gis_osm_pois_a_free:957503107:kindergarten,OGC:CRS84,450107,OpenStreetMap,real,kept,<NA>,广西大学第一幼儿园,education,kindergarten,108.28316879019508,22.8435455,,derived_from_source_layer_osm_id_fclass,smartbidata_task06_20260810,team_shared,team_shared_source,广西壮族自治区,南宁市,西乡塘区,"MULTIPOLYGON (((108.282831 22.843011, 108.283304 22.84301, 108.283505 22.84301, 108.283505 22.843382, 108.283506 22.843709, 108.283506 22.843874, 108.283484 22.843874, 108.283253 22.843874, 108.282832 22.843875, 108.282831 22.84309, 108.282831 22.843011)))"
gis_osm_pois_a_free,<NA>,977345672,school,schools:gis_osm_pois_a_free:977345672:school,OGC:CRS84,450108,OpenStreetMap,real,kept,<NA>,南宁市第四十四中学,education,school,108.32422970525181,22.7569156,,derived_from_source_layer_osm_id_fclass,smartbidata_task06_20260810,team_shared,team_shared_source,广西壮族自治区,南宁市,良庆区,"MULTIPOLYGON (((108.322866 22.758076, 108.322886 22.756384, 108.325584 22.756534, 108.325575 22.757311, 108.324185 22.757297, 108.324176 22.758091, 108.32342 22.758082, 108.322866 22.758076)))"
gis_osm_pois_a_free,<NA>,982138135,school,schools:gis_osm_pois_a_free:982138135:school,OGC:CRS84,450103,OpenStreetMap,real,kept,<NA>,广西外国语学院 附属实验学校,education,school,108.44269196813944,22.8080061,,derived_from_source_layer_osm_id_fclass,smartbidata_task06_20260810,team_shared,team_shared_source,广西壮族自治区,南宁市,青秀区,"MULTIPOLYGON (((108.441712 22.809369, 108.441836 22.805874, 108.443758 22.806102, 108.443803 22.806231, 108.443832 22.806404, 108.443832 22.806643, 108.443386 22.809563, 108.441712 22.809369)))"
gis_osm_pois_a_free,<NA>,984556672,university,schools:gis_osm_pois_a_free:984556672:university,OGC:CRS84,450107,OpenStreetMap,real,kept,<NA>,广西农业职业技术大学,education,university,108.24070153771143,22.85216345,,derived_from_source_layer_osm_id_fclass,smartbidata_task06_20260810,team_shared,team_shared_source,广西壮族自治区,南宁市,西乡塘区,"MULTIPOLYGON (((108.237133 22.848104, 108.237136 22.847968, 108.237238 22.847763, 108.237342 22.846391, 108.237168 22.846386, 108.237272 22.845432, 108.237549 22.845444, 108.237581 22.845271, 108.237849 22.844856, 108.237935 22.844535, 108.238455 22.843739, 108.23911 22.843867, 108.239893 22.843936, 108.240861 22.843948, 108.241604 22.845956, 108.241612 22.84617, 108.241103 22.847048, 108.240759 22.848932, 108.240834 22.849824, 108.240258 22.849886, 108.240389 22.850059, 108.240859 22.850422, 108.240893 22.850389, 108.240939 22.850344, 108.241261 22.850716, 108.241563 22.85048, 108.241742 22.850664, 108.241801 22.850654, 108.242485 22.850497, 108.242812 22.850489, 108.242809 22.851343, 108.242824 22.854713, 108.242835 22.856958, 108.242837 22.857069, 108.242283 22.857076, 108.242292 22.857997, 108.242106 22.857998, 108.241254 22.858605, 108.24014 22.859048, 108.239267 22.859314, 108.238713 22.859343, 108.238534 22.859498, 108.238565 22.860301, 108.238265 22.860286, 108.237741 22.860196, 108.23793 22.858396, 108.23813 22.858406, 108.238313 22.857213, 108.238776 22.856312, 108.238823 22.855571, 108.238612 22.855209, 108.238477 22.854645, 108.238501 22.853464, 108.238597 22.853134, 108.238832 22.852825, 108.238532 22.852449, 108.238649 22.851878, 108.238883 22.851626, 108.23863 22.851367, 108.237954 22.850576, 108.237997 22.850358, 108.23805 22.850294, 108.238453 22.85002, 108.238321 22.849686, 108.238107 22.849073, 108.237991 22.8489, 108.237527 22.848865, 108.237138 22.848697, 108.237146 22.848588, 108.237189 22.848448, 108.2372 22.848257, 108.237133 22.848104)))"
gis_osm_pois_a_free,<NA>,988667223,kindergarten,schools:gis_osm_pois_a_free:988667223:kindergarten,OGC:CRS84,450109,OpenStreetMap,real,kept,<NA>,大唐世家幼儿园,education,kindergarten,108.45696452150597,22.76003435,,derived_from_source_layer_osm_id_fclass,smartbidata_task06_20260810,team_shared,team_shared_source,广西壮族自治区,南宁市,邕宁区,"MULTIPOLYGON (((108.456477 22.759735, 108.456478 22.759716, 108.45649 22.759704, 108.45651 22.759691, 108.456552 22.759688, 108.457041 22.759694, 108.457465 22.760333, 108.457472 22.760351, 108.457469 22.760367, 108.457456 22.760375, 108.45687 22.76037, 108.456477 22.759735)))"
gis_osm_pois_a_free,<NA>,988667226,college,schools:gis_osm_pois_a_free:988667226:college,OGC:CRS84,450109,OpenStreetMap,real,kept,<NA>,广西电力职业技术学院 (五象校区),education,college,108.44614861963734,22.74327,,derived_from_source_layer_osm_id_fclass,smartbidata_task06_20260810,team_shared,team_shared_source,广西壮族自治区,南宁市,邕宁区,"MULTIPOLYGON (((108.444022 22.740767, 108.448417 22.740441, 108.448581 22.74301, 108.447496 22.74353, 108.447577 22.744361, 108.448663 22.744257, 108.448667 22.744516, 108.45044 22.744378, 108.450351 22.745436, 108.450148 22.745805, 108.450113 22.746036, 108.449621 22.746246, 108.448657 22.746168, 108.444848 22.746354, 108.444803 22.7457, 108.446344 22.745612, 108.446297 22.744727, 108.444405 22.744819, 108.444022 22.740767)))"
gis_osm_pois_a_free,<NA>,988667299,school,schools:gis_osm_pois_a_free:988667299:school,OGC:CRS84,450109,OpenStreetMap,real,kept,<NA>,邕宁区 朝阳中学,education,school,108.49829221312535,22.73885435,,derived_from_source_layer_osm_id_fclass,smartbidata_task06_20260810,team_shared,team_shared_source,广西壮族自治区,南宁市,邕宁区,"MULTIPOLYGON (((108.49649 22.739185, 108.496974 22.738414, 108.498024 22.738524, 108.498141 22.738457, 108.497933 22.73788, 108.498107 22.73745, 108.498774 22.737272, 108.49938 22.737551, 108.499916 22.738122, 108.499861 22.739515, 108.4989 22.739799, 108.497926 22.739663, 108.497846 22.739503, 108.496737 22.739384, 108.49649 22.739185)))"
gis_osm_pois_a_free,<NA>,988848164,university,schools:gis_osm_pois_a_free:988848164:university,OGC:CRS84,450109,OpenStreetMap,real,kept,<NA>,广西开放大学（五象校区）,education,university,108.47012140885703,22.7847478,,derived_from_source_layer_osm_id_fclass,smartbidata_task06_20260810,team_shared,team_shared_source,广西壮族自治区,南宁市,邕宁区,"MULTIPOLYGON (((108.467348 22.784117, 108.46736 22.784068, 108.467393 22.784024, 108.46844 22.782979, 108.468507 22.782905, 108.46855 22.782872, 108.468629 22.78285, 108.468737 22.782876, 108.469209 22.783142, 108.469682 22.783409, 108.470078 22.783618, 108.472228 22.784816, 108.472255 22.78485, 108.472265 22.784895, 108.47226 22.784939, 108.472242 22.784984, 108.471298 22.786227, 108.471005 22.78651, 108.470975 22.78653, 108.470934 22.786538, 108.470885 22.786533, 108.470842 22.786508, 108.470327 22.78616, 108.469091 22.785419, 108.468699 22.785148, 108.468041 22.784679, 108.467409 22.784229, 108.467366 22.784174, 108.467348 22.784117)))"
gis_osm_pois_a_free,<NA>,989326230,school,schools:gis_osm_pois_a_free:989326230:school,OGC:CRS84,450109,OpenStreetMap,real,kept,<NA>,五象新区第三实验小学,education,school,108.45511803077173,22.7835702,,derived_from_source_layer_osm_id_fclass,smartbidata_task06_20260810,team_shared,team_shared_source,广西壮族自治区,南宁市,邕宁区,"MULTIPOLYGON (((108.454216 22.784333, 108.454522 22.782807, 108.454678 22.781996, 108.455682 22.782417, 108.455752 22.78247, 108.455809 22.78254, 108.455834 22.782596, 108.455847 22.782663, 108.455888 22.784504, 108.455873 22.784593, 108.45584 22.784661, 108.455773 22.784711, 108.455698 22.784731, 108.455583 22.78473, 108.454216 22.784333)))"
gis_osm_pois_a_free,<NA>,989863935,kindergarten,schools:gis_osm_pois_a_free:989863935:kindergarten,OGC:CRS84,450109,OpenStreetMap,real,kept,<NA>,丽景湾幼儿园,education,kindergarten,108.4490235699445,22.78076105,,derived_from_source_layer_osm_id_fclass,smartbidata_task06_20260810,team_shared,team_shared_source,广西壮族自治区,南宁市,邕宁区,"MULTIPOLYGON (((108.448004 22.780279, 108.448012 22.780175, 108.448507 22.780195, 108.448751 22.780188, 108.448988 22.780179, 108.449207 22.780219, 108.449438 22.780295, 108.449224 22.781286, 108.449069 22.781112, 108.44884 22.780891, 108.448579 22.780631, 108.448302 22.780441, 108.448004 22.780279)))"
gis_osm_pois_a_free,<NA>,989863936,school,schools:gis_osm_pois_a_free:989863936:school,OGC:CRS84,450109,OpenStreetMap,real,kept,<NA>,龙岗北小学,education,school,108.44992637771662,22.7811272,,derived_from_source_layer_osm_id_fclass,smartbidata_task06_20260810,team_shared,team_shared_source,广西壮族自治区,南宁市,邕宁区,"MULTIPOLYGON (((108.449224 22.781286, 108.449438 22.780295, 108.450784 22.780591, 108.450751 22.780665, 108.450636 22.780968, 108.450453 22.781671, 108.450417 22.781968, 108.450419 22.782178, 108.450145 22.78224, 108.449718 22.781798, 108.449224 22.781286)))"
gis_osm_pois_a_free,<NA>,990145607,school,schools:gis_osm_pois_a_free:990145607:school,OGC:CRS84,450109,OpenStreetMap,real,kept,<NA>,邕宁区民族中学（龙华西校区）,education,school,108.45120739186244,22.7764411,,derived_from_source_layer_osm_id_fclass,smartbidata_task06_20260810,team_shared,team_shared_source,广西壮族自治区,南宁市,邕宁区,"MULTIPOLYGON (((108.449329 22.774956, 108.449374 22.774904, 108.449426 22.77481, 108.44979 22.774786, 108.450216 22.774771, 108.450549 22.774786, 108.450988 22.774885, 108.451264 22.774987, 108.45167 22.775197, 108.452079 22.775416, 108.452671 22.775837, 108.452597 22.77647, 108.452514 22.776932, 108.452381 22.777314, 108.452144 22.777977, 108.451926 22.778115, 108.451785 22.778102, 108.451754 22.778036, 108.45161 22.77803, 108.451462 22.778024, 108.451416 22.778092, 108.450952 22.778076, 108.4498 22.778034, 108.449854 22.776779, 108.449811 22.776412, 108.449721 22.776159, 108.449644 22.775922, 108.449329 22.774956)))"
gis_osm_pois_a_free,<NA>,990145608,kindergarten,schools:gis_osm_pois_a_free:990145608:kindergarten,OGC:CRS84,450109,OpenStreetMap,real,kept,<NA>,五象新区第二实验幼儿园,education,kindergarten,108.44886152997256,22.7765661,,derived_from_source_layer_osm_id_fclass,smartbidata_task06_20260810,team_shared,team_shared_source,广西壮族自治区,南宁市,邕宁区,"MULTIPOLYGON (((108.448117 22.776212, 108.449417 22.776068, 108.44953 22.776418, 108.449577 22.776714, 108.449595 22.777093, 108.44875 22.777091, 108.448248 22.777087, 108.448117 22.776212)))"
gis_osm_pois_a_free,<NA>,990251894,school,schools:gis_osm_pois_a_free:990251894:school,OGC:CRS84,450109,OpenStreetMap,real,kept,<NA>,南宁市第四十二中学,education,school,108.47654806662985,22.7612999,,derived_from_source_layer_osm_id_fclass,smartbidata_task06_20260810,team_shared,team_shared_source,广西壮族自治区,南宁市,邕宁区,"MULTIPOLYGON (((108.475445 22.761112, 108.475448 22.761085, 108.475568 22.760776, 108.47575 22.760299, 108.475776 22.76027, 108.475812 22.760253, 108.475893 22.760253, 108.476092 22.760268, 108.476279 22.760334, 108.476448 22.76043, 108.476578 22.76059, 108.476757 22.760825, 108.477052 22.761074, 108.477247 22.761175, 108.478276 22.761552, 108.478239 22.761598, 108.478176 22.761646, 108.478115 22.761675, 108.478046 22.761696, 108.47799 22.761708, 108.478001 22.761739, 108.478018 22.761785, 108.478003 22.761822, 108.477709 22.762539, 108.476011 22.761914, 108.475852 22.761852, 108.475777 22.761803, 108.475711 22.761739, 108.47564 22.761608, 108.475557 22.761425, 108.475447 22.761135, 108.475445 22.761112)))"
gis_osm_pois_a_free,<NA>,990251907,school,schools:gis_osm_pois_a_free:990251907:school,OGC:CRS84,450109,OpenStreetMap,real,kept,<NA>,康岭路小学,education,school,108.48674616064278,22.7427995,,derived_from_source_layer_osm_id_fclass,smartbidata_task06_20260810,team_shared,team_shared_source,广西壮族自治区,南宁市,邕宁区,"MULTIPOLYGON (((108.485815 22.742625, 108.485851 22.742376, 108.485867 22.742342, 108.485914 22.742323, 108.486711 22.741732, 108.487489 22.742682, 108.488572 22.743441, 108.488597 22.743479, 108.488607 22.743542, 108.488596 22.743606, 108.488466 22.743864, 108.48748 22.743612, 108.487532 22.743458, 108.486204 22.74307, 108.48596 22.742941, 108.485856 22.742835, 108.485815 22.742764, 108.485815 22.742625)))"
gis_osm_pois_a_free,<NA>,990251909,school,schools:gis_osm_pois_a_free:990251909:school,OGC:CRS84,450109,OpenStreetMap,real,kept,<NA>,邕宁区民族中学 (清泉校区),education,school,108.48803060676322,22.739007,,derived_from_source_layer_osm_id_fclass,smartbidata_task06_20260810,team_shared,team_shared_source,广西壮族自治区,南宁市,邕宁区,"MULTIPOLYGON (((108.486616 22.739696, 108.486892 22.739332, 108.486842 22.739037, 108.486882 22.738893, 108.487111 22.738901, 108.48712 22.738747, 108.487778 22.738616, 108.487733 22.738061, 108.488653 22.737964, 108.488799 22.738183, 108.489195 22.738977, 108.489365 22.739309, 108.48946 22.739517, 108.489496 22.739675, 108.489496 22.739794, 108.48948 22.739907, 108.489451 22.739992, 108.489168 22.739965, 108.488894 22.739939, 108.488949 22.73967, 108.487917 22.73968, 108.487798 22.739586, 108.487226 22.739728, 108.486616 22.739696)))"
gis_osm_pois_a_free,<NA>,990251910,school,schools:gis_osm_pois_a_free:990251910:school,OGC:CRS84,450109,OpenStreetMap,real,kept,<NA>,市第二师范学校 (原南地一师),education,school,108.48816877321113,22.7416734,,derived_from_source_layer_osm_id_fclass,smartbidata_task06_20260810,team_shared,team_shared_source,广西壮族自治区,南宁市,邕宁区,"MULTIPOLYGON (((108.486054 22.740767, 108.486173 22.740584, 108.486596 22.739725, 108.487221 22.739749, 108.48779 22.73961, 108.487912 22.739702, 108.48892 22.739689, 108.488865 22.73996, 108.489164 22.739986, 108.489145 22.740573, 108.48935 22.740819, 108.489528 22.741419, 108.48955 22.741928, 108.489485 22.742814, 108.489457 22.742865, 108.48942 22.74289, 108.489369 22.742904, 108.489072 22.742939, 108.48915 22.743643, 108.489079 22.743655, 108.488811 22.743456, 108.487594 22.742571, 108.487517 22.742499, 108.48619 22.740974, 108.486054 22.740767)))"
gis_osm_pois_a_free,<NA>,990288822,school,schools:gis_osm_pois_a_free:990288822:school,OGC:CRS84,450109,OpenStreetMap,real,kept,<NA>,龙岗小学,education,school,108.4527531163514,22.75867815,,derived_from_source_layer_osm_id_fclass,smartbidata_task06_20260810,team_shared,team_shared_source,广西壮族自治区,南宁市,邕宁区,"MULTIPOLYGON (((108.452115 22.758388, 108.453232 22.758202, 108.453309 22.758519, 108.4534 22.758838, 108.453541 22.759227, 108.453548 22.759269, 108.453543 22.759306, 108.45352 22.759341, 108.453484 22.759365, 108.453445 22.759382, 108.453409 22.759387, 108.453357 22.759392, 108.45224 22.759398, 108.452115 22.758388)))"
gis_osm_pois_a_free,<NA>,990288827,school,schools:gis_osm_pois_a_free:990288827:school,OGC:CRS84,450109,OpenStreetMap,real,kept,<NA>,邕宁区第四小学,education,school,108.46767870851727,22.7589884,,derived_from_source_layer_osm_id_fclass,smartbidata_task06_20260810,team_shared,team_shared_source,广西壮族自治区,南宁市,邕宁区,"MULTIPOLYGON (((108.467305 22.758694, 108.467308 22.758679, 108.467318 22.758674, 108.46795 22.758571, 108.467959 22.758573, 108.467967 22.758582, 108.468008 22.759282, 108.468007 22.759289, 108.468003 22.759293, 108.467994 22.759296, 108.467448 22.759325, 108.467438 22.75932, 108.467434 22.759313, 108.467305 22.758694)))"
gis_osm_pois_a_free,<NA>,990697663,kindergarten,schools:gis_osm_pois_a_free:990697663:kindergarten,OGC:CRS84,450109,OpenStreetMap,real,kept,<NA>,,education,kindergarten,108.4411491722504,22.7773335,,derived_from_source_layer_osm_id_fclass,smartbidata_task06_20260810,team_shared,team_shared_source,广西壮族自治区,南宁市,邕宁区,"MULTIPOLYGON (((108.44086 22.777006, 108.440875 22.776969, 108.441441 22.776978, 108.441414 22.777727, 108.441019 22.777725, 108.440953 22.777705, 108.440902 22.777662, 108.440868 22.777585, 108.440873 22.777082, 108.440867 22.777053, 108.44086 22.777006)))"
gis_osm_pois_a_free,<NA>,990697664,kindergarten,schools:gis_osm_pois_a_free:990697664:kindergarten,OGC:CRS84,450109,OpenStreetMap,real,kept,<NA>,南宁市邕宁区龙华路西幼儿园分园,education,kindergarten,108.44288881506438,22.7786474,,derived_from_source_layer_osm_id_fclass,smartbidata_task06_20260810,team_shared,team_shared_source,广西壮族自治区,南宁市,邕宁区,"MULTIPOLYGON (((108.442649 22.778266, 108.443103 22.778268, 108.443122 22.778274, 108.44313 22.778291, 108.443118 22.779008, 108.442658 22.779004, 108.442649 22.778266)))"
gis_osm_pois_a_free,<NA>,990697670,kindergarten,schools:gis_osm_pois_a_free:990697670:kindergarten,OGC:CRS84,450109,OpenStreetMap,real,kept,<NA>,,education,kindergarten,108.43776811946066,22.77652885,,derived_from_source_layer_osm_id_fclass,smartbidata_task06_20260810,team_shared,team_shared_source,广西壮族自治区,南宁市,邕宁区,"MULTIPOLYGON (((108.437558 22.776803, 108.437564 22.776084, 108.437793 22.77613, 108.437853 22.776137, 108.43791 22.776154, 108.437956 22.776191, 108.437978 22.776256, 108.437973 22.776802, 108.437558 22.776803)))"
gis_osm_pois_a_free,<NA>,990697677,kindergarten,schools:gis_osm_pois_a_free:990697677:kindergarten,OGC:CRS84,450109,OpenStreetMap,real,kept,<NA>,,education,kindergarten,108.43636450012912,22.7639043,,derived_from_source_layer_osm_id_fclass,smartbidata_task06_20260810,team_shared,team_shared_source,广西壮族自治区,南宁市,邕宁区,"MULTIPOLYGON (((108.436002 22.764071, 108.436019 22.763621, 108.436031 22.763602, 108.436054 22.763595, 108.436086 22.763595, 108.436738 22.763738, 108.4367 22.764101, 108.436029 22.764109, 108.436006 22.764094, 108.436002 22.764071)))"
gis_osm_pois_a_free,<NA>,990697681,school,schools:gis_osm_pois_a_free:990697681:school,OGC:CRS84,450109,OpenStreetMap,real,kept,<NA>,邕宁区第二初级中学 (步云校区),education,school,108.43962257474466,22.77073925,,derived_from_source_layer_osm_id_fclass,smartbidata_task06_20260810,team_shared,team_shared_source,广西壮族自治区,南宁市,邕宁区,"MULTIPOLYGON (((108.438327 22.771839, 108.438372 22.769515, 108.440955 22.76964, 108.44082 22.772177, 108.438327 22.771839)))"
gis_osm_pois_a_free,<NA>,990697696,school,schools:gis_osm_pois_a_free:990697696:school,OGC:CRS84,450109,OpenStreetMap,real,kept,<NA>,邕宁区第二小学龙岗分校,education,school,108.47156353278909,22.7884156,,derived_from_source_layer_osm_id_fclass,smartbidata_task06_20260810,team_shared,team_shared_source,广西壮族自治区,南宁市,邕宁区,"MULTIPOLYGON (((108.470012 22.787886, 108.470046 22.787847, 108.470672 22.787398, 108.471438 22.787783, 108.471752 22.7872, 108.472571 22.787608, 108.472608 22.787653, 108.472614 22.787701, 108.472592 22.787762, 108.471962 22.788873, 108.471922 22.7889, 108.471852 22.788896, 108.471788 22.788877, 108.47003 22.787958, 108.470013 22.787928, 108.470012 22.787886)))"
gis_osm_pois_a_free,<NA>,990698781,school,schools:gis_osm_pois_a_free:990698781:school,OGC:CRS84,450109,OpenStreetMap,real,kept,<NA>,江湾路小学,education,school,108.43884033165824,22.78085075,,derived_from_source_layer_osm_id_fclass,smartbidata_task06_20260810,team_shared,team_shared_source,广西壮族自治区,南宁市,邕宁区,"MULTIPOLYGON (((108.43816 22.781451, 108.438177 22.780258, 108.438195 22.780159, 108.438228 22.78011, 108.438295 22.780058, 108.438368 22.780039, 108.439533 22.78006, 108.439496 22.781443, 108.43816 22.781451)))"
gis_osm_pois_a_free,<NA>,991061792,kindergarten,schools:gis_osm_pois_a_free:991061792:kindergarten,OGC:CRS84,450109,OpenStreetMap,real,kept,<NA>,幼儿园,education,kindergarten,108.47586782034112,22.78900365,,derived_from_source_layer_osm_id_fclass,smartbidata_task06_20260810,team_shared,team_shared_source,广西壮族自治区,南宁市,邕宁区,"MULTIPOLYGON (((108.47501 22.788754, 108.475019 22.788721, 108.47512 22.788462, 108.475262 22.788218, 108.475351 22.78809, 108.47539 22.788062, 108.475427 22.788065, 108.475459 22.788083, 108.476586 22.789205, 108.476598 22.789238, 108.476596 22.789272, 108.476585 22.789307, 108.476395 22.789612, 108.476378 22.789632, 108.476359 22.789641, 108.476334 22.789636, 108.47504 22.788802, 108.475016 22.788779, 108.47501 22.788754)))"
gis_osm_pois_a_free,<NA>,991252346,kindergarten,schools:gis_osm_pois_a_free:991252346:kindergarten,OGC:CRS84,450109,OpenStreetMap,real,kept,<NA>,南宁市邕宁区崇柏路幼儿园,education,kindergarten,108.48381328071117,22.7857149,,derived_from_source_layer_osm_id_fclass,smartbidata_task06_20260810,team_shared,team_shared_source,广西壮族自治区,南宁市,邕宁区,"MULTIPOLYGON (((108.483282 22.785813, 108.483761 22.785184, 108.48431 22.785525, 108.484328 22.785549, 108.484327 22.785578, 108.484316 22.785616, 108.483998 22.786297, 108.483282 22.785813)))"
gis_osm_pois_a_free,<NA>,991252353,kindergarten,schools:gis_osm_pois_a_free:991252353:kindergarten,OGC:CRS84,450109,OpenStreetMap,real,kept,<NA>,幼儿园,education,kindergarten,108.48401107403225,22.77908025,,derived_from_source_layer_osm_id_fclass,smartbidata_task06_20260810,team_shared,team_shared_source,广西壮族自治区,南宁市,邕宁区,"MULTIPOLYGON (((108.483272 22.77881, 108.483288 22.778776, 108.483334 22.778747, 108.483399 22.778744, 108.484525 22.778774, 108.484562 22.778776, 108.484613 22.778796, 108.484648 22.778836, 108.484826 22.779347, 108.484826 22.779367, 108.484816 22.779379, 108.484796 22.779384, 108.483323 22.779278, 108.483308 22.779268, 108.483301 22.779252, 108.483277 22.778909, 108.483272 22.77881)))"
gis_osm_pois_a_free,<NA>,991252362,school,schools:gis_osm_pois_a_free:991252362:school,OGC:CRS84,450109,OpenStreetMap,real,kept,<NA>,哈罗礼德国际学校,education,school,108.46412943100626,22.76763965,,derived_from_source_layer_osm_id_fclass,smartbidata_task06_20260810,team_shared,team_shared_source,广西壮族自治区,南宁市,邕宁区,"MULTIPOLYGON (((108.462883 22.76697, 108.462899 22.766952, 108.462922 22.766944, 108.463636 22.766929, 108.463207 22.766234, 108.464001 22.766134, 108.465064 22.765945, 108.466066 22.765706, 108.466724 22.766576, 108.463878 22.768306, 108.463804 22.768328, 108.463737 22.768312, 108.463684 22.768283, 108.462884 22.766996, 108.462883 22.76697)))"
gis_osm_pois_a_free,<NA>,991424062,school,schools:gis_osm_pois_a_free:991424062:school,OGC:CRS84,450109,OpenStreetMap,real,kept,<NA>,和合小学,education,school,108.4723064556031,22.774916,,derived_from_source_layer_osm_id_fclass,smartbidata_task06_20260810,team_shared,team_shared_source,广西壮族自治区,南宁市,邕宁区,"MULTIPOLYGON (((108.47142 22.774615, 108.471424 22.774575, 108.471442 22.774544, 108.471477 22.774535, 108.471936 22.774493, 108.472391 22.774417, 108.472915 22.77431, 108.472941 22.774307, 108.472969 22.774314, 108.472986 22.774334, 108.473209 22.775217, 108.473209 22.775254, 108.473185 22.775283, 108.473146 22.7753, 108.471654 22.775534, 108.47163 22.775535, 108.471608 22.775526, 108.471598 22.775507, 108.47142 22.774615)))"
gis_osm_pois_a_free,<NA>,992736596,school,schools:gis_osm_pois_a_free:992736596:school,OGC:CRS84,450109,OpenStreetMap,real,kept,<NA>,南宁市第四十二中学,education,school,108.4847120986586,22.7387847,,derived_from_source_layer_osm_id_fclass,smartbidata_task06_20260810,team_shared,team_shared_source,广西壮族自治区,南宁市,邕宁区,"MULTIPOLYGON (((108.482766 22.738031, 108.482869 22.737438, 108.484508 22.737385, 108.48496 22.738181, 108.484996 22.738207, 108.48547 22.738402, 108.485422 22.738521, 108.486816 22.739049, 108.486866 22.739328, 108.486571 22.739712, 108.486157 22.740549, 108.48473 22.740161, 108.484352 22.739983, 108.484145 22.73981, 108.483722 22.739368, 108.482766 22.738031)))"
gis_osm_pois_a_free,<NA>,993003598,kindergarten,schools:gis_osm_pois_a_free:993003598:kindergarten,OGC:CRS84,450109,OpenStreetMap,real,kept,<NA>,幼儿园,education,kindergarten,108.4685335467742,22.76820285,,derived_from_source_layer_osm_id_fclass,smartbidata_task06_20260810,team_shared,team_shared_source,广西壮族自治区,南宁市,邕宁区,"MULTIPOLYGON (((108.468047 22.768171, 108.468813 22.767813, 108.469014 22.768192, 108.469016 22.768214, 108.469002 22.768233, 108.468978 22.768249, 108.468252 22.768603, 108.46821 22.768615, 108.468162 22.768609, 108.468122 22.768589, 108.468106 22.768562, 108.468047 22.768171)))"
gis_osm_pois_a_free,<NA>,993054881,school,schools:gis_osm_pois_a_free:993054881:school,OGC:CRS84,450109,OpenStreetMap,real,kept,<NA>,,education,school,108.45418981933518,22.7552662,,derived_from_source_layer_osm_id_fclass,smartbidata_task06_20260810,team_shared,team_shared_source,广西壮族自治区,南宁市,邕宁区,"MULTIPOLYGON (((108.453557 22.756414, 108.453592 22.756296, 108.453595 22.756122, 108.453619 22.756062, 108.453618 22.755425, 108.453625 22.755111, 108.453636 22.75469, 108.453669 22.754266, 108.453787 22.754269, 108.454757 22.754269, 108.454758 22.755422, 108.454999 22.755422, 108.455148 22.755424, 108.455144 22.756412, 108.453557 22.756414)))"
gis_osm_pois_a_free,<NA>,993458392,kindergarten,schools:gis_osm_pois_a_free:993458392:kindergarten,OGC:CRS84,450108,OpenStreetMap,real,kept,<NA>,幼儿园,education,kindergarten,108.41940348853998,22.75733035,,derived_from_source_layer_osm_id_fclass,smartbidata_task06_20260810,team_shared,team_shared_source,广西壮族自治区,南宁市,良庆区,"MULTIPOLYGON (((108.418938 22.757497, 108.419022 22.757033, 108.419869 22.757164, 108.419785 22.757628, 108.418938 22.757497)))"
gis_osm_pois_a_free,<NA>,993458393,kindergarten,schools:gis_osm_pois_a_free:993458393:kindergarten,OGC:CRS84,450109,OpenStreetMap,real,kept,<NA>,南宁邕宁卓立幼儿园,education,kindergarten,108.45605594108137,22.7763559,,derived_from_source_layer_osm_id_fclass,smartbidata_task06_20260810,team_shared,team_shared_source,广西壮族自治区,南宁市,邕宁区,"MULTIPOLYGON (((108.455507 22.776714, 108.455515 22.776636, 108.455781 22.775787, 108.455807 22.775767, 108.455844 22.775762, 108.455884 22.775769, 108.456526 22.775969, 108.456566 22.775994, 108.456592 22.776028, 108.456595 22.776076, 108.456329 22.776944, 108.456288 22.776982, 108.456242 22.776992, 108.456185 22.776988, 108.455584 22.776818, 108.455525 22.776775, 108.455507 22.776714)))"
gis_osm_pois_a_free,<NA>,993458396,school,schools:gis_osm_pois_a_free:993458396:school,OGC:CRS84,450109,OpenStreetMap,real,kept,<NA>,南宁市民主路小学 (五象校区),education,school,108.42904796840392,22.77449045,,derived_from_source_layer_osm_id_fclass,smartbidata_task06_20260810,team_shared,team_shared_source,广西壮族自治区,南宁市,邕宁区,"MULTIPOLYGON (((108.428222 22.774196, 108.428227 22.774139, 108.428249 22.774092, 108.428273 22.77406, 108.428326 22.774033, 108.429714 22.773396, 108.429771 22.773391, 108.429813 22.773403, 108.429833 22.773421, 108.429848 22.773451, 108.429854 22.773492, 108.429822 22.774796, 108.429254 22.7748, 108.429245 22.774746, 108.429014 22.774755, 108.429029 22.77529, 108.428385 22.775295, 108.428229 22.774235, 108.428222 22.774196)))"
gis_osm_pois_a_free,<NA>,993458397,kindergarten,schools:gis_osm_pois_a_free:993458397:kindergarten,OGC:CRS84,450109,OpenStreetMap,real,kept,<NA>,卓越学园幼儿园,education,kindergarten,108.42943293891813,22.7750335,,derived_from_source_layer_osm_id_fclass,smartbidata_task06_20260810,team_shared,team_shared_source,广西壮族自治区,南宁市,邕宁区,"MULTIPOLYGON (((108.429025 22.774764, 108.429237 22.774755, 108.429245 22.774807, 108.429823 22.774804, 108.429831 22.77526, 108.42983 22.77528, 108.429822 22.775288, 108.429803 22.775294, 108.429052 22.775287, 108.429025 22.774764)))"
gis_osm_pois_a_free,<NA>,993458400,kindergarten,schools:gis_osm_pois_a_free:993458400:kindergarten,OGC:CRS84,450109,OpenStreetMap,real,kept,<NA>,南宁市邕宁区卓越幼儿园,education,kindergarten,108.42972539834919,22.7628367,,derived_from_source_layer_osm_id_fclass,smartbidata_task06_20260810,team_shared,team_shared_source,广西壮族自治区,南宁市,邕宁区,"MULTIPOLYGON (((108.429299 22.762622, 108.430008 22.762607, 108.430106 22.762786, 108.430152 22.762887, 108.430184 22.762991, 108.429337 22.76298, 108.429299 22.762622)))"
gis_osm_pois_a_free,<NA>,993694436,school,schools:gis_osm_pois_a_free:993694436:school,OGC:CRS84,450108,OpenStreetMap,real,kept,<NA>,五象湖初级中学 (延庆路校区),education,school,108.41058247678663,22.7446485,,derived_from_source_layer_osm_id_fclass,smartbidata_task06_20260810,team_shared,team_shared_source,广西壮族自治区,南宁市,良庆区,"MULTIPOLYGON (((108.409083 22.745299, 108.410765 22.743983, 108.410891 22.743918, 108.41099 22.74392, 108.411073 22.743946, 108.411113 22.743998, 108.411452 22.745603, 108.411442 22.745676, 108.411401 22.745734, 108.411345 22.745759, 108.411259 22.745781, 108.409854 22.745919, 108.409527 22.745902, 108.409359 22.745833, 108.409228 22.74573, 108.409154 22.745629, 108.409104 22.745456, 108.409083 22.745299)))"
gis_osm_pois_a_free,<NA>,993694442,school,schools:gis_osm_pois_a_free:993694442:school,OGC:CRS84,450108,OpenStreetMap,real,kept,<NA>,五象教育集团庆林路小学,education,school,108.40600946884103,22.7466134,,derived_from_source_layer_osm_id_fclass,smartbidata_task06_20260810,team_shared,team_shared_source,广西壮族自治区,南宁市,良庆区,"MULTIPOLYGON (((108.405227 22.746878, 108.405312 22.746321, 108.405508 22.746348, 108.405557 22.746349, 108.405601 22.746332, 108.405637 22.746307, 108.405662 22.746272, 108.405674 22.746233, 108.405709 22.745896, 108.406629 22.746023, 108.406694 22.746039, 108.406743 22.746069, 108.406765 22.746126, 108.406731 22.747379, 108.406712 22.747428, 108.406669 22.747458, 108.406611 22.747469, 108.405404 22.747344, 108.405456 22.746975, 108.40545 22.746949, 108.405436 22.746925, 108.405404 22.746906, 108.405369 22.746898, 108.405227 22.746878)))"
gis_osm_pois_a_free,<NA>,993694451,school,schools:gis_osm_pois_a_free:993694451:school,OGC:CRS84,450108,OpenStreetMap,real,kept,<NA>,良庆镇中心学校,education,school,108.41191527590117,22.7512718,,derived_from_source_layer_osm_id_fclass,smartbidata_task06_20260810,team_shared,team_shared_source,广西壮族自治区,南宁市,良庆区,"MULTIPOLYGON (((108.411128 22.750475, 108.411657 22.75059, 108.412671 22.750813, 108.412666 22.750837, 108.412549 22.751513, 108.412453 22.752071, 108.411222 22.751876, 108.411247 22.751031, 108.411241 22.750918, 108.41114 22.750605, 108.411128 22.750475)))"
gis_osm_pois_a_free,<NA>,993993064,school,schools:gis_osm_pois_a_free:993993064:school,OGC:CRS84,450109,OpenStreetMap,real,kept,<NA>,梁村小学,education,school,108.45536667473564,22.7454327,,derived_from_source_layer_osm_id_fclass,smartbidata_task06_20260810,team_shared,team_shared_source,广西壮族自治区,南宁市,邕宁区,"MULTIPOLYGON (((108.45461 22.744855, 108.456039 22.744808, 108.456142 22.746112, 108.454873 22.746176, 108.454782 22.746159, 108.454734 22.746126, 108.454697 22.746071, 108.454679 22.74601, 108.45461 22.744855)))"
gis_osm_pois_a_free,<NA>,993993065,school,schools:gis_osm_pois_a_free:993993065:school,OGC:CRS84,450109,OpenStreetMap,real,kept,<NA>,公曹小学,education,school,108.47237908709022,22.7465842,,derived_from_source_layer_osm_id_fclass,smartbidata_task06_20260810,team_shared,team_shared_source,广西壮族自治区,南宁市,邕宁区,"MULTIPOLYGON (((108.47211 22.746495, 108.472447 22.746328, 108.472648 22.746673, 108.472311 22.74684, 108.47211 22.746495)))"
gis_osm_pois_a_free,<NA>,995653895,school,schools:gis_osm_pois_a_free:995653895:school,OGC:CRS84,450126,OpenStreetMap,real,kept,<NA>,黎塘镇第三初级中学,education,school,109.1697375659649,23.2108057,,derived_from_source_layer_osm_id_fclass,smartbidata_task06_20260810,team_shared,team_shared_source,广西壮族自治区,南宁市,宾阳县,"MULTIPOLYGON (((109.168631 23.211371, 109.168995 23.210671, 109.169034 23.210341, 109.169034 23.210191, 109.168798 23.209983, 109.1688 23.209942, 109.168812 23.209684, 109.170935 23.209858, 109.170925 23.210573, 109.170564 23.210565, 109.170542 23.21094, 109.170389 23.211308, 109.170174 23.211692, 109.170033 23.211628, 109.169896 23.211966, 109.168631 23.211371)))"
gis_osm_pois_a_free,<NA>,998997215,school,schools:gis_osm_pois_a_free:998997215:school,OGC:CRS84,450103,OpenStreetMap,real,kept,<NA>,南宁市民主路小学 (青环校区),education,school,108.42142113686717,22.7950966,,derived_from_source_layer_osm_id_fclass,smartbidata_task06_20260810,team_shared,team_shared_source,广西壮族自治区,南宁市,青秀区,"MULTIPOLYGON (((108.420918 22.795705, 108.420944 22.794471, 108.42194 22.794488, 108.421881 22.795766, 108.421083 22.795795, 108.421008 22.795785, 108.420946 22.79575, 108.420918 22.795705)))"
gis_osm_pois_a_free,<NA>,999218899,kindergarten,schools:gis_osm_pois_a_free:999218899:kindergarten,OGC:CRS84,450108,OpenStreetMap,real,kept,<NA>,幼儿园,education,kindergarten,108.39009638478278,22.7024907,,derived_from_source_layer_osm_id_fclass,smartbidata_task06_20260810,team_shared,team_shared_source,广西壮族自治区,南宁市,良庆区,"MULTIPOLYGON (((108.389408 22.702612, 108.38947 22.702336, 108.389721 22.702369, 108.389731 22.702246, 108.38976 22.702178, 108.389813 22.702143, 108.389907 22.702126, 108.390716 22.70213, 108.390802 22.702875, 108.389675 22.702918, 108.389699 22.702636, 108.389408 22.702612)))"
gis_osm_pois_a_free,<NA>,999354892,kindergarten,schools:gis_osm_pois_a_free:999354892:kindergarten,OGC:CRS84,450109,OpenStreetMap,real,kept,<NA>,蒲庙镇中心幼儿园,education,kindergarten,108.48345594017626,22.74403715,,derived_from_source_layer_osm_id_fclass,smartbidata_task06_20260810,team_shared,team_shared_source,广西壮族自治区,南宁市,邕宁区,"MULTIPOLYGON (((108.482919 22.743703, 108.483953 22.743624, 108.48398 22.744371, 108.482973 22.744429, 108.482919 22.743703)))"
gis_osm_pois_a_free,<NA>,999488511,school,schools:gis_osm_pois_a_free:999488511:school,OGC:CRS84,450108,OpenStreetMap,real,kept,<NA>,南宁市第一中学五象校区,education,school,108.38326952427127,22.71422175,,derived_from_source_layer_osm_id_fclass,smartbidata_task06_20260810,team_shared,team_shared_source,广西壮族自治区,南宁市,良庆区,"MULTIPOLYGON (((108.382229 22.712769, 108.382252 22.712703, 108.382318 22.712673, 108.382458 22.712664, 108.384118 22.712632, 108.384181 22.712653, 108.384238 22.71271, 108.384271 22.712807, 108.384338 22.715636, 108.384321 22.71571, 108.384264 22.715773, 108.384171 22.715818, 108.382492 22.715941, 108.382358 22.715924, 108.382268 22.715865, 108.38224 22.715782, 108.382229 22.712769)))"
gis_osm_pois_a_free,<NA>,999812365,kindergarten,schools:gis_osm_pois_a_free:999812365:kindergarten,OGC:CRS84,450108,OpenStreetMap,real,kept,<NA>,,education,kindergarten,108.38378603173925,22.7306586,,derived_from_source_layer_osm_id_fclass,smartbidata_task06_20260810,team_shared,team_shared_source,广西壮族自治区,南宁市,良庆区,"MULTIPOLYGON (((108.38328 22.730808, 108.383506 22.730509, 108.383508 22.73045, 108.383523 22.7304, 108.383565 22.730381, 108.384054 22.730359, 108.384134 22.730442, 108.384216 22.73084, 108.38328 22.730864, 108.38328 22.730808)))"
gis_osm_pois_a_free,<NA>,999814470,kindergarten,schools:gis_osm_pois_a_free:999814470:kindergarten,OGC:CRS84,450108,OpenStreetMap,real,kept,<NA>,华润幼儿园,education,kindergarten,108.38370386842846,22.7259476,,derived_from_source_layer_osm_id_fclass,smartbidata_task06_20260810,team_shared,team_shared_source,广西壮族自治区,南宁市,良庆区,"MULTIPOLYGON (((108.383422 22.726382, 108.383422 22.725517, 108.38399 22.725513, 108.383982 22.726378, 108.383422 22.726382)))"
gis_osm_pois_a_free,<NA>,999945798,school,schools:gis_osm_pois_a_free:999945798:school,OGC:CRS84,450103,OpenStreetMap,real,kept,<NA>,青秀区彩虹路小学,education,school,108.4902602761032,22.76218555,,derived_from_source_layer_osm_id_fclass,smartbidata_task06_20260810,team_shared,team_shared_source,广西壮族自治区,南宁市,青秀区,"MULTIPOLYGON (((108.489626 22.763102, 108.489677 22.761776, 108.490868 22.761826, 108.49085 22.762545, 108.491394 22.762555, 108.491334 22.762709, 108.491243 22.762826, 108.491096 22.762939, 108.490933 22.763028, 108.490726 22.763087, 108.490469 22.763117, 108.489626 22.763102)))"
gis_osm_pois_a_free,<NA>,999945805,kindergarten,schools:gis_osm_pois_a_free:999945805:kindergarten,OGC:CRS84,450109,OpenStreetMap,real,kept,<NA>,童之梦 幼儿园,education,kindergarten,108.48932876393036,22.76004345,,derived_from_source_layer_osm_id_fclass,smartbidata_task06_20260810,team_shared,team_shared_source,广西壮族自治区,南宁市,邕宁区,"MULTIPOLYGON (((108.488977 22.760291, 108.489209 22.759785, 108.489576 22.759796, 108.489558 22.760297, 108.488977 22.760291)))"
gis_osm_pois_a_free,<NA>,999945809,school,schools:gis_osm_pois_a_free:999945809:school,OGC:CRS84,450103,OpenStreetMap,real,kept,<NA>,金业驾校,education,school,108.49418526884142,22.7634419,,derived_from_source_layer_osm_id_fclass,smartbidata_task06_20260810,team_shared,team_shared_source,广西壮族自治区,南宁市,青秀区,"MULTIPOLYGON (((108.49292 22.763875, 108.492952 22.763356, 108.493416 22.763158, 108.493499 22.763242, 108.494779 22.76255, 108.494824 22.762531, 108.494884 22.762526, 108.49493 22.762548, 108.495022 22.762758, 108.495028 22.762804, 108.495017 22.762858, 108.494985 22.762903, 108.494899 22.762985, 108.494893 22.763013, 108.494901 22.763044, 108.494955 22.763167, 108.49497 22.763179, 108.494996 22.76319, 108.495073 22.763212, 108.495117 22.763262, 108.495139 22.763271, 108.495163 22.763268, 108.495198 22.763257, 108.49533 22.763215, 108.495354 22.763213, 108.495374 22.763224, 108.495395 22.763252, 108.495414 22.763301, 108.495422 22.763344, 108.495425 22.763528, 108.495421 22.763542, 108.495404 22.76355, 108.495108 22.763532, 108.495103 22.763619, 108.494857 22.763625, 108.494836 22.763636, 108.494824 22.764285, 108.494813 22.764308, 108.494785 22.764319, 108.493308 22.764287, 108.493283 22.764283, 108.493269 22.76427, 108.493202 22.764147, 108.493131 22.764048, 108.493034 22.76396, 108.49292 22.763875)))"
gis_osm_pois_a_free,<NA>,999972839,college,schools:gis_osm_pois_a_free:999972839:college,OGC:CRS84,450103,OpenStreetMap,real,kept,<NA>,广西二轻技师学院,education,college,108.48874309150315,22.80546915,,derived_from_source_layer_osm_id_fclass,smartbidata_task06_20260810,team_shared,team_shared_source,广西壮族自治区,南宁市,青秀区,"MULTIPOLYGON (((108.486861 22.805705, 108.486876 22.805652, 108.488025 22.803705, 108.489633 22.804961, 108.490138 22.805296, 108.490865 22.805642, 108.491322 22.805817, 108.491371 22.805843, 108.491385 22.805895, 108.491385 22.805982, 108.491131 22.806784, 108.490886 22.807303, 108.49084 22.807352, 108.490766 22.807365, 108.490674 22.807349, 108.486921 22.805781, 108.486873 22.805748, 108.486861 22.805705)))"
gis_osm_pois_a_free,<NA>,999972840,college,schools:gis_osm_pois_a_free:999972840:college,OGC:CRS84,450103,OpenStreetMap,real,kept,<NA>,国家检察官学院 (广西分院),education,college,108.48109055834428,22.80168535,,derived_from_source_layer_osm_id_fclass,smartbidata_task06_20260810,team_shared,team_shared_source,广西壮族自治区,南宁市,青秀区,"MULTIPOLYGON (((108.47986 22.802013, 108.479863 22.801987, 108.480554 22.799985, 108.480594 22.799941, 108.480664 22.799933, 108.480769 22.799935, 108.482692 22.800802, 108.482739 22.800841, 108.482749 22.800914, 108.482718 22.800991, 108.48265 22.80113, 108.482616 22.801161, 108.482554 22.801173, 108.482502 22.801173, 108.482342 22.801136, 108.482286 22.801162, 108.482236 22.801263, 108.482223 22.801384, 108.482203 22.80207, 108.482166 22.802622, 108.482037 22.802957, 108.482004 22.802979, 108.481939 22.802981, 108.481156 22.802799, 108.481103 22.802776, 108.481067 22.802739, 108.481046 22.802672, 108.481101 22.802437, 108.479902 22.802048, 108.479876 22.802034, 108.47986 22.802013)))"
gis_osm_pois_a_free,<NA>,1000551902,school,schools:gis_osm_pois_a_free:1000551902:school,OGC:CRS84,450108,OpenStreetMap,real,kept,<NA>,南宁市滨湖路小学 (五象校区),education,school,108.37547180065278,22.73141185,,derived_from_source_layer_osm_id_fclass,smartbidata_task06_20260810,team_shared,team_shared_source,广西壮族自治区,南宁市,良庆区,"MULTIPOLYGON (((108.374889 22.732059, 108.374978 22.730704, 108.376055 22.730765, 108.375966 22.732119, 108.374889 22.732059)))"
gis_osm_pois_a_free,<NA>,1000551910,kindergarten,schools:gis_osm_pois_a_free:1000551910:kindergarten,OGC:CRS84,450108,OpenStreetMap,real,kept,<NA>,,education,kindergarten,108.35595808527779,22.72228265,,derived_from_source_layer_osm_id_fclass,smartbidata_task06_20260810,team_shared,team_shared_source,广西壮族自治区,南宁市,良庆区,"MULTIPOLYGON (((108.35566 22.722065, 108.355665 22.722026, 108.355683 22.722009, 108.355715 22.721999, 108.356577 22.721988, 108.356586 22.721994, 108.356588 22.722016, 108.356578 22.722028, 108.356438 22.722131, 108.356307 22.72223, 108.3562 22.722336, 108.356086 22.722489, 108.356066 22.722509, 108.356047 22.722515, 108.356021 22.722513, 108.355664 22.722425, 108.35566 22.722065)))"
gis_osm_pois_a_free,<NA>,1000551913,school,schools:gis_osm_pois_a_free:1000551913:school,OGC:CRS84,450108,OpenStreetMap,real,kept,<NA>,六里路小学,education,school,108.3609566736655,22.72297265,,derived_from_source_layer_osm_id_fclass,smartbidata_task06_20260810,team_shared,team_shared_source,广西壮族自治区,南宁市,良庆区,"MULTIPOLYGON (((108.35954 22.722557, 108.359569 22.722425, 108.359661 22.722351, 108.360939 22.722351, 108.362245 22.722444, 108.362319 22.722476, 108.362364 22.722546, 108.362399 22.722627, 108.362366 22.723022, 108.362369 22.723227, 108.362334 22.723582, 108.361444 22.723497, 108.36087 22.723468, 108.359566 22.723335, 108.35954 22.722923, 108.35954 22.722557)))"
gis_osm_pois_a_free,<NA>,1000551916,kindergarten,schools:gis_osm_pois_a_free:1000551916:kindergarten,OGC:CRS84,450108,OpenStreetMap,real,kept,<NA>,六里路幼儿园,education,kindergarten,108.36299352721969,22.7228603,,derived_from_source_layer_osm_id_fclass,smartbidata_task06_20260810,team_shared,team_shared_source,广西壮族自治区,南宁市,良庆区,"MULTIPOLYGON (((108.362682 22.723125, 108.362754 22.722563, 108.362805 22.722532, 108.363327 22.722596, 108.363193 22.723235, 108.362682 22.723125)))"
gis_osm_pois_a_free,<NA>,1000551919,kindergarten,schools:gis_osm_pois_a_free:1000551919:kindergarten,OGC:CRS84,450108,OpenStreetMap,real,kept,<NA>,良庆区 第四实验幼儿园 (玉象分园),education,kindergarten,108.36953838860282,22.7259756,,derived_from_source_layer_osm_id_fclass,smartbidata_task06_20260810,team_shared,team_shared_source,广西壮族自治区,南宁市,良庆区,"MULTIPOLYGON (((108.369271 22.726367, 108.369428 22.725442, 108.369751 22.725499, 108.369787 22.725516, 108.369809 22.725544, 108.369814 22.725584, 108.369599 22.726706, 108.369332 22.726641, 108.369333 22.726437, 108.369271 22.726367)))"
gis_osm_pois_a_free,<NA>,1000561480,kindergarten,schools:gis_osm_pois_a_free:1000561480:kindergarten,OGC:CRS84,450108,OpenStreetMap,real,kept,<NA>,良庆区金海路幼儿园,education,kindergarten,108.3862925194451,22.69883295,,derived_from_source_layer_osm_id_fclass,smartbidata_task06_20260810,team_shared,team_shared_source,广西壮族自治区,南宁市,良庆区,"MULTIPOLYGON (((108.38583 22.698576, 108.386667 22.698548, 108.38672 22.698567, 108.386757 22.698604, 108.386768 22.698653, 108.38677 22.698707, 108.386725 22.698959, 108.386682 22.699146, 108.385843 22.698992, 108.38583 22.698576)))"
gis_osm_pois_a_free,<NA>,1001306467,kindergarten,schools:gis_osm_pois_a_free:1001306467:kindergarten,OGC:CRS84,450108,OpenStreetMap,real,kept,<NA>,,education,kindergarten,108.41923061469728,22.74774255,,derived_from_source_layer_osm_id_fclass,smartbidata_task06_20260810,team_shared,team_shared_source,广西壮族自治区,南宁市,良庆区,"MULTIPOLYGON (((108.418854 22.747378, 108.419183 22.747344, 108.419294 22.74736, 108.419384 22.7474, 108.419444 22.747466, 108.419499 22.747598, 108.419573 22.747887, 108.418964 22.747942, 108.418854 22.747378)))"
gis_osm_pois_a_free,<NA>,1001790179,school,schools:gis_osm_pois_a_free:1001790179:school,OGC:CRS84,450108,OpenStreetMap,real,kept,<NA>,南宁市天桃实验学校小学部（明月校区）,education,school,108.37546140400292,22.7510535,,derived_from_source_layer_osm_id_fclass,smartbidata_task06_20260810,team_shared,team_shared_source,广西壮族自治区,南宁市,良庆区,"MULTIPOLYGON (((108.374882 22.751129, 108.374914 22.750978, 108.374962 22.750768, 108.37515 22.749962, 108.375187 22.749635, 108.375187 22.749487, 108.376373 22.749675, 108.375992 22.751184, 108.375998 22.75124, 108.376028 22.751292, 108.376092 22.751324, 108.37687 22.751581, 108.376911 22.75161, 108.376919 22.751649, 108.376905 22.7517, 108.376576 22.752472, 108.376252 22.752293, 108.375897 22.752057, 108.375392 22.751715, 108.375007 22.751421, 108.37493 22.751327, 108.374893 22.751228, 108.374882 22.751129)))"
gis_osm_pois_a_free,<NA>,1001790180,school,schools:gis_osm_pois_a_free:1001790180:school,OGC:CRS84,450109,OpenStreetMap,real,kept,<NA>,邕宁区第二初级中学,education,school,108.45308333855203,22.7619201,,derived_from_source_layer_osm_id_fclass,smartbidata_task06_20260810,team_shared,team_shared_source,广西壮族自治区,南宁市,邕宁区,"MULTIPOLYGON (((108.452053 22.761689, 108.452096 22.761278, 108.452162 22.76127, 108.452494 22.761284, 108.452754 22.761311, 108.453655 22.761628, 108.453332 22.762151, 108.452053 22.761689)))"
gis_osm_pois_a_free,<NA>,1001790181,school,schools:gis_osm_pois_a_free:1001790181:school,OGC:CRS84,450109,OpenStreetMap,real,kept,<NA>,蒲庙镇 中心学校,education,school,108.45331312537834,22.7610913,,derived_from_source_layer_osm_id_fclass,smartbidata_task06_20260810,team_shared,team_shared_source,广西壮族自治区,南宁市,邕宁区,"MULTIPOLYGON (((108.452455 22.761215, 108.452586 22.760781, 108.45324 22.760694, 108.45337 22.760693, 108.453532 22.760717, 108.454204 22.760967, 108.453797 22.761688, 108.453655 22.761628, 108.452754 22.761311, 108.452455 22.761215)))"
gis_osm_pois_a_free,<NA>,1002075248,kindergarten,schools:gis_osm_pois_a_free:1002075248:kindergarten,OGC:CRS84,450109,OpenStreetMap,real,kept,<NA>,茂御府幼儿园,education,kindergarten,108.45329596151373,22.7816957,,derived_from_source_layer_osm_id_fclass,smartbidata_task06_20260810,team_shared,team_shared_source,广西壮族自治区,南宁市,邕宁区,"MULTIPOLYGON (((108.452766 22.781932, 108.452803 22.781731, 108.453084 22.781774, 108.453161 22.781406, 108.453341 22.781438, 108.453405 22.781463, 108.45346 22.781512, 108.453495 22.78158, 108.453498 22.78166, 108.453424 22.782042, 108.453309 22.782023, 108.452766 22.781932)))"
gis_osm_pois_a_free,<NA>,1003152047,kindergarten,schools:gis_osm_pois_a_free:1003152047:kindergarten,OGC:CRS84,450109,OpenStreetMap,real,kept,<NA>,邕宁区 直属机关保育院,education,kindergarten,108.48424800546113,22.7593621,,derived_from_source_layer_osm_id_fclass,smartbidata_task06_20260810,team_shared,team_shared_source,广西壮族自治区,南宁市,邕宁区,"MULTIPOLYGON (((108.48388 22.759533, 108.484203 22.758956, 108.484621 22.759192, 108.484304 22.75973, 108.48388 22.759533)))"
gis_osm_pois_a_free,<NA>,1003152055,kindergarten,schools:gis_osm_pois_a_free:1003152055:kindergarten,OGC:CRS84,450109,OpenStreetMap,real,kept,<NA>,童林堡 幼儿园,education,kindergarten,108.48221110578342,22.75922775,,derived_from_source_layer_osm_id_fclass,smartbidata_task06_20260810,team_shared,team_shared_source,广西壮族自治区,南宁市,邕宁区,"MULTIPOLYGON (((108.481987 22.759122, 108.482474 22.759033, 108.482529 22.759096, 108.482316 22.759334, 108.482249 22.759383, 108.482056 22.759416, 108.481987 22.759122)))"
gis_osm_pois_a_free,<NA>,13453320,kindergarten,schools:gis_osm_pois_a_free:13453320:kindergarten,OGC:CRS84,450109,OpenStreetMap,real,kept,<NA>,大地维伯幼儿园,education,kindergarten,108.449745996471,22.74825145,,derived_from_source_layer_osm_id_fclass,smartbidata_task06_20260810,team_shared,team_shared_source,广西壮族自治区,南宁市,邕宁区,"MULTIPOLYGON (((108.449236 22.748184, 108.450246 22.748137, 108.45025 22.74821, 108.450255 22.748308, 108.449306 22.748351, 108.449303 22.748292, 108.449242 22.748295, 108.449236 22.748184)))"
gis_osm_pois_a_free,<NA>,1004009767,school,schools:gis_osm_pois_a_free:1004009767:school,OGC:CRS84,450103,OpenStreetMap,real,kept,<NA>,南宁市体育运动学校,education,school,108.50667976375948,22.80956665,,derived_from_source_layer_osm_id_fclass,smartbidata_task06_20260810,team_shared,team_shared_source,广西壮族自治区,南宁市,青秀区,"MULTIPOLYGON (((108.502605 22.809902, 108.50267 22.809348, 108.502788 22.808337, 108.502812 22.808277, 108.502849 22.808245, 108.502896 22.80823, 108.502944 22.808225, 108.504444 22.808266, 108.506469 22.808109, 108.507575 22.808132, 108.508778 22.808371, 108.509671 22.808658, 108.510209 22.80899, 108.510591 22.809361, 108.510839 22.809773, 108.510913 22.80996, 108.510917 22.81015, 108.51088 22.810249, 108.510807 22.810289, 108.5096 22.810682, 108.508683 22.810884, 108.507793 22.810889, 108.506865 22.810835, 108.505823 22.810829, 108.505025 22.810669, 108.502746 22.810054, 108.502661 22.810013, 108.502619 22.809968, 108.502605 22.809902)))"
gis_osm_pois_a_free,<NA>,1004631223,school,schools:gis_osm_pois_a_free:1004631223:school,OGC:CRS84,450109,OpenStreetMap,real,kept,<NA>,永乐小学,education,school,108.49187404369421,22.7431449,,derived_from_source_layer_osm_id_fclass,smartbidata_task06_20260810,team_shared,team_shared_source,广西壮族自治区,南宁市,邕宁区,"MULTIPOLYGON (((108.490805 22.743224, 108.490924 22.742679, 108.491102 22.742558, 108.491446 22.742506, 108.49193 22.742521, 108.492295 22.74264, 108.492993 22.743084, 108.492607 22.743434, 108.492214 22.743691, 108.491891 22.74377, 108.491725 22.743752, 108.491712 22.743701, 108.491659 22.743713, 108.49161 22.743564, 108.491186 22.743669, 108.491088 22.743448, 108.491055 22.743206, 108.490805 22.743224)))"
gis_osm_pois_a_free,<NA>,1004631227,school,schools:gis_osm_pois_a_free:1004631227:school,OGC:CRS84,450109,OpenStreetMap,real,kept,<NA>,南宁市 励志专门学校,education,school,108.49236594252861,22.743885,,derived_from_source_layer_osm_id_fclass,smartbidata_task06_20260810,team_shared,team_shared_source,广西壮族自治区,南宁市,邕宁区,"MULTIPOLYGON (((108.49172 22.743778, 108.491894 22.743797, 108.492225 22.74371, 108.492757 22.743387, 108.492821 22.743464, 108.492929 22.743433, 108.492986 22.743973, 108.492735 22.744193, 108.492671 22.744218, 108.491956 22.744494, 108.49172 22.743778)))"
gis_osm_pois_a_free,<NA>,1004665914,school,schools:gis_osm_pois_a_free:1004665914:school,OGC:CRS84,450103,OpenStreetMap,real,kept,<NA>,盘古路小学,education,school,108.43407972396616,22.8054058,,derived_from_source_layer_osm_id_fclass,smartbidata_task06_20260810,team_shared,team_shared_source,广西壮族自治区,南宁市,青秀区,"MULTIPOLYGON (((108.433063 22.806009, 108.433161 22.804749, 108.435061 22.804817, 108.435037 22.806038, 108.43405 22.805995, 108.433063 22.806009)))"
gis_osm_pois_a_free,<NA>,1004665953,kindergarten,schools:gis_osm_pois_a_free:1004665953:kindergarten,OGC:CRS84,450103,OpenStreetMap,real,kept,<NA>,维伯海茵国际幼儿园,education,kindergarten,108.45702585000001,22.8073166,,derived_from_source_layer_osm_id_fclass,smartbidata_task06_20260810,team_shared,team_shared_source,广西壮族自治区,南宁市,青秀区,"MULTIPOLYGON (((108.45669 22.807063, 108.457356 22.807056, 108.457361 22.80757, 108.456696 22.807577, 108.45669 22.807063)))"
gis_osm_pois_a_free,<NA>,1004665961,school,schools:gis_osm_pois_a_free:1004665961:school,OGC:CRS84,450103,OpenStreetMap,real,kept,<NA>,永兴驾校青秀训练场,education,school,108.4324461962861,22.8135777,,derived_from_source_layer_osm_id_fclass,smartbidata_task06_20260810,team_shared,team_shared_source,广西壮族自治区,南宁市,青秀区,"MULTIPOLYGON (((108.431896 22.813062, 108.432204 22.812925, 108.432314 22.813082, 108.432502 22.813225, 108.432827 22.813095, 108.433047 22.813163, 108.432987 22.8133, 108.433018 22.813454, 108.432909 22.813496, 108.432799 22.813659, 108.433047 22.814005, 108.432958 22.81423, 108.432544 22.81424, 108.432141 22.8138, 108.432066 22.813679, 108.431896 22.813062)))"
gis_osm_pois_a_free,<NA>,1004665962,kindergarten,schools:gis_osm_pois_a_free:1004665962:kindergarten,OGC:CRS84,450103,OpenStreetMap,real,kept,<NA>,广西东方国慧幼儿园,education,kindergarten,108.43920967471595,22.8140517,,derived_from_source_layer_osm_id_fclass,smartbidata_task06_20260810,team_shared,team_shared_source,广西壮族自治区,南宁市,青秀区,"MULTIPOLYGON (((108.438887 22.814217, 108.438888 22.813884, 108.439532 22.813886, 108.439531 22.81422, 108.438887 22.814217)))"
gis_osm_pois_a_free,<NA>,1004711669,school,schools:gis_osm_pois_a_free:1004711669:school,OGC:CRS84,450108,OpenStreetMap,real,kept,<NA>,阳光新城学校五象岭北校区,education,school,108.33765706950084,22.76021965,,derived_from_source_layer_osm_id_fclass,smartbidata_task06_20260810,team_shared,team_shared_source,广西壮族自治区,南宁市,良庆区,"MULTIPOLYGON (((108.337098 22.760526, 108.337103 22.760337, 108.337168 22.7603, 108.337189 22.760139, 108.337306 22.75993, 108.337971 22.759874, 108.338125 22.760126, 108.338165 22.760486, 108.337098 22.760526)))"
gis_osm_pois_a_free,<NA>,1005484964,kindergarten,schools:gis_osm_pois_a_free:1005484964:kindergarten,OGC:CRS84,450108,OpenStreetMap,real,kept,<NA>,庆林路幼儿园,education,kindergarten,108.41044428438164,22.74661125,,derived_from_source_layer_osm_id_fclass,smartbidata_task06_20260810,team_shared,team_shared_source,广西壮族自治区,南宁市,良庆区,"MULTIPOLYGON (((108.41003 22.746339, 108.410854 22.746301, 108.410857 22.746884, 108.410036 22.746891, 108.41003 22.746339)))"
gis_osm_pois_a_free,<NA>,1005532931,school,schools:gis_osm_pois_a_free:1005532931:school,OGC:CRS84,450103,OpenStreetMap,real,kept,<NA>,青山书院,education,school,108.3503410320801,22.78833605,,derived_from_source_layer_osm_id_fclass,smartbidata_task06_20260810,team_shared,team_shared_source,广西壮族自治区,南宁市,青秀区,"MULTIPOLYGON (((108.349096 22.788205, 108.349571 22.787829, 108.349893 22.786815, 108.350301 22.786845, 108.350574 22.78685, 108.350872 22.786855, 108.351138 22.787196, 108.351643 22.787253, 108.351982 22.787745, 108.351331 22.788467, 108.351304 22.789486, 108.350843 22.789882, 108.349863 22.788941, 108.349785 22.788866, 108.34971 22.788794, 108.349096 22.788205)))"
gis_osm_pois_a_free,<NA>,1005535158,kindergarten,schools:gis_osm_pois_a_free:1005535158:kindergarten,OGC:CRS84,450109,OpenStreetMap,real,kept,<NA>,清泉幼儿园,education,kindergarten,108.46417288281356,22.75256095,,derived_from_source_layer_osm_id_fclass,smartbidata_task06_20260810,team_shared,team_shared_source,广西壮族自治区,南宁市,邕宁区,"MULTIPOLYGON (((108.463785 22.75257, 108.463798 22.752552, 108.464246 22.752179, 108.464583 22.752477, 108.464588 22.752488, 108.464587 22.752504, 108.464338 22.752943, 108.464207 22.752846, 108.464162 22.752907, 108.46381 22.752617, 108.463786 22.752592, 108.463785 22.75257)))"
gis_osm_pois_a_free,<NA>,1006381762,school,schools:gis_osm_pois_a_free:1006381762:school,OGC:CRS84,450103,OpenStreetMap,real,kept,<NA>,南宁市第三中学初中部（青秀校区）,education,school,108.40690746969881,22.80672725,,derived_from_source_layer_osm_id_fclass,smartbidata_task06_20260810,team_shared,team_shared_source,广西壮族自治区,南宁市,青秀区,"MULTIPOLYGON (((108.404834 22.806641, 108.404884 22.806389, 108.405002 22.806188, 108.405147 22.805992, 108.405336 22.805897, 108.405544 22.80584, 108.405748 22.805768, 108.405952 22.805634, 108.405995 22.805588, 108.406086 22.80549, 108.406188 22.805303, 108.406303 22.805362, 108.406513 22.80546, 108.406824 22.805602, 108.406942 22.805656, 108.407116 22.8057, 108.407228 22.805714, 108.407327 22.8057, 108.407411 22.805668, 108.407479 22.805623, 108.407682 22.805405, 108.407851 22.805349, 108.408368 22.805349, 108.408488 22.805338, 108.408565 22.805329, 108.408772 22.805287, 108.408904 22.805212, 108.409095 22.805308, 108.409104 22.805311, 108.409096 22.80532, 108.409262 22.805394, 108.409401 22.805454, 108.409601 22.805541, 108.409753 22.8056, 108.409564 22.805938, 108.409521 22.805996, 108.409469 22.806073, 108.409111 22.806564, 108.408899 22.806814, 108.408718 22.807036, 108.408512 22.807221, 108.40846 22.807239, 108.408361 22.807316, 108.408295 22.807372, 108.408233 22.807424, 108.40815 22.807494, 108.407964 22.807658, 108.407317 22.80823, 108.407177 22.80833, 108.407103 22.808363, 108.407037 22.808349, 108.406989 22.808304, 108.406506 22.807863, 108.406444 22.80781, 108.406202 22.807676, 108.405972 22.807592, 108.405693 22.807503, 108.405408 22.807434, 108.405221 22.807345, 108.405082 22.807266, 108.404949 22.807081, 108.404858 22.80688, 108.404834 22.806641)))"
gis_osm_pois_a_free,<NA>,1006639442,school,schools:gis_osm_pois_a_free:1006639442:school,OGC:CRS84,450108,OpenStreetMap,real,kept,<NA>,南宁市第二十六中学 (五象校区),education,school,108.38148449375899,22.7592029,,derived_from_source_layer_osm_id_fclass,smartbidata_task06_20260810,team_shared,team_shared_source,广西壮族自治区,南宁市,良庆区,"MULTIPOLYGON (((108.380205 22.758718, 108.38212 22.758199, 108.38256 22.758367, 108.382667 22.759688, 108.382801 22.760667, 108.382769 22.760741, 108.382699 22.760798, 108.38087 22.761078, 108.380869 22.761075, 108.380205 22.758718)))"
gis_osm_pois_a_free,<NA>,1006933488,kindergarten,schools:gis_osm_pois_a_free:1006933488:kindergarten,OGC:CRS84,450109,OpenStreetMap,real,kept,<NA>,邕宁区第三幼儿园,education,kindergarten,108.48783307444637,22.74491155,,derived_from_source_layer_osm_id_fclass,smartbidata_task06_20260810,team_shared,team_shared_source,广西壮族自治区,南宁市,邕宁区,"MULTIPOLYGON (((108.487523 22.744746, 108.488119 22.744691, 108.488139 22.745077, 108.488112 22.745095, 108.487585 22.74514, 108.487552 22.745121, 108.487523 22.744746)))"
gis_osm_pois_a_free,<NA>,1008655422,school,schools:gis_osm_pois_a_free:1008655422:school,OGC:CRS84,450103,OpenStreetMap,real,kept,<NA>,南宁市桂雅路小学（开泰校区）,education,school,108.44230619173976,22.7947611,,derived_from_source_layer_osm_id_fclass,smartbidata_task06_20260810,team_shared,team_shared_source,广西壮族自治区,南宁市,青秀区,"MULTIPOLYGON (((108.441417 22.79529, 108.441472 22.79413, 108.441489 22.794097, 108.441524 22.794058, 108.441575 22.794046, 108.443006 22.794067, 108.44308 22.794082, 108.443139 22.794121, 108.443173 22.794164, 108.44319 22.794233, 108.443148 22.79537, 108.443121 22.795432, 108.443093 22.795449, 108.443039 22.795481, 108.442982 22.79549, 108.441526 22.79538, 108.441469 22.795366, 108.441432 22.795342, 108.441417 22.79529)))"
gis_osm_pois_a_free,<NA>,1008655425,kindergarten,schools:gis_osm_pois_a_free:1008655425:kindergarten,OGC:CRS84,450103,OpenStreetMap,real,kept,<NA>,幼儿园,education,kindergarten,108.44379272548866,22.7963417,,derived_from_source_layer_osm_id_fclass,smartbidata_task06_20260810,team_shared,team_shared_source,广西壮族自治区,南宁市,青秀区,"MULTIPOLYGON (((108.44332 22.796539, 108.443448 22.796063, 108.443482 22.796014, 108.443529 22.795995, 108.443596 22.795991, 108.444287 22.796145, 108.444062 22.796741, 108.44332 22.796539)))"
gis_osm_pois_a_free,<NA>,1008655428,kindergarten,schools:gis_osm_pois_a_free:1008655428:kindergarten,OGC:CRS84,450103,OpenStreetMap,real,kept,<NA>,幼儿园,education,kindergarten,108.44576632062416,22.79254535,,derived_from_source_layer_osm_id_fclass,smartbidata_task06_20260810,team_shared,team_shared_source,广西壮族自治区,南宁市,青秀区,"MULTIPOLYGON (((108.445327 22.792703, 108.445469 22.792169, 108.446217 22.792388, 108.446045 22.792896, 108.445327 22.792703)))"
gis_osm_pois_a_free,<NA>,1008655429,school,schools:gis_osm_pois_a_free:1008655429:school,OGC:CRS84,450103,OpenStreetMap,real,kept,<NA>,开泰路中学,education,school,108.4463992155909,22.79549175,,derived_from_source_layer_osm_id_fclass,smartbidata_task06_20260810,team_shared,team_shared_source,广西壮族自治区,南宁市,青秀区,"MULTIPOLYGON (((108.445386 22.795804, 108.445947 22.794443, 108.446059 22.794422, 108.44675 22.794667, 108.447338 22.794926, 108.447492 22.795038, 108.447478 22.79518, 108.446712 22.796407, 108.446568 22.796432, 108.445456 22.795955, 108.445386 22.795804)))"
gis_osm_pois_a_free,<NA>,1009867297,school,schools:gis_osm_pois_a_free:1009867297:school,OGC:CRS84,450108,OpenStreetMap,real,kept,<NA>,天桃实验学校 (青运校区),education,school,108.38877805610636,22.7521673,,derived_from_source_layer_osm_id_fclass,smartbidata_task06_20260810,team_shared,team_shared_source,广西壮族自治区,南宁市,良庆区,"MULTIPOLYGON (((108.388007 22.751317, 108.388181 22.751327, 108.388352 22.751357, 108.388574 22.75145, 108.388932 22.751642, 108.389181 22.751804, 108.389362 22.751956, 108.389722 22.752378, 108.38979 22.752521, 108.389816 22.752709, 108.389818 22.752934, 108.389788 22.753003, 108.389741 22.753052, 108.389681 22.753083, 108.389622 22.753092, 108.388022 22.753097, 108.388007 22.751317)))"
gis_osm_pois_a_free,<NA>,1009867298,school,schools:gis_osm_pois_a_free:1009867298:school,OGC:CRS84,450108,OpenStreetMap,real,kept,<NA>,南宁二中初中部 (青运校区),education,school,108.39128454264767,22.7510821,,derived_from_source_layer_osm_id_fclass,smartbidata_task06_20260810,team_shared,team_shared_source,广西壮族自治区,南宁市,良庆区,"MULTIPOLYGON (((108.389523 22.749744, 108.391846 22.749771, 108.391915 22.749777, 108.391953 22.749806, 108.391945 22.751708, 108.391937 22.75264, 108.391749 22.752635, 108.391752 22.752548, 108.391682 22.752408, 108.391286 22.751998, 108.390817 22.751507, 108.390695 22.751199, 108.390547 22.750965, 108.390276 22.750737, 108.390099 22.750494, 108.389792 22.750123, 108.389527 22.749953, 108.389523 22.749744)))"
gis_osm_pois_a_free,<NA>,1011377129,kindergarten,schools:gis_osm_pois_a_free:1011377129:kindergarten,OGC:CRS84,450108,OpenStreetMap,real,kept,<NA>,庆歌路幼儿园,education,kindergarten,108.38732857031874,22.75160185,,derived_from_source_layer_osm_id_fclass,smartbidata_task06_20260810,team_shared,team_shared_source,广西壮族自治区,南宁市,良庆区,"MULTIPOLYGON (((108.386648 22.751887, 108.386651 22.751309, 108.388007 22.751317, 108.388008 22.751991, 108.387638 22.751892, 108.386648 22.751887)))"
gis_osm_pois_a_free,<NA>,1011377131,kindergarten,schools:gis_osm_pois_a_free:1011377131:kindergarten,OGC:CRS84,450108,OpenStreetMap,real,kept,<NA>,幼儿园,education,kindergarten,108.39457620136471,22.74608915,,derived_from_source_layer_osm_id_fclass,smartbidata_task06_20260810,team_shared,team_shared_source,广西壮族自治区,南宁市,良庆区,"MULTIPOLYGON (((108.394224 22.746342, 108.394226 22.745833, 108.394929 22.745836, 108.394925 22.746546, 108.394674 22.746545, 108.394676 22.746344, 108.394224 22.746342)))"
gis_osm_pois_a_free,<NA>,1011595714,university,schools:gis_osm_pois_a_free:1011595714:university,OGC:CRS84,450107,OpenStreetMap,real,kept,<NA>,广西民族大学(相思湖校区),education,university,108.23160327461294,22.84636745,,derived_from_source_layer_osm_id_fclass,smartbidata_task06_20260810,team_shared,team_shared_source,广西壮族自治区,南宁市,西乡塘区,"MULTIPOLYGON (((108.227968 22.847766, 108.228221 22.847122, 108.228447 22.844836, 108.228552 22.843875, 108.2287 22.842719, 108.22902 22.841206, 108.22908 22.841018, 108.229284 22.841063, 108.229544 22.840932, 108.22966 22.840726, 108.229812 22.840725, 108.232384 22.841539, 108.23374 22.842002, 108.234961 22.842451, 108.23502 22.842535, 108.23495 22.842772, 108.234899 22.842805, 108.233873 22.842552, 108.23366 22.843151, 108.233781 22.843296, 108.234718 22.843647, 108.23443 22.844745, 108.234705 22.845837, 108.235116 22.846898, 108.235478 22.84802, 108.235539 22.848462, 108.235553 22.84888, 108.235482 22.84915, 108.235346 22.849403, 108.235128 22.849688, 108.23484 22.85, 108.234524 22.850232, 108.23416 22.850388, 108.233995 22.850525, 108.233763 22.850644, 108.23354 22.850763, 108.23314 22.851005, 108.233171 22.851239, 108.231844 22.851256, 108.230778 22.851208, 108.229697 22.851063, 108.229694 22.850415, 108.229265 22.850093, 108.229122 22.849917, 108.229041 22.849735, 108.228983 22.849617, 108.228972 22.849482, 108.22897 22.848712, 108.229002 22.848347, 108.228878 22.848311, 108.228898 22.848139, 108.22824 22.848025, 108.228099 22.847931, 108.228039 22.84779, 108.227968 22.847766)))"
gis_osm_pois_a_free,<NA>,1011595715,school,schools:gis_osm_pois_a_free:1011595715:school,OGC:CRS84,450107,OpenStreetMap,real,kept,<NA>,南宁外国语学校,education,school,108.22841457271353,22.83678875,,derived_from_source_layer_osm_id_fclass,smartbidata_task06_20260810,team_shared,team_shared_source,广西壮族自治区,南宁市,西乡塘区,"MULTIPOLYGON (((108.227044 22.837586, 108.227534 22.835992, 108.227061 22.835675, 108.227372 22.835433, 108.228284 22.835561, 108.228582 22.834695, 108.229029 22.834736, 108.229913 22.834818, 108.229075 22.83925, 108.228991 22.839382, 108.228862 22.839501, 108.228708 22.839535, 108.22851 22.839518, 108.22717 22.839118, 108.227426 22.837749, 108.227044 22.837586)))"
gis_osm_pois_a_free,<NA>,1011595716,college,schools:gis_osm_pois_a_free:1011595716:college,OGC:CRS84,450107,OpenStreetMap,real,kept,<NA>,广西工商职业技术学院(新村校区),education,college,108.22078497499999,22.8428587,,derived_from_source_layer_osm_id_fclass,smartbidata_task06_20260810,team_shared,team_shared_source,广西壮族自治区,南宁市,西乡塘区,"MULTIPOLYGON (((108.219634 22.842643, 108.22046 22.841689, 108.221828 22.841899, 108.2216 22.842705, 108.221748 22.842756, 108.22176 22.842961, 108.221544 22.844125, 108.220651 22.843915, 108.220594 22.843889, 108.22057 22.843855, 108.220566 22.84381, 108.220651 22.843514, 108.220326 22.843424, 108.220236 22.843357, 108.219634 22.842643)))"
gis_osm_pois_a_free,<NA>,1011595718,university,schools:gis_osm_pois_a_free:1011595718:university,OGC:CRS84,450107,OpenStreetMap,real,kept,<NA>,广西艺术学院(西校区),education,university,108.2613103627653,22.8435273,,derived_from_source_layer_osm_id_fclass,smartbidata_task06_20260810,team_shared,team_shared_source,广西壮族自治区,南宁市,西乡塘区,"MULTIPOLYGON (((108.260377 22.843803, 108.260515 22.843252, 108.260799 22.842948, 108.261634 22.842639, 108.26242 22.84393, 108.261206 22.844411, 108.260611 22.844233, 108.260377 22.843803)))"
gis_osm_pois_a_free,<NA>,1011595719,school,schools:gis_osm_pois_a_free:1011595719:school,OGC:CRS84,450107,OpenStreetMap,real,kept,<NA>,广西商贸高级技工学校（大岭校区）,education,school,108.25890855612917,22.84391625,,derived_from_source_layer_osm_id_fclass,smartbidata_task06_20260810,team_shared,team_shared_source,广西壮族自治区,南宁市,西乡塘区,"MULTIPOLYGON (((108.25801 22.843641, 108.2598 22.843695, 108.259797 22.844363, 108.258024 22.844354, 108.258024 22.844137, 108.25801 22.843641)))"
gis_osm_pois_a_free,<NA>,1011595720,school,schools:gis_osm_pois_a_free:1011595720:school,OGC:CRS84,450107,OpenStreetMap,real,kept,<NA>,广西物资学校,education,school,108.25747009248755,22.84543445,,derived_from_source_layer_osm_id_fclass,smartbidata_task06_20260810,team_shared,team_shared_source,广西壮族自治区,南宁市,西乡塘区,"MULTIPOLYGON (((108.256113 22.845521, 108.256912 22.845348, 108.25699 22.84473, 108.25692 22.844638, 108.256948 22.844391, 108.256974 22.844132, 108.258024 22.844137, 108.258024 22.844354, 108.259797 22.844363, 108.259797 22.844432, 108.259796 22.844527, 108.259793 22.844859, 108.259792 22.844898, 108.258843 22.844978, 108.258057 22.845842, 108.257448 22.846645, 108.257368 22.846836, 108.256934 22.846627, 108.256866 22.846409, 108.256214 22.846743, 108.256113 22.845521)))"
gis_osm_pois_a_free,<NA>,1011595722,university,schools:gis_osm_pois_a_free:1011595722:university,OGC:CRS84,450107,OpenStreetMap,real,kept,<NA>,广西中医药大学(明秀校区),education,university,108.31410374184875,22.84351355,,derived_from_source_layer_osm_id_fclass,smartbidata_task06_20260810,team_shared,team_shared_source,广西壮族自治区,南宁市,西乡塘区,"MULTIPOLYGON (((108.312861 22.844628, 108.313106 22.842399, 108.313188 22.842226, 108.313456 22.841934, 108.313855 22.841739, 108.314164 22.841717, 108.315424 22.841874, 108.314951 22.84575, 108.314377 22.845662, 108.314364 22.845449, 108.314044 22.845407, 108.314071 22.844989, 108.312882 22.844891, 108.312861 22.844628)))"
gis_osm_pois_a_free,<NA>,1011959790,school,schools:gis_osm_pois_a_free:1011959790:school,OGC:CRS84,450105,OpenStreetMap,real,kept,<NA>,江南小学（华府校区）,education,school,108.23394417527723,22.80803485,,derived_from_source_layer_osm_id_fclass,smartbidata_task06_20260810,team_shared,team_shared_source,广西壮族自治区,南宁市,江南区,"MULTIPOLYGON (((108.232926 22.807573, 108.234961 22.80757, 108.234963 22.808496, 108.232927 22.8085, 108.232926 22.807573)))"
gis_osm_pois_a_free,<NA>,1013338382,school,schools:gis_osm_pois_a_free:1013338382:school,OGC:CRS84,450108,OpenStreetMap,real,kept,<NA>,南宁市平乐小学,education,school,108.37196028317177,22.7171566,,derived_from_source_layer_osm_id_fclass,smartbidata_task06_20260810,team_shared,team_shared_source,广西壮族自治区,南宁市,良庆区,"MULTIPOLYGON (((108.371238 22.716335, 108.37266 22.716315, 108.372854 22.716525, 108.372496 22.717789, 108.371252 22.71779, 108.371238 22.716335)))"
gis_osm_pois_a_free,<NA>,1013338392,school,schools:gis_osm_pois_a_free:1013338392:school,OGC:CRS84,450108,OpenStreetMap,real,kept,<NA>,玉洞小学,education,school,108.33793212805269,22.7291218,,derived_from_source_layer_osm_id_fclass,smartbidata_task06_20260810,team_shared,team_shared_source,广西壮族自治区,南宁市,良庆区,"MULTIPOLYGON (((108.336722 22.72929, 108.337335 22.728213, 108.338022 22.728458, 108.33915 22.728954, 108.338749 22.729608, 108.338509 22.729494, 108.338262 22.729983, 108.336722 22.72929)))"
gis_osm_pois_a_free,<NA>,1013688337,school,schools:gis_osm_pois_a_free:1013688337:school,OGC:CRS84,450108,OpenStreetMap,real,kept,<NA>,广西佩珠民族艺术学校,education,school,108.32376033480179,22.75883975,,derived_from_source_layer_osm_id_fclass,smartbidata_task06_20260810,team_shared,team_shared_source,广西壮族自治区,南宁市,良庆区,"MULTIPOLYGON (((108.323359 22.759601, 108.32342 22.758082, 108.324176 22.758091, 108.324086 22.759588, 108.323359 22.759601)))"
gis_osm_pois_a_free,<NA>,1014007960,kindergarten,schools:gis_osm_pois_a_free:1014007960:kindergarten,OGC:CRS84,450108,OpenStreetMap,real,kept,<NA>,,education,kindergarten,108.42509185734582,22.7456994,,derived_from_source_layer_osm_id_fclass,smartbidata_task06_20260810,team_shared,team_shared_source,广西壮族自治区,南宁市,良庆区,"MULTIPOLYGON (((108.424643 22.745398, 108.425418 22.745334, 108.425548 22.746001, 108.424756 22.746061, 108.424643 22.745398)))"
gis_osm_pois_a_free,<NA>,1014281583,kindergarten,schools:gis_osm_pois_a_free:1014281583:kindergarten,OGC:CRS84,450108,OpenStreetMap,real,kept,<NA>,,education,kindergarten,108.40008159930991,22.6509205,,derived_from_source_layer_osm_id_fclass,smartbidata_task06_20260810,team_shared,team_shared_source,广西壮族自治区,南宁市,良庆区,"MULTIPOLYGON (((108.39967 22.650548, 108.400486 22.650542, 108.400493 22.651293, 108.399677 22.6513, 108.39967 22.650548)))"
gis_osm_pois_a_free,<NA>,1014331535,school,schools:gis_osm_pois_a_free:1014331535:school,OGC:CRS84,450108,OpenStreetMap,real,kept,<NA>,良玉小学,education,school,108.39637649726725,22.72974395,,derived_from_source_layer_osm_id_fclass,smartbidata_task06_20260810,team_shared,team_shared_source,广西壮族自治区,南宁市,良庆区,"MULTIPOLYGON (((108.395385 22.729184, 108.397369 22.729132, 108.397366 22.730304, 108.395385 22.73033, 108.395385 22.729184)))"
gis_osm_pois_a_free,<NA>,1014331537,kindergarten,schools:gis_osm_pois_a_free:1014331537:kindergarten,OGC:CRS84,450108,OpenStreetMap,real,kept,<NA>,,education,kindergarten,108.39151482434465,22.7258779,,derived_from_source_layer_osm_id_fclass,smartbidata_task06_20260810,team_shared,team_shared_source,广西壮族自治区,南宁市,良庆区,"MULTIPOLYGON (((108.391126 22.725525, 108.391882 22.725506, 108.391904 22.726231, 108.391147 22.72625, 108.391126 22.725525)))"
gis_osm_pois_a_free,<NA>,1014331540,kindergarten,schools:gis_osm_pois_a_free:1014331540:kindergarten,OGC:CRS84,450108,OpenStreetMap,real,kept,<NA>,幼儿园,education,kindergarten,108.39917104537611,22.7384505,,derived_from_source_layer_osm_id_fclass,smartbidata_task06_20260810,team_shared,team_shared_source,广西壮族自治区,南宁市,良庆区,"MULTIPOLYGON (((108.398718 22.738274, 108.399622 22.738173, 108.399624 22.738627, 108.39872 22.738631, 108.398718 22.738274)))"
gis_osm_pois_a_free,<NA>,1014354025,kindergarten,schools:gis_osm_pois_a_free:1014354025:kindergarten,OGC:CRS84,450108,OpenStreetMap,real,kept,<NA>,梅沙幼儿园,education,kindergarten,108.37211811120244,22.7109897,,derived_from_source_layer_osm_id_fclass,smartbidata_task06_20260810,team_shared,team_shared_source,广西壮族自治区,南宁市,良庆区,"MULTIPOLYGON (((108.371688 22.711158, 108.371771 22.71085, 108.371794 22.710798, 108.371822 22.710768, 108.371871 22.710757, 108.372514 22.71072, 108.372497 22.71113, 108.371688 22.711158)))"
gis_osm_pois_a_free,<NA>,1014968213,college,schools:gis_osm_pois_a_free:1014968213:college,OGC:CRS84,450103,OpenStreetMap,real,kept,<NA>,中国农业银行广西研修中心,education,college,108.33495699126902,22.8082132,,derived_from_source_layer_osm_id_fclass,smartbidata_task06_20260810,team_shared,team_shared_source,广西壮族自治区,南宁市,青秀区,"MULTIPOLYGON (((108.334602 22.80846, 108.334619 22.808353, 108.334734 22.807621, 108.334875 22.807382, 108.334935 22.807274, 108.335321 22.807394, 108.335388 22.807511, 108.335296 22.808073, 108.335233 22.808458, 108.335217 22.808555, 108.335056 22.808532, 108.334933 22.809265, 108.334894 22.80926, 108.334855 22.809254, 108.334978 22.808512, 108.334602 22.80846)))"
gis_osm_pois_a_free,<NA>,1015073778,college,schools:gis_osm_pois_a_free:1015073778:college,OGC:CRS84,450108,OpenStreetMap,real,kept,<NA>,中共广西区直机关工委党校（良庆校区）,education,college,108.34669843877982,22.741669,,derived_from_source_layer_osm_id_fclass,smartbidata_task06_20260810,team_shared,team_shared_source,广西壮族自治区,南宁市,良庆区,"MULTIPOLYGON (((108.346237 22.742189, 108.346632 22.74098, 108.34713 22.741149, 108.346802 22.742362, 108.346237 22.742189)))"
gis_osm_pois_a_free,<NA>,1015073779,school,schools:gis_osm_pois_a_free:1015073779:school,OGC:CRS84,450108,OpenStreetMap,real,kept,<NA>,长宏驾校玉洞训练场,education,school,108.33971116064578,22.739156,,derived_from_source_layer_osm_id_fclass,smartbidata_task06_20260810,team_shared,team_shared_source,广西壮族自治区,南宁市,良庆区,"MULTIPOLYGON (((108.338353 22.739255, 108.338428 22.739137, 108.338452 22.739113, 108.338474 22.739106, 108.338506 22.739118, 108.338699 22.739214, 108.338735 22.739225, 108.338769 22.739224, 108.3388 22.739208, 108.338824 22.739172, 108.339347 22.738348, 108.34046 22.739014, 108.340559 22.739076, 108.340588 22.73914, 108.340588 22.739199, 108.340564 22.739274, 108.340229 22.739815, 108.340167 22.739899, 108.340063 22.739959, 108.339934 22.739976, 108.339813 22.739956, 108.339591 22.739877, 108.338385 22.739335, 108.338353 22.739255)))"
gis_osm_pois_a_free,<NA>,1015073788,school,schools:gis_osm_pois_a_free:1015073788:school,OGC:CRS84,450108,OpenStreetMap,real,kept,<NA>,春蕾小学,education,school,108.34122899853995,22.73616895,,derived_from_source_layer_osm_id_fclass,smartbidata_task06_20260810,team_shared,team_shared_source,广西壮族自治区,南宁市,良庆区,"MULTIPOLYGON (((108.340041 22.736241, 108.340674 22.735278, 108.342353 22.736147, 108.342386 22.736191, 108.342402 22.736238, 108.342394 22.736312, 108.341959 22.73698, 108.341857 22.737057, 108.341761 22.737094, 108.341659 22.737097, 108.341535 22.737067, 108.340041 22.736241)))"
gis_osm_pois_a_free,<NA>,1015243303,school,schools:gis_osm_pois_a_free:1015243303:school,OGC:CRS84,450102,OpenStreetMap,real,kept,<NA>,四塘中学,education,school,108.48382163475131,22.92313275,,derived_from_source_layer_osm_id_fclass,smartbidata_task06_20260810,team_shared,team_shared_source,广西壮族自治区,南宁市,兴宁区,"MULTIPOLYGON (((108.483081 22.922685, 108.484301 22.922517, 108.484628 22.92358, 108.483268 22.923853, 108.483081 22.922685)))"
gis_osm_pois_a_free,<NA>,1015243304,school,schools:gis_osm_pois_a_free:1015243304:school,OGC:CRS84,450102,OpenStreetMap,real,kept,<NA>,四塘小学,education,school,108.48186235432829,22.92039465,,derived_from_source_layer_osm_id_fclass,smartbidata_task06_20260810,team_shared,team_shared_source,广西壮族自治区,南宁市,兴宁区,"MULTIPOLYGON (((108.481005 22.919973, 108.481198 22.91925, 108.482598 22.919903, 108.481948 22.920816, 108.481005 22.919973)))"
gis_osm_pois_a_free,<NA>,1015440675,school,schools:gis_osm_pois_a_free:1015440675:school,OGC:CRS84,450103,OpenStreetMap,real,kept,<NA>,南宁市民主路小学（观澜溪谷校区）,education,school,108.47578734841247,22.8109793,,derived_from_source_layer_osm_id_fclass,smartbidata_task06_20260810,team_shared,team_shared_source,广西壮族自治区,南宁市,青秀区,"MULTIPOLYGON (((108.475032 22.811581, 108.475887 22.810214, 108.475989 22.810295, 108.476025 22.810279, 108.47611 22.810358, 108.476173 22.810431, 108.4762 22.810498, 108.476222 22.810639, 108.47622 22.810758, 108.476198 22.81088, 108.476135 22.811078, 108.476038 22.811277, 108.475964 22.811384, 108.475153 22.811774, 108.475032 22.811581)))"
gis_osm_pois_a_free,<NA>,1016202222,kindergarten,schools:gis_osm_pois_a_free:1016202222:kindergarten,OGC:CRS84,450103,OpenStreetMap,real,kept,<NA>,恒大苹果园幼儿园,education,kindergarten,108.42024166889831,22.8072433,,derived_from_source_layer_osm_id_fclass,smartbidata_task06_20260810,team_shared,team_shared_source,广西壮族自治区,南宁市,青秀区,"MULTIPOLYGON (((108.419205 22.807151, 108.419216 22.80712, 108.419561 22.806669, 108.419743 22.806442, 108.419883 22.80631, 108.419955 22.806285, 108.420052 22.806275, 108.420143 22.806293, 108.421299 22.806651, 108.421327 22.806667, 108.421347 22.806694, 108.421352 22.806723, 108.421347 22.806754, 108.421098 22.807522, 108.42102 22.807734, 108.420757 22.808258, 108.420712 22.808174, 108.420548 22.808028, 108.420349 22.807905, 108.420089 22.807766, 108.419759 22.807593, 108.419429 22.807344, 108.419346 22.807274, 108.419244 22.807212, 108.419213 22.807183, 108.419205 22.807151)))"
gis_osm_pois_a_free,<NA>,1016202224,school,schools:gis_osm_pois_a_free:1016202224:school,OGC:CRS84,450103,OpenStreetMap,real,kept,<NA>,南宁市翡翠园学校,education,school,108.40819235843112,22.81353025,,derived_from_source_layer_osm_id_fclass,smartbidata_task06_20260810,team_shared,team_shared_source,广西壮族自治区,南宁市,青秀区,"MULTIPOLYGON (((108.407215 22.813968, 108.40723 22.813864, 108.40724 22.813788, 108.407287 22.81366, 108.407296 22.813642, 108.407317 22.813601, 108.407414 22.81346, 108.407597 22.813334, 108.407834 22.813235, 108.408347 22.813114, 108.408782 22.813012, 108.408885 22.812987, 108.408918 22.813086, 108.409092 22.813088, 108.40909 22.813379, 108.409027 22.813378, 108.409016 22.813608, 108.408952 22.813611, 108.408869 22.814008, 108.407215 22.813968)))"
gis_osm_pois_a_free,<NA>,1016807065,school,schools:gis_osm_pois_a_free:1016807065:school,OGC:CRS84,450108,OpenStreetMap,real,kept,<NA>,那黄小学,education,school,108.39115731106986,22.74641375,,derived_from_source_layer_osm_id_fclass,smartbidata_task06_20260810,team_shared,team_shared_source,广西壮族自治区,南宁市,良庆区,"MULTIPOLYGON (((108.389863 22.745604, 108.39176 22.745641, 108.391878 22.74567, 108.391982 22.745732, 108.392021 22.745801, 108.392051 22.745903, 108.392033 22.746933, 108.392021 22.746958, 108.391997 22.746972, 108.391952 22.746984, 108.390634 22.746985, 108.390533 22.74698, 108.390488 22.746955, 108.390445 22.746917, 108.390425 22.746865, 108.390327 22.746534, 108.390217 22.746294, 108.390105 22.746146, 108.389991 22.746004, 108.389925 22.745896, 108.389883 22.745775, 108.389863 22.745604)))"
gis_osm_pois_a_free,<NA>,1016807071,kindergarten,schools:gis_osm_pois_a_free:1016807071:kindergarten,OGC:CRS84,450108,OpenStreetMap,real,kept,<NA>,五象新区第一实验幼儿园,education,kindergarten,108.37138047326383,22.73766945,,derived_from_source_layer_osm_id_fclass,smartbidata_task06_20260810,team_shared,team_shared_source,广西壮族自治区,南宁市,良庆区,"MULTIPOLYGON (((108.370902 22.738184, 108.37094 22.737155, 108.370959 22.737115, 108.370989 22.737096, 108.371031 22.737083, 108.371863 22.737108, 108.371814 22.738326, 108.371005 22.738267, 108.370951 22.738252, 108.370916 22.738222, 108.370902 22.738184)))"
gis_osm_pois_a_free,<NA>,1020266684,kindergarten,schools:gis_osm_pois_a_free:1020266684:kindergarten,OGC:CRS84,450108,OpenStreetMap,real,kept,<NA>,南宁市良庆区第四实验幼儿园乐棠分园,education,kindergarten,108.3929865433079,22.73950475,,derived_from_source_layer_osm_id_fclass,smartbidata_task06_20260810,team_shared,team_shared_source,广西壮族自治区,南宁市,良庆区,"MULTIPOLYGON (((108.392836 22.739042, 108.393124 22.739026, 108.393139 22.739967, 108.393091 22.740038, 108.392848 22.740047, 108.392836 22.739042)))"
gis_osm_pois_a_free,<NA>,1020835019,school,schools:gis_osm_pois_a_free:1020835019:school,OGC:CRS84,450102,OpenStreetMap,real,kept,<NA>,南宁市第四十五中学（北校区）,education,school,108.5390615528166,22.9417798,,derived_from_source_layer_osm_id_fclass,smartbidata_task06_20260810,team_shared,team_shared_source,广西壮族自治区,南宁市,兴宁区,"MULTIPOLYGON (((108.53812 22.941409, 108.538162 22.941246, 108.538215 22.941192, 108.538291 22.941166, 108.538446 22.941171, 108.538554 22.941154, 108.539144 22.940976, 108.539252 22.940966, 108.539439 22.940978, 108.539539 22.941018, 108.539678 22.941099, 108.539716 22.941136, 108.539745 22.9412, 108.539952 22.941894, 108.539969 22.942002, 108.539998 22.942152, 108.539583 22.94216, 108.539771 22.942586, 108.539616 22.942603, 108.539417 22.942186, 108.539391 22.942149, 108.539332 22.942122, 108.53927 22.942112, 108.538525 22.942099, 108.53845 22.942098, 108.538408 22.942087, 108.538372 22.942072, 108.538328 22.942021, 108.538247 22.941884, 108.538164 22.941676, 108.538122 22.941531, 108.53812 22.941409)))"
gis_osm_pois_a_free,<NA>,1020835020,school,schools:gis_osm_pois_a_free:1020835020:school,OGC:CRS84,450102,OpenStreetMap,real,kept,<NA>,南宁市第四十五中学（南校区）,education,school,108.53776803559775,22.93393195,,derived_from_source_layer_osm_id_fclass,smartbidata_task06_20260810,team_shared,team_shared_source,广西壮族自治区,南宁市,兴宁区,"MULTIPOLYGON (((108.536081 22.933138, 108.536159 22.932957, 108.536244 22.932794, 108.536305 22.932703, 108.536373 22.932624, 108.536476 22.932538, 108.53666 22.932438, 108.536669 22.932426, 108.536686 22.932422, 108.536703 22.932425, 108.536726 22.932439, 108.536903 22.932659, 108.537217 22.93266, 108.53727 22.932616, 108.538235 22.932599, 108.5382 22.933632, 108.538208 22.933676, 108.538283 22.933797, 108.538629 22.934837, 108.538589 22.934884, 108.538337 22.934944, 108.537622 22.935028, 108.537585 22.935035, 108.537556 22.935052, 108.537417 22.935226, 108.536372 22.934901, 108.536339 22.934873, 108.536328 22.934834, 108.536335 22.934803, 108.536358 22.934778, 108.536717 22.934528, 108.536806 22.934566, 108.537323 22.934099, 108.537331 22.934081, 108.537331 22.934067, 108.536553 22.933217, 108.536417 22.933222, 108.536285 22.933217, 108.536148 22.93317, 108.536081 22.933138)))"
gis_osm_pois_a_free,<NA>,1020835024,school,schools:gis_osm_pois_a_free:1020835024:school,OGC:CRS84,450105,OpenStreetMap,real,kept,<NA>,南宁市沛鸿民族中学（江南校区）,education,school,108.27092311100918,22.7733629,,derived_from_source_layer_osm_id_fclass,smartbidata_task06_20260810,team_shared,team_shared_source,广西壮族自治区,南宁市,江南区,"MULTIPOLYGON (((108.269791 22.771554, 108.269834 22.77144, 108.269904 22.771391, 108.270006 22.771366, 108.271798 22.771374, 108.271903 22.771393, 108.271975 22.771425, 108.272024 22.771478, 108.272051 22.771565, 108.272026 22.774409, 108.27201 22.774464, 108.271975 22.774507, 108.271928 22.774538, 108.271876 22.774549, 108.269939 22.774557, 108.269877 22.774534, 108.269832 22.774497, 108.269823 22.774418, 108.2698 22.772317, 108.269791 22.771554)))"
gis_osm_pois_a_free,<NA>,1020835025,school,schools:gis_osm_pois_a_free:1020835025:school,OGC:CRS84,450105,OpenStreetMap,real,kept,<NA>,南宁市沛鸿民族中学（沙井校区）,education,school,108.23415549156007,22.8124193,,derived_from_source_layer_osm_id_fclass,smartbidata_task06_20260810,team_shared,team_shared_source,广西壮族自治区,南宁市,江南区,"MULTIPOLYGON (((108.232881 22.811428, 108.232898 22.811378, 108.232926 22.811339, 108.232981 22.811321, 108.235317 22.811307, 108.235368 22.811317, 108.235404 22.811349, 108.23542 22.811393, 108.235427 22.813426, 108.235413 22.813474, 108.235376 22.813509, 108.235322 22.813527, 108.233008 22.813542, 108.232956 22.813522, 108.232912 22.813461, 108.232895 22.813411, 108.232881 22.811428)))"
gis_osm_pois_a_free,<NA>,1020871818,school,schools:gis_osm_pois_a_free:1020871818:school,OGC:CRS84,450102,OpenStreetMap,real,kept,<NA>,南宁市桂骏机动车驾驶人考试中心,education,school,108.49489996437443,22.9050908,,derived_from_source_layer_osm_id_fclass,smartbidata_task06_20260810,team_shared,team_shared_source,广西壮族自治区,南宁市,兴宁区,"MULTIPOLYGON (((108.492415 22.904512, 108.492459 22.903572, 108.492984 22.903598, 108.493271 22.903668, 108.493469 22.903749, 108.493889 22.90404, 108.49436 22.904411, 108.494505 22.904492, 108.494659 22.90455, 108.495543 22.904655, 108.495642 22.904694, 108.495693 22.904764, 108.495752 22.904853, 108.495843 22.904898, 108.495977 22.904898, 108.496057 22.904858, 108.496159 22.904784, 108.496535 22.904666, 108.496889 22.904631, 108.497066 22.904651, 108.497184 22.9047, 108.497264 22.904784, 108.497393 22.905328, 108.497409 22.90553, 108.497382 22.905674, 108.497323 22.905822, 108.49705 22.906277, 108.496824 22.906435, 108.496551 22.906529, 108.496363 22.906524, 108.496154 22.90643, 108.4958 22.906267, 108.495655 22.906252, 108.495579 22.90626, 108.495516 22.90628, 108.495376 22.90638, 108.495237 22.90644, 108.495085 22.906469, 108.494915 22.906459, 108.493745 22.906131, 108.493482 22.906015, 108.492742 22.905523, 108.492607 22.905403, 108.492503 22.905222, 108.492423 22.90496, 108.492415 22.904512)))"
gis_osm_pois_a_free,<NA>,1020892196,college,schools:gis_osm_pois_a_free:1020892196:college,OGC:CRS84,450107,OpenStreetMap,real,kept,<NA>,广西交通职业技术学院(相思湖校区),education,college,108.22895993806272,22.83384335,,derived_from_source_layer_osm_id_fclass,smartbidata_task06_20260810,team_shared,team_shared_source,广西壮族自治区,南宁市,西乡塘区,"MULTIPOLYGON (((108.22771 22.834385, 108.227957 22.833193, 108.22829 22.833209, 108.2302 22.833302, 108.229913 22.834818, 108.229029 22.834736, 108.228582 22.834695, 108.22771 22.834385)))"
gis_osm_pois_a_free,<NA>,1020892198,college,schools:gis_osm_pois_a_free:1020892198:college,OGC:CRS84,450103,OpenStreetMap,real,kept,<NA>,广西交通职业技术学院(园湖校区),education,college,108.33922769425449,22.8266676,,derived_from_source_layer_osm_id_fclass,smartbidata_task06_20260810,team_shared,team_shared_source,广西壮族自治区,南宁市,青秀区,"MULTIPOLYGON (((108.33846 22.826832, 108.339717 22.825632, 108.340153 22.825979, 108.339619 22.826503, 108.340067 22.826865, 108.3392 22.827764, 108.338551 22.827243, 108.338726 22.827056, 108.33846 22.826832)))"
gis_osm_pois_a_free,<NA>,1020892199,college,schools:gis_osm_pois_a_free:1020892199:college,OGC:CRS84,450103,OpenStreetMap,real,kept,<NA>,南宁职业技术学院(一分院),education,college,108.34962819994524,22.81628765,,derived_from_source_layer_osm_id_fclass,smartbidata_task06_20260810,team_shared,team_shared_source,广西壮族自治区,南宁市,青秀区,"MULTIPOLYGON (((108.349268 22.816015, 108.349987 22.816014, 108.349988 22.81656, 108.349269 22.816562, 108.349268 22.816015)))"
gis_osm_pois_a_free,<NA>,1020892200,college,schools:gis_osm_pois_a_free:1020892200:college,OGC:CRS84,450102,OpenStreetMap,real,kept,<NA>,南宁职业技术学院(二分院),education,college,108.3235758023828,22.8212889,,derived_from_source_layer_osm_id_fclass,smartbidata_task06_20260810,team_shared,team_shared_source,广西壮族自治区,南宁市,兴宁区,"MULTIPOLYGON (((108.323079 22.821433, 108.323294 22.820864, 108.324027 22.821145, 108.323978 22.821928, 108.32331 22.821794, 108.323412 22.821551, 108.323079 22.821433)))"
gis_osm_pois_a_free,<NA>,1020892202,college,schools:gis_osm_pois_a_free:1020892202:college,OGC:CRS84,450107,OpenStreetMap,real,kept,<NA>,南宁职业技术学院(四分院),education,college,108.28827213562768,22.83613775,,derived_from_source_layer_osm_id_fclass,smartbidata_task06_20260810,team_shared,team_shared_source,广西壮族自治区,南宁市,西乡塘区,"MULTIPOLYGON (((108.287313 22.836448, 108.287733 22.835802, 108.288207 22.835658, 108.288795 22.835711, 108.289198 22.835828, 108.288543 22.837033, 108.287787 22.836775, 108.287848 22.836611, 108.287313 22.836448)))"
gis_osm_pois_a_free,<NA>,1021952440,kindergarten,schools:gis_osm_pois_a_free:1021952440:kindergarten,OGC:CRS84,450103,OpenStreetMap,real,kept,<NA>,林里桥中段幼儿园,education,kindergarten,108.42590195816291,22.8065701,,derived_from_source_layer_osm_id_fclass,smartbidata_task06_20260810,team_shared,team_shared_source,广西壮族自治区,南宁市,青秀区,"MULTIPOLYGON (((108.425292 22.806713, 108.425298 22.806695, 108.425454 22.806445, 108.4255 22.806398, 108.425568 22.806365, 108.425661 22.806345, 108.426436 22.806366, 108.426419 22.806786, 108.425338 22.806762, 108.425316 22.806756, 108.425299 22.806745, 108.425292 22.806727, 108.425292 22.806713)))"
gis_osm_pois_a_free,<NA>,1021952441,school,schools:gis_osm_pois_a_free:1021952441:school,OGC:CRS84,450103,OpenStreetMap,real,kept,<NA>,林里桥中段小学,education,school,108.42589129397109,22.8058204,,derived_from_source_layer_osm_id_fclass,smartbidata_task06_20260810,team_shared,team_shared_source,广西壮族自治区,南宁市,青秀区,"MULTIPOLYGON (((108.424917 22.806179, 108.425539 22.805153, 108.426652 22.805462, 108.426642 22.806315, 108.425562 22.806293, 108.425526 22.806296, 108.425491 22.806301, 108.425462 22.806316, 108.425376 22.806407, 108.424917 22.806179)))"
gis_osm_pois_a_free,<NA>,1022859146,school,schools:gis_osm_pois_a_free:1022859146:school,OGC:CRS84,450105,OpenStreetMap,real,kept,<NA>,南宁市菠萝岭小学,education,school,108.29818547503979,22.78143665,,derived_from_source_layer_osm_id_fclass,smartbidata_task06_20260810,team_shared,team_shared_source,广西壮族自治区,南宁市,江南区,"MULTIPOLYGON (((108.297744 22.782064, 108.297747 22.780808, 108.298627 22.78081, 108.298624 22.782066, 108.297744 22.782064)))"
gis_osm_pois_a_free,<NA>,1022859148,school,schools:gis_osm_pois_a_free:1022859148:school,OGC:CRS84,450105,OpenStreetMap,real,kept,<NA>,石柱岭小学,education,school,108.29987995,22.7879738,,derived_from_source_layer_osm_id_fclass,smartbidata_task06_20260810,team_shared,team_shared_source,广西壮族自治区,南宁市,江南区,"MULTIPOLYGON (((108.299348 22.788211, 108.299349 22.787734, 108.300412 22.787736, 108.300411 22.788214, 108.299348 22.788211)))"
gis_osm_pois_a_free,<NA>,1022859151,college,schools:gis_osm_pois_a_free:1022859151:college,OGC:CRS84,450105,OpenStreetMap,real,kept,<NA>,广西区总工会干部学校,education,college,108.30329312960133,22.78450555,,derived_from_source_layer_osm_id_fclass,smartbidata_task06_20260810,team_shared,team_shared_source,广西壮族自治区,南宁市,江南区,"MULTIPOLYGON (((108.301286 22.784555, 108.301833 22.784565, 108.301855 22.783694, 108.301753 22.783685, 108.301839 22.782676, 108.304301 22.78321, 108.304336 22.783981, 108.304376 22.78406, 108.304623 22.7841, 108.304752 22.784456, 108.304752 22.784706, 108.304357 22.785317, 108.304151 22.785502, 108.303762 22.78571, 108.303051 22.785873, 108.302946 22.785774, 108.302858 22.785775, 108.302764 22.785777, 108.302676 22.78593, 108.302209 22.78634, 108.302085 22.78634, 108.301297 22.784931, 108.30129 22.784789, 108.301286 22.784555)))"
gis_osm_pois_a_free,<NA>,1022859154,school,schools:gis_osm_pois_a_free:1022859154:school,OGC:CRS84,450105,OpenStreetMap,real,kept,<NA>,广西电子高级技工学校,education,school,108.30148601274,22.78592255,,derived_from_source_layer_osm_id_fclass,smartbidata_task06_20260810,team_shared,team_shared_source,广西壮族自治区,南宁市,江南区,"MULTIPOLYGON (((108.301259 22.785292, 108.301369 22.785294, 108.302042 22.78657, 108.30193 22.786796, 108.301753 22.787149, 108.301283 22.786551, 108.301259 22.785292)))"
gis_osm_pois_a_free,<NA>,1028567637,kindergarten,schools:gis_osm_pois_a_free:1028567637:kindergarten,OGC:CRS84,450126,OpenStreetMap,real,kept,<NA>,凤鸣幼儿园,education,kindergarten,109.19108951726804,23.2013411,,derived_from_source_layer_osm_id_fclass,smartbidata_task06_20260810,team_shared,team_shared_source,广西壮族自治区,南宁市,宾阳县,"MULTIPOLYGON (((109.190372 23.201796, 109.190427 23.201379, 109.1906 23.201314, 109.190973 23.200856, 109.191509 23.200929, 109.19166 23.201368, 109.191764 23.20149, 109.191634 23.201662, 109.190868 23.201526, 109.190815 23.201844, 109.190372 23.201796)))"
gis_osm_pois_a_free,<NA>,1028647227,school,schools:gis_osm_pois_a_free:1028647227:school,OGC:CRS84,450109,OpenStreetMap,real,kept,<NA>,清泉小学,education,school,108.46334393806453,22.7531351,,derived_from_source_layer_osm_id_fclass,smartbidata_task06_20260810,team_shared,team_shared_source,广西壮族自治区,南宁市,邕宁区,"MULTIPOLYGON (((108.4623 22.752954, 108.46317 22.752261, 108.463296 22.752289, 108.463505 22.752481, 108.463463 22.752515, 108.463916 22.752956, 108.463971 22.752906, 108.464166 22.753054, 108.464144 22.753083, 108.464246 22.753187, 108.463701 22.754082, 108.463347 22.753849, 108.463061 22.753637, 108.462886 22.753494, 108.462763 22.753388, 108.4623 22.752954)))"
gis_osm_pois_a_free,<NA>,1032461846,college,schools:gis_osm_pois_a_free:1032461846:college,OGC:CRS84,450103,OpenStreetMap,real,kept,<NA>,广西经贸职业技术学院 (五合校区),education,college,108.49678301738926,22.8082145,,derived_from_source_layer_osm_id_fclass,smartbidata_task06_20260810,team_shared,team_shared_source,广西壮族自治区,南宁市,青秀区,"MULTIPOLYGON (((108.49152 22.808395, 108.492001 22.806006, 108.492605 22.806107, 108.493144 22.806154, 108.493545 22.806173, 108.494039 22.806158, 108.494501 22.806116, 108.494856 22.806075, 108.495276 22.806056, 108.495726 22.80611, 108.496255 22.806186, 108.496666 22.806277, 108.497286 22.806448, 108.498594 22.807023, 108.49989 22.807573, 108.500416 22.807743, 108.50121 22.807923, 108.502043 22.808034, 108.50165 22.810155, 108.49152 22.808395)))"
gis_osm_pois_a_free,<NA>,1036021832,school,schools:gis_osm_pois_a_free:1036021832:school,OGC:CRS84,450103,OpenStreetMap,real,kept,<NA>,五合小学,education,school,108.52683670351125,22.8196852,,derived_from_source_layer_osm_id_fclass,smartbidata_task06_20260810,team_shared,team_shared_source,广西壮族自治区,南宁市,青秀区,"MULTIPOLYGON (((108.526508 22.819538, 108.526578 22.81945, 108.526971 22.819327, 108.527158 22.819833, 108.526757 22.819958, 108.526666 22.819914, 108.526508 22.819538)))"
gis_osm_pois_a_free,<NA>,1036616901,school,schools:gis_osm_pois_a_free:1036616901:school,OGC:CRS84,450110,OpenStreetMap,real,kept,<NA>,南宁二中东盟校区,education,school,108.18587597913546,23.20387245,,derived_from_source_layer_osm_id_fclass,smartbidata_task06_20260810,team_shared,team_shared_source,广西壮族自治区,南宁市,武鸣区,"MULTIPOLYGON (((108.183648 23.203436, 108.186651 23.201833, 108.188117 23.204309, 108.185063 23.205954, 108.183648 23.203436)))"
gis_osm_pois_a_free,<NA>,1036616902,school,schools:gis_osm_pois_a_free:1036616902:school,OGC:CRS84,450110,OpenStreetMap,real,kept,<NA>,华侨中学,education,school,108.17027037006912,23.210226,,derived_from_source_layer_osm_id_fclass,smartbidata_task06_20260810,team_shared,team_shared_source,广西壮族自治区,南宁市,武鸣区,"MULTIPOLYGON (((108.168736 23.211043, 108.16902 23.211051, 108.169171 23.209409, 108.169615 23.20789, 108.171526 23.20856, 108.171348 23.212227, 108.169642 23.212129, 108.16966 23.21181, 108.169082 23.211778, 108.168736 23.211043)))"
gis_osm_pois_a_free,<NA>,1036616903,school,schools:gis_osm_pois_a_free:1036616903:school,OGC:CRS84,450110,OpenStreetMap,real,kept,<NA>,广西希望高中,education,school,108.17292743789277,23.2109855,,derived_from_source_layer_osm_id_fclass,smartbidata_task06_20260810,team_shared,team_shared_source,广西壮族自治区,南宁市,武鸣区,"MULTIPOLYGON (((108.171366 23.212284, 108.171526 23.20856, 108.175337 23.209687, 108.173427 23.212431, 108.171366 23.212284)))"
gis_osm_pois_a_free,<NA>,1036616919,college,schools:gis_osm_pois_a_free:1036616919:college,OGC:CRS84,450110,OpenStreetMap,real,kept,<NA>,广西新闻出版技工学校,education,college,108.17657227031351,23.2116107,,derived_from_source_layer_osm_id_fclass,smartbidata_task06_20260810,team_shared,team_shared_source,广西壮族自治区,南宁市,武鸣区,"MULTIPOLYGON (((108.174664 23.212342, 108.175348 23.211023, 108.175802 23.210012, 108.175988 23.209928, 108.178938 23.210794, 108.177499 23.212199, 108.175885 23.212659, 108.175436 23.212717, 108.174705 23.212647, 108.174664 23.212342)))"
gis_osm_pois_a_free,<NA>,1036616953,school,schools:gis_osm_pois_a_free:1036616953:school,OGC:CRS84,450110,OpenStreetMap,real,kept,<NA>,,education,school,108.15797221935001,23.20159355,,derived_from_source_layer_osm_id_fclass,smartbidata_task06_20260810,team_shared,team_shared_source,广西壮族自治区,南宁市,武鸣区,"MULTIPOLYGON (((108.156656 23.201736, 108.158553 23.200465, 108.15929 23.201451, 108.157696 23.202511, 108.157222 23.202438, 108.156656 23.201736)))"
gis_osm_pois_a_free,<NA>,1036616956,school,schools:gis_osm_pois_a_free:1036616956:school,OGC:CRS84,450110,OpenStreetMap,real,kept,<NA>,广西经济职业学院,education,school,108.1737692978106,23.2074388,,derived_from_source_layer_osm_id_fclass,smartbidata_task06_20260810,team_shared,team_shared_source,广西壮族自治区,南宁市,武鸣区,"MULTIPOLYGON (((108.170826 23.207804, 108.171177 23.206524, 108.173478 23.207074, 108.17385 23.206087, 108.174614 23.206106, 108.175006 23.205831, 108.17612 23.20585, 108.177204 23.206438, 108.175511 23.209303, 108.170826 23.207804)))"
gis_osm_pois_a_free,<NA>,1037240519,school,schools:gis_osm_pois_a_free:1037240519:school,OGC:CRS84,450105,OpenStreetMap,real,kept,<NA>,,education,school,108.22656962075571,22.81012915,,derived_from_source_layer_osm_id_fclass,smartbidata_task06_20260810,team_shared,team_shared_source,广西壮族自治区,南宁市,江南区,"MULTIPOLYGON (((108.224888 22.811278, 108.22493 22.808968, 108.228258 22.80898, 108.228202 22.811316, 108.224888 22.811278)))"
gis_osm_pois_a_free,<NA>,1043631348,school,schools:gis_osm_pois_a_free:1043631348:school,OGC:CRS84,450105,OpenStreetMap,real,kept,<NA>,广西商贸高级技工学校 (明阳校区),education,school,108.23120448383898,22.59217225,,derived_from_source_layer_osm_id_fclass,smartbidata_task06_20260810,team_shared,team_shared_source,广西壮族自治区,南宁市,江南区,"MULTIPOLYGON (((108.228084 22.593094, 108.228323 22.59073, 108.234578 22.59125, 108.233739 22.593487, 108.228084 22.593094)))"
gis_osm_pois_a_free,<NA>,1043631350,school,schools:gis_osm_pois_a_free:1043631350:school,OGC:CRS84,450105,OpenStreetMap,real,kept,<NA>,明阳第二中学,education,school,108.2371764730276,22.57177265,,derived_from_source_layer_osm_id_fclass,smartbidata_task06_20260810,team_shared,team_shared_source,广西壮族自治区,南宁市,江南区,"MULTIPOLYGON (((108.235896 22.571598, 108.235899 22.571473, 108.236151 22.571477, 108.2362 22.570506, 108.237409 22.570602, 108.23739 22.570895, 108.238235 22.571061, 108.237986 22.573002, 108.236988 22.572992, 108.237085 22.571977, 108.236253 22.571908, 108.236165 22.571638, 108.235896 22.571598)))"
gis_osm_pois_a_free,<NA>,1043631351,school,schools:gis_osm_pois_a_free:1043631351:school,OGC:CRS84,450105,OpenStreetMap,real,kept,<NA>,南宁市第五十六中学,education,school,108.23519233146995,22.57059445,,derived_from_source_layer_osm_id_fclass,smartbidata_task06_20260810,team_shared,team_shared_source,广西壮族自治区,南宁市,江南区,"MULTIPOLYGON (((108.234171 22.571371, 108.234288 22.569798, 108.23518 22.569818, 108.235186 22.569631, 108.236181 22.569654, 108.236133 22.571452, 108.235293 22.571433, 108.235276 22.572049, 108.234442 22.571995, 108.234171 22.571371)))"
gis_osm_pois_a_free,<NA>,1043631356,school,schools:gis_osm_pois_a_free:1043631356:school,OGC:CRS84,450105,OpenStreetMap,real,kept,<NA>,蓝天驾校 (明阳分校),education,school,108.23825605691525,22.57704315,,derived_from_source_layer_osm_id_fclass,smartbidata_task06_20260810,team_shared,team_shared_source,广西壮族自治区,南宁市,江南区,"MULTIPOLYGON (((108.237635 22.578224, 108.237821 22.576549, 108.238769 22.576574, 108.238724 22.577512, 108.23856 22.57773, 108.238412 22.578301, 108.237635 22.578224)))"
gis_osm_pois_a_free,<NA>,1043631357,college,schools:gis_osm_pois_a_free:1043631357:college,OGC:CRS84,450105,OpenStreetMap,real,kept,<NA>,广西演艺职业学院,education,college,108.23567514073845,22.57617455,,derived_from_source_layer_osm_id_fclass,smartbidata_task06_20260810,team_shared,team_shared_source,广西壮族自治区,南宁市,江南区,"MULTIPOLYGON (((108.233481 22.577877, 108.233921 22.573828, 108.237487 22.57408, 108.237669 22.575803, 108.237699 22.576546, 108.237639 22.577127, 108.237494 22.578178, 108.233481 22.577877)))"
gis_osm_pois_a_free,<NA>,1043631358,college,schools:gis_osm_pois_a_free:1043631358:college,OGC:CRS84,450105,OpenStreetMap,real,kept,<NA>,广西职业技术学院,education,college,108.23322057296684,22.58250525,,derived_from_source_layer_osm_id_fclass,smartbidata_task06_20260810,team_shared,team_shared_source,广西壮族自治区,南宁市,江南区,"MULTIPOLYGON (((108.228892 22.584113, 108.229385 22.578423, 108.229422 22.578171, 108.229506 22.578052, 108.229673 22.577996, 108.229847 22.577996, 108.234824 22.578374, 108.234824 22.580518, 108.236736 22.5807, 108.236835 22.58072, 108.236916 22.580764, 108.236953 22.580829, 108.236969 22.581002, 108.236994 22.581056, 108.237069 22.581104, 108.237168 22.581123, 108.237396 22.581131, 108.237436 22.581145, 108.237468 22.581178, 108.237485 22.581222, 108.237335 22.583789, 108.237364 22.583944, 108.237425 22.584066, 108.237484 22.584199, 108.2375 22.584266, 108.237468 22.584395, 108.237377 22.58461, 108.237344 22.58465, 108.237314 22.584666, 108.237238 22.584678, 108.229002 22.584262, 108.228935 22.584231, 108.228905 22.584183, 108.228892 22.584113)))"
gis_osm_pois_a_free,<NA>,1051846387,school,schools:gis_osm_pois_a_free:1051846387:school,OGC:CRS84,450102,OpenStreetMap,real,kept,<NA>,南宁市第九中学,education,school,108.31658210629283,22.8240687,,derived_from_source_layer_osm_id_fclass,smartbidata_task06_20260810,team_shared,team_shared_source,广西壮族自治区,南宁市,兴宁区,"MULTIPOLYGON (((108.315956 22.824157, 108.316027 22.823981, 108.316108 22.823883, 108.316275 22.823673, 108.316558 22.823416, 108.31661 22.823411, 108.316671 22.823406, 108.316728 22.823426, 108.317016 22.823669, 108.317343 22.823906, 108.317053 22.824183, 108.317262 22.824385, 108.316968 22.824587, 108.31677 22.824418, 108.316604 22.82448, 108.316377 22.824499, 108.315956 22.824157)))"
gis_osm_pois_a_free,<NA>,1052219610,school,schools:gis_osm_pois_a_free:1052219610:school,OGC:CRS84,450103,OpenStreetMap,real,kept,<NA>,南宁市三美学校,education,school,108.36257775102854,22.80435855,,derived_from_source_layer_osm_id_fclass,smartbidata_task06_20260810,team_shared,team_shared_source,广西壮族自治区,南宁市,青秀区,"MULTIPOLYGON (((108.361429 22.804207, 108.36237 22.803304, 108.3637 22.80451, 108.363044 22.805152, 108.361949 22.804614, 108.361429 22.804207)))"
gis_osm_pois_a_free,<NA>,1052220493,school,schools:gis_osm_pois_a_free:1052220493:school,OGC:CRS84,450103,OpenStreetMap,real,kept,<NA>,南宁市第29中学,education,school,108.35981634551894,22.8121071,,derived_from_source_layer_osm_id_fclass,smartbidata_task06_20260810,team_shared,team_shared_source,广西壮族自治区,南宁市,青秀区,"MULTIPOLYGON (((108.358772 22.812252, 108.359834 22.811276, 108.359982 22.811289, 108.360137 22.811352, 108.36048 22.811668, 108.360471 22.811956, 108.360708 22.811962, 108.360686 22.81267, 108.360394 22.812662, 108.36038 22.813112, 108.359683 22.813094, 108.358772 22.812252)))"
gis_osm_pois_a_free,<NA>,1052881851,school,schools:gis_osm_pois_a_free:1052881851:school,OGC:CRS84,450109,OpenStreetMap,real,kept,<NA>,南宁市邕宁区特殊教育学校,education,school,108.47156199666739,22.7544923,,derived_from_source_layer_osm_id_fclass,smartbidata_task06_20260810,team_shared,team_shared_source,广西壮族自治区,南宁市,邕宁区,"MULTIPOLYGON (((108.471062 22.754583, 108.471196 22.754395, 108.471703 22.753981, 108.472103 22.754402, 108.471455 22.754957, 108.471062 22.754583)))"
gis_osm_pois_a_free,<NA>,1054152286,school,schools:gis_osm_pois_a_free:1054152286:school,OGC:CRS84,450102,OpenStreetMap,real,kept,<NA>,南宁市九曲湾小学,education,school,108.41702373918508,22.88222305,,derived_from_source_layer_osm_id_fclass,smartbidata_task06_20260810,team_shared,team_shared_source,广西壮族自治区,南宁市,兴宁区,"MULTIPOLYGON (((108.416326 22.882415, 108.416819 22.881766, 108.416995 22.881853, 108.417064 22.88175, 108.417686 22.882031, 108.417197 22.882885, 108.416326 22.882415)))"
gis_osm_pois_a_free,<NA>,1054152287,school,schools:gis_osm_pois_a_free:1054152287:school,OGC:CRS84,450102,OpenStreetMap,real,kept,<NA>,三塘镇中心小学,education,school,108.41502157092407,22.8783804,,derived_from_source_layer_osm_id_fclass,smartbidata_task06_20260810,team_shared,team_shared_source,广西壮族自治区,南宁市,兴宁区,"MULTIPOLYGON (((108.414414 22.87865, 108.414887 22.877915, 108.415418 22.878178, 108.415493 22.878583, 108.415306 22.878939, 108.414414 22.87865)))"
gis_osm_pois_a_free,<NA>,1058439665,kindergarten,schools:gis_osm_pois_a_free:1058439665:kindergarten,OGC:CRS84,450109,OpenStreetMap,real,kept,<NA>,南宁哈罗小狮幼儿园,education,kindergarten,108.46656610422227,22.7660089,,derived_from_source_layer_osm_id_fclass,smartbidata_task06_20260810,team_shared,team_shared_source,广西壮族自治区,南宁市,邕宁区,"MULTIPOLYGON (((108.466066 22.765706, 108.466316 22.765647, 108.466439 22.765632, 108.466519 22.765653, 108.466617 22.765709, 108.467057 22.766308, 108.467067 22.766331, 108.467068 22.766352, 108.467054 22.766375, 108.466724 22.766576, 108.466066 22.765706)))"
gis_osm_pois_a_free,<NA>,1059583609,school,schools:gis_osm_pois_a_free:1059583609:school,OGC:CRS84,450105,OpenStreetMap,real,kept,<NA>,南宁市第十中学,education,school,108.3075910173551,22.80888445,,derived_from_source_layer_osm_id_fclass,smartbidata_task06_20260810,team_shared,team_shared_source,广西壮族自治区,南宁市,江南区,"MULTIPOLYGON (((108.30665 22.809284, 108.306704 22.809174, 108.306827 22.809001, 108.306838 22.808795, 108.307004 22.808492, 108.307325 22.808153, 108.307462 22.808083, 108.308321 22.808382, 108.308332 22.808648, 108.3084 22.808791, 108.308299 22.808974, 108.308169 22.809141, 108.307917 22.809337, 108.30779 22.80955, 108.307596 22.809806, 108.306784 22.809354, 108.30665 22.809284)))"
gis_osm_pois_a_free,<NA>,1061310520,college,schools:gis_osm_pois_a_free:1061310520:college,OGC:CRS84,450126,OpenStreetMap,real,kept,<NA>,南宁市卫生学校黎塘校区,education,college,109.1139045407753,23.19407305,,derived_from_source_layer_osm_id_fclass,smartbidata_task06_20260810,team_shared,team_shared_source,广西壮族自治区,南宁市,宾阳县,"MULTIPOLYGON (((109.111308 23.192446, 109.111709 23.192346, 109.112025 23.192257, 109.11194 23.191643, 109.112777 23.191487, 109.112984 23.192, 109.11342 23.192569, 109.113476 23.192832, 109.113441 23.19351, 109.114574 23.193778, 109.114935 23.19411, 109.115896 23.19441, 109.11521 23.196619, 109.114162 23.196366, 109.114151 23.196335, 109.114025 23.196103, 109.113808 23.195963, 109.11383 23.195652, 109.113916 23.19539, 109.113927 23.194899, 109.113812 23.194756, 109.113494 23.19454, 109.11309 23.194199, 109.112863 23.194036, 109.112644 23.193784, 109.112267 23.193607, 109.111928 23.193618, 109.111515 23.193484, 109.111357 23.192948, 109.111308 23.192446)))"
gis_osm_pois_a_free,<NA>,1061325229,school,schools:gis_osm_pois_a_free:1061325229:school,OGC:CRS84,450105,OpenStreetMap,real,kept,<NA>,广西理工职业技术学校,education,school,108.27329619718523,22.80097725,,derived_from_source_layer_osm_id_fclass,smartbidata_task06_20260810,team_shared,team_shared_source,广西壮族自治区,南宁市,江南区,"MULTIPOLYGON (((108.272086 22.800259, 108.274218 22.800231, 108.274675 22.801696, 108.273303 22.80178, 108.272235 22.802194, 108.272086 22.800259)))"
gis_osm_pois_a_free,<NA>,1061325230,school,schools:gis_osm_pois_a_free:1061325230:school,OGC:CRS84,450105,OpenStreetMap,real,kept,<NA>,广西理工职业技术学校（东区）,education,school,108.2753785919054,22.80060195,,derived_from_source_layer_osm_id_fclass,smartbidata_task06_20260810,team_shared,team_shared_source,广西壮族自治区,南宁市,江南区,"MULTIPOLYGON (((108.274341 22.800006, 108.274669 22.799905, 108.274972 22.799961, 108.2753 22.800079, 108.275937 22.800174, 108.276338 22.800196, 108.276053 22.801008, 108.276083 22.801226, 108.274936 22.801612, 108.274341 22.800006)))"
gis_osm_pois_a_free,<NA>,1065515358,school,schools:gis_osm_pois_a_free:1065515358:school,OGC:CRS84,450126,OpenStreetMap,real,kept,<NA>,宾阳县高级中学,education,school,108.82006535383721,23.2132848,,derived_from_source_layer_osm_id_fclass,smartbidata_task06_20260810,team_shared,team_shared_source,广西壮族自治区,南宁市,宾阳县,"MULTIPOLYGON (((108.818238 23.213103, 108.818478 23.212739, 108.818319 23.212657, 108.81864 23.212135, 108.821764 23.21286, 108.821054 23.214363, 108.820794 23.214545, 108.819696 23.214619, 108.819643 23.214243, 108.818723 23.21382, 108.818896 23.213467, 108.818238 23.213103)))"
gis_osm_pois_a_free,<NA>,1065939108,school,schools:gis_osm_pois_a_free:1065939108:school,OGC:CRS84,450105,OpenStreetMap,real,kept,<NA>,吴圩镇初级中学,education,school,108.23050537470922,22.6564012,,derived_from_source_layer_osm_id_fclass,smartbidata_task06_20260810,team_shared,team_shared_source,广西壮族自治区,南宁市,江南区,"MULTIPOLYGON (((108.229214 22.656599, 108.229916 22.65586, 108.229953 22.655821, 108.230299 22.655458, 108.230778 22.655701, 108.230869 22.655701, 108.231086 22.655594, 108.23168 22.656249, 108.231537 22.656554, 108.231992 22.656826, 108.231723 22.657241, 108.230696 22.657195, 108.230215 22.657246, 108.229411 22.656726, 108.229214 22.656599)))"
gis_osm_pois_a_free,<NA>,1075576458,college,schools:gis_osm_pois_a_free:1075576458:college,OGC:CRS84,450107,OpenStreetMap,real,kept,<NA>,广西金融职业技术学院（东校区）,education,college,108.24450899700943,22.8422944,,derived_from_source_layer_osm_id_fclass,smartbidata_task06_20260810,team_shared,team_shared_source,广西壮族自治区,南宁市,西乡塘区,"MULTIPOLYGON (((108.243288 22.841697, 108.244524 22.841666, 108.244524 22.841207, 108.24573 22.841148, 108.245704 22.842892, 108.245425 22.843018, 108.243657 22.843125, 108.243327 22.843062, 108.243288 22.841697)))"
gis_osm_pois_a_free,<NA>,1075576459,school,schools:gis_osm_pois_a_free:1075576459:school,OGC:CRS84,450107,OpenStreetMap,real,kept,<NA>,南宁市数字智能中等职业技术学校,education,school,108.24425142555295,22.8405048,,derived_from_source_layer_osm_id_fclass,smartbidata_task06_20260810,team_shared,team_shared_source,广西壮族自治区,南宁市,西乡塘区,"MULTIPOLYGON (((108.243202 22.83932, 108.243953 22.839324, 108.244696 22.839755, 108.245284 22.839937, 108.245262 22.841072, 108.243245 22.841151, 108.243202 22.83932)))"
gis_osm_pois_a_free,<NA>,1077574885,school,schools:gis_osm_pois_a_free:1077574885:school,OGC:CRS84,450123,OpenStreetMap,real,kept,<NA>,隆安县民族中学,education,school,107.69850167672726,23.17644385,,derived_from_source_layer_osm_id_fclass,smartbidata_task06_20260810,team_shared,team_shared_source,广西壮族自治区,南宁市,隆安县,"MULTIPOLYGON (((107.69733 23.175928, 107.698887 23.175336, 107.699498 23.175315, 107.699393 23.175507, 107.699129 23.17562, 107.699133 23.175716, 107.699181 23.175699, 107.699334 23.176007, 107.699479 23.176072, 107.699516 23.176268, 107.699453 23.176356, 107.699486 23.176531, 107.699528 23.176644, 107.699587 23.17675, 107.699647 23.176846, 107.69971 23.177028, 107.699736 23.177076, 107.699636 23.177175, 107.699259 23.17723, 107.698991 23.177302, 107.698667 23.177415, 107.698481 23.17749, 107.698253 23.177555, 107.697996 23.177476, 107.69797 23.177439, 107.697933 23.177452, 107.69733 23.175928)))"
gis_osm_pois_a_free,<NA>,1079663057,college,schools:gis_osm_pois_a_free:1079663057:college,OGC:CRS84,450102,OpenStreetMap,real,kept,<NA>,广西第一工业学校,education,college,108.3527152987663,22.85046255,,derived_from_source_layer_osm_id_fclass,smartbidata_task06_20260810,team_shared,team_shared_source,广西壮族自治区,南宁市,兴宁区,"MULTIPOLYGON (((108.350927 22.852064, 108.350939 22.851784, 108.351442 22.85123, 108.351686 22.850894, 108.351871 22.850617, 108.352025 22.849881, 108.352218 22.849494, 108.352506 22.849181, 108.352759 22.849086, 108.352905 22.848952, 108.353532 22.84822, 108.353905 22.848216, 108.353768 22.848956, 108.353871 22.849581, 108.353716 22.85034, 108.353339 22.850585, 108.352635 22.851962, 108.351957 22.852499, 108.350927 22.852064)))"
gis_osm_pois_a_free,<NA>,1079663062,college,schools:gis_osm_pois_a_free:1079663062:college,OGC:CRS84,450102,OpenStreetMap,real,kept,<NA>,广西交通技师学院（长堽校区）,education,college,108.34907155690047,22.84652285,,derived_from_source_layer_osm_id_fclass,smartbidata_task06_20260810,team_shared,team_shared_source,广西壮族自治区,南宁市,兴宁区,"MULTIPOLYGON (((108.348622 22.847581, 108.348635 22.846015, 108.35039 22.847031, 108.350386 22.847616, 108.348622 22.847581)))"
gis_osm_pois_a_free,<NA>,1079663064,university,schools:gis_osm_pois_a_free:1079663064:university,OGC:CRS84,450102,OpenStreetMap,real,kept,<NA>,南宁师范大学长堽校区,education,university,108.34516424126394,22.83772045,,derived_from_source_layer_osm_id_fclass,smartbidata_task06_20260810,team_shared,team_shared_source,广西壮族自治区,南宁市,兴宁区,"MULTIPOLYGON (((108.342869 22.836623, 108.342902 22.836473, 108.344006 22.836493, 108.344049 22.836324, 108.343999 22.836067, 108.344056 22.835968, 108.344266 22.836107, 108.344847 22.836453, 108.345922 22.836979, 108.346347 22.837248, 108.346583 22.837398, 108.346944 22.838043, 108.347025 22.838595, 108.347043 22.838749, 108.346914 22.838974, 108.346675 22.839078, 108.34648 22.839132, 108.346296 22.839254, 108.346148 22.839978, 108.344262 22.839932, 108.343688 22.839917, 108.343551 22.839324, 108.343634 22.838698, 108.343526 22.837165, 108.343331 22.837192, 108.343096 22.837092, 108.342869 22.836623)))"
gis_osm_pois_a_free,<NA>,1079663068,college,schools:gis_osm_pois_a_free:1079663068:college,OGC:CRS84,450102,OpenStreetMap,real,kept,<NA>,广西壮族自治区警官学校,education,college,108.34909328272073,22.83999795,,derived_from_source_layer_osm_id_fclass,smartbidata_task06_20260810,team_shared,team_shared_source,广西壮族自治区,南宁市,兴宁区,"MULTIPOLYGON (((108.347968 22.840564, 108.347998 22.839353, 108.34835 22.83929, 108.349552 22.83929, 108.349539 22.839416, 108.35017 22.839432, 108.350243 22.840619, 108.349522 22.840595, 108.349504 22.840971, 108.3495 22.841042, 108.350856 22.841082, 108.350723 22.841276, 108.35044 22.841699, 108.350303 22.841782, 108.348655 22.841533, 108.348268 22.841074, 108.348286 22.840615, 108.347968 22.840564)))"
gis_osm_pois_a_free,<NA>,1079663069,college,schools:gis_osm_pois_a_free:1079663069:college,OGC:CRS84,450102,OpenStreetMap,real,kept,<NA>,广西政法管理干部学院长堽校区,education,college,108.3483200175425,22.8428641,,derived_from_source_layer_osm_id_fclass,smartbidata_task06_20260810,team_shared,team_shared_source,广西壮族自治区,南宁市,兴宁区,"MULTIPOLYGON (((108.34718 22.842419, 108.347433 22.842348, 108.347691 22.842316, 108.34863 22.841885, 108.349098 22.842403, 108.348506 22.843309, 108.34718 22.842419)))"
gis_osm_pois_a_free,<NA>,1080850005,school,schools:gis_osm_pois_a_free:1080850005:school,OGC:CRS84,450126,OpenStreetMap,real,kept,<NA>,宾阳县思恩民族中学,education,school,108.81428047672958,23.2538519,,derived_from_source_layer_osm_id_fclass,smartbidata_task06_20260810,team_shared,team_shared_source,广西壮族自治区,南宁市,宾阳县,"MULTIPOLYGON (((108.812209 23.254388, 108.812368 23.253279, 108.812454 23.25329, 108.812474 23.253161, 108.813664 23.253316, 108.813699 23.253072, 108.8138 23.253085, 108.813834 23.252858, 108.813883 23.252864, 108.813925 23.252582, 108.81522 23.252765, 108.815188 23.252949, 108.815493 23.252976, 108.815504 23.25287, 108.81627 23.252939, 108.816412 23.253134, 108.816136 23.254575, 108.81516 23.25462, 108.81251 23.254575, 108.812209 23.254388)))"
gis_osm_pois_a_free,<NA>,1095806931,school,schools:gis_osm_pois_a_free:1095806931:school,OGC:CRS84,450109,OpenStreetMap,real,kept,<NA>,良信小学,education,school,108.52641987363384,22.72649865,,derived_from_source_layer_osm_id_fclass,smartbidata_task06_20260810,team_shared,team_shared_source,广西壮族自治区,南宁市,邕宁区,"MULTIPOLYGON (((108.525902 22.726405, 108.526309 22.726022, 108.526938 22.726592, 108.526531 22.726975, 108.525902 22.726405)))"
gis_osm_pois_a_free,<NA>,1116515059,school,schools:gis_osm_pois_a_free:1116515059:school,OGC:CRS84,450102,OpenStreetMap,real,kept,<NA>,南宁市第十四中学（三塘校区）,education,school,108.42739719435443,22.867804,,derived_from_source_layer_osm_id_fclass,smartbidata_task06_20260810,team_shared,team_shared_source,广西壮族自治区,南宁市,兴宁区,"MULTIPOLYGON (((108.424369 22.868851, 108.425083 22.867606, 108.425503 22.867783, 108.425577 22.86771, 108.425679 22.867792, 108.425699 22.867774, 108.425777 22.867816, 108.427007 22.865712, 108.429276 22.866798, 108.429364 22.867039, 108.428993 22.867841, 108.428848 22.868061, 108.428486 22.868473, 108.427711 22.869176, 108.426808 22.869876, 108.426738 22.869855, 108.426721 22.869912, 108.424994 22.869036, 108.424369 22.868851)))"
gis_osm_pois_a_free,<NA>,1119293087,school,schools:gis_osm_pois_a_free:1119293087:school,OGC:CRS84,450103,OpenStreetMap,real,kept,<NA>,新民中学（凤岭校区）,education,school,108.4172317462473,22.83007695,,derived_from_source_layer_osm_id_fclass,smartbidata_task06_20260810,team_shared,team_shared_source,广西壮族自治区,南宁市,青秀区,"MULTIPOLYGON (((108.416355 22.828908, 108.417363 22.829039, 108.417389 22.82966, 108.418106 22.829672, 108.418106 22.830743, 108.416359 22.830482, 108.416355 22.828908)))"
gis_osm_pois_a_free,<NA>,1119293088,school,schools:gis_osm_pois_a_free:1119293088:school,OGC:CRS84,450103,OpenStreetMap,real,kept,<NA>,凤岭北路中学,education,school,108.41170495709713,22.82599275,,derived_from_source_layer_osm_id_fclass,smartbidata_task06_20260810,team_shared,team_shared_source,广西壮族自治区,南宁市,青秀区,"MULTIPOLYGON (((108.410425 22.82536, 108.410915 22.825383, 108.413211 22.825332, 108.413073 22.825616, 108.412611 22.826637, 108.412319 22.827021, 108.412125 22.827133, 108.411912 22.827155, 108.411706 22.827138, 108.41153 22.827066, 108.411245 22.826965, 108.410959 22.826914, 108.410626 22.826903, 108.410556 22.826369, 108.410425 22.82536)))"
gis_osm_pois_a_free,<NA>,1119293091,school,schools:gis_osm_pois_a_free:1119293091:school,OGC:CRS84,450103,OpenStreetMap,real,kept,<NA>,北京大学南宁附属实验学校,education,school,108.40265222998448,22.82288565,,derived_from_source_layer_osm_id_fclass,smartbidata_task06_20260810,team_shared,team_shared_source,广西壮族自治区,南宁市,青秀区,"MULTIPOLYGON (((108.40132 22.822305, 108.401365 22.822151, 108.401466 22.822099, 108.401654 22.822107, 108.401888 22.822214, 108.402124 22.82237, 108.402373 22.822445, 108.402617 22.822427, 108.402799 22.822367, 108.403005 22.822204, 108.403138 22.822104, 108.403227 22.821913, 108.403288 22.821786, 108.403369 22.82175, 108.403554 22.821652, 108.403632 22.821552, 108.40366 22.821392, 108.403855 22.821399, 108.403917 22.821954, 108.403938 22.822975, 108.40387 22.823448, 108.403679 22.824053, 108.403567 22.824183, 108.403466 22.824209, 108.403332 22.824206, 108.402585 22.823804, 108.401972 22.823494, 108.401636 22.823401, 108.401524 22.823298, 108.401404 22.823094, 108.401352 22.822796, 108.40132 22.822305)))"
gis_osm_pois_a_free,<NA>,1119293093,university,schools:gis_osm_pois_a_free:1119293093:university,OGC:CRS84,450103,OpenStreetMap,real,kept,<NA>,广西老年大学,education,university,108.39115461702663,22.8200698,,derived_from_source_layer_osm_id_fclass,smartbidata_task06_20260810,team_shared,team_shared_source,广西壮族自治区,南宁市,青秀区,"MULTIPOLYGON (((108.390427 22.821059, 108.390482 22.819031, 108.391136 22.819046, 108.391713 22.819096, 108.39185 22.819214, 108.391885 22.819551, 108.391826 22.820589, 108.391758 22.820992, 108.391574 22.821186, 108.390427 22.821059)))"
gis_osm_pois_a_free,<NA>,1119293094,school,schools:gis_osm_pois_a_free:1119293094:school,OGC:CRS84,450103,OpenStreetMap,real,kept,<NA>,南宁市第四十七中学（凤翔校区）,education,school,108.38115494407721,22.8264998,,derived_from_source_layer_osm_id_fclass,smartbidata_task06_20260810,team_shared,team_shared_source,广西壮族自治区,南宁市,青秀区,"MULTIPOLYGON (((108.379513 22.82775, 108.379541 22.82722, 108.379653 22.82713, 108.380124 22.827102, 108.380464 22.827004, 108.380961 22.825975, 108.381197 22.825656, 108.381762 22.825566, 108.381859 22.825995, 108.381272 22.827149, 108.381259 22.827373, 108.381416 22.82738, 108.381414 22.827861, 108.379513 22.82775)))"
gis_osm_pois_a_free,<NA>,1119293097,school,schools:gis_osm_pois_a_free:1119293097:school,OGC:CRS84,450103,OpenStreetMap,real,kept,<NA>,凤翔路小学,education,school,108.37860857529077,22.8263696,,derived_from_source_layer_osm_id_fclass,smartbidata_task06_20260810,team_shared,team_shared_source,广西壮族自治区,南宁市,青秀区,"MULTIPOLYGON (((108.377947 22.825734, 108.379262 22.825727, 108.37927 22.827005, 108.377955 22.827012, 108.377947 22.825734)))"
gis_osm_pois_a_free,<NA>,1119293099,school,schools:gis_osm_pois_a_free:1119293099:school,OGC:CRS84,450103,OpenStreetMap,real,kept,<NA>,南宁市第五十四中学,education,school,108.37116199859297,22.82744695,,derived_from_source_layer_osm_id_fclass,smartbidata_task06_20260810,team_shared,team_shared_source,广西壮族自治区,南宁市,青秀区,"MULTIPOLYGON (((108.370131 22.826805, 108.37204 22.82681, 108.3718 22.828084, 108.370682 22.828098, 108.370131 22.826805)))"
gis_osm_pois_a_free,<NA>,1119293100,school,schools:gis_osm_pois_a_free:1119293100:school,OGC:CRS84,450103,OpenStreetMap,real,kept,<NA>,埌东小学,education,school,108.37133999432623,22.82624865,,derived_from_source_layer_osm_id_fclass,smartbidata_task06_20260810,team_shared,team_shared_source,广西壮族自治区,南宁市,青秀区,"MULTIPOLYGON (((108.37051 22.826746, 108.370525 22.825751, 108.372268 22.825733, 108.372061 22.826749, 108.37051 22.826746)))"
gis_osm_pois_a_free,<NA>,1119614778,school,schools:gis_osm_pois_a_free:1119614778:school,OGC:CRS84,450103,OpenStreetMap,real,kept,<NA>,凤翔路小学,education,school,108.38184568630717,22.82067555,,derived_from_source_layer_osm_id_fclass,smartbidata_task06_20260810,team_shared,team_shared_source,广西壮族自治区,南宁市,青秀区,"MULTIPOLYGON (((108.38121 22.820614, 108.382478 22.819881, 108.382437 22.820972, 108.382058 22.821425, 108.381276 22.820737, 108.38121 22.820614)))"
gis_osm_pois_a_free,<NA>,1119614779,school,schools:gis_osm_pois_a_free:1119614779:school,OGC:CRS84,450103,OpenStreetMap,real,kept,<NA>,月湾路小学,education,school,108.38970921019418,22.8182328,,derived_from_source_layer_osm_id_fclass,smartbidata_task06_20260810,team_shared,team_shared_source,广西壮族自治区,南宁市,青秀区,"MULTIPOLYGON (((108.388859 22.818007, 108.390562 22.817923, 108.390558 22.818459, 108.390735 22.818466, 108.390732 22.818708, 108.388859 22.818765, 108.388859 22.818007)))"
gis_osm_pois_a_free,<NA>,1120161885,school,schools:gis_osm_pois_a_free:1120161885:school,OGC:CRS84,450103,OpenStreetMap,real,kept,<NA>,民主路小学（佛子岭校区）,education,school,108.39564971774723,22.83383195,,derived_from_source_layer_osm_id_fclass,smartbidata_task06_20260810,team_shared,team_shared_source,广西壮族自治区,南宁市,青秀区,"MULTIPOLYGON (((108.395061 22.834076, 108.39509 22.832982, 108.395942 22.833009, 108.396043 22.833045, 108.396151 22.833328, 108.396238 22.833588, 108.396223 22.834203, 108.396169 22.834326, 108.396093 22.834382, 108.395061 22.834076)))"
gis_osm_pois_a_free,<NA>,1120161887,school,schools:gis_osm_pois_a_free:1120161887:school,OGC:CRS84,450103,OpenStreetMap,real,kept,<NA>,云景路小学,education,school,108.40956696345789,22.8289437,,derived_from_source_layer_osm_id_fclass,smartbidata_task06_20260810,team_shared,team_shared_source,广西壮族自治区,南宁市,青秀区,"MULTIPOLYGON (((108.40867 22.829654, 108.408746 22.829434, 108.40919 22.828148, 108.41037 22.828414, 108.410409 22.828454, 108.409814 22.829987, 108.40867 22.829654)))"
gis_osm_pois_a_free,<NA>,1120583871,school,schools:gis_osm_pois_a_free:1120583871:school,OGC:CRS84,450102,OpenStreetMap,real,kept,<NA>,天桃实验学校（嘉和城校区）,education,school,108.45364068062207,22.91478095,,derived_from_source_layer_osm_id_fclass,smartbidata_task06_20260810,team_shared,team_shared_source,广西壮族自治区,南宁市,兴宁区,"MULTIPOLYGON (((108.45168 22.91424, 108.452425 22.913735, 108.452919 22.913254, 108.453631 22.913666, 108.454649 22.913501, 108.455129 22.914205, 108.455085 22.916289, 108.453802 22.916302, 108.453617 22.916307, 108.453509 22.916281, 108.452649 22.915321, 108.45168 22.91424)))"
gis_osm_pois_a_free,<NA>,1123302783,university,schools:gis_osm_pois_a_free:1123302783:university,OGC:CRS84,450107,OpenStreetMap,real,kept,<NA>,桂林理工大学南宁分校,education,university,108.2950922305498,22.85916635,,derived_from_source_layer_osm_id_fclass,smartbidata_task06_20260810,team_shared,team_shared_source,广西壮族自治区,南宁市,西乡塘区,"MULTIPOLYGON (((108.293151 22.859267, 108.293413 22.858254, 108.293806 22.858075, 108.294228 22.858236, 108.294687 22.85869, 108.295138 22.858891, 108.29645 22.859066, 108.296501 22.858907, 108.297064 22.858993, 108.296693 22.86013, 108.295598 22.859933, 108.295533 22.860228, 108.294665 22.860024, 108.29475 22.859639, 108.293151 22.859267)))"
gis_osm_pois_a_free,<NA>,1126472006,school,schools:gis_osm_pois_a_free:1126472006:school,OGC:CRS84,450103,OpenStreetMap,real,kept,<NA>,滨湖路小学长虹校区,education,school,108.37722883475519,22.8448769,,derived_from_source_layer_osm_id_fclass,smartbidata_task06_20260810,team_shared,team_shared_source,广西壮族自治区,南宁市,青秀区,"MULTIPOLYGON (((108.376294 22.844545, 108.376603 22.843568, 108.3772 22.843635, 108.377268 22.843793, 108.377843 22.844193, 108.377363 22.84581, 108.376715 22.845644, 108.376878 22.84509, 108.376758 22.844663, 108.376294 22.844545)))"
gis_osm_pois_a_free,<NA>,1130543008,college,schools:gis_osm_pois_a_free:1130543008:college,OGC:CRS84,450108,OpenStreetMap,real,kept,<NA>,广西轻工技师学院,education,college,108.33488857034916,22.73034765,,derived_from_source_layer_osm_id_fclass,smartbidata_task06_20260810,team_shared,team_shared_source,广西壮族自治区,南宁市,良庆区,"MULTIPOLYGON (((108.334267 22.729699, 108.334604 22.729527, 108.335395 22.730643, 108.334976 22.73089, 108.334382 22.730052, 108.334267 22.729699)))"
gis_osm_pois_a_free,<NA>,1130543019,school,schools:gis_osm_pois_a_free:1130543019:school,OGC:CRS84,450108,OpenStreetMap,real,kept,<NA>,南宁市琼林学校,education,school,108.32144842488643,22.71938655,,derived_from_source_layer_osm_id_fclass,smartbidata_task06_20260810,team_shared,team_shared_source,广西壮族自治区,南宁市,良庆区,"MULTIPOLYGON (((108.320501 22.719104, 108.321016 22.718197, 108.321342 22.718268, 108.322596 22.718811, 108.32163 22.720418, 108.321257 22.71997, 108.320793 22.71967, 108.320501 22.719104)))"
gis_osm_pois_a_free,<NA>,1130560646,school,schools:gis_osm_pois_a_free:1130560646:school,OGC:CRS84,450107,OpenStreetMap,real,kept,<NA>,南宁市罗文学校,education,school,108.19390239496053,22.82855475,,derived_from_source_layer_osm_id_fclass,smartbidata_task06_20260810,team_shared,team_shared_source,广西壮族自治区,南宁市,西乡塘区,"MULTIPOLYGON (((108.193361 22.827228, 108.193596 22.82704, 108.194402 22.827068, 108.194413 22.829881, 108.193433 22.829881, 108.193361 22.827228)))"
gis_osm_pois_a_free,<NA>,1130560655,college,schools:gis_osm_pois_a_free:1130560655:college,OGC:CRS84,450107,OpenStreetMap,real,kept,<NA>,南宁市人民警察训练学校,education,college,108.21173179549069,22.8378956,,derived_from_source_layer_osm_id_fclass,smartbidata_task06_20260810,team_shared,team_shared_source,广西壮族自治区,南宁市,西乡塘区,"MULTIPOLYGON (((108.210624 22.837623, 108.211611 22.836741, 108.21159 22.837641, 108.212841 22.837665, 108.21283 22.838126, 108.212808 22.838952, 108.212777 22.838952, 108.211301 22.838955, 108.210645 22.838956, 108.210624 22.837623)))"
gis_osm_pois_a_free,<NA>,1133251257,school,schools:gis_osm_pois_a_free:1133251257:school,OGC:CRS84,450105,OpenStreetMap,real,kept,<NA>,高岭小学,education,school,108.28997588264582,22.7437054,,derived_from_source_layer_osm_id_fclass,smartbidata_task06_20260810,team_shared,team_shared_source,广西壮族自治区,南宁市,江南区,"MULTIPOLYGON (((108.289277 22.743399, 108.289509 22.743147, 108.289833 22.743086, 108.290275 22.743091, 108.29043 22.743434, 108.290566 22.743449, 108.290572 22.743482, 108.29066 22.743929, 108.290007 22.74402, 108.289384 22.743962, 108.289277 22.743399)))"
gis_osm_pois_a_free,<NA>,1135708642,school,schools:gis_osm_pois_a_free:1135708642:school,OGC:CRS84,450103,OpenStreetMap,real,kept,<NA>,刘圩镇中学,education,school,108.64853338831671,22.7261587,,derived_from_source_layer_osm_id_fclass,smartbidata_task06_20260810,team_shared,team_shared_source,广西壮族自治区,南宁市,青秀区,"MULTIPOLYGON (((108.646099 22.726448, 108.646579 22.725869, 108.646574 22.725634, 108.64664 22.725408, 108.64686 22.725238, 108.647166 22.72505, 108.6476 22.725008, 108.647957 22.725154, 108.648738 22.725083, 108.649125 22.725074, 108.650039 22.72481, 108.65083 22.724876, 108.650856 22.725191, 108.650845 22.725841, 108.650616 22.726462, 108.650651 22.726651, 108.65056 22.726919, 108.650075 22.727022, 108.649299 22.727357, 108.649217 22.727277, 108.649054 22.727107, 108.648834 22.727262, 108.648508 22.727225, 108.648151 22.726966, 108.647885 22.727008, 108.647558 22.727381, 108.647446 22.727507, 108.646227 22.726641, 108.646099 22.726448)))"
gis_osm_pois_a_free,<NA>,1144644787,school,schools:gis_osm_pois_a_free:1144644787:school,OGC:CRS84,450103,OpenStreetMap,real,kept,<NA>,,education,school,108.65236347098333,22.830748,,derived_from_source_layer_osm_id_fclass,smartbidata_task06_20260810,team_shared,team_shared_source,广西壮族自治区,南宁市,青秀区,"MULTIPOLYGON (((108.651009 22.830204, 108.651786 22.829994, 108.651859 22.82984, 108.652563 22.829611, 108.652902 22.829959, 108.65319 22.830291, 108.653254 22.830477, 108.653155 22.830663, 108.653078 22.830794, 108.653065 22.831134, 108.653035 22.831379, 108.65282 22.831486, 108.652773 22.831893, 108.652263 22.831806, 108.652168 22.83149, 108.652104 22.831272, 108.65158 22.830702, 108.651164 22.830584, 108.651009 22.830204)))"
gis_osm_pois_a_free,<NA>,1145190168,school,schools:gis_osm_pois_a_free:1145190168:school,OGC:CRS84,450103,OpenStreetMap,real,kept,<NA>,南宁市红星学校,education,school,108.426621008066,22.8471422,,derived_from_source_layer_osm_id_fclass,smartbidata_task06_20260810,team_shared,team_shared_source,广西壮族自治区,南宁市,青秀区,"MULTIPOLYGON (((108.426289 22.847612, 108.426377 22.847232, 108.426389 22.847011, 108.426474 22.8466, 108.426884 22.846572, 108.426884 22.847053, 108.426832 22.847248, 108.426668 22.84773, 108.426289 22.847612)))"
gis_osm_pois_a_free,<NA>,1148221621,school,schools:gis_osm_pois_a_free:1148221621:school,OGC:CRS84,450107,OpenStreetMap,real,kept,<NA>,南宁第24中学,education,school,108.30926679917627,22.87050485,,derived_from_source_layer_osm_id_fclass,smartbidata_task06_20260810,team_shared,team_shared_source,广西壮族自治区,南宁市,西乡塘区,"MULTIPOLYGON (((108.307755 22.87074, 108.30787 22.87, 108.308712 22.8701, 108.308729 22.869993, 108.310617 22.870187, 108.310746 22.87027, 108.310728 22.871425, 108.308765 22.871232, 108.307755 22.87074)))"
gis_osm_pois_a_free,<NA>,1150900766,school,schools:gis_osm_pois_a_free:1150900766:school,OGC:CRS84,450110,OpenStreetMap,real,kept,<NA>,东盟经济技术开发区中心小学,education,school,108.15982086730445,23.20471645,,derived_from_source_layer_osm_id_fclass,smartbidata_task06_20260810,team_shared,team_shared_source,广西壮族自治区,南宁市,武鸣区,"MULTIPOLYGON (((108.158106 23.204228, 108.158358 23.204067, 108.15985 23.203648, 108.160047 23.203989, 108.160321 23.203752, 108.161248 23.204633, 108.161234 23.2048, 108.161107 23.204945, 108.160862 23.205091, 108.159974 23.205949, 108.158805 23.20488, 108.158499 23.20488, 108.158106 23.204228)))"
gis_osm_pois_a_free,<NA>,1153630715,school,schools:gis_osm_pois_a_free:1153630715:school,OGC:CRS84,450107,OpenStreetMap,real,kept,<NA>,广西纺织工业学校,education,school,108.25105443517629,22.83902515,,derived_from_source_layer_osm_id_fclass,smartbidata_task06_20260810,team_shared,team_shared_source,广西壮族自治区,南宁市,西乡塘区,"MULTIPOLYGON (((108.250036 22.840533, 108.250482 22.838373, 108.251061 22.838508, 108.251152 22.83829, 108.25177 22.83846, 108.251754 22.839542, 108.251739 22.840596, 108.251084 22.840591, 108.250113 22.840584, 108.250036 22.840533)))"
gis_osm_pois_a_free,<NA>,1155824024,college,schools:gis_osm_pois_a_free:1155824024:college,OGC:CRS84,450107,OpenStreetMap,real,kept,<NA>,广西工商学校,education,college,108.25681002325588,22.84931545,,derived_from_source_layer_osm_id_fclass,smartbidata_task06_20260810,team_shared,team_shared_source,广西壮族自治区,南宁市,西乡塘区,"MULTIPOLYGON (((108.255543 22.84942, 108.255604 22.848808, 108.256027 22.848489, 108.256763 22.84829, 108.256886 22.848349, 108.256871 22.848832, 108.256958 22.848838, 108.256936 22.849211, 108.258066 22.849211, 108.258073 22.849939, 108.257939 22.849936, 108.257925 22.850215, 108.257466 22.850222, 108.25716 22.850225, 108.257228 22.850358, 108.257203 22.850508, 108.256543 22.850491, 108.256557 22.850006, 108.255705 22.850012, 108.255633 22.849816, 108.255543 22.84942)))"
gis_osm_pois_a_free,<NA>,1155824025,college,schools:gis_osm_pois_a_free:1155824025:college,OGC:CRS84,450107,OpenStreetMap,real,kept,<NA>,广西电力职业技术学院,education,college,108.2654337122128,22.85433275,,derived_from_source_layer_osm_id_fclass,smartbidata_task06_20260810,team_shared,team_shared_source,广西壮族自治区,南宁市,西乡塘区,"MULTIPOLYGON (((108.263262 22.855637, 108.263286 22.85346, 108.2676 22.8535, 108.267577 22.855618, 108.266412 22.855608, 108.266417 22.855185, 108.264197 22.855165, 108.264192 22.855646, 108.263262 22.855637)))"
gis_osm_pois_a_free,<NA>,1159648780,school,schools:gis_osm_pois_a_free:1159648780:school,OGC:CRS84,450105,OpenStreetMap,real,kept,<NA>,南宁经济技术开发区星光初级中学,education,school,108.30098148474897,22.77406475,,derived_from_source_layer_osm_id_fclass,smartbidata_task06_20260810,team_shared,team_shared_source,广西壮族自治区,南宁市,江南区,"MULTIPOLYGON (((108.300011 22.774931, 108.300045 22.77319, 108.301959 22.773198, 108.301908 22.775042, 108.300011 22.774931)))"
gis_osm_pois_a_free,<NA>,1159648786,school,schools:gis_osm_pois_a_free:1159648786:school,OGC:CRS84,450105,OpenStreetMap,real,kept,<NA>,金凯路小学,education,school,108.30306993520128,22.7759633,,derived_from_source_layer_osm_id_fclass,smartbidata_task06_20260810,team_shared,team_shared_source,广西壮族自治区,南宁市,江南区,"MULTIPOLYGON (((108.302197 22.776656, 108.302422 22.775222, 108.303869 22.77527, 108.303795 22.776754, 108.302197 22.776656)))"
gis_osm_pois_a_free,<NA>,1159652999,school,schools:gis_osm_pois_a_free:1159652999:school,OGC:CRS84,450107,OpenStreetMap,real,kept,<NA>,那龙小学,education,school,108.01088466036862,22.965161,,derived_from_source_layer_osm_id_fclass,smartbidata_task06_20260810,team_shared,team_shared_source,广西壮族自治区,南宁市,西乡塘区,"MULTIPOLYGON (((108.010083 22.965294, 108.01027 22.964699, 108.010624 22.964297, 108.0117 22.965028, 108.011414 22.965719, 108.011079 22.965802, 108.010934 22.965779, 108.011007 22.965517, 108.010083 22.965294)))"
gis_osm_pois_a_free,<NA>,1159657908,school,schools:gis_osm_pois_a_free:1159657908:school,OGC:CRS84,450110,OpenStreetMap,real,kept,<NA>,,education,school,108.15094247560405,23.38907565,,derived_from_source_layer_osm_id_fclass,smartbidata_task06_20260810,team_shared,team_shared_source,广西壮族自治区,南宁市,武鸣区,"MULTIPOLYGON (((108.149916 23.389654, 108.150442 23.388291, 108.15182 23.388497, 108.151626 23.39001, 108.150661 23.38993, 108.149916 23.389654)))"
gis_osm_pois_a_free,<NA>,1160101936,school,schools:gis_osm_pois_a_free:1160101936:school,OGC:CRS84,450102,OpenStreetMap,real,kept,<NA>,兴园路初中,education,school,108.35110212525939,22.8732296,,derived_from_source_layer_osm_id_fclass,smartbidata_task06_20260810,team_shared,team_shared_source,广西壮族自治区,南宁市,兴宁区,"MULTIPOLYGON (((108.349458 22.872458, 108.350086 22.872435, 108.352679 22.872195, 108.352745 22.872303, 108.352658 22.874001, 108.349556 22.87402, 108.349458 22.872458)))"
gis_osm_pois_a_free,<NA>,1160241027,school,schools:gis_osm_pois_a_free:1160241027:school,OGC:CRS84,450107,OpenStreetMap,real,kept,<NA>,南宁市第28中学,education,school,108.31450212803989,22.85295895,,derived_from_source_layer_osm_id_fclass,smartbidata_task06_20260810,team_shared,team_shared_source,广西壮族自治区,南宁市,西乡塘区,"MULTIPOLYGON (((108.312843 22.851634, 108.315684 22.851911, 108.315491 22.853501, 108.314238 22.853552, 108.313353 22.853386, 108.313542 22.852532, 108.313366 22.852492, 108.313014 22.8522, 108.312898 22.851994, 108.312843 22.851634)))"
gis_osm_pois_a_free,<NA>,1169371964,university,schools:gis_osm_pois_a_free:1169371964:university,OGC:CRS84,450110,OpenStreetMap,real,kept,<NA>,,education,university,108.3028717767005,23.13614585,,derived_from_source_layer_osm_id_fclass,smartbidata_task06_20260810,team_shared,team_shared_source,广西壮族自治区,南宁市,武鸣区,"MULTIPOLYGON (((108.299052 23.138446, 108.299305 23.133505, 108.299379 23.13342, 108.306022 23.13363, 108.307026 23.133607, 108.307113 23.133987, 108.306958 23.135313, 108.306897 23.135647, 108.306601 23.1358, 108.306546 23.136492, 108.30715 23.136571, 108.307199 23.137336, 108.307328 23.137404, 108.307704 23.137302, 108.307821 23.137483, 108.308031 23.137721, 108.30824 23.137812, 108.308222 23.138203, 108.308271 23.138288, 108.308271 23.138537, 108.299207 23.138605, 108.299052 23.138446)))"
gis_osm_pois_a_free,<NA>,1179981101,university,schools:gis_osm_pois_a_free:1179981101:university,OGC:CRS84,450105,OpenStreetMap,real,kept,<NA>,广西民族大学相思湖学院,education,university,108.26326157813018,22.6901097,,derived_from_source_layer_osm_id_fclass,smartbidata_task06_20260810,team_shared,team_shared_source,广西壮族自治区,南宁市,江南区,"MULTIPOLYGON (((108.255836 22.689304, 108.255875 22.688116, 108.256052 22.687394, 108.256356 22.686973, 108.257004 22.686738, 108.257874 22.686542, 108.258533 22.686408, 108.261049 22.686199, 108.262268 22.686126, 108.262601 22.686196, 108.263588 22.686235, 108.264028 22.686552, 108.264157 22.686235, 108.264575 22.686047, 108.265369 22.685938, 108.266023 22.686285, 108.266581 22.686701, 108.267236 22.686958, 108.267171 22.687334, 108.268051 22.687285, 108.268416 22.687463, 108.268598 22.687037, 108.268942 22.686602, 108.269242 22.68673, 108.268738 22.687522, 108.268851 22.688018, 108.269239 22.688152, 108.269458 22.688074, 108.269598 22.688147, 108.26957 22.688458, 108.269837 22.689334, 108.269875 22.689601, 108.269778 22.689753, 108.269834 22.689925, 108.269887 22.689924, 108.270139 22.689934, 108.27056 22.689721, 108.270599 22.689872, 108.270486 22.690391, 108.26993 22.690773, 108.268866 22.691391, 108.267968 22.691885, 108.267543 22.692242, 108.264727 22.692948, 108.264167 22.693704, 108.263994 22.693583, 108.263966 22.693647, 108.263481 22.693562, 108.263438 22.693661, 108.263077 22.693488, 108.262879 22.693688, 108.262626 22.693617, 108.262542 22.693994, 108.262117 22.693798, 108.262117 22.693397, 108.26172 22.693176, 108.261321 22.693336, 108.259844 22.692442, 108.260586 22.69121, 108.25987 22.690755, 108.259827 22.690644, 108.259983 22.69048, 108.259835 22.690357, 108.25973 22.690336, 108.259262 22.690703, 108.259019 22.690857, 108.25851 22.691662, 108.257788 22.691203, 108.257768 22.690932, 108.257398 22.69074, 108.25715 22.690848, 108.256007 22.690286, 108.255836 22.689304)))"
gis_osm_pois_a_free,<NA>,1184830231,college,schools:gis_osm_pois_a_free:1184830231:college,OGC:CRS84,450107,OpenStreetMap,real,kept,<NA>,广西工商职业技术学院（东校区）,education,college,108.28474996921341,22.81508785,,derived_from_source_layer_osm_id_fclass,smartbidata_task06_20260810,team_shared,team_shared_source,广西壮族自治区,南宁市,西乡塘区,"MULTIPOLYGON (((108.28369 22.814827, 108.283969 22.814645, 108.283974 22.814079, 108.284201 22.813743, 108.284879 22.813328, 108.285853 22.81332, 108.285853 22.813518, 108.285652 22.813514, 108.285647 22.813844, 108.285635 22.814744, 108.285637 22.814809, 108.285638 22.814853, 108.285631 22.815186, 108.285628 22.815296, 108.285633 22.815449, 108.285367 22.815895, 108.285304 22.816016, 108.284974 22.816966, 108.284795 22.8169, 108.284869 22.816763, 108.284857 22.816779, 108.284364 22.816492, 108.28466 22.816022, 108.284283 22.815567, 108.283781 22.81523, 108.283926 22.814989, 108.28369 22.814827)))"
gis_osm_pois_a_free,<NA>,1184830232,school,schools:gis_osm_pois_a_free:1184830232:school,OGC:CRS84,450107,OpenStreetMap,real,kept,<NA>,南宁市第十五中学,education,school,108.28598192553022,22.8159553,,derived_from_source_layer_osm_id_fclass,smartbidata_task06_20260810,team_shared,team_shared_source,广西壮族自治区,南宁市,西乡塘区,"MULTIPOLYGON (((108.284967 22.816984, 108.284974 22.816966, 108.285304 22.816016, 108.285367 22.815895, 108.285633 22.815449, 108.285628 22.815296, 108.285631 22.815186, 108.285638 22.814853, 108.285635 22.814744, 108.285665 22.814761, 108.286348 22.815131, 108.286489 22.815208, 108.286512 22.81522, 108.286416 22.815388, 108.28684 22.815619, 108.286831 22.815634, 108.286797 22.815688, 108.28644 22.816254, 108.286576 22.816326, 108.286603 22.81638, 108.286865 22.816505, 108.286749 22.81671, 108.286383 22.816516, 108.286346 22.816496, 108.286303 22.816565, 108.285967 22.816386, 108.285436 22.817237, 108.285236 22.817124, 108.284967 22.816984)))"
gis_osm_pois_a_free,<NA>,1184830233,college,schools:gis_osm_pois_a_free:1184830233:college,OGC:CRS84,450107,OpenStreetMap,real,kept,<NA>,广西南宁技师学院,education,college,108.3240686427435,22.85151725,,derived_from_source_layer_osm_id_fclass,smartbidata_task06_20260810,team_shared,team_shared_source,广西壮族自治区,南宁市,西乡塘区,"MULTIPOLYGON (((108.323206 22.851116, 108.323215 22.850958, 108.324507 22.851041, 108.324425 22.851974, 108.323644 22.851891, 108.3237 22.851144, 108.323206 22.851116)))"
gis_osm_pois_a_free,<NA>,1184830234,college,schools:gis_osm_pois_a_free:1184830234:college,OGC:CRS84,450102,OpenStreetMap,real,kept,<NA>,广西交通技师学院,education,college,108.33205097083754,22.8624833,,derived_from_source_layer_osm_id_fclass,smartbidata_task06_20260810,team_shared,team_shared_source,广西壮族自治区,南宁市,兴宁区,"MULTIPOLYGON (((108.330372 22.862244, 108.33114 22.861608, 108.333501 22.861536, 108.3332 22.862181, 108.333008 22.862971, 108.331825 22.863103, 108.33183 22.863498, 108.331588 22.863498, 108.331578 22.863689, 108.330962 22.863694, 108.330965 22.863421, 108.330973 22.86266, 108.330977 22.862306, 108.330372 22.862244)))"
gis_osm_pois_a_free,<NA>,1184830239,college,schools:gis_osm_pois_a_free:1184830239:college,OGC:CRS84,450102,OpenStreetMap,real,kept,<NA>,南宁医药技工学校,education,college,108.3322942640826,22.8558928,,derived_from_source_layer_osm_id_fclass,smartbidata_task06_20260810,team_shared,team_shared_source,广西壮族自治区,南宁市,兴宁区,"MULTIPOLYGON (((108.331767 22.85553, 108.332047 22.855227, 108.33282 22.855227, 108.332809 22.856858, 108.332462 22.856865, 108.332466 22.856742, 108.332294 22.856648, 108.33229 22.856256, 108.331778 22.856256, 108.331767 22.85553)))"
gis_osm_pois_a_free,<NA>,1184830240,school,schools:gis_osm_pois_a_free:1184830240:school,OGC:CRS84,450102,OpenStreetMap,real,kept,<NA>,南宁市明秀东路小学,education,school,108.33373115949304,22.85746785,,derived_from_source_layer_osm_id_fclass,smartbidata_task06_20260810,team_shared,team_shared_source,广西壮族自治区,南宁市,兴宁区,"MULTIPOLYGON (((108.332402 22.857237, 108.332548 22.856962, 108.332764 22.856914, 108.333291 22.857017, 108.33331 22.856907, 108.334506 22.857013, 108.334688 22.857151, 108.334674 22.857698, 108.334446 22.858476, 108.332402 22.857237)))"
gis_osm_pois_a_free,<NA>,1187068672,school,schools:gis_osm_pois_a_free:1187068672:school,OGC:CRS84,450105,OpenStreetMap,real,kept,<NA>,苏圩中学,education,school,108.10046409117265,22.55297175,,derived_from_source_layer_osm_id_fclass,smartbidata_task06_20260810,team_shared,team_shared_source,广西壮族自治区,南宁市,江南区,"MULTIPOLYGON (((108.098681 22.552133, 108.098772 22.551581, 108.099196 22.551492, 108.099808 22.55169, 108.100395 22.551793, 108.101227 22.551888, 108.101957 22.552104, 108.101937 22.553104, 108.102187 22.553132, 108.102207 22.553556, 108.101911 22.554164, 108.101411 22.554645, 108.100834 22.553782, 108.100268 22.553943, 108.099691 22.554023, 108.099614 22.553773, 108.099461 22.553471, 108.099084 22.55317, 108.098926 22.55284, 108.098681 22.552133)))"
gis_osm_pois_a_free,<NA>,1187068673,school,schools:gis_osm_pois_a_free:1187068673:school,OGC:CRS84,450105,OpenStreetMap,real,kept,<NA>,苏圩镇初中,education,school,108.10440173906548,22.5555475,,derived_from_source_layer_osm_id_fclass,smartbidata_task06_20260810,team_shared,team_shared_source,广西壮族自治区,南宁市,江南区,"MULTIPOLYGON (((108.102534 22.555748, 108.102871 22.555606, 108.103141 22.555234, 108.103064 22.554871, 108.103105 22.554758, 108.103345 22.554664, 108.10407 22.554659, 108.104167 22.554716, 108.104534 22.55521, 108.104917 22.555493, 108.105162 22.555399, 108.105642 22.555126, 108.105795 22.555163, 108.105974 22.555357, 108.105866 22.555602, 108.105448 22.55563, 108.10555 22.555752, 108.105336 22.55579, 108.105234 22.556163, 108.104815 22.556172, 108.104667 22.556379, 108.104478 22.556313, 108.104029 22.556445, 108.103258 22.556134, 108.102534 22.555748)))"
gis_osm_pois_a_free,<NA>,1187069341,school,schools:gis_osm_pois_a_free:1187069341:school,OGC:CRS84,450105,OpenStreetMap,real,kept,<NA>,苏圩镇中心学校,education,school,108.09691440946023,22.5480516,,derived_from_source_layer_osm_id_fclass,smartbidata_task06_20260810,team_shared,team_shared_source,广西壮族自治区,南宁市,江南区,"MULTIPOLYGON (((108.095686 22.548868, 108.096307 22.548032, 108.096419 22.547622, 108.096924 22.546908, 108.097523 22.547628, 108.097578 22.547688, 108.097534 22.548072, 108.097238 22.548425, 108.097083 22.548705, 108.096845 22.549201, 108.095686 22.548868)))"
gis_osm_pois_a_free,<NA>,1191968538,school,schools:gis_osm_pois_a_free:1191968538:school,OGC:CRS84,450103,OpenStreetMap,real,kept,<NA>,伶俐镇中心小学,education,school,108.76125961485849,22.8520452,,derived_from_source_layer_osm_id_fclass,smartbidata_task06_20260810,team_shared,team_shared_source,广西壮族自治区,南宁市,青秀区,"MULTIPOLYGON (((108.760493 22.851524, 108.76093 22.851486, 108.761368 22.851635, 108.76179 22.851915, 108.761302 22.852424, 108.76084 22.852354, 108.760786 22.852176, 108.760991 22.851784, 108.760503 22.851829, 108.760493 22.851524)))"
gis_osm_pois_a_free,<NA>,1191970472,school,schools:gis_osm_pois_a_free:1191970472:school,OGC:CRS84,450105,OpenStreetMap,real,kept,<NA>,明阳中学,education,school,108.22573779064086,22.61893245,,derived_from_source_layer_osm_id_fclass,smartbidata_task06_20260810,team_shared,team_shared_source,广西壮族自治区,南宁市,江南区,"MULTIPOLYGON (((108.224101 22.619858, 108.225642 22.617375, 108.22663 22.618792, 108.22697 22.619073, 108.22716 22.619276, 108.22708 22.619627, 108.22688 22.619809, 108.226506 22.619876, 108.226263 22.620665, 108.225048 22.620302, 108.224101 22.619858)))"
gis_osm_pois_a_free,<NA>,1198568498,school,schools:gis_osm_pois_a_free:1198568498:school,OGC:CRS84,450126,OpenStreetMap,real,kept,<NA>,宾阳县志远中学,education,school,109.12454665837035,23.220505,,derived_from_source_layer_osm_id_fclass,smartbidata_task06_20260810,team_shared,team_shared_source,广西壮族自治区,南宁市,宾阳县,"MULTIPOLYGON (((109.123438 23.221032, 109.123543 23.220488, 109.123937 23.220522, 109.124282 23.219871, 109.124474 23.219831, 109.125114 23.219978, 109.125219 23.220171, 109.125053 23.220941, 109.124664 23.220952, 109.124356 23.221202, 109.123438 23.221032)))"
gis_osm_pois_a_free,<NA>,1210806445,school,schools:gis_osm_pois_a_free:1210806445:school,OGC:CRS84,450110,OpenStreetMap,real,kept,<NA>,甘圩镇中心学校,education,school,108.22827259103487,22.97956795,,derived_from_source_layer_osm_id_fclass,smartbidata_task06_20260810,team_shared,team_shared_source,广西壮族自治区,南宁市,武鸣区,"MULTIPOLYGON (((108.227261 22.979843, 108.228033 22.978686, 108.22925 22.979293, 108.228624 22.980443, 108.227261 22.979843)))"
gis_osm_pois_a_free,<NA>,1212185633,school,schools:gis_osm_pois_a_free:1212185633:school,OGC:CRS84,450103,OpenStreetMap,real,kept,<NA>,南宁市桂雅路小学,education,school,108.39185939463673,22.8063402,,derived_from_source_layer_osm_id_fclass,smartbidata_task06_20260810,team_shared,team_shared_source,广西壮族自治区,南宁市,青秀区,"MULTIPOLYGON (((108.390854 22.806643, 108.392354 22.80522, 108.392906 22.806038, 108.391556 22.807171, 108.390854 22.806643)))"
gis_osm_pois_a_free,<NA>,1212185649,kindergarten,schools:gis_osm_pois_a_free:1212185649:kindergarten,OGC:CRS84,450103,OpenStreetMap,real,kept,<NA>,广西幼师实验幼儿园(景秀园区),education,kindergarten,108.38820069005445,22.8183783,,derived_from_source_layer_osm_id_fclass,smartbidata_task06_20260810,team_shared,team_shared_source,广西壮族自治区,南宁市,青秀区,"MULTIPOLYGON (((108.387578 22.817945, 108.388825 22.818001, 108.388811 22.818756, 108.387588 22.818771, 108.387578 22.817945)))"
gis_osm_pois_a_free,<NA>,1212185666,school,schools:gis_osm_pois_a_free:1212185666:school,OGC:CRS84,450103,OpenStreetMap,real,kept,<NA>,南宁市越秀路小学,education,school,108.37734684111555,22.8048681,,derived_from_source_layer_osm_id_fclass,smartbidata_task06_20260810,team_shared,team_shared_source,广西壮族自治区,南宁市,青秀区,"MULTIPOLYGON (((108.37626 22.804654, 108.376546 22.804214, 108.377493 22.80411, 108.377563 22.803507, 108.378604 22.803685, 108.378475 22.80462, 108.378089 22.804555, 108.377855 22.80568, 108.377096 22.805824, 108.376694 22.805782, 108.37708 22.805082, 108.37626 22.804654)))"
gis_osm_pois_a_free,<NA>,1212185671,school,schools:gis_osm_pois_a_free:1212185671:school,OGC:CRS84,450103,OpenStreetMap,real,kept,<NA>,埌西小学,education,school,108.35688146813071,22.8068325,,derived_from_source_layer_osm_id_fclass,smartbidata_task06_20260810,team_shared,team_shared_source,广西壮族自治区,南宁市,青秀区,"MULTIPOLYGON (((108.35606 22.806626, 108.356696 22.806088, 108.357669 22.807039, 108.357233 22.807379, 108.356992 22.807403, 108.356808 22.807256, 108.35606 22.806626)))"
gis_osm_pois_a_free,<NA>,1212185680,college,schools:gis_osm_pois_a_free:1212185680:college,OGC:CRS84,450103,OpenStreetMap,real,kept,<NA>,南宁市老年大学,education,college,108.36195686879734,22.82333755,,derived_from_source_layer_osm_id_fclass,smartbidata_task06_20260810,team_shared,team_shared_source,广西壮族自治区,南宁市,青秀区,"MULTIPOLYGON (((108.360799 22.821746, 108.361083 22.821574, 108.36274 22.824113, 108.362176 22.824409, 108.36132 22.822562, 108.360799 22.821746)))"
gis_osm_pois_a_free,<NA>,1212196148,kindergarten,schools:gis_osm_pois_a_free:1212196148:kindergarten,OGC:CRS84,450103,OpenStreetMap,real,kept,<NA>,南宁市第一幼儿园(青林分园),education,kindergarten,108.40638206637101,22.8137597,,derived_from_source_layer_osm_id_fclass,smartbidata_task06_20260810,team_shared,team_shared_source,广西壮族自治区,南宁市,青秀区,"MULTIPOLYGON (((108.405812 22.813946, 108.405859 22.813614, 108.406027 22.813556, 108.406213 22.813582, 108.406492 22.813522, 108.406626 22.81355, 108.40676 22.81369, 108.40709 22.813829, 108.407054 22.813972, 108.405812 22.813946)))"
gis_osm_pois_a_free,<NA>,1212196151,college,schools:gis_osm_pois_a_free:1212196151:college,OGC:CRS84,450103,OpenStreetMap,real,kept,<NA>,南宁创艺艺术职业学校仙葫校区,education,college,108.43594439868113,22.8100072,,derived_from_source_layer_osm_id_fclass,smartbidata_task06_20260810,team_shared,team_shared_source,广西壮族自治区,南宁市,青秀区,"MULTIPOLYGON (((108.435486 22.809251, 108.43644 22.809364, 108.43636 22.81065, 108.436818 22.810674, 108.436812 22.81077, 108.436785 22.811248, 108.435494 22.81117, 108.435486 22.809251)))"
gis_osm_pois_a_free,<NA>,1213284247,school,schools:gis_osm_pois_a_free:1213284247:school,OGC:CRS84,450108,OpenStreetMap,real,kept,<NA>,龙堤路初级中学,education,school,108.35947564876761,22.77520215,,derived_from_source_layer_osm_id_fclass,smartbidata_task06_20260810,team_shared,team_shared_source,广西壮族自治区,南宁市,良庆区,"MULTIPOLYGON (((108.358181 22.776092, 108.359195 22.774586, 108.359319 22.774401, 108.359526 22.774445, 108.36017 22.774582, 108.360172 22.775818, 108.359085 22.776749, 108.358729 22.776558, 108.3582 22.776237, 108.358181 22.776092)))"
gis_osm_pois_a_free,<NA>,1213284248,kindergarten,schools:gis_osm_pois_a_free:1213284248:kindergarten,OGC:CRS84,450108,OpenStreetMap,real,kept,<NA>,良庆区第三实验幼儿园,education,kindergarten,108.35974567966178,22.77655115,,derived_from_source_layer_osm_id_fclass,smartbidata_task06_20260810,team_shared,team_shared_source,广西壮族自治区,南宁市,良庆区,"MULTIPOLYGON (((108.359085 22.776749, 108.360172 22.775818, 108.360771 22.776159, 108.360667 22.776231, 108.360426 22.776353, 108.359655 22.776962, 108.359565 22.776998, 108.359488 22.776991, 108.359407 22.776966, 108.359085 22.776749)))"
gis_osm_pois_a_free,<NA>,1213284251,school,schools:gis_osm_pois_a_free:1213284251:school,OGC:CRS84,450108,OpenStreetMap,real,kept,<NA>,南宁市宋厢路小学,education,school,108.37793067415038,22.7730914,,derived_from_source_layer_osm_id_fclass,smartbidata_task06_20260810,team_shared,team_shared_source,广西壮族自治区,南宁市,良庆区,"MULTIPOLYGON (((108.377378 22.773546, 108.377707 22.772625, 108.378325 22.772637, 108.37831 22.774132, 108.377442 22.774124, 108.377381 22.773926, 108.377378 22.773546)))"
gis_osm_pois_a_free,<NA>,1213284252,kindergarten,schools:gis_osm_pois_a_free:1213284252:kindergarten,OGC:CRS84,450108,OpenStreetMap,real,kept,<NA>,北京京学附属实验幼儿园,education,kindergarten,108.37738095385788,22.77308555,,derived_from_source_layer_osm_id_fclass,smartbidata_task06_20260810,team_shared,team_shared_source,广西壮族自治区,南宁市,良庆区,"MULTIPOLYGON (((108.377172 22.772514, 108.377748 22.77251, 108.377707 22.772625, 108.377378 22.773546, 108.377258 22.773547, 108.377172 22.772514)))"
gis_osm_pois_a_free,<NA>,1213284254,school,schools:gis_osm_pois_a_free:1213284254:school,OGC:CRS84,450108,OpenStreetMap,real,kept,<NA>,南宁市体强路中学,education,school,108.39016385564952,22.7693382,,derived_from_source_layer_osm_id_fclass,smartbidata_task06_20260810,team_shared,team_shared_source,广西壮族自治区,南宁市,良庆区,"MULTIPOLYGON (((108.388709 22.769531, 108.38998 22.769146, 108.389774 22.768705, 108.390398 22.768416, 108.391149 22.769598, 108.389839 22.770264, 108.389057 22.770597, 108.388709 22.769531)))"
gis_osm_pois_a_free,<NA>,1213289064,kindergarten,schools:gis_osm_pois_a_free:1213289064:kindergarten,OGC:CRS84,450108,OpenStreetMap,real,kept,<NA>,南宁市良庆区第一实验幼儿园(红玉分园),education,kindergarten,108.34025539039851,22.7332104,,derived_from_source_layer_osm_id_fclass,smartbidata_task06_20260810,team_shared,team_shared_source,广西壮族自治区,南宁市,良庆区,"MULTIPOLYGON (((108.339913 22.733375, 108.340135 22.732764, 108.34059 22.733045, 108.340419 22.733584, 108.339913 22.733375)))"
gis_osm_pois_a_free,<NA>,1213551803,kindergarten,schools:gis_osm_pois_a_free:1213551803:kindergarten,OGC:CRS84,450109,OpenStreetMap,real,kept,<NA>,永福路幼儿园,education,kindergarten,108.4439403991507,22.7751276,,derived_from_source_layer_osm_id_fclass,smartbidata_task06_20260810,team_shared,team_shared_source,广西壮族自治区,南宁市,邕宁区,"MULTIPOLYGON (((108.443566 22.775388, 108.443598 22.774928, 108.44362 22.77486, 108.443641 22.77483, 108.443697 22.774796, 108.443759 22.774786, 108.443834 22.774788, 108.443878 22.774841, 108.444098 22.775018, 108.444255 22.775114, 108.444338 22.775141, 108.444102 22.775448, 108.443958 22.775347, 108.443566 22.775388)))"
gis_osm_pois_a_free,<NA>,1213844191,school,schools:gis_osm_pois_a_free:1213844191:school,OGC:CRS84,450105,OpenStreetMap,real,kept,<NA>,南宁市江南小学,education,school,108.30605720529323,22.8076608,,derived_from_source_layer_osm_id_fclass,smartbidata_task06_20260810,team_shared,team_shared_source,广西壮族自治区,南宁市,江南区,"MULTIPOLYGON (((108.30566 22.80699, 108.306647 22.807171, 108.306262 22.808151, 108.306906 22.808358, 108.306598 22.808878, 108.305661 22.808435, 108.30566 22.80699)))"
gis_osm_pois_a_free,<NA>,1213844192,kindergarten,schools:gis_osm_pois_a_free:1213844192:kindergarten,OGC:CRS84,450105,OpenStreetMap,real,kept,<NA>,南宁市童心幼儿园,education,kindergarten,108.3066547534869,22.8081098,,derived_from_source_layer_osm_id_fclass,smartbidata_task06_20260810,team_shared,team_shared_source,广西壮族自治区,南宁市,江南区,"MULTIPOLYGON (((108.306349 22.808129, 108.306412 22.807899, 108.306968 22.80809, 108.306832 22.808306, 108.306349 22.808129)))"
gis_osm_pois_a_free,<NA>,1213844225,school,schools:gis_osm_pois_a_free:1213844225:school,OGC:CRS84,450105,OpenStreetMap,real,kept,<NA>,南宁市江南区高山塘小学,education,school,108.30745626780401,22.7685751,,derived_from_source_layer_osm_id_fclass,smartbidata_task06_20260810,team_shared,team_shared_source,广西壮族自治区,南宁市,江南区,"MULTIPOLYGON (((108.306787 22.768695, 108.307164 22.768012, 108.308112 22.768455, 108.307835 22.769085, 108.306787 22.768695)))"
gis_osm_pois_a_free,<NA>,1213844226,school,schools:gis_osm_pois_a_free:1213844226:school,OGC:CRS84,450105,OpenStreetMap,real,kept,<NA>,南宁经济技术开发区第一小学,education,school,108.30263997515749,22.76427405,,derived_from_source_layer_osm_id_fclass,smartbidata_task06_20260810,team_shared,team_shared_source,广西壮族自治区,南宁市,江南区,"MULTIPOLYGON (((108.301535 22.76344, 108.304708 22.763344, 108.302835 22.765153, 108.301535 22.765108, 108.301535 22.76344)))"
gis_osm_pois_a_free,<NA>,1213844245,school,schools:gis_osm_pois_a_free:1213844245:school,OGC:CRS84,450108,OpenStreetMap,real,kept,<NA>,广西壮族自治区公安交通警察培训学校,education,school,108.31337932389506,22.75020905,,derived_from_source_layer_osm_id_fclass,smartbidata_task06_20260810,team_shared,team_shared_source,广西壮族自治区,南宁市,良庆区,"MULTIPOLYGON (((108.312343 22.750372, 108.313984 22.748789, 108.314703 22.749145, 108.314269 22.750046, 108.314113 22.751198, 108.312364 22.751406, 108.312343 22.750372)))"
gis_osm_pois_a_free,<NA>,1213844246,school,schools:gis_osm_pois_a_free:1213844246:school,OGC:CRS84,450108,OpenStreetMap,real,kept,<NA>,南宁市大沙田小学,education,school,108.31769628507394,22.7587944,,derived_from_source_layer_osm_id_fclass,smartbidata_task06_20260810,team_shared,team_shared_source,广西壮族自治区,南宁市,良庆区,"MULTIPOLYGON (((108.317094 22.759054, 108.317296 22.759048, 108.317277 22.758541, 108.317547 22.758532, 108.317536 22.758258, 108.318085 22.75824, 108.318139 22.759647, 108.317118 22.75968, 108.317094 22.759054)))"
gis_osm_pois_a_free,<NA>,1218624934,kindergarten,schools:gis_osm_pois_a_free:1218624934:kindergarten,OGC:CRS84,450126,OpenStreetMap,real,kept,<NA>,启慧幼儿园,education,kindergarten,109.16983854808609,23.20862025,,derived_from_source_layer_osm_id_fclass,smartbidata_task06_20260810,team_shared,team_shared_source,广西壮族自治区,南宁市,宾阳县,"MULTIPOLYGON (((109.1696 23.208983, 109.169663 23.208228, 109.170077 23.208257, 109.170015 23.209012, 109.1696 23.208983)))"
gis_osm_pois_a_free,<NA>,1218637221,school,schools:gis_osm_pois_a_free:1218637221:school,OGC:CRS84,450126,OpenStreetMap,real,kept,<NA>,黎塘镇第一完全小学,education,school,109.13175269481681,23.2041063,,derived_from_source_layer_osm_id_fclass,smartbidata_task06_20260810,team_shared,team_shared_source,广西壮族自治区,南宁市,宾阳县,"MULTIPOLYGON (((109.131066 23.204065, 109.131583 23.203415, 109.131613 23.203232, 109.132588 23.203484, 109.132543 23.203688, 109.132256 23.204409, 109.13206 23.204866, 109.131977 23.204977, 109.131524 23.204759, 109.131568 23.204686, 109.131183 23.204555, 109.13116 23.204597, 109.131079 23.204563, 109.131193 23.204148, 109.131066 23.204065)))"
gis_osm_pois_a_free,<NA>,1218637223,school,schools:gis_osm_pois_a_free:1218637223:school,OGC:CRS84,450126,OpenStreetMap,real,kept,<NA>,黎塘镇第二完全小学,education,school,109.12876361723107,23.201079,,derived_from_source_layer_osm_id_fclass,smartbidata_task06_20260810,team_shared,team_shared_source,广西壮族自治区,南宁市,宾阳县,"MULTIPOLYGON (((109.128115 23.200849, 109.128164 23.200632, 109.128354 23.200607, 109.128557 23.200584, 109.12863 23.200607, 109.128743 23.201049, 109.129129 23.200973, 109.129224 23.200993, 109.129278 23.201109, 109.129265 23.201235, 109.129217 23.201304, 109.12881 23.201362, 109.128851 23.201515, 109.128674 23.20154, 109.128655 23.201466, 109.128199 23.201553, 109.128183 23.201461, 109.128242 23.201296, 109.128215 23.201264, 109.128288 23.200985, 109.128278 23.200882, 109.128233 23.200864, 109.128115 23.200849)))"
gis_osm_pois_a_free,<NA>,1218637251,school,schools:gis_osm_pois_a_free:1218637251:school,OGC:CRS84,450126,OpenStreetMap,real,kept,<NA>,开智中学,education,school,109.11686774316627,23.1925729,,derived_from_source_layer_osm_id_fclass,smartbidata_task06_20260810,team_shared,team_shared_source,广西壮族自治区,南宁市,宾阳县,"MULTIPOLYGON (((109.114999 23.191467, 109.115016 23.191323, 109.115148 23.191123, 109.115811 23.190399, 109.116598 23.19116, 109.117036 23.191512, 109.117442 23.191811, 109.118304 23.19244, 109.119528 23.193323, 109.117718 23.194556, 109.117156 23.194489, 109.116012 23.194236, 109.115393 23.193813, 109.115517 23.1937, 109.115524 23.193566, 109.115444 23.193474, 109.11531 23.193237, 109.115212 23.19298, 109.115226 23.192706, 109.115273 23.192408, 109.115418 23.192006, 109.115618 23.192032, 109.115785 23.191835, 109.115444 23.191559, 109.115302 23.191515, 109.115195 23.191563, 109.115086 23.191537, 109.114999 23.191467)))"
gis_osm_pois_a_free,<NA>,1218637254,school,schools:gis_osm_pois_a_free:1218637254:school,OGC:CRS84,450126,OpenStreetMap,real,kept,<NA>,荷城小学,education,school,109.10636751413152,23.2028879,,derived_from_source_layer_osm_id_fclass,smartbidata_task06_20260810,team_shared,team_shared_source,广西壮族自治区,南宁市,宾阳县,"MULTIPOLYGON (((109.105348 23.203446, 109.105722 23.201973, 109.107387 23.20233, 109.107013 23.203802, 109.105348 23.203446)))"
gis_osm_pois_a_free,<NA>,1218641045,school,schools:gis_osm_pois_a_free:1218641045:school,OGC:CRS84,450103,OpenStreetMap,real,kept,<NA>,南宁市桂雅路小学(桂花校区),education,school,108.39095143372498,22.80274145,,derived_from_source_layer_osm_id_fclass,smartbidata_task06_20260810,team_shared,team_shared_source,广西壮族自治区,南宁市,青秀区,"MULTIPOLYGON (((108.39026 22.802639, 108.390358 22.802464, 108.390624 22.80224, 108.390766 22.802147, 108.39089 22.802107, 108.391743 22.802406, 108.391482 22.80324, 108.390325 22.80305, 108.390269 22.802844, 108.39026 22.802639)))"
gis_osm_pois_a_free,<NA>,1219037345,college,schools:gis_osm_pois_a_free:1219037345:college,OGC:CRS84,450102,OpenStreetMap,real,kept,<NA>,广西体育高等专科学校,education,college,108.32315286201022,22.8336203,,derived_from_source_layer_osm_id_fclass,smartbidata_task06_20260810,team_shared,team_shared_source,广西壮族自治区,南宁市,兴宁区,"MULTIPOLYGON (((108.321659 22.8333, 108.321922 22.832846, 108.322765 22.832456, 108.323404 22.832204, 108.323838 22.833378, 108.324171 22.833863, 108.324315 22.834427, 108.324087 22.834649, 108.323242 22.834265, 108.323309 22.834122, 108.321659 22.8333)))"
gis_osm_pois_a_free,<NA>,1219037349,school,schools:gis_osm_pois_a_free:1219037349:school,OGC:CRS84,450102,OpenStreetMap,real,kept,<NA>,南宁市安宁路小学,education,school,108.3216281574978,22.8303014,,derived_from_source_layer_osm_id_fclass,smartbidata_task06_20260810,team_shared,team_shared_source,广西壮族自治区,南宁市,兴宁区,"MULTIPOLYGON (((108.321025 22.829726, 108.321841 22.829474, 108.322018 22.83007, 108.322078 22.830532, 108.321486 22.830684, 108.321315 22.830636, 108.321025 22.829726)))"
gis_osm_pois_a_free,<NA>,1220992447,school,schools:gis_osm_pois_a_free:1220992447:school,OGC:CRS84,450107,OpenStreetMap,real,kept,<NA>,南宁市园艺路学校,education,school,108.31858057430259,22.90638395,,derived_from_source_layer_osm_id_fclass,smartbidata_task06_20260810,team_shared,team_shared_source,广西壮族自治区,南宁市,西乡塘区,"MULTIPOLYGON (((108.31749 22.905818, 108.317926 22.905622, 108.318949 22.905409, 108.319695 22.90695, 108.318281 22.907212, 108.318211 22.907212, 108.318132 22.907193, 108.318083 22.907158, 108.31749 22.905818)))"
gis_osm_pois_a_free,<NA>,1225440688,school,schools:gis_osm_pois_a_free:1225440688:school,OGC:CRS84,450110,OpenStreetMap,real,kept,<NA>,武鸣高级中学,education,school,108.26668608877361,23.1495129,,derived_from_source_layer_osm_id_fclass,smartbidata_task06_20260810,team_shared,team_shared_source,广西壮族自治区,南宁市,武鸣区,"MULTIPOLYGON (((108.26386 23.148656, 108.264294 23.148605, 108.26435 23.148162, 108.265901 23.148227, 108.267306 23.148635, 108.267558 23.148162, 108.268408 23.148016, 108.268987 23.148016, 108.267493 23.151005, 108.267021 23.15061, 108.265812 23.149979, 108.265331 23.1497, 108.264817 23.149214, 108.26407 23.149326, 108.26386 23.148656)))"
gis_osm_pois_a_free,<NA>,1279593072,school,schools:gis_osm_pois_a_free:1279593072:school,OGC:CRS84,450126,OpenStreetMap,real,kept,<NA>,新宾中学,education,school,108.82845263412462,23.25046445,,derived_from_source_layer_osm_id_fclass,smartbidata_task06_20260810,team_shared,team_shared_source,广西壮族自治区,南宁市,宾阳县,"MULTIPOLYGON (((108.826806 23.251678, 108.826886 23.251494, 108.82691 23.251359, 108.826923 23.251227, 108.826839 23.251059, 108.826839 23.250885, 108.82698 23.250863, 108.826976 23.250814, 108.826813 23.250569, 108.82686 23.250504, 108.82704 23.250425, 108.827187 23.250342, 108.827397 23.250284, 108.82754 23.250069, 108.82781 23.249959, 108.828331 23.248992, 108.828673 23.249174, 108.829276 23.24956, 108.829723 23.250115, 108.830113 23.250701, 108.829736 23.251053, 108.829637 23.251011, 108.829552 23.251057, 108.829479 23.251225, 108.829668 23.251286, 108.829593 23.251464, 108.829298 23.251474, 108.82912 23.251442, 108.828999 23.251486, 108.828871 23.251504, 108.82862 23.251706, 108.828435 23.251557, 108.828378 23.251613, 108.828076 23.251526, 108.827799 23.251373, 108.827704 23.25144, 108.827288 23.251882, 108.826806 23.251678)))"
gis_osm_pois_a_free,<NA>,1279593100,school,schools:gis_osm_pois_a_free:1279593100:school,OGC:CRS84,450126,OpenStreetMap,real,kept,<NA>,宾州镇第五初级中学,education,school,108.83248641769322,23.24292275,,derived_from_source_layer_osm_id_fclass,smartbidata_task06_20260810,team_shared,team_shared_source,广西壮族自治区,南宁市,宾阳县,"MULTIPOLYGON (((108.831471 23.242792, 108.831498 23.242708, 108.831853 23.242591, 108.831818 23.242394, 108.832046 23.242281, 108.832118 23.242209, 108.832157 23.242104, 108.832215 23.24204, 108.832217 23.241975, 108.832272 23.241936, 108.832542 23.2419, 108.832572 23.242041, 108.832882 23.242122, 108.833061 23.242472, 108.833215 23.242649, 108.83355 23.243053, 108.83364 23.243138, 108.8337 23.243257, 108.833735 23.243436, 108.833096 23.243804, 108.832993 23.243642, 108.832848 23.243727, 108.832792 23.243659, 108.831942 23.24391, 108.831862 23.24358, 108.83182 23.243557, 108.831471 23.242792)))"
gis_osm_pois_a_free,<NA>,1279593109,school,schools:gis_osm_pois_a_free:1279593109:school,OGC:CRS84,450126,OpenStreetMap,real,kept,<NA>,宾州一中,education,school,108.81041995563793,23.21133555,,derived_from_source_layer_osm_id_fclass,smartbidata_task06_20260810,team_shared,team_shared_source,广西壮族自治区,南宁市,宾阳县,"MULTIPOLYGON (((108.809466 23.210333, 108.80984 23.210278, 108.809874 23.210358, 108.810623 23.210134, 108.810685 23.210085, 108.810788 23.210042, 108.811171 23.210331, 108.811168 23.210726, 108.811103 23.210992, 108.811131 23.211086, 108.811271 23.211522, 108.811236 23.211573, 108.811417 23.211905, 108.811535 23.21187, 108.811629 23.212048, 108.810766 23.212466, 108.810555 23.212297, 108.810468 23.212211, 108.810053 23.212388, 108.809487 23.212056, 108.809574 23.212008, 108.809692 23.211836, 108.80963 23.211693, 108.809568 23.211653, 108.809595 23.21142, 108.809663 23.211251, 108.809698 23.211143, 108.809675 23.210945, 108.809626 23.210677, 108.809595 23.21052, 108.809564 23.210428, 108.809499 23.210399, 108.809466 23.210333)))"
gis_osm_pois_a_free,<NA>,1279596234,school,schools:gis_osm_pois_a_free:1279596234:school,OGC:CRS84,450126,OpenStreetMap,real,kept,<NA>,宾阳民族中学,education,school,108.81644593146464,23.25192495,,derived_from_source_layer_osm_id_fclass,smartbidata_task06_20260810,team_shared,team_shared_source,广西壮族自治区,南宁市,宾阳县,"MULTIPOLYGON (((108.815911 23.251685, 108.816075 23.251647, 108.81602 23.251386, 108.816703 23.251268, 108.816926 23.251269, 108.816955 23.251481, 108.816912 23.252224, 108.816333 23.252219, 108.816222 23.252209, 108.816222 23.252168, 108.816014 23.252165, 108.815911 23.251685)))"
gis_osm_pois_a_free,<NA>,1296404498,school,schools:gis_osm_pois_a_free:1296404498:school,OGC:CRS84,450123,OpenStreetMap,real,kept,<NA>,隆安县中等职业技术学校,education,school,107.72878811376496,23.1687895,,derived_from_source_layer_osm_id_fclass,smartbidata_task06_20260810,team_shared,team_shared_source,广西壮族自治区,南宁市,隆安县,"MULTIPOLYGON (((107.726964 23.169692, 107.727021 23.169503, 107.727177 23.169069, 107.727559 23.16851, 107.727494 23.168351, 107.727752 23.16763, 107.728011 23.167328, 107.730912 23.169258, 107.730053 23.170312, 107.729535 23.170349, 107.72889 23.170221, 107.727691 23.169832, 107.727305 23.169843, 107.727075 23.169934, 107.726964 23.169692)))"
gis_osm_pois_a_free,<NA>,1296404499,school,schools:gis_osm_pois_a_free:1296404499:school,OGC:CRS84,450123,OpenStreetMap,real,kept,<NA>,隆安深圳福田实验学校,education,school,107.72583730551963,23.17156165,,derived_from_source_layer_osm_id_fclass,smartbidata_task06_20260810,team_shared,team_shared_source,广西壮族自治区,南宁市,隆安县,"MULTIPOLYGON (((107.724425 23.171716, 107.724864 23.171407, 107.725226 23.171082, 107.72574 23.17055, 107.725888 23.170304, 107.725953 23.170274, 107.726048 23.170281, 107.72613 23.170323, 107.727309 23.17121, 107.726031 23.172819, 107.724425 23.171716)))"
gis_osm_pois_a_free,<NA>,1296404508,school,schools:gis_osm_pois_a_free:1296404508:school,OGC:CRS84,450123,OpenStreetMap,real,kept,<NA>,粤桂小学,education,school,107.69805758800898,23.1878168,,derived_from_source_layer_osm_id_fclass,smartbidata_task06_20260810,team_shared,team_shared_source,广西壮族自治区,南宁市,隆安县,"MULTIPOLYGON (((107.696339 23.187599, 107.696407 23.187525, 107.69906 23.186775, 107.699141 23.186794, 107.699238 23.186947, 107.69972 23.187971, 107.699711 23.188034, 107.699658 23.188126, 107.69949 23.188195, 107.69731 23.188701, 107.697201 23.188681, 107.697139 23.188638, 107.69679 23.188129, 107.696572 23.187931, 107.696364 23.187702, 107.696339 23.187599)))"
gis_osm_pois_a_free,<NA>,1296404515,school,schools:gis_osm_pois_a_free:1296404515:school,OGC:CRS84,450123,OpenStreetMap,real,kept,<NA>,隆安中学（震东校区）,education,school,107.70438618456436,23.18537555,,derived_from_source_layer_osm_id_fclass,smartbidata_task06_20260810,team_shared,team_shared_source,广西壮族自治区,南宁市,隆安县,"MULTIPOLYGON (((107.702716 23.185754, 107.702748 23.185629, 107.705026 23.183374, 107.705105 23.183364, 107.705995 23.184261, 107.706135 23.184389, 107.706224 23.18455, 107.706221 23.184731, 107.705938 23.185122, 107.705588 23.185645, 107.70498 23.18625, 107.704293 23.186717, 107.703846 23.186983, 107.703667 23.187052, 107.703528 23.187, 107.703235 23.186648, 107.702716 23.185754)))"
gis_osm_pois_a_free,<NA>,1296404522,school,schools:gis_osm_pois_a_free:1296404522:school,OGC:CRS84,450123,OpenStreetMap,real,kept,<NA>,宝塔实验小学,education,school,107.71898597139071,23.1771281,,derived_from_source_layer_osm_id_fclass,smartbidata_task06_20260810,team_shared,team_shared_source,广西壮族自治区,南宁市,隆安县,"MULTIPOLYGON (((107.717484 23.178231, 107.717502 23.177499, 107.717677 23.177318, 107.718013 23.176703, 107.717811 23.17662, 107.717792 23.17599, 107.719272 23.175696, 107.720074 23.175624, 107.72028 23.175784, 107.720317 23.176938, 107.719137 23.178724, 107.717484 23.178231)))"
gis_osm_pois_a_free,<NA>,1296404523,school,schools:gis_osm_pois_a_free:1296404523:school,OGC:CRS84,450123,OpenStreetMap,real,kept,<NA>,隆安县特殊教育学校,education,school,107.71711980486874,23.17740855,,derived_from_source_layer_osm_id_fclass,smartbidata_task06_20260810,team_shared,team_shared_source,广西壮族自治区,南宁市,隆安县,"MULTIPOLYGON (((107.716488 23.177676, 107.717144 23.176594, 107.717686 23.176615, 107.717811 23.17662, 107.718013 23.176703, 107.717677 23.177318, 107.717502 23.177499, 107.717135 23.178086, 107.716488 23.177676)))"
gis_osm_pois_a_free,<NA>,1296404524,kindergarten,schools:gis_osm_pois_a_free:1296404524:kindergarten,OGC:CRS84,450123,OpenStreetMap,real,kept,<NA>,宝塔幼儿园,education,kindergarten,107.71731129262875,23.17634675,,derived_from_source_layer_osm_id_fclass,smartbidata_task06_20260810,team_shared,team_shared_source,广西壮族自治区,南宁市,隆安县,"MULTIPOLYGON (((107.716926 23.176589, 107.716945 23.176056, 107.717689 23.176105, 107.717686 23.176615, 107.716926 23.176589)))"
gis_osm_pois_a_free,<NA>,1300177665,school,schools:gis_osm_pois_a_free:1300177665:school,OGC:CRS84,450103,OpenStreetMap,real,kept,<NA>,百花岭路小学,education,school,108.42085555342251,22.8194179,,derived_from_source_layer_osm_id_fclass,smartbidata_task06_20260810,team_shared,team_shared_source,广西壮族自治区,南宁市,青秀区,"MULTIPOLYGON (((108.420229 22.819654, 108.420304 22.819182, 108.420498 22.81872, 108.42146 22.818837, 108.421437 22.819727, 108.420827 22.820164, 108.420319 22.819864, 108.420229 22.819654)))"
gis_osm_pois_a_free,<NA>,1300177666,kindergarten,schools:gis_osm_pois_a_free:1300177666:kindergarten,OGC:CRS84,450103,OpenStreetMap,real,kept,<NA>,华凯大院幼儿园,education,kindergarten,108.42184242480502,22.81917655,,derived_from_source_layer_osm_id_fclass,smartbidata_task06_20260810,team_shared,team_shared_source,广西壮族自治区,南宁市,青秀区,"MULTIPOLYGON (((108.421527 22.818854, 108.422275 22.818868, 108.42229 22.818951, 108.422017 22.819402, 108.421538 22.819675, 108.421527 22.818854)))"
gis_osm_pois_a_free,<NA>,1310873313,kindergarten,schools:gis_osm_pois_a_free:1310873313:kindergarten,OGC:CRS84,450108,OpenStreetMap,real,kept,<NA>,良庆区第三实验幼儿园体强分园,education,kindergarten,108.38994254008875,22.76826715,,derived_from_source_layer_osm_id_fclass,smartbidata_task06_20260810,team_shared,team_shared_source,广西壮族自治区,南宁市,良庆区,"MULTIPOLYGON (((108.389499 22.768118, 108.390092 22.767858, 108.390398 22.768416, 108.389774 22.768705, 108.389499 22.768118)))"
gis_osm_pois_a_free,<NA>,1312219325,school,schools:gis_osm_pois_a_free:1312219325:school,OGC:CRS84,450103,OpenStreetMap,real,kept,<NA>,南宁市滨湖路小学（山语城校区）,education,school,108.41413396907623,22.8245573,,derived_from_source_layer_osm_id_fclass,smartbidata_task06_20260810,team_shared,team_shared_source,广西壮族自治区,南宁市,青秀区,"MULTIPOLYGON (((108.413052 22.823877, 108.413256 22.823868, 108.413252 22.82379, 108.414697 22.823733, 108.41503 22.823729, 108.415006 22.824819, 108.414937 22.825201, 108.413262 22.825194, 108.413259 22.824745, 108.413253 22.82437, 108.413262 22.824114, 108.413058 22.824126, 108.413057 22.8241, 108.413053 22.823901, 108.413052 22.823877)))"
gis_osm_pois_a_free,<NA>,1312219329,school,schools:gis_osm_pois_a_free:1312219329:school,OGC:CRS84,450103,OpenStreetMap,real,kept,<NA>,迪米亚山语城幼儿园,education,school,108.41304778337414,22.82432865,,derived_from_source_layer_osm_id_fclass,smartbidata_task06_20260810,team_shared,team_shared_source,广西壮族自治区,南宁市,青秀区,"MULTIPOLYGON (((108.412821 22.824288, 108.412827 22.824013, 108.413052 22.823877, 108.413053 22.823901, 108.413057 22.8241, 108.413058 22.824126, 108.413262 22.824114, 108.413253 22.82437, 108.413259 22.824745, 108.41313 22.824728, 108.412907 22.824468, 108.412821 22.824288)))"
gis_osm_pois_a_free,<NA>,1315256780,school,schools:gis_osm_pois_a_free:1315256780:school,OGC:CRS84,450105,OpenStreetMap,real,kept,<NA>,,education,school,108.22178948158364,22.8205724,,derived_from_source_layer_osm_id_fclass,smartbidata_task06_20260810,team_shared,team_shared_source,广西壮族自治区,南宁市,江南区,"MULTIPOLYGON (((108.219946 22.820286, 108.220397 22.818955, 108.223366 22.819717, 108.223422 22.819757, 108.223426 22.819786, 108.223152 22.820703, 108.222763 22.822066, 108.222221 22.821924, 108.221995 22.821898, 108.22012 22.821417, 108.220429 22.820441, 108.219946 22.820286)))"
gis_osm_pois_a_free,<NA>,1316391827,school,schools:gis_osm_pois_a_free:1316391827:school,OGC:CRS84,450107,OpenStreetMap,real,kept,<NA>,明秀小学,education,school,108.32393605896102,22.8459315,,derived_from_source_layer_osm_id_fclass,smartbidata_task06_20260810,team_shared,team_shared_source,广西壮族自治区,南宁市,西乡塘区,"MULTIPOLYGON (((108.323402 22.846338, 108.32351 22.84606, 108.323809 22.845581, 108.324326 22.845803, 108.324081 22.846525, 108.324044 22.846538, 108.323402 22.846338)))"
gis_osm_pois_a_free,<NA>,1316391830,kindergarten,schools:gis_osm_pois_a_free:1316391830:kindergarten,OGC:CRS84,450107,OpenStreetMap,real,kept,<NA>,明秀幼儿园,education,kindergarten,108.32427855347956,22.84696805,,derived_from_source_layer_osm_id_fclass,smartbidata_task06_20260810,team_shared,team_shared_source,广西壮族自治区,南宁市,西乡塘区,"MULTIPOLYGON (((108.323953 22.847111, 108.324117 22.846707, 108.324192 22.846674, 108.32457 22.846826, 108.324478 22.847379, 108.323989 22.847167, 108.323953 22.847111)))"
gis_osm_pois_a_free,<NA>,1320747717,kindergarten,schools:gis_osm_pois_a_free:1320747717:kindergarten,OGC:CRS84,450109,OpenStreetMap,real,kept,<NA>,广西幼师稚慧明珠幼儿园,education,kindergarten,108.4375380145317,22.78056295,,derived_from_source_layer_osm_id_fclass,smartbidata_task06_20260810,team_shared,team_shared_source,广西壮族自治区,南宁市,邕宁区,"MULTIPOLYGON (((108.437088 22.780314, 108.437791 22.780153, 108.437959 22.780242, 108.437979 22.780827, 108.437124 22.780812, 108.437088 22.780314)))"
gis_osm_pois_a_free,<NA>,18356233,university,schools:gis_osm_pois_a_free:18356233:university,OGC:CRS84,450108,OpenStreetMap,real,kept,<NA>,广西医科大学口腔医学院（五象院区）,education,university,108.3841862066389,22.75115305,,derived_from_source_layer_osm_id_fclass,smartbidata_task06_20260810,team_shared,team_shared_source,广西壮族自治区,南宁市,良庆区,"MULTIPOLYGON (((108.382874 22.749074, 108.382876 22.747905, 108.38374 22.7479, 108.383909 22.748214, 108.384064 22.7484, 108.38436 22.748635, 108.38481 22.748813, 108.384778 22.749098, 108.382874 22.749074)), ((108.382902 22.749512, 108.385026 22.749585, 108.385174 22.749612, 108.385306 22.749674, 108.385402 22.749782, 108.385432 22.749907, 108.385443 22.750969, 108.385477 22.751337, 108.385475 22.751844, 108.385454 22.752033, 108.38546 22.752637, 108.385453 22.752763, 108.385414 22.752882, 108.385316 22.752962, 108.385197 22.753022, 108.385063 22.753049, 108.384522 22.753048, 108.384009 22.753066, 108.382925 22.753078, 108.382902 22.749512)))"
gis_osm_pois_a_free,<NA>,1342650301,kindergarten,schools:gis_osm_pois_a_free:1342650301:kindergarten,OGC:CRS84,450109,OpenStreetMap,real,kept,<NA>,永福路幼儿园,education,kindergarten,108.44516417975294,22.7747714,,derived_from_source_layer_osm_id_fclass,smartbidata_task06_20260810,team_shared,team_shared_source,广西壮族自治区,南宁市,邕宁区,"MULTIPOLYGON (((108.444533 22.774882, 108.444538 22.774653, 108.444783 22.774661, 108.444804 22.77431, 108.445744 22.774318, 108.445832 22.775128, 108.44577 22.77517, 108.445495 22.775172, 108.445162 22.775128, 108.444844 22.775045, 108.444533 22.774882)))"
gis_osm_pois_a_free,<NA>,1344382546,school,schools:gis_osm_pois_a_free:1344382546:school,OGC:CRS84,450103,OpenStreetMap,real,kept,<NA>,青秀区半岛卓立小学,education,school,108.33148929952543,22.7784743,,derived_from_source_layer_osm_id_fclass,smartbidata_task06_20260810,team_shared,team_shared_source,广西壮族自治区,南宁市,青秀区,"MULTIPOLYGON (((108.330902 22.778034, 108.330907 22.778, 108.33093 22.777965, 108.330958 22.777939, 108.331005 22.777918, 108.331047 22.777918, 108.331956 22.778108, 108.332062 22.778127, 108.332063 22.778833, 108.330927 22.778822, 108.330902 22.778034)))"
gis_osm_pois_a_free,<NA>,1344504717,kindergarten,schools:gis_osm_pois_a_free:1344504717:kindergarten,OGC:CRS84,450108,OpenStreetMap,real,kept,<NA>,银沙大道幼儿园,education,kindergarten,108.32587535217237,22.76894655,,derived_from_source_layer_osm_id_fclass,smartbidata_task06_20260810,team_shared,team_shared_source,广西壮族自治区,南宁市,良庆区,"MULTIPOLYGON (((108.325618 22.76899, 108.325887 22.768648, 108.326101 22.768791, 108.326128 22.768857, 108.326133 22.768903, 108.325911 22.769186, 108.325618 22.76899)))"
gis_osm_pois_a_free,<NA>,1344504738,school,schools:gis_osm_pois_a_free:1344504738:school,OGC:CRS84,450108,OpenStreetMap,real,kept,<NA>,广西壮族自治区农业干部学校,education,school,108.3220783040629,22.7711441,,derived_from_source_layer_osm_id_fclass,smartbidata_task06_20260810,team_shared,team_shared_source,广西壮族自治区,南宁市,良庆区,"MULTIPOLYGON (((108.321173 22.770873, 108.321512 22.770902, 108.321614 22.770867, 108.322285 22.770679, 108.322451 22.770796, 108.322477 22.770855, 108.322445 22.771398, 108.322381 22.771374, 108.322164 22.771256, 108.321231 22.771032, 108.321173 22.770985, 108.321173 22.770873)))"
gis_osm_pois_a_free,<NA>,1349477598,school,schools:gis_osm_pois_a_free:1349477598:school,OGC:CRS84,450125,OpenStreetMap,real,kept,<NA>,城关中学,education,school,108.58451510841721,23.43650245,,derived_from_source_layer_osm_id_fclass,smartbidata_task06_20260810,team_shared,team_shared_source,广西壮族自治区,南宁市,上林县,"MULTIPOLYGON (((108.582979 23.436714, 108.584008 23.434436, 108.585454 23.435524, 108.585323 23.435782, 108.585783 23.436304, 108.586475 23.437099, 108.587059 23.436882, 108.5875 23.437356, 108.586595 23.438346, 108.586295 23.438092, 108.586161 23.438224, 108.585518 23.437772, 108.585466 23.437463, 108.584944 23.437062, 108.584362 23.436701, 108.583924 23.436819, 108.583628 23.436874, 108.582979 23.436714)))"
gis_osm_pois_a_free,<NA>,1349485332,school,schools:gis_osm_pois_a_free:1349485332:school,OGC:CRS84,450125,OpenStreetMap,real,kept,<NA>,上林县中学,education,school,108.5890667489814,23.43716955,,derived_from_source_layer_osm_id_fclass,smartbidata_task06_20260810,team_shared,team_shared_source,广西壮族自治区,南宁市,上林县,"MULTIPOLYGON (((108.587431 23.438337, 108.587501 23.437632, 108.588711 23.436261, 108.590148 23.435705, 108.59041 23.435798, 108.590457 23.435855, 108.590415 23.436109, 108.590308 23.436708, 108.590049 23.438148, 108.589571 23.43822, 108.589412 23.438375, 108.588838 23.438374, 108.588553 23.438584, 108.588545 23.438986, 108.58848 23.438997, 108.587558 23.438903, 108.587632 23.438472, 108.587577 23.43842, 108.587463 23.438405, 108.587431 23.438337)))"
gis_osm_pois_a_free,<NA>,1349740773,kindergarten,schools:gis_osm_pois_a_free:1349740773:kindergarten,OGC:CRS84,450125,OpenStreetMap,real,kept,<NA>,上林县直机关第二幼儿园,education,kindergarten,108.58854920688003,23.4352499,,derived_from_source_layer_osm_id_fclass,smartbidata_task06_20260810,team_shared,team_shared_source,广西壮族自治区,南宁市,上林县,"MULTIPOLYGON (((108.588283 23.4355, 108.588287 23.435095, 108.588836 23.43511, 108.588786 23.435414, 108.588728 23.435422, 108.588702 23.43539, 108.588662 23.435393, 108.588508 23.435504, 108.588283 23.4355)))"
gis_osm_pois_a_free,<NA>,1349743202,school,schools:gis_osm_pois_a_free:1349743202:school,OGC:CRS84,450125,OpenStreetMap,real,kept,<NA>,,education,school,108.62128245400379,23.4303388,,derived_from_source_layer_osm_id_fclass,smartbidata_task06_20260810,team_shared,team_shared_source,广西壮族自治区,南宁市,上林县,"MULTIPOLYGON (((108.618938 23.429591, 108.619447 23.428896, 108.619828 23.428919, 108.619854 23.428829, 108.620824 23.428849, 108.620866 23.428953, 108.621169 23.428933, 108.621211 23.429342, 108.621635 23.429544, 108.622304 23.42952, 108.622442 23.42954, 108.622226 23.42997, 108.622913 23.430602, 108.622541 23.430858, 108.622357 23.431139, 108.622259 23.431288, 108.622229 23.431621, 108.621723 23.431486, 108.6214 23.431396, 108.621245 23.431308, 108.620367 23.431224, 108.620271 23.431194, 108.620163 23.430937, 108.620131 23.430827, 108.619889 23.430872, 108.619946 23.430478, 108.61993 23.4302, 108.619462 23.429892, 108.619366 23.429886, 108.618938 23.429591)))"
gis_osm_pois_a_free,<NA>,1349787500,school,schools:gis_osm_pois_a_free:1349787500:school,OGC:CRS84,450181,OpenStreetMap,real,kept,<NA>,横州市高级中学,education,school,109.26608643569543,22.6894577,,derived_from_source_layer_osm_id_fclass,smartbidata_task06_20260810,team_shared,team_shared_source,广西壮族自治区,南宁市,横州市,"MULTIPOLYGON (((109.264842 22.690094, 109.264968 22.689524, 109.265414 22.689392, 109.26515 22.688469, 109.265828 22.688276, 109.266283 22.688165, 109.266456 22.688585, 109.266916 22.689362, 109.267282 22.689893, 109.267341 22.689952, 109.265831 22.690803, 109.265374 22.690206, 109.264842 22.690094)))"
gis_osm_pois_a_free,<NA>,1349787501,school,schools:gis_osm_pois_a_free:1349787501:school,OGC:CRS84,450181,OpenStreetMap,real,kept,<NA>,横州市第二初级中学,education,school,109.25701990845839,22.69110775,,derived_from_source_layer_osm_id_fclass,smartbidata_task06_20260810,team_shared,team_shared_source,广西壮族自治区,南宁市,横州市,"MULTIPOLYGON (((109.256092 22.690354, 109.256822 22.689941, 109.258131 22.691862, 109.256898 22.692195, 109.256092 22.690354)))"
gis_osm_pois_a_free,<NA>,1349807150,school,schools:gis_osm_pois_a_free:1349807150:school,OGC:CRS84,450125,OpenStreetMap,real,kept,<NA>,,education,school,108.60004524767146,23.4297768,,derived_from_source_layer_osm_id_fclass,smartbidata_task06_20260810,team_shared,team_shared_source,广西壮族自治区,南宁市,上林县,"MULTIPOLYGON (((108.599135 23.430066, 108.599346 23.430063, 108.599333 23.42936, 108.59989 23.429351, 108.599893 23.429491, 108.600723 23.429451, 108.600777 23.430105, 108.600782 23.430228, 108.599218 23.430246, 108.599166 23.430213, 108.599137 23.430162, 108.599135 23.430066)))"
gis_osm_pois_a_free,<NA>,1349897227,school,schools:gis_osm_pois_a_free:1349897227:school,OGC:CRS84,450125,OpenStreetMap,real,kept,<NA>,,education,school,108.59346347815234,23.4302833,,derived_from_source_layer_osm_id_fclass,smartbidata_task06_20260810,team_shared,team_shared_source,广西壮族自治区,南宁市,上林县,"MULTIPOLYGON (((108.592345 23.430018, 108.592348 23.429903, 108.594177 23.429404, 108.594455 23.430006, 108.594536 23.430122, 108.594421 23.430889, 108.594392 23.430916, 108.593929 23.43088, 108.593944 23.430744, 108.593469 23.430695, 108.59334 23.430727, 108.593348 23.430625, 108.593324 23.430444, 108.592458 23.430449, 108.592345 23.430018)))"
gis_osm_pois_a_free,<NA>,1355945130,kindergarten,schools:gis_osm_pois_a_free:1355945130:kindergarten,OGC:CRS84,450109,OpenStreetMap,real,kept,<NA>,南宁市邕宁区合景天峻幼儿园,education,kindergarten,108.45635234798561,22.78707525,,derived_from_source_layer_osm_id_fclass,smartbidata_task06_20260810,team_shared,team_shared_source,广西壮族自治区,南宁市,邕宁区,"MULTIPOLYGON (((108.455996 22.787332, 108.456298 22.786936, 108.456728 22.787215, 108.45652 22.787487, 108.456293 22.787339, 108.456198 22.787463, 108.455996 22.787332)))"
gis_osm_pois_a_free,<NA>,1355945138,kindergarten,schools:gis_osm_pois_a_free:1355945138:kindergarten,OGC:CRS84,450109,OpenStreetMap,real,kept,<NA>,南宁市邕宁区贝森花畔幼儿园,education,kindergarten,108.4542807304461,22.7806381,,derived_from_source_layer_osm_id_fclass,smartbidata_task06_20260810,team_shared,team_shared_source,广西壮族自治区,南宁市,邕宁区,"MULTIPOLYGON (((108.454037 22.780786, 108.454187 22.780382, 108.454524 22.78049, 108.454374 22.780896, 108.454037 22.780786)))"
gis_osm_pois_a_free,<NA>,1360056843,school,schools:gis_osm_pois_a_free:1360056843:school,OGC:CRS84,450102,OpenStreetMap,real,kept,<NA>,,education,school,108.4284351566623,22.87016995,,derived_from_source_layer_osm_id_fclass,smartbidata_task06_20260810,team_shared,team_shared_source,广西壮族自治区,南宁市,兴宁区,"MULTIPOLYGON (((108.427388 22.870022, 108.428313 22.869305, 108.42853 22.869261, 108.429649 22.869783, 108.42895 22.871005, 108.427497 22.870318, 108.427388 22.870022)))"
gis_osm_pois_a_free,<NA>,1360056844,school,schools:gis_osm_pois_a_free:1360056844:school,OGC:CRS84,450102,OpenStreetMap,real,kept,<NA>,,education,school,108.43242922775133,22.86965685,,derived_from_source_layer_osm_id_fclass,smartbidata_task06_20260810,team_shared,team_shared_source,广西壮族自治区,南宁市,兴宁区,"MULTIPOLYGON (((108.431046 22.870296, 108.432183 22.868266, 108.433858 22.869018, 108.432626 22.87097, 108.431046 22.870296)))"
gis_osm_pois_a_free,<NA>,1360899063,school,schools:gis_osm_pois_a_free:1360899063:school,OGC:CRS84,450107,OpenStreetMap,real,kept,<NA>,南宁市西庄路小学,education,school,108.21941606264892,22.8452781,,derived_from_source_layer_osm_id_fclass,smartbidata_task06_20260810,team_shared,team_shared_source,广西壮族自治区,南宁市,西乡塘区,"MULTIPOLYGON (((108.218337 22.844541, 108.220033 22.844531, 108.220039 22.846067, 108.219827 22.845865, 108.219516 22.845628, 108.219256 22.84548, 108.218337 22.845076, 108.218337 22.844541)))"
gis_osm_pois_a_free,<NA>,1365707650,school,schools:gis_osm_pois_a_free:1365707650:school,OGC:CRS84,450103,OpenStreetMap,real,kept,<NA>,南宁市民主路小学（凤岭南校区）,education,school,108.42918406536081,22.79348415,,derived_from_source_layer_osm_id_fclass,smartbidata_task06_20260810,team_shared,team_shared_source,广西壮族自治区,南宁市,青秀区,"MULTIPOLYGON (((108.428384 22.794658, 108.428822 22.792816, 108.428884 22.792744, 108.428969 22.792723, 108.429682 22.792771, 108.429751 22.792835, 108.429764 22.792889, 108.429646 22.79408, 108.429496 22.794393, 108.429254 22.794568, 108.429015 22.794676, 108.428737 22.794734, 108.428384 22.794658)))"
gis_osm_pois_a_free,<NA>,1365707651,school,schools:gis_osm_pois_a_free:1365707651:school,OGC:CRS84,450103,OpenStreetMap,real,kept,<NA>,凤岭南路中学,education,school,108.42898763493976,22.79528065,,derived_from_source_layer_osm_id_fclass,smartbidata_task06_20260810,team_shared,team_shared_source,广西壮族自治区,南宁市,青秀区,"MULTIPOLYGON (((108.427854 22.796467, 108.427858 22.796364, 108.4279 22.795978, 108.428037 22.795596, 108.428178 22.795354, 108.428312 22.795207, 108.428554 22.795035, 108.428907 22.794944, 108.429218 22.794842, 108.429456 22.794724, 108.429659 22.794495, 108.429754 22.79436, 108.429816 22.794191, 108.429859 22.794191, 108.429898 22.794815, 108.429486 22.79596, 108.429345 22.796171, 108.429123 22.796467, 108.427854 22.796467)))"
gis_osm_pois_a_free,<NA>,1372268578,school,schools:gis_osm_pois_a_free:1372268578:school,OGC:CRS84,450103,OpenStreetMap,real,kept,<NA>,东葛路小学,education,school,108.34696975488839,22.8241266,,derived_from_source_layer_osm_id_fclass,smartbidata_task06_20260810,team_shared,team_shared_source,广西壮族自治区,南宁市,青秀区,"MULTIPOLYGON (((108.346292 22.8245, 108.347015 22.8234, 108.347648 22.823753, 108.346925 22.824853, 108.346292 22.8245)))"
gis_osm_pois_a_free,<NA>,1372268579,school,schools:gis_osm_pois_a_free:1372268579:school,OGC:CRS84,450103,OpenStreetMap,real,kept,<NA>,南宁市第十四中学建政校区,education,school,108.34790718712253,22.8249124,,derived_from_source_layer_osm_id_fclass,smartbidata_task06_20260810,team_shared,team_shared_source,广西壮族自治区,南宁市,青秀区,"MULTIPOLYGON (((108.346826 22.825307, 108.347583 22.82424, 108.348049 22.824505, 108.348323 22.824145, 108.348957 22.824518, 108.348052 22.825954, 108.346826 22.825307)))"
gis_osm_pois_a_free,<NA>,1391135230,kindergarten,schools:gis_osm_pois_a_free:1391135230:kindergarten,OGC:CRS84,450108,OpenStreetMap,real,kept,<NA>,金龙幼儿园,education,kindergarten,108.37277184024944,22.77985505,,derived_from_source_layer_osm_id_fclass,smartbidata_task06_20260810,team_shared,team_shared_source,广西壮族自治区,南宁市,良庆区,"MULTIPOLYGON (((108.37245 22.780125, 108.372474 22.779551, 108.373091 22.779585, 108.373073 22.780144, 108.37245 22.780125)))"
gis_osm_pois_a_free,<NA>,1395880442,school,schools:gis_osm_pois_a_free:1395880442:school,OGC:CRS84,450107,OpenStreetMap,real,kept,<NA>,南宁市新秀学校,education,school,108.28723986570407,22.8198586,,derived_from_source_layer_osm_id_fclass,smartbidata_task06_20260810,team_shared,team_shared_source,广西壮族自治区,南宁市,西乡塘区,"MULTIPOLYGON (((108.28666 22.820308, 108.287384 22.819173, 108.28782 22.819409, 108.287208 22.820368, 108.286769 22.820368, 108.28666 22.820308)))"
gis_osm_pois_a_free,<NA>,1415099387,school,schools:gis_osm_pois_a_free:1415099387:school,OGC:CRS84,450105,OpenStreetMap,real,kept,<NA>,南宁市那洪中学,education,school,108.2639158710646,22.773792,,derived_from_source_layer_osm_id_fclass,smartbidata_task06_20260810,team_shared,team_shared_source,广西壮族自治区,南宁市,江南区,"MULTIPOLYGON (((108.263099 22.774417, 108.263105 22.773098, 108.263188 22.772941, 108.26332 22.772928, 108.263692 22.772939, 108.264447 22.773018, 108.264528 22.773041, 108.264745 22.773168, 108.264791 22.773132, 108.264953 22.773196, 108.264821 22.773551, 108.26464 22.774033, 108.264591 22.7741, 108.264454 22.774141, 108.264195 22.774624, 108.26317 22.774512, 108.263099 22.774417)))"
gis_osm_pois_a_free,<NA>,1415318344,school,schools:gis_osm_pois_a_free:1415318344:school,OGC:CRS84,450105,OpenStreetMap,real,kept,<NA>,永红小学,education,school,108.21526527081784,22.6413195,,derived_from_source_layer_osm_id_fclass,smartbidata_task06_20260810,team_shared,team_shared_source,广西壮族自治区,南宁市,江南区,"MULTIPOLYGON (((108.214372 22.641597, 108.215066 22.640362, 108.215548 22.640684, 108.21581 22.640787, 108.215898 22.640857, 108.216144 22.640969, 108.216027 22.641259, 108.215917 22.641531, 108.215483 22.64138, 108.21511 22.64239, 108.214919 22.64232, 108.215086 22.641945, 108.214372 22.641597)))"
gis_osm_pois_a_free,<NA>,1415318410,kindergarten,schools:gis_osm_pois_a_free:1415318410:kindergarten,OGC:CRS84,450105,OpenStreetMap,real,kept,<NA>,乔登美语幼儿园,education,kindergarten,108.21982291343136,22.6494463,,derived_from_source_layer_osm_id_fclass,smartbidata_task06_20260810,team_shared,team_shared_source,广西壮族自治区,南宁市,江南区,"MULTIPOLYGON (((108.219597 22.649477, 108.219755 22.649243, 108.219877 22.649355, 108.219926 22.649311, 108.220027 22.649399, 108.220046 22.649415, 108.219976 22.649532, 108.219911 22.649494, 108.219858 22.649604, 108.219597 22.649477)))"
gis_osm_pois_a_free,<NA>,1415572406,kindergarten,schools:gis_osm_pois_a_free:1415572406:kindergarten,OGC:CRS84,450105,OpenStreetMap,real,kept,<NA>,吴圩凯佳幼儿园,education,kindergarten,108.21646778081885,22.63738575,,derived_from_source_layer_osm_id_fclass,smartbidata_task06_20260810,team_shared,team_shared_source,广西壮族自治区,南宁市,江南区,"MULTIPOLYGON (((108.216127 22.637238, 108.216794 22.636958, 108.216983 22.6372, 108.216413 22.637534, 108.216127 22.637238)))"
gis_osm_pois_a_free,<NA>,19364592,school,schools:gis_osm_pois_a_free:19364592:school,OGC:CRS84,450105,OpenStreetMap,real,kept,<NA>,吴圩镇中心小学,education,school,108.21639488528041,22.64757425,,derived_from_source_layer_osm_id_fclass,smartbidata_task06_20260810,team_shared,team_shared_source,广西壮族自治区,南宁市,江南区,"MULTIPOLYGON (((108.215832 22.647824, 108.216198 22.64729, 108.216327 22.647356, 108.216592 22.646941, 108.216755 22.647051, 108.216995 22.647167, 108.216674 22.647792, 108.216971 22.648014, 108.217257 22.648342, 108.216966 22.64863, 108.216768 22.648463, 108.216463 22.648233, 108.216339 22.648334, 108.216142 22.648164, 108.216082 22.648103, 108.215832 22.647824)))"
gis_osm_pois_a_free,<NA>,1416026158,kindergarten,schools:gis_osm_pois_a_free:1416026158:kindergarten,OGC:CRS84,450108,OpenStreetMap,real,kept,<NA>,港保幼儿园,education,kindergarten,108.39341858068454,22.7668394,,derived_from_source_layer_osm_id_fclass,smartbidata_task06_20260810,team_shared,team_shared_source,广西壮族自治区,南宁市,良庆区,"MULTIPOLYGON (((108.393246 22.766766, 108.393298 22.76663, 108.393639 22.766912, 108.393442 22.767119, 108.393246 22.766766)))"
gis_osm_pois_a_free,<NA>,1416026159,kindergarten,schools:gis_osm_pois_a_free:1416026159:kindergarten,OGC:CRS84,450108,OpenStreetMap,real,kept,<NA>,,education,kindergarten,108.41338163968683,22.752966,,derived_from_source_layer_osm_id_fclass,smartbidata_task06_20260810,team_shared,team_shared_source,广西壮族自治区,南宁市,良庆区,"MULTIPOLYGON (((108.412878 22.75329, 108.412908 22.753153, 108.41304 22.75318, 108.413168 22.752508, 108.413586 22.752571, 108.413744 22.752779, 108.413458 22.753649, 108.413354 22.753633, 108.413362 22.753603, 108.41292 22.75353, 108.412969 22.753308, 108.412878 22.75329)))"
gis_osm_pois_a_free,<NA>,1416026163,school,schools:gis_osm_pois_a_free:1416026163:school,OGC:CRS84,450108,OpenStreetMap,real,kept,<NA>,新平路小学,education,school,108.3694604270691,22.7314129,,derived_from_source_layer_osm_id_fclass,smartbidata_task06_20260810,team_shared,team_shared_source,广西壮族自治区,南宁市,良庆区,"MULTIPOLYGON (((108.368492 22.732091, 108.369042 22.730561, 108.369092 22.730526, 108.36914 22.730521, 108.370312 22.730735, 108.370033 22.732227, 108.36855 22.732148, 108.368492 22.732091)))"
gis_osm_pois_a_free,<NA>,1417148057,school,schools:gis_osm_pois_a_free:1417148057:school,OGC:CRS84,450105,OpenStreetMap,real,kept,<NA>,南宁经济技术开发区光明路学校,education,school,108.21009011641672,22.65784945,,derived_from_source_layer_osm_id_fclass,smartbidata_task06_20260810,team_shared,team_shared_source,广西壮族自治区,南宁市,江南区,"MULTIPOLYGON (((108.208336 22.657079, 108.208344 22.65704, 108.208356 22.657008, 108.208376 22.656975, 108.209022 22.65632, 108.209803 22.656964, 108.210689 22.656024, 108.211894 22.657026, 108.210334 22.658535, 108.210217 22.658641, 108.210158 22.65867, 108.210094 22.65867, 108.21003 22.658648, 108.208371 22.657164, 108.208352 22.657142, 108.208342 22.65711, 108.208336 22.657079)))"
gis_osm_pois_a_free,<NA>,1417148059,kindergarten,schools:gis_osm_pois_a_free:1417148059:kindergarten,OGC:CRS84,450105,OpenStreetMap,real,kept,<NA>,经济开发区空港幼儿园,education,kindergarten,108.20748223498302,22.6589308,,derived_from_source_layer_osm_id_fclass,smartbidata_task06_20260810,team_shared,team_shared_source,广西壮族自治区,南宁市,江南区,"MULTIPOLYGON (((108.206782 22.658992, 108.207459 22.658181, 108.208193 22.65887, 108.207516 22.659536, 108.20747 22.65957, 108.207425 22.659573, 108.207372 22.659565, 108.206782 22.658992)))"
gis_osm_pois_a_free,<NA>,1436427669,school,schools:gis_osm_pois_a_free:1436427669:school,OGC:CRS84,450108,OpenStreetMap,real,kept,<NA>,南宁市五象新区第一实验小学（南校区）,education,school,108.38554764092027,22.72131085,,derived_from_source_layer_osm_id_fclass,smartbidata_task06_20260810,team_shared,team_shared_source,广西壮族自治区,南宁市,良庆区,"MULTIPOLYGON (((108.384249 22.720852, 108.386536 22.72038, 108.38688 22.72177, 108.384484 22.722205, 108.384249 22.720852)))"
gis_osm_pois_a_free,<NA>,1436866465,school,schools:gis_osm_pois_a_free:1436866465:school,OGC:CRS84,450105,OpenStreetMap,real,kept,<NA>,南宁市融晟小学,education,school,108.25007984235536,22.7947399,,derived_from_source_layer_osm_id_fclass,smartbidata_task06_20260810,team_shared,team_shared_source,广西壮族自治区,南宁市,江南区,"MULTIPOLYGON (((108.249612 22.795478, 108.249879 22.793878, 108.250559 22.794002, 108.250274 22.795565, 108.249612 22.795478)))"
gis_osm_pois_a_free,<NA>,1454475770,kindergarten,schools:gis_osm_pois_a_free:1454475770:kindergarten,OGC:CRS84,450103,OpenStreetMap,real,kept,<NA>,南宁市教育局直属第一幼儿园,education,kindergarten,108.39827799676193,22.8038211,,derived_from_source_layer_osm_id_fclass,smartbidata_task06_20260810,team_shared,team_shared_source,广西壮族自治区,南宁市,青秀区,"MULTIPOLYGON (((108.397487 22.803736, 108.39813 22.803088, 108.398172 22.803079, 108.398223 22.803118, 108.399071 22.803891, 108.398981 22.803987, 108.398457 22.80449, 108.398391 22.804513, 108.398363 22.80452, 108.397695 22.803948, 108.397488 22.803751, 108.397487 22.803736)))"
gis_osm_pois_a_free,<NA>,1463475193,kindergarten,schools:gis_osm_pois_a_free:1463475193:kindergarten,OGC:CRS84,450107,OpenStreetMap,real,kept,<NA>,南机幼儿园,education,kindergarten,108.28764485316782,22.8191506,,derived_from_source_layer_osm_id_fclass,smartbidata_task06_20260810,team_shared,team_shared_source,广西壮族自治区,南宁市,西乡塘区,"MULTIPOLYGON (((108.287384 22.819173, 108.287594 22.818867, 108.287882 22.819122, 108.287889 22.819128, 108.287896 22.819239, 108.28782 22.819409, 108.287384 22.819173)))"
gis_osm_pois_a_free,<NA>,1464509080,school,schools:gis_osm_pois_a_free:1464509080:school,OGC:CRS84,450126,OpenStreetMap,real,kept,<NA>,东黎小学,education,school,109.0351909556815,23.2695116,,derived_from_source_layer_osm_id_fclass,smartbidata_task06_20260810,team_shared,team_shared_source,广西壮族自治区,南宁市,宾阳县,"MULTIPOLYGON (((109.034019 23.269347, 109.035529 23.268675, 109.036353 23.269676, 109.035162 23.270642, 109.034019 23.269347)))"
gis_osm_pois_a_free,<NA>,1466927798,school,schools:gis_osm_pois_a_free:1466927798:school,OGC:CRS84,450107,OpenStreetMap,real,kept,<NA>,,education,school,108.31416925890737,22.8833319,,derived_from_source_layer_osm_id_fclass,smartbidata_task06_20260810,team_shared,team_shared_source,广西壮族自治区,南宁市,西乡塘区,"MULTIPOLYGON (((108.313436 22.883956, 108.313536 22.883475, 108.313508 22.883189, 108.313673 22.882518, 108.315019 22.882764, 108.314749 22.883521, 108.315038 22.883633, 108.314945 22.883901, 108.314846 22.883895, 108.314742 22.884157, 108.31408 22.883992, 108.313436 22.883956)))"
gis_osm_pois_a_free,<NA>,20153557,kindergarten,schools:gis_osm_pois_a_free:20153557:kindergarten,OGC:CRS84,450109,OpenStreetMap,real,kept,<NA>,清泉幼儿园（步云路分园）,education,kindergarten,108.4378905666404,22.7697345,,derived_from_source_layer_osm_id_fclass,smartbidata_task06_20260810,team_shared,team_shared_source,广西壮族自治区,南宁市,邕宁区,"MULTIPOLYGON (((108.437596 22.77002, 108.43764 22.769961, 108.437644 22.769495, 108.438141 22.769508, 108.438137 22.770051, 108.43809 22.770052, 108.438092 22.770152, 108.438093 22.770243, 108.438026 22.77024, 108.437606 22.770243, 108.437596 22.77002)))"
gis_osm_pois_a_free,<NA>,1474311600,school,schools:gis_osm_pois_a_free:1474311600:school,OGC:CRS84,450105,OpenStreetMap,real,kept,<NA>,居仁小学,education,school,108.3022339238822,22.71813555,,derived_from_source_layer_osm_id_fclass,smartbidata_task06_20260810,team_shared,team_shared_source,广西壮族自治区,南宁市,江南区,"MULTIPOLYGON (((108.301748 22.717503, 108.30222 22.717322, 108.302444 22.717607, 108.302432 22.717749, 108.302491 22.717984, 108.302561 22.718287, 108.302687 22.718419, 108.302605 22.71872, 108.302367 22.71889, 108.302005 22.718755, 108.301998 22.718318, 108.301748 22.717503)))"
gis_osm_pois_a_free,<NA>,1480654723,kindergarten,schools:gis_osm_pois_a_free:1480654723:kindergarten,OGC:CRS84,450103,OpenStreetMap,real,kept,<NA>,南宁市凤凰岭路幼儿园,education,kindergarten,108.40722715924562,22.83510465,,derived_from_source_layer_osm_id_fclass,smartbidata_task06_20260810,team_shared,team_shared_source,广西壮族自治区,南宁市,青秀区,"MULTIPOLYGON (((108.406928 22.834934, 108.407405 22.83477, 108.407512 22.835276, 108.407489 22.835766, 108.407036 22.835745, 108.407049 22.835341, 108.406928 22.834934)))"
gis_osm_pois_a_free,<NA>,1482529422,school,schools:gis_osm_pois_a_free:1482529422:school,OGC:CRS84,450103,OpenStreetMap,real,kept,<NA>,,education,school,108.36365670140995,22.8232992,,derived_from_source_layer_osm_id_fclass,smartbidata_task06_20260810,team_shared,team_shared_source,广西壮族自治区,南宁市,青秀区,"MULTIPOLYGON (((108.362564 22.823247, 108.364153 22.822426, 108.364748 22.823351, 108.363201 22.82421, 108.362564 22.823247)))"
gis_osm_pois_a_free,<NA>,1485989536,kindergarten,schools:gis_osm_pois_a_free:1485989536:kindergarten,OGC:CRS84,450102,OpenStreetMap,real,kept,<NA>,,education,kindergarten,108.32257451904242,22.8208829,,derived_from_source_layer_osm_id_fclass,smartbidata_task06_20260810,team_shared,team_shared_source,广西壮族自治区,南宁市,兴宁区,"MULTIPOLYGON (((108.322054 22.820972, 108.322305 22.820463, 108.323087 22.820794, 108.322884 22.821301, 108.322054 22.820972)))"
gis_osm_pois_a_free,<NA>,1486331104,school,schools:gis_osm_pois_a_free:1486331104:school,OGC:CRS84,450108,OpenStreetMap,real,kept,<NA>,南宁市五象小学（东校区）,education,school,108.40123712475243,22.75655665,,derived_from_source_layer_osm_id_fclass,smartbidata_task06_20260810,team_shared,team_shared_source,广西壮族自治区,南宁市,良庆区,"MULTIPOLYGON (((108.400648 22.755585, 108.400672 22.755514, 108.40078 22.755486, 108.401016 22.755494, 108.40127 22.755578, 108.401851 22.756112, 108.401769 22.756272, 108.401615 22.756472, 108.401582 22.756608, 108.401606 22.756773, 108.401694 22.75689, 108.401526 22.757304, 108.401164 22.757603, 108.401066 22.757642, 108.401007 22.757624, 108.400811 22.757478, 108.400764 22.757431, 108.400753 22.757379, 108.400868 22.756937, 108.400898 22.75665, 108.40087 22.756506, 108.400721 22.755852, 108.400648 22.755585)))"
gis_osm_pois_a_free,<NA>,1487732614,kindergarten,schools:gis_osm_pois_a_free:1487732614:kindergarten,OGC:CRS84,450103,OpenStreetMap,real,kept,<NA>,南宁市第四幼儿园教育集团柳沙园区,education,kindergarten,108.34327613212145,22.78253805,,derived_from_source_layer_osm_id_fclass,smartbidata_task06_20260810,team_shared,team_shared_source,广西壮族自治区,南宁市,青秀区,"MULTIPOLYGON (((108.342945 22.782792, 108.343329 22.782124, 108.343558 22.782362, 108.343364 22.782714, 108.343101 22.782859, 108.342945 22.782792)))"
gis_osm_pois_a_free,<NA>,1487732616,school,schools:gis_osm_pois_a_free:1487732616:school,OGC:CRS84,450103,OpenStreetMap,real,kept,<NA>,南宁市荔英中学,education,school,108.34700077040375,22.7831685,,derived_from_source_layer_osm_id_fclass,smartbidata_task06_20260810,team_shared,team_shared_source,广西壮族自治区,南宁市,青秀区,"MULTIPOLYGON (((108.345607 22.783322, 108.345965 22.782221, 108.346185 22.782284, 108.346891 22.782468, 108.347351 22.78256, 108.347876 22.782693, 108.348291 22.782836, 108.348348 22.783043, 108.348342 22.783294, 108.348259 22.783455, 108.347866 22.784294, 108.347546 22.784243, 108.347341 22.784203, 108.34716 22.784018, 108.346888 22.783785, 108.346668 22.783392, 108.345951 22.783434, 108.345607 22.783322)))"
gis_osm_pois_a_free,<NA>,1487732624,school,schools:gis_osm_pois_a_free:1487732624:school,OGC:CRS84,450103,OpenStreetMap,real,kept,<NA>,南宁市滨湖路小学（英华校区）,education,school,108.3498834626711,22.78018975,,derived_from_source_layer_osm_id_fclass,smartbidata_task06_20260810,team_shared,team_shared_source,广西壮族自治区,南宁市,青秀区,"MULTIPOLYGON (((108.349075 22.78037, 108.349774 22.779539, 108.349884 22.779491, 108.350022 22.779487, 108.350699 22.780009, 108.350024 22.780776, 108.349957 22.780795, 108.349806 22.780816, 108.349075 22.78037)))"
gis_osm_pois_a_free,<NA>,1487732625,kindergarten,schools:gis_osm_pois_a_free:1487732625:kindergarten,OGC:CRS84,450103,OpenStreetMap,real,kept,<NA>,南宁市青秀区华发幼儿园,education,kindergarten,108.34600828188702,22.77577165,,derived_from_source_layer_osm_id_fclass,smartbidata_task06_20260810,team_shared,team_shared_source,广西壮族自治区,南宁市,青秀区,"MULTIPOLYGON (((108.345438 22.776133, 108.34587 22.77541, 108.346868 22.776143, 108.346804 22.776236, 108.346523 22.776247, 108.346273 22.776407, 108.345844 22.77616, 108.34561 22.776208, 108.345438 22.776133)))"
gis_osm_pois_a_free,<NA>,1487732629,school,schools:gis_osm_pois_a_free:1487732629:school,OGC:CRS84,450103,OpenStreetMap,real,kept,<NA>,南宁市柳沙学校,education,school,108.33929729760943,22.77722875,,derived_from_source_layer_osm_id_fclass,smartbidata_task06_20260810,team_shared,team_shared_source,广西壮族自治区,南宁市,青秀区,"MULTIPOLYGON (((108.338534 22.777394, 108.338826 22.77678, 108.339065 22.776416, 108.339536 22.776649, 108.339563 22.776795, 108.340057 22.777064, 108.339881 22.777452, 108.33972 22.77777, 108.339578 22.77783, 108.338963 22.777714, 108.338579 22.777622, 108.338539 22.777534, 108.338534 22.777394)))"
gis_osm_pois_a_free,<NA>,1490418723,university,schools:gis_osm_pois_a_free:1490418723:university,OGC:CRS84,450108,OpenStreetMap,real,kept,<NA>,广西人工智能学院,education,university,108.3979959480633,22.709929,,derived_from_source_layer_osm_id_fclass,smartbidata_task06_20260810,team_shared,team_shared_source,广西壮族自治区,南宁市,良庆区,"MULTIPOLYGON (((108.39637 22.708924, 108.39646 22.708759, 108.396549 22.708703, 108.399346 22.708594, 108.399509 22.708699, 108.39959 22.708823, 108.399562 22.70931, 108.39961 22.709509, 108.39961 22.711107, 108.399505 22.711257, 108.399338 22.711313, 108.397316 22.711476, 108.396687 22.711542, 108.396504 22.711448, 108.396423 22.71129, 108.396421 22.711093, 108.396422 22.71057, 108.396386 22.710349, 108.39637 22.708924)))"
gis_osm_pois_a_free,<NA>,1491026693,kindergarten,schools:gis_osm_pois_a_free:1491026693:kindergarten,OGC:CRS84,450109,OpenStreetMap,real,kept,<NA>,南宁市邕宁区龙华路幼儿园,education,kindergarten,108.47184594885493,22.79319385,,derived_from_source_layer_osm_id_fclass,smartbidata_task06_20260810,team_shared,team_shared_source,广西壮族自治区,南宁市,邕宁区,"MULTIPOLYGON (((108.471214 22.793576, 108.471663 22.792812, 108.472914 22.793622, 108.47234 22.794073, 108.472223 22.794106, 108.472134 22.794089, 108.471214 22.793576)))"
gis_osm_pois_a_free,<NA>,1491026700,kindergarten,schools:gis_osm_pois_a_free:1491026700:kindergarten,OGC:CRS84,450109,OpenStreetMap,real,kept,<NA>,龙华路幼儿园,education,kindergarten,108.45817876692001,22.7797449,,derived_from_source_layer_osm_id_fclass,smartbidata_task06_20260810,team_shared,team_shared_source,广西壮族自治区,南宁市,邕宁区,"MULTIPOLYGON (((108.457619 22.779962, 108.458027 22.779186, 108.458748 22.779527, 108.458274 22.780358, 108.457619 22.779962)))"
gis_osm_pois_a_free,<NA>,1492461393,kindergarten,schools:gis_osm_pois_a_free:1492461393:kindergarten,OGC:CRS84,450105,OpenStreetMap,real,kept,<NA>,南宁市经济技术开发区金凯路幼儿园,education,kindergarten,108.30135778236094,22.77555945,,derived_from_source_layer_osm_id_fclass,smartbidata_task06_20260810,team_shared,team_shared_source,广西壮族自治区,南宁市,江南区,"MULTIPOLYGON (((108.300858 22.775722, 108.300908 22.775191, 108.301803 22.775254, 108.30189 22.775397, 108.301777 22.775781, 108.300858 22.775722)))"
gis_osm_pois_a_free,<NA>,1492461395,kindergarten,schools:gis_osm_pois_a_free:1492461395:kindergarten,OGC:CRS84,450105,OpenStreetMap,real,kept,<NA>,南宁市经济技术开发区星光幼儿园,education,kindergarten,108.30453241751219,22.7745997,,derived_from_source_layer_osm_id_fclass,smartbidata_task06_20260810,team_shared,team_shared_source,广西壮族自治区,南宁市,江南区,"MULTIPOLYGON (((108.30402 22.774342, 108.305039 22.774347, 108.305047 22.774852, 108.304785 22.775146, 108.304026 22.775142, 108.30402 22.774342)))"
gis_osm_pois_a_free,<NA>,1492461401,school,schools:gis_osm_pois_a_free:1492461401:school,OGC:CRS84,450105,OpenStreetMap,real,kept,<NA>,文岭小学,education,school,108.28606266818588,22.78981055,,derived_from_source_layer_osm_id_fclass,smartbidata_task06_20260810,team_shared,team_shared_source,广西壮族自治区,南宁市,江南区,"MULTIPOLYGON (((108.285109 22.789284, 108.285284 22.789137, 108.287021 22.789144, 108.287004 22.790483, 108.286919 22.790544, 108.285305 22.790558, 108.285116 22.790337, 108.285109 22.789284)))"
gis_osm_pois_a_free,<NA>,1492461403,school,schools:gis_osm_pois_a_free:1492461403:school,OGC:CRS84,450105,OpenStreetMap,real,kept,<NA>,南宁市第三中学初中部江南校区,education,school,108.28162941153965,22.78879845,,derived_from_source_layer_osm_id_fclass,smartbidata_task06_20260810,team_shared,team_shared_source,广西壮族自治区,南宁市,江南区,"MULTIPOLYGON (((108.280376 22.788574, 108.280384 22.788353, 108.281343 22.787971, 108.282528 22.787984, 108.28255 22.789023, 108.281816 22.789532, 108.280376 22.788574)))"
gis_osm_pois_a_free,<NA>,1492461414,kindergarten,schools:gis_osm_pois_a_free:1492461414:kindergarten,OGC:CRS84,450105,OpenStreetMap,real,kept,<NA>,江南区文岭路幼儿园,education,kindergarten,108.28433157638825,22.7884557,,derived_from_source_layer_osm_id_fclass,smartbidata_task06_20260810,team_shared,team_shared_source,广西壮族自治区,南宁市,江南区,"MULTIPOLYGON (((108.284038 22.788029, 108.284611 22.788019, 108.284628 22.788898, 108.284049 22.788882, 108.284038 22.788029)))"
gis_osm_pois_a_free,<NA>,1492982431,kindergarten,schools:gis_osm_pois_a_free:1492982431:kindergarten,OGC:CRS84,450109,OpenStreetMap,real,kept,<NA>,博雅幼儿园,education,kindergarten,108.45121489447475,22.7845581,,derived_from_source_layer_osm_id_fclass,smartbidata_task06_20260810,team_shared,team_shared_source,广西壮族自治区,南宁市,邕宁区,"MULTIPOLYGON (((108.450577 22.784671, 108.450758 22.784131, 108.45193 22.784445, 108.451684 22.784687, 108.45153 22.784912, 108.450577 22.784671)))"
gis_osm_pois_a_free,<NA>,1493808451,school,schools:gis_osm_pois_a_free:1493808451:school,OGC:CRS84,450108,OpenStreetMap,real,kept,<NA>,南宁市华海路初级中学,education,school,108.37480192097496,22.71679705,,derived_from_source_layer_osm_id_fclass,smartbidata_task06_20260810,team_shared,team_shared_source,广西壮族自治区,南宁市,良庆区,"MULTIPOLYGON (((108.373063 22.717592, 108.373306 22.716588, 108.373422 22.71642, 108.37366 22.716343, 108.374524 22.716295, 108.37615 22.716308, 108.376252 22.716347, 108.376332 22.716472, 108.37636 22.717006, 108.376322 22.717523, 108.376126 22.717656, 108.373231 22.717674, 108.373063 22.717592)))"
gis_osm_pois_a_free,<NA>,1493808453,kindergarten,schools:gis_osm_pois_a_free:1493808453:kindergarten,OGC:CRS84,450108,OpenStreetMap,real,kept,<NA>,南宁市良庆区金良路幼儿园,education,kindergarten,108.38065819448946,22.71562805,,derived_from_source_layer_osm_id_fclass,smartbidata_task06_20260810,team_shared,team_shared_source,广西壮族自治区,南宁市,良庆区,"MULTIPOLYGON (((108.380242 22.715893, 108.380286 22.714967, 108.380345 22.714978, 108.380732 22.714986, 108.38072 22.715352, 108.381076 22.715367, 108.381048 22.715889, 108.380242 22.715893)))"
gis_osm_pois_a_free,<NA>,1493808456,kindergarten,schools:gis_osm_pois_a_free:1493808456:kindergarten,OGC:CRS84,450108,OpenStreetMap,real,kept,<NA>,南宁市良庆区丰华路幼儿园,education,kindergarten,108.3801340750912,22.70040305,,derived_from_source_layer_osm_id_fclass,smartbidata_task06_20260810,team_shared,team_shared_source,广西壮族自治区,南宁市,良庆区,"MULTIPOLYGON (((108.37969 22.700106, 108.380573 22.700119, 108.380568 22.700687, 108.379704 22.700709, 108.37969 22.700106)))"
gis_osm_pois_a_free,<NA>,1493808502,school,schools:gis_osm_pois_a_free:1493808502:school,OGC:CRS84,450108,OpenStreetMap,real,kept,<NA>,南宁市良庆区春华路小学,education,school,108.33583312580839,22.7392771,,derived_from_source_layer_osm_id_fclass,smartbidata_task06_20260810,team_shared,team_shared_source,广西壮族自治区,南宁市,良庆区,"MULTIPOLYGON (((108.334712 22.740028, 108.334918 22.739608, 108.335544 22.73855, 108.335656 22.738486, 108.335777 22.738464, 108.336744 22.738946, 108.335782 22.740613, 108.335614 22.740501, 108.335263 22.74032, 108.334806 22.740148, 108.334712 22.740028)))"
gis_osm_pois_a_free,<NA>,1493808503,school,schools:gis_osm_pois_a_free:1493808503:school,OGC:CRS84,450108,OpenStreetMap,real,kept,<NA>,南宁市英华学校,education,school,108.33110195425756,22.73821005,,derived_from_source_layer_osm_id_fclass,smartbidata_task06_20260810,team_shared,team_shared_source,广西壮族自治区,南宁市,良庆区,"MULTIPOLYGON (((108.329533 22.738468, 108.330547 22.737043, 108.33079 22.736948, 108.331336 22.737013, 108.332167 22.736952, 108.332307 22.738167, 108.332489 22.738167, 108.332485 22.738253, 108.33255 22.738253, 108.332513 22.739071, 108.33114 22.739179, 108.330776 22.739412, 108.330159 22.739554, 108.329977 22.739308, 108.329533 22.738468)))"
gis_osm_pois_a_free,<NA>,1493808504,school,schools:gis_osm_pois_a_free:1493808504:school,OGC:CRS84,450108,OpenStreetMap,real,kept,<NA>,南宁市景华学校,education,school,108.31760490210195,22.734977,,derived_from_source_layer_osm_id_fclass,smartbidata_task06_20260810,team_shared,team_shared_source,广西壮族自治区,南宁市,良庆区,"MULTIPOLYGON (((108.316931 22.735177, 108.317118 22.733464, 108.318178 22.732895, 108.318365 22.733158, 108.31879 22.732934, 108.319277 22.733732, 108.318154 22.734777, 108.318834 22.736099, 108.317711 22.736707, 108.316931 22.735177)))"
gis_osm_pois_a_free,<NA>,1493808514,kindergarten,schools:gis_osm_pois_a_free:1493808514:kindergarten,OGC:CRS84,450108,OpenStreetMap,real,kept,<NA>,广西实验幼儿园,education,kindergarten,108.37502084657015,22.75215835,,derived_from_source_layer_osm_id_fclass,smartbidata_task06_20260810,team_shared,team_shared_source,广西壮族自治区,南宁市,良庆区,"MULTIPOLYGON (((108.374356 22.752092, 108.374529 22.751664, 108.374669 22.75158, 108.374792 22.751545, 108.375522 22.75204, 108.375597 22.752109, 108.375581 22.752208, 108.375484 22.752445, 108.375297 22.752733, 108.374356 22.752092)))"
gis_osm_pois_a_free,<NA>,1500792995,school,schools:gis_osm_pois_a_free:1500792995:school,OGC:CRS84,450107,OpenStreetMap,real,kept,<NA>,南宁市高新初级中学,education,school,108.24603556671903,22.8676769,,derived_from_source_layer_osm_id_fclass,smartbidata_task06_20260810,team_shared,team_shared_source,广西壮族自治区,南宁市,西乡塘区,"MULTIPOLYGON (((108.24516 22.866917, 108.246799 22.866924, 108.246822 22.867384, 108.246971 22.86797, 108.245201 22.868624, 108.245166 22.86735, 108.24516 22.866917)))"
gis_osm_pois_a_free,<NA>,1500793008,school,schools:gis_osm_pois_a_free:1500793008:school,OGC:CRS84,450107,OpenStreetMap,real,kept,<NA>,南宁市罗贤路小学,education,school,108.2074790995209,22.8489883,,derived_from_source_layer_osm_id_fclass,smartbidata_task06_20260810,team_shared,team_shared_source,广西壮族自治区,南宁市,西乡塘区,"MULTIPOLYGON (((108.20672 22.847938, 108.207977 22.847895, 108.208057 22.849465, 108.207053 22.849477, 108.2068 22.848512, 108.20672 22.847938)))"
gis_osm_pois_a_free,<NA>,1500793010,school,schools:gis_osm_pois_a_free:1500793010:school,OGC:CRS84,450107,OpenStreetMap,real,kept,<NA>,南宁市高新小学（北校区）,education,school,108.27317530527273,22.87619635,,derived_from_source_layer_osm_id_fclass,smartbidata_task06_20260810,team_shared,team_shared_source,广西壮族自治区,南宁市,西乡塘区,"MULTIPOLYGON (((108.272171 22.875898, 108.272175 22.875572, 108.2722 22.875337, 108.273293 22.875503, 108.273258 22.87568, 108.273838 22.875781, 108.273803 22.876606, 108.272497 22.876469, 108.272564 22.875924, 108.272171 22.875898)))"
gis_osm_pois_a_free,<NA>,1500793011,school,schools:gis_osm_pois_a_free:1500793011:school,OGC:CRS84,450107,OpenStreetMap,real,kept,<NA>,地凱育仁幼兒學校,education,school,108.27041407914388,22.87810225,,derived_from_source_layer_osm_id_fclass,smartbidata_task06_20260810,team_shared,team_shared_source,广西壮族自治区,南宁市,西乡塘区,"MULTIPOLYGON (((108.269944 22.877592, 108.270911 22.87761, 108.270848 22.87861, 108.269952 22.878595, 108.269944 22.877592)))"
gis_osm_pois_a_free,<NA>,1500793012,school,schools:gis_osm_pois_a_free:1500793012:school,OGC:CRS84,450107,OpenStreetMap,real,kept,<NA>,桂鼎学校,education,school,108.26681730932768,22.8798157,,derived_from_source_layer_osm_id_fclass,smartbidata_task06_20260810,team_shared,team_shared_source,广西壮族自治区,南宁市,西乡塘区,"MULTIPOLYGON (((108.265899 22.879364, 108.26764 22.879359, 108.267741 22.879472, 108.267726 22.880403, 108.26642 22.880423, 108.26642 22.880159, 108.265899 22.880159, 108.265899 22.879364)))"
gis_osm_pois_a_free,<NA>,1500793020,school,schools:gis_osm_pois_a_free:1500793020:school,OGC:CRS84,450107,OpenStreetMap,real,kept,<NA>,南宁市高新小学（南校区）,education,school,108.26408194092568,22.84672475,,derived_from_source_layer_osm_id_fclass,smartbidata_task06_20260810,team_shared,team_shared_source,广西壮族自治区,南宁市,西乡塘区,"MULTIPOLYGON (((108.263472 22.846393, 108.26469 22.846398, 108.264681 22.847568, 108.263481 22.847052, 108.263472 22.846393)))"
gis_osm_pois_a_free,<NA>,1500793022,school,schools:gis_osm_pois_a_free:1500793022:school,OGC:CRS84,450107,OpenStreetMap,real,kept,<NA>,南宁市第三十五中学,education,school,108.26950813318564,22.84093185,,derived_from_source_layer_osm_id_fclass,smartbidata_task06_20260810,team_shared,team_shared_source,广西壮族自治区,南宁市,西乡塘区,"MULTIPOLYGON (((108.268982 22.841199, 108.269327 22.840273, 108.270836 22.84083, 108.270744 22.841034, 108.269974 22.840784, 108.26983 22.841336, 108.270396 22.841522, 108.270331 22.841738, 108.269653 22.841591, 108.268982 22.841199)))"
gis_osm_pois_a_free,<NA>,1500793023,school,schools:gis_osm_pois_a_free:1500793023:school,OGC:CRS84,450107,OpenStreetMap,real,kept,<NA>,位子渌小学,education,school,108.2718570792323,22.84688995,,derived_from_source_layer_osm_id_fclass,smartbidata_task06_20260810,team_shared,team_shared_source,广西壮族自治区,南宁市,西乡塘区,"MULTIPOLYGON (((108.271148 22.847182, 108.271294 22.84626, 108.272262 22.846362, 108.272526 22.846598, 108.272514 22.847186, 108.271148 22.847182)))"
gis_osm_pois_a_free,<NA>,1500793047,university,schools:gis_osm_pois_a_free:1500793047:university,OGC:CRS84,450107,OpenStreetMap,real,kept,<NA>,广西职业技术学院（百洋校区）,education,university,108.25586006067545,22.8626136,,derived_from_source_layer_osm_id_fclass,smartbidata_task06_20260810,team_shared,team_shared_source,广西壮族自治区,南宁市,西乡塘区,"MULTIPOLYGON (((108.25528 22.863412, 108.255289 22.861772, 108.255878 22.861755, 108.255873 22.861828, 108.256424 22.861815, 108.256447 22.863399, 108.25528 22.863412)))"
gis_osm_pois_a_free,<NA>,1500793052,school,schools:gis_osm_pois_a_free:1500793052:school,OGC:CRS84,450107,OpenStreetMap,real,kept,<NA>,南宁东师实验学校,education,school,108.26694647013812,22.86358765,,derived_from_source_layer_osm_id_fclass,smartbidata_task06_20260810,team_shared,team_shared_source,广西壮族自治区,南宁市,西乡塘区,"MULTIPOLYGON (((108.266218 22.863355, 108.267656 22.863368, 108.267647 22.863807, 108.266264 22.863811, 108.266218 22.863355)))"
gis_osm_pois_a_free,<NA>,1501286282,college,schools:gis_osm_pois_a_free:1501286282:college,OGC:CRS84,450107,OpenStreetMap,real,kept,<NA>,广西体育高等专科学校（相思湖校区）,education,college,108.1766113703097,22.8363615,,derived_from_source_layer_osm_id_fclass,smartbidata_task06_20260810,team_shared,team_shared_source,广西壮族自治区,南宁市,西乡塘区,"MULTIPOLYGON (((108.173593 22.835754, 108.174239 22.834705, 108.174782 22.834466, 108.175358 22.833788, 108.176039 22.833672, 108.176409 22.833306, 108.176858 22.832778, 108.17822 22.833554, 108.179683 22.834261, 108.178496 22.836501, 108.178183 22.836542, 108.178137 22.836718, 108.178212 22.836856, 108.178205 22.837004, 108.178018 22.837281, 108.178209 22.837505, 108.177958 22.837904, 108.17774 22.838337, 108.177472 22.83889, 108.177342 22.839373, 108.17693 22.839692, 108.176828 22.839989, 108.175507 22.839836, 108.175246 22.839498, 108.175094 22.839338, 108.175184 22.838489, 108.175257 22.838461, 108.17533 22.838408, 108.175381 22.837994, 108.175338 22.837917, 108.175503 22.837251, 108.175217 22.837159, 108.175224 22.836663, 108.174388 22.836222, 108.174178 22.836176, 108.174098 22.836016, 108.173593 22.835754)))"
gis_osm_pois_a_free,<NA>,1501286296,school,schools:gis_osm_pois_a_free:1501286296:school,OGC:CRS84,450107,OpenStreetMap,real,kept,<NA>,南宁市西宁路小学,education,school,108.2259489460328,22.834653,,derived_from_source_layer_osm_id_fclass,smartbidata_task06_20260810,team_shared,team_shared_source,广西壮族自治区,南宁市,西乡塘区,"MULTIPOLYGON (((108.22462 22.834279, 108.224998 22.833482, 108.226736 22.833543, 108.226493 22.835027, 108.226292 22.835144, 108.22462 22.834279)))"
gis_osm_pois_a_free,<NA>,1514265471,school,schools:gis_osm_pois_a_free:1514265471:school,OGC:CRS84,450108,OpenStreetMap,real,kept,<NA>,,education,school,108.31525033924623,22.772193,,derived_from_source_layer_osm_id_fclass,smartbidata_task06_20260810,team_shared,team_shared_source,广西壮族自治区,南宁市,良庆区,"MULTIPOLYGON (((108.313859 22.771276, 108.313891 22.771217, 108.313977 22.771171, 108.315014 22.771141, 108.3151 22.771181, 108.315533 22.771194, 108.315515 22.771359, 108.316209 22.771461, 108.316316 22.771547, 108.315873 22.773835, 108.31569 22.773776, 108.315333 22.773594, 108.314975 22.773337, 108.314642 22.772918, 108.31446 22.772589, 108.31416 22.771797, 108.313859 22.771359, 108.313859 22.771276)))"
gis_osm_pois_a_free,<NA>,1524344884,kindergarten,schools:gis_osm_pois_a_free:1524344884:kindergarten,OGC:CRS84,450103,OpenStreetMap,real,kept,<NA>,凤景湾幼儿园,education,kindergarten,108.3826750789651,22.8222826,,derived_from_source_layer_osm_id_fclass,smartbidata_task06_20260810,team_shared,team_shared_source,广西壮族自治区,南宁市,青秀区,"MULTIPOLYGON (((108.382447 22.821914, 108.383353 22.822652, 108.383202 22.822691, 108.382455 22.822716, 108.382447 22.821914)))"
gis_osm_pois_a_free,<NA>,1524344887,kindergarten,schools:gis_osm_pois_a_free:1524344887:kindergarten,OGC:CRS84,450103,OpenStreetMap,real,kept,<NA>,南宁市直属机关保育园,education,kindergarten,108.38627196526872,22.8220225,,derived_from_source_layer_osm_id_fclass,smartbidata_task06_20260810,team_shared,team_shared_source,广西壮族自治区,南宁市,青秀区,"MULTIPOLYGON (((108.385619 22.821803, 108.385799 22.821671, 108.386264 22.821276, 108.38685 22.82186, 108.386549 22.822185, 108.386359 22.822525, 108.385619 22.821803)))"
gis_osm_pois_a_free,<NA>,1524344888,school,schools:gis_osm_pois_a_free:1524344888:school,OGC:CRS84,450103,OpenStreetMap,real,kept,<NA>,南宁市第四十七中学（长云校区）,education,school,108.3850395391533,22.82216365,,derived_from_source_layer_osm_id_fclass,smartbidata_task06_20260810,team_shared,team_shared_source,广西壮族自治区,南宁市,青秀区,"MULTIPOLYGON (((108.383822 22.822632, 108.384495 22.821454, 108.384412 22.821414, 108.384507 22.821253, 108.384687 22.820978, 108.385799 22.821671, 108.385619 22.821803, 108.386359 22.822525, 108.386202 22.822992, 108.386072 22.823049, 108.385056 22.8227, 108.384207 22.82266, 108.383822 22.822632)))"
gis_osm_pois_a_free,<NA>,1527150632,school,schools:gis_osm_pois_a_free:1527150632:school,OGC:CRS84,450107,OpenStreetMap,real,kept,<NA>,广西邮电技工学校,education,school,108.24782175936264,22.840179,,derived_from_source_layer_osm_id_fclass,smartbidata_task06_20260810,team_shared,team_shared_source,广西壮族自治区,南宁市,西乡塘区,"MULTIPOLYGON (((108.245898 22.841461, 108.245927 22.841202, 108.246516 22.841179, 108.24721 22.841124, 108.2472 22.840849, 108.247106 22.840852, 108.247043 22.840306, 108.247028 22.840052, 108.247305 22.838998, 108.246861 22.838951, 108.246889 22.838426, 108.247132 22.83809, 108.247132 22.837737, 108.247989 22.837788, 108.248452 22.837907, 108.248538 22.837944, 108.248596 22.838458, 108.248636 22.838865, 108.248661 22.839216, 108.248606 22.840021, 108.248623 22.841058, 108.248567 22.841543, 108.24855 22.84174, 108.248479 22.841863, 108.248379 22.841904, 108.247718 22.841991, 108.24754 22.842041, 108.247297 22.842196, 108.247112 22.842424, 108.246587 22.842419, 108.245903 22.842441, 108.245898 22.841461)))"
gis_osm_pois_a_free,<NA>,1527161836,school,schools:gis_osm_pois_a_free:1527161836:school,OGC:CRS84,450107,OpenStreetMap,real,kept,<NA>,南宁市高新小学（东校区）,education,school,108.27626788525096,22.84009855,,derived_from_source_layer_osm_id_fclass,smartbidata_task06_20260810,team_shared,team_shared_source,广西壮族自治区,南宁市,西乡塘区,"MULTIPOLYGON (((108.275454 22.839871, 108.275675 22.839814, 108.275628 22.839588, 108.276609 22.839438, 108.277065 22.839368, 108.27705 22.839471, 108.276987 22.840326, 108.276884 22.841141, 108.276819 22.841236, 108.275961 22.841204, 108.275673 22.840514, 108.275454 22.839871)))"
gis_osm_pois_a_free,<NA>,1527161837,school,schools:gis_osm_pois_a_free:1527161837:school,OGC:CRS84,450107,OpenStreetMap,real,kept,<NA>,南宁市第二十中学,education,school,108.27630529758086,22.838695,,derived_from_source_layer_osm_id_fclass,smartbidata_task06_20260810,team_shared,team_shared_source,广西壮族自治区,南宁市,西乡塘区,"MULTIPOLYGON (((108.274747 22.839926, 108.275047 22.839138, 108.275296 22.839129, 108.275226 22.838261, 108.277093 22.837813, 108.277535 22.839334, 108.277065 22.839368, 108.275628 22.839588, 108.275675 22.839814, 108.275454 22.839871, 108.274747 22.839926)))"
gis_osm_pois_a_free,<NA>,1527170895,school,schools:gis_osm_pois_a_free:1527170895:school,OGC:CRS84,450103,OpenStreetMap,real,kept,<NA>,,education,school,108.39167836848301,22.8382662,,derived_from_source_layer_osm_id_fclass,smartbidata_task06_20260810,team_shared,team_shared_source,广西壮族自治区,南宁市,青秀区,"MULTIPOLYGON (((108.390914 22.839524, 108.391215 22.836874, 108.391748 22.836936, 108.391991 22.837035, 108.39213 22.837206, 108.392166 22.837994, 108.392434 22.838538, 108.39272 22.838614, 108.393725 22.83864, 108.393646 22.839754, 108.391411 22.839777, 108.391147 22.839754, 108.391004 22.839636, 108.390914 22.839524)))"
gis_osm_pois_a_free,<NA>,1527839473,school,schools:gis_osm_pois_a_free:1527839473:school,OGC:CRS84,450125,OpenStreetMap,real,kept,<NA>,,education,school,108.6134946775654,23.38345395,,derived_from_source_layer_osm_id_fclass,smartbidata_task06_20260810,team_shared,team_shared_source,广西壮族自治区,南宁市,上林县,"MULTIPOLYGON (((108.612781 23.385307, 108.6128 23.384364, 108.612875 23.383287, 108.61299 23.382738, 108.613339 23.381824, 108.61388 23.382078, 108.613943 23.381821, 108.61441 23.381484, 108.614721 23.381486, 108.61511 23.381709, 108.615176 23.381795, 108.615197 23.382229, 108.615004 23.382267, 108.61464 23.382652, 108.614291 23.383098, 108.614048 23.383621, 108.614014 23.383698, 108.613946 23.384624, 108.613831 23.384844, 108.613706 23.384941, 108.613675 23.385416, 108.612781 23.385307)))"
gis_osm_pois_a_free,<NA>,1527839530,school,schools:gis_osm_pois_a_free:1527839530:school,OGC:CRS84,450125,OpenStreetMap,real,kept,<NA>,,education,school,108.51905444071457,23.53318705,,derived_from_source_layer_osm_id_fclass,smartbidata_task06_20260810,team_shared,team_shared_source,广西壮族自治区,南宁市,上林县,"MULTIPOLYGON (((108.518214 23.533799, 108.518233 23.532614, 108.519852 23.532601, 108.519918 23.53376, 108.519837 23.533799, 108.518214 23.533799)))"
gis_osm_pois_a_free,<NA>,20998236,university,schools:gis_osm_pois_a_free:20998236:university,OGC:CRS84,450107,OpenStreetMap,real,kept,<NA>,广西职业师范学院(相思湖校区),education,university,108.23411702422919,22.83417375,,derived_from_source_layer_osm_id_fclass,smartbidata_task06_20260810,team_shared,team_shared_source,广西壮族自治区,南宁市,西乡塘区,"MULTIPOLYGON (((108.230474 22.834833, 108.230791 22.833374, 108.231547 22.833389, 108.231574 22.832355, 108.231952 22.832364, 108.231945 22.832692, 108.232072 22.832693, 108.232071 22.83282, 108.232146 22.832821, 108.232133 22.833288, 108.232578 22.8333, 108.232601 22.832711, 108.232463 22.832705, 108.23247 22.832319, 108.234438 22.832327, 108.234797 22.832353, 108.23538 22.832424, 108.236115 22.832486, 108.236364 22.832567, 108.236701 22.832739, 108.236908 22.832968, 108.23713 22.833546, 108.237466 22.83397, 108.237767 22.834378, 108.23792 22.834704, 108.237551 22.834686, 108.237473 22.834859, 108.237454 22.835092, 108.2375 22.835356, 108.237485 22.835831, 108.237772 22.835919, 108.237796 22.836132, 108.236961 22.836057, 108.234728 22.835758, 108.234577 22.835725, 108.234589 22.835172, 108.234159 22.835211, 108.231912 22.834844, 108.230474 22.834833)))"
gis_osm_pois_a_free,<NA>,20998237,college,schools:gis_osm_pois_a_free:20998237:college,OGC:CRS84,450107,OpenStreetMap,real,kept,<NA>,广西机电职业技术学院,education,college,108.23372247298084,22.8386012,,derived_from_source_layer_osm_id_fclass,smartbidata_task06_20260810,team_shared,team_shared_source,广西壮族自治区,南宁市,西乡塘区,"MULTIPOLYGON (((108.22962 22.839734, 108.229997 22.837703, 108.230076 22.837031, 108.230379 22.835268, 108.230981 22.835334, 108.231612 22.835402, 108.233342 22.835589, 108.233423 22.835613, 108.233487 22.83565, 108.233532 22.83569, 108.233559 22.83574, 108.233631 22.836092, 108.234609 22.836204, 108.23471 22.836215, 108.234728 22.835758, 108.236961 22.836057, 108.237796 22.836132, 108.237923 22.836376, 108.237934 22.836509, 108.237922 22.836685, 108.23747 22.8395, 108.237136 22.840746, 108.236721 22.841363, 108.236422 22.841818, 108.236038 22.842163, 108.234815 22.841663, 108.233828 22.841309, 108.232958 22.840972, 108.232989 22.840869, 108.23292 22.84085, 108.232738 22.840798, 108.232668 22.840779, 108.232592 22.840968, 108.232047 22.840787, 108.230008 22.840088, 108.229673 22.839931, 108.22962 22.839734)))"
gis_osm_pois_a_free,<NA>,20998238,college,schools:gis_osm_pois_a_free:20998238:college,OGC:CRS84,450107,OpenStreetMap,real,kept,<NA>,广西社会主义学院,education,college,108.23352948044757,22.83549565,,derived_from_source_layer_osm_id_fclass,smartbidata_task06_20260810,team_shared,team_shared_source,广西壮族自治区,南宁市,西乡塘区,"MULTIPOLYGON (((108.230379 22.835268, 108.230474 22.834833, 108.231912 22.834844, 108.234159 22.835211, 108.234589 22.835172, 108.234577 22.835725, 108.234728 22.835758, 108.23471 22.836215, 108.234609 22.836204, 108.233631 22.836092, 108.233559 22.83574, 108.233532 22.83569, 108.233487 22.83565, 108.233423 22.835613, 108.233342 22.835589, 108.231612 22.835402, 108.230981 22.835334, 108.230379 22.835268)))"
gis_osm_pois_a_free,<NA>,1531061124,school,schools:gis_osm_pois_a_free:1531061124:school,OGC:CRS84,450105,OpenStreetMap,real,kept,<NA>,南宁经济技术开发区第一中学,education,school,108.27163578896841,22.7574572,,derived_from_source_layer_osm_id_fclass,smartbidata_task06_20260810,team_shared,team_shared_source,广西壮族自治区,南宁市,江南区,"MULTIPOLYGON (((108.270788 22.756456, 108.272374 22.756449, 108.272479 22.756516, 108.272463 22.758398, 108.270812 22.758406, 108.270788 22.756456)))"
gis_osm_pois_a_free,<NA>,1531061125,school,schools:gis_osm_pois_a_free:1531061125:school,OGC:CRS84,450105,OpenStreetMap,real,kept,<NA>,南宁经济技术开发区第三小学,education,school,108.27163947881286,22.75915925,,derived_from_source_layer_osm_id_fclass,smartbidata_task06_20260810,team_shared,team_shared_source,广西壮族自治区,南宁市,江南区,"MULTIPOLYGON (((108.270812 22.758406, 108.272463 22.758398, 108.272447 22.759913, 108.270837 22.759958, 108.270812 22.758406)))"
gis_osm_pois_a_free,<NA>,1531061129,school,schools:gis_osm_pois_a_free:1531061129:school,OGC:CRS84,450105,OpenStreetMap,real,kept,<NA>,南宁市沛阳路小学,education,school,108.27479327455725,22.76100095,,derived_from_source_layer_osm_id_fclass,smartbidata_task06_20260810,team_shared,team_shared_source,广西壮族自治区,南宁市,江南区,"MULTIPOLYGON (((108.27434 22.760302, 108.275231 22.760294, 108.275246 22.7617, 108.274356 22.761708, 108.27434 22.760302)))"
gis_osm_pois_a_free,<NA>,1531061131,kindergarten,schools:gis_osm_pois_a_free:1531061131:kindergarten,OGC:CRS84,450105,OpenStreetMap,real,kept,<NA>,南宁经济技术开发区沛阳路幼儿园,education,kindergarten,108.27480393964228,22.76191155,,derived_from_source_layer_osm_id_fclass,smartbidata_task06_20260810,team_shared,team_shared_source,广西壮族自治区,南宁市,江南区,"MULTIPOLYGON (((108.274356 22.761708, 108.275246 22.7617, 108.275235 22.762115, 108.27438 22.762136, 108.274356 22.761708)))"
gis_osm_pois_a_free,<NA>,1531061137,school,schools:gis_osm_pois_a_free:1531061137:school,OGC:CRS84,450105,OpenStreetMap,real,kept,<NA>,奥园小学,education,school,108.26016254256223,22.7586288,,derived_from_source_layer_osm_id_fclass,smartbidata_task06_20260810,team_shared,team_shared_source,广西壮族自治区,南宁市,江南区,"MULTIPOLYGON (((108.259655 22.758168, 108.26055 22.757733, 108.260672 22.758348, 108.260655 22.75891, 108.26033 22.759352, 108.259672 22.759345, 108.259655 22.758168)))"
gis_osm_pois_a_free,<NA>,1531061138,kindergarten,schools:gis_osm_pois_a_free:1531061138:kindergarten,OGC:CRS84,450105,OpenStreetMap,real,kept,<NA>,南宁奥园幼儿园,education,kindergarten,108.2599425263154,22.75956225,,derived_from_source_layer_osm_id_fclass,smartbidata_task06_20260810,team_shared,team_shared_source,广西壮族自治区,南宁市,江南区,"MULTIPOLYGON (((108.259672 22.759345, 108.26033 22.759352, 108.260066 22.759772, 108.25972 22.760027, 108.259672 22.759345)))"
gis_osm_pois_a_free,<NA>,1531175053,school,schools:gis_osm_pois_a_free:1531175053:school,OGC:CRS84,450105,OpenStreetMap,real,kept,<NA>,南宁市金阳路小学,education,school,108.27881902701873,22.76656855,,derived_from_source_layer_osm_id_fclass,smartbidata_task06_20260810,team_shared,team_shared_source,广西壮族自治区,南宁市,江南区,"MULTIPOLYGON (((108.277643 22.76619, 108.280043 22.766164, 108.280043 22.766465, 108.279936 22.766672, 108.279725 22.76678, 108.279188 22.766823, 108.278805 22.766879, 108.278502 22.766978, 108.278152 22.767137, 108.277745 22.767124, 108.277657 22.767038, 108.277643 22.76619)))"
gis_osm_pois_a_free,<NA>,1531175055,school,schools:gis_osm_pois_a_free:1531175055:school,OGC:CRS84,450105,OpenStreetMap,real,kept,<NA>,碧翠园学校,education,school,108.28012646249016,22.7672575,,derived_from_source_layer_osm_id_fclass,smartbidata_task06_20260810,team_shared,team_shared_source,广西壮族自治区,南宁市,江南区,"MULTIPOLYGON (((108.278796 22.767038, 108.279034 22.767004, 108.279833 22.766879, 108.280132 22.766599, 108.280326 22.76659, 108.280878 22.767005, 108.280874 22.767219, 108.281223 22.767215, 108.281215 22.767717, 108.280627 22.767925, 108.280529 22.767904, 108.280216 22.767968, 108.280052 22.767942, 108.279669 22.76771, 108.27937 22.767473, 108.279142 22.767296, 108.278796 22.767176, 108.278796 22.767038)))"
gis_osm_pois_a_free,<NA>,1531175059,kindergarten,schools:gis_osm_pois_a_free:1531175059:kindergarten,OGC:CRS84,450105,OpenStreetMap,real,kept,<NA>,南宁市经济技术开发区金阳路幼儿园,education,kindergarten,108.27525942085693,22.76735595,,derived_from_source_layer_osm_id_fclass,smartbidata_task06_20260810,team_shared,team_shared_source,广西壮族自治区,南宁市,江南区,"MULTIPOLYGON (((108.275077 22.767806, 108.275085 22.767011, 108.275447 22.766914, 108.275862 22.76688, 108.275862 22.76715, 108.275581 22.767258, 108.275293 22.767453, 108.275077 22.767806)))"
gis_osm_pois_a_free,<NA>,1531175061,kindergarten,schools:gis_osm_pois_a_free:1531175061:kindergarten,OGC:CRS84,450105,OpenStreetMap,real,kept,<NA>,南宁经济技术开发区第二幼儿园沛贤分园,education,kindergarten,108.273031802394,22.76438535,,derived_from_source_layer_osm_id_fclass,smartbidata_task06_20260810,team_shared,team_shared_source,广西壮族自治区,南宁市,江南区,"MULTIPOLYGON (((108.272562 22.764225, 108.273147 22.76422, 108.273721 22.764546, 108.273893 22.7647, 108.272761 22.764734, 108.272562 22.764225)))"
gis_osm_pois_a_free,<NA>,1531175062,school,schools:gis_osm_pois_a_free:1531175062:school,OGC:CRS84,450105,OpenStreetMap,real,kept,<NA>,八桂绿城小学,education,school,108.26882186452185,22.771941,,derived_from_source_layer_osm_id_fclass,smartbidata_task06_20260810,team_shared,team_shared_source,广西壮族自治区,南宁市,江南区,"MULTIPOLYGON (((108.267847 22.771565, 108.268212 22.771254, 108.269768 22.771219, 108.2698 22.772317, 108.267863 22.772317, 108.267847 22.771565)))"
gis_osm_pois_a_free,<NA>,1531442649,kindergarten,schools:gis_osm_pois_a_free:1531442649:kindergarten,OGC:CRS84,450105,OpenStreetMap,real,kept,<NA>,南宁市江南区星亿幼儿园,education,kindergarten,108.2730187954441,22.7780357,,derived_from_source_layer_osm_id_fclass,smartbidata_task06_20260810,team_shared,team_shared_source,广西壮族自治区,南宁市,江南区,"MULTIPOLYGON (((108.272826 22.777808, 108.273215 22.777807, 108.273203 22.778264, 108.272832 22.778264, 108.272826 22.777808)))"
gis_osm_pois_a_free,<NA>,1531442658,college,schools:gis_osm_pois_a_free:1531442658:college,OGC:CRS84,450105,OpenStreetMap,real,kept,<NA>,广西工业技师学院,education,college,108.26883075763675,22.7766251,,derived_from_source_layer_osm_id_fclass,smartbidata_task06_20260810,team_shared,team_shared_source,广西壮族自治区,南宁市,江南区,"MULTIPOLYGON (((108.267941 22.775544, 108.268053 22.774855, 108.269734 22.774838, 108.269678 22.776035, 108.26938 22.776276, 108.270033 22.776974, 108.27036 22.777465, 108.270893 22.777938, 108.270893 22.778326, 108.2698 22.778627, 108.269376 22.778414, 108.269008 22.778147, 108.268626 22.778148, 108.26801 22.777591, 108.267961 22.777074, 108.267941 22.775544)))"
gis_osm_pois_a_free,<NA>,1531722313,school,schools:gis_osm_pois_a_free:1531722313:school,OGC:CRS84,450110,OpenStreetMap,real,kept,<NA>,王桥村小学,education,school,107.87035908610062,23.3800303,,derived_from_source_layer_osm_id_fclass,smartbidata_task06_20260810,team_shared,team_shared_source,广西壮族自治区,南宁市,武鸣区,"MULTIPOLYGON (((107.869927 23.379497, 107.87012 23.37944, 107.870537 23.379948, 107.870885 23.380113, 107.870888 23.380421, 107.870456 23.380716, 107.870058 23.380371, 107.869927 23.379497)))"
gis_osm_pois_a_free,<NA>,1531723067,school,schools:gis_osm_pois_a_free:1531723067:school,OGC:CRS84,450110,OpenStreetMap,real,kept,<NA>,灵马镇第一中学,education,school,107.91143774970575,23.38075505,,derived_from_source_layer_osm_id_fclass,smartbidata_task06_20260810,team_shared,team_shared_source,广西壮族自治区,南宁市,武鸣区,"MULTIPOLYGON (((107.910507 23.38117, 107.910776 23.379776, 107.911428 23.379797, 107.911739 23.379763, 107.912171 23.380356, 107.912405 23.381154, 107.91225 23.381861, 107.911944 23.38242, 107.911635 23.382241, 107.911408 23.381781, 107.910507 23.38117)))"
gis_osm_pois_a_free,<NA>,1531723068,school,schools:gis_osm_pois_a_free:1531723068:school,OGC:CRS84,450110,OpenStreetMap,real,kept,<NA>,灵马镇第二中学,education,school,107.90146454921984,23.38469455,,derived_from_source_layer_osm_id_fclass,smartbidata_task06_20260810,team_shared,team_shared_source,广西壮族自治区,南宁市,武鸣区,"MULTIPOLYGON (((107.900066 23.383851, 107.900449 23.383676, 107.900983 23.38366, 107.901356 23.383571, 107.901621 23.383827, 107.901987 23.384289, 107.902226 23.384459, 107.902508 23.38493, 107.902468 23.385448, 107.902189 23.385498, 107.900832 23.385152, 107.900066 23.383851)))"
gis_osm_pois_a_free,<NA>,1535478915,school,schools:gis_osm_pois_a_free:1535478915:school,OGC:CRS84,450108,OpenStreetMap,real,kept,<NA>,那马镇坛良小学,education,school,108.43544325914752,22.6399648,,derived_from_source_layer_osm_id_fclass,smartbidata_task06_20260810,team_shared,team_shared_source,广西壮族自治区,南宁市,良庆区,"MULTIPOLYGON (((108.43484 22.63973, 108.435021 22.6397, 108.43511 22.639772, 108.435447 22.639739, 108.435429 22.639677, 108.435737 22.63958, 108.435706 22.639476, 108.435868 22.639493, 108.436083 22.640514, 108.435812 22.640466, 108.435757 22.640499, 108.435584 22.640515, 108.435279 22.64058, 108.435071 22.640493, 108.434979 22.640467, 108.435035 22.64037, 108.434984 22.640158, 108.43484 22.63973)))"
gis_osm_pois_a_free,<NA>,1544088489,school,schools:gis_osm_pois_a_free:1544088489:school,OGC:CRS84,450110,OpenStreetMap,real,kept,<NA>,太平镇林琅村小学,education,school,108.4981922904216,23.1584712,,derived_from_source_layer_osm_id_fclass,smartbidata_task06_20260810,team_shared,team_shared_source,广西壮族自治区,南宁市,武鸣区,"MULTIPOLYGON (((108.497818 23.158307, 108.497823 23.158151, 108.497912 23.1581, 108.498038 23.158108, 108.498138 23.158027, 108.498195 23.157985, 108.498347 23.157994, 108.498502 23.158121, 108.498528 23.158246, 108.498444 23.158532, 108.498621 23.158836, 108.498336 23.158974, 108.49824 23.158976, 108.497991 23.158535, 108.497859 23.15841, 108.497818 23.158307)))"
gis_osm_pois_free,<NA>,4989735379,school,schools:gis_osm_pois_free:4989735379:school,OGC:CRS84,450105,OpenStreetMap,real,kept,<NA>,扬美希望小学,education,school,108.0637726,22.8436158,,derived_from_source_layer_osm_id_fclass,smartbidata_task06_20260810,team_shared,team_shared_source,广西壮族自治区,南宁市,江南区,POINT (108.063773 22.843616)
gis_osm_pois_free,<NA>,5110841521,kindergarten,schools:gis_osm_pois_free:5110841521:kindergarten,OGC:CRS84,450108,OpenStreetMap,real,kept,<NA>,,education,kindergarten,108.3265488,22.759923,,derived_from_source_layer_osm_id_fclass,smartbidata_task06_20260810,team_shared,team_shared_source,广西壮族自治区,南宁市,良庆区,POINT (108.326549 22.759923)
gis_osm_pois_free,<NA>,6343005429,kindergarten,schools:gis_osm_pois_free:6343005429:kindergarten,OGC:CRS84,450103,OpenStreetMap,real,kept,<NA>,,education,kindergarten,108.3211911,22.8183617,,derived_from_source_layer_osm_id_fclass,smartbidata_task06_20260810,team_shared,team_shared_source,广西壮族自治区,南宁市,青秀区,POINT (108.321191 22.818362)
gis_osm_pois_free,<NA>,6343010666,school,schools:gis_osm_pois_free:6343010666:school,OGC:CRS84,450102,OpenStreetMap,real,kept,<NA>,,education,school,108.3325333,22.8317441,,derived_from_source_layer_osm_id_fclass,smartbidata_task06_20260810,team_shared,team_shared_source,广西壮族自治区,南宁市,兴宁区,POINT (108.332533 22.831744)
gis_osm_pois_free,<NA>,6343010678,kindergarten,schools:gis_osm_pois_free:6343010678:kindergarten,OGC:CRS84,450107,OpenStreetMap,real,kept,<NA>,,education,kindergarten,108.3239407,22.8383748,,derived_from_source_layer_osm_id_fclass,smartbidata_task06_20260810,team_shared,team_shared_source,广西壮族自治区,南宁市,西乡塘区,POINT (108.323941 22.838375)
gis_osm_pois_free,<NA>,6343010731,school,schools:gis_osm_pois_free:6343010731:school,OGC:CRS84,450102,OpenStreetMap,real,kept,<NA>,,education,school,108.3153644,22.8250764,,derived_from_source_layer_osm_id_fclass,smartbidata_task06_20260810,team_shared,team_shared_source,广西壮族自治区,南宁市,兴宁区,POINT (108.315364 22.825076)
gis_osm_pois_free,<NA>,6343012091,school,schools:gis_osm_pois_free:6343012091:school,OGC:CRS84,450102,OpenStreetMap,real,kept,<NA>,,education,school,108.3294454,22.8256376,,derived_from_source_layer_osm_id_fclass,smartbidata_task06_20260810,team_shared,team_shared_source,广西壮族自治区,南宁市,兴宁区,POINT (108.329445 22.825638)
gis_osm_pois_free,<NA>,6343012108,kindergarten,schools:gis_osm_pois_free:6343012108:kindergarten,OGC:CRS84,450102,OpenStreetMap,real,kept,<NA>,,education,kindergarten,108.314186,22.8276457,,derived_from_source_layer_osm_id_fclass,smartbidata_task06_20260810,team_shared,team_shared_source,广西壮族自治区,南宁市,兴宁区,POINT (108.314186 22.827646)
gis_osm_pois_free,<NA>,6343012123,kindergarten,schools:gis_osm_pois_free:6343012123:kindergarten,OGC:CRS84,450102,OpenStreetMap,real,kept,<NA>,,education,kindergarten,108.3262475,22.8388688,,derived_from_source_layer_osm_id_fclass,smartbidata_task06_20260810,team_shared,team_shared_source,广西壮族自治区,南宁市,兴宁区,POINT (108.326248 22.838869)
gis_osm_pois_free,<NA>,6343012132,kindergarten,schools:gis_osm_pois_free:6343012132:kindergarten,OGC:CRS84,450103,OpenStreetMap,real,kept,<NA>,,education,kindergarten,108.3402504,22.8327798,,derived_from_source_layer_osm_id_fclass,smartbidata_task06_20260810,team_shared,team_shared_source,广西壮族自治区,南宁市,青秀区,POINT (108.34025 22.83278)
gis_osm_pois_free,<NA>,6343012169,school,schools:gis_osm_pois_free:6343012169:school,OGC:CRS84,450107,OpenStreetMap,real,kept,<NA>,,education,school,108.322462,22.8373496,,derived_from_source_layer_osm_id_fclass,smartbidata_task06_20260810,team_shared,team_shared_source,广西壮族自治区,南宁市,西乡塘区,POINT (108.322462 22.83735)
gis_osm_pois_free,<NA>,6343013914,kindergarten,schools:gis_osm_pois_free:6343013914:kindergarten,OGC:CRS84,450107,OpenStreetMap,real,kept,<NA>,,education,kindergarten,108.3197154,22.8351793,,derived_from_source_layer_osm_id_fclass,smartbidata_task06_20260810,team_shared,team_shared_source,广西壮族自治区,南宁市,西乡塘区,POINT (108.319715 22.835179)
gis_osm_pois_free,<NA>,6343023791,kindergarten,schools:gis_osm_pois_free:6343023791:kindergarten,OGC:CRS84,450103,OpenStreetMap,real,kept,<NA>,,education,kindergarten,108.3381698,22.8284596,,derived_from_source_layer_osm_id_fclass,smartbidata_task06_20260810,team_shared,team_shared_source,广西壮族自治区,南宁市,青秀区,POINT (108.33817 22.82846)
gis_osm_pois_free,<NA>,6343026397,kindergarten,schools:gis_osm_pois_free:6343026397:kindergarten,OGC:CRS84,450103,OpenStreetMap,real,kept,<NA>,,education,kindergarten,108.3375802,22.8280328,,derived_from_source_layer_osm_id_fclass,smartbidata_task06_20260810,team_shared,team_shared_source,广西壮族自治区,南宁市,青秀区,POINT (108.33758 22.828033)
gis_osm_pois_free,<NA>,6343036688,school,schools:gis_osm_pois_free:6343036688:school,OGC:CRS84,450102,OpenStreetMap,real,kept,<NA>,,education,school,108.3214899,22.8227085,,derived_from_source_layer_osm_id_fclass,smartbidata_task06_20260810,team_shared,team_shared_source,广西壮族自治区,南宁市,兴宁区,POINT (108.32149 22.822708)
gis_osm_pois_free,<NA>,7090466585,school,schools:gis_osm_pois_free:7090466585:school,OGC:CRS84,450107,OpenStreetMap,real,kept,<NA>,产学研究基地,education,school,108.2856886,22.8395992,,derived_from_source_layer_osm_id_fclass,smartbidata_task06_20260810,team_shared,team_shared_source,广西壮族自治区,南宁市,西乡塘区,POINT (108.285689 22.839599)
gis_osm_pois_free,<NA>,7094788663,school,schools:gis_osm_pois_free:7094788663:school,OGC:CRS84,450107,OpenStreetMap,real,kept,<NA>,土化楼,education,school,108.2914624,22.8521309,,derived_from_source_layer_osm_id_fclass,smartbidata_task06_20260810,team_shared,team_shared_source,广西壮族自治区,南宁市,西乡塘区,POINT (108.291462 22.852131)
gis_osm_pois_free,<NA>,7100512880,college,schools:gis_osm_pois_free:7100512880:college,OGC:CRS84,450107,OpenStreetMap,real,kept,<NA>,动物科学技术学院继续教育实训中心,education,college,108.2867076,22.8502058,,derived_from_source_layer_osm_id_fclass,smartbidata_task06_20260810,team_shared,team_shared_source,广西壮族自治区,南宁市,西乡塘区,POINT (108.286708 22.850206)
gis_osm_pois_free,<NA>,9271436555,school,schools:gis_osm_pois_free:9271436555:school,OGC:CRS84,450109,OpenStreetMap,real,kept,<NA>,南宁市 第四职业技术学校邕宁校区,education,school,108.4879751,22.7417108,,derived_from_source_layer_osm_id_fclass,smartbidata_task06_20260810,team_shared,team_shared_source,广西壮族自治区,南宁市,邕宁区,POINT (108.487975 22.741711)
gis_osm_pois_free,<NA>,9273772906,college,schools:gis_osm_pois_free:9273772906:college,OGC:CRS84,450109,OpenStreetMap,real,kept,<NA>,土木建筑工程学院,education,college,108.4456194,22.7525769,,derived_from_source_layer_osm_id_fclass,smartbidata_task06_20260810,team_shared,team_shared_source,广西壮族自治区,南宁市,邕宁区,POINT (108.445619 22.752577)
gis_osm_pois_free,<NA>,9273772907,college,schools:gis_osm_pois_free:9273772907:college,OGC:CRS84,450109,OpenStreetMap,real,kept,<NA>,中兴通讯工程学院,education,college,108.4453114,22.7504022,,derived_from_source_layer_osm_id_fclass,smartbidata_task06_20260810,team_shared,team_shared_source,广西壮族自治区,南宁市,邕宁区,POINT (108.445311 22.750402)
gis_osm_pois_free,<NA>,9273772908,college,schools:gis_osm_pois_free:9273772908:college,OGC:CRS84,450109,OpenStreetMap,real,kept,<NA>,国际学术交流中心,education,college,108.4479825,22.7489509,,derived_from_source_layer_osm_id_fclass,smartbidata_task06_20260810,team_shared,team_shared_source,广西壮族自治区,南宁市,邕宁区,POINT (108.447982 22.748951)
gis_osm_pois_free,<NA>,9273772909,college,schools:gis_osm_pois_free:9273772909:college,OGC:CRS84,450109,OpenStreetMap,real,kept,<NA>,艺术设计学院,education,college,108.4489036,22.75041,,derived_from_source_layer_osm_id_fclass,smartbidata_task06_20260810,team_shared,team_shared_source,广西壮族自治区,南宁市,邕宁区,POINT (108.448904 22.75041)
gis_osm_pois_free,<NA>,9273772913,college,schools:gis_osm_pois_free:9273772913:college,OGC:CRS84,450109,OpenStreetMap,real,kept,<NA>,科大讯飞人工智能学院,education,college,108.4492003,22.7564885,,derived_from_source_layer_osm_id_fclass,smartbidata_task06_20260810,team_shared,team_shared_source,广西壮族自治区,南宁市,邕宁区,POINT (108.4492 22.756488)
gis_osm_pois_free,<NA>,9288016039,school,schools:gis_osm_pois_free:9288016039:school,OGC:CRS84,450109,OpenStreetMap,real,kept,<NA>,正门,education,school,108.4857558,22.744595,,derived_from_source_layer_osm_id_fclass,smartbidata_task06_20260810,team_shared,team_shared_source,广西壮族自治区,南宁市,邕宁区,POINT (108.485756 22.744595)
gis_osm_pois_free,<NA>,9288018338,school,schools:gis_osm_pois_free:9288018338:school,OGC:CRS84,450109,OpenStreetMap,real,kept,<NA>,正门,education,school,108.4537595,22.7520571,,derived_from_source_layer_osm_id_fclass,smartbidata_task06_20260810,team_shared,team_shared_source,广西壮族自治区,南宁市,邕宁区,POINT (108.45376 22.752057)
gis_osm_pois_free,<NA>,9292780655,school,schools:gis_osm_pois_free:9292780655:school,OGC:CRS84,450109,OpenStreetMap,real,kept,<NA>,广良小学,education,school,108.5313053,22.6961055,,derived_from_source_layer_osm_id_fclass,smartbidata_task06_20260810,team_shared,team_shared_source,广西壮族自治区,南宁市,邕宁区,POINT (108.531305 22.696106)
gis_osm_pois_free,<NA>,9360411057,kindergarten,schools:gis_osm_pois_free:9360411057:kindergarten,OGC:CRS84,450108,OpenStreetMap,real,kept,<NA>,蓝天艺术幼儿园,education,kindergarten,108.3236554,22.7595272,,derived_from_source_layer_osm_id_fclass,smartbidata_task06_20260810,team_shared,team_shared_source,广西壮族自治区,南宁市,良庆区,POINT (108.323655 22.759527)
gis_osm_pois_free,<NA>,9370600302,school,schools:gis_osm_pois_free:9370600302:school,OGC:CRS84,450108,OpenStreetMap,real,kept,<NA>,新团小学,education,school,108.4106427,22.7045584,,derived_from_source_layer_osm_id_fclass,smartbidata_task06_20260810,team_shared,team_shared_source,广西壮族自治区,南宁市,良庆区,POINT (108.410643 22.704558)
gis_osm_pois_free,<NA>,10314474279,college,schools:gis_osm_pois_free:10314474279:college,OGC:CRS84,450103,OpenStreetMap,real,kept,<NA>,中国银行广西区分行培训中心,education,college,108.332478,22.8177604,,derived_from_source_layer_osm_id_fclass,smartbidata_task06_20260810,team_shared,team_shared_source,广西壮族自治区,南宁市,青秀区,POINT (108.332478 22.81776)
gis_osm_pois_free,<NA>,10732794821,school,schools:gis_osm_pois_free:10732794821:school,OGC:CRS84,450124,OpenStreetMap,real,kept,<NA>,幼儿园,education,school,108.26972,23.6577737,,derived_from_source_layer_osm_id_fclass,smartbidata_task06_20260810,team_shared,team_shared_source,广西壮族自治区,南宁市,马山县,POINT (108.26972 23.657774)
gis_osm_pois_free,<NA>,12421264971,school,schools:gis_osm_pois_free:12421264971:school,OGC:CRS84,450108,OpenStreetMap,real,kept,<NA>,,education,school,108.4838357,22.4296946,,derived_from_source_layer_osm_id_fclass,smartbidata_task06_20260810,team_shared,team_shared_source,广西壮族自治区,南宁市,良庆区,POINT (108.483836 22.429695)
gis_osm_pois_free,<NA>,12464880351,school,schools:gis_osm_pois_free:12464880351:school,OGC:CRS84,450181,OpenStreetMap,real,kept,<NA>,,education,school,109.2621971,22.6710365,,derived_from_source_layer_osm_id_fclass,smartbidata_task06_20260810,team_shared,team_shared_source,广西壮族自治区,南宁市,横州市,POINT (109.262197 22.671036)
gis_osm_pois_free,<NA>,13005793704,kindergarten,schools:gis_osm_pois_free:13005793704:kindergarten,OGC:CRS84,450105,OpenStreetMap,real,kept,<NA>,吴圩咪咪幼儿园,education,kindergarten,108.2138456,22.650193,,derived_from_source_layer_osm_id_fclass,smartbidata_task06_20260810,team_shared,team_shared_source,广西壮族自治区,南宁市,江南区,POINT (108.213846 22.650193)
gis_osm_pois_free,<NA>,13008464571,kindergarten,schools:gis_osm_pois_free:13008464571:kindergarten,OGC:CRS84,450105,OpenStreetMap,real,kept,<NA>,盼盼幼儿园,education,kindergarten,108.2156777,22.6418849,,derived_from_source_layer_osm_id_fclass,smartbidata_task06_20260810,team_shared,team_shared_source,广西壮族自治区,南宁市,江南区,POINT (108.215678 22.641885)
gis_osm_pois_free,<NA>,13022342406,kindergarten,schools:gis_osm_pois_free:13022342406:kindergarten,OGC:CRS84,450105,OpenStreetMap,real,kept,<NA>,蓝月亮幼儿园,education,kindergarten,108.2152,22.6448139,,derived_from_source_layer_osm_id_fclass,smartbidata_task06_20260810,team_shared,team_shared_source,广西壮族自治区,南宁市,江南区,POINT (108.2152 22.644814)
gis_osm_pois_free,<NA>,13246139650,school,schools:gis_osm_pois_free:13246139650:school,OGC:CRS84,450107,OpenStreetMap,real,kept,<NA>,安吉中学,education,school,108.2923617,22.8866874,,derived_from_source_layer_osm_id_fclass,smartbidata_task06_20260810,team_shared,team_shared_source,广西壮族自治区,南宁市,西乡塘区,POINT (108.292362 22.886687)
gis_osm_pois_free,<NA>,13740389536,kindergarten,schools:gis_osm_pois_free:13740389536:kindergarten,OGC:CRS84,450107,OpenStreetMap,real,kept,<NA>,骋望麓涛幼儿园,education,kindergarten,108.2133501,22.8592314,,derived_from_source_layer_osm_id_fclass,smartbidata_task06_20260810,team_shared,team_shared_source,广西壮族自治区,南宁市,西乡塘区,POINT (108.21335 22.859231)
gis_osm_pois_free,<NA>,13893883723,school,schools:gis_osm_pois_free:13893883723:school,OGC:CRS84,450103,OpenStreetMap,real,kept,<NA>,广西交通投资集团书院,education,school,108.5504215,22.8209769,,derived_from_source_layer_osm_id_fclass,smartbidata_task06_20260810,team_shared,team_shared_source,广西壮族自治区,南宁市,青秀区,POINT (108.550422 22.820977)
gis_osm_pois_free,<NA>,14015257174,school,schools:gis_osm_pois_free:14015257174:school,OGC:CRS84,450103,OpenStreetMap,real,kept,<NA>,中国东盟数字经济产业园-预料本科培训基地,education,school,108.5411163,22.8093664,,derived_from_source_layer_osm_id_fclass,smartbidata_task06_20260810,team_shared,team_shared_source,广西壮族自治区,南宁市,青秀区,POINT (108.541116 22.809366)
gis_osm_pois_free,<NA>,14046023342,school,schools:gis_osm_pois_free:14046023342:school,OGC:CRS84,450110,OpenStreetMap,real,kept,<NA>,武鸣区太平镇中心学校,education,school,108.4321816,23.1104998,,derived_from_source_layer_osm_id_fclass,smartbidata_task06_20260810,team_shared,team_shared_source,广西壮族自治区,南宁市,武鸣区,POINT (108.432182 23.1105)
gis_osm_pois_free,<NA>,14046023343,school,schools:gis_osm_pois_free:14046023343:school,OGC:CRS84,450110,OpenStreetMap,real,kept,<NA>,南宁市武鸣区太平镇文溪小学,education,school,108.4344087,23.107608,,derived_from_source_layer_osm_id_fclass,smartbidata_task06_20260810,team_shared,team_shared_source,广西壮族自治区,南宁市,武鸣区,POINT (108.434409 23.107608)
gis_osm_pois_free,<NA>,14046106923,school,schools:gis_osm_pois_free:14046106923:school,OGC:CRS84,450110,OpenStreetMap,real,kept,<NA>,新联小学,education,school,108.4469244,23.1710551,,derived_from_source_layer_osm_id_fclass,smartbidata_task06_20260810,team_shared,team_shared_source,广西壮族自治区,南宁市,武鸣区,POINT (108.446924 23.171055)
