source_layer,source_fid,osm_id,fclass,record_id,source_crs,district_code,data_source,data_type,dedup_status,dedup_reason,settlement_name,settlement_type,population,longitude,latitude,source_record_id,record_id_origin,boundary_version,boundary_status,code_validation_status,province,city,district,district_name,district_assignment_status,inside_flood,distance_to_flood_m,exposure_class,assessment_status,evidence,local_population_2020_buffer_estimate,warning,nearest_mapped_rescue_resource_id,nearest_mapped_rescue_resource_name,mapped_rescue_straight_line_distance_m,nearest_rescue_point_id,nearest_rescue_point_name,rescue_straight_line_distance_m,event_id,analysis_date,calculation_version,source_commit,geometry
gis_osm_places_free,<NA>,244080592,village,settlements:gis_osm_places_free:244080592:village,OGC:CRS84,450181,OpenStreetMap,real,kept,<NA>,附城,village,0,109.266667,22.683333,,derived_from_source_layer_osm_id_fclass,smartbidata_task06_20260810,team_shared,team_shared_source,广西壮族自治区,南宁市,横州市,横州市,assigned_within,False,124.47060091514129,near_flood,potential_remote_sensing_assessment,within_500m_of_task20_new_flood_extent,13802.693056106567,overlapping_buffers_not_additive,rescue_hz_001,横州市消防救援大队（横州站）,3589.832719276628,rescue_hz_001,横州市消防救援大队（横州站）,3589.832719276628,nanning_flood_20260706_0707,2026-07-07,dispatch_v3,074f2c6841becf074f14d90e06a2e9672972f1ec,POINT (109.266667 22.683333)
gis_osm_places_free,<NA>,2661665751,town,settlements:gis_osm_places_free:2661665751:town,OGC:CRS84,450181,OpenStreetMap,real,kept,<NA>,峦城镇,town,0,108.9153028,22.8003981,,derived_from_source_layer_osm_id_fclass,smartbidata_task06_20260810,team_shared,team_shared_source,广西壮族自治区,南宁市,横州市,横州市,assigned_within,False,364.22790676547453,near_flood,potential_remote_sensing_assessment,within_500m_of_task20_new_flood_extent,6953.773508071899,overlapping_buffers_not_additive,rescue_hz_001,横州市消防救援大队（横州站）,40013.48875026606,rescue_hz_001,横州市消防救援大队（横州站）,40013.48875026606,nanning_flood_20260706_0707,2026-07-07,dispatch_v3,074f2c6841becf074f14d90e06a2e9672972f1ec,POINT (108.915303 22.800398)
gis_osm_places_free,<NA>,3155700118,town,settlements:gis_osm_places_free:3155700118:town,OGC:CRS84,450181,OpenStreetMap,real,kept,<NA>,校椅镇,town,0,109.2351432,22.8338841,,derived_from_source_layer_osm_id_fclass,smartbidata_task06_20260810,team_shared,team_shared_source,广西壮族自治区,南宁市,横州市,横州市,assigned_within,False,276.87264285965335,near_flood,potential_remote_sensing_assessment,within_500m_of_task20_new_flood_extent,7360.462284088135,overlapping_buffers_not_additive,rescue_hz_001,横州市消防救援大队（横州站）,15290.813569663,rescue_hz_001,横州市消防救援大队（横州站）,15290.813569663,nanning_flood_20260706_0707,2026-07-07,dispatch_v3,074f2c6841becf074f14d90e06a2e9672972f1ec,POINT (109.235143 22.833884)
gis_osm_places_free,<NA>,3155701164,town,settlements:gis_osm_places_free:3155701164:town,OGC:CRS84,450181,OpenStreetMap,real,kept,<NA>,那阳镇,town,0,109.3249703,22.7066752,,derived_from_source_layer_osm_id_fclass,smartbidata_task06_20260810,team_shared,team_shared_source,广西壮族自治区,南宁市,横州市,横州市,assigned_within,False,165.52909189470327,near_flood,potential_remote_sensing_assessment,within_500m_of_task20_new_flood_extent,8595.92739868164,overlapping_buffers_not_additive,rescue_hz_001,横州市消防救援大队（横州站）,3436.801811582078,rescue_hz_001,横州市消防救援大队（横州站）,3436.801811582078,nanning_flood_20260706_0707,2026-07-07,dispatch_v3,074f2c6841becf074f14d90e06a2e9672972f1ec,POINT (109.32497 22.706675)
gis_osm_places_free,<NA>,3718366982,town,settlements:gis_osm_places_free:3718366982:town,OGC:CRS84,450126,OpenStreetMap,real,kept,<NA>,露圩镇,town,0,109.0314517,23.0200764,,derived_from_source_layer_osm_id_fclass,smartbidata_task06_20260810,team_shared,team_shared_source,广西壮族自治区,南宁市,宾阳县,宾阳县,assigned_within,False,239.2098622553406,near_flood,potential_remote_sensing_assessment,within_500m_of_task20_new_flood_extent,4651.647205352783,overlapping_buffers_not_additive,rescue_by_002,宾阳县黎塘消防救援站,19236.93754264485,rescue_by_002,宾阳县黎塘消防救援站,19236.93754264485,nanning_flood_20260706_0707,2026-07-07,dispatch_v3,074f2c6841becf074f14d90e06a2e9672972f1ec,POINT (109.031452 23.020076)
gis_osm_places_free,<NA>,3724093612,town,settlements:gis_osm_places_free:3724093612:town,OGC:CRS84,450126,OpenStreetMap,real,kept,<NA>,新圩镇,town,0,108.7900924,23.3332728,,derived_from_source_layer_osm_id_fclass,smartbidata_task06_20260810,team_shared,team_shared_source,广西壮族自治区,南宁市,宾阳县,宾阳县,assigned_within,False,113.39248394080413,near_flood,potential_remote_sensing_assessment,within_500m_of_task20_new_flood_extent,4412.402448654175,overlapping_buffers_not_additive,rescue_by_001,宾阳县应急救援队,10805.935438100083,rescue_by_001,宾阳县应急救援队,10805.935438100083,nanning_flood_20260706_0707,2026-07-07,dispatch_v3,074f2c6841becf074f14d90e06a2e9672972f1ec,POINT (108.790092 23.333273)
gis_osm_places_free,<NA>,3724094303,town,settlements:gis_osm_places_free:3724094303:town,OGC:CRS84,450126,OpenStreetMap,real,kept,<NA>,邹圩镇,town,0,108.8840238,23.3741564,,derived_from_source_layer_osm_id_fclass,smartbidata_task06_20260810,team_shared,team_shared_source,广西壮族自治区,南宁市,宾阳县,宾阳县,assigned_within,False,419.2373033734647,near_flood,potential_remote_sensing_assessment,within_500m_of_task20_new_flood_extent,2839.4206113815308,overlapping_buffers_not_additive,rescue_by_001,宾阳县应急救援队,16480.111166577553,rescue_by_001,宾阳县应急救援队,16480.111166577553,nanning_flood_20260706_0707,2026-07-07,dispatch_v3,074f2c6841becf074f14d90e06a2e9672972f1ec,POINT (108.884024 23.374156)
gis_osm_places_free,<NA>,3909512183,village,settlements:gis_osm_places_free:3909512183:village,OGC:CRS84,450126,OpenStreetMap,real,kept,<NA>,八合,village,0,109.002,22.9695,,derived_from_source_layer_osm_id_fclass,smartbidata_task06_20260810,team_shared,team_shared_source,广西壮族自治区,南宁市,宾阳县,宾阳县,assigned_within,False,57.34788691386826,near_flood,potential_remote_sensing_assessment,within_500m_of_task20_new_flood_extent,1896.5866479873657,overlapping_buffers_not_additive,rescue_by_002,宾阳县黎塘消防救援站,25414.574693831546,rescue_by_002,宾阳县黎塘消防救援站,25414.574693831546,nanning_flood_20260706_0707,2026-07-07,dispatch_v3,074f2c6841becf074f14d90e06a2e9672972f1ec,POINT (109.002 22.9695)
gis_osm_places_free,<NA>,3909512187,village,settlements:gis_osm_places_free:3909512187:village,OGC:CRS84,450126,OpenStreetMap,real,kept,<NA>,大岭,village,0,108.998,22.9371,,derived_from_source_layer_osm_id_fclass,smartbidata_task06_20260810,team_shared,team_shared_source,广西壮族自治区,南宁市,宾阳县,宾阳县,assigned_within,False,263.39758253926897,near_flood,potential_remote_sensing_assessment,within_500m_of_task20_new_flood_extent,509.4518051147461,overlapping_buffers_not_additive,rescue_by_002,宾阳县黎塘消防救援站,28982.061110930485,rescue_by_002,宾阳县黎塘消防救援站,28982.061110930485,nanning_flood_20260706_0707,2026-07-07,dispatch_v3,074f2c6841becf074f14d90e06a2e9672972f1ec,POINT (108.998 22.9371)
gis_osm_places_free,<NA>,3909512191,village,settlements:gis_osm_places_free:3909512191:village,OGC:CRS84,450126,OpenStreetMap,real,kept,<NA>,冯村,village,0,108.972,22.982,,derived_from_source_layer_osm_id_fclass,smartbidata_task06_20260810,team_shared,team_shared_source,广西壮族自治区,南宁市,宾阳县,宾阳县,assigned_within,False,151.4850568296766,near_flood,potential_remote_sensing_assessment,within_500m_of_task20_new_flood_extent,2267.0067434310913,overlapping_buffers_not_additive,rescue_by_002,宾阳县黎塘消防救援站,25166.566371344274,rescue_by_002,宾阳县黎塘消防救援站,25166.566371344274,nanning_flood_20260706_0707,2026-07-07,dispatch_v3,074f2c6841becf074f14d90e06a2e9672972f1ec,POINT (108.972 22.982)
gis_osm_places_free,<NA>,3909512192,town,settlements:gis_osm_places_free:3909512192:town,OGC:CRS84,450126,OpenStreetMap,real,kept,<NA>,甘棠镇,town,0,108.9899342,22.9791486,,derived_from_source_layer_osm_id_fclass,smartbidata_task06_20260810,team_shared,team_shared_source,广西壮族自治区,南宁市,宾阳县,宾阳县,assigned_within,False,197.5698325666966,near_flood,potential_remote_sensing_assessment,within_500m_of_task20_new_flood_extent,7133.049855232239,overlapping_buffers_not_additive,rescue_by_002,宾阳县黎塘消防救援站,24778.445929030473,rescue_by_002,宾阳县黎塘消防救援站,24778.445929030473,nanning_flood_20260706_0707,2026-07-07,dispatch_v3,074f2c6841becf074f14d90e06a2e9672972f1ec,POINT (108.989934 22.979149)
gis_osm_places_free,<NA>,3909512193,village,settlements:gis_osm_places_free:3909512193:village,OGC:CRS84,450126,OpenStreetMap,real,kept,<NA>,高棠,village,0,108.986,22.9896,,derived_from_source_layer_osm_id_fclass,smartbidata_task06_20260810,team_shared,team_shared_source,广西壮族自治区,南宁市,宾阳县,宾阳县,assigned_within,False,104.9640802586109,near_flood,potential_remote_sensing_assessment,within_500m_of_task20_new_flood_extent,3491.76837348938,overlapping_buffers_not_additive,rescue_by_002,宾阳县黎塘消防救援站,23836.173565200374,rescue_by_002,宾阳县黎塘消防救援站,23836.173565200374,nanning_flood_20260706_0707,2026-07-07,dispatch_v3,074f2c6841becf074f14d90e06a2e9672972f1ec,POINT (108.986 22.9896)
gis_osm_places_free,<NA>,3909512209,village,settlements:gis_osm_places_free:3909512209:village,OGC:CRS84,450126,OpenStreetMap,real,kept,<NA>,那河,village,0,108.925,22.9254,,derived_from_source_layer_osm_id_fclass,smartbidata_task06_20260810,team_shared,team_shared_source,广西壮族自治区,南宁市,宾阳县,宾阳县,assigned_within,False,3.40379060809696,near_flood,potential_remote_sensing_assessment,within_500m_of_task20_new_flood_extent,724.2246780395508,overlapping_buffers_not_additive,rescue_by_002,宾阳县黎塘消防救援站,32902.77850135103,rescue_by_002,宾阳县黎塘消防救援站,32902.77850135103,nanning_flood_20260706_0707,2026-07-07,dispatch_v3,074f2c6841becf074f14d90e06a2e9672972f1ec,POINT (108.925 22.9254)
gis_osm_places_free,<NA>,3909512211,village,settlements:gis_osm_places_free:3909512211:village,OGC:CRS84,450126,OpenStreetMap,real,kept,<NA>,那宁,village,0,108.966,22.9602,,derived_from_source_layer_osm_id_fclass,smartbidata_task06_20260810,team_shared,team_shared_source,广西壮族自治区,南宁市,宾阳县,宾阳县,assigned_within,False,334.23553686599365,near_flood,potential_remote_sensing_assessment,within_500m_of_task20_new_flood_extent,864.3111877441406,overlapping_buffers_not_additive,rescue_by_002,宾阳县黎塘消防救援站,27627.3398259058,rescue_by_002,宾阳县黎塘消防救援站,27627.3398259058,nanning_flood_20260706_0707,2026-07-07,dispatch_v3,074f2c6841becf074f14d90e06a2e9672972f1ec,POINT (108.966 22.9602)
gis_osm_places_free,<NA>,3909512213,village,settlements:gis_osm_places_free:3909512213:village,OGC:CRS84,450126,OpenStreetMap,real,kept,<NA>,庞村,village,0,109.043,22.9833,,derived_from_source_layer_osm_id_fclass,smartbidata_task06_20260810,team_shared,team_shared_source,广西壮族自治区,南宁市,宾阳县,宾阳县,assigned_within,False,239.43370445705213,near_flood,potential_remote_sensing_assessment,within_500m_of_task20_new_flood_extent,260.4649066925049,overlapping_buffers_not_additive,rescue_by_002,宾阳县黎塘消防救援站,23055.47056639666,rescue_by_002,宾阳县黎塘消防救援站,23055.47056639666,nanning_flood_20260706_0707,2026-07-07,dispatch_v3,074f2c6841becf074f14d90e06a2e9672972f1ec,POINT (109.043 22.9833)
gis_osm_places_free,<NA>,3909512215,village,settlements:gis_osm_places_free:3909512215:village,OGC:CRS84,450126,OpenStreetMap,real,kept,<NA>,平旺,village,0,109.024,22.989,,derived_from_source_layer_osm_id_fclass,smartbidata_task06_20260810,team_shared,team_shared_source,广西壮族自治区,南宁市,宾阳县,宾阳县,assigned_within,False,131.979249201462,near_flood,potential_remote_sensing_assessment,within_500m_of_task20_new_flood_extent,739.1274137496948,overlapping_buffers_not_additive,rescue_by_002,宾阳县黎塘消防救援站,22763.51584569455,rescue_by_002,宾阳县黎塘消防救援站,22763.51584569455,nanning_flood_20260706_0707,2026-07-07,dispatch_v3,074f2c6841becf074f14d90e06a2e9672972f1ec,POINT (109.024 22.989)
gis_osm_places_free,<NA>,3909512216,village,settlements:gis_osm_places_free:3909512216:village,OGC:CRS84,450181,OpenStreetMap,real,kept,<NA>,沙江,village,0,109.0115251,22.9126112,,derived_from_source_layer_osm_id_fclass,smartbidata_task06_20260810,team_shared,team_shared_source,广西壮族自治区,南宁市,横州市,横州市,assigned_within,False,18.373420652110305,near_flood,potential_remote_sensing_assessment,within_500m_of_task20_new_flood_extent,961.2130832672119,overlapping_buffers_not_additive,rescue_by_002,宾阳县黎塘消防救援站,31309.46810729789,rescue_by_002,宾阳县黎塘消防救援站,31309.46810729789,nanning_flood_20260706_0707,2026-07-07,dispatch_v3,074f2c6841becf074f14d90e06a2e9672972f1ec,POINT (109.011525 22.912611)
gis_osm_places_free,<NA>,3909512223,village,settlements:gis_osm_places_free:3909512223:village,OGC:CRS84,450126,OpenStreetMap,real,kept,<NA>,望步,village,0,108.939,22.9197,,derived_from_source_layer_osm_id_fclass,smartbidata_task06_20260810,team_shared,team_shared_source,广西壮族自治区,南宁市,宾阳县,宾阳县,assigned_within,False,149.9216454538483,near_flood,potential_remote_sensing_assessment,within_500m_of_task20_new_flood_extent,94.7864875793457,overlapping_buffers_not_additive,rescue_by_002,宾阳县黎塘消防救援站,32848.5220955502,rescue_by_002,宾阳县黎塘消防救援站,32848.5220955502,nanning_flood_20260706_0707,2026-07-07,dispatch_v3,074f2c6841becf074f14d90e06a2e9672972f1ec,POINT (108.939 22.9197)
gis_osm_places_free,<NA>,3909512225,village,settlements:gis_osm_places_free:3909512225:village,OGC:CRS84,450181,OpenStreetMap,real,kept,<NA>,下垌,village,0,108.9881193,22.9270253,,derived_from_source_layer_osm_id_fclass,smartbidata_task06_20260810,team_shared,team_shared_source,广西壮族自治区,南宁市,横州市,横州市,assigned_within,False,1.008332512044044,near_flood,potential_remote_sensing_assessment,within_500m_of_task20_new_flood_extent,306.2772674560547,overlapping_buffers_not_additive,rescue_by_002,宾阳县黎塘消防救援站,30330.473845131208,rescue_by_002,宾阳县黎塘消防救援站,30330.473845131208,nanning_flood_20260706_0707,2026-07-07,dispatch_v3,074f2c6841becf074f14d90e06a2e9672972f1ec,POINT (108.988119 22.927025)
gis_osm_places_free,<NA>,3909512229,village,settlements:gis_osm_places_free:3909512229:village,OGC:CRS84,450181,OpenStreetMap,real,kept,<NA>,张道,village,0,108.9777426,22.9282172,,derived_from_source_layer_osm_id_fclass,smartbidata_task06_20260810,team_shared,team_shared_source,广西壮族自治区,南宁市,横州市,横州市,assigned_within,True,0.0,inside_flood,potential_remote_sensing_assessment,intersects_task20_new_flood_extent,419.15746879577637,overlapping_buffers_not_additive,rescue_by_002,宾阳县黎塘消防救援站,30521.078008501736,rescue_by_002,宾阳县黎塘消防救援站,30521.078008501736,nanning_flood_20260706_0707,2026-07-07,dispatch_v3,074f2c6841becf074f14d90e06a2e9672972f1ec,POINT (108.977743 22.928217)
gis_osm_places_free,<NA>,3909565041,village,settlements:gis_osm_places_free:3909565041:village,OGC:CRS84,450181,OpenStreetMap,real,kept,<NA>,安平,village,0,108.858,22.8254,,derived_from_source_layer_osm_id_fclass,smartbidata_task06_20260810,team_shared,team_shared_source,广西壮族自治区,南宁市,横州市,横州市,assigned_within,False,463.0805458299586,near_flood,potential_remote_sensing_assessment,within_500m_of_task20_new_flood_extent,2112.183030128479,overlapping_buffers_not_additive,osm_fire:gis_osm_pois_a_free:1035016005,仙葫消防救援站,37904.9391172876,rescue_by_002,宾阳县黎塘消防救援站,45907.92726013508,nanning_flood_20260706_0707,2026-07-07,dispatch_v3,074f2c6841becf074f14d90e06a2e9672972f1ec,POINT (108.858 22.8254)
gis_osm_places_free,<NA>,3909565046,village,settlements:gis_osm_places_free:3909565046:village,OGC:CRS84,450103,OpenStreetMap,real,kept,<NA>,咘蒙,village,0,108.791,22.8501,,derived_from_source_layer_osm_id_fclass,smartbidata_task06_20260810,team_shared,team_shared_source,广西壮族自治区,南宁市,青秀区,青秀区,assigned_within,False,26.281044674054293,near_flood,potential_remote_sensing_assessment,within_500m_of_task20_new_flood_extent,701.154721736908,overlapping_buffers_not_additive,osm_fire:gis_osm_pois_a_free:1035016005,仙葫消防救援站,31737.76856103223,rescue_by_001,宾阳县应急救援队,43160.62603424646,nanning_flood_20260706_0707,2026-07-07,dispatch_v3,074f2c6841becf074f14d90e06a2e9672972f1ec,POINT (108.791 22.8501)
gis_osm_places_free,<NA>,3909565048,village,settlements:gis_osm_places_free:3909565048:village,OGC:CRS84,450181,OpenStreetMap,real,kept,<NA>,承朴,village,0,108.924,22.8483,,derived_from_source_layer_osm_id_fclass,smartbidata_task06_20260810,team_shared,team_shared_source,广西壮族自治区,南宁市,横州市,横州市,assigned_within,False,371.23608279057345,near_flood,potential_remote_sensing_assessment,within_500m_of_task20_new_flood_extent,373.11255741119385,overlapping_buffers_not_additive,rescue_by_002,宾阳县黎塘消防救援站,40731.48416199329,rescue_by_002,宾阳县黎塘消防救援站,40731.48416199329,nanning_flood_20260706_0707,2026-07-07,dispatch_v3,074f2c6841becf074f14d90e06a2e9672972f1ec,POINT (108.924 22.8483)
gis_osm_places_free,<NA>,3909565050,village,settlements:gis_osm_places_free:3909565050:village,OGC:CRS84,450181,OpenStreetMap,real,kept,<NA>,道庄,village,0,108.813,22.8659,,derived_from_source_layer_osm_id_fclass,smartbidata_task06_20260810,team_shared,team_shared_source,广西壮族自治区,南宁市,横州市,横州市,assigned_within,False,392.31362884193516,near_flood,potential_remote_sensing_assessment,within_500m_of_task20_new_flood_extent,864.0818452835083,overlapping_buffers_not_additive,osm_fire:gis_osm_pois_a_free:1035016005,仙葫消防救援站,34395.33165463283,rescue_by_001,宾阳县应急救援队,41330.597703788175,nanning_flood_20260706_0707,2026-07-07,dispatch_v3,074f2c6841becf074f14d90e06a2e9672972f1ec,POINT (108.813 22.8659)
gis_osm_places_free,<NA>,3909565051,village,settlements:gis_osm_places_free:3909565051:village,OGC:CRS84,450181,OpenStreetMap,real,kept,<NA>,东冲,village,0,108.817,22.8322,,derived_from_source_layer_osm_id_fclass,smartbidata_task06_20260810,team_shared,team_shared_source,广西壮族自治区,南宁市,横州市,横州市,assigned_within,False,462.3614994418019,near_flood,potential_remote_sensing_assessment,within_500m_of_task20_new_flood_extent,286.4149646759033,overlapping_buffers_not_additive,osm_fire:gis_osm_pois_a_free:1035016005,仙葫消防救援站,33885.67336923077,rescue_by_001,宾阳县应急救援队,45062.06980651906,nanning_flood_20260706_0707,2026-07-07,dispatch_v3,074f2c6841becf074f14d90e06a2e9672972f1ec,POINT (108.817 22.8322)
gis_osm_places_free,<NA>,3909565052,village,settlements:gis_osm_places_free:3909565052:village,OGC:CRS84,450181,OpenStreetMap,real,kept,<NA>,佛渡,village,0,108.955,22.8139,,derived_from_source_layer_osm_id_fclass,smartbidata_task06_20260810,team_shared,team_shared_source,广西壮族自治区,南宁市,横州市,横州市,assigned_within,False,352.70060423381824,near_flood,potential_remote_sensing_assessment,within_500m_of_task20_new_flood_extent,1789.4189195632935,overlapping_buffers_not_additive,rescue_hz_001,横州市消防救援大队（横州站）,36553.816190269004,rescue_hz_001,横州市消防救援大队（横州站）,36553.816190269004,nanning_flood_20260706_0707,2026-07-07,dispatch_v3,074f2c6841becf074f14d90e06a2e9672972f1ec,POINT (108.955 22.8139)
gis_osm_places_free,<NA>,3909565054,village,settlements:gis_osm_places_free:3909565054:village,OGC:CRS84,450181,OpenStreetMap,real,kept,<NA>,官山,village,0,108.868,22.864,,derived_from_source_layer_osm_id_fclass,smartbidata_task06_20260810,team_shared,team_shared_source,广西壮族自治区,南宁市,横州市,横州市,assigned_within,False,489.6073248797051,near_flood,potential_remote_sensing_assessment,within_500m_of_task20_new_flood_extent,732.495777130127,overlapping_buffers_not_additive,osm_fire:gis_osm_pois_a_free:1035016005,仙葫消防救援站,39767.66915914261,rescue_by_002,宾阳县黎塘消防救援站,41673.89826796587,nanning_flood_20260706_0707,2026-07-07,dispatch_v3,074f2c6841becf074f14d90e06a2e9672972f1ec,POINT (108.868 22.864)
gis_osm_places_free,<NA>,3909566959,village,settlements:gis_osm_places_free:3909566959:village,OGC:CRS84,450181,OpenStreetMap,real,kept,<NA>,旧圩,village,0,108.973,22.8095,,derived_from_source_layer_osm_id_fclass,smartbidata_task06_20260810,team_shared,team_shared_source,广西壮族自治区,南宁市,横州市,横州市,assigned_within,False,288.20255001448334,near_flood,potential_remote_sensing_assessment,within_500m_of_task20_new_flood_extent,4561.032270431519,overlapping_buffers_not_additive,rescue_hz_001,横州市消防救援大队（横州站）,34648.76412159884,rescue_hz_001,横州市消防救援大队（横州站）,34648.76412159884,nanning_flood_20260706_0707,2026-07-07,dispatch_v3,074f2c6841becf074f14d90e06a2e9672972f1ec,POINT (108.973 22.8095)
gis_osm_places_free,<NA>,3909566960,village,settlements:gis_osm_places_free:3909566960:village,OGC:CRS84,450181,OpenStreetMap,real,kept,<NA>,良村,village,0,108.924,22.7914,,derived_from_source_layer_osm_id_fclass,smartbidata_task06_20260810,team_shared,team_shared_source,广西壮族自治区,南宁市,横州市,横州市,assigned_within,False,490.9064644455581,near_flood,potential_remote_sensing_assessment,within_500m_of_task20_new_flood_extent,7085.831510543823,overlapping_buffers_not_additive,rescue_hz_001,横州市消防救援大队（横州站）,38899.385739978425,rescue_hz_001,横州市消防救援大队（横州站）,38899.385739978425,nanning_flood_20260706_0707,2026-07-07,dispatch_v3,074f2c6841becf074f14d90e06a2e9672972f1ec,POINT (108.924 22.7914)
gis_osm_places_free,<NA>,3909566961,village,settlements:gis_osm_places_free:3909566961:village,OGC:CRS84,450181,OpenStreetMap,real,kept,<NA>,良圻社区,village,0,108.984073,22.797025,,derived_from_source_layer_osm_id_fclass,smartbidata_task06_20260810,team_shared,team_shared_source,广西壮族自治区,南宁市,横州市,横州市,assigned_within,False,338.35645190119703,near_flood,potential_remote_sensing_assessment,within_500m_of_task20_new_flood_extent,6168.287738800049,overlapping_buffers_not_additive,rescue_hz_001,横州市消防救援大队（横州站）,33133.46226343365,rescue_hz_001,横州市消防救援大队（横州站）,33133.46226343365,nanning_flood_20260706_0707,2026-07-07,dispatch_v3,074f2c6841becf074f14d90e06a2e9672972f1ec,POINT (108.984073 22.797025)
gis_osm_places_free,<NA>,3909566963,town,settlements:gis_osm_places_free:3909566963:town,OGC:CRS84,450103,OpenStreetMap,real,kept,<NA>,伶俐镇,town,0,108.7602553,22.8556817,,derived_from_source_layer_osm_id_fclass,smartbidata_task06_20260810,team_shared,team_shared_source,广西壮族自治区,南宁市,青秀区,青秀区,assigned_within,False,181.27712491844213,near_flood,potential_remote_sensing_assessment,within_500m_of_task20_new_flood_extent,2375.9675912857056,overlapping_buffers_not_additive,osm_fire:gis_osm_pois_a_free:1035016005,仙葫消防救援站,28896.16436377624,rescue_by_001,宾阳县应急救援队,42855.24377310177,nanning_flood_20260706_0707,2026-07-07,dispatch_v3,074f2c6841becf074f14d90e06a2e9672972f1ec,POINT (108.760255 22.855682)
gis_osm_places_free,<NA>,3909566966,village,settlements:gis_osm_places_free:3909566966:village,OGC:CRS84,450181,OpenStreetMap,real,kept,<NA>,龙口,village,0,108.912,22.8808,,derived_from_source_layer_osm_id_fclass,smartbidata_task06_20260810,team_shared,team_shared_source,广西壮族自治区,南宁市,横州市,横州市,assigned_within,True,0.0,inside_flood,potential_remote_sensing_assessment,intersects_task20_new_flood_extent,2808.503746986389,overlapping_buffers_not_additive,rescue_by_002,宾阳县黎塘消防救援站,37923.83969445503,rescue_by_002,宾阳县黎塘消防救援站,37923.83969445503,nanning_flood_20260706_0707,2026-07-07,dispatch_v3,074f2c6841becf074f14d90e06a2e9672972f1ec,POINT (108.912 22.8808)
gis_osm_places_free,<NA>,3909566967,village,settlements:gis_osm_places_free:3909566967:village,OGC:CRS84,450181,OpenStreetMap,real,kept,<NA>,芦村,village,0,108.9861474,22.8924304,,derived_from_source_layer_osm_id_fclass,smartbidata_task06_20260810,team_shared,team_shared_source,广西壮族自治区,南宁市,横州市,横州市,assigned_within,False,308.4959583817437,near_flood,potential_remote_sensing_assessment,within_500m_of_task20_new_flood_extent,2772.286591529846,overlapping_buffers_not_additive,rescue_by_002,宾阳县黎塘消防救援站,34076.91032506566,rescue_by_002,宾阳县黎塘消防救援站,34076.91032506566,nanning_flood_20260706_0707,2026-07-07,dispatch_v3,074f2c6841becf074f14d90e06a2e9672972f1ec,POINT (108.986147 22.89243)
gis_osm_places_free,<NA>,3909566968,village,settlements:gis_osm_places_free:3909566968:village,OGC:CRS84,450181,OpenStreetMap,real,kept,<NA>,马毡,village,0,108.921,22.8607,,derived_from_source_layer_osm_id_fclass,smartbidata_task06_20260810,team_shared,team_shared_source,广西壮族自治区,南宁市,横州市,横州市,assigned_within,False,116.07687037388088,near_flood,potential_remote_sensing_assessment,within_500m_of_task20_new_flood_extent,1267.1910152435303,overlapping_buffers_not_additive,rescue_by_002,宾阳县黎塘消防救援站,39577.41864315089,rescue_by_002,宾阳县黎塘消防救援站,39577.41864315089,nanning_flood_20260706_0707,2026-07-07,dispatch_v3,074f2c6841becf074f14d90e06a2e9672972f1ec,POINT (108.921 22.8607)
gis_osm_places_free,<NA>,3909566969,village,settlements:gis_osm_places_free:3909566969:village,OGC:CRS84,450181,OpenStreetMap,real,kept,<NA>,明新村,village,0,108.9041265,22.8119116,,derived_from_source_layer_osm_id_fclass,smartbidata_task06_20260810,team_shared,team_shared_source,广西壮族自治区,南宁市,横州市,横州市,assigned_within,False,223.0497199665338,near_flood,potential_remote_sensing_assessment,within_500m_of_task20_new_flood_extent,2923.6584463119507,overlapping_buffers_not_additive,rescue_hz_001,横州市消防救援大队（横州站）,41462.92646490663,rescue_hz_001,横州市消防救援大队（横州站）,41462.92646490663,nanning_flood_20260706_0707,2026-07-07,dispatch_v3,074f2c6841becf074f14d90e06a2e9672972f1ec,POINT (108.904126 22.811912)
gis_osm_places_free,<NA>,3909566970,village,settlements:gis_osm_places_free:3909566970:village,OGC:CRS84,450181,OpenStreetMap,real,kept,<NA>,民塘,village,0,108.926,22.8969,,derived_from_source_layer_osm_id_fclass,smartbidata_task06_20260810,team_shared,team_shared_source,广西壮族自治区,南宁市,横州市,横州市,assigned_within,False,201.64339613502887,near_flood,potential_remote_sensing_assessment,within_500m_of_task20_new_flood_extent,230.24717330932617,overlapping_buffers_not_additive,rescue_by_002,宾阳县黎塘消防救援站,35699.86679998049,rescue_by_002,宾阳县黎塘消防救援站,35699.86679998049,nanning_flood_20260706_0707,2026-07-07,dispatch_v3,074f2c6841becf074f14d90e06a2e9672972f1ec,POINT (108.926 22.8969)
gis_osm_places_free,<NA>,3909566971,village,settlements:gis_osm_places_free:3909566971:village,OGC:CRS84,450181,OpenStreetMap,real,kept,<NA>,木塘,village,0,108.9595363,22.8416759,,derived_from_source_layer_osm_id_fclass,smartbidata_task06_20260810,team_shared,team_shared_source,广西壮族自治区,南宁市,横州市,横州市,assigned_within,False,355.87093419950173,near_flood,potential_remote_sensing_assessment,within_500m_of_task20_new_flood_extent,1902.901803970337,overlapping_buffers_not_additive,rescue_hz_001,横州市消防救援大队（横州站）,37241.36788889853,rescue_hz_001,横州市消防救援大队（横州站）,37241.36788889853,nanning_flood_20260706_0707,2026-07-07,dispatch_v3,074f2c6841becf074f14d90e06a2e9672972f1ec,POINT (108.959536 22.841676)
gis_osm_places_free,<NA>,3909566982,village,settlements:gis_osm_places_free:3909566982:village,OGC:CRS84,450181,OpenStreetMap,real,kept,<NA>,覃寨,village,0,108.8991815,22.8456821,,derived_from_source_layer_osm_id_fclass,smartbidata_task06_20260810,team_shared,team_shared_source,广西壮族自治区,南宁市,横州市,横州市,assigned_within,False,403.78698689198984,near_flood,potential_remote_sensing_assessment,within_500m_of_task20_new_flood_extent,5156.81950378418,overlapping_buffers_not_additive,rescue_by_002,宾阳县黎塘消防救援站,42004.49220130159,rescue_by_002,宾阳县黎塘消防救援站,42004.49220130159,nanning_flood_20260706_0707,2026-07-07,dispatch_v3,074f2c6841becf074f14d90e06a2e9672972f1ec,POINT (108.899182 22.845682)
gis_osm_places_free,<NA>,3909566984,village,settlements:gis_osm_places_free:3909566984:village,OGC:CRS84,450181,OpenStreetMap,real,kept,<NA>,石板,village,0,108.9112896,22.8377889,,derived_from_source_layer_osm_id_fclass,smartbidata_task06_20260810,team_shared,team_shared_source,广西壮族自治区,南宁市,横州市,横州市,assigned_within,False,170.1032109961041,near_flood,potential_remote_sensing_assessment,within_500m_of_task20_new_flood_extent,3720.060954093933,overlapping_buffers_not_additive,rescue_hz_001,横州市消防救援大队（横州站）,41669.274500416934,rescue_hz_001,横州市消防救援大队（横州站）,41669.274500416934,nanning_flood_20260706_0707,2026-07-07,dispatch_v3,074f2c6841becf074f14d90e06a2e9672972f1ec,POINT (108.91129 22.837789)
gis_osm_places_free,<NA>,3909566986,village,settlements:gis_osm_places_free:3909566986:village,OGC:CRS84,450181,OpenStreetMap,real,kept,<NA>,石洲,village,0,108.84,22.8726,,derived_from_source_layer_osm_id_fclass,smartbidata_task06_20260810,team_shared,team_shared_source,广西壮族自治区,南宁市,横州市,横州市,assigned_within,False,51.96757171399828,near_flood,potential_remote_sensing_assessment,within_500m_of_task20_new_flood_extent,1230.0692129135132,overlapping_buffers_not_additive,osm_fire:gis_osm_pois_a_free:1035016005,仙葫消防救援站,37260.87539353279,rescue_by_001,宾阳县应急救援队,40655.41007223016,nanning_flood_20260706_0707,2026-07-07,dispatch_v3,074f2c6841becf074f14d90e06a2e9672972f1ec,POINT (108.84 22.8726)
gis_osm_places_free,<NA>,3909566988,village,settlements:gis_osm_places_free:3909566988:village,OGC:CRS84,450181,OpenStreetMap,real,kept,<NA>,滩头,village,0,108.899,22.8249,,derived_from_source_layer_osm_id_fclass,smartbidata_task06_20260810,team_shared,team_shared_source,广西壮族自治区,南宁市,横州市,横州市,assigned_within,False,357.64739435668974,near_flood,potential_remote_sensing_assessment,within_500m_of_task20_new_flood_extent,2978.5424404144287,overlapping_buffers_not_additive,osm_fire:gis_osm_pois_a_free:1035016005,仙葫消防救援站,42062.33607207568,rescue_hz_001,横州市消防救援大队（横州站）,42390.489729196306,nanning_flood_20260706_0707,2026-07-07,dispatch_v3,074f2c6841becf074f14d90e06a2e9672972f1ec,POINT (108.899 22.8249)
gis_osm_places_free,<NA>,3909566990,village,settlements:gis_osm_places_free:3909566990:village,OGC:CRS84,450181,OpenStreetMap,real,kept,<NA>,湾渡,village,0,108.931,22.8018,,derived_from_source_layer_osm_id_fclass,smartbidata_task06_20260810,team_shared,team_shared_source,广西壮族自治区,南宁市,横州市,横州市,assigned_within,False,332.0636913194137,near_flood,potential_remote_sensing_assessment,within_500m_of_task20_new_flood_extent,3674.3416633605957,overlapping_buffers_not_additive,rescue_hz_001,横州市消防救援大队（横州站）,38502.260765528095,rescue_hz_001,横州市消防救援大队（横州站）,38502.260765528095,nanning_flood_20260706_0707,2026-07-07,dispatch_v3,074f2c6841becf074f14d90e06a2e9672972f1ec,POINT (108.931 22.8018)
gis_osm_places_free,<NA>,3909566995,village,settlements:gis_osm_places_free:3909566995:village,OGC:CRS84,450181,OpenStreetMap,real,kept,<NA>,新兴,village,0,108.92,22.8105,,derived_from_source_layer_osm_id_fclass,smartbidata_task06_20260810,team_shared,team_shared_source,广西壮族自治区,南宁市,横州市,横州市,assigned_within,False,125.23636623071678,near_flood,potential_remote_sensing_assessment,within_500m_of_task20_new_flood_extent,2077.8176918029785,overlapping_buffers_not_additive,rescue_hz_001,横州市消防救援大队（横州站）,39856.88570468,rescue_hz_001,横州市消防救援大队（横州站）,39856.88570468,nanning_flood_20260706_0707,2026-07-07,dispatch_v3,074f2c6841becf074f14d90e06a2e9672972f1ec,POINT (108.92 22.8105)
gis_osm_places_free,<NA>,3909566996,village,settlements:gis_osm_places_free:3909566996:village,OGC:CRS84,450181,OpenStreetMap,real,kept,<NA>,杨江,village,0,108.914,22.8231,,derived_from_source_layer_osm_id_fclass,smartbidata_task06_20260810,team_shared,team_shared_source,广西壮族自治区,南宁市,横州市,横州市,assigned_within,False,218.5480366392024,near_flood,potential_remote_sensing_assessment,within_500m_of_task20_new_flood_extent,2716.1872720718384,overlapping_buffers_not_additive,rescue_hz_001,横州市消防救援大队（横州站）,40865.985053572156,rescue_hz_001,横州市消防救援大队（横州站）,40865.985053572156,nanning_flood_20260706_0707,2026-07-07,dispatch_v3,074f2c6841becf074f14d90e06a2e9672972f1ec,POINT (108.914 22.8231)
gis_osm_places_free,<NA>,3909566997,village,settlements:gis_osm_places_free:3909566997:village,OGC:CRS84,450181,OpenStreetMap,real,kept,<NA>,瑶埠,village,0,108.95,22.9007,,derived_from_source_layer_osm_id_fclass,smartbidata_task06_20260810,team_shared,team_shared_source,广西壮族自治区,南宁市,横州市,横州市,assigned_within,False,91.95191411202467,near_flood,potential_remote_sensing_assessment,within_500m_of_task20_new_flood_extent,196.96507835388184,overlapping_buffers_not_additive,rescue_by_002,宾阳县黎塘消防救援站,34352.96406375937,rescue_by_002,宾阳县黎塘消防救援站,34352.96406375937,nanning_flood_20260706_0707,2026-07-07,dispatch_v3,074f2c6841becf074f14d90e06a2e9672972f1ec,POINT (108.95 22.9007)
gis_osm_places_free,<NA>,3909567000,village,settlements:gis_osm_places_free:3909567000:village,OGC:CRS84,450181,OpenStreetMap,real,kept,<NA>,竹标,village,0,108.845,22.8546,,derived_from_source_layer_osm_id_fclass,smartbidata_task06_20260810,team_shared,team_shared_source,广西壮族自治区,南宁市,横州市,横州市,assigned_within,False,210.04356384774633,near_flood,potential_remote_sensing_assessment,within_500m_of_task20_new_flood_extent,1782.812183380127,overlapping_buffers_not_additive,osm_fire:gis_osm_pois_a_free:1035016005,仙葫消防救援站,37225.04168615534,rescue_by_001,宾阳县应急救援队,42677.80166566444,nanning_flood_20260706_0707,2026-07-07,dispatch_v3,074f2c6841becf074f14d90e06a2e9672972f1ec,POINT (108.845 22.8546)
gis_osm_places_free,<NA>,3909615536,village,settlements:gis_osm_places_free:3909615536:village,OGC:CRS84,450181,OpenStreetMap,real,kept,<NA>,双窑,village,0,108.8769094,22.7357346,,derived_from_source_layer_osm_id_fclass,smartbidata_task06_20260810,team_shared,team_shared_source,广西壮族自治区,南宁市,横州市,横州市,assigned_within,False,114.55026495823525,near_flood,potential_remote_sensing_assessment,within_500m_of_task20_new_flood_extent,1602.7733516693115,overlapping_buffers_not_additive,osm_fire:gis_osm_pois_a_free:1035016005,仙葫消防救援站,39651.413700028505,rescue_hz_001,横州市消防救援大队（横州站）,42705.03280283551,nanning_flood_20260706_0707,2026-07-07,dispatch_v3,074f2c6841becf074f14d90e06a2e9672972f1ec,POINT (108.876909 22.735735)
gis_osm_places_free,<NA>,3909615540,village,settlements:gis_osm_places_free:3909615540:village,OGC:CRS84,450181,OpenStreetMap,real,kept,<NA>,泗英,village,0,108.928,22.7686,,derived_from_source_layer_osm_id_fclass,smartbidata_task06_20260810,team_shared,team_shared_source,广西壮族自治区,南宁市,横州市,横州市,assigned_within,False,260.8909345358981,near_flood,potential_remote_sensing_assessment,within_500m_of_task20_new_flood_extent,1353.88480758667,overlapping_buffers_not_additive,rescue_hz_001,横州市消防救援大队（横州站）,37963.5766367679,rescue_hz_001,横州市消防救援大队（横州站）,37963.5766367679,nanning_flood_20260706_0707,2026-07-07,dispatch_v3,074f2c6841becf074f14d90e06a2e9672972f1ec,POINT (108.928 22.7686)
gis_osm_places_free,<NA>,3909615572,village,settlements:gis_osm_places_free:3909615572:village,OGC:CRS84,450181,OpenStreetMap,real,kept,<NA>,大桥,village,0,108.9044165,22.6743101,,derived_from_source_layer_osm_id_fclass,smartbidata_task06_20260810,team_shared,team_shared_source,广西壮族自治区,南宁市,横州市,横州市,assigned_within,False,206.42339816966052,near_flood,potential_remote_sensing_assessment,within_500m_of_task20_new_flood_extent,806.013147354126,overlapping_buffers_not_additive,rescue_hz_001,横州市消防救援大队（横州站）,39919.03190452955,rescue_hz_001,横州市消防救援大队（横州站）,39919.03190452955,nanning_flood_20260706_0707,2026-07-07,dispatch_v3,074f2c6841becf074f14d90e06a2e9672972f1ec,POINT (108.904416 22.67431)
gis_osm_places_free,<NA>,3909615583,village,settlements:gis_osm_places_free:3909615583:village,OGC:CRS84,450181,OpenStreetMap,real,kept,<NA>,飞龙,village,0,108.9734139,22.6318271,,derived_from_source_layer_osm_id_fclass,smartbidata_task06_20260810,team_shared,team_shared_source,广西壮族自治区,南宁市,横州市,横州市,assigned_within,False,234.61957863262973,near_flood,potential_remote_sensing_assessment,within_500m_of_task20_new_flood_extent,940.7966470718384,overlapping_buffers_not_additive,rescue_hz_001,横州市消防救援大队（横州站）,33701.27651226883,rescue_hz_001,横州市消防救援大队（横州站）,33701.27651226883,nanning_flood_20260706_0707,2026-07-07,dispatch_v3,074f2c6841becf074f14d90e06a2e9672972f1ec,POINT (108.973414 22.631827)
gis_osm_places_free,<NA>,3909615591,village,settlements:gis_osm_places_free:3909615591:village,OGC:CRS84,450181,OpenStreetMap,real,kept,<NA>,高沙,village,0,108.878,22.7702,,derived_from_source_layer_osm_id_fclass,smartbidata_task06_20260810,team_shared,team_shared_source,广西壮族自治区,南宁市,横州市,横州市,assigned_within,False,229.88775341323822,near_flood,potential_remote_sensing_assessment,within_500m_of_task20_new_flood_extent,2396.8309078216553,overlapping_buffers_not_additive,osm_fire:gis_osm_pois_a_free:1035016005,仙葫消防救援站,39535.02473463541,rescue_hz_001,横州市消防救援大队（横州站）,43050.56493629747,nanning_flood_20260706_0707,2026-07-07,dispatch_v3,074f2c6841becf074f14d90e06a2e9672972f1ec,POINT (108.878 22.7702)
gis_osm_places_free,<NA>,3909615630,village,settlements:gis_osm_places_free:3909615630:village,OGC:CRS84,450103,OpenStreetMap,real,kept,<NA>,刘凤,village,0,108.825,22.7517,,derived_from_source_layer_osm_id_fclass,smartbidata_task06_20260810,team_shared,team_shared_source,广西壮族自治区,南宁市,青秀区,青秀区,assigned_within,False,122.11236615651954,near_flood,potential_remote_sensing_assessment,within_500m_of_task20_new_flood_extent,773.6125245094299,overlapping_buffers_not_additive,osm_fire:gis_osm_pois_a_free:1035016005,仙葫消防救援站,34182.55036168839,rescue_hz_001,横州市消防救援大队（横州站）,48172.25059689712,nanning_flood_20260706_0707,2026-07-07,dispatch_v3,074f2c6841becf074f14d90e06a2e9672972f1ec,POINT (108.825 22.7517)
gis_osm_places_free,<NA>,3909615651,village,settlements:gis_osm_places_free:3909615651:village,OGC:CRS84,450181,OpenStreetMap,real,kept,<NA>,那恩,village,0,108.909,22.6376,,derived_from_source_layer_osm_id_fclass,smartbidata_task06_20260810,team_shared,team_shared_source,广西壮族自治区,南宁市,横州市,横州市,assigned_within,False,217.66649492431932,near_flood,potential_remote_sensing_assessment,within_500m_of_task20_new_flood_extent,251.54321670532227,overlapping_buffers_not_additive,rescue_hz_001,横州市消防救援大队（横州站）,40024.16912651741,rescue_hz_001,横州市消防救援大队（横州站）,40024.16912651741,nanning_flood_20260706_0707,2026-07-07,dispatch_v3,074f2c6841becf074f14d90e06a2e9672972f1ec,POINT (108.909 22.6376)
gis_osm_places_free,<NA>,3909615707,village,settlements:gis_osm_places_free:3909615707:village,OGC:CRS84,450181,OpenStreetMap,real,kept,<NA>,秋江,village,0,108.883,22.7317,,derived_from_source_layer_osm_id_fclass,smartbidata_task06_20260810,team_shared,team_shared_source,广西壮族自治区,南宁市,横州市,横州市,assigned_within,False,123.476920656727,near_flood,potential_remote_sensing_assessment,within_500m_of_task20_new_flood_extent,1674.9909753799438,overlapping_buffers_not_additive,osm_fire:gis_osm_pois_a_free:1035016005,仙葫消防救援站,40323.140478784444,rescue_hz_001,横州市消防救援大队（横州站）,42049.57818965366,nanning_flood_20260706_0707,2026-07-07,dispatch_v3,074f2c6841becf074f14d90e06a2e9672972f1ec,POINT (108.883 22.7317)
gis_osm_places_free,<NA>,3909615717,village,settlements:gis_osm_places_free:3909615717:village,OGC:CRS84,450181,OpenStreetMap,real,kept,<NA>,三洲,village,0,109.001,22.5866,,derived_from_source_layer_osm_id_fclass,smartbidata_task06_20260810,team_shared,team_shared_source,广西壮族自治区,南宁市,横州市,横州市,assigned_within,False,460.6449600030768,near_flood,potential_remote_sensing_assessment,within_500m_of_task20_new_flood_extent,0.0,overlapping_buffers_not_additive,rescue_hz_001,横州市消防救援大队（横州站）,32656.248799730416,rescue_hz_001,横州市消防救援大队（横州站）,32656.248799730416,nanning_flood_20260706_0707,2026-07-07,dispatch_v3,074f2c6841becf074f14d90e06a2e9672972f1ec,POINT (109.001 22.5866)
gis_osm_places_free,<NA>,3909615802,village,settlements:gis_osm_places_free:3909615802:village,OGC:CRS84,450181,OpenStreetMap,real,kept,<NA>,张村,village,0,108.911,22.7784,,derived_from_source_layer_osm_id_fclass,smartbidata_task06_20260810,team_shared,team_shared_source,广西壮族自治区,南宁市,横州市,横州市,assigned_within,False,148.7547836797557,near_flood,potential_remote_sensing_assessment,within_500m_of_task20_new_flood_extent,1841.177433013916,overlapping_buffers_not_additive,rescue_hz_001,横州市消防救援大队（横州站）,39883.50328733622,rescue_hz_001,横州市消防救援大队（横州站）,39883.50328733622,nanning_flood_20260706_0707,2026-07-07,dispatch_v3,074f2c6841becf074f14d90e06a2e9672972f1ec,POINT (108.911 22.7784)
gis_osm_places_free,<NA>,3909615807,village,settlements:gis_osm_places_free:3909615807:village,OGC:CRS84,450181,OpenStreetMap,real,kept,<NA>,竹塘,village,0,108.881,22.7567,,derived_from_source_layer_osm_id_fclass,smartbidata_task06_20260810,team_shared,team_shared_source,广西壮族自治区,南宁市,横州市,横州市,assigned_within,False,342.3090605659577,near_flood,potential_remote_sensing_assessment,within_500m_of_task20_new_flood_extent,1608.983862876892,overlapping_buffers_not_additive,osm_fire:gis_osm_pois_a_free:1035016005,仙葫消防救援站,39888.16576427604,rescue_hz_001,横州市消防救援大队（横州站）,42526.13098069084,nanning_flood_20260706_0707,2026-07-07,dispatch_v3,074f2c6841becf074f14d90e06a2e9672972f1ec,POINT (108.881 22.7567)
gis_osm_places_free,<NA>,3910405679,village,settlements:gis_osm_places_free:3910405679:village,OGC:CRS84,450181,OpenStreetMap,real,kept,<NA>,快龙,village,0,109.032,22.7711,,derived_from_source_layer_osm_id_fclass,smartbidata_task06_20260810,team_shared,team_shared_source,广西壮族自治区,南宁市,横州市,横州市,assigned_within,False,267.99431603953474,near_flood,potential_remote_sensing_assessment,within_500m_of_task20_new_flood_extent,1154.4847841262817,overlapping_buffers_not_additive,rescue_hz_001,横州市消防救援大队（横州站）,27602.94684322417,rescue_hz_001,横州市消防救援大队（横州站）,27602.94684322417,nanning_flood_20260706_0707,2026-07-07,dispatch_v3,074f2c6841becf074f14d90e06a2e9672972f1ec,POINT (109.032 22.7711)
gis_osm_places_free,<NA>,3910405681,village,settlements:gis_osm_places_free:3910405681:village,OGC:CRS84,450181,OpenStreetMap,real,kept,<NA>,Liangshui,village,0,109.033333,22.766667,,derived_from_source_layer_osm_id_fclass,smartbidata_task06_20260810,team_shared,team_shared_source,广西壮族自治区,南宁市,横州市,横州市,assigned_within,False,37.1863530064741,near_flood,potential_remote_sensing_assessment,within_500m_of_task20_new_flood_extent,1514.778091430664,overlapping_buffers_not_additive,rescue_hz_001,横州市消防救援大队（横州站）,27346.688156828204,rescue_hz_001,横州市消防救援大队（横州站）,27346.688156828204,nanning_flood_20260706_0707,2026-07-07,dispatch_v3,074f2c6841becf074f14d90e06a2e9672972f1ec,POINT (109.033333 22.766667)
gis_osm_places_free,<NA>,3910405683,village,settlements:gis_osm_places_free:3910405683:village,OGC:CRS84,450181,OpenStreetMap,real,kept,<NA>,里衣,village,0,109.055,22.7756,,derived_from_source_layer_osm_id_fclass,smartbidata_task06_20260810,team_shared,team_shared_source,广西壮族自治区,南宁市,横州市,横州市,assigned_within,False,42.42830913923413,near_flood,potential_remote_sensing_assessment,within_500m_of_task20_new_flood_extent,2859.742826461792,overlapping_buffers_not_additive,rescue_hz_001,横州市消防救援大队（横州站）,25476.175996935708,rescue_hz_001,横州市消防救援大队（横州站）,25476.175996935708,nanning_flood_20260706_0707,2026-07-07,dispatch_v3,074f2c6841becf074f14d90e06a2e9672972f1ec,POINT (109.055 22.7756)
gis_osm_places_free,<NA>,3910631673,village,settlements:gis_osm_places_free:3910631673:village,OGC:CRS84,450181,OpenStreetMap,real,kept,<NA>,大平,village,0,109.101,22.85,,derived_from_source_layer_osm_id_fclass,smartbidata_task06_20260810,team_shared,team_shared_source,广西壮族自治区,南宁市,横州市,横州市,assigned_within,False,0.8120141066027077,near_flood,potential_remote_sensing_assessment,within_500m_of_task20_new_flood_extent,1191.0901718139648,overlapping_buffers_not_additive,rescue_hz_001,横州市消防救援大队（横州站）,25229.268675407944,rescue_hz_001,横州市消防救援大队（横州站）,25229.268675407944,nanning_flood_20260706_0707,2026-07-07,dispatch_v3,074f2c6841becf074f14d90e06a2e9672972f1ec,POINT (109.101 22.85)
gis_osm_places_free,<NA>,3910631675,village,settlements:gis_osm_places_free:3910631675:village,OGC:CRS84,450181,OpenStreetMap,real,kept,<NA>,定武,village,0,109.115,22.8164,,derived_from_source_layer_osm_id_fclass,smartbidata_task06_20260810,team_shared,team_shared_source,广西壮族自治区,南宁市,横州市,横州市,assigned_within,False,56.09457042566601,near_flood,potential_remote_sensing_assessment,within_500m_of_task20_new_flood_extent,1683.6206674575806,overlapping_buffers_not_additive,rescue_hz_001,横州市消防救援大队（横州站）,21855.220687931404,rescue_hz_001,横州市消防救援大队（横州站）,21855.220687931404,nanning_flood_20260706_0707,2026-07-07,dispatch_v3,074f2c6841becf074f14d90e06a2e9672972f1ec,POINT (109.115 22.8164)
gis_osm_places_free,<NA>,3910631680,village,settlements:gis_osm_places_free:3910631680:village,OGC:CRS84,450181,OpenStreetMap,real,kept,<NA>,令里,village,0,109.146,22.8128,,derived_from_source_layer_osm_id_fclass,smartbidata_task06_20260810,team_shared,team_shared_source,广西壮族自治区,南宁市,横州市,横州市,assigned_within,False,214.7792434901126,near_flood,potential_remote_sensing_assessment,within_500m_of_task20_new_flood_extent,2866.646099090576,overlapping_buffers_not_additive,rescue_hz_001,横州市消防救援大队（横州站）,19048.588200750208,rescue_hz_001,横州市消防救援大队（横州站）,19048.588200750208,nanning_flood_20260706_0707,2026-07-07,dispatch_v3,074f2c6841becf074f14d90e06a2e9672972f1ec,POINT (109.146 22.8128)
gis_osm_places_free,<NA>,3910631683,village,settlements:gis_osm_places_free:3910631683:village,OGC:CRS84,450181,OpenStreetMap,real,kept,<NA>,龙门,village,0,109.07,22.8483,,derived_from_source_layer_osm_id_fclass,smartbidata_task06_20260810,team_shared,team_shared_source,广西壮族自治区,南宁市,横州市,横州市,assigned_within,False,236.08386701876287,near_flood,potential_remote_sensing_assessment,within_500m_of_task20_new_flood_extent,1303.1642026901245,overlapping_buffers_not_additive,rescue_hz_001,横州市消防救援大队（横州站）,27661.35817336319,rescue_hz_001,横州市消防救援大队（横州站）,27661.35817336319,nanning_flood_20260706_0707,2026-07-07,dispatch_v3,074f2c6841becf074f14d90e06a2e9672972f1ec,POINT (109.07 22.8483)
gis_osm_places_free,<NA>,3910631684,village,settlements:gis_osm_places_free:3910631684:village,OGC:CRS84,450181,OpenStreetMap,real,kept,<NA>,Longtou,village,0,109.176389,22.806111,,derived_from_source_layer_osm_id_fclass,smartbidata_task06_20260810,team_shared,team_shared_source,广西壮族自治区,南宁市,横州市,横州市,assigned_within,False,441.5984179061494,near_flood,potential_remote_sensing_assessment,within_500m_of_task20_new_flood_extent,1993.1177339553833,overlapping_buffers_not_additive,rescue_hz_001,横州市消防救援大队（横州站）,16198.857126944864,rescue_hz_001,横州市消防救援大队（横州站）,16198.857126944864,nanning_flood_20260706_0707,2026-07-07,dispatch_v3,074f2c6841becf074f14d90e06a2e9672972f1ec,POINT (109.176389 22.806111)
gis_osm_places_free,<NA>,3910631686,village,settlements:gis_osm_places_free:3910631686:village,OGC:CRS84,450181,OpenStreetMap,real,kept,<NA>,帽村,village,0,109.131,22.7935,,derived_from_source_layer_osm_id_fclass,smartbidata_task06_20260810,team_shared,team_shared_source,广西壮族自治区,南宁市,横州市,横州市,assigned_within,False,435.40119176858445,near_flood,potential_remote_sensing_assessment,within_500m_of_task20_new_flood_extent,697.1339559555054,overlapping_buffers_not_additive,rescue_hz_001,横州市消防救援大队（横州站）,19113.121977992763,rescue_hz_001,横州市消防救援大队（横州站）,19113.121977992763,nanning_flood_20260706_0707,2026-07-07,dispatch_v3,074f2c6841becf074f14d90e06a2e9672972f1ec,POINT (109.131 22.7935)
gis_osm_places_free,<NA>,3910631688,village,settlements:gis_osm_places_free:3910631688:village,OGC:CRS84,450181,OpenStreetMap,real,kept,<NA>,那良,village,0,109.091,22.8479,,derived_from_source_layer_osm_id_fclass,smartbidata_task06_20260810,team_shared,team_shared_source,广西壮族自治区,南宁市,横州市,横州市,assigned_within,False,163.7634224316214,near_flood,potential_remote_sensing_assessment,within_500m_of_task20_new_flood_extent,1663.3280429840088,overlapping_buffers_not_additive,rescue_hz_001,横州市消防救援大队（横州站）,25891.425590606927,rescue_hz_001,横州市消防救援大队（横州站）,25891.425590606927,nanning_flood_20260706_0707,2026-07-07,dispatch_v3,074f2c6841becf074f14d90e06a2e9672972f1ec,POINT (109.091 22.8479)
gis_osm_places_free,<NA>,3910631689,village,settlements:gis_osm_places_free:3910631689:village,OGC:CRS84,450181,OpenStreetMap,real,kept,<NA>,清湖,village,0,109.055,22.8266,,derived_from_source_layer_osm_id_fclass,smartbidata_task06_20260810,team_shared,team_shared_source,广西壮族自治区,南宁市,横州市,横州市,assigned_within,False,483.8406383847224,near_flood,potential_remote_sensing_assessment,within_500m_of_task20_new_flood_extent,842.8104295730591,overlapping_buffers_not_additive,rescue_hz_001,横州市消防救援大队（横州站）,27707.365564033676,rescue_hz_001,横州市消防救援大队（横州站）,27707.365564033676,nanning_flood_20260706_0707,2026-07-07,dispatch_v3,074f2c6841becf074f14d90e06a2e9672972f1ec,POINT (109.055 22.8266)
gis_osm_places_free,<NA>,3910631691,village,settlements:gis_osm_places_free:3910631691:village,OGC:CRS84,450181,OpenStreetMap,real,kept,<NA>,苏村,village,0,109.099,22.7977,,derived_from_source_layer_osm_id_fclass,smartbidata_task06_20260810,team_shared,team_shared_source,广西壮族自治区,南宁市,横州市,横州市,assigned_within,False,321.4604368932895,near_flood,potential_remote_sensing_assessment,within_500m_of_task20_new_flood_extent,1485.6211585998535,overlapping_buffers_not_additive,rescue_hz_001,横州市消防救援大队（横州站）,22217.487725945142,rescue_hz_001,横州市消防救援大队（横州站）,22217.487725945142,nanning_flood_20260706_0707,2026-07-07,dispatch_v3,074f2c6841becf074f14d90e06a2e9672972f1ec,POINT (109.099 22.7977)
gis_osm_places_free,<NA>,3910631694,village,settlements:gis_osm_places_free:3910631694:village,OGC:CRS84,450181,OpenStreetMap,real,kept,<NA>,旺塘,village,0,109.176,22.8044,,derived_from_source_layer_osm_id_fclass,smartbidata_task06_20260810,team_shared,team_shared_source,广西壮族自治区,南宁市,横州市,横州市,assigned_within,False,253.58586634412433,near_flood,potential_remote_sensing_assessment,within_500m_of_task20_new_flood_extent,2077.6290578842163,overlapping_buffers_not_additive,rescue_hz_001,横州市消防救援大队（横州站）,16099.297048392038,rescue_hz_001,横州市消防救援大队（横州站）,16099.297048392038,nanning_flood_20260706_0707,2026-07-07,dispatch_v3,074f2c6841becf074f14d90e06a2e9672972f1ec,POINT (109.176 22.8044)
gis_osm_places_free,<NA>,3910631696,village,settlements:gis_osm_places_free:3910631696:village,OGC:CRS84,450181,OpenStreetMap,real,kept,<NA>,下塘,village,0,109.106,22.8272,,derived_from_source_layer_osm_id_fclass,smartbidata_task06_20260810,team_shared,team_shared_source,广西壮族自治区,南宁市,横州市,横州市,assigned_within,False,243.46413491792126,near_flood,potential_remote_sensing_assessment,within_500m_of_task20_new_flood_extent,2222.0215158462524,overlapping_buffers_not_additive,rescue_hz_001,横州市消防救援大队（横州站）,23294.38457093835,rescue_hz_001,横州市消防救援大队（横州站）,23294.38457093835,nanning_flood_20260706_0707,2026-07-07,dispatch_v3,074f2c6841becf074f14d90e06a2e9672972f1ec,POINT (109.106 22.8272)
gis_osm_places_free,<NA>,3910631697,village,settlements:gis_osm_places_free:3910631697:village,OGC:CRS84,450181,OpenStreetMap,real,kept,<NA>,新城,village,0,109.045,22.8482,,derived_from_source_layer_osm_id_fclass,smartbidata_task06_20260810,team_shared,team_shared_source,广西壮族自治区,南宁市,横州市,横州市,assigned_within,False,451.97102342405293,near_flood,potential_remote_sensing_assessment,within_500m_of_task20_new_flood_extent,438.98594665527344,overlapping_buffers_not_additive,rescue_hz_001,横州市消防救援大队（横州站）,29801.039575003215,rescue_hz_001,横州市消防救援大队（横州站）,29801.039575003215,nanning_flood_20260706_0707,2026-07-07,dispatch_v3,074f2c6841becf074f14d90e06a2e9672972f1ec,POINT (109.045 22.8482)
gis_osm_places_free,<NA>,3910631701,village,settlements:gis_osm_places_free:3910631701:village,OGC:CRS84,450181,OpenStreetMap,real,kept,<NA>,镇海,village,0,109.162,22.8063,,derived_from_source_layer_osm_id_fclass,smartbidata_task06_20260810,team_shared,team_shared_source,广西壮族自治区,南宁市,横州市,横州市,assigned_within,False,64.37555344588992,near_flood,potential_remote_sensing_assessment,within_500m_of_task20_new_flood_extent,3136.6942615509033,overlapping_buffers_not_additive,rescue_hz_001,横州市消防救援大队（横州站）,17319.73063739239,rescue_hz_001,横州市消防救援大队（横州站）,17319.73063739239,nanning_flood_20260706_0707,2026-07-07,dispatch_v3,074f2c6841becf074f14d90e06a2e9672972f1ec,POINT (109.162 22.8063)
gis_osm_places_free,<NA>,3910638542,hamlet,settlements:gis_osm_places_free:3910638542:hamlet,OGC:CRS84,450181,OpenStreetMap,real,kept,<NA>,,hamlet,0,109.080295,22.748755,,derived_from_source_layer_osm_id_fclass,smartbidata_task06_20260810,team_shared,team_shared_source,广西壮族自治区,南宁市,横州市,横州市,assigned_within,False,175.30212962684962,near_flood,potential_remote_sensing_assessment,within_500m_of_task20_new_flood_extent,2615.603753089905,overlapping_buffers_not_additive,rescue_hz_001,横州市消防救援大队（横州站）,22198.80173006778,rescue_hz_001,横州市消防救援大队（横州站）,22198.80173006778,nanning_flood_20260706_0707,2026-07-07,dispatch_v3,074f2c6841becf074f14d90e06a2e9672972f1ec,POINT (109.080295 22.748755)
gis_osm_places_free,<NA>,3910638819,hamlet,settlements:gis_osm_places_free:3910638819:hamlet,OGC:CRS84,450181,OpenStreetMap,real,kept,<NA>,,hamlet,0,109.0929121,22.7543353,,derived_from_source_layer_osm_id_fclass,smartbidata_task06_20260810,team_shared,team_shared_source,广西壮族自治区,南宁市,横州市,横州市,assigned_within,False,413.8094496606861,near_flood,potential_remote_sensing_assessment,within_500m_of_task20_new_flood_extent,1328.1378755569458,overlapping_buffers_not_additive,rescue_hz_001,横州市消防救援大队（横州站）,21082.244413997476,rescue_hz_001,横州市消防救援大队（横州站）,21082.244413997476,nanning_flood_20260706_0707,2026-07-07,dispatch_v3,074f2c6841becf074f14d90e06a2e9672972f1ec,POINT (109.092912 22.754335)
gis_osm_places_free,<NA>,3910747325,village,settlements:gis_osm_places_free:3910747325:village,OGC:CRS84,450181,OpenStreetMap,real,kept,<NA>,草衣,village,0,109.198,22.9115,,derived_from_source_layer_osm_id_fclass,smartbidata_task06_20260810,team_shared,team_shared_source,广西壮族自治区,南宁市,横州市,横州市,assigned_within,False,388.88251869482673,near_flood,potential_remote_sensing_assessment,within_500m_of_task20_new_flood_extent,1335.483787536621,overlapping_buffers_not_additive,rescue_hz_001,横州市消防救援大队（横州站）,24693.380450852626,rescue_hz_001,横州市消防救援大队（横州站）,24693.380450852626,nanning_flood_20260706_0707,2026-07-07,dispatch_v3,074f2c6841becf074f14d90e06a2e9672972f1ec,POINT (109.198 22.9115)
gis_osm_places_free,<NA>,3910747326,village,settlements:gis_osm_places_free:3910747326:village,OGC:CRS84,450181,OpenStreetMap,real,kept,<NA>,长安,village,0,109.112,22.8748,,derived_from_source_layer_osm_id_fclass,smartbidata_task06_20260810,team_shared,team_shared_source,广西壮族自治区,南宁市,横州市,横州市,assigned_within,False,184.81135640277876,near_flood,potential_remote_sensing_assessment,within_500m_of_task20_new_flood_extent,70.47360038757324,overlapping_buffers_not_additive,rescue_hz_001,横州市消防救援大队（横州站）,26242.917880192977,rescue_hz_001,横州市消防救援大队（横州站）,26242.917880192977,nanning_flood_20260706_0707,2026-07-07,dispatch_v3,074f2c6841becf074f14d90e06a2e9672972f1ec,POINT (109.112 22.8748)
gis_osm_places_free,<NA>,3910747328,village,settlements:gis_osm_places_free:3910747328:village,OGC:CRS84,450181,OpenStreetMap,real,kept,<NA>,大料,village,0,109.0774522,22.9257376,,derived_from_source_layer_osm_id_fclass,smartbidata_task06_20260810,team_shared,team_shared_source,广西壮族自治区,南宁市,横州市,横州市,assigned_within,False,189.1717163549998,near_flood,potential_remote_sensing_assessment,within_500m_of_task20_new_flood_extent,1203.3859548568726,overlapping_buffers_not_additive,rescue_by_002,宾阳县黎塘消防救援站,29254.820560859815,rescue_by_002,宾阳县黎塘消防救援站,29254.820560859815,nanning_flood_20260706_0707,2026-07-07,dispatch_v3,074f2c6841becf074f14d90e06a2e9672972f1ec,POINT (109.077452 22.925738)
gis_osm_places_free,<NA>,3910747330,village,settlements:gis_osm_places_free:3910747330:village,OGC:CRS84,450181,OpenStreetMap,real,kept,<NA>,逢村,village,0,109.05,22.8954,,derived_from_source_layer_osm_id_fclass,smartbidata_task06_20260810,team_shared,team_shared_source,广西壮族自治区,南宁市,横州市,横州市,assigned_within,False,272.78735128033225,near_flood,potential_remote_sensing_assessment,within_500m_of_task20_new_flood_extent,1886.8107461929321,overlapping_buffers_not_additive,rescue_hz_001,横州市消防救援大队（横州站）,32467.120222806385,rescue_hz_001,横州市消防救援大队（横州站）,32467.120222806385,nanning_flood_20260706_0707,2026-07-07,dispatch_v3,074f2c6841becf074f14d90e06a2e9672972f1ec,POINT (109.05 22.8954)
gis_osm_places_free,<NA>,3910747332,village,settlements:gis_osm_places_free:3910747332:village,OGC:CRS84,450181,OpenStreetMap,real,kept,<NA>,古逢,village,0,109.123,22.9423,,derived_from_source_layer_osm_id_fclass,smartbidata_task06_20260810,team_shared,team_shared_source,广西壮族自治区,南宁市,横州市,横州市,assigned_within,False,126.22446419795891,near_flood,potential_remote_sensing_assessment,within_500m_of_task20_new_flood_extent,1187.9592380523682,overlapping_buffers_not_additive,rescue_by_002,宾阳县黎塘消防救援站,27917.982023412253,rescue_by_002,宾阳县黎塘消防救援站,27917.982023412253,nanning_flood_20260706_0707,2026-07-07,dispatch_v3,074f2c6841becf074f14d90e06a2e9672972f1ec,POINT (109.123 22.9423)
gis_osm_places_free,<NA>,3910747333,village,settlements:gis_osm_places_free:3910747333:village,OGC:CRS84,450181,OpenStreetMap,real,kept,<NA>,禾仓,village,0,109.036,22.9238,,derived_from_source_layer_osm_id_fclass,smartbidata_task06_20260810,team_shared,team_shared_source,广西壮族自治区,南宁市,横州市,横州市,assigned_within,False,192.34542969961242,near_flood,potential_remote_sensing_assessment,within_500m_of_task20_new_flood_extent,469.2593307495117,overlapping_buffers_not_additive,rescue_by_002,宾阳县黎塘消防救援站,29685.433832260387,rescue_by_002,宾阳县黎塘消防救援站,29685.433832260387,nanning_flood_20260706_0707,2026-07-07,dispatch_v3,074f2c6841becf074f14d90e06a2e9672972f1ec,POINT (109.036 22.9238)
gis_osm_places_free,<NA>,3910747334,village,settlements:gis_osm_places_free:3910747334:village,OGC:CRS84,450181,OpenStreetMap,real,kept,<NA>,何村,village,0,109.161,22.9541,,derived_from_source_layer_osm_id_fclass,smartbidata_task06_20260810,team_shared,team_shared_source,广西壮族自治区,南宁市,横州市,横州市,assigned_within,False,279.6779261951927,near_flood,potential_remote_sensing_assessment,within_500m_of_task20_new_flood_extent,1457.0401773452759,overlapping_buffers_not_additive,rescue_by_002,宾阳县黎塘消防救援站,27671.723636813276,rescue_by_002,宾阳县黎塘消防救援站,27671.723636813276,nanning_flood_20260706_0707,2026-07-07,dispatch_v3,074f2c6841becf074f14d90e06a2e9672972f1ec,POINT (109.161 22.9541)
gis_osm_places_free,<NA>,3910747336,village,settlements:gis_osm_places_free:3910747336:village,OGC:CRS84,450181,OpenStreetMap,real,kept,<NA>,禾塘,village,0,109.053,22.8853,,derived_from_source_layer_osm_id_fclass,smartbidata_task06_20260810,team_shared,team_shared_source,广西壮族自治区,南宁市,横州市,横州市,assigned_within,False,399.32381719885467,near_flood,potential_remote_sensing_assessment,within_500m_of_task20_new_flood_extent,1982.3051137924194,overlapping_buffers_not_additive,rescue_hz_001,横州市消防救援大队（横州站）,31516.94190405144,rescue_hz_001,横州市消防救援大队（横州站）,31516.94190405144,nanning_flood_20260706_0707,2026-07-07,dispatch_v3,074f2c6841becf074f14d90e06a2e9672972f1ec,POINT (109.053 22.8853)
gis_osm_places_free,<NA>,3910747337,village,settlements:gis_osm_places_free:3910747337:village,OGC:CRS84,450126,OpenStreetMap,real,kept,<NA>,合庄,village,0,109.02,22.9592,,derived_from_source_layer_osm_id_fclass,smartbidata_task06_20260810,team_shared,team_shared_source,广西壮族自治区,南宁市,宾阳县,宾阳县,assigned_within,False,435.2851593194787,near_flood,potential_remote_sensing_assessment,within_500m_of_task20_new_flood_extent,987.6112747192383,overlapping_buffers_not_additive,rescue_by_002,宾阳县黎塘消防救援站,26078.29238037674,rescue_by_002,宾阳县黎塘消防救援站,26078.29238037674,nanning_flood_20260706_0707,2026-07-07,dispatch_v3,074f2c6841becf074f14d90e06a2e9672972f1ec,POINT (109.02 22.9592)
gis_osm_places_free,<NA>,3910747338,village,settlements:gis_osm_places_free:3910747338:village,OGC:CRS84,450181,OpenStreetMap,real,kept,<NA>,黄村,village,0,109.161,22.9317,,derived_from_source_layer_osm_id_fclass,smartbidata_task06_20260810,team_shared,team_shared_source,广西壮族自治区,南宁市,横州市,横州市,assigned_within,False,320.54441018707337,near_flood,potential_remote_sensing_assessment,within_500m_of_task20_new_flood_extent,185.16409873962402,overlapping_buffers_not_additive,rescue_hz_001,横州市消防救援大队（横州站）,28352.826533422623,rescue_hz_001,横州市消防救援大队（横州站）,28352.826533422623,nanning_flood_20260706_0707,2026-07-07,dispatch_v3,074f2c6841becf074f14d90e06a2e9672972f1ec,POINT (109.161 22.9317)
gis_osm_places_free,<NA>,3910747339,village,settlements:gis_osm_places_free:3910747339:village,OGC:CRS84,450181,OpenStreetMap,real,kept,<NA>,江局,village,0,109.104,22.9432,,derived_from_source_layer_osm_id_fclass,smartbidata_task06_20260810,team_shared,team_shared_source,广西壮族自治区,南宁市,横州市,横州市,assigned_within,False,258.2240278678448,near_flood,potential_remote_sensing_assessment,within_500m_of_task20_new_flood_extent,0.0,overlapping_buffers_not_additive,rescue_by_002,宾阳县黎塘消防救援站,27516.862686202876,rescue_by_002,宾阳县黎塘消防救援站,27516.862686202876,nanning_flood_20260706_0707,2026-07-07,dispatch_v3,074f2c6841becf074f14d90e06a2e9672972f1ec,POINT (109.104 22.9432)
gis_osm_places_free,<NA>,3910747341,village,settlements:gis_osm_places_free:3910747341:village,OGC:CRS84,450181,OpenStreetMap,real,kept,<NA>,李陆,village,0,109.088,22.9789,,derived_from_source_layer_osm_id_fclass,smartbidata_task06_20260810,team_shared,team_shared_source,广西壮族自治区,南宁市,横州市,横州市,assigned_within,False,326.39263875115984,near_flood,potential_remote_sensing_assessment,within_500m_of_task20_new_flood_extent,889.8449392318726,overlapping_buffers_not_additive,rescue_by_002,宾阳县黎塘消防救援站,23420.242222016223,rescue_by_002,宾阳县黎塘消防救援站,23420.242222016223,nanning_flood_20260706_0707,2026-07-07,dispatch_v3,074f2c6841becf074f14d90e06a2e9672972f1ec,POINT (109.088 22.9789)
gis_osm_places_free,<NA>,3910747345,village,settlements:gis_osm_places_free:3910747345:village,OGC:CRS84,450181,OpenStreetMap,real,kept,<NA>,木道,village,0,109.032,22.8717,,derived_from_source_layer_osm_id_fclass,smartbidata_task06_20260810,team_shared,team_shared_source,广西壮族自治区,南宁市,横州市,横州市,assigned_within,False,435.12492078923117,near_flood,potential_remote_sensing_assessment,within_500m_of_task20_new_flood_extent,756.5358619689941,overlapping_buffers_not_additive,rescue_hz_001,横州市消防救援大队（横州站）,32342.344460420416,rescue_hz_001,横州市消防救援大队（横州站）,32342.344460420416,nanning_flood_20260706_0707,2026-07-07,dispatch_v3,074f2c6841becf074f14d90e06a2e9672972f1ec,POINT (109.032 22.8717)
gis_osm_places_free,<NA>,3910747347,village,settlements:gis_osm_places_free:3910747347:village,OGC:CRS84,450181,OpenStreetMap,real,kept,<NA>,那龙,village,0,109.054,22.8607,,derived_from_source_layer_osm_id_fclass,smartbidata_task06_20260810,team_shared,team_shared_source,广西壮族自治区,南宁市,横州市,横州市,assigned_within,False,150.16364792125339,near_flood,potential_remote_sensing_assessment,within_500m_of_task20_new_flood_extent,295.97550678253174,overlapping_buffers_not_additive,rescue_hz_001,横州市消防救援大队（横州站）,29793.44841870386,rescue_hz_001,横州市消防救援大队（横州站）,29793.44841870386,nanning_flood_20260706_0707,2026-07-07,dispatch_v3,074f2c6841becf074f14d90e06a2e9672972f1ec,POINT (109.054 22.8607)
gis_osm_places_free,<NA>,3910747348,village,settlements:gis_osm_places_free:3910747348:village,OGC:CRS84,450181,OpenStreetMap,real,kept,<NA>,那罗,village,0,109.144,22.8879,,derived_from_source_layer_osm_id_fclass,smartbidata_task06_20260810,team_shared,team_shared_source,广西壮族自治区,南宁市,横州市,横州市,assigned_within,False,109.36292938906875,near_flood,potential_remote_sensing_assessment,within_500m_of_task20_new_flood_extent,440.18700313568115,overlapping_buffers_not_additive,rescue_hz_001,横州市消防救援大队（横州站）,25194.387241579832,rescue_hz_001,横州市消防救援大队（横州站）,25194.387241579832,nanning_flood_20260706_0707,2026-07-07,dispatch_v3,074f2c6841becf074f14d90e06a2e9672972f1ec,POINT (109.144 22.8879)
gis_osm_places_free,<NA>,3910747350,village,settlements:gis_osm_places_free:3910747350:village,OGC:CRS84,450126,OpenStreetMap,real,kept,<NA>,南桥,village,0,109.015,22.94,,derived_from_source_layer_osm_id_fclass,smartbidata_task06_20260810,team_shared,team_shared_source,广西壮族自治区,南宁市,宾阳县,宾阳县,assigned_within,True,0.0,inside_flood,potential_remote_sensing_assessment,intersects_task20_new_flood_extent,803.2143449783325,overlapping_buffers_not_additive,rescue_by_002,宾阳县黎塘消防救援站,28265.177785801403,rescue_by_002,宾阳县黎塘消防救援站,28265.177785801403,nanning_flood_20260706_0707,2026-07-07,dispatch_v3,074f2c6841becf074f14d90e06a2e9672972f1ec,POINT (109.015 22.94)
gis_osm_places_free,<NA>,3910747352,village,settlements:gis_osm_places_free:3910747352:village,OGC:CRS84,450181,OpenStreetMap,real,kept,<NA>,泮塘,village,0,109.098,22.8624,,derived_from_source_layer_osm_id_fclass,smartbidata_task06_20260810,team_shared,team_shared_source,广西壮族自治区,南宁市,横州市,横州市,assigned_within,False,299.71843347954996,near_flood,potential_remote_sensing_assessment,within_500m_of_task20_new_flood_extent,1535.62802028656,overlapping_buffers_not_additive,rescue_hz_001,横州市消防救援大队（横州站）,26349.516632029634,rescue_hz_001,横州市消防救援大队（横州站）,26349.516632029634,nanning_flood_20260706_0707,2026-07-07,dispatch_v3,074f2c6841becf074f14d90e06a2e9672972f1ec,POINT (109.098 22.8624)
gis_osm_places_free,<NA>,3910747353,village,settlements:gis_osm_places_free:3910747353:village,OGC:CRS84,450181,OpenStreetMap,real,kept,<NA>,平林,village,0,109.073,22.8718,,derived_from_source_layer_osm_id_fclass,smartbidata_task06_20260810,team_shared,team_shared_source,广西壮族自治区,南宁市,横州市,横州市,assigned_within,False,181.4188916924783,near_flood,potential_remote_sensing_assessment,within_500m_of_task20_new_flood_extent,2733.275668144226,overlapping_buffers_not_additive,rescue_hz_001,横州市消防救援大队（横州站）,28981.686894210492,rescue_hz_001,横州市消防救援大队（横州站）,28981.686894210492,nanning_flood_20260706_0707,2026-07-07,dispatch_v3,074f2c6841becf074f14d90e06a2e9672972f1ec,POINT (109.073 22.8718)
gis_osm_places_free,<NA>,3910747356,village,settlements:gis_osm_places_free:3910747356:village,OGC:CRS84,450181,OpenStreetMap,real,kept,<NA>,三联,village,0,109.1037663,22.9699968,,derived_from_source_layer_osm_id_fclass,smartbidata_task06_20260810,team_shared,team_shared_source,广西壮族自治区,南宁市,横州市,横州市,assigned_within,False,380.11743973665114,near_flood,potential_remote_sensing_assessment,within_500m_of_task20_new_flood_extent,1582.7773113250732,overlapping_buffers_not_additive,rescue_by_002,宾阳县黎塘消防救援站,24569.385903375773,rescue_by_002,宾阳县黎塘消防救援站,24569.385903375773,nanning_flood_20260706_0707,2026-07-07,dispatch_v3,074f2c6841becf074f14d90e06a2e9672972f1ec,POINT (109.103766 22.969997)
gis_osm_places_free,<NA>,3910748660,village,settlements:gis_osm_places_free:3910748660:village,OGC:CRS84,450181,OpenStreetMap,real,kept,<NA>,塘旺,village,0,109.08,22.9078,,derived_from_source_layer_osm_id_fclass,smartbidata_task06_20260810,team_shared,team_shared_source,广西壮族自治区,南宁市,横州市,横州市,assigned_within,False,446.62069975908094,near_flood,potential_remote_sensing_assessment,within_500m_of_task20_new_flood_extent,698.0266599655151,overlapping_buffers_not_additive,rescue_hz_001,横州市消防救援大队（横州站）,31151.252365799926,rescue_hz_001,横州市消防救援大队（横州站）,31151.252365799926,nanning_flood_20260706_0707,2026-07-07,dispatch_v3,074f2c6841becf074f14d90e06a2e9672972f1ec,POINT (109.08 22.9078)
gis_osm_places_free,<NA>,3910748663,village,settlements:gis_osm_places_free:3910748663:village,OGC:CRS84,450181,OpenStreetMap,real,kept,<NA>,榃桥,village,0,109.1660386,22.901617,,derived_from_source_layer_osm_id_fclass,smartbidata_task06_20260810,team_shared,team_shared_source,广西壮族自治区,南宁市,横州市,横州市,assigned_within,False,181.50288903047536,near_flood,potential_remote_sensing_assessment,within_500m_of_task20_new_flood_extent,1715.8194217681885,overlapping_buffers_not_additive,rescue_hz_001,横州市消防救援大队（横州站）,25196.68800692722,rescue_hz_001,横州市消防救援大队（横州站）,25196.68800692722,nanning_flood_20260706_0707,2026-07-07,dispatch_v3,074f2c6841becf074f14d90e06a2e9672972f1ec,POINT (109.166039 22.901617)
gis_osm_places_free,<NA>,3910748664,village,settlements:gis_osm_places_free:3910748664:village,OGC:CRS84,450181,OpenStreetMap,real,kept,<NA>,旺感新,village,0,109.101,22.8899,,derived_from_source_layer_osm_id_fclass,smartbidata_task06_20260810,team_shared,team_shared_source,广西壮族自治区,南宁市,横州市,横州市,assigned_within,False,40.640322405903035,near_flood,potential_remote_sensing_assessment,within_500m_of_task20_new_flood_extent,255.5940227508545,overlapping_buffers_not_additive,rescue_hz_001,横州市消防救援大队（横州站）,28228.4837670092,rescue_hz_001,横州市消防救援大队（横州站）,28228.4837670092,nanning_flood_20260706_0707,2026-07-07,dispatch_v3,074f2c6841becf074f14d90e06a2e9672972f1ec,POINT (109.101 22.8899)
gis_osm_places_free,<NA>,3910748665,village,settlements:gis_osm_places_free:3910748665:village,OGC:CRS84,450126,OpenStreetMap,real,kept,<NA>,旺龙,village,0,109.043,22.9637,,derived_from_source_layer_osm_id_fclass,smartbidata_task06_20260810,team_shared,team_shared_source,广西壮族自治区,南宁市,宾阳县,宾阳县,assigned_within,False,226.49252645108763,near_flood,potential_remote_sensing_assessment,within_500m_of_task20_new_flood_extent,79.48200702667236,overlapping_buffers_not_additive,rescue_by_002,宾阳县黎塘消防救援站,25211.068058710833,rescue_by_002,宾阳县黎塘消防救援站,25211.068058710833,nanning_flood_20260706_0707,2026-07-07,dispatch_v3,074f2c6841becf074f14d90e06a2e9672972f1ec,POINT (109.043 22.9637)
gis_osm_places_free,<NA>,3910748666,village,settlements:gis_osm_places_free:3910748666:village,OGC:CRS84,450181,OpenStreetMap,real,kept,<NA>,旺宅,village,0,109.1124289,22.9057304,,derived_from_source_layer_osm_id_fclass,smartbidata_task06_20260810,team_shared,team_shared_source,广西壮族自治区,南宁市,横州市,横州市,assigned_within,True,0.0,inside_flood,potential_remote_sensing_assessment,intersects_task20_new_flood_extent,767.8434190750122,overlapping_buffers_not_additive,rescue_hz_001,横州市消防救援大队（横州站）,28754.0279976579,rescue_hz_001,横州市消防救援大队（横州站）,28754.0279976579,nanning_flood_20260706_0707,2026-07-07,dispatch_v3,074f2c6841becf074f14d90e06a2e9672972f1ec,POINT (109.112429 22.90573)
gis_osm_places_free,<NA>,3910748669,village,settlements:gis_osm_places_free:3910748669:village,OGC:CRS84,450126,OpenStreetMap,real,kept,<NA>,新宁,village,0,109.051,22.9419,,derived_from_source_layer_osm_id_fclass,smartbidata_task06_20260810,team_shared,team_shared_source,广西壮族自治区,南宁市,宾阳县,宾阳县,assigned_within,False,413.70806817419617,near_flood,potential_remote_sensing_assessment,within_500m_of_task20_new_flood_extent,868.5779819488525,overlapping_buffers_not_additive,rescue_by_002,宾阳县黎塘消防救援站,27537.206407539914,rescue_by_002,宾阳县黎塘消防救援站,27537.206407539914,nanning_flood_20260706_0707,2026-07-07,dispatch_v3,074f2c6841becf074f14d90e06a2e9672972f1ec,POINT (109.051 22.9419)
gis_osm_places_free,<NA>,3910776758,village,settlements:gis_osm_places_free:3910776758:village,OGC:CRS84,450126,OpenStreetMap,real,kept,<NA>,长奎,village,0,109.085,23.0444,,derived_from_source_layer_osm_id_fclass,smartbidata_task06_20260810,team_shared,team_shared_source,广西壮族自治区,南宁市,宾阳县,宾阳县,assigned_within,False,26.62809660078784,near_flood,potential_remote_sensing_assessment,within_500m_of_task20_new_flood_extent,281.3721227645874,overlapping_buffers_not_additive,rescue_by_002,宾阳县黎塘消防救援站,16161.815707160998,rescue_by_002,宾阳县黎塘消防救援站,16161.815707160998,nanning_flood_20260706_0707,2026-07-07,dispatch_v3,074f2c6841becf074f14d90e06a2e9672972f1ec,POINT (109.085 23.0444)
gis_osm_places_free,<NA>,3910776759,village,settlements:gis_osm_places_free:3910776759:village,OGC:CRS84,450126,OpenStreetMap,real,kept,<NA>,大宋,village,0,109.025,23.0039,,derived_from_source_layer_osm_id_fclass,smartbidata_task06_20260810,team_shared,team_shared_source,广西壮族自治区,南宁市,宾阳县,宾阳县,assigned_within,False,54.75803833331701,near_flood,potential_remote_sensing_assessment,within_500m_of_task20_new_flood_extent,2367.7872314453125,overlapping_buffers_not_additive,rescue_by_002,宾阳县黎塘消防救援站,21130.35003105077,rescue_by_002,宾阳县黎塘消防救援站,21130.35003105077,nanning_flood_20260706_0707,2026-07-07,dispatch_v3,074f2c6841becf074f14d90e06a2e9672972f1ec,POINT (109.025 23.0039)
gis_osm_places_free,<NA>,3910776762,village,settlements:gis_osm_places_free:3910776762:village,OGC:CRS84,450126,OpenStreetMap,real,kept,<NA>,均圩,village,0,109.037,23.029,,derived_from_source_layer_osm_id_fclass,smartbidata_task06_20260810,team_shared,team_shared_source,广西壮族自治区,南宁市,宾阳县,宾阳县,assigned_within,False,350.36595424366106,near_flood,potential_remote_sensing_assessment,within_500m_of_task20_new_flood_extent,2347.196036338806,overlapping_buffers_not_additive,rescue_by_002,宾阳县黎塘消防救援站,18153.31463641907,rescue_by_002,宾阳县黎塘消防救援站,18153.31463641907,nanning_flood_20260706_0707,2026-07-07,dispatch_v3,074f2c6841becf074f14d90e06a2e9672972f1ec,POINT (109.037 23.029)
gis_osm_places_free,<NA>,3910776766,village,settlements:gis_osm_places_free:3910776766:village,OGC:CRS84,450126,OpenStreetMap,real,kept,<NA>,浪利,village,0,109.037,23.0019,,derived_from_source_layer_osm_id_fclass,smartbidata_task06_20260810,team_shared,team_shared_source,广西壮族自治区,南宁市,宾阳县,宾阳县,assigned_within,False,215.4412342383859,near_flood,potential_remote_sensing_assessment,within_500m_of_task20_new_flood_extent,1458.30224609375,overlapping_buffers_not_additive,rescue_by_002,宾阳县黎塘消防救援站,21106.716216117613,rescue_by_002,宾阳县黎塘消防救援站,21106.716216117613,nanning_flood_20260706_0707,2026-07-07,dispatch_v3,074f2c6841becf074f14d90e06a2e9672972f1ec,POINT (109.037 23.0019)
gis_osm_places_free,<NA>,3910776771,village,settlements:gis_osm_places_free:3910776771:village,OGC:CRS84,450126,OpenStreetMap,real,kept,<NA>,那笠,village,0,109.102,23.0619,,derived_from_source_layer_osm_id_fclass,smartbidata_task06_20260810,team_shared,team_shared_source,广西壮族自治区,南宁市,宾阳县,宾阳县,assigned_within,False,467.0367869187102,near_flood,potential_remote_sensing_assessment,within_500m_of_task20_new_flood_extent,0.0,overlapping_buffers_not_additive,rescue_by_002,宾阳县黎塘消防救援站,14505.054132752186,rescue_by_002,宾阳县黎塘消防救援站,14505.054132752186,nanning_flood_20260706_0707,2026-07-07,dispatch_v3,074f2c6841becf074f14d90e06a2e9672972f1ec,POINT (109.102 23.0619)
gis_osm_places_free,<NA>,3910776774,village,settlements:gis_osm_places_free:3910776774:village,OGC:CRS84,450126,OpenStreetMap,real,kept,<NA>,上塘,village,0,109.057,23.0255,,derived_from_source_layer_osm_id_fclass,smartbidata_task06_20260810,team_shared,team_shared_source,广西壮族自治区,南宁市,宾阳县,宾阳县,assigned_within,False,425.7233955876752,near_flood,potential_remote_sensing_assessment,within_500m_of_task20_new_flood_extent,2047.322289466858,overlapping_buffers_not_additive,rescue_by_002,宾阳县黎塘消防救援站,18255.541971824794,rescue_by_002,宾阳县黎塘消防救援站,18255.541971824794,nanning_flood_20260706_0707,2026-07-07,dispatch_v3,074f2c6841becf074f14d90e06a2e9672972f1ec,POINT (109.057 23.0255)
gis_osm_places_free,<NA>,3910776775,village,settlements:gis_osm_places_free:3910776775:village,OGC:CRS84,450126,OpenStreetMap,real,kept,<NA>,上学,village,0,109.075,23.025,,derived_from_source_layer_osm_id_fclass,smartbidata_task06_20260810,team_shared,team_shared_source,广西壮族自治区,南宁市,宾阳县,宾阳县,assigned_within,False,457.62874400213127,near_flood,potential_remote_sensing_assessment,within_500m_of_task20_new_flood_extent,1484.17427444458,overlapping_buffers_not_additive,rescue_by_002,宾阳县黎塘消防救援站,18254.867808394793,rescue_by_002,宾阳县黎塘消防救援站,18254.867808394793,nanning_flood_20260706_0707,2026-07-07,dispatch_v3,074f2c6841becf074f14d90e06a2e9672972f1ec,POINT (109.075 23.025)
gis_osm_places_free,<NA>,3910776776,village,settlements:gis_osm_places_free:3910776776:village,OGC:CRS84,450126,OpenStreetMap,real,kept,<NA>,田僚,village,0,109.117,23.0553,,derived_from_source_layer_osm_id_fclass,smartbidata_task06_20260810,team_shared,team_shared_source,广西壮族自治区,南宁市,宾阳县,宾阳县,assigned_within,False,161.88253164249778,near_flood,potential_remote_sensing_assessment,within_500m_of_task20_new_flood_extent,0.0,overlapping_buffers_not_additive,rescue_by_002,宾阳县黎塘消防救援站,15608.389398421301,rescue_by_002,宾阳县黎塘消防救援站,15608.389398421301,nanning_flood_20260706_0707,2026-07-07,dispatch_v3,074f2c6841becf074f14d90e06a2e9672972f1ec,POINT (109.117 23.0553)
gis_osm_places_free,<NA>,3910776779,village,settlements:gis_osm_places_free:3910776779:village,OGC:CRS84,450126,OpenStreetMap,real,kept,<NA>,亚伶,village,0,109.019,23.0283,,derived_from_source_layer_osm_id_fclass,smartbidata_task06_20260810,team_shared,team_shared_source,广西壮族自治区,南宁市,宾阳县,宾阳县,assigned_within,False,200.95684282867893,near_flood,potential_remote_sensing_assessment,within_500m_of_task20_new_flood_extent,1183.8644180297852,overlapping_buffers_not_additive,rescue_by_002,宾阳县黎塘消防救援站,18673.45712466905,rescue_by_002,宾阳县黎塘消防救援站,18673.45712466905,nanning_flood_20260706_0707,2026-07-07,dispatch_v3,074f2c6841becf074f14d90e06a2e9672972f1ec,POINT (109.019 23.0283)
gis_osm_places_free,<NA>,3910776781,village,settlements:gis_osm_places_free:3910776781:village,OGC:CRS84,450126,OpenStreetMap,real,kept,<NA>,周黎,village,0,109.0180665,23.0038091,,derived_from_source_layer_osm_id_fclass,smartbidata_task06_20260810,team_shared,team_shared_source,广西壮族自治区,南宁市,宾阳县,宾阳县,assigned_within,False,174.41613281158197,near_flood,potential_remote_sensing_assessment,within_500m_of_task20_new_flood_extent,2284.1258516311646,overlapping_buffers_not_additive,rescue_by_002,宾阳县黎塘消防救援站,21311.035644638952,rescue_by_002,宾阳县黎塘消防救援站,21311.035644638952,nanning_flood_20260706_0707,2026-07-07,dispatch_v3,074f2c6841becf074f14d90e06a2e9672972f1ec,POINT (109.018066 23.003809)
gis_osm_places_free,<NA>,3910898829,town,settlements:gis_osm_places_free:3910898829:town,OGC:CRS84,450181,OpenStreetMap,real,kept,<NA>,莲塘镇,town,0,109.1490532,22.7107598,,derived_from_source_layer_osm_id_fclass,smartbidata_task06_20260810,team_shared,team_shared_source,广西壮族自治区,南宁市,横州市,横州市,assigned_within,False,282.5945748985201,near_flood,potential_remote_sensing_assessment,within_500m_of_task20_new_flood_extent,6927.961320877075,overlapping_buffers_not_additive,rescue_hz_001,横州市消防救援大队（横州站）,14640.771679617596,rescue_hz_001,横州市消防救援大队（横州站）,14640.771679617596,nanning_flood_20260706_0707,2026-07-07,dispatch_v3,074f2c6841becf074f14d90e06a2e9672972f1ec,POINT (109.149053 22.71076)
gis_osm_places_free,<NA>,3910898837,village,settlements:gis_osm_places_free:3910898837:village,OGC:CRS84,450181,OpenStreetMap,real,kept,<NA>,马山,village,0,109.047,22.6831,,derived_from_source_layer_osm_id_fclass,smartbidata_task06_20260810,team_shared,team_shared_source,广西壮族自治区,南宁市,横州市,横州市,assigned_within,False,419.00897138695717,near_flood,potential_remote_sensing_assessment,within_500m_of_task20_new_flood_extent,1623.5322751998901,overlapping_buffers_not_additive,rescue_hz_001,横州市消防救援大队（横州站）,25245.127687272292,rescue_hz_001,横州市消防救援大队（横州站）,25245.127687272292,nanning_flood_20260706_0707,2026-07-07,dispatch_v3,074f2c6841becf074f14d90e06a2e9672972f1ec,POINT (109.047 22.6831)
gis_osm_places_free,<NA>,3910898841,village,settlements:gis_osm_places_free:3910898841:village,OGC:CRS84,450181,OpenStreetMap,real,kept,<NA>,平塘,village,0,109.0668742,22.6458913,,derived_from_source_layer_osm_id_fclass,smartbidata_task06_20260810,team_shared,team_shared_source,广西壮族自治区,南宁市,横州市,横州市,assigned_within,False,375.62113331802703,near_flood,potential_remote_sensing_assessment,within_500m_of_task20_new_flood_extent,183.13812637329102,overlapping_buffers_not_additive,rescue_hz_001,横州市消防救援大队（横州站）,24022.925782724735,rescue_hz_001,横州市消防救援大队（横州站）,24022.925782724735,nanning_flood_20260706_0707,2026-07-07,dispatch_v3,074f2c6841becf074f14d90e06a2e9672972f1ec,POINT (109.066874 22.645891)
gis_osm_places_free,<NA>,3910898854,village,settlements:gis_osm_places_free:3910898854:village,OGC:CRS84,450181,OpenStreetMap,real,kept,<NA>,新张,village,0,109.169,22.699,,derived_from_source_layer_osm_id_fclass,smartbidata_task06_20260810,team_shared,team_shared_source,广西壮族自治区,南宁市,横州市,横州市,assigned_within,False,354.29786624783435,near_flood,potential_remote_sensing_assessment,within_500m_of_task20_new_flood_extent,5406.296525001526,overlapping_buffers_not_additive,rescue_hz_001,横州市消防救援大队（横州站）,12608.342329429219,rescue_hz_001,横州市消防救援大队（横州站）,12608.342329429219,nanning_flood_20260706_0707,2026-07-07,dispatch_v3,074f2c6841becf074f14d90e06a2e9672972f1ec,POINT (109.169 22.699)
gis_osm_places_free,<NA>,3910898855,village,settlements:gis_osm_places_free:3910898855:village,OGC:CRS84,450181,OpenStreetMap,real,kept,<NA>,杨彭,village,0,109.171,22.6861,,derived_from_source_layer_osm_id_fclass,smartbidata_task06_20260810,team_shared,team_shared_source,广西壮族自治区,南宁市,横州市,横州市,assigned_within,False,210.36834656273012,near_flood,potential_remote_sensing_assessment,within_500m_of_task20_new_flood_extent,4318.147864341736,overlapping_buffers_not_additive,rescue_hz_001,横州市消防救援大队（横州站）,12575.945884426705,rescue_hz_001,横州市消防救援大队（横州站）,12575.945884426705,nanning_flood_20260706_0707,2026-07-07,dispatch_v3,074f2c6841becf074f14d90e06a2e9672972f1ec,POINT (109.171 22.6861)
gis_osm_places_free,<NA>,3910905260,village,settlements:gis_osm_places_free:3910905260:village,OGC:CRS84,450181,OpenStreetMap,real,kept,<NA>,青桐,village,0,109.1953163,22.8938404,,derived_from_source_layer_osm_id_fclass,smartbidata_task06_20260810,team_shared,team_shared_source,广西壮族自治区,南宁市,横州市,横州市,assigned_within,False,268.76613118354277,near_flood,potential_remote_sensing_assessment,within_500m_of_task20_new_flood_extent,4712.707962989807,overlapping_buffers_not_additive,rescue_hz_001,横州市消防救援大队（横州站）,23020.44469875545,rescue_hz_001,横州市消防救援大队（横州站）,23020.44469875545,nanning_flood_20260706_0707,2026-07-07,dispatch_v3,074f2c6841becf074f14d90e06a2e9672972f1ec,POINT (109.195316 22.89384)
gis_osm_places_free,<NA>,4425309435,hamlet,settlements:gis_osm_places_free:4425309435:hamlet,OGC:CRS84,450126,OpenStreetMap,real,kept,<NA>,,hamlet,0,109.2055566,23.294651,,derived_from_source_layer_osm_id_fclass,smartbidata_task06_20260810,team_shared,team_shared_source,广西壮族自治区,南宁市,宾阳县,宾阳县,assigned_within,False,165.36129973450159,near_flood,potential_remote_sensing_assessment,within_500m_of_task20_new_flood_extent,1084.2735786437988,overlapping_buffers_not_additive,rescue_by_002,宾阳县黎塘消防救援站,17983.93353526817,rescue_by_002,宾阳县黎塘消防救援站,17983.93353526817,nanning_flood_20260706_0707,2026-07-07,dispatch_v3,074f2c6841becf074f14d90e06a2e9672972f1ec,POINT (109.205557 23.294651)
gis_osm_places_free,<NA>,4425309483,hamlet,settlements:gis_osm_places_free:4425309483:hamlet,OGC:CRS84,450126,OpenStreetMap,real,kept,<NA>,,hamlet,0,109.1401107,23.2774247,,derived_from_source_layer_osm_id_fclass,smartbidata_task06_20260810,team_shared,team_shared_source,广西壮族自治区,南宁市,宾阳县,宾阳县,assigned_within,False,169.06277559359438,near_flood,potential_remote_sensing_assessment,within_500m_of_task20_new_flood_extent,2311.3614597320557,overlapping_buffers_not_additive,rescue_by_002,宾阳县黎塘消防救援站,11991.233886570686,rescue_by_002,宾阳县黎塘消防救援站,11991.233886570686,nanning_flood_20260706_0707,2026-07-07,dispatch_v3,074f2c6841becf074f14d90e06a2e9672972f1ec,POINT (109.140111 23.277425)
gis_osm_places_free,<NA>,4425310426,village,settlements:gis_osm_places_free:4425310426:village,OGC:CRS84,450126,OpenStreetMap,real,kept,<NA>,龙母,village,0,109.0393476,23.1252652,,derived_from_source_layer_osm_id_fclass,smartbidata_task06_20260810,team_shared,team_shared_source,广西壮族自治区,南宁市,宾阳县,宾阳县,assigned_within,False,211.93464723617936,near_flood,potential_remote_sensing_assessment,within_500m_of_task20_new_flood_extent,2405.165389060974,overlapping_buffers_not_additive,rescue_by_002,宾阳县黎塘消防救援站,7860.659963625831,rescue_by_002,宾阳县黎塘消防救援站,7860.659963625831,nanning_flood_20260706_0707,2026-07-07,dispatch_v3,074f2c6841becf074f14d90e06a2e9672972f1ec,POINT (109.039348 23.125265)
gis_osm_places_free,<NA>,4425310654,village,settlements:gis_osm_places_free:4425310654:village,OGC:CRS84,450126,OpenStreetMap,real,kept,<NA>,伶俐,village,0,109.1468913,23.26666,,derived_from_source_layer_osm_id_fclass,smartbidata_task06_20260810,team_shared,team_shared_source,广西壮族自治区,南宁市,宾阳县,宾阳县,assigned_within,False,417.84313290175936,near_flood,potential_remote_sensing_assessment,within_500m_of_task20_new_flood_extent,1773.3896789550781,overlapping_buffers_not_additive,rescue_by_002,宾阳县黎塘消防救援站,11500.902523120618,rescue_by_002,宾阳县黎塘消防救援站,11500.902523120618,nanning_flood_20260706_0707,2026-07-07,dispatch_v3,074f2c6841becf074f14d90e06a2e9672972f1ec,POINT (109.146891 23.26666)
gis_osm_places_free,<NA>,4425310821,hamlet,settlements:gis_osm_places_free:4425310821:hamlet,OGC:CRS84,450126,OpenStreetMap,real,kept,<NA>,,hamlet,0,109.1600663,23.2784082,,derived_from_source_layer_osm_id_fclass,smartbidata_task06_20260810,team_shared,team_shared_source,广西壮族自治区,南宁市,宾阳县,宾阳县,assigned_within,False,246.33698566171168,near_flood,potential_remote_sensing_assessment,within_500m_of_task20_new_flood_extent,1601.882061958313,overlapping_buffers_not_additive,rescue_by_002,宾阳县黎塘消防救援站,13370.823991438623,rescue_by_002,宾阳县黎塘消防救援站,13370.823991438623,nanning_flood_20260706_0707,2026-07-07,dispatch_v3,074f2c6841becf074f14d90e06a2e9672972f1ec,POINT (109.160066 23.278408)
gis_osm_places_free,<NA>,4425310848,hamlet,settlements:gis_osm_places_free:4425310848:hamlet,OGC:CRS84,450126,OpenStreetMap,real,kept,<NA>,,hamlet,0,109.1640145,23.2684736,,derived_from_source_layer_osm_id_fclass,smartbidata_task06_20260810,team_shared,team_shared_source,广西壮族自治区,南宁市,宾阳县,宾阳县,assigned_within,False,210.6987052572402,near_flood,potential_remote_sensing_assessment,within_500m_of_task20_new_flood_extent,1412.8430166244507,overlapping_buffers_not_additive,rescue_by_002,宾阳县黎塘消防救援站,12878.538902194303,rescue_by_002,宾阳县黎塘消防救援站,12878.538902194303,nanning_flood_20260706_0707,2026-07-07,dispatch_v3,074f2c6841becf074f14d90e06a2e9672972f1ec,POINT (109.164014 23.268474)
gis_osm_places_free,<NA>,4488506736,village,settlements:gis_osm_places_free:4488506736:village,OGC:CRS84,450181,OpenStreetMap,real,kept,<NA>,六凤,village,0,109.25,22.7603,,derived_from_source_layer_osm_id_fclass,smartbidata_task06_20260810,team_shared,team_shared_source,广西壮族自治区,南宁市,横州市,横州市,assigned_within,False,2.5130431370016466,near_flood,potential_remote_sensing_assessment,within_500m_of_task20_new_flood_extent,4033.0263090133667,overlapping_buffers_not_additive,rescue_hz_001,横州市消防救援大队（横州站）,7361.642575774112,rescue_hz_001,横州市消防救援大队（横州站）,7361.642575774112,nanning_flood_20260706_0707,2026-07-07,dispatch_v3,074f2c6841becf074f14d90e06a2e9672972f1ec,POINT (109.25 22.7603)
gis_osm_places_free,<NA>,4488506737,village,settlements:gis_osm_places_free:4488506737:village,OGC:CRS84,450181,OpenStreetMap,real,kept,<NA>,石井,village,0,109.242,22.7783,,derived_from_source_layer_osm_id_fclass,smartbidata_task06_20260810,team_shared,team_shared_source,广西壮族自治区,南宁市,横州市,横州市,assigned_within,False,42.76931915432981,near_flood,potential_remote_sensing_assessment,within_500m_of_task20_new_flood_extent,3746.598822593689,overlapping_buffers_not_additive,rescue_hz_001,横州市消防救援大队（横州站）,9475.267622479578,rescue_hz_001,横州市消防救援大队（横州站）,9475.267622479578,nanning_flood_20260706_0707,2026-07-07,dispatch_v3,074f2c6841becf074f14d90e06a2e9672972f1ec,POINT (109.242 22.7783)
gis_osm_places_free,<NA>,4806284892,city,settlements:gis_osm_places_free:4806284892:city,OGC:CRS84,450181,OpenStreetMap,real,kept,<NA>,横州市,city,189700,109.2575901,22.6833211,,derived_from_source_layer_osm_id_fclass,smartbidata_task06_20260810,team_shared,team_shared_source,广西壮族自治区,南宁市,横州市,横州市,assigned_within,False,157.17657128038093,near_flood,potential_remote_sensing_assessment,within_500m_of_task20_new_flood_extent,11629.943265914917,overlapping_buffers_not_additive,rescue_hz_001,横州市消防救援大队（横州站）,4303.725299703506,rescue_hz_001,横州市消防救援大队（横州站）,4303.725299703506,nanning_flood_20260706_0707,2026-07-07,dispatch_v3,074f2c6841becf074f14d90e06a2e9672972f1ec,POINT (109.25759 22.683321)
gis_osm_places_free,<NA>,5083869158,village,settlements:gis_osm_places_free:5083869158:village,OGC:CRS84,450126,OpenStreetMap,real,kept,<NA>,大庄,village,0,108.9500644,23.1303227,,derived_from_source_layer_osm_id_fclass,smartbidata_task06_20260810,team_shared,team_shared_source,广西壮族自治区,南宁市,宾阳县,宾阳县,assigned_within,False,475.1186675339803,near_flood,potential_remote_sensing_assessment,within_500m_of_task20_new_flood_extent,1510.305666923523,overlapping_buffers_not_additive,rescue_by_002,宾阳县黎塘消防救援站,14057.205456903257,rescue_by_002,宾阳县黎塘消防救援站,14057.205456903257,nanning_flood_20260706_0707,2026-07-07,dispatch_v3,074f2c6841becf074f14d90e06a2e9672972f1ec,POINT (108.950064 23.130323)
gis_osm_places_free,<NA>,5083869163,town,settlements:gis_osm_places_free:5083869163:town,OGC:CRS84,450126,OpenStreetMap,real,kept,<NA>,中华镇,town,0,108.941655,23.1357384,,derived_from_source_layer_osm_id_fclass,smartbidata_task06_20260810,team_shared,team_shared_source,广西壮族自治区,南宁市,宾阳县,宾阳县,assigned_within,False,467.9249575720393,near_flood,potential_remote_sensing_assessment,within_500m_of_task20_new_flood_extent,1710.5555019378662,overlapping_buffers_not_additive,rescue_by_002,宾阳县黎塘消防救援站,14566.481161227897,rescue_by_002,宾阳县黎塘消防救援站,14566.481161227897,nanning_flood_20260706_0707,2026-07-07,dispatch_v3,074f2c6841becf074f14d90e06a2e9672972f1ec,POINT (108.941655 23.135738)
gis_osm_places_free,<NA>,5084229560,village,settlements:gis_osm_places_free:5084229560:village,OGC:CRS84,450126,OpenStreetMap,real,kept,<NA>,富都,village,0,109.024,23.0893,,derived_from_source_layer_osm_id_fclass,smartbidata_task06_20260810,team_shared,team_shared_source,广西壮族自治区,南宁市,宾阳县,宾阳县,assigned_within,False,188.4194237994483,near_flood,potential_remote_sensing_assessment,within_500m_of_task20_new_flood_extent,958.7004241943359,overlapping_buffers_not_additive,rescue_by_002,宾阳县黎塘消防救援站,12139.885563896316,rescue_by_002,宾阳县黎塘消防救援站,12139.885563896316,nanning_flood_20260706_0707,2026-07-07,dispatch_v3,074f2c6841becf074f14d90e06a2e9672972f1ec,POINT (109.024 23.0893)
gis_osm_places_free,<NA>,5084229561,village,settlements:gis_osm_places_free:5084229561:village,OGC:CRS84,450126,OpenStreetMap,real,kept,<NA>,龙额,village,0,109.027,23.08,,derived_from_source_layer_osm_id_fclass,smartbidata_task06_20260810,team_shared,team_shared_source,广西壮族自治区,南宁市,宾阳县,宾阳县,assigned_within,False,19.72774232768059,near_flood,potential_remote_sensing_assessment,within_500m_of_task20_new_flood_extent,1217.1199417114258,overlapping_buffers_not_additive,rescue_by_002,宾阳县黎塘消防救援站,12980.110214119954,rescue_by_002,宾阳县黎塘消防救援站,12980.110214119954,nanning_flood_20260706_0707,2026-07-07,dispatch_v3,074f2c6841becf074f14d90e06a2e9672972f1ec,POINT (109.027 23.08)
gis_osm_places_free,<NA>,5084229563,village,settlements:gis_osm_places_free:5084229563:village,OGC:CRS84,450126,OpenStreetMap,real,kept,<NA>,那庙,village,0,109.0327424,23.0780972,,derived_from_source_layer_osm_id_fclass,smartbidata_task06_20260810,team_shared,team_shared_source,广西壮族自治区,南宁市,宾阳县,宾阳县,assigned_within,False,273.33306920610835,near_flood,potential_remote_sensing_assessment,within_500m_of_task20_new_flood_extent,1140.0226287841797,overlapping_buffers_not_additive,rescue_by_002,宾阳县黎塘消防救援站,12986.664474039893,rescue_by_002,宾阳县黎塘消防救援站,12986.664474039893,nanning_flood_20260706_0707,2026-07-07,dispatch_v3,074f2c6841becf074f14d90e06a2e9672972f1ec,POINT (109.032742 23.078097)
gis_osm_places_free,<NA>,5084229564,village,settlements:gis_osm_places_free:5084229564:village,OGC:CRS84,450126,OpenStreetMap,real,kept,<NA>,潘元,village,0,109.0231717,23.0788896,,derived_from_source_layer_osm_id_fclass,smartbidata_task06_20260810,team_shared,team_shared_source,广西壮族自治区,南宁市,宾阳县,宾阳县,assigned_within,False,290.3400720080753,near_flood,potential_remote_sensing_assessment,within_500m_of_task20_new_flood_extent,1102.2722034454346,overlapping_buffers_not_additive,rescue_by_002,宾阳县黎塘消防救援站,13236.603691350365,rescue_by_002,宾阳县黎塘消防救援站,13236.603691350365,nanning_flood_20260706_0707,2026-07-07,dispatch_v3,074f2c6841becf074f14d90e06a2e9672972f1ec,POINT (109.023172 23.07889)
gis_osm_places_free,<NA>,5084229565,village,settlements:gis_osm_places_free:5084229565:village,OGC:CRS84,450126,OpenStreetMap,real,kept,<NA>,义合,village,0,109.00503,23.0787579,,derived_from_source_layer_osm_id_fclass,smartbidata_task06_20260810,team_shared,team_shared_source,广西壮族自治区,南宁市,宾阳县,宾阳县,assigned_within,False,268.95912651807987,near_flood,potential_remote_sensing_assessment,within_500m_of_task20_new_flood_extent,1097.91965675354,overlapping_buffers_not_additive,rescue_by_002,宾阳县黎塘消防救援站,14048.542709330148,rescue_by_002,宾阳县黎塘消防救援站,14048.542709330148,nanning_flood_20260706_0707,2026-07-07,dispatch_v3,074f2c6841becf074f14d90e06a2e9672972f1ec,POINT (109.00503 23.078758)
gis_osm_places_free,<NA>,5084352462,village,settlements:gis_osm_places_free:5084352462:village,OGC:CRS84,450126,OpenStreetMap,real,kept,<NA>,莲花,village,0,109.0572221,23.2455702,,derived_from_source_layer_osm_id_fclass,smartbidata_task06_20260810,team_shared,team_shared_source,广西壮族自治区,南宁市,宾阳县,宾阳县,assigned_within,False,394.79152554886224,near_flood,potential_remote_sensing_assessment,within_500m_of_task20_new_flood_extent,2811.5082778930664,overlapping_buffers_not_additive,rescue_by_002,宾阳县黎塘消防救援站,6354.773472047124,rescue_by_002,宾阳县黎塘消防救援站,6354.773472047124,nanning_flood_20260706_0707,2026-07-07,dispatch_v3,074f2c6841becf074f14d90e06a2e9672972f1ec,POINT (109.057222 23.24557)
gis_osm_places_free,<NA>,5084352463,village,settlements:gis_osm_places_free:5084352463:village,OGC:CRS84,450126,OpenStreetMap,real,kept,<NA>,龙公,village,0,109.055,23.213,,derived_from_source_layer_osm_id_fclass,smartbidata_task06_20260810,team_shared,team_shared_source,广西壮族自治区,南宁市,宾阳县,宾阳县,assigned_within,True,0.0,inside_flood,potential_remote_sensing_assessment,intersects_task20_new_flood_extent,2673.365940093994,overlapping_buffers_not_additive,rescue_by_002,宾阳县黎塘消防救援站,3076.8334580342917,rescue_by_002,宾阳县黎塘消防救援站,3076.8334580342917,nanning_flood_20260706_0707,2026-07-07,dispatch_v3,074f2c6841becf074f14d90e06a2e9672972f1ec,POINT (109.055 23.213)
gis_osm_places_free,<NA>,5084352464,village,settlements:gis_osm_places_free:5084352464:village,OGC:CRS84,450126,OpenStreetMap,real,kept,<NA>,青草,village,0,109.0850476,23.1613727,,derived_from_source_layer_osm_id_fclass,smartbidata_task06_20260810,team_shared,team_shared_source,广西壮族自治区,南宁市,宾阳县,宾阳县,assigned_within,False,66.85180052141463,near_flood,potential_remote_sensing_assessment,within_500m_of_task20_new_flood_extent,2691.813744544983,overlapping_buffers_not_additive,rescue_by_002,宾阳县黎塘消防救援站,3437.9773373228813,rescue_by_002,宾阳县黎塘消防救援站,3437.9773373228813,nanning_flood_20260706_0707,2026-07-07,dispatch_v3,074f2c6841becf074f14d90e06a2e9672972f1ec,POINT (109.085048 23.161373)
gis_osm_places_free,<NA>,5084352466,village,settlements:gis_osm_places_free:5084352466:village,OGC:CRS84,450126,OpenStreetMap,real,kept,<NA>,吴江,village,0,109.065,23.2147,,derived_from_source_layer_osm_id_fclass,smartbidata_task06_20260810,team_shared,team_shared_source,广西壮族自治区,南宁市,宾阳县,宾阳县,assigned_within,True,0.0,inside_flood,potential_remote_sensing_assessment,intersects_task20_new_flood_extent,2813.4013500213623,overlapping_buffers_not_additive,rescue_by_002,宾阳县黎塘消防救援站,2843.1280540367807,rescue_by_002,宾阳县黎塘消防救援站,2843.1280540367807,nanning_flood_20260706_0707,2026-07-07,dispatch_v3,074f2c6841becf074f14d90e06a2e9672972f1ec,POINT (109.065 23.2147)
gis_osm_places_free,<NA>,5084352467,village,settlements:gis_osm_places_free:5084352467:village,OGC:CRS84,450126,OpenStreetMap,real,kept,<NA>,细江,village,0,109.059,23.2224,,derived_from_source_layer_osm_id_fclass,smartbidata_task06_20260810,team_shared,team_shared_source,广西壮族自治区,南宁市,宾阳县,宾阳县,assigned_within,False,46.14568120002243,near_flood,potential_remote_sensing_assessment,within_500m_of_task20_new_flood_extent,1619.0981855392456,overlapping_buffers_not_additive,rescue_by_002,宾阳县黎塘消防救援站,3835.8871206956737,rescue_by_002,宾阳县黎塘消防救援站,3835.8871206956737,nanning_flood_20260706_0707,2026-07-07,dispatch_v3,074f2c6841becf074f14d90e06a2e9672972f1ec,POINT (109.059 23.2224)
gis_osm_places_free,<NA>,5084352468,village,settlements:gis_osm_places_free:5084352468:village,OGC:CRS84,450126,OpenStreetMap,real,kept,<NA>,新兴,village,0,109.037,23.1257,,derived_from_source_layer_osm_id_fclass,smartbidata_task06_20260810,team_shared,team_shared_source,广西壮族自治区,南宁市,宾阳县,宾阳县,assigned_within,False,195.1401298621416,near_flood,potential_remote_sensing_assessment,within_500m_of_task20_new_flood_extent,2491.351369857788,overlapping_buffers_not_additive,rescue_by_002,宾阳县黎塘消防救援站,7920.812276670723,rescue_by_002,宾阳县黎塘消防救援站,7920.812276670723,nanning_flood_20260706_0707,2026-07-07,dispatch_v3,074f2c6841becf074f14d90e06a2e9672972f1ec,POINT (109.037 23.1257)
gis_osm_places_free,<NA>,5084418287,village,settlements:gis_osm_places_free:5084418287:village,OGC:CRS84,450126,OpenStreetMap,real,kept,<NA>,安城,village,0,109.104,23.2118,,derived_from_source_layer_osm_id_fclass,smartbidata_task06_20260810,team_shared,team_shared_source,广西壮族自治区,南宁市,宾阳县,宾阳县,assigned_within,False,182.54477255073118,near_flood,potential_remote_sensing_assessment,within_500m_of_task20_new_flood_extent,3257.6551942825317,overlapping_buffers_not_additive,rescue_by_002,宾阳县黎塘消防救援站,4134.743262964187,rescue_by_002,宾阳县黎塘消防救援站,4134.743262964187,nanning_flood_20260706_0707,2026-07-07,dispatch_v3,074f2c6841becf074f14d90e06a2e9672972f1ec,POINT (109.104 23.2118)
gis_osm_places_free,<NA>,5084418291,village,settlements:gis_osm_places_free:5084418291:village,OGC:CRS84,450126,OpenStreetMap,real,kept,<NA>,老石碑,village,0,109.123,23.2658,,derived_from_source_layer_osm_id_fclass,smartbidata_task06_20260810,team_shared,team_shared_source,广西壮族自治区,南宁市,宾阳县,宾阳县,assigned_within,False,237.98365884428395,near_flood,potential_remote_sensing_assessment,within_500m_of_task20_new_flood_extent,1654.4307413101196,overlapping_buffers_not_additive,rescue_by_002,宾阳县黎塘消防救援站,9944.044040412758,rescue_by_002,宾阳县黎塘消防救援站,9944.044040412758,nanning_flood_20260706_0707,2026-07-07,dispatch_v3,074f2c6841becf074f14d90e06a2e9672972f1ec,POINT (109.123 23.2658)
gis_osm_places_free,<NA>,5084418292,village,settlements:gis_osm_places_free:5084418292:village,OGC:CRS84,450126,OpenStreetMap,real,kept,<NA>,凌村,village,0,109.143,23.2379,,derived_from_source_layer_osm_id_fclass,smartbidata_task06_20260810,team_shared,team_shared_source,广西壮族自治区,南宁市,宾阳县,宾阳县,assigned_within,False,108.28284565435476,near_flood,potential_remote_sensing_assessment,within_500m_of_task20_new_flood_extent,2696.8639602661133,overlapping_buffers_not_additive,rescue_by_002,宾阳县黎塘消防救援站,9062.396338881244,rescue_by_002,宾阳县黎塘消防救援站,9062.396338881244,nanning_flood_20260706_0707,2026-07-07,dispatch_v3,074f2c6841becf074f14d90e06a2e9672972f1ec,POINT (109.143 23.2379)
gis_osm_places_free,<NA>,5084418293,village,settlements:gis_osm_places_free:5084418293:village,OGC:CRS84,450126,OpenStreetMap,real,kept,<NA>,岭甲,village,0,109.067,23.2438,,derived_from_source_layer_osm_id_fclass,smartbidata_task06_20260810,team_shared,team_shared_source,广西壮族自治区,南宁市,宾阳县,宾阳县,assigned_within,False,441.5452618364627,near_flood,potential_remote_sensing_assessment,within_500m_of_task20_new_flood_extent,1967.1483764648438,overlapping_buffers_not_additive,rescue_by_002,宾阳县黎塘消防救援站,6007.532313854242,rescue_by_002,宾阳县黎塘消防救援站,6007.532313854242,nanning_flood_20260706_0707,2026-07-07,dispatch_v3,074f2c6841becf074f14d90e06a2e9672972f1ec,POINT (109.067 23.2438)
gis_osm_places_free,<NA>,5084418294,village,settlements:gis_osm_places_free:5084418294:village,OGC:CRS84,450126,OpenStreetMap,real,kept,<NA>,帽子,village,0,109.142,23.2256,,derived_from_source_layer_osm_id_fclass,smartbidata_task06_20260810,team_shared,team_shared_source,广西壮族自治区,南宁市,宾阳县,宾阳县,assigned_within,False,115.77950901008649,near_flood,potential_remote_sensing_assessment,within_500m_of_task20_new_flood_extent,4647.8062200546265,overlapping_buffers_not_additive,rescue_by_002,宾阳县黎塘消防救援站,8243.466096218852,rescue_by_002,宾阳县黎塘消防救援站,8243.466096218852,nanning_flood_20260706_0707,2026-07-07,dispatch_v3,074f2c6841becf074f14d90e06a2e9672972f1ec,POINT (109.142 23.2256)
gis_osm_places_free,<NA>,5084418295,village,settlements:gis_osm_places_free:5084418295:village,OGC:CRS84,450126,OpenStreetMap,real,kept,<NA>,平龙,village,0,109.121,23.2136,,derived_from_source_layer_osm_id_fclass,smartbidata_task06_20260810,team_shared,team_shared_source,广西壮族自治区,南宁市,宾阳县,宾阳县,assigned_within,False,362.54791362679845,near_flood,potential_remote_sensing_assessment,within_500m_of_task20_new_flood_extent,9461.896458625793,overlapping_buffers_not_additive,rescue_by_002,宾阳县黎塘消防救援站,5721.630541852229,rescue_by_002,宾阳县黎塘消防救援站,5721.630541852229,nanning_flood_20260706_0707,2026-07-07,dispatch_v3,074f2c6841becf074f14d90e06a2e9672972f1ec,POINT (109.121 23.2136)
gis_osm_places_free,<NA>,5084418296,village,settlements:gis_osm_places_free:5084418296:village,OGC:CRS84,450126,OpenStreetMap,real,kept,<NA>,桥亮,village,0,109.13,23.2555,,derived_from_source_layer_osm_id_fclass,smartbidata_task06_20260810,team_shared,team_shared_source,广西壮族自治区,南宁市,宾阳县,宾阳县,assigned_within,False,187.89420891504912,near_flood,potential_remote_sensing_assessment,within_500m_of_task20_new_flood_extent,2493.168906211853,overlapping_buffers_not_additive,rescue_by_002,宾阳县黎塘消防救援站,9435.258019275883,rescue_by_002,宾阳县黎塘消防救援站,9435.258019275883,nanning_flood_20260706_0707,2026-07-07,dispatch_v3,074f2c6841becf074f14d90e06a2e9672972f1ec,POINT (109.13 23.2555)
gis_osm_places_free,<NA>,5084418297,village,settlements:gis_osm_places_free:5084418297:village,OGC:CRS84,450126,OpenStreetMap,real,kept,<NA>,鸵山,village,0,109.081,23.2464,,derived_from_source_layer_osm_id_fclass,smartbidata_task06_20260810,team_shared,team_shared_source,广西壮族自治区,南宁市,宾阳县,宾阳县,assigned_within,False,458.856895104276,near_flood,potential_remote_sensing_assessment,within_500m_of_task20_new_flood_extent,1300.7922897338867,overlapping_buffers_not_additive,rescue_by_002,宾阳县黎塘消防救援站,6354.745909016989,rescue_by_002,宾阳县黎塘消防救援站,6354.745909016989,nanning_flood_20260706_0707,2026-07-07,dispatch_v3,074f2c6841becf074f14d90e06a2e9672972f1ec,POINT (109.081 23.2464)
gis_osm_places_free,<NA>,5084418299,village,settlements:gis_osm_places_free:5084418299:village,OGC:CRS84,450126,OpenStreetMap,real,kept,<NA>,新马香,village,0,109.128,23.2455,,derived_from_source_layer_osm_id_fclass,smartbidata_task06_20260810,team_shared,team_shared_source,广西壮族自治区,南宁市,宾阳县,宾阳县,assigned_within,False,304.70301542710257,near_flood,potential_remote_sensing_assessment,within_500m_of_task20_new_flood_extent,2782.7445335388184,overlapping_buffers_not_additive,rescue_by_002,宾阳县黎塘消防救援站,8467.344226153746,rescue_by_002,宾阳县黎塘消防救援站,8467.344226153746,nanning_flood_20260706_0707,2026-07-07,dispatch_v3,074f2c6841becf074f14d90e06a2e9672972f1ec,POINT (109.128 23.2455)
gis_osm_places_free,<NA>,5084418300,village,settlements:gis_osm_places_free:5084418300:village,OGC:CRS84,450126,OpenStreetMap,real,kept,<NA>,鸦鸟,village,0,109.117,23.2631,,derived_from_source_layer_osm_id_fclass,smartbidata_task06_20260810,team_shared,team_shared_source,广西壮族自治区,南宁市,宾阳县,宾阳县,assigned_within,False,25.765895137550867,near_flood,potential_remote_sensing_assessment,within_500m_of_task20_new_flood_extent,1364.8588819503784,overlapping_buffers_not_additive,rescue_by_002,宾阳县黎塘消防救援站,9371.728811116345,rescue_by_002,宾阳县黎塘消防救援站,9371.728811116345,nanning_flood_20260706_0707,2026-07-07,dispatch_v3,074f2c6841becf074f14d90e06a2e9672972f1ec,POINT (109.117 23.2631)
gis_osm_places_free,<NA>,5084418301,village,settlements:gis_osm_places_free:5084418301:village,OGC:CRS84,450126,OpenStreetMap,real,kept,<NA>,燕山,village,0,109.159,23.2326,,derived_from_source_layer_osm_id_fclass,smartbidata_task06_20260810,team_shared,team_shared_source,广西壮族自治区,南宁市,宾阳县,宾阳县,assigned_within,False,149.6681409495245,near_flood,potential_remote_sensing_assessment,within_500m_of_task20_new_flood_extent,3916.190176010132,overlapping_buffers_not_additive,rescue_by_002,宾阳县黎塘消防救援站,10142.354706108425,rescue_by_002,宾阳县黎塘消防救援站,10142.354706108425,nanning_flood_20260706_0707,2026-07-07,dispatch_v3,074f2c6841becf074f14d90e06a2e9672972f1ec,POINT (109.159 23.2326)
gis_osm_places_free,<NA>,5084418302,village,settlements:gis_osm_places_free:5084418302:village,OGC:CRS84,450126,OpenStreetMap,real,kept,<NA>,姚村,village,0,109.128,23.2242,,derived_from_source_layer_osm_id_fclass,smartbidata_task06_20260810,team_shared,team_shared_source,广西壮族自治区,南宁市,宾阳县,宾阳县,assigned_within,False,257.6532272799625,near_flood,potential_remote_sensing_assessment,within_500m_of_task20_new_flood_extent,5120.155267715454,overlapping_buffers_not_additive,rescue_by_002,宾阳县黎塘消防救援站,6935.902042567704,rescue_by_002,宾阳县黎塘消防救援站,6935.902042567704,nanning_flood_20260706_0707,2026-07-07,dispatch_v3,074f2c6841becf074f14d90e06a2e9672972f1ec,POINT (109.128 23.2242)
gis_osm_places_free,<NA>,5084418303,village,settlements:gis_osm_places_free:5084418303:village,OGC:CRS84,450126,OpenStreetMap,real,kept,<NA>,志广,village,0,109.163,23.2433,,derived_from_source_layer_osm_id_fclass,smartbidata_task06_20260810,team_shared,team_shared_source,广西壮族自治区,南宁市,宾阳县,宾阳县,assigned_within,False,283.6364162439468,near_flood,potential_remote_sensing_assessment,within_500m_of_task20_new_flood_extent,2658.5544424057007,overlapping_buffers_not_additive,rescue_by_002,宾阳县黎塘消防救援站,11091.893443560783,rescue_by_002,宾阳县黎塘消防救援站,11091.893443560783,nanning_flood_20260706_0707,2026-07-07,dispatch_v3,074f2c6841becf074f14d90e06a2e9672972f1ec,POINT (109.163 23.2433)
gis_osm_places_free,<NA>,5126373871,village,settlements:gis_osm_places_free:5126373871:village,OGC:CRS84,450125,OpenStreetMap,real,kept,<NA>,大韦,village,0,108.6722039,23.3123927,,derived_from_source_layer_osm_id_fclass,smartbidata_task06_20260810,team_shared,team_shared_source,广西壮族自治区,南宁市,上林县,上林县,assigned_within,False,385.2815778149474,near_flood,potential_remote_sensing_assessment,within_500m_of_task20_new_flood_extent,2115.488121986389,overlapping_buffers_not_additive,rescue_by_001,宾阳县应急救援队,16887.357422035002,rescue_by_001,宾阳县应急救援队,16887.357422035002,nanning_flood_20260706_0707,2026-07-07,dispatch_v3,074f2c6841becf074f14d90e06a2e9672972f1ec,POINT (108.672204 23.312393)
gis_osm_places_free,<NA>,5126373874,village,settlements:gis_osm_places_free:5126373874:village,OGC:CRS84,450125,OpenStreetMap,real,kept,<NA>,芦荻,village,0,108.6835769,23.3133303,,derived_from_source_layer_osm_id_fclass,smartbidata_task06_20260810,team_shared,team_shared_source,广西壮族自治区,南宁市,上林县,上林县,assigned_within,False,1.8256789725271174,near_flood,potential_remote_sensing_assessment,within_500m_of_task20_new_flood_extent,1166.4811220169067,overlapping_buffers_not_additive,rescue_by_001,宾阳县应急救援队,15931.642652368828,rescue_by_001,宾阳县应急救援队,15931.642652368828,nanning_flood_20260706_0707,2026-07-07,dispatch_v3,074f2c6841becf074f14d90e06a2e9672972f1ec,POINT (108.683577 23.31333)
gis_osm_places_free,<NA>,5126500836,town,settlements:gis_osm_places_free:5126500836:town,OGC:CRS84,450126,OpenStreetMap,real,kept,<NA>,大桥镇,town,0,108.9218467,23.2047943,,derived_from_source_layer_osm_id_fclass,smartbidata_task06_20260810,team_shared,team_shared_source,广西壮族自治区,南宁市,宾阳县,宾阳县,assigned_within,False,269.41933664728913,near_flood,potential_remote_sensing_assessment,within_500m_of_task20_new_flood_extent,4888.372199058533,overlapping_buffers_not_additive,rescue_by_001,宾阳县应急救援队,11384.714819555446,rescue_by_001,宾阳县应急救援队,11384.714819555446,nanning_flood_20260706_0707,2026-07-07,dispatch_v3,074f2c6841becf074f14d90e06a2e9672972f1ec,POINT (108.921847 23.204794)
gis_osm_places_free,<NA>,5126500838,village,settlements:gis_osm_places_free:5126500838:village,OGC:CRS84,450126,OpenStreetMap,real,kept,<NA>,红花,village,0,108.9505394,23.188115,,derived_from_source_layer_osm_id_fclass,smartbidata_task06_20260810,team_shared,team_shared_source,广西壮族自治区,南宁市,宾阳县,宾阳县,assigned_within,False,164.631217861913,near_flood,potential_remote_sensing_assessment,within_500m_of_task20_new_flood_extent,1321.1478748321533,overlapping_buffers_not_additive,rescue_by_002,宾阳县黎塘消防救援站,12370.869721557445,rescue_by_002,宾阳县黎塘消防救援站,12370.869721557445,nanning_flood_20260706_0707,2026-07-07,dispatch_v3,074f2c6841becf074f14d90e06a2e9672972f1ec,POINT (108.950539 23.188115)
gis_osm_places_free,<NA>,5126500840,village,settlements:gis_osm_places_free:5126500840:village,OGC:CRS84,450126,OpenStreetMap,real,kept,<NA>,磨道,village,0,108.936,23.1916,,derived_from_source_layer_osm_id_fclass,smartbidata_task06_20260810,team_shared,team_shared_source,广西壮族自治区,南宁市,宾阳县,宾阳县,assigned_within,False,285.03821103658106,near_flood,potential_remote_sensing_assessment,within_500m_of_task20_new_flood_extent,1865.746060371399,overlapping_buffers_not_additive,rescue_by_001,宾阳县应急救援队,13267.126301434506,rescue_by_001,宾阳县应急救援队,13267.126301434506,nanning_flood_20260706_0707,2026-07-07,dispatch_v3,074f2c6841becf074f14d90e06a2e9672972f1ec,POINT (108.936 23.1916)
gis_osm_places_free,<NA>,5126500841,village,settlements:gis_osm_places_free:5126500841:village,OGC:CRS84,450126,OpenStreetMap,real,kept,<NA>,木埠,village,0,108.9267292,23.1974894,,derived_from_source_layer_osm_id_fclass,smartbidata_task06_20260810,team_shared,team_shared_source,广西壮族自治区,南宁市,宾阳县,宾阳县,assigned_within,False,4.757843044503741,near_flood,potential_remote_sensing_assessment,within_500m_of_task20_new_flood_extent,2620.1049699783325,overlapping_buffers_not_additive,rescue_by_001,宾阳县应急救援队,12139.757709130989,rescue_by_001,宾阳县应急救援队,12139.757709130989,nanning_flood_20260706_0707,2026-07-07,dispatch_v3,074f2c6841becf074f14d90e06a2e9672972f1ec,POINT (108.926729 23.197489)
gis_osm_places_free,<NA>,5126521993,town,settlements:gis_osm_places_free:5126521993:town,OGC:CRS84,450126,OpenStreetMap,real,kept,<NA>,王灵镇,town,0,108.9956807,23.1788019,,derived_from_source_layer_osm_id_fclass,smartbidata_task06_20260810,team_shared,team_shared_source,广西壮族自治区,南宁市,宾阳县,宾阳县,assigned_within,False,245.46182697049227,near_flood,potential_remote_sensing_assessment,within_500m_of_task20_new_flood_extent,6494.213032722473,overlapping_buffers_not_additive,rescue_by_002,宾阳县黎塘消防救援站,7844.402580759719,rescue_by_002,宾阳县黎塘消防救援站,7844.402580759719,nanning_flood_20260706_0707,2026-07-07,dispatch_v3,074f2c6841becf074f14d90e06a2e9672972f1ec,POINT (108.995681 23.178802)
gis_osm_places_free,<NA>,5126756524,village,settlements:gis_osm_places_free:5126756524:village,OGC:CRS84,450181,OpenStreetMap,real,kept,<NA>,灵竹,village,0,109.13472,22.9593493,,derived_from_source_layer_osm_id_fclass,smartbidata_task06_20260810,team_shared,team_shared_source,广西壮族自治区,南宁市,横州市,横州市,assigned_within,False,194.0829221150891,near_flood,potential_remote_sensing_assessment,within_500m_of_task20_new_flood_extent,4543.459267616272,overlapping_buffers_not_additive,rescue_by_002,宾阳县黎塘消防救援站,26335.228041390037,rescue_by_002,宾阳县黎塘消防救援站,26335.228041390037,nanning_flood_20260706_0707,2026-07-07,dispatch_v3,074f2c6841becf074f14d90e06a2e9672972f1ec,POINT (109.13472 22.959349)
gis_osm_places_free,<NA>,7940974371,village,settlements:gis_osm_places_free:7940974371:village,OGC:CRS84,450181,OpenStreetMap,real,kept,<NA>,龚村,village,0,109.3432146,22.9378269,,derived_from_source_layer_osm_id_fclass,smartbidata_task06_20260810,team_shared,team_shared_source,广西壮族自治区,南宁市,横州市,横州市,assigned_within,False,7.494506963636821,near_flood,potential_remote_sensing_assessment,within_500m_of_task20_new_flood_extent,171.54873275756836,overlapping_buffers_not_additive,rescue_hz_001,横州市消防救援大队（横州站）,26211.259900942827,rescue_hz_001,横州市消防救援大队（横州站）,26211.259900942827,nanning_flood_20260706_0707,2026-07-07,dispatch_v3,074f2c6841becf074f14d90e06a2e9672972f1ec,POINT (109.343215 22.937827)
gis_osm_places_free,<NA>,7997170174,village,settlements:gis_osm_places_free:7997170174:village,OGC:CRS84,450126,OpenStreetMap,real,kept,<NA>,上国,village,0,108.7548154,23.338797,,derived_from_source_layer_osm_id_fclass,smartbidata_task06_20260810,team_shared,team_shared_source,广西壮族自治区,南宁市,宾阳县,宾阳县,assigned_within,False,304.1550641093048,near_flood,potential_remote_sensing_assessment,within_500m_of_task20_new_flood_extent,2798.6613264083862,overlapping_buffers_not_additive,rescue_by_001,宾阳县应急救援队,12756.18044518632,rescue_by_001,宾阳县应急救援队,12756.18044518632,nanning_flood_20260706_0707,2026-07-07,dispatch_v3,074f2c6841becf074f14d90e06a2e9672972f1ec,POINT (108.754815 23.338797)
gis_osm_places_free,<NA>,7997170175,village,settlements:gis_osm_places_free:7997170175:village,OGC:CRS84,450126,OpenStreetMap,real,kept,<NA>,国村,village,0,108.7604761,23.3397245,,derived_from_source_layer_osm_id_fclass,smartbidata_task06_20260810,team_shared,team_shared_source,广西壮族自治区,南宁市,宾阳县,宾阳县,assigned_within,False,11.878068179317262,near_flood,potential_remote_sensing_assessment,within_500m_of_task20_new_flood_extent,2521.7709579467773,overlapping_buffers_not_additive,rescue_by_001,宾阳县应急救援队,12569.46174118313,rescue_by_001,宾阳县应急救援队,12569.46174118313,nanning_flood_20260706_0707,2026-07-07,dispatch_v3,074f2c6841becf074f14d90e06a2e9672972f1ec,POINT (108.760476 23.339724)
gis_osm_places_free,<NA>,7997170176,village,settlements:gis_osm_places_free:7997170176:village,OGC:CRS84,450125,OpenStreetMap,real,kept,<NA>,高岭,village,0,108.7580858,23.3522608,,derived_from_source_layer_osm_id_fclass,smartbidata_task06_20260810,team_shared,team_shared_source,广西壮族自治区,南宁市,上林县,上林县,assigned_within,False,301.1670450651064,near_flood,potential_remote_sensing_assessment,within_500m_of_task20_new_flood_extent,849.0553188323975,overlapping_buffers_not_additive,rescue_by_001,宾阳县应急救援队,13921.96469843469,rescue_by_001,宾阳县应急救援队,13921.96469843469,nanning_flood_20260706_0707,2026-07-07,dispatch_v3,074f2c6841becf074f14d90e06a2e9672972f1ec,POINT (108.758086 23.352261)
gis_osm_places_free,<NA>,7997283078,village,settlements:gis_osm_places_free:7997283078:village,OGC:CRS84,450126,OpenStreetMap,real,kept,<NA>,恭村,village,0,108.791,23.2833,,derived_from_source_layer_osm_id_fclass,smartbidata_task06_20260810,team_shared,team_shared_source,广西壮族自治区,南宁市,宾阳县,宾阳县,assigned_within,False,84.92025453666476,near_flood,potential_remote_sensing_assessment,within_500m_of_task20_new_flood_extent,1735.8628797531128,overlapping_buffers_not_additive,rescue_by_001,宾阳县应急救援队,5583.571635646279,rescue_by_001,宾阳县应急救援队,5583.571635646279,nanning_flood_20260706_0707,2026-07-07,dispatch_v3,074f2c6841becf074f14d90e06a2e9672972f1ec,POINT (108.791 23.2833)
gis_osm_places_free,<NA>,7997289482,village,settlements:gis_osm_places_free:7997289482:village,OGC:CRS84,450126,OpenStreetMap,real,kept,<NA>,洪塘,village,0,108.848,23.2966,,derived_from_source_layer_osm_id_fclass,smartbidata_task06_20260810,team_shared,team_shared_source,广西壮族自治区,南宁市,宾阳县,宾阳县,assigned_within,False,71.4512436004484,near_flood,potential_remote_sensing_assessment,within_500m_of_task20_new_flood_extent,378.68899154663086,overlapping_buffers_not_additive,rescue_by_001,宾阳县应急救援队,7137.786572955518,rescue_by_001,宾阳县应急救援队,7137.786572955518,nanning_flood_20260706_0707,2026-07-07,dispatch_v3,074f2c6841becf074f14d90e06a2e9672972f1ec,POINT (108.848 23.2966)
gis_osm_places_free,<NA>,7997289483,village,settlements:gis_osm_places_free:7997289483:village,OGC:CRS84,450126,OpenStreetMap,real,kept,<NA>,清凌,village,0,108.868,23.2742,,derived_from_source_layer_osm_id_fclass,smartbidata_task06_20260810,team_shared,team_shared_source,广西壮族自治区,南宁市,宾阳县,宾阳县,assigned_within,False,119.88432560632694,near_flood,potential_remote_sensing_assessment,within_500m_of_task20_new_flood_extent,864.1716032028198,overlapping_buffers_not_additive,rescue_by_001,宾阳县应急救援队,6526.640899079059,rescue_by_001,宾阳县应急救援队,6526.640899079059,nanning_flood_20260706_0707,2026-07-07,dispatch_v3,074f2c6841becf074f14d90e06a2e9672972f1ec,POINT (108.868 23.2742)
gis_osm_places_free,<NA>,7997289484,village,settlements:gis_osm_places_free:7997289484:village,OGC:CRS84,450126,OpenStreetMap,real,kept,<NA>,文伟,village,0,108.856,23.2802,,derived_from_source_layer_osm_id_fclass,smartbidata_task06_20260810,team_shared,team_shared_source,广西壮族自治区,南宁市,宾阳县,宾阳县,assigned_within,False,228.52040174099014,near_flood,potential_remote_sensing_assessment,within_500m_of_task20_new_flood_extent,2524.399724960327,overlapping_buffers_not_additive,rescue_by_001,宾阳县应急救援队,6075.149641745187,rescue_by_001,宾阳县应急救援队,6075.149641745187,nanning_flood_20260706_0707,2026-07-07,dispatch_v3,074f2c6841becf074f14d90e06a2e9672972f1ec,POINT (108.856 23.2802)
gis_osm_places_free,<NA>,7997309025,village,settlements:gis_osm_places_free:7997309025:village,OGC:CRS84,450126,OpenStreetMap,real,kept,<NA>,公义,village,0,108.8067984,23.3504904,,derived_from_source_layer_osm_id_fclass,smartbidata_task06_20260810,team_shared,team_shared_source,广西壮族自治区,南宁市,宾阳县,宾阳县,assigned_within,False,130.98449223009234,near_flood,potential_remote_sensing_assessment,within_500m_of_task20_new_flood_extent,1343.1789636611938,overlapping_buffers_not_additive,rescue_by_001,宾阳县应急救援队,12403.429620487288,rescue_by_001,宾阳县应急救援队,12403.429620487288,nanning_flood_20260706_0707,2026-07-07,dispatch_v3,074f2c6841becf074f14d90e06a2e9672972f1ec,POINT (108.806798 23.35049)
gis_osm_places_free,<NA>,7997309026,village,settlements:gis_osm_places_free:7997309026:village,OGC:CRS84,450126,OpenStreetMap,real,kept,<NA>,新梁,village,0,108.825,23.3508,,derived_from_source_layer_osm_id_fclass,smartbidata_task06_20260810,team_shared,team_shared_source,广西壮族自治区,南宁市,宾阳县,宾阳县,assigned_within,False,162.915994857364,near_flood,potential_remote_sensing_assessment,within_500m_of_task20_new_flood_extent,174.28845596313477,overlapping_buffers_not_additive,rescue_by_001,宾阳县应急救援队,12422.454367212727,rescue_by_001,宾阳县应急救援队,12422.454367212727,nanning_flood_20260706_0707,2026-07-07,dispatch_v3,074f2c6841becf074f14d90e06a2e9672972f1ec,POINT (108.825 23.3508)
gis_osm_places_free,<NA>,7997309027,village,settlements:gis_osm_places_free:7997309027:village,OGC:CRS84,450126,OpenStreetMap,real,kept,<NA>,老木棉,village,0,108.816,23.359,,derived_from_source_layer_osm_id_fclass,smartbidata_task06_20260810,team_shared,team_shared_source,广西壮族自治区,南宁市,宾阳县,宾阳县,assigned_within,False,169.1856298442389,near_flood,potential_remote_sensing_assessment,within_500m_of_task20_new_flood_extent,807.8461055755615,overlapping_buffers_not_additive,rescue_by_001,宾阳县应急救援队,13303.616212917372,rescue_by_001,宾阳县应急救援队,13303.616212917372,nanning_flood_20260706_0707,2026-07-07,dispatch_v3,074f2c6841becf074f14d90e06a2e9672972f1ec,POINT (108.816 23.359)
gis_osm_places_free,<NA>,7997309028,village,settlements:gis_osm_places_free:7997309028:village,OGC:CRS84,450125,OpenStreetMap,real,kept,<NA>,玉峰,village,0,108.825,23.3954,,derived_from_source_layer_osm_id_fclass,smartbidata_task06_20260810,team_shared,team_shared_source,广西壮族自治区,南宁市,上林县,上林县,assigned_within,False,110.35546570134441,near_flood,potential_remote_sensing_assessment,within_500m_of_task20_new_flood_extent,368.2586660385132,overlapping_buffers_not_additive,rescue_by_001,宾阳县应急救援队,17356.284121674995,rescue_by_001,宾阳县应急救援队,17356.284121674995,nanning_flood_20260706_0707,2026-07-07,dispatch_v3,074f2c6841becf074f14d90e06a2e9672972f1ec,POINT (108.825 23.3954)
gis_osm_places_free,<NA>,7997309029,village,settlements:gis_osm_places_free:7997309029:village,OGC:CRS84,450125,OpenStreetMap,real,kept,<NA>,石塘,village,0,108.8190899,23.3761333,,derived_from_source_layer_osm_id_fclass,smartbidata_task06_20260810,team_shared,team_shared_source,广西壮族自治区,南宁市,上林县,上林县,assigned_within,False,191.58532245168138,near_flood,potential_remote_sensing_assessment,within_500m_of_task20_new_flood_extent,767.4652652740479,overlapping_buffers_not_additive,rescue_by_001,宾阳县应急救援队,15203.354767718545,rescue_by_001,宾阳县应急救援队,15203.354767718545,nanning_flood_20260706_0707,2026-07-07,dispatch_v3,074f2c6841becf074f14d90e06a2e9672972f1ec,POINT (108.81909 23.376133)
gis_osm_places_free,<NA>,7997309030,village,settlements:gis_osm_places_free:7997309030:village,OGC:CRS84,450126,OpenStreetMap,real,kept,<NA>,永和,village,0,108.87,23.3437,,derived_from_source_layer_osm_id_fclass,smartbidata_task06_20260810,team_shared,team_shared_source,广西壮族自治区,南宁市,宾阳县,宾阳县,assigned_within,False,2.485998287907128,near_flood,potential_remote_sensing_assessment,within_500m_of_task20_new_flood_extent,1422.0583457946777,overlapping_buffers_not_additive,rescue_by_001,宾阳县应急救援队,12815.634412212728,rescue_by_001,宾阳县应急救援队,12815.634412212728,nanning_flood_20260706_0707,2026-07-07,dispatch_v3,074f2c6841becf074f14d90e06a2e9672972f1ec,POINT (108.87 23.3437)
gis_osm_places_free,<NA>,7997309031,village,settlements:gis_osm_places_free:7997309031:village,OGC:CRS84,450126,OpenStreetMap,real,kept,<NA>,中南,village,0,108.884,23.3435,,derived_from_source_layer_osm_id_fclass,smartbidata_task06_20260810,team_shared,team_shared_source,广西壮族自治区,南宁市,宾阳县,宾阳县,assigned_within,False,34.58032908599619,near_flood,potential_remote_sensing_assessment,within_500m_of_task20_new_flood_extent,1119.5957946777344,overlapping_buffers_not_additive,rescue_by_001,宾阳县应急救援队,13465.69557044924,rescue_by_001,宾阳县应急救援队,13465.69557044924,nanning_flood_20260706_0707,2026-07-07,dispatch_v3,074f2c6841becf074f14d90e06a2e9672972f1ec,POINT (108.884 23.3435)
gis_osm_places_free,<NA>,7997309032,village,settlements:gis_osm_places_free:7997309032:village,OGC:CRS84,450126,OpenStreetMap,real,kept,<NA>,新庆,village,0,108.883,23.3252,,derived_from_source_layer_osm_id_fclass,smartbidata_task06_20260810,team_shared,team_shared_source,广西壮族自治区,南宁市,宾阳县,宾阳县,assigned_within,False,110.91861409742462,near_flood,potential_remote_sensing_assessment,within_500m_of_task20_new_flood_extent,805.344518661499,overlapping_buffers_not_additive,rescue_by_001,宾阳县应急救援队,11707.502677120257,rescue_by_001,宾阳县应急救援队,11707.502677120257,nanning_flood_20260706_0707,2026-07-07,dispatch_v3,074f2c6841becf074f14d90e06a2e9672972f1ec,POINT (108.883 23.3252)
gis_osm_places_free,<NA>,7997309033,village,settlements:gis_osm_places_free:7997309033:village,OGC:CRS84,450126,OpenStreetMap,real,kept,<NA>,同仁,village,0,108.893,23.3275,,derived_from_source_layer_osm_id_fclass,smartbidata_task06_20260810,team_shared,team_shared_source,广西壮族自治区,南宁市,宾阳县,宾阳县,assigned_within,False,187.6245249023142,near_flood,potential_remote_sensing_assessment,within_500m_of_task20_new_flood_extent,1645.672950744629,overlapping_buffers_not_additive,rescue_by_001,宾阳县应急救援队,12524.927917208424,rescue_by_001,宾阳县应急救援队,12524.927917208424,nanning_flood_20260706_0707,2026-07-07,dispatch_v3,074f2c6841becf074f14d90e06a2e9672972f1ec,POINT (108.893 23.3275)
gis_osm_places_free,<NA>,7997309034,village,settlements:gis_osm_places_free:7997309034:village,OGC:CRS84,450126,OpenStreetMap,real,kept,<NA>,沙凌,village,0,108.877,23.3367,,derived_from_source_layer_osm_id_fclass,smartbidata_task06_20260810,team_shared,team_shared_source,广西壮族自治区,南宁市,宾阳县,宾阳县,assigned_within,False,229.97722476166308,near_flood,potential_remote_sensing_assessment,within_500m_of_task20_new_flood_extent,1017.1184682846069,overlapping_buffers_not_additive,rescue_by_001,宾阳县应急救援队,12454.896812983197,rescue_by_001,宾阳县应急救援队,12454.896812983197,nanning_flood_20260706_0707,2026-07-07,dispatch_v3,074f2c6841becf074f14d90e06a2e9672972f1ec,POINT (108.877 23.3367)
gis_osm_places_free,<NA>,7997309485,village,settlements:gis_osm_places_free:7997309485:village,OGC:CRS84,450126,OpenStreetMap,real,kept,<NA>,北京门,village,0,108.851,23.2806,,derived_from_source_layer_osm_id_fclass,smartbidata_task06_20260810,team_shared,team_shared_source,广西壮族自治区,南宁市,宾阳县,宾阳县,assigned_within,False,129.41532123278856,near_flood,potential_remote_sensing_assessment,within_500m_of_task20_new_flood_extent,2565.7717514038086,overlapping_buffers_not_additive,rescue_by_001,宾阳县应急救援队,5786.606918130591,rescue_by_001,宾阳县应急救援队,5786.606918130591,nanning_flood_20260706_0707,2026-07-07,dispatch_v3,074f2c6841becf074f14d90e06a2e9672972f1ec,POINT (108.851 23.2806)
gis_osm_places_free,<NA>,7997309486,village,settlements:gis_osm_places_free:7997309486:village,OGC:CRS84,450126,OpenStreetMap,real,kept,<NA>,新勒马,village,0,108.821,23.2742,,derived_from_source_layer_osm_id_fclass,smartbidata_task06_20260810,team_shared,team_shared_source,广西壮族自治区,南宁市,宾阳县,宾阳县,assigned_within,True,0.0,inside_flood,potential_remote_sensing_assessment,intersects_task20_new_flood_extent,2871.536642074585,overlapping_buffers_not_additive,rescue_by_001,宾阳县应急救援队,3930.0604929231777,rescue_by_001,宾阳县应急救援队,3930.0604929231777,nanning_flood_20260706_0707,2026-07-07,dispatch_v3,074f2c6841becf074f14d90e06a2e9672972f1ec,POINT (108.821 23.2742)
gis_osm_places_free,<NA>,7997309487,village,settlements:gis_osm_places_free:7997309487:village,OGC:CRS84,450126,OpenStreetMap,real,kept,<NA>,毛村,village,0,108.817,23.2802,,derived_from_source_layer_osm_id_fclass,smartbidata_task06_20260810,team_shared,team_shared_source,广西壮族自治区,南宁市,宾阳县,宾阳县,assigned_within,False,31.55643770279536,near_flood,potential_remote_sensing_assessment,within_500m_of_task20_new_flood_extent,2024.980616569519,overlapping_buffers_not_additive,rescue_by_001,宾阳县应急救援队,4572.311283838558,rescue_by_001,宾阳县应急救援队,4572.311283838558,nanning_flood_20260706_0707,2026-07-07,dispatch_v3,074f2c6841becf074f14d90e06a2e9672972f1ec,POINT (108.817 23.2802)
gis_osm_places_free,<NA>,7997309488,village,settlements:gis_osm_places_free:7997309488:village,OGC:CRS84,450126,OpenStreetMap,real,kept,<NA>,勒马,village,0,108.826,23.28,,derived_from_source_layer_osm_id_fclass,smartbidata_task06_20260810,team_shared,team_shared_source,广西壮族自治区,南宁市,宾阳县,宾阳县,assigned_within,False,78.58375487774157,near_flood,potential_remote_sensing_assessment,within_500m_of_task20_new_flood_extent,2480.8996562957764,overlapping_buffers_not_additive,rescue_by_001,宾阳县应急救援队,4644.571471687595,rescue_by_001,宾阳县应急救援队,4644.571471687595,nanning_flood_20260706_0707,2026-07-07,dispatch_v3,074f2c6841becf074f14d90e06a2e9672972f1ec,POINT (108.826 23.28)
gis_osm_places_free,<NA>,7997309489,village,settlements:gis_osm_places_free:7997309489:village,OGC:CRS84,450126,OpenStreetMap,real,kept,<NA>,长岗,village,0,108.833,23.2879,,derived_from_source_layer_osm_id_fclass,smartbidata_task06_20260810,team_shared,team_shared_source,广西壮族自治区,南宁市,宾阳县,宾阳县,assigned_within,False,344.10532054962005,near_flood,potential_remote_sensing_assessment,within_500m_of_task20_new_flood_extent,1141.2179794311523,overlapping_buffers_not_additive,rescue_by_001,宾阳县应急救援队,5670.13868747997,rescue_by_001,宾阳县应急救援队,5670.13868747997,nanning_flood_20260706_0707,2026-07-07,dispatch_v3,074f2c6841becf074f14d90e06a2e9672972f1ec,POINT (108.833 23.2879)
gis_osm_places_free,<NA>,7997309490,village,settlements:gis_osm_places_free:7997309490:village,OGC:CRS84,450126,OpenStreetMap,real,kept,<NA>,黑石,village,0,108.837,23.2932,,derived_from_source_layer_osm_id_fclass,smartbidata_task06_20260810,team_shared,team_shared_source,广西壮族自治区,南宁市,宾阳县,宾阳县,assigned_within,False,120.60009428570143,near_flood,potential_remote_sensing_assessment,within_500m_of_task20_new_flood_extent,749.0004167556763,overlapping_buffers_not_additive,rescue_by_001,宾阳县应急救援队,6354.738763024639,rescue_by_001,宾阳县应急救援队,6354.738763024639,nanning_flood_20260706_0707,2026-07-07,dispatch_v3,074f2c6841becf074f14d90e06a2e9672972f1ec,POINT (108.837 23.2932)
gis_osm_places_free,<NA>,7997309491,village,settlements:gis_osm_places_free:7997309491:village,OGC:CRS84,450126,OpenStreetMap,real,kept,<NA>,呇塘,village,0,108.825,23.2909,,derived_from_source_layer_osm_id_fclass,smartbidata_task06_20260810,team_shared,team_shared_source,广西壮族自治区,南宁市,宾阳县,宾阳县,assigned_within,False,301.67131148452773,near_flood,potential_remote_sensing_assessment,within_500m_of_task20_new_flood_extent,1095.367748260498,overlapping_buffers_not_additive,rescue_by_001,宾阳县应急救援队,5817.287932724154,rescue_by_001,宾阳县应急救援队,5817.287932724154,nanning_flood_20260706_0707,2026-07-07,dispatch_v3,074f2c6841becf074f14d90e06a2e9672972f1ec,POINT (108.825 23.2909)
gis_osm_places_free,<NA>,7997309492,village,settlements:gis_osm_places_free:7997309492:village,OGC:CRS84,450126,OpenStreetMap,real,kept,<NA>,里道,village,0,108.81,23.29,,derived_from_source_layer_osm_id_fclass,smartbidata_task06_20260810,team_shared,team_shared_source,广西壮族自治区,南宁市,宾阳县,宾阳县,assigned_within,False,407.5793655202226,near_flood,potential_remote_sensing_assessment,within_500m_of_task20_new_flood_extent,1175.590090751648,overlapping_buffers_not_additive,rescue_by_001,宾阳县应急救援队,5701.828874606962,rescue_by_001,宾阳县应急救援队,5701.828874606962,nanning_flood_20260706_0707,2026-07-07,dispatch_v3,074f2c6841becf074f14d90e06a2e9672972f1ec,POINT (108.81 23.29)
gis_osm_places_free,<NA>,7997309493,village,settlements:gis_osm_places_free:7997309493:village,OGC:CRS84,450126,OpenStreetMap,real,kept,<NA>,三塘,village,0,108.802,23.2965,,derived_from_source_layer_osm_id_fclass,smartbidata_task06_20260810,team_shared,team_shared_source,广西壮族自治区,南宁市,宾阳县,宾阳县,assigned_within,False,381.16891794276796,near_flood,potential_remote_sensing_assessment,within_500m_of_task20_new_flood_extent,2211.203513145447,overlapping_buffers_not_additive,rescue_by_001,宾阳县应急救援队,6557.574790110093,rescue_by_001,宾阳县应急救援队,6557.574790110093,nanning_flood_20260706_0707,2026-07-07,dispatch_v3,074f2c6841becf074f14d90e06a2e9672972f1ec,POINT (108.802 23.2965)
gis_osm_places_free,<NA>,7997309494,village,settlements:gis_osm_places_free:7997309494:village,OGC:CRS84,450126,OpenStreetMap,real,kept,<NA>,黄凤,village,0,108.802,23.3167,,derived_from_source_layer_osm_id_fclass,smartbidata_task06_20260810,team_shared,team_shared_source,广西壮族自治区,南宁市,宾阳县,宾阳县,assigned_within,False,116.34150477902567,near_flood,potential_remote_sensing_assessment,within_500m_of_task20_new_flood_extent,3313.5219345092773,overlapping_buffers_not_additive,rescue_by_001,宾阳县应急救援队,8749.966557657526,rescue_by_001,宾阳县应急救援队,8749.966557657526,nanning_flood_20260706_0707,2026-07-07,dispatch_v3,074f2c6841becf074f14d90e06a2e9672972f1ec,POINT (108.802 23.3167)
gis_osm_places_free,<NA>,7997309495,village,settlements:gis_osm_places_free:7997309495:village,OGC:CRS84,450126,OpenStreetMap,real,kept,<NA>,长新,village,0,108.835,23.3213,,derived_from_source_layer_osm_id_fclass,smartbidata_task06_20260810,team_shared,team_shared_source,广西壮族自治区,南宁市,宾阳县,宾阳县,assigned_within,False,447.82140796190623,near_flood,potential_remote_sensing_assessment,within_500m_of_task20_new_flood_extent,1667.6119594573975,overlapping_buffers_not_additive,rescue_by_001,宾阳县应急救援队,9312.168725301062,rescue_by_001,宾阳县应急救援队,9312.168725301062,nanning_flood_20260706_0707,2026-07-07,dispatch_v3,074f2c6841becf074f14d90e06a2e9672972f1ec,POINT (108.835 23.3213)
gis_osm_places_free,<NA>,7997309496,village,settlements:gis_osm_places_free:7997309496:village,OGC:CRS84,450126,OpenStreetMap,real,kept,<NA>,新凤,village,0,108.828,23.3087,,derived_from_source_layer_osm_id_fclass,smartbidata_task06_20260810,team_shared,team_shared_source,广西壮族自治区,南宁市,宾阳县,宾阳县,assigned_within,False,123.88078737177509,near_flood,potential_remote_sensing_assessment,within_500m_of_task20_new_flood_extent,1241.8720893859863,overlapping_buffers_not_additive,rescue_by_001,宾阳县应急救援队,7813.129950691237,rescue_by_001,宾阳县应急救援队,7813.129950691237,nanning_flood_20260706_0707,2026-07-07,dispatch_v3,074f2c6841becf074f14d90e06a2e9672972f1ec,POINT (108.828 23.3087)
gis_osm_places_free,<NA>,7997309497,village,settlements:gis_osm_places_free:7997309497:village,OGC:CRS84,450126,OpenStreetMap,real,kept,<NA>,洪岭,village,0,108.876,23.3123,,derived_from_source_layer_osm_id_fclass,smartbidata_task06_20260810,team_shared,team_shared_source,广西壮族自治区,南宁市,宾阳县,宾阳县,assigned_within,False,327.16424763302774,near_flood,potential_remote_sensing_assessment,within_500m_of_task20_new_flood_extent,1833.1559400558472,overlapping_buffers_not_additive,rescue_by_001,宾阳县应急救援队,10130.26103458863,rescue_by_001,宾阳县应急救援队,10130.26103458863,nanning_flood_20260706_0707,2026-07-07,dispatch_v3,074f2c6841becf074f14d90e06a2e9672972f1ec,POINT (108.876 23.3123)
gis_osm_places_free,<NA>,7997309498,village,settlements:gis_osm_places_free:7997309498:village,OGC:CRS84,450126,OpenStreetMap,real,kept,<NA>,高龙,village,0,108.852,23.3099,,derived_from_source_layer_osm_id_fclass,smartbidata_task06_20260810,team_shared,team_shared_source,广西壮族自治区,南宁市,宾阳县,宾阳县,assigned_within,False,292.362239970778,near_flood,potential_remote_sensing_assessment,within_500m_of_task20_new_flood_extent,1505.7615699768066,overlapping_buffers_not_additive,rescue_by_001,宾阳县应急救援队,8644.078068708248,rescue_by_001,宾阳县应急救援队,8644.078068708248,nanning_flood_20260706_0707,2026-07-07,dispatch_v3,074f2c6841becf074f14d90e06a2e9672972f1ec,POINT (108.852 23.3099)
gis_osm_places_free,<NA>,7997309499,village,settlements:gis_osm_places_free:7997309499:village,OGC:CRS84,450126,OpenStreetMap,real,kept,<NA>,务柳,village,0,108.909,23.3602,,derived_from_source_layer_osm_id_fclass,smartbidata_task06_20260810,team_shared,team_shared_source,广西壮族自治区,南宁市,宾阳县,宾阳县,assigned_within,False,59.2020716317398,near_flood,potential_remote_sensing_assessment,within_500m_of_task20_new_flood_extent,309.93790435791016,overlapping_buffers_not_additive,rescue_by_001,宾阳县应急救援队,16408.35762796183,rescue_by_001,宾阳县应急救援队,16408.35762796183,nanning_flood_20260706_0707,2026-07-07,dispatch_v3,074f2c6841becf074f14d90e06a2e9672972f1ec,POINT (108.909 23.3602)
gis_osm_places_free,<NA>,7997309500,village,settlements:gis_osm_places_free:7997309500:village,OGC:CRS84,450126,OpenStreetMap,real,kept,<NA>,古罗,village,0,108.8953679,23.3698602,,derived_from_source_layer_osm_id_fclass,smartbidata_task06_20260810,team_shared,team_shared_source,广西壮族自治区,南宁市,宾阳县,宾阳县,assigned_within,False,375.497551790575,near_flood,potential_remote_sensing_assessment,within_500m_of_task20_new_flood_extent,673.7671318054199,overlapping_buffers_not_additive,rescue_by_001,宾阳县应急救援队,16577.883686602905,rescue_by_001,宾阳县应急救援队,16577.883686602905,nanning_flood_20260706_0707,2026-07-07,dispatch_v3,074f2c6841becf074f14d90e06a2e9672972f1ec,POINT (108.895368 23.36986)
gis_osm_places_free,<NA>,7997309501,village,settlements:gis_osm_places_free:7997309501:village,OGC:CRS84,450126,OpenStreetMap,real,kept,<NA>,古莲,village,0,108.899,23.373,,derived_from_source_layer_osm_id_fclass,smartbidata_task06_20260810,team_shared,team_shared_source,广西壮族自治区,南宁市,宾阳县,宾阳县,assigned_within,False,449.3117924784704,near_flood,potential_remote_sensing_assessment,within_500m_of_task20_new_flood_extent,534.9332580566406,overlapping_buffers_not_additive,rescue_by_001,宾阳县应急救援队,17062.724510923428,rescue_by_001,宾阳县应急救援队,17062.724510923428,nanning_flood_20260706_0707,2026-07-07,dispatch_v3,074f2c6841becf074f14d90e06a2e9672972f1ec,POINT (108.899 23.373)
gis_osm_places_free,<NA>,7997309504,village,settlements:gis_osm_places_free:7997309504:village,OGC:CRS84,450126,OpenStreetMap,real,kept,<NA>,新华,village,0,108.847,23.3856,,derived_from_source_layer_osm_id_fclass,smartbidata_task06_20260810,team_shared,team_shared_source,广西壮族自治区,南宁市,宾阳县,宾阳县,assigned_within,False,79.270511127174,near_flood,potential_remote_sensing_assessment,within_500m_of_task20_new_flood_extent,1017.213809967041,overlapping_buffers_not_additive,rescue_by_001,宾阳县应急救援队,16539.625994084716,rescue_by_001,宾阳县应急救援队,16539.625994084716,nanning_flood_20260706_0707,2026-07-07,dispatch_v3,074f2c6841becf074f14d90e06a2e9672972f1ec,POINT (108.847 23.3856)
gis_osm_places_free,<NA>,7997309505,village,settlements:gis_osm_places_free:7997309505:village,OGC:CRS84,450126,OpenStreetMap,real,kept,<NA>,木山,village,0,108.842,23.3776,,derived_from_source_layer_osm_id_fclass,smartbidata_task06_20260810,team_shared,team_shared_source,广西壮族自治区,南宁市,宾阳县,宾阳县,assigned_within,False,105.1955650672513,near_flood,potential_remote_sensing_assessment,within_500m_of_task20_new_flood_extent,687.9038181304932,overlapping_buffers_not_additive,rescue_by_001,宾阳县应急救援队,15577.22424296613,rescue_by_001,宾阳县应急救援队,15577.22424296613,nanning_flood_20260706_0707,2026-07-07,dispatch_v3,074f2c6841becf074f14d90e06a2e9672972f1ec,POINT (108.842 23.3776)
gis_osm_places_free,<NA>,7997751774,village,settlements:gis_osm_places_free:7997751774:village,OGC:CRS84,450126,OpenStreetMap,real,kept,<NA>,新宾,village,0,108.8245632,23.2463408,,derived_from_source_layer_osm_id_fclass,smartbidata_task06_20260810,team_shared,team_shared_source,广西壮族自治区,南宁市,宾阳县,宾阳县,assigned_within,False,337.23937227046275,near_flood,potential_remote_sensing_assessment,within_500m_of_task20_new_flood_extent,13320.722450256348,overlapping_buffers_not_additive,rescue_by_001,宾阳县应急救援队,1135.7067496744264,rescue_by_001,宾阳县应急救援队,1135.7067496744264,nanning_flood_20260706_0707,2026-07-07,dispatch_v3,074f2c6841becf074f14d90e06a2e9672972f1ec,POINT (108.824563 23.246341)
gis_osm_places_free,<NA>,7998860005,town,settlements:gis_osm_places_free:7998860005:town,OGC:CRS84,450181,OpenStreetMap,real,kept,<NA>,横州镇,town,0,109.2743034,22.7002216,,derived_from_source_layer_osm_id_fclass,smartbidata_task06_20260810,team_shared,team_shared_source,广西壮族自治区,南宁市,横州市,横州市,assigned_within,False,486.8232629141022,near_flood,potential_remote_sensing_assessment,within_500m_of_task20_new_flood_extent,18107.56085395813,overlapping_buffers_not_additive,rescue_hz_001,横州市消防救援大队（横州站）,1884.6971835160762,rescue_hz_001,横州市消防救援大队（横州站）,1884.6971835160762,nanning_flood_20260706_0707,2026-07-07,dispatch_v3,074f2c6841becf074f14d90e06a2e9672972f1ec,POINT (109.274303 22.700222)
gis_osm_places_free,<NA>,7999986666,village,settlements:gis_osm_places_free:7999986666:village,OGC:CRS84,450181,OpenStreetMap,real,kept,<NA>,临江,village,0,109.275,22.9034,,derived_from_source_layer_osm_id_fclass,smartbidata_task06_20260810,team_shared,team_shared_source,广西壮族自治区,南宁市,横州市,横州市,assigned_within,False,253.18940980023203,near_flood,potential_remote_sensing_assessment,within_500m_of_task20_new_flood_extent,3230.119478225708,overlapping_buffers_not_additive,rescue_hz_001,横州市消防救援大队（横州站）,21920.30125725327,rescue_hz_001,横州市消防救援大队（横州站）,21920.30125725327,nanning_flood_20260706_0707,2026-07-07,dispatch_v3,074f2c6841becf074f14d90e06a2e9672972f1ec,POINT (109.275 22.9034)
gis_osm_places_free,<NA>,7999986667,village,settlements:gis_osm_places_free:7999986667:village,OGC:CRS84,450181,OpenStreetMap,real,kept,<NA>,罗村,village,0,109.253,22.9092,,derived_from_source_layer_osm_id_fclass,smartbidata_task06_20260810,team_shared,team_shared_source,广西壮族自治区,南宁市,横州市,横州市,assigned_within,False,152.45606411483277,near_flood,potential_remote_sensing_assessment,within_500m_of_task20_new_flood_extent,3916.6169595718384,overlapping_buffers_not_additive,rescue_hz_001,横州市消防救援大队（横州站）,22841.834914819032,rescue_hz_001,横州市消防救援大队（横州站）,22841.834914819032,nanning_flood_20260706_0707,2026-07-07,dispatch_v3,074f2c6841becf074f14d90e06a2e9672972f1ec,POINT (109.253 22.9092)
gis_osm_places_free,<NA>,7999986669,village,settlements:gis_osm_places_free:7999986669:village,OGC:CRS84,450181,OpenStreetMap,real,kept,<NA>,东圩,village,0,109.254,22.8983,,derived_from_source_layer_osm_id_fclass,smartbidata_task06_20260810,team_shared,team_shared_source,广西壮族自治区,南宁市,横州市,横州市,assigned_within,False,263.9506363079603,near_flood,potential_remote_sensing_assessment,within_500m_of_task20_new_flood_extent,5645.354249000549,overlapping_buffers_not_additive,rescue_hz_001,横州市消防救援大队（横州站）,21635.0291141747,rescue_hz_001,横州市消防救援大队（横州站）,21635.0291141747,nanning_flood_20260706_0707,2026-07-07,dispatch_v3,074f2c6841becf074f14d90e06a2e9672972f1ec,POINT (109.254 22.8983)
gis_osm_places_free,<NA>,7999986671,village,settlements:gis_osm_places_free:7999986671:village,OGC:CRS84,450181,OpenStreetMap,real,kept,<NA>,下里,village,0,109.233,22.8923,,derived_from_source_layer_osm_id_fclass,smartbidata_task06_20260810,team_shared,team_shared_source,广西壮族自治区,南宁市,横州市,横州市,assigned_within,False,105.06432221025511,near_flood,potential_remote_sensing_assessment,within_500m_of_task20_new_flood_extent,67.54890727996826,overlapping_buffers_not_additive,rescue_hz_001,横州市消防救援大队（横州站）,21481.55932672761,rescue_hz_001,横州市消防救援大队（横州站）,21481.55932672761,nanning_flood_20260706_0707,2026-07-07,dispatch_v3,074f2c6841becf074f14d90e06a2e9672972f1ec,POINT (109.233 22.8923)
gis_osm_places_free,<NA>,7999986672,village,settlements:gis_osm_places_free:7999986672:village,OGC:CRS84,450181,OpenStreetMap,real,kept,<NA>,六蓝村,village,0,109.265,22.922,,derived_from_source_layer_osm_id_fclass,smartbidata_task06_20260810,team_shared,team_shared_source,广西壮族自治区,南宁市,横州市,横州市,assigned_within,False,305.52994449943355,near_flood,potential_remote_sensing_assessment,within_500m_of_task20_new_flood_extent,2284.3053770065308,overlapping_buffers_not_additive,rescue_hz_001,横州市消防救援大队（横州站）,24069.590626182046,rescue_hz_001,横州市消防救援大队（横州站）,24069.590626182046,nanning_flood_20260706_0707,2026-07-07,dispatch_v3,074f2c6841becf074f14d90e06a2e9672972f1ec,POINT (109.265 22.922)
gis_osm_places_free,<NA>,8000974252,village,settlements:gis_osm_places_free:8000974252:village,OGC:CRS84,450181,OpenStreetMap,real,kept,<NA>,清江,village,0,109.308,22.7211,,derived_from_source_layer_osm_id_fclass,smartbidata_task06_20260810,team_shared,team_shared_source,广西壮族自治区,南宁市,横州市,横州市,assigned_within,False,167.3299647156245,near_flood,potential_remote_sensing_assessment,within_500m_of_task20_new_flood_extent,4890.297584533691,overlapping_buffers_not_additive,rescue_hz_001,横州市消防救援大队（横州站）,2370.611019927975,rescue_hz_001,横州市消防救援大队（横州站）,2370.611019927975,nanning_flood_20260706_0707,2026-07-07,dispatch_v3,074f2c6841becf074f14d90e06a2e9672972f1ec,POINT (109.308 22.7211)
gis_osm_places_free,<NA>,8000974254,village,settlements:gis_osm_places_free:8000974254:village,OGC:CRS84,450181,OpenStreetMap,real,kept,<NA>,莫大,village,0,109.293,22.6875,,derived_from_source_layer_osm_id_fclass,smartbidata_task06_20260810,team_shared,team_shared_source,广西壮族自治区,南宁市,横州市,横州市,assigned_within,False,203.81804276995626,near_flood,potential_remote_sensing_assessment,within_500m_of_task20_new_flood_extent,4121.163038253784,overlapping_buffers_not_additive,rescue_hz_001,横州市消防救援大队（横州站）,2068.518365983678,rescue_hz_001,横州市消防救援大队（横州站）,2068.518365983678,nanning_flood_20260706_0707,2026-07-07,dispatch_v3,074f2c6841becf074f14d90e06a2e9672972f1ec,POINT (109.293 22.6875)
gis_osm_places_free,<NA>,8000974255,village,settlements:gis_osm_places_free:8000974255:village,OGC:CRS84,450181,OpenStreetMap,real,kept,<NA>,大联,village,0,109.307,22.6786,,derived_from_source_layer_osm_id_fclass,smartbidata_task06_20260810,team_shared,team_shared_source,广西壮族自治区,南宁市,横州市,横州市,assigned_within,False,417.43072943935033,near_flood,potential_remote_sensing_assessment,within_500m_of_task20_new_flood_extent,1586.4613933563232,overlapping_buffers_not_additive,rescue_hz_001,横州市消防救援大队（横州站）,3438.815147567069,rescue_hz_001,横州市消防救援大队（横州站）,3438.815147567069,nanning_flood_20260706_0707,2026-07-07,dispatch_v3,074f2c6841becf074f14d90e06a2e9672972f1ec,POINT (109.307 22.6786)
gis_osm_places_free,<NA>,8000978169,village,settlements:gis_osm_places_free:8000978169:village,OGC:CRS84,450181,OpenStreetMap,real,kept,<NA>,山塘,village,0,109.313,22.6639,,derived_from_source_layer_osm_id_fclass,smartbidata_task06_20260810,team_shared,team_shared_source,广西壮族自治区,南宁市,横州市,横州市,assigned_within,False,142.52843646901334,near_flood,potential_remote_sensing_assessment,within_500m_of_task20_new_flood_extent,190.4523687362671,overlapping_buffers_not_additive,rescue_hz_001,横州市消防救援大队（横州站）,5171.799215564708,rescue_hz_001,横州市消防救援大队（横州站）,5171.799215564708,nanning_flood_20260706_0707,2026-07-07,dispatch_v3,074f2c6841becf074f14d90e06a2e9672972f1ec,POINT (109.313 22.6639)
gis_osm_places_free,<NA>,8000978170,village,settlements:gis_osm_places_free:8000978170:village,OGC:CRS84,450181,OpenStreetMap,real,kept,<NA>,大垌,village,0,109.289,22.6633,,derived_from_source_layer_osm_id_fclass,smartbidata_task06_20260810,team_shared,team_shared_source,广西壮族自治区,南宁市,横州市,横州市,assigned_within,False,266.1937414440904,near_flood,potential_remote_sensing_assessment,within_500m_of_task20_new_flood_extent,146.446626663208,overlapping_buffers_not_additive,rescue_hz_001,横州市消防救援大队（横州站）,4750.66438600313,rescue_hz_001,横州市消防救援大队（横州站）,4750.66438600313,nanning_flood_20260706_0707,2026-07-07,dispatch_v3,074f2c6841becf074f14d90e06a2e9672972f1ec,POINT (109.289 22.6633)
gis_osm_places_free,<NA>,8000978171,village,settlements:gis_osm_places_free:8000978171:village,OGC:CRS84,450181,OpenStreetMap,real,kept,<NA>,蒙垌,village,0,109.250034,22.6663824,,derived_from_source_layer_osm_id_fclass,smartbidata_task06_20260810,team_shared,team_shared_source,广西壮族自治区,南宁市,横州市,横州市,assigned_within,False,331.8805509039298,near_flood,potential_remote_sensing_assessment,within_500m_of_task20_new_flood_extent,4811.5814571380615,overlapping_buffers_not_additive,rescue_hz_001,横州市消防救援大队（横州站）,6126.6207280877725,rescue_hz_001,横州市消防救援大队（横州站）,6126.6207280877725,nanning_flood_20260706_0707,2026-07-07,dispatch_v3,074f2c6841becf074f14d90e06a2e9672972f1ec,POINT (109.250034 22.666382)
gis_osm_places_free,<NA>,8000978172,village,settlements:gis_osm_places_free:8000978172:village,OGC:CRS84,450181,OpenStreetMap,real,kept,<NA>,江南,village,0,109.26,22.6738,,derived_from_source_layer_osm_id_fclass,smartbidata_task06_20260810,team_shared,team_shared_source,广西壮族自治区,南宁市,横州市,横州市,assigned_within,False,335.55426959044775,near_flood,potential_remote_sensing_assessment,within_500m_of_task20_new_flood_extent,5214.869697570801,overlapping_buffers_not_additive,rescue_hz_001,横州市消防救援大队（横州站）,4826.931710643053,rescue_hz_001,横州市消防救援大队（横州站）,4826.931710643053,nanning_flood_20260706_0707,2026-07-07,dispatch_v3,074f2c6841becf074f14d90e06a2e9672972f1ec,POINT (109.26 22.6738)
gis_osm_places_free,<NA>,9151179023,town,settlements:gis_osm_places_free:9151179023:town,OGC:CRS84,450181,OpenStreetMap,real,kept,<NA>,南乡镇,town,0,109.1391921,22.6091182,,derived_from_source_layer_osm_id_fclass,smartbidata_task06_20260810,team_shared,team_shared_source,广西壮族自治区,南宁市,横州市,横州市,assigned_within,False,437.57529351917645,near_flood,potential_remote_sensing_assessment,within_500m_of_task20_new_flood_extent,1468.382393836975,overlapping_buffers_not_additive,rescue_hz_001,横州市消防救援大队（横州站）,18984.388403417823,rescue_hz_001,横州市消防救援大队（横州站）,18984.388403417823,nanning_flood_20260706_0707,2026-07-07,dispatch_v3,074f2c6841becf074f14d90e06a2e9672972f1ec,POINT (109.139192 22.609118)
gis_osm_places_free,<NA>,9158122396,village,settlements:gis_osm_places_free:9158122396:village,OGC:CRS84,450126,OpenStreetMap,real,kept,<NA>,,village,0,109.0361738,23.1029838,,derived_from_source_layer_osm_id_fclass,smartbidata_task06_20260810,team_shared,team_shared_source,广西壮族自治区,南宁市,宾阳县,宾阳县,assigned_within,False,431.1931555253203,near_flood,potential_remote_sensing_assessment,within_500m_of_task20_new_flood_extent,2265.793767929077,overlapping_buffers_not_additive,rescue_by_002,宾阳县黎塘消防救援站,10265.928863284058,rescue_by_002,宾阳县黎塘消防救援站,10265.928863284058,nanning_flood_20260706_0707,2026-07-07,dispatch_v3,074f2c6841becf074f14d90e06a2e9672972f1ec,POINT (109.036174 23.102984)
gis_osm_places_free,<NA>,9158122399,village,settlements:gis_osm_places_free:9158122399:village,OGC:CRS84,450126,OpenStreetMap,real,kept,<NA>,,village,0,108.9966487,23.1296652,,derived_from_source_layer_osm_id_fclass,smartbidata_task06_20260810,team_shared,team_shared_source,广西壮族自治区,南宁市,宾阳县,宾阳县,assigned_within,False,16.998930973931888,near_flood,potential_remote_sensing_assessment,within_500m_of_task20_new_flood_extent,1042.4347581863403,overlapping_buffers_not_additive,rescue_by_002,宾阳县黎塘消防救援站,10141.727119086056,rescue_by_002,宾阳县黎塘消防救援站,10141.727119086056,nanning_flood_20260706_0707,2026-07-07,dispatch_v3,074f2c6841becf074f14d90e06a2e9672972f1ec,POINT (108.996649 23.129665)
gis_osm_places_free,<NA>,9158122400,village,settlements:gis_osm_places_free:9158122400:village,OGC:CRS84,450126,OpenStreetMap,real,kept,<NA>,,village,0,109.001584,23.1291127,,derived_from_source_layer_osm_id_fclass,smartbidata_task06_20260810,team_shared,team_shared_source,广西壮族自治区,南宁市,宾阳县,宾阳县,assigned_within,False,256.71150782340493,near_flood,potential_remote_sensing_assessment,within_500m_of_task20_new_flood_extent,1196.6311235427856,overlapping_buffers_not_additive,rescue_by_002,宾阳县黎塘消防救援站,9807.998407311885,rescue_by_002,宾阳县黎塘消防救援站,9807.998407311885,nanning_flood_20260706_0707,2026-07-07,dispatch_v3,074f2c6841becf074f14d90e06a2e9672972f1ec,POINT (109.001584 23.129113)
gis_osm_places_free,<NA>,9158122401,village,settlements:gis_osm_places_free:9158122401:village,OGC:CRS84,450126,OpenStreetMap,real,kept,<NA>,,village,0,109.0021848,23.1238242,,derived_from_source_layer_osm_id_fclass,smartbidata_task06_20260810,team_shared,team_shared_source,广西壮族自治区,南宁市,宾阳县,宾阳县,assigned_within,False,91.01522314673812,near_flood,potential_remote_sensing_assessment,within_500m_of_task20_new_flood_extent,1114.9429788589478,overlapping_buffers_not_additive,rescue_by_002,宾阳县黎塘消防救援站,10175.336530967461,rescue_by_002,宾阳县黎塘消防救援站,10175.336530967461,nanning_flood_20260706_0707,2026-07-07,dispatch_v3,074f2c6841becf074f14d90e06a2e9672972f1ec,POINT (109.002185 23.123824)
gis_osm_places_free,<NA>,9158122403,village,settlements:gis_osm_places_free:9158122403:village,OGC:CRS84,450126,OpenStreetMap,real,kept,<NA>,,village,0,108.9914131,23.0982468,,derived_from_source_layer_osm_id_fclass,smartbidata_task06_20260810,team_shared,team_shared_source,广西壮族自治区,南宁市,宾阳县,宾阳县,assigned_within,False,249.3256391500663,near_flood,potential_remote_sensing_assessment,within_500m_of_task20_new_flood_extent,1581.8672771453857,overlapping_buffers_not_additive,rescue_by_002,宾阳县黎塘消防救援站,13031.083109804515,rescue_by_002,宾阳县黎塘消防救援站,13031.083109804515,nanning_flood_20260706_0707,2026-07-07,dispatch_v3,074f2c6841becf074f14d90e06a2e9672972f1ec,POINT (108.991413 23.098247)
gis_osm_places_free,<NA>,9158122404,village,settlements:gis_osm_places_free:9158122404:village,OGC:CRS84,450126,OpenStreetMap,real,kept,<NA>,,village,0,109.0013694,23.1034969,,derived_from_source_layer_osm_id_fclass,smartbidata_task06_20260810,team_shared,team_shared_source,广西壮族自治区,南宁市,宾阳县,宾阳县,assigned_within,False,23.49395169794658,near_flood,potential_remote_sensing_assessment,within_500m_of_task20_new_flood_extent,559.8307094573975,overlapping_buffers_not_additive,rescue_by_002,宾阳县黎塘消防救援站,11945.649941842343,rescue_by_002,宾阳县黎塘消防救援站,11945.649941842343,nanning_flood_20260706_0707,2026-07-07,dispatch_v3,074f2c6841becf074f14d90e06a2e9672972f1ec,POINT (109.001369 23.103497)
gis_osm_places_free,<NA>,9158122405,village,settlements:gis_osm_places_free:9158122405:village,OGC:CRS84,450126,OpenStreetMap,real,kept,<NA>,,village,0,108.9972925,23.1134438,,derived_from_source_layer_osm_id_fclass,smartbidata_task06_20260810,team_shared,team_shared_source,广西壮族自治区,南宁市,宾阳县,宾阳县,assigned_within,False,352.4764910334228,near_flood,potential_remote_sensing_assessment,within_500m_of_task20_new_flood_extent,1218.7276611328125,overlapping_buffers_not_additive,rescue_by_002,宾阳县黎塘消防救援站,11358.211231839257,rescue_by_002,宾阳县黎塘消防救援站,11358.211231839257,nanning_flood_20260706_0707,2026-07-07,dispatch_v3,074f2c6841becf074f14d90e06a2e9672972f1ec,POINT (108.997292 23.113444)
gis_osm_places_free,<NA>,9482699703,village,settlements:gis_osm_places_free:9482699703:village,OGC:CRS84,450126,OpenStreetMap,real,kept,<NA>,覃村,village,0,109.1836596,23.2111405,,derived_from_source_layer_osm_id_fclass,smartbidata_task06_20260810,team_shared,team_shared_source,广西壮族自治区,南宁市,宾阳县,宾阳县,assigned_within,False,429.49681596351894,near_flood,potential_remote_sensing_assessment,within_500m_of_task20_new_flood_extent,1421.884256362915,overlapping_buffers_not_additive,rescue_by_002,宾阳县黎塘消防救援站,11727.899224213592,rescue_by_002,宾阳县黎塘消防救援站,11727.899224213592,nanning_flood_20260706_0707,2026-07-07,dispatch_v3,074f2c6841becf074f14d90e06a2e9672972f1ec,POINT (109.18366 23.21114)
gis_osm_places_free,<NA>,9482720298,village,settlements:gis_osm_places_free:9482720298:village,OGC:CRS84,450126,OpenStreetMap,real,kept,<NA>,凌贵,village,0,109.152272,23.2651049,,derived_from_source_layer_osm_id_fclass,smartbidata_task06_20260810,team_shared,team_shared_source,广西壮族自治区,南宁市,宾阳县,宾阳县,assigned_within,False,312.4503119640911,near_flood,potential_remote_sensing_assessment,within_500m_of_task20_new_flood_extent,1676.5359926223755,overlapping_buffers_not_additive,rescue_by_002,宾阳县黎塘消防救援站,11754.487961256953,rescue_by_002,宾阳县黎塘消防救援站,11754.487961256953,nanning_flood_20260706_0707,2026-07-07,dispatch_v3,074f2c6841becf074f14d90e06a2e9672972f1ec,POINT (109.152272 23.265105)
gis_osm_places_free,<NA>,9482720308,village,settlements:gis_osm_places_free:9482720308:village,OGC:CRS84,450126,OpenStreetMap,real,kept,<NA>,三奇,village,0,109.142744,23.258035,,derived_from_source_layer_osm_id_fclass,smartbidata_task06_20260810,team_shared,team_shared_source,广西壮族自治区,南宁市,宾阳县,宾阳县,assigned_within,False,351.70867144642125,near_flood,potential_remote_sensing_assessment,within_500m_of_task20_new_flood_extent,1358.2270317077637,overlapping_buffers_not_additive,rescue_by_002,宾阳县黎塘消防救援站,10513.077554207746,rescue_by_002,宾阳县黎塘消防救援站,10513.077554207746,nanning_flood_20260706_0707,2026-07-07,dispatch_v3,074f2c6841becf074f14d90e06a2e9672972f1ec,POINT (109.142744 23.258035)
gis_osm_places_free,<NA>,9482722337,village,settlements:gis_osm_places_free:9482722337:village,OGC:CRS84,450126,OpenStreetMap,real,kept,<NA>,三六,village,0,109.1350887,23.2521971,,derived_from_source_layer_osm_id_fclass,smartbidata_task06_20260810,team_shared,team_shared_source,广西壮族自治区,南宁市,宾阳县,宾阳县,assigned_within,False,147.7845985442748,near_flood,potential_remote_sensing_assessment,within_500m_of_task20_new_flood_extent,2461.154887199402,overlapping_buffers_not_additive,rescue_by_002,宾阳县黎塘消防救援站,9504.615480231756,rescue_by_002,宾阳县黎塘消防救援站,9504.615480231756,nanning_flood_20260706_0707,2026-07-07,dispatch_v3,074f2c6841becf074f14d90e06a2e9672972f1ec,POINT (109.135089 23.252197)
gis_osm_places_free,<NA>,9482722338,village,settlements:gis_osm_places_free:9482722338:village,OGC:CRS84,450126,OpenStreetMap,real,kept,<NA>,中流,village,0,109.1398378,23.2454011,,derived_from_source_layer_osm_id_fclass,smartbidata_task06_20260810,team_shared,team_shared_source,广西壮族自治区,南宁市,宾阳县,宾阳县,assigned_within,False,40.30283469350764,near_flood,potential_remote_sensing_assessment,within_500m_of_task20_new_flood_extent,2482.5091400146484,overlapping_buffers_not_additive,rescue_by_002,宾阳县黎塘消防救援站,9330.120719898581,rescue_by_002,宾阳县黎塘消防救援站,9330.120719898581,nanning_flood_20260706_0707,2026-07-07,dispatch_v3,074f2c6841becf074f14d90e06a2e9672972f1ec,POINT (109.139838 23.245401)
gis_osm_places_free,<NA>,11118428527,village,settlements:gis_osm_places_free:11118428527:village,OGC:CRS84,450126,OpenStreetMap,real,kept,<NA>,高塘,village,0,109.1424282,23.1957024,,derived_from_source_layer_osm_id_fclass,smartbidata_task06_20260810,team_shared,team_shared_source,广西壮族自治区,南宁市,宾阳县,宾阳县,assigned_within,False,146.56717046874357,near_flood,potential_remote_sensing_assessment,within_500m_of_task20_new_flood_extent,8357.700364112854,overlapping_buffers_not_additive,rescue_by_002,宾阳县黎塘消防救援站,7296.998021293025,rescue_by_002,宾阳县黎塘消防救援站,7296.998021293025,nanning_flood_20260706_0707,2026-07-07,dispatch_v3,074f2c6841becf074f14d90e06a2e9672972f1ec,POINT (109.142428 23.195702)
gis_osm_places_free,<NA>,11118958452,village,settlements:gis_osm_places_free:11118958452:village,OGC:CRS84,450126,OpenStreetMap,real,kept,<NA>,常安,village,0,109.1461042,23.1996775,,derived_from_source_layer_osm_id_fclass,smartbidata_task06_20260810,team_shared,team_shared_source,广西壮族自治区,南宁市,宾阳县,宾阳县,assigned_within,False,84.15153570305215,near_flood,potential_remote_sensing_assessment,within_500m_of_task20_new_flood_extent,9124.723333358765,overlapping_buffers_not_additive,rescue_by_002,宾阳县黎塘消防救援站,7722.030783035732,rescue_by_002,宾阳县黎塘消防救援站,7722.030783035732,nanning_flood_20260706_0707,2026-07-07,dispatch_v3,074f2c6841becf074f14d90e06a2e9672972f1ec,POINT (109.146104 23.199678)
gis_osm_places_free,<NA>,11118958453,village,settlements:gis_osm_places_free:11118958453:village,OGC:CRS84,450126,OpenStreetMap,real,kept,<NA>,潘山,village,0,109.1514899,23.1991338,,derived_from_source_layer_osm_id_fclass,smartbidata_task06_20260810,team_shared,team_shared_source,广西壮族自治区,南宁市,宾阳县,宾阳县,assigned_within,False,482.18336705364777,near_flood,potential_remote_sensing_assessment,within_500m_of_task20_new_flood_extent,7902.716115951538,overlapping_buffers_not_additive,rescue_by_002,宾阳县黎塘消防救援站,8260.08472601377,rescue_by_002,宾阳县黎塘消防救援站,8260.08472601377,nanning_flood_20260706_0707,2026-07-07,dispatch_v3,074f2c6841becf074f14d90e06a2e9672972f1ec,POINT (109.15149 23.199134)
gis_osm_places_free,<NA>,13433772437,hamlet,settlements:gis_osm_places_free:13433772437:hamlet,OGC:CRS84,450126,OpenStreetMap,real,kept,<NA>,莲花新村,hamlet,0,109.0571308,23.2330017,,derived_from_source_layer_osm_id_fclass,smartbidata_task06_20260810,team_shared,team_shared_source,广西壮族自治区,南宁市,宾阳县,宾阳县,assigned_within,False,57.34938314335242,near_flood,potential_remote_sensing_assessment,within_500m_of_task20_new_flood_extent,3003.638903617859,overlapping_buffers_not_additive,rescue_by_002,宾阳县黎塘消防救援站,5011.907258388421,rescue_by_002,宾阳县黎塘消防救援站,5011.907258388421,nanning_flood_20260706_0707,2026-07-07,dispatch_v3,074f2c6841becf074f14d90e06a2e9672972f1ec,POINT (109.057131 23.233002)
