source_layer,source_fid,osm_id,fclass,record_id,source_crs,district_code,data_source,data_type,dedup_status,dedup_reason,road_name,road_class,road_ref,oneway,maxspeed_kmh,bridge_flag,tunnel_flag,layer_level,longitude,latitude,source_record_id,record_id_origin,boundary_version,boundary_status,code_validation_status,province,city,district,road_length_m,flood_intersection_length_m,flood_intersection_ratio,intersecting_flood_polygon_count,suspected_affected,suspected_impassable_review,bridge_flag_normalized,bridge_review,assessment_status,evidence,event_id,analysis_date,calculation_version,source_commit,geometry
gis_osm_roads_free,<NA>,1347528967,residential,roads:gis_osm_roads_free:1347528967:residential,OGC:CRS84,450181,OpenStreetMap,real,kept,<NA>,,residential,,B,0,F,F,0,109.1363004,22.6109758,,derived_from_source_layer_osm_id_fclass,smartbidata_task06_20260810,team_shared,team_shared_source,广西壮族自治区,南宁市,横州市,647.6776606548569,74.88335285058821,0.1156182425295861,1,True,False,False,False,疑似受影响，需现场核查,Task_20洪涝范围相交筛查；道路通行状态需现场核查,nanning_flood_20260706_0707,2026-07-07,dispatch_v3,074f2c6841becf074f14d90e06a2e9672972f1ec,"LINESTRING (109.139755 22.610136, 109.139304 22.610246, 109.138187 22.610517, 109.1363 22.610976, 109.134939 22.611307, 109.133659 22.611618)"
gis_osm_roads_free,<NA>,1347528978,residential,roads:gis_osm_roads_free:1347528978:residential,OGC:CRS84,450181,OpenStreetMap,real,kept,<NA>,,residential,,B,0,F,F,0,109.1364291,22.6114474,,derived_from_source_layer_osm_id_fclass,smartbidata_task06_20260810,team_shared,team_shared_source,广西壮族自治区,南宁市,横州市,599.329872218572,80.5970305494217,0.13447858063718948,1,True,False,False,False,疑似受影响，需现场核查,Task_20洪涝范围相交筛查；道路通行状态需现场核查,nanning_flood_20260706_0707,2026-07-07,dispatch_v3,074f2c6841becf074f14d90e06a2e9672972f1ec,"LINESTRING (109.133796 22.612097, 109.135067 22.611783, 109.136429 22.611447, 109.138324 22.61098, 109.139431 22.610707)"
gis_osm_roads_free,<NA>,1347528977,residential,roads:gis_osm_roads_free:1347528977:residential,OGC:CRS84,450181,OpenStreetMap,real,kept,<NA>,,residential,,B,0,F,F,0,109.1350666,22.6117833,,derived_from_source_layer_osm_id_fclass,smartbidata_task06_20260810,team_shared,team_shared_source,广西壮族自治区,南宁市,横州市,208.09411676977788,84.99100996355949,0.40842581848475873,1,True,True,False,False,疑似受影响，需现场核查,Task_20洪涝范围相交筛查；道路通行状态需现场核查,nanning_flood_20260706_0707,2026-07-07,dispatch_v3,074f2c6841becf074f14d90e06a2e9672972f1ec,"LINESTRING (109.134815 22.610843, 109.134939 22.611307, 109.135067 22.611783, 109.135187 22.612232, 109.135303 22.612666)"
gis_osm_roads_free,<NA>,1347528965,residential,roads:gis_osm_roads_free:1347528965:residential,OGC:CRS84,450181,OpenStreetMap,real,kept,<NA>,,residential,,B,0,F,F,0,109.1385403,22.6118701,,derived_from_source_layer_osm_id_fclass,smartbidata_task06_20260810,team_shared,team_shared_source,广西壮族自治区,南宁市,横州市,838.6760532965295,113.16278138930126,0.134930264128205,1,True,True,False,False,疑似受影响，需现场核查,Task_20洪涝范围相交筛查；道路通行状态需现场核查,nanning_flood_20260706_0707,2026-07-07,dispatch_v3,074f2c6841becf074f14d90e06a2e9672972f1ec,"LINESTRING (109.13406 22.612963, 109.135303 22.612666, 109.13667 22.61233, 109.13854 22.61187, 109.138587 22.61186, 109.139685 22.611628, 109.140144 22.611531, 109.140871 22.611345, 109.141959 22.611068)"
gis_osm_roads_free,<NA>,1347528964,residential,roads:gis_osm_roads_free:1347528964:residential,OGC:CRS84,450181,OpenStreetMap,real,kept,<NA>,,residential,,B,0,F,F,0,109.1337955,22.6120966,,derived_from_source_layer_osm_id_fclass,smartbidata_task06_20260810,team_shared,team_shared_source,广西壮族自治区,南宁市,横州市,209.43085877282587,85.70798146134473,0.4092423722251648,1,True,True,False,False,疑似受影响，需现场核查,Task_20洪涝范围相交筛查；道路通行状态需现场核查,nanning_flood_20260706_0707,2026-07-07,dispatch_v3,074f2c6841becf074f14d90e06a2e9672972f1ec,"LINESTRING (109.133524 22.611139, 109.133659 22.611618, 109.133796 22.612097, 109.13392 22.612533, 109.13406 22.612963)"
gis_osm_roads_free,<NA>,387827486,tertiary,roads:gis_osm_roads_free:387827486:tertiary,OGC:CRS84,450181,OpenStreetMap,real,kept,<NA>,,tertiary,,B,0,F,F,0,109.1416821,22.5365793,,derived_from_source_layer_osm_id_fclass,smartbidata_task06_20260810,team_shared,team_shared_source,广西壮族自治区,南宁市,横州市,3098.5613942837986,137.77729555873333,0.04446492356514342,1,True,True,False,False,疑似受影响，需现场核查,Task_20洪涝范围相交筛查；道路通行状态需现场核查,nanning_flood_20260706_0707,2026-07-07,dispatch_v3,074f2c6841becf074f14d90e06a2e9672972f1ec,"LINESTRING (109.13031 22.536877, 109.131511 22.536976, 109.136725 22.536758, 109.137562 22.536421, 109.13915 22.536242, 109.141103 22.537015, 109.141682 22.536579, 109.141982 22.535866, 109.142185 22.535138, 109.143141 22.534082, 109.14415 22.533844, 109.144996 22.534306, 109.146081 22.534181, 109.147357 22.534544, 109.147562 22.536361, 109.146725 22.537808, 109.147025 22.539275, 109.147047 22.541375, 109.147647 22.542703, 109.147816 22.543461, 109.147971 22.544153)"
gis_osm_roads_free,<NA>,488313342,secondary,roads:gis_osm_roads_free:488313342:secondary,OGC:CRS84,450181,OpenStreetMap,real,kept,<NA>,西津路,secondary,,B,0,F,F,0,109.2530136,22.6722638,,derived_from_source_layer_osm_id_fclass,smartbidata_task06_20260810,team_shared,team_shared_source,广西壮族自治区,南宁市,横州市,1831.635687815686,110.29760479351086,0.06021809114510434,1,True,True,False,False,疑似受影响，需现场核查,Task_20洪涝范围相交筛查；道路通行状态需现场核查,nanning_flood_20260706_0707,2026-07-07,dispatch_v3,074f2c6841becf074f14d90e06a2e9672972f1ec,"LINESTRING (109.252955 22.680344, 109.253162 22.679856, 109.253311 22.679504, 109.253617 22.67869, 109.25361 22.678075, 109.253471 22.676385, 109.253288 22.674986, 109.253009 22.673897, 109.253014 22.672264, 109.253104 22.671436, 109.253341 22.670837, 109.253428 22.670382, 109.253214 22.668764, 109.253088 22.668053, 109.252996 22.667509, 109.252661 22.664662, 109.252515 22.664076)"
gis_osm_roads_free,<NA>,240032527,trunk,roads:gis_osm_roads_free:240032527:trunk,OGC:CRS84,450181,OpenStreetMap,real,kept,<NA>,,trunk,G209,B,0,F,F,0,109.331972,22.6540614,,derived_from_source_layer_osm_id_fclass,smartbidata_task06_20260810,team_shared,team_shared_source,广西壮族自治区,南宁市,横州市,12271.608265977673,41.05564477218655,0.003345579803587029,1,True,False,False,False,疑似受影响，需现场核查,Task_20洪涝范围相交筛查；道路通行状态需现场核查,nanning_flood_20260706_0707,2026-07-07,dispatch_v3,074f2c6841becf074f14d90e06a2e9672972f1ec,"LINESTRING (109.333941 22.701095, 109.333144 22.699859, 109.333041 22.699698, 109.332031 22.698128, 109.329371 22.694074, 109.327475 22.691183, 109.327152 22.690582, 109.327018 22.689923, 109.327061 22.689078, 109.327202 22.688199, 109.327342 22.687855, 109.327776 22.687212, 109.32849 22.686429, 109.330018 22.684941, 109.330482 22.684502, 109.331056 22.683854, 109.331306 22.683251, 109.331471 22.682484, 109.331685 22.680636, 109.331654 22.680112, 109.331551 22.67939, 109.331606 22.67894, 109.331795 22.6785, 109.331984 22.678241, 109.332406 22.678043, 109.332864 22.677672, 109.333132 22.677328, 109.333224 22.677057, 109.333236 22.676054, 109.333139 22.675017, 109.333126 22.674374, 109.333291 22.673828, 109.333468 22.673422, 109.333694 22.672954, 109.333725 22.672458, 109.333578 22.672047, 109.333132 22.671264, 109.333023 22.670892, 109.332992 22.670396, 109.333078 22.669798, 109.333389 22.668654, 109.333774 22.667938, 109.334586 22.666304, 109.334714 22.66592, 109.334763 22.665498, 109.334751 22.665188, 109.33469 22.664816, 109.334568 22.664489, 109.333694 22.663001, 109.332174 22.660436, 109.332064 22.660166, 109.331978 22.659771, 109.332045 22.659382, 109.332271 22.658819, 109.332613 22.658018, 109.332705 22.65768, 109.332717 22.657291, 109.332632 22.656767, 109.33232 22.655544, 109.331972 22.654061, 109.33199 22.653605, 109.332137 22.653126, 109.332412 22.65272, 109.332839 22.652399, 109.333432 22.652162, 109.33483 22.651666, 109.33527 22.65148, 109.335637 22.651175, 109.335893 22.650792, 109.336034 22.650268, 109.336095 22.64989, 109.336083 22.649456, 109.33596 22.649112, 109.335783 22.648842, 109.335466 22.648616, 109.335112 22.648487, 109.334165 22.648289, 109.333725 22.648165, 109.333236 22.647867, 109.332864 22.647489, 109.332626 22.646976, 109.332326 22.645781, 109.332168 22.64546, 109.332002 22.645234, 109.331703 22.644964, 109.331282 22.644778, 109.330146 22.644507, 109.329883 22.644406, 109.329529 22.64418, 109.329211 22.643842, 109.324435 22.637258, 109.323635 22.636536, 109.323348 22.636164, 109.322584 22.635036, 109.322059 22.634343, 109.32168 22.633982, 109.321265 22.633734, 109.320782 22.633571, 109.320239 22.633424, 109.319121 22.632866, 109.318028 22.632404, 109.317777 22.632206, 109.31757 22.631902, 109.317411 22.63144, 109.31738 22.630921, 109.31727 22.630453, 109.317087 22.630103, 109.316873 22.629844, 109.316592 22.629574, 109.315382 22.628465, 109.315222 22.628267, 109.315045 22.62797, 109.314941 22.627761, 109.314749 22.627048, 109.31462 22.626783, 109.3145 22.626588, 109.313362 22.624968, 109.312653 22.623982, 109.312347 22.623575, 109.312164 22.623377, 109.311761 22.623039, 109.311292 22.622714, 109.310646 22.622202, 109.310415 22.621972, 109.310248 22.621727, 109.310088 22.621454, 109.309609 22.620456, 109.309095 22.619572, 109.308896 22.619269, 109.308398 22.618635, 109.308156 22.618236, 109.308061 22.618042, 109.307979 22.617809, 109.307932 22.617509, 109.307973 22.616398, 109.307872 22.615857, 109.307705 22.615295, 109.307639 22.615045, 109.307636 22.614746, 109.307686 22.614446, 109.307759 22.614184, 109.307982 22.613692, 109.308083 22.613378, 109.308105 22.613154, 109.308086 22.612753, 109.308059 22.612636, 109.308008 22.612418, 109.307664 22.611691, 109.307194 22.6108, 109.306309 22.609049)"
gis_osm_roads_free,<NA>,488313354,secondary,roads:gis_osm_roads_free:488313354:secondary,OGC:CRS84,450181,OpenStreetMap,real,kept,<NA>,,secondary,X477,B,0,F,F,0,109.3183851,22.6872535,,derived_from_source_layer_osm_id_fclass,smartbidata_task06_20260810,team_shared,team_shared_source,广西壮族自治区,南宁市,横州市,2592.891174397737,399.7386928805938,0.15416716938513358,1,True,True,False,False,疑似受影响，需现场核查,Task_20洪涝范围相交筛查；道路通行状态需现场核查,nanning_flood_20260706_0707,2026-07-07,dispatch_v3,074f2c6841becf074f14d90e06a2e9672972f1ec,"LINESTRING (109.322371 22.696504, 109.322274 22.696367, 109.320944 22.694969, 109.320166 22.694158, 109.320032 22.693965, 109.319844 22.693029, 109.319533 22.691624, 109.319469 22.691495, 109.319165 22.691069, 109.318802 22.690559, 109.318691 22.690376, 109.318656 22.690237, 109.318686 22.69001, 109.31904 22.689001, 109.319067 22.688784, 109.319066 22.688657, 109.319034 22.688456, 109.318385 22.687254, 109.315698 22.682606, 109.315226 22.681478, 109.315196 22.681066, 109.315032 22.680682, 109.31475 22.680362, 109.314376 22.680137, 109.313945 22.680026, 109.313498 22.680042, 109.311889 22.679438, 109.31014 22.67833, 109.309832 22.678149)"
gis_osm_roads_free,<NA>,990286341,motorway,roads:gis_osm_roads_free:990286341:motorway,OGC:CRS84,450181,OpenStreetMap,real,kept,<NA>,深南高速,motorway,G0412,F,120,F,F,0,109.3069063,22.6657351,,derived_from_source_layer_osm_id_fclass,smartbidata_task06_20260810,team_shared,team_shared_source,广西壮族自治区,南宁市,横州市,6109.334377826398,39.60128963205953,0.006482095623344982,1,True,False,False,False,疑似受影响，需现场核查,Task_20洪涝范围相交筛查；道路通行状态需现场核查,nanning_flood_20260706_0707,2026-07-07,dispatch_v3,074f2c6841becf074f14d90e06a2e9672972f1ec,"LINESTRING (109.33401 22.664176, 109.33023 22.664552, 109.327652 22.665025, 109.324374 22.665707, 109.320034 22.666798, 109.318071 22.667066, 109.317618 22.667116, 109.317164 22.667157, 109.316709 22.667188, 109.316253 22.66721, 109.315797 22.667222, 109.315341 22.667225, 109.314885 22.667219, 109.314429 22.667204, 109.313974 22.667179, 109.313519 22.667145, 109.313065 22.667101, 109.312613 22.667049, 109.312162 22.666987, 109.311772 22.666926, 109.311385 22.666858, 109.310998 22.666783, 109.310614 22.666702, 109.310231 22.666613, 109.30985 22.666518, 109.306906 22.665735, 109.30139 22.664042, 109.294257 22.662003, 109.290071 22.660824, 109.285894 22.659509, 109.283569 22.659076, 109.281271 22.658751, 109.279536 22.658699, 109.276197 22.658804)"
gis_osm_roads_free,<NA>,990286366,motorway,roads:gis_osm_roads_free:990286366:motorway,OGC:CRS84,450181,OpenStreetMap,real,kept,<NA>,深南高速,motorway,G0412,F,120,F,F,0,109.3069482,22.6656107,,derived_from_source_layer_osm_id_fclass,smartbidata_task06_20260810,team_shared,team_shared_source,广西壮族自治区,南宁市,横州市,6107.635398067832,167.49519618821768,0.02742390225867203,2,True,True,False,False,疑似受影响，需现场核查,Task_20洪涝范围相交筛查；道路通行状态需现场核查,nanning_flood_20260706_0707,2026-07-07,dispatch_v3,074f2c6841becf074f14d90e06a2e9672972f1ec,"LINESTRING (109.276199 22.658674, 109.279535 22.658569, 109.281279 22.658621, 109.283592 22.658948, 109.28593 22.659383, 109.290115 22.6607, 109.294299 22.661878, 109.301434 22.663918, 109.306948 22.665611, 109.309888 22.666393, 109.310266 22.666487, 109.310647 22.666575, 109.311029 22.666656, 109.311412 22.66673, 109.311797 22.666798, 109.312184 22.666858, 109.312632 22.66692, 109.313081 22.666972, 109.313532 22.667015, 109.313984 22.667049, 109.314436 22.667074, 109.314889 22.667089, 109.315342 22.667095, 109.315795 22.667092, 109.316248 22.66708, 109.3167 22.667058, 109.317152 22.667027, 109.317603 22.666987, 109.318052 22.666937, 109.320005 22.66667, 109.32434 22.665581, 109.327623 22.664898, 109.330208 22.664423, 109.333996 22.664046)"
gis_osm_roads_free,<NA>,940664044,primary,roads:gis_osm_roads_free:940664044:primary,OGC:CRS84,450181,OpenStreetMap,real,kept,<NA>,茉莉花大道,primary,,B,0,F,F,0,109.2833664,22.6957066,,derived_from_source_layer_osm_id_fclass,smartbidata_task06_20260810,team_shared,team_shared_source,广西壮族自治区,南宁市,横州市,740.2081873749993,96.02797543193898,0.1297310365783484,1,True,False,False,False,疑似受影响，需现场核查,Task_20洪涝范围相交筛查；道路通行状态需现场核查,nanning_flood_20260706_0707,2026-07-07,dispatch_v3,074f2c6841becf074f14d90e06a2e9672972f1ec,"LINESTRING (109.280399 22.697209, 109.283217 22.695782, 109.283366 22.695707, 109.286724 22.694007)"
gis_osm_roads_free,<NA>,858265135,residential,roads:gis_osm_roads_free:858265135:residential,OGC:CRS84,450181,OpenStreetMap,real,kept,<NA>,,residential,,B,0,F,F,0,109.3207186,22.6984632,,derived_from_source_layer_osm_id_fclass,smartbidata_task06_20260810,team_shared,team_shared_source,广西壮族自治区,南宁市,横州市,141.5218634849356,13.036646268919709,0.09211754246231646,1,True,False,False,False,疑似受影响，需现场核查,Task_20洪涝范围相交筛查；道路通行状态需现场核查,nanning_flood_20260706_0707,2026-07-07,dispatch_v3,074f2c6841becf074f14d90e06a2e9672972f1ec,"LINESTRING (109.320228 22.698538, 109.320512 22.69852, 109.320595 22.69849, 109.320719 22.698463, 109.321185 22.698557, 109.321427 22.698669, 109.321547 22.698714)"
gis_osm_roads_free,<NA>,858265191,residential,roads:gis_osm_roads_free:858265191:residential,OGC:CRS84,450181,OpenStreetMap,real,kept,<NA>,,residential,,B,0,F,F,0,109.3231782,22.6987923,,derived_from_source_layer_osm_id_fclass,smartbidata_task06_20260810,team_shared,team_shared_source,广西壮族自治区,南宁市,横州市,817.0908522567613,41.51654267375573,0.05081019149717471,1,True,False,False,False,疑似受影响，需现场核查,Task_20洪涝范围相交筛查；道路通行状态需现场核查,nanning_flood_20260706_0707,2026-07-07,dispatch_v3,074f2c6841becf074f14d90e06a2e9672972f1ec,"LINESTRING (109.321523 22.698772, 109.321502 22.69902, 109.321395 22.699342, 109.321582 22.699817, 109.321668 22.699931, 109.321797 22.69998, 109.322022 22.700069, 109.322081 22.700128, 109.322151 22.700237, 109.322264 22.700341, 109.322644 22.700529, 109.323111 22.700599, 109.323261 22.700574, 109.323401 22.700475, 109.323503 22.70042, 109.323626 22.700265, 109.32364 22.7002, 109.323441 22.699683, 109.323315 22.699104, 109.323283 22.698928, 109.323178 22.698792, 109.323103 22.698384, 109.323036 22.698263, 109.322757 22.698052, 109.322709 22.697961, 109.322636 22.697471, 109.322618 22.697003, 109.322564 22.696862, 109.322457 22.696699, 109.322338 22.696596)"
gis_osm_roads_free,<NA>,488313353,tertiary,roads:gis_osm_roads_free:488313353:tertiary,OGC:CRS84,450181,OpenStreetMap,real,kept,<NA>,,tertiary,,B,0,F,F,0,109.3238729,22.6930985,,derived_from_source_layer_osm_id_fclass,smartbidata_task06_20260810,team_shared,team_shared_source,广西壮族自治区,南宁市,横州市,844.8870504169506,504.2946555560383,0.5968781925432158,1,True,True,False,False,疑似受影响，需现场核查,Task_20洪涝范围相交筛查；道路通行状态需现场核查,nanning_flood_20260706_0707,2026-07-07,dispatch_v3,074f2c6841becf074f14d90e06a2e9672972f1ec,"LINESTRING (109.322371 22.696504, 109.322864 22.695415, 109.323487 22.69391, 109.323873 22.693098, 109.324624 22.692505, 109.327152 22.690582)"
gis_osm_roads_free,<NA>,940664028,residential,roads:gis_osm_roads_free:940664028:residential,OGC:CRS84,450181,OpenStreetMap,real,kept,<NA>,,residential,,B,0,F,F,0,109.2523093,22.6876106,,derived_from_source_layer_osm_id_fclass,smartbidata_task06_20260810,team_shared,team_shared_source,广西壮族自治区,南宁市,横州市,234.34518548098123,72.88409049451491,0.3110116828085208,1,True,True,False,False,疑似受影响，需现场核查,Task_20洪涝范围相交筛查；道路通行状态需现场核查,nanning_flood_20260706_0707,2026-07-07,dispatch_v3,074f2c6841becf074f14d90e06a2e9672972f1ec,"LINESTRING (109.251908 22.687028, 109.252309 22.687611, 109.252912 22.688486, 109.253136 22.688811)"
gis_osm_roads_free,<NA>,940664029,residential,roads:gis_osm_roads_free:940664029:residential,OGC:CRS84,450181,OpenStreetMap,real,kept,<NA>,,residential,,B,0,F,F,0,109.2546574,22.6862689,,derived_from_source_layer_osm_id_fclass,smartbidata_task06_20260810,team_shared,team_shared_source,广西壮族自治区,南宁市,横州市,603.2280453139468,51.6509315337582,0.08562422111338797,1,True,False,False,False,疑似受影响，需现场核查,Task_20洪涝范围相交筛查；道路通行状态需现场核查,nanning_flood_20260706_0707,2026-07-07,dispatch_v3,074f2c6841becf074f14d90e06a2e9672972f1ec,"LINESTRING (109.256723 22.684108, 109.254657 22.686269, 109.253301 22.687044, 109.252309 22.687611)"
gis_osm_roads_free,<NA>,940664031,unclassified,roads:gis_osm_roads_free:940664031:unclassified,OGC:CRS84,450181,OpenStreetMap,real,kept,<NA>,,unclassified,,B,0,F,F,0,109.2538923,22.6879098,,derived_from_source_layer_osm_id_fclass,smartbidata_task06_20260810,team_shared,team_shared_source,广西壮族自治区,南宁市,横州市,339.2177449962227,40.849739319171626,0.12042335615321806,1,True,False,False,False,疑似受影响，需现场核查,Task_20洪涝范围相交筛查；道路通行状态需现场核查,nanning_flood_20260706_0707,2026-07-07,dispatch_v3,074f2c6841becf074f14d90e06a2e9672972f1ec,"LINESTRING (109.25246 22.688752, 109.252912 22.688486, 109.253892 22.68791, 109.255249 22.687112)"
gis_osm_roads_free,<NA>,940664032,unclassified,roads:gis_osm_roads_free:940664032:unclassified,OGC:CRS84,450181,OpenStreetMap,real,kept,<NA>,,unclassified,,B,0,F,F,0,109.2533014,22.6870437,,derived_from_source_layer_osm_id_fclass,smartbidata_task06_20260810,team_shared,team_shared_source,广西壮族自治区,南宁市,横州市,241.84673180497487,61.295155171172304,0.2534462827498562,1,True,True,False,False,疑似受影响，需现场核查,Task_20洪涝范围相交筛查；道路通行状态需现场核查,nanning_flood_20260706_0707,2026-07-07,dispatch_v3,074f2c6841becf074f14d90e06a2e9672972f1ec,"LINESTRING (109.253892 22.68791, 109.253301 22.687044, 109.252634 22.686065)"
gis_osm_roads_free,<NA>,488313343,secondary,roads:gis_osm_roads_free:488313343:secondary,OGC:CRS84,450181,OpenStreetMap,real,kept,<NA>,,secondary,,B,0,F,F,0,109.2557233,22.6832686,,derived_from_source_layer_osm_id_fclass,smartbidata_task06_20260810,team_shared,team_shared_source,广西壮族自治区,南宁市,横州市,1077.47415262473,10.78720600657769,0.010011568240685892,1,True,False,False,False,疑似受影响，需现场核查,Task_20洪涝范围相交筛查；道路通行状态需现场核查,nanning_flood_20260706_0707,2026-07-07,dispatch_v3,074f2c6841becf074f14d90e06a2e9672972f1ec,"LINESTRING (109.252955 22.680344, 109.252983 22.680424, 109.253057 22.68052, 109.253188 22.680611, 109.25342 22.680702, 109.254126 22.680928, 109.254699 22.68108, 109.255197 22.681312, 109.255439 22.681794, 109.255505 22.68207, 109.255629 22.682925, 109.255723 22.683269, 109.256723 22.684108, 109.257777 22.685034, 109.258491 22.686107, 109.258763 22.686516, 109.259334 22.687373)"
gis_osm_roads_free,<NA>,940665061,unclassified,roads:gis_osm_roads_free:940665061:unclassified,OGC:CRS84,450181,OpenStreetMap,real,kept,<NA>,,unclassified,,B,0,F,F,0,109.2546184,22.6880318,,derived_from_source_layer_osm_id_fclass,smartbidata_task06_20260810,team_shared,team_shared_source,广西壮族自治区,南宁市,横州市,857.9488435344848,57.15439262622999,0.06661748314826267,1,True,False,False,False,疑似受影响，需现场核查,Task_20洪涝范围相交筛查；道路通行状态需现场核查,nanning_flood_20260706_0707,2026-07-07,dispatch_v3,074f2c6841becf074f14d90e06a2e9672972f1ec,"LINESTRING (109.251325 22.689538, 109.251648 22.68941, 109.251904 22.689234, 109.252083 22.68914, 109.252246 22.689109, 109.25244 22.689112, 109.252579 22.689155, 109.25272 22.689157, 109.252905 22.689098, 109.253084 22.688995, 109.253266 22.688833, 109.253491 22.688688, 109.254618 22.688032, 109.255861 22.687985, 109.25631 22.68787, 109.258763 22.686516)"
gis_osm_roads_free,<NA>,488119491,unclassified,roads:gis_osm_roads_free:488119491:unclassified,OGC:CRS84,450181,OpenStreetMap,real,kept,<NA>,,unclassified,,B,0,F,F,0,109.2766094,22.7383365,,derived_from_source_layer_osm_id_fclass,smartbidata_task06_20260810,team_shared,team_shared_source,广西壮族自治区,南宁市,横州市,3707.775014184961,2563.0997804979156,0.6912770517877103,1,True,True,False,False,疑似受影响，需现场核查,Task_20洪涝范围相交筛查；道路通行状态需现场核查,nanning_flood_20260706_0707,2026-07-07,dispatch_v3,074f2c6841becf074f14d90e06a2e9672972f1ec,"LINESTRING (109.255562 22.73823, 109.276609 22.738336, 109.286848 22.738389, 109.29167 22.73842)"
gis_osm_roads_free,<NA>,240032522,trunk,roads:gis_osm_roads_free:240032522:trunk,OGC:CRS84,450181,OpenStreetMap,real,kept,<NA>,,trunk,G324,B,0,F,F,0,109.3009722,22.7157215,,derived_from_source_layer_osm_id_fclass,smartbidata_task06_20260810,team_shared,team_shared_source,广西壮族自治区,南宁市,横州市,4916.615235286207,125.2361965000721,0.025472035232950625,1,True,True,False,False,疑似受影响，需现场核查,Task_20洪涝范围相交筛查；道路通行状态需现场核查,nanning_flood_20260706_0707,2026-07-07,dispatch_v3,074f2c6841becf074f14d90e06a2e9672972f1ec,"LINESTRING (109.318571 22.721871, 109.308956 22.720094, 109.307828 22.719809, 109.306836 22.719472, 109.305961 22.719141, 109.305217 22.718764, 109.304045 22.718058, 109.303338 22.717627, 109.302673 22.717137, 109.300972 22.715722, 109.28639 22.702491, 109.280399 22.697209)"
gis_osm_roads_free,<NA>,387831592,secondary,roads:gis_osm_roads_free:387831592:secondary,OGC:CRS84,450181,OpenStreetMap,real,kept,<NA>,,secondary,X477,B,0,F,F,0,109.323712,22.7065768,,derived_from_source_layer_osm_id_fclass,smartbidata_task06_20260810,team_shared,team_shared_source,广西壮族自治区,南宁市,横州市,3143.171527110656,66.05320960373994,0.021014828186757917,1,True,False,False,False,疑似受影响，需现场核查,Task_20洪涝范围相交筛查；道路通行状态需现场核查,nanning_flood_20260706_0707,2026-07-07,dispatch_v3,074f2c6841becf074f14d90e06a2e9672972f1ec,"LINESTRING (109.322371 22.696504, 109.322338 22.696596, 109.321867 22.697921, 109.321547 22.698714, 109.321523 22.698772, 109.321336 22.698931, 109.321089 22.699097, 109.320729 22.699228, 109.320601 22.699371, 109.320536 22.699559, 109.320499 22.699827, 109.320332 22.700099, 109.320211 22.70023, 109.319972 22.700489, 109.319474 22.701027, 109.319034 22.701509, 109.318696 22.701935, 109.318659 22.702096, 109.318786 22.702924, 109.318846 22.703316, 109.318981 22.703474, 109.319233 22.703615, 109.319835 22.703801, 109.319898 22.70382, 109.320677 22.704145, 109.3211 22.70432, 109.321408 22.704451, 109.322055 22.704724, 109.322376 22.70486, 109.322476 22.704971, 109.322542 22.705045, 109.322843 22.705461, 109.323712 22.706577, 109.323742 22.706618, 109.323948 22.706898, 109.323996 22.707042, 109.323937 22.70728, 109.323508 22.708353, 109.32369 22.708348, 109.324298 22.707989, 109.324812 22.707685, 109.325096 22.707611, 109.325329 22.707617, 109.325944 22.707665, 109.326493 22.70771, 109.327148 22.707688, 109.32786 22.707792, 109.328443 22.707878, 109.329482 22.708382, 109.330658 22.708952, 109.331552 22.709385, 109.33317 22.710204, 109.333242 22.710232, 109.333652 22.710388, 109.336144 22.711088)"
gis_osm_roads_free,<NA>,858265120,residential,roads:gis_osm_roads_free:858265120:residential,OGC:CRS84,450181,OpenStreetMap,real,kept,<NA>,,residential,,B,0,F,F,0,109.3229449,22.7070469,,derived_from_source_layer_osm_id_fclass,smartbidata_task06_20260810,team_shared,team_shared_source,广西壮族自治区,南宁市,横州市,203.09104980179498,35.539518816691526,0.17499303318081236,1,True,False,False,False,疑似受影响，需现场核查,Task_20洪涝范围相交筛查；道路通行状态需现场核查,nanning_flood_20260706_0707,2026-07-07,dispatch_v3,074f2c6841becf074f14d90e06a2e9672972f1ec,"LINESTRING (109.322119 22.70748, 109.322272 22.707322, 109.322315 22.70724, 109.322358 22.707134, 109.322398 22.707101, 109.322481 22.707104, 109.322704 22.707099, 109.322945 22.707047, 109.32332 22.70679, 109.323712 22.706577)"
gis_osm_roads_free,<NA>,1041303050,unclassified,roads:gis_osm_roads_free:1041303050:unclassified,OGC:CRS84,450181,OpenStreetMap,real,kept,<NA>,,unclassified,,B,0,F,F,0,109.2761253,22.7216042,,derived_from_source_layer_osm_id_fclass,smartbidata_task06_20260810,team_shared,team_shared_source,广西壮族自治区,南宁市,横州市,6030.705813314608,2189.772309195597,0.363103818521708,2,True,True,False,False,疑似受影响，需现场核查,Task_20洪涝范围相交筛查；道路通行状态需现场核查,nanning_flood_20260706_0707,2026-07-07,dispatch_v3,074f2c6841becf074f14d90e06a2e9672972f1ec,"LINESTRING (109.286852 22.742468, 109.28685 22.740405, 109.286848 22.738389, 109.286846 22.736161, 109.286058 22.736071, 109.285766 22.736107, 109.285428 22.736035, 109.284796 22.735909, 109.284608 22.735855, 109.284107 22.735741, 109.283372 22.735549, 109.282988 22.735387, 109.282299 22.735011, 109.282033 22.735011, 109.281855 22.735075, 109.281698 22.735175, 109.28155 22.735284, 109.281323 22.735329, 109.281136 22.735293, 109.28083 22.735266, 109.280583 22.735184, 109.27749 22.730738, 109.277096 22.73024, 109.276795 22.729931, 109.276701 22.729646, 109.276465 22.729202, 109.275095 22.727529, 109.275153 22.727194, 109.275223 22.726783, 109.276248 22.7244, 109.276623 22.7229, 109.276534 22.72245, 109.276219 22.722036, 109.276125 22.721604, 109.275815 22.721197, 109.275844 22.720692, 109.275977 22.718218, 109.275931 22.717131, 109.27575 22.715972, 109.274925 22.714049, 109.274755 22.713495, 109.27463 22.712513, 109.273951 22.710904, 109.272687 22.709071, 109.272622 22.708876, 109.272663 22.708748, 109.272695 22.708636, 109.272834 22.706989, 109.272781 22.706059, 109.272366 22.70337, 109.27222 22.702594, 109.272073 22.702039, 109.27129 22.700313, 109.271268 22.700238, 109.271019 22.699246, 109.270903 22.698772, 109.270792 22.698319, 109.270564 22.697395, 109.270261 22.696159)"
gis_osm_roads_free,<NA>,488119507,secondary,roads:gis_osm_roads_free:488119507:secondary,OGC:CRS84,450181,OpenStreetMap,real,kept,<NA>,横州大道,secondary,X597,B,0,F,F,0,109.252714,22.7779274,,derived_from_source_layer_osm_id_fclass,smartbidata_task06_20260810,team_shared,team_shared_source,广西壮族自治区,南宁市,横州市,10383.80759509556,1473.637471854475,0.14191686993030359,6,True,True,False,False,疑似受影响，需现场核查,Task_20洪涝范围相交筛查；道路通行状态需现场核查,nanning_flood_20260706_0707,2026-07-07,dispatch_v3,074f2c6841becf074f14d90e06a2e9672972f1ec,"LINESTRING (109.257429 22.732216, 109.257018 22.732835, 109.256555 22.733792, 109.256302 22.734966, 109.255562 22.73823, 109.254888 22.741324, 109.253679 22.746638, 109.252889 22.750199, 109.252125 22.753643, 109.251764 22.755253, 109.25146 22.756606, 109.25118 22.757829, 109.250682 22.760005, 109.250142 22.762442, 109.249667 22.764632, 109.249292 22.766249, 109.249175 22.766787, 109.24898 22.767718, 109.248977 22.768336, 109.249103 22.769191, 109.24956 22.770607, 109.250034 22.771482, 109.251577 22.773704, 109.252011 22.774269, 109.252237 22.774674, 109.252457 22.775294, 109.252522 22.775574, 109.25258 22.775993, 109.252714 22.777927, 109.253188 22.782958, 109.253313 22.784225, 109.253366 22.784754, 109.253444 22.785544, 109.253516 22.785936, 109.253805 22.78723, 109.254844 22.791232, 109.255666 22.794326, 109.2558 22.794962, 109.25589 22.795633, 109.255944 22.796222, 109.255954 22.796786, 109.255921 22.797242, 109.255824 22.797776, 109.255688 22.798415, 109.255353 22.799421, 109.254804 22.800734, 109.252585 22.805781, 109.25147 22.808313, 109.250203 22.809875, 109.24956 22.811121, 109.249345 22.812585, 109.248872 22.815027, 109.248636 22.815952, 109.248199 22.816914, 109.245795 22.822001)"
gis_osm_roads_free,<NA>,1543997679,unclassified,roads:gis_osm_roads_free:1543997679:unclassified,OGC:CRS84,450181,OpenStreetMap,real,kept,<NA>,,unclassified,,B,0,F,F,0,109.2890632,22.7536748,,derived_from_source_layer_osm_id_fclass,smartbidata_task06_20260810,team_shared,team_shared_source,广西壮族自治区,南宁市,横州市,3354.1987415572153,2090.4734161661577,0.6232407729053162,2,True,True,False,False,疑似受影响，需现场核查,Task_20洪涝范围相交筛查；道路通行状态需现场核查,nanning_flood_20260706_0707,2026-07-07,dispatch_v3,074f2c6841becf074f14d90e06a2e9672972f1ec,"LINESTRING (109.281945 22.747965, 109.281725 22.748088, 109.281349 22.748311, 109.281274 22.748331, 109.280598 22.748732, 109.280368 22.748929, 109.280201 22.749315, 109.279987 22.749657, 109.279879 22.749859, 109.279697 22.750013, 109.279391 22.749983, 109.279354 22.750062, 109.279343 22.750324, 109.279375 22.750537, 109.279246 22.751464, 109.279209 22.751656, 109.279338 22.75227, 109.279472 22.752631, 109.279547 22.753012, 109.279541 22.753591, 109.279756 22.753843, 109.280003 22.75413, 109.280443 22.754387, 109.280496 22.754392, 109.280646 22.754313, 109.280716 22.754298, 109.281129 22.754377, 109.28129 22.754352, 109.28158 22.754407, 109.281816 22.754491, 109.282127 22.754471, 109.282615 22.754506, 109.282969 22.75454, 109.28342 22.75463, 109.28364 22.754644, 109.28408 22.754654, 109.284493 22.754615, 109.284659 22.754664, 109.284707 22.754664, 109.285002 22.754743, 109.285276 22.754773, 109.285458 22.754842, 109.285528 22.754837, 109.286746 22.754407, 109.286998 22.754308, 109.288022 22.7541, 109.289063 22.753675, 109.289331 22.753586, 109.290072 22.753502, 109.290276 22.753462, 109.291987 22.75272, 109.292411 22.752512, 109.293773 22.751849, 109.294009 22.75176, 109.294572 22.751602, 109.295243 22.75134, 109.296096 22.751182, 109.296348 22.750878, 109.296777 22.749775, 109.29697 22.748954, 109.297088 22.748538, 109.297067 22.748405, 109.296804 22.747915, 109.296643 22.747544, 109.296348 22.747049, 109.296144 22.746614, 109.296112 22.74649, 109.296112 22.74605, 109.296166 22.745758, 109.296327 22.745362, 109.296648 22.744888)"
gis_osm_roads_free,<NA>,223286367,secondary,roads:gis_osm_roads_free:223286367:secondary,OGC:CRS84,450181,OpenStreetMap,real,kept,<NA>,横州大道,secondary,X597,B,0,F,F,0,109.2364086,22.8510327,,derived_from_source_layer_osm_id_fclass,smartbidata_task06_20260810,team_shared,team_shared_source,广西壮族自治区,南宁市,横州市,6675.284340576047,199.07997737261525,0.029823445296928812,2,True,True,False,False,疑似受影响，需现场核查,Task_20洪涝范围相交筛查；道路通行状态需现场核查,nanning_flood_20260706_0707,2026-07-07,dispatch_v3,074f2c6841becf074f14d90e06a2e9672972f1ec,"LINESTRING (109.245795 22.822001, 109.244718 22.824023, 109.243904 22.826046, 109.243362 22.827805, 109.242955 22.829753, 109.242538 22.832378, 109.242429 22.832926, 109.242131 22.83442, 109.241745 22.835986, 109.241075 22.837612, 109.239221 22.841238, 109.238616 22.842369, 109.23804 22.843913, 109.237784 22.845098, 109.237479 22.846126, 109.237216 22.847568, 109.236844 22.849698, 109.236409 22.851033, 109.235728 22.852407, 109.234703 22.854414, 109.234383 22.855368, 109.234234 22.856489, 109.234389 22.858604, 109.234552 22.862886, 109.234434 22.864085, 109.234273 22.865053, 109.233647 22.867121, 109.232656 22.871005, 109.232224 22.872947, 109.231977 22.8742, 109.231884 22.875043, 109.231258 22.879876, 109.231184 22.880059)"
gis_osm_roads_free,<NA>,1543997680,unclassified,roads:gis_osm_roads_free:1543997680:unclassified,OGC:CRS84,450181,OpenStreetMap,real,kept,<NA>,,unclassified,,B,0,F,F,0,109.2854208,22.749528,,derived_from_source_layer_osm_id_fclass,smartbidata_task06_20260810,team_shared,team_shared_source,广西壮族自治区,南宁市,横州市,1084.2715473778776,977.1489514617315,0.9012031661485506,1,True,True,False,False,疑似受影响，需现场核查,Task_20洪涝范围相交筛查；道路通行状态需现场核查,nanning_flood_20260706_0707,2026-07-07,dispatch_v3,074f2c6841becf074f14d90e06a2e9672972f1ec,"LINESTRING (109.284428 22.744977, 109.284541 22.745333, 109.284723 22.745575, 109.284772 22.745768, 109.284804 22.74604, 109.284804 22.746179, 109.284841 22.746382, 109.28489 22.746535, 109.284884 22.746619, 109.284825 22.746772, 109.28482 22.746847, 109.285169 22.748217, 109.285163 22.748256, 109.285238 22.748573, 109.285265 22.748801, 109.285421 22.749528, 109.285587 22.750453, 109.285796 22.751285, 109.285818 22.751571, 109.285871 22.751894, 109.285914 22.752042, 109.285984 22.752176, 109.285984 22.752215, 109.286016 22.752275, 109.286048 22.752374, 109.286054 22.752438, 109.286145 22.75272, 109.286182 22.752893, 109.286209 22.753205, 109.2863 22.753526, 109.28636 22.75365, 109.286612 22.753982, 109.286746 22.754407)"
gis_osm_roads_free,<NA>,1543997705,unclassified,roads:gis_osm_roads_free:1543997705:unclassified,OGC:CRS84,450181,OpenStreetMap,real,kept,<NA>,,unclassified,,B,0,F,F,0,109.2913485,22.7716891,,derived_from_source_layer_osm_id_fclass,smartbidata_task06_20260810,team_shared,team_shared_source,广西壮族自治区,南宁市,横州市,214.9814998508508,119.76008381712316,0.5570715801136839,1,True,True,False,False,疑似受影响，需现场核查,Task_20洪涝范围相交筛查；道路通行状态需现场核查,nanning_flood_20260706_0707,2026-07-07,dispatch_v3,074f2c6841becf074f14d90e06a2e9672972f1ec,"LINESTRING (109.291391 22.772787, 109.291348 22.772451, 109.291348 22.771689, 109.291579 22.771437, 109.291992 22.7711)"
gis_osm_roads_free,<NA>,488313348,tertiary,roads:gis_osm_roads_free:488313348:tertiary,OGC:CRS84,450181,OpenStreetMap,real,kept,<NA>,,tertiary,,B,0,F,F,0,109.2702824,22.6745776,,derived_from_source_layer_osm_id_fclass,smartbidata_task06_20260810,team_shared,team_shared_source,广西壮族自治区,南宁市,横州市,2144.4247670521254,54.83271818182411,0.025569895957320506,1,True,False,False,False,疑似受影响，需现场核查,Task_20洪涝范围相交筛查；道路通行状态需现场核查,nanning_flood_20260706_0707,2026-07-07,dispatch_v3,074f2c6841becf074f14d90e06a2e9672972f1ec,"LINESTRING (109.275132 22.665945, 109.274316 22.667232, 109.273909 22.667628, 109.273587 22.66838, 109.2726 22.670756, 109.271398 22.672776, 109.270282 22.674578, 109.269317 22.676676, 109.269531 22.678122, 109.270325 22.680997, 109.271613 22.683606)"
gis_osm_roads_free,<NA>,528962419,secondary,roads:gis_osm_roads_free:528962419:secondary,OGC:CRS84,450181,OpenStreetMap,real,kept,<NA>,,secondary,X474,B,0,F,F,0,109.2515874,22.8936112,,derived_from_source_layer_osm_id_fclass,smartbidata_task06_20260810,team_shared,team_shared_source,广西壮族自治区,南宁市,横州市,4903.385735955628,299.0162871218564,0.060981595824539124,1,True,True,False,False,疑似受影响，需现场核查,Task_20洪涝范围相交筛查；道路通行状态需现场核查,nanning_flood_20260706_0707,2026-07-07,dispatch_v3,074f2c6841becf074f14d90e06a2e9672972f1ec,"LINESTRING (109.232607 22.88327, 109.232778 22.883658, 109.232982 22.883911, 109.233532 22.884247, 109.234754 22.884958, 109.23521 22.885101, 109.235457 22.885175, 109.235778 22.885175, 109.236326 22.885146, 109.23705 22.88515, 109.237586 22.885279, 109.239249 22.885778, 109.240816 22.886129, 109.241599 22.886514, 109.24205 22.886702, 109.243272 22.887053, 109.244807 22.887404, 109.245225 22.887626, 109.245923 22.888185, 109.248047 22.890216, 109.250284 22.892084, 109.250745 22.892524, 109.251292 22.893206, 109.251587 22.893611, 109.252394 22.894918, 109.252918 22.895766, 109.253057 22.896013, 109.252961 22.896695, 109.25295 22.896972, 109.25309 22.89729, 109.253352 22.897742, 109.25346 22.898013, 109.253647 22.898484, 109.253745 22.898615, 109.253787 22.898672, 109.25398 22.898711, 109.255084 22.898613, 109.255387 22.898586, 109.255715 22.898557, 109.256265 22.898508, 109.25655 22.898563, 109.257386 22.898741, 109.258534 22.898875, 109.258587 22.898881, 109.26017 22.899067, 109.262971 22.899388, 109.263411 22.899398, 109.263883 22.899354, 109.265143 22.899116, 109.265685 22.899111, 109.267155 22.899195, 109.267445 22.899176, 109.267788 22.899136, 109.268641 22.898958, 109.268995 22.898938, 109.26922 22.898948, 109.270224 22.899376, 109.271057 22.899647, 109.271784 22.899912, 109.272197 22.900071)"
gis_osm_roads_free,<NA>,272706579,residential,roads:gis_osm_roads_free:272706579:residential,OGC:CRS84,450181,OpenStreetMap,real,kept,<NA>,,residential,,B,0,F,F,0,108.9048382,22.8122851,,derived_from_source_layer_osm_id_fclass,smartbidata_task06_20260810,team_shared,team_shared_source,广西壮族自治区,南宁市,横州市,3374.408437460718,10.931529521495305,0.003239539529400125,1,True,False,False,False,疑似受影响，需现场核查,Task_20洪涝范围相交筛查；道路通行状态需现场核查,nanning_flood_20260706_0707,2026-07-07,dispatch_v3,074f2c6841becf074f14d90e06a2e9672972f1ec,"LINESTRING (108.897986 22.825061, 108.898237 22.82451, 108.89961 22.820989, 108.899503 22.820198, 108.901226 22.816714, 108.901977 22.815824, 108.902857 22.814133, 108.904234 22.813345, 108.904838 22.812285, 108.905361 22.811367, 108.90608 22.81105, 108.906505 22.810256, 108.906462 22.809406, 108.907277 22.808199, 108.907932 22.807705, 108.90829 22.806917, 108.909388 22.806666, 108.909694 22.806456, 108.909894 22.806175, 108.910895 22.80542, 108.911345 22.805222, 108.911851 22.805106, 108.912023 22.805067, 108.912281 22.805047, 108.912539 22.805107, 108.914292 22.804544, 108.915204 22.804115, 108.915268 22.803912, 108.915195 22.803047, 108.915358 22.802587, 108.915511 22.802157)"
gis_osm_roads_free,<NA>,1410054838,service,roads:gis_osm_roads_free:1410054838:service,OGC:CRS84,450181,OpenStreetMap,real,kept,<NA>,,service,,B,0,F,F,0,108.9042588,22.8472691,,derived_from_source_layer_osm_id_fclass,smartbidata_task06_20260810,team_shared,team_shared_source,广西壮族自治区,南宁市,横州市,501.49546326951184,40.70795213941126,0.0811731214356652,1,True,False,False,False,疑似受影响，需现场核查,Task_20洪涝范围相交筛查；道路通行状态需现场核查,nanning_flood_20260706_0707,2026-07-07,dispatch_v3,074f2c6841becf074f14d90e06a2e9672972f1ec,"LINESTRING (108.905312 22.848151, 108.904259 22.847269, 108.901685 22.845116)"
gis_osm_roads_free,<NA>,1361716944,secondary,roads:gis_osm_roads_free:1361716944:secondary,OGC:CRS84,450103,OpenStreetMap,real,kept,<NA>,,secondary,,F,0,F,F,0,108.7469957,22.8150355,,derived_from_source_layer_osm_id_fclass,smartbidata_task06_20260810,team_shared,team_shared_source,广西壮族自治区,南宁市,青秀区,10785.200495947018,20.02938664870304,0.001857117691621023,1,True,False,False,False,疑似受影响，需现场核查,Task_20洪涝范围相交筛查；道路通行状态需现场核查,nanning_flood_20260706_0707,2026-07-07,dispatch_v3,074f2c6841becf074f14d90e06a2e9672972f1ec,"LINESTRING (108.690992 22.824313, 108.69165 22.824267, 108.699184 22.823251, 108.69995 22.823165, 108.701108 22.822849, 108.701756 22.822614, 108.702447 22.822281, 108.703194 22.821896, 108.713309 22.814726, 108.714659 22.814065, 108.716065 22.813551, 108.717198 22.813256, 108.718585 22.813003, 108.719784 22.812838, 108.721341 22.812803, 108.727494 22.812864, 108.728108 22.81289, 108.729372 22.813021, 108.729606 22.813045, 108.729753 22.81306, 108.730392 22.813127, 108.732883 22.813386, 108.746996 22.815036, 108.747138 22.815052, 108.750523 22.815448, 108.758085 22.81633, 108.75844 22.816376, 108.769172 22.817623, 108.772088 22.817962, 108.782262 22.818646, 108.783867 22.818754, 108.792021 22.819354, 108.792297 22.819466)"
gis_osm_roads_free,<NA>,231114513,motorway,roads:gis_osm_roads_free:231114513:motorway,OGC:CRS84,,OpenStreetMap,real,kept,<NA>,柳南高速,motorway,G72,F,0,F,F,0,108.7987666,22.8420939,,derived_from_source_layer_osm_id_fclass,smartbidata_task06_20260810,team_shared,team_shared_source,,,,14787.282742788622,19.667342622637467,0.0013300173510396103,1,True,False,False,False,疑似受影响，需现场核查,Task_20洪涝范围相交筛查；道路通行状态需现场核查,nanning_flood_20260706_0707,2026-07-07,dispatch_v3,074f2c6841becf074f14d90e06a2e9672972f1ec,"LINESTRING (108.867618 22.861336, 108.866916 22.861228, 108.865695 22.861044, 108.864521 22.860866, 108.863307 22.860666, 108.862491 22.860523, 108.86193 22.860421, 108.861587 22.86037, 108.860724 22.860191, 108.859736 22.860042, 108.859249 22.860006, 108.858782 22.859938, 108.858356 22.859849, 108.845536 22.857742, 108.842492 22.857134, 108.840649 22.85667, 108.839191 22.85628, 108.838206 22.855983, 108.837834 22.855871, 108.833466 22.854416, 108.829926 22.853238, 108.827248 22.852408, 108.826892 22.852298, 108.823522 22.851254, 108.816842 22.848964, 108.814061 22.847874, 108.812272 22.847209, 108.810435 22.84641, 108.805881 22.844398, 108.804377 22.843847, 108.802223 22.843133, 108.801238 22.842807, 108.799921 22.842406, 108.798767 22.842094, 108.798149 22.841946, 108.796178 22.841524, 108.791548 22.84056, 108.786335 22.839568, 108.783029 22.838937, 108.778795 22.838028, 108.775932 22.837338, 108.769191 22.835321, 108.765056 22.834108, 108.76131 22.833008, 108.760984 22.832942, 108.760637 22.832872, 108.759787 22.832658, 108.758288 22.832362, 108.756798 22.832125, 108.755629 22.832021, 108.754376 22.831942, 108.75356 22.831931, 108.751995 22.831951, 108.750314 22.832065, 108.748522 22.832261, 108.74673 22.832509, 108.740158 22.833438, 108.736899 22.833828, 108.735159 22.833843, 108.733401 22.833702, 108.730996 22.833277, 108.728596 22.832586)"
gis_osm_roads_free,<NA>,272706581,tertiary,roads:gis_osm_roads_free:272706581:tertiary,OGC:CRS84,450181,OpenStreetMap,real,kept,<NA>,,tertiary,,B,0,F,F,0,108.8449862,22.871579,,derived_from_source_layer_osm_id_fclass,smartbidata_task06_20260810,team_shared,team_shared_source,广西壮族自治区,南宁市,横州市,3444.374606921259,439.5115613384532,0.12760271790858108,2,True,True,False,False,疑似受影响，需现场核查,Task_20洪涝范围相交筛查；道路通行状态需现场核查,nanning_flood_20260706_0707,2026-07-07,dispatch_v3,074f2c6841becf074f14d90e06a2e9672972f1ec,"LINESTRING (108.855982 22.879364, 108.855114 22.879181, 108.854217 22.878907, 108.85367 22.879055, 108.850451 22.877958, 108.850104 22.877797, 108.849743 22.876277, 108.849743 22.875882, 108.84946 22.875543, 108.848409 22.874139, 108.84837 22.873569, 108.847543 22.872986, 108.846885 22.872854, 108.845887 22.871787, 108.844986 22.871579, 108.843499 22.871167, 108.842608 22.870524, 108.842572 22.870146, 108.842025 22.86978, 108.841192 22.870119, 108.840094 22.871401, 108.839547 22.871777, 108.8393 22.87317, 108.838263 22.874587, 108.837533 22.874617, 108.836671 22.875068, 108.833163 22.874831, 108.830871 22.874112)"
gis_osm_roads_free,<NA>,272706569,tertiary,roads:gis_osm_roads_free:272706569:tertiary,OGC:CRS84,450181,OpenStreetMap,real,kept,<NA>,,tertiary,,B,0,F,F,0,108.8480047,22.8766925,,derived_from_source_layer_osm_id_fclass,smartbidata_task06_20260810,team_shared,team_shared_source,广西壮族自治区,南宁市,横州市,682.5883091969782,96.78659469298442,0.14179351358485426,1,True,False,False,False,疑似受影响，需现场核查,Task_20洪涝范围相交筛查；道路通行状态需现场核查,nanning_flood_20260706_0707,2026-07-07,dispatch_v3,074f2c6841becf074f14d90e06a2e9672972f1ec,"LINESTRING (108.850104 22.877797, 108.848005 22.876692, 108.845168 22.876314, 108.843795 22.876373)"
gis_osm_roads_free,<NA>,460910384,unclassified,roads:gis_osm_roads_free:460910384:unclassified,OGC:CRS84,450181,OpenStreetMap,real,kept,<NA>,,unclassified,,B,0,F,F,0,108.8687767,22.8727039,,derived_from_source_layer_osm_id_fclass,smartbidata_task06_20260810,team_shared,team_shared_source,广西壮族自治区,南宁市,横州市,1618.042357826518,113.70676263498115,0.07027428057428672,1,True,True,False,False,疑似受影响，需现场核查,Task_20洪涝范围相交筛查；道路通行状态需现场核查,nanning_flood_20260706_0707,2026-07-07,dispatch_v3,074f2c6841becf074f14d90e06a2e9672972f1ec,"LINESTRING (108.87264 22.878906, 108.872562 22.878896, 108.87246 22.87884, 108.871774 22.877793, 108.871521 22.877509, 108.871142 22.876909, 108.870996 22.876788, 108.870794 22.87649, 108.870637 22.876373, 108.870137 22.876076, 108.869985 22.87595, 108.869783 22.875801, 108.869642 22.875601, 108.869455 22.87521, 108.869341 22.87475, 108.869262 22.874622, 108.86911 22.874354, 108.869026 22.87399, 108.868995 22.873901, 108.868819 22.873722, 108.868752 22.873582, 108.868746 22.873274, 108.868777 22.872704, 108.868801 22.872452, 108.868862 22.871848, 108.868862 22.871586, 108.86885 22.871267, 108.868886 22.87116, 108.868928 22.870931, 108.868837 22.87031, 108.868801 22.87007, 108.86871 22.869768, 108.868613 22.869466, 108.868595 22.869226, 108.868546 22.869052, 108.868564 22.868885, 108.868558 22.868756, 108.868613 22.86856, 108.868771 22.867336, 108.86874 22.867196, 108.868686 22.867034, 108.868613 22.866894, 108.868613 22.866743, 108.86874 22.86629, 108.868868 22.866027, 108.868941 22.865736)"
gis_osm_roads_free,<NA>,387841525,secondary,roads:gis_osm_roads_free:387841525:secondary,OGC:CRS84,,OpenStreetMap,real,kept,<NA>,,secondary,X039,B,0,F,F,0,109.030981,22.9082383,,derived_from_source_layer_osm_id_fclass,smartbidata_task06_20260810,team_shared,team_shared_source,,,,8168.507454270953,1617.6666446460206,0.19803699191095356,3,True,True,False,False,疑似受影响，需现场核查,Task_20洪涝范围相交筛查；道路通行状态需现场核查,nanning_flood_20260706_0707,2026-07-07,dispatch_v3,074f2c6841becf074f14d90e06a2e9672972f1ec,"LINESTRING (109.063537 22.892167, 109.063405 22.892473, 109.063212 22.892772, 109.062957 22.892986, 109.061928 22.893435, 109.06141 22.893798, 109.060506 22.894624, 109.060011 22.895009, 109.059315 22.895387, 109.057838 22.895971, 109.057467 22.896064, 109.055929 22.896271, 109.054752 22.896619, 109.054466 22.896662, 109.053415 22.896619, 109.053005 22.896555, 109.052464 22.896484, 109.051899 22.896491, 109.051481 22.896626, 109.051304 22.896783, 109.051025 22.897182, 109.050801 22.897396, 109.050325 22.897548, 109.049664 22.897787, 109.048195 22.897951, 109.047097 22.898272, 109.046022 22.89882, 109.044476 22.899718, 109.043857 22.899939, 109.042365 22.900416, 109.041228 22.900808, 109.038127 22.902054, 109.037694 22.902304, 109.03525 22.90417, 109.034532 22.90469, 109.033384 22.905684, 109.032028 22.907126, 109.030981 22.908238, 109.0286 22.911005, 109.026217 22.913772, 109.023484 22.917413, 109.022972 22.918096, 109.022494 22.918867, 109.021969 22.919336, 109.021663 22.91945, 109.021373 22.919415, 109.020816 22.919272, 109.020504 22.919168, 109.020118 22.919245, 109.01978 22.919367, 109.019726 22.919406, 109.019512 22.919563, 109.019432 22.919741, 109.01948 22.919998, 109.01985 22.920808, 109.01992 22.921362, 109.019898 22.921688, 109.019378 22.922385, 109.018096 22.923738, 109.015668 22.926306, 109.014378 22.927671, 109.013954 22.928096, 109.01352 22.928901, 109.013246 22.929364, 109.011974 22.931518, 109.011857 22.931717, 109.011755 22.931994, 109.011905 22.932755, 109.01279 22.935555, 109.013547 22.937947, 109.013753 22.93831, 109.013952 22.938496)"
gis_osm_roads_free,<NA>,830425159,tertiary,roads:gis_osm_roads_free:830425159:tertiary,OGC:CRS84,,OpenStreetMap,real,kept,<NA>,,tertiary,,B,0,F,F,0,109.0486729,22.9414498,,derived_from_source_layer_osm_id_fclass,smartbidata_task06_20260810,team_shared,team_shared_source,,,,8162.064759921346,880.618229915766,0.10789160044893495,5,True,True,False,False,疑似受影响，需现场核查,Task_20洪涝范围相交筛查；道路通行状态需现场核查,nanning_flood_20260706_0707,2026-07-07,dispatch_v3,074f2c6841becf074f14d90e06a2e9672972f1ec,"LINESTRING (109.017076 22.958509, 109.017404 22.958665, 109.01768 22.958675, 109.017903 22.958682, 109.018056 22.958665, 109.018455 22.958448, 109.018713 22.957968, 109.019265 22.957361, 109.019662 22.956956, 109.02044 22.956447, 109.020799 22.956092, 109.021851 22.955983, 109.022575 22.955691, 109.023101 22.955514, 109.02464 22.955069, 109.025799 22.954857, 109.026926 22.954886, 109.02729 22.954837, 109.028074 22.954491, 109.033502 22.950362, 109.033867 22.94968, 109.034908 22.948519, 109.035659 22.94717, 109.037469 22.945599, 109.037896 22.945259, 109.040117 22.944345, 109.040444 22.944068, 109.042509 22.943485, 109.043185 22.942971, 109.043722 22.942512, 109.044446 22.942023, 109.044821 22.941974, 109.045647 22.941944, 109.048673 22.94145, 109.050003 22.941272, 109.05135 22.941173, 109.051371 22.940699, 109.051682 22.940294, 109.052079 22.940062, 109.052535 22.939632, 109.053922 22.939614, 109.054193 22.93961, 109.054721 22.939671, 109.054909 22.939617, 109.054995 22.93954, 109.055051 22.939437, 109.055094 22.939209, 109.055132 22.938646, 109.055411 22.937191, 109.055679 22.936979, 109.055888 22.936381, 109.056076 22.936263, 109.056569 22.936297, 109.05694 22.936272, 109.057916 22.935902, 109.058163 22.935887, 109.058538 22.935932, 109.059112 22.935877, 109.059903 22.936008, 109.060724 22.935643, 109.061558 22.935838, 109.063597 22.937014, 109.064214 22.937144, 109.064948 22.936954, 109.065324 22.936727, 109.066011 22.936836, 109.066837 22.93729, 109.067094 22.937527, 109.067888 22.938589, 109.068199 22.938728, 109.068382 22.93892, 109.068537 22.939049, 109.06895 22.939019, 109.06917 22.939059, 109.069562 22.939385, 109.070651 22.939963, 109.070887 22.94018, 109.071026 22.940417, 109.071804 22.940852, 109.072164 22.941136, 109.072308 22.941106, 109.072759 22.940951, 109.072848 22.940948, 109.073684 22.941759, 109.074122 22.942714, 109.074191 22.943174, 109.074331 22.943621, 109.074288 22.943782, 109.07439 22.944041, 109.074862 22.944313, 109.074967 22.944429, 109.074975 22.944789, 109.075254 22.945842, 109.075238 22.946622, 109.075372 22.947057, 109.075227 22.94761, 109.075221 22.948015, 109.075211 22.94844, 109.074862 22.948712, 109.074433 22.948568, 109.073757 22.948509)"
gis_osm_roads_free,<NA>,830425161,unclassified,roads:gis_osm_roads_free:830425161:unclassified,OGC:CRS84,450126,OpenStreetMap,real,kept,<NA>,,unclassified,,B,0,F,F,0,109.0224463,22.9399826,,derived_from_source_layer_osm_id_fclass,smartbidata_task06_20260810,team_shared,team_shared_source,广西壮族自治区,南宁市,宾阳县,85.55916852151744,85.55916852151744,1.0,1,True,True,False,False,疑似受影响，需现场核查,Task_20洪涝范围相交筛查；道路通行状态需现场核查,nanning_flood_20260706_0707,2026-07-07,dispatch_v3,074f2c6841becf074f14d90e06a2e9672972f1ec,"LINESTRING (109.021982 22.940078, 109.022229 22.940111, 109.022446 22.939983, 109.022774 22.939992)"
gis_osm_roads_free,<NA>,830425162,unclassified,roads:gis_osm_roads_free:830425162:unclassified,OGC:CRS84,450126,OpenStreetMap,real,kept,<NA>,,unclassified,,B,0,F,T,-1,109.0219823,22.9400777,,derived_from_source_layer_osm_id_fclass,smartbidata_task06_20260810,team_shared,team_shared_source,广西壮族自治区,南宁市,宾阳县,31.878325452221755,31.878325452221755,1.0,1,True,True,False,False,疑似受影响，需现场核查,Task_20洪涝范围相交筛查；道路通行状态需现场核查,nanning_flood_20260706_0707,2026-07-07,dispatch_v3,074f2c6841becf074f14d90e06a2e9672972f1ec,"LINESTRING (109.02168 22.940008, 109.021982 22.940078)"
gis_osm_roads_free,<NA>,830425163,unclassified,roads:gis_osm_roads_free:830425163:unclassified,OGC:CRS84,450126,OpenStreetMap,real,kept,<NA>,,unclassified,,B,0,F,F,0,109.0177725,22.9442385,,derived_from_source_layer_osm_id_fclass,smartbidata_task06_20260810,team_shared,team_shared_source,广西壮族自治区,南宁市,宾阳县,1343.0639616351427,697.0595690762136,0.5190069788095297,1,True,True,False,False,疑似受影响，需现场核查,Task_20洪涝范围相交筛查；道路通行状态需现场核查,nanning_flood_20260706_0707,2026-07-07,dispatch_v3,074f2c6841becf074f14d90e06a2e9672972f1ec,"LINESTRING (109.011707 22.946185, 109.011948 22.946284, 109.014421 22.945291, 109.01492 22.945152, 109.015778 22.944762, 109.016299 22.944626, 109.016706 22.944493, 109.017288 22.94449, 109.017772 22.944238, 109.018495 22.944164, 109.019144 22.943789, 109.019187 22.943621, 109.019201 22.943252, 109.019226 22.943018, 109.019351 22.942806, 109.019847 22.942164, 109.020118 22.941818, 109.020204 22.941598, 109.020585 22.941376, 109.020805 22.940976, 109.021167 22.940743, 109.021495 22.940363, 109.021562 22.940026, 109.02168 22.940008)"
gis_osm_roads_free,<NA>,830425164,residential,roads:gis_osm_roads_free:830425164:residential,OGC:CRS84,450126,OpenStreetMap,real,kept,<NA>,,residential,,B,0,F,F,0,109.0170094,22.9400147,,derived_from_source_layer_osm_id_fclass,smartbidata_task06_20260810,team_shared,team_shared_source,广西壮族自治区,南宁市,宾阳县,612.5303444044955,251.30441290618057,0.4102725933529052,1,True,True,False,False,疑似受影响，需现场核查,Task_20洪涝范围相交筛查；道路通行状态需现场核查,nanning_flood_20260706_0707,2026-07-07,dispatch_v3,074f2c6841becf074f14d90e06a2e9672972f1ec,"LINESTRING (109.014622 22.940048, 109.015757 22.940383, 109.016036 22.940462, 109.016229 22.940467, 109.016773 22.940148, 109.017009 22.940015, 109.017184 22.939864, 109.017516 22.939782, 109.017752 22.939792, 109.017956 22.939862, 109.018643 22.940148, 109.018847 22.9402, 109.019112 22.940337, 109.019285 22.940527, 109.01933 22.940884, 109.019228 22.941257)"
gis_osm_roads_free,<NA>,387707367,motorway,roads:gis_osm_roads_free:387707367:motorway,OGC:CRS84,450126,OpenStreetMap,real,kept,<NA>,柳南高速,motorway,G72,F,0,F,F,0,108.948268,22.957242,,derived_from_source_layer_osm_id_fclass,smartbidata_task06_20260810,team_shared,team_shared_source,广西壮族自治区,南宁市,宾阳县,9912.034374115874,514.9922775655506,0.051956264287217675,2,True,True,False,False,疑似受影响，需现场核查,Task_20洪涝范围相交筛查；道路通行状态需现场核查,nanning_flood_20260706_0707,2026-07-07,dispatch_v3,074f2c6841becf074f14d90e06a2e9672972f1ec,"LINESTRING (108.979334 22.993821, 108.970976 22.982555, 108.967875 22.978936, 108.964413 22.975397, 108.960615 22.97228, 108.95689 22.969338, 108.953715 22.96651, 108.952093 22.964467, 108.950362 22.961402, 108.948268 22.957242, 108.945997 22.953506, 108.945553 22.952787, 108.94511 22.952134, 108.943421 22.949834, 108.942731 22.948839, 108.942012 22.947758, 108.941381 22.946677, 108.941026 22.945959, 108.940526 22.944754, 108.939503 22.94236, 108.938875 22.940909, 108.93848 22.94011, 108.938017 22.93933, 108.937542 22.938607, 108.935593 22.935991, 108.934789 22.93493, 108.934203 22.933978, 108.933838 22.933283, 108.933532 22.932573, 108.933336 22.931968, 108.933101 22.931097, 108.93284 22.929922, 108.93182 22.925328, 108.931358 22.923381, 108.930994 22.922005, 108.930634 22.920804, 108.930257 22.919648, 108.929924 22.918742)"
gis_osm_roads_free,<NA>,231114852,motorway,roads:gis_osm_roads_free:231114852:motorway,OGC:CRS84,450126,OpenStreetMap,real,kept,<NA>,柳南高速,motorway,G72,F,0,F,F,0,108.9485434,22.9571144,,derived_from_source_layer_osm_id_fclass,smartbidata_task06_20260810,team_shared,team_shared_source,广西壮族自治区,南宁市,宾阳县,9915.075088566702,520.0344308810064,0.0524488646062469,2,True,True,False,False,疑似受影响，需现场核查,Task_20洪涝范围相交筛查；道路通行状态需现场核查,nanning_flood_20260706_0707,2026-07-07,dispatch_v3,074f2c6841becf074f14d90e06a2e9672972f1ec,"LINESTRING (108.930029 22.918686, 108.93036 22.919614, 108.930732 22.920792, 108.931094 22.921989, 108.931474 22.923368, 108.931933 22.925316, 108.932953 22.929899, 108.933219 22.93109, 108.933431 22.931929, 108.933635 22.932538, 108.933938 22.933255, 108.934292 22.933908, 108.934869 22.934854, 108.935664 22.935921, 108.937654 22.938579, 108.93814 22.939283, 108.938615 22.940121, 108.938991 22.940919, 108.939602 22.942337, 108.94063 22.944724, 108.941209 22.945929, 108.941565 22.946614, 108.941984 22.947398, 108.942104 22.947624, 108.942752 22.948649, 108.943475 22.949635, 108.94519 22.951971, 108.945752 22.95279, 108.946283 22.953637, 108.948543 22.957114, 108.950639 22.961277, 108.952356 22.964317, 108.953948 22.966323, 108.957098 22.969128, 108.960818 22.972066, 108.964628 22.975193, 108.968038 22.978801, 108.971181 22.982407, 108.979578 22.993738)"
gis_osm_roads_free,<NA>,387707375,tertiary,roads:gis_osm_roads_free:387707375:tertiary,OGC:CRS84,450181,OpenStreetMap,real,kept,<NA>,,tertiary,,B,0,F,F,0,108.970425,22.9287172,,derived_from_source_layer_osm_id_fclass,smartbidata_task06_20260810,team_shared,team_shared_source,广西壮族自治区,南宁市,横州市,377.2056301697664,93.3410552610674,0.24745403513478317,1,True,True,False,False,疑似受影响，需现场核查,Task_20洪涝范围相交筛查；道路通行状态需现场核查,nanning_flood_20260706_0707,2026-07-07,dispatch_v3,074f2c6841becf074f14d90e06a2e9672972f1ec,"LINESTRING (108.968818 22.929454, 108.969366 22.929277, 108.969902 22.92905, 108.970058 22.928978, 108.970238 22.928933, 108.970425 22.928717, 108.970846 22.928102, 108.971033 22.927974, 108.97125 22.927897, 108.971454 22.927902, 108.971839 22.927974)"
gis_osm_roads_free,<NA>,387707388,tertiary,roads:gis_osm_roads_free:387707388:tertiary,OGC:CRS84,450181,OpenStreetMap,real,kept,<NA>,,tertiary,,B,0,T,F,1,108.9718393,22.9279745,,derived_from_source_layer_osm_id_fclass,smartbidata_task06_20260810,team_shared,team_shared_source,广西壮族自治区,南宁市,横州市,49.29951544957702,49.29951544957702,1.0,1,True,True,True,True,疑似受影响，需现场核查,Task_20洪涝范围相交筛查；道路通行状态需现场核查,nanning_flood_20260706_0707,2026-07-07,dispatch_v3,074f2c6841becf074f14d90e06a2e9672972f1ec,"LINESTRING (108.971839 22.927974, 108.972315 22.928041)"
gis_osm_roads_free,<NA>,387707379,tertiary,roads:gis_osm_roads_free:387707379:tertiary,OGC:CRS84,450181,OpenStreetMap,real,kept,<NA>,,tertiary,,B,0,F,F,0,108.9816247,22.928102,,derived_from_source_layer_osm_id_fclass,smartbidata_task06_20260810,team_shared,team_shared_source,广西壮族自治区,南宁市,横州市,2096.7303179184983,1164.0758406248717,0.5551862491216767,4,True,True,False,False,疑似受影响，需现场核查,Task_20洪涝范围相交筛查；道路通行状态需现场核查,nanning_flood_20260706_0707,2026-07-07,dispatch_v3,074f2c6841becf074f14d90e06a2e9672972f1ec,"LINESTRING (108.972315 22.928041, 108.972935 22.928102, 108.973873 22.928196, 108.974325 22.928196, 108.974716 22.928108, 108.976052 22.927714, 108.976949 22.927448, 108.977334 22.92737, 108.977683 22.927381, 108.979759 22.927786, 108.981625 22.928102, 108.983244 22.928374, 108.983635 22.928385, 108.984164 22.928257, 108.984658 22.928008, 108.987372 22.926511, 108.988227 22.926168, 108.989496 22.925674, 108.991548 22.924699)"
gis_osm_roads_free,<NA>,387707389,tertiary,roads:gis_osm_roads_free:387707389:tertiary,OGC:CRS84,450126,OpenStreetMap,real,kept,<NA>,,tertiary,,B,0,F,F,0,108.9751227,22.9818621,,derived_from_source_layer_osm_id_fclass,smartbidata_task06_20260810,team_shared,team_shared_source,广西壮族自治区,南宁市,宾阳县,762.9780706795395,303.10308920952843,0.39726317289771174,1,True,True,False,False,疑似受影响，需现场核查,Task_20洪涝范围相交筛查；道路通行状态需现场核查,nanning_flood_20260706_0707,2026-07-07,dispatch_v3,074f2c6841becf074f14d90e06a2e9672972f1ec,"LINESTRING (108.97294 22.984527, 108.97301 22.984369, 108.973057 22.984212, 108.973314 22.98382, 108.973478 22.983684, 108.973581 22.983533, 108.973806 22.983281, 108.974183 22.982999, 108.974347 22.982793, 108.974582 22.982607, 108.974669 22.982446, 108.974931 22.98224, 108.975013 22.982129, 108.975123 22.981862, 108.975265 22.981696, 108.975505 22.981545, 108.975565 22.981419, 108.975657 22.981235, 108.975866 22.980816, 108.975997 22.980675, 108.976697 22.980297, 108.976899 22.980197, 108.977085 22.980141, 108.977866 22.980026, 108.978005 22.979991)"
gis_osm_roads_free,<NA>,387707399,residential,roads:gis_osm_roads_free:387707399:residential,OGC:CRS84,450126,OpenStreetMap,real,kept,<NA>,,residential,,B,0,F,F,0,108.975079,22.9814143,,derived_from_source_layer_osm_id_fclass,smartbidata_task06_20260810,team_shared,team_shared_source,广西壮族自治区,南宁市,宾阳县,143.93886314975296,14.163819490268848,0.0984016351131863,1,True,False,False,False,疑似受影响，需现场核查,Task_20洪涝范围相交筛查；道路通行状态需现场核查,nanning_flood_20260706_0707,2026-07-07,dispatch_v3,074f2c6841becf074f14d90e06a2e9672972f1ec,"LINESTRING (108.974297 22.98154, 108.974674 22.9815, 108.975079 22.981414, 108.975657 22.981235)"
gis_osm_roads_free,<NA>,387707394,tertiary,roads:gis_osm_roads_free:387707394:tertiary,OGC:CRS84,450126,OpenStreetMap,real,kept,<NA>,,tertiary,,B,0,F,F,0,108.9812171,22.979794,,derived_from_source_layer_osm_id_fclass,smartbidata_task06_20260810,team_shared,team_shared_source,广西壮族自治区,南宁市,宾阳县,1290.829870978303,488.9345023828686,0.3787753238250611,2,True,True,False,False,疑似受影响，需现场核查,Task_20洪涝范围相交筛查；道路通行状态需现场核查,nanning_flood_20260706_0707,2026-07-07,dispatch_v3,074f2c6841becf074f14d90e06a2e9672972f1ec,"LINESTRING (108.987084 22.978558, 108.986775 22.978458, 108.986317 22.97831, 108.985934 22.978254, 108.985448 22.978274, 108.985174 22.978355, 108.984262 22.978712, 108.983972 22.978783, 108.983398 22.978823, 108.983152 22.978873, 108.983048 22.978939, 108.982638 22.9792, 108.982551 22.979311, 108.982447 22.979487, 108.982294 22.979573, 108.981217 22.979794, 108.980933 22.979915, 108.980681 22.980015, 108.980408 22.980036, 108.979872 22.98001, 108.979064 22.980071, 108.978566 22.980151, 108.978391 22.980156, 108.978205 22.980076, 108.978058 22.980026, 108.978005 22.979991, 108.977653 22.979759, 108.977429 22.979547, 108.977265 22.979457, 108.97715 22.979432, 108.976899 22.979361, 108.976648 22.97918, 108.975773 22.978325)"
gis_osm_roads_free,<NA>,387707384,residential,roads:gis_osm_roads_free:387707384:residential,OGC:CRS84,450126,OpenStreetMap,real,kept,<NA>,,residential,,B,0,F,F,0,108.9884133,22.9772683,,derived_from_source_layer_osm_id_fclass,smartbidata_task06_20260810,team_shared,team_shared_source,广西壮族自治区,南宁市,宾阳县,271.16296773683155,64.98193383086898,0.2396416235344315,1,True,True,False,False,疑似受影响，需现场核查,Task_20洪涝范围相交筛查；道路通行状态需现场核查,nanning_flood_20260706_0707,2026-07-07,dispatch_v3,074f2c6841becf074f14d90e06a2e9672972f1ec,"LINESTRING (108.987585 22.976247, 108.987816 22.976531, 108.988129 22.976917, 108.988413 22.977268, 108.989156 22.978216)"
gis_osm_roads_free,<NA>,387707371,secondary,roads:gis_osm_roads_free:387707371:secondary,OGC:CRS84,450126,OpenStreetMap,real,kept,<NA>,,secondary,X039,B,0,F,F,0,108.9993088,22.986426,,derived_from_source_layer_osm_id_fclass,smartbidata_task06_20260810,team_shared,team_shared_source,广西壮族自治区,南宁市,宾阳县,3035.6778109974484,352.1203264170477,0.11599397180471853,2,True,True,False,False,疑似受影响，需现场核查,Task_20洪涝范围相交筛查；道路通行状态需现场核查,nanning_flood_20260706_0707,2026-07-07,dispatch_v3,074f2c6841becf074f14d90e06a2e9672972f1ec,"LINESTRING (108.990968 22.977842, 108.990766 22.977882, 108.990629 22.977972, 108.990646 22.978169, 108.990738 22.978375, 108.991176 22.978883, 108.991389 22.979244, 108.991438 22.979326, 108.99164 22.97988, 108.991854 22.980126, 108.992329 22.980403, 108.992961 22.981014, 108.993204 22.981248, 108.993717 22.981681, 108.994248 22.981963, 108.994898 22.982295, 108.995439 22.982682, 108.996487 22.983689, 108.996827 22.984016, 108.999309 22.986426, 109.004321 22.991226, 109.004496 22.991332, 109.005217 22.991523, 109.005507 22.991533, 109.005868 22.991548, 109.007289 22.991956, 109.007491 22.992107, 109.007688 22.992328, 109.00813 22.992942, 109.009246 22.994275, 109.009508 22.994482, 109.01 22.994653, 109.01029 22.994678, 109.010585 22.994648, 109.011159 22.994517, 109.011771 22.994306, 109.011957 22.994225)"
gis_osm_roads_free,<NA>,387707387,tertiary,roads:gis_osm_roads_free:387707387:tertiary,OGC:CRS84,450181,OpenStreetMap,real,kept,<NA>,,tertiary,,B,0,T,F,1,108.9915485,22.9246988,,derived_from_source_layer_osm_id_fclass,smartbidata_task06_20260810,team_shared,team_shared_source,广西壮族自治区,南宁市,横州市,26.753599003974976,26.753599003974976,1.0,1,True,True,True,True,疑似受影响，需现场核查,Task_20洪涝范围相交筛查；道路通行状态需现场核查,nanning_flood_20260706_0707,2026-07-07,dispatch_v3,074f2c6841becf074f14d90e06a2e9672972f1ec,"LINESTRING (108.991548 22.924699, 108.991783 22.924594)"
gis_osm_roads_free,<NA>,387707390,tertiary,roads:gis_osm_roads_free:387707390:tertiary,OGC:CRS84,450181,OpenStreetMap,real,kept,<NA>,,tertiary,,B,0,F,F,0,109.0025759,22.9148099,,derived_from_source_layer_osm_id_fclass,smartbidata_task06_20260810,team_shared,team_shared_source,广西壮族自治区,南宁市,横州市,3850.18652377749,1172.6623808941213,0.3045728755352871,1,True,True,False,False,疑似受影响，需现场核查,Task_20洪涝范围相交筛查；道路通行状态需现场核查,nanning_flood_20260706_0707,2026-07-07,dispatch_v3,074f2c6841becf074f14d90e06a2e9672972f1ec,"LINESTRING (108.991783 22.924594, 108.992114 22.924394, 108.992241 22.924266, 108.992307 22.924067, 108.992546 22.923097, 108.992694 22.92284, 108.992934 22.922503, 108.993071 22.922423, 108.995103 22.921899, 108.995496 22.921723, 108.997652 22.92058, 108.997763 22.920521, 108.997916 22.92038, 108.998096 22.920118, 109.000156 22.916395, 109.000303 22.916224, 109.002576 22.91481, 109.003821 22.913989, 109.003939 22.913911, 109.004171 22.913758, 109.004903 22.913195, 109.005608 22.912697, 109.005772 22.91253, 109.006138 22.912113, 109.00622 22.911962, 109.00623 22.911801, 109.006094 22.911635, 109.005624 22.910986, 109.005484 22.910837, 109.005438 22.91079, 109.005376 22.910699, 109.005269 22.910543, 109.004996 22.909733, 109.004882 22.909587, 109.004707 22.909446, 109.004565 22.909316, 109.004401 22.909094, 109.004303 22.908893, 109.004259 22.908682, 109.004297 22.908299, 109.004406 22.908018, 109.00474 22.907525, 109.004794 22.907298, 109.004783 22.907107, 109.004609 22.90684, 109.00451 22.90669, 109.004488 22.906569, 109.00462 22.906267, 109.004647 22.906146, 109.004592 22.905824, 109.004505 22.905693, 109.004341 22.905603, 109.00427 22.905563, 109.004232 22.905477, 109.004264 22.904778, 109.004228 22.904667, 109.004215 22.904627, 109.003975 22.904395, 109.003735 22.904305, 109.003636 22.904244, 109.003604 22.904174, 109.003636 22.903907, 109.003582 22.903686, 109.003489 22.903596, 109.00333 22.903535, 109.003063 22.903535, 109.002921 22.90354, 109.002582 22.90347, 109.002424 22.903319, 109.002326 22.903153, 109.002287 22.902821, 109.002151 22.902524, 109.002102 22.902302, 109.001998 22.902182, 109.001676 22.902001, 109.001441 22.901935, 109.00114 22.901945, 109.000889 22.90191, 109.000561 22.901845, 109.000403 22.901779, 109.000327 22.901699, 109.00025 22.901477, 109.000163 22.901377, 108.999846 22.901296, 108.999753 22.901236, 108.999682 22.901095, 108.999644 22.900949, 108.999693 22.900738, 108.999671 22.900642, 108.999368 22.900217)"
gis_osm_roads_free,<NA>,387707400,residential,roads:gis_osm_roads_free:387707400:residential,OGC:CRS84,450126,OpenStreetMap,real,kept,<NA>,,residential,,B,0,F,F,0,108.9929847,22.9847322,,derived_from_source_layer_osm_id_fclass,smartbidata_task06_20260810,team_shared,team_shared_source,广西壮族自治区,南宁市,宾阳县,1239.7019806397968,566.9065207761053,0.45729258291862285,1,True,True,False,False,疑似受影响，需现场核查,Task_20洪涝范围相交筛查；道路通行状态需现场核查,nanning_flood_20260706_0707,2026-07-07,dispatch_v3,074f2c6841becf074f14d90e06a2e9672972f1ec,"LINESTRING (108.992961 22.981014, 108.992553 22.981596, 108.992023 22.982109, 108.991859 22.982411, 108.991887 22.982601, 108.992023 22.982902, 108.992913 22.984644, 108.992985 22.984732, 108.996198 22.98784, 108.996562 22.988275, 108.996704 22.988388, 108.996979 22.988489, 108.997274 22.988751, 108.997482 22.988848, 108.997929 22.988885, 108.998184 22.988827, 108.998537 22.988722)"
gis_osm_roads_free,<NA>,830425158,tertiary,roads:gis_osm_roads_free:830425158:tertiary,OGC:CRS84,450126,OpenStreetMap,real,kept,<NA>,,tertiary,,B,0,F,F,0,109.0070236,22.9558396,,derived_from_source_layer_osm_id_fclass,smartbidata_task06_20260810,team_shared,team_shared_source,广西壮族自治区,南宁市,宾阳县,1593.101038649045,44.212061529559655,0.027752201810785103,1,True,False,False,False,疑似受影响，需现场核查,Task_20洪涝范围相交筛查；道路通行状态需现场核查,nanning_flood_20260706_0707,2026-07-07,dispatch_v3,074f2c6841becf074f14d90e06a2e9672972f1ec,"LINESTRING (109.001704 22.955868, 109.006305 22.955583, 109.007024 22.95584, 109.014577 22.958141, 109.015617 22.958277, 109.016452 22.95826, 109.016747 22.958376)"
gis_osm_roads_free,<NA>,830425169,secondary,roads:gis_osm_roads_free:830425169:secondary,OGC:CRS84,450126,OpenStreetMap,real,kept,<NA>,,secondary,X039,B,0,F,F,0,109.0017035,22.9558679,,derived_from_source_layer_osm_id_fclass,smartbidata_task06_20260810,team_shared,team_shared_source,广西壮族自治区,南宁市,宾阳县,5242.545213255293,2572.6791175642506,0.4907309356263573,3,True,True,False,False,疑似受影响，需现场核查,Task_20洪涝范围相交筛查；道路通行状态需现场核查,nanning_flood_20260706_0707,2026-07-07,dispatch_v3,074f2c6841becf074f14d90e06a2e9672972f1ec,"LINESTRING (109.014161 22.938575, 109.014217 22.938607, 109.014408 22.938718, 109.014606 22.93894, 109.014735 22.939471, 109.014681 22.939807, 109.014622 22.940048, 109.014432 22.940815, 109.014483 22.943354, 109.014445 22.943636, 109.014215 22.944224, 109.013434 22.945224, 109.012898 22.945659, 109.011912 22.946083, 109.011707 22.946185, 109.011534 22.946304, 109.011279 22.946531, 109.010885 22.946994, 109.008304 22.949904, 109.00665 22.952244, 109.006303 22.952735, 109.006032 22.952963, 109.003019 22.954507, 109.00271 22.954699, 109.001704 22.955868, 109.000261 22.957253, 108.999944 22.957644, 108.998322 22.960632, 108.995146 22.966658, 108.993952 22.968643, 108.993225 22.969941, 108.992586 22.971164, 108.992072 22.97221, 108.99176 22.972955, 108.991706 22.973292, 108.991695 22.973635, 108.991766 22.975014, 108.991974 22.976448, 108.99199 22.976875, 108.991919 22.977303, 108.991799 22.977585, 108.991651 22.977721, 108.991493 22.977791, 108.991363 22.977814)"
gis_osm_roads_free,<NA>,830425170,secondary,roads:gis_osm_roads_free:830425170:secondary,OGC:CRS84,450126,OpenStreetMap,real,kept,<NA>,,secondary,X039,B,0,T,F,1,109.0139517,22.9384956,,derived_from_source_layer_osm_id_fclass,smartbidata_task06_20260810,team_shared,team_shared_source,广西壮族自治区,南宁市,宾阳县,23.165880519831557,11.815599783256246,0.5100431979324634,1,True,True,True,True,疑似受影响，需现场核查,Task_20洪涝范围相交筛查；道路通行状态需现场核查,nanning_flood_20260706_0707,2026-07-07,dispatch_v3,074f2c6841becf074f14d90e06a2e9672972f1ec,"LINESTRING (109.013952 22.938496, 109.014161 22.938575)"
gis_osm_roads_free,<NA>,1362477559,unclassified,roads:gis_osm_roads_free:1362477559:unclassified,OGC:CRS84,450126,OpenStreetMap,real,kept,<NA>,,unclassified,,B,0,F,F,0,108.9060224,22.9803708,,derived_from_source_layer_osm_id_fclass,smartbidata_task06_20260810,team_shared,team_shared_source,广西壮族自治区,南宁市,宾阳县,7600.164743265167,133.56812378406696,0.017574372174291013,1,True,True,False,False,疑似受影响，需现场核查,Task_20洪涝范围相交筛查；道路通行状态需现场核查,nanning_flood_20260706_0707,2026-07-07,dispatch_v3,074f2c6841becf074f14d90e06a2e9672972f1ec,"LINESTRING (108.897965 23.007335, 108.898641 23.007364, 108.898711 23.00732, 108.898748 23.007216, 108.898636 23.006964, 108.89863 23.006861, 108.898657 23.006772, 108.898839 23.00648, 108.899263 23.006095, 108.899462 23.00571, 108.899553 23.005592, 108.89988 23.005424, 108.900003 23.00533, 108.900089 23.005241, 108.90024 23.005157, 108.900358 23.005147, 108.900422 23.005162, 108.900669 23.0053, 108.900754 23.005281, 108.900744 23.005241, 108.900663 23.005147, 108.900384 23.00489, 108.900331 23.004787, 108.900325 23.004688, 108.900433 23.004407, 108.900427 23.004278, 108.900336 23.004066, 108.900347 23.003947, 108.900443 23.003745, 108.900443 23.003636, 108.900422 23.003542, 108.900352 23.003389, 108.900336 23.003315, 108.900358 23.003251, 108.90054 23.003044, 108.900615 23.002925, 108.900679 23.002752, 108.900722 23.002525, 108.900819 23.002377, 108.901264 23.002273, 108.901361 23.002185, 108.901457 23.001676, 108.901436 23.001543, 108.901323 23.001291, 108.901291 23.001118, 108.901296 23.001004, 108.901409 23.000728, 108.90143 23.000634, 108.90143 23.00057, 108.901382 23.000412, 108.901414 23.000333, 108.901479 23.000274, 108.901677 23.00015, 108.901763 23.000046, 108.901849 22.999661, 108.901902 22.999538, 108.902015 22.998856, 108.902058 22.998689, 108.902171 22.998585, 108.902251 22.998471, 108.902283 22.998303, 108.902294 22.997982, 108.902337 22.997879, 108.90252 22.997597, 108.902477 22.997434, 108.902455 22.996876, 108.902283 22.996634, 108.902262 22.996318, 108.902139 22.995869, 108.902128 22.99576, 108.902149 22.995641, 108.902321 22.995301, 108.902573 22.994935, 108.902643 22.994782, 108.902739 22.994639, 108.902814 22.994486, 108.902841 22.994189, 108.902739 22.99378, 108.902578 22.993374, 108.902552 22.993231, 108.902552 22.992965, 108.902578 22.992876, 108.902729 22.992742, 108.902788 22.992634, 108.903077 22.991671, 108.903024 22.991068, 108.903013 22.990653, 108.902943 22.990485, 108.902863 22.990357, 108.902798 22.990179, 108.902831 22.989666, 108.902874 22.989389, 108.902793 22.989132, 108.902782 22.988999, 108.902809 22.988885, 108.902922 22.988683, 108.902922 22.988599, 108.90289 22.98851, 108.902831 22.988416, 108.902621 22.988263, 108.90245 22.98808, 108.902326 22.987863, 108.902257 22.98767, 108.902273 22.98729, 108.902455 22.986816, 108.902589 22.986248, 108.902766 22.986075, 108.902804 22.985986, 108.902884 22.985606, 108.903067 22.985334, 108.903351 22.985038, 108.903405 22.984924, 108.903442 22.984569, 108.903544 22.984193, 108.903592 22.983383, 108.903651 22.983255, 108.903759 22.983092, 108.903786 22.983008, 108.903732 22.982672, 108.903732 22.982425, 108.903753 22.982361, 108.904097 22.981857, 108.90415 22.981714, 108.90422 22.981398, 108.904306 22.9812, 108.904429 22.981062, 108.90495 22.981003, 108.905341 22.981038, 108.905502 22.980934, 108.905572 22.980746, 108.905625 22.980672, 108.90592 22.980509, 108.906022 22.980371, 108.906173 22.980065, 108.906178 22.979956, 108.906065 22.979571, 108.906081 22.979472, 108.906114 22.979398, 108.90628 22.97923, 108.90636 22.979111, 108.906462 22.97885, 108.906494 22.978667, 108.906473 22.977906, 108.906403 22.977738, 108.906151 22.977422, 108.906135 22.977368, 108.906146 22.977235, 108.906226 22.976993, 108.906323 22.976879, 108.906457 22.976825, 108.906816 22.976775, 108.90687 22.976721, 108.907471 22.976514, 108.907836 22.97643, 108.908039 22.976326, 108.908136 22.976222, 108.908168 22.976153, 108.90819 22.976064, 108.90819 22.975876, 108.908324 22.97559, 108.908468 22.975481, 108.909 22.975304, 108.909128 22.975215, 108.90922 22.975101, 108.909322 22.974933, 108.90937 22.974741, 108.90945 22.974518, 108.909558 22.974405, 108.909756 22.974311, 108.909863 22.974237, 108.909896 22.974183, 108.909906 22.974, 108.909971 22.973926, 108.910153 22.973827, 108.910303 22.973773, 108.910652 22.973738, 108.910968 22.973679, 108.911258 22.973659, 108.911473 22.973699, 108.911671 22.973708, 108.911773 22.973694, 108.912047 22.973595, 108.912352 22.97362, 108.912444 22.973605, 108.912969 22.973249, 108.913103 22.97314, 108.913211 22.972978, 108.913345 22.972627, 108.913484 22.972513, 108.913575 22.972656, 108.913602 22.973017, 108.913645 22.973076, 108.913811 22.973155, 108.913972 22.97316, 108.914171 22.973066, 108.914332 22.973027, 108.914734 22.972997, 108.914992 22.972997, 108.915024 22.973012, 108.915056 22.973061, 108.91504 22.973476, 108.915056 22.973516, 108.91512 22.97358, 108.915217 22.973624, 108.915281 22.973629, 108.915571 22.973605, 108.915807 22.97354, 108.916418 22.973155, 108.916821 22.972928, 108.917701 22.972538, 108.918006 22.972464, 108.918114 22.972464, 108.918291 22.972518, 108.918639 22.972726, 108.918795 22.97274, 108.919278 22.972696, 108.91939 22.972646, 108.919557 22.972493, 108.919975 22.972251, 108.920603 22.971708, 108.920968 22.971619, 108.921091 22.971619, 108.921273 22.971644, 108.921445 22.971629, 108.921601 22.971565, 108.921949 22.971358, 108.922169 22.971308, 108.922792 22.971269, 108.923811 22.971165, 108.9241 22.97116, 108.924234 22.97114, 108.924385 22.971071, 108.924669 22.970824, 108.924798 22.970785, 108.924969 22.970799, 108.925259 22.970878, 108.92556 22.970918, 108.925769 22.970982, 108.926273 22.971234, 108.926681 22.97157, 108.926804 22.971693, 108.927002 22.971842, 108.92718 22.971911, 108.927469 22.971896, 108.927582 22.971965, 108.927823 22.972172, 108.928043 22.972172, 108.928231 22.972059, 108.928601 22.971644, 108.928875 22.971135, 108.929057 22.970888, 108.929282 22.970622, 108.929781 22.970133, 108.92999 22.970009, 108.930393 22.969836, 108.930967 22.969752, 108.931369 22.969604, 108.931498 22.96953, 108.931712 22.969293, 108.931895 22.96912, 108.931981 22.969007, 108.932018 22.968913, 108.932158 22.968389, 108.932448 22.968251, 108.932742 22.967688, 108.933011 22.967481, 108.933526 22.967278, 108.933622 22.966883)"
gis_osm_roads_free,<NA>,1362477563,unclassified,roads:gis_osm_roads_free:1362477563:unclassified,OGC:CRS84,450126,OpenStreetMap,real,kept,<NA>,,unclassified,,B,0,F,F,0,108.923006,22.9551524,,derived_from_source_layer_osm_id_fclass,smartbidata_task06_20260810,team_shared,team_shared_source,广西壮族自治区,南宁市,宾阳县,2636.0608389690124,22.78159698681411,0.00864228801173049,1,True,False,False,False,疑似受影响，需现场核查,Task_20洪涝范围相交筛查；道路通行状态需现场核查,nanning_flood_20260706_0707,2026-07-07,dispatch_v3,074f2c6841becf074f14d90e06a2e9672972f1ec,"LINESTRING (108.931991 22.961579, 108.931514 22.960897, 108.931165 22.96027, 108.930527 22.959514, 108.930506 22.959243, 108.930479 22.959129, 108.930425 22.959006, 108.930168 22.958591, 108.929932 22.958398, 108.929567 22.958087, 108.928816 22.957716, 108.928703 22.957603, 108.928601 22.957544, 108.927931 22.957331, 108.927437 22.957222, 108.927104 22.957173, 108.926793 22.957203, 108.926627 22.957188, 108.926514 22.957104, 108.926305 22.956872, 108.925914 22.956748, 108.925742 22.956773, 108.925576 22.95663, 108.925517 22.956521, 108.925517 22.95619, 108.925452 22.956032, 108.925388 22.955987, 108.925291 22.955968, 108.924964 22.956022, 108.924819 22.956022, 108.924712 22.956002, 108.924615 22.955953, 108.924551 22.955888, 108.924444 22.955745, 108.924379 22.955627, 108.924294 22.955538, 108.924025 22.955424, 108.923784 22.955251, 108.923451 22.955123, 108.923237 22.955093, 108.923006 22.955152, 108.922813 22.955143, 108.922657 22.955083, 108.922427 22.95492, 108.922341 22.954881, 108.922276 22.954886, 108.922201 22.954915, 108.922083 22.955014, 108.921955 22.955054, 108.921799 22.955004, 108.921622 22.954881, 108.921515 22.954856, 108.920785 22.955004, 108.920603 22.955103, 108.920158 22.955217, 108.92004 22.95538, 108.91982 22.955523, 108.919498 22.955854, 108.919444 22.955879, 108.91909 22.955765, 108.918859 22.955567, 108.918779 22.955197, 108.918795 22.955034, 108.918854 22.954994, 108.91901 22.95495, 108.919095 22.954846, 108.919128 22.954654, 108.919043 22.954226, 108.919079 22.953888, 108.918892 22.953576, 108.918634 22.953473, 108.91858 22.953409, 108.918532 22.953275, 108.918489 22.953231, 108.918387 22.953186, 108.917985 22.953191, 108.917432 22.953013, 108.917105 22.953013, 108.916966 22.952959, 108.916891 22.952949, 108.916762 22.952974, 108.916526 22.953078, 108.916435 22.953231, 108.916386 22.953344, 108.916392 22.953404, 108.91637 22.953502, 108.91622 22.953863, 108.916156 22.954085, 108.915587 22.954594, 108.91534 22.954708, 108.915249 22.954728, 108.915147 22.954723, 108.914879 22.954654, 108.914616 22.954624, 108.914284 22.954747)"
gis_osm_roads_free,<NA>,445075448,tertiary,roads:gis_osm_roads_free:445075448:tertiary,OGC:CRS84,450126,OpenStreetMap,real,kept,<NA>,,tertiary,,B,0,F,F,0,108.9416143,23.1226939,,derived_from_source_layer_osm_id_fclass,smartbidata_task06_20260810,team_shared,team_shared_source,广西壮族自治区,南宁市,宾阳县,2960.0208190181183,53.66766002553115,0.018130838702456655,1,True,False,False,False,疑似受影响，需现场核查,Task_20洪涝范围相交筛查；道路通行状态需现场核查,nanning_flood_20260706_0707,2026-07-07,dispatch_v3,074f2c6841becf074f14d90e06a2e9672972f1ec,"LINESTRING (108.942832 23.135191, 108.942151 23.131534, 108.942835 23.129242, 108.942832 23.128896, 108.942124 23.124614, 108.9418 23.123392, 108.941614 23.122694, 108.941508 23.12114, 108.940814 23.110938, 108.940685 23.108747)"
gis_osm_roads_free,<NA>,1382884741,service,roads:gis_osm_roads_free:1382884741:service,OGC:CRS84,450103,OpenStreetMap,real,kept,<NA>,,service,,B,0,F,F,0,108.7607338,22.8580731,,derived_from_source_layer_osm_id_fclass,smartbidata_task06_20260810,team_shared,team_shared_source,广西壮族自治区,南宁市,青秀区,151.58433312043746,38.460335132167494,0.2537223625980517,1,True,True,False,False,疑似受影响，需现场核查,Task_20洪涝范围相交筛查；道路通行状态需现场核查,nanning_flood_20260706_0707,2026-07-07,dispatch_v3,074f2c6841becf074f14d90e06a2e9672972f1ec,"LINESTRING (108.760118 22.857781, 108.760377 22.857944, 108.760559 22.858055, 108.760734 22.858073, 108.761323 22.857993, 108.761496 22.857969)"
gis_osm_roads_free,<NA>,913512593,tertiary,roads:gis_osm_roads_free:913512593:tertiary,OGC:CRS84,450126,OpenStreetMap,real,kept,<NA>,,tertiary,,B,0,F,F,0,108.9424574,23.1550242,,derived_from_source_layer_osm_id_fclass,smartbidata_task06_20260810,team_shared,team_shared_source,广西壮族自治区,南宁市,宾阳县,9865.777149144682,678.1143942559999,0.06873400686075595,3,True,True,False,False,疑似受影响，需现场核查,Task_20洪涝范围相交筛查；道路通行状态需现场核查,nanning_flood_20260706_0707,2026-07-07,dispatch_v3,074f2c6841becf074f14d90e06a2e9672972f1ec,"LINESTRING (108.978942 23.178399, 108.97975 23.17793, 108.979683 23.177559, 108.979643 23.177159, 108.979568 23.176725, 108.97945 23.176275, 108.979206 23.175429, 108.979096 23.175118, 108.978694 23.174332, 108.978404 23.173843, 108.978174 23.173493, 108.978109 23.173424, 108.978034 23.173375, 108.977455 23.173138, 108.9768 23.172823, 108.976462 23.17268, 108.976076 23.172443, 108.976023 23.172369, 108.975964 23.172221, 108.975776 23.171131, 108.975652 23.170845, 108.975336 23.170608, 108.975068 23.170574, 108.974896 23.170436, 108.974724 23.170026, 108.974585 23.169805, 108.974413 23.169612, 108.974279 23.169504, 108.974091 23.169385, 108.973619 23.169218, 108.972858 23.169218, 108.972729 23.168828, 108.97267 23.168695, 108.97193 23.168177, 108.969832 23.166634, 108.965685 23.163729, 108.963341 23.162886, 108.962987 23.162807, 108.961834 23.162378, 108.96163 23.162279, 108.961445 23.162201, 108.960954 23.161811, 108.959173 23.160568, 108.958744 23.160292, 108.958551 23.160154, 108.958529 23.160119, 108.958438 23.160031, 108.958363 23.160011, 108.95758 23.159473, 108.956276 23.158921, 108.955327 23.158492, 108.954763 23.158284, 108.954501 23.158235, 108.953567 23.158299, 108.953288 23.158339, 108.952548 23.158364, 108.952054 23.158403, 108.951792 23.158398, 108.951496 23.158324, 108.950375 23.157767, 108.949265 23.15718, 108.948498 23.15682, 108.947634 23.156341, 108.946862 23.15607, 108.946604 23.155932, 108.946411 23.155828, 108.946185 23.155655, 108.946116 23.155656, 108.945478 23.155522, 108.943278 23.155167, 108.943235 23.155172, 108.94293 23.155088, 108.942457 23.155024, 108.942098 23.154926, 108.94043 23.154723, 108.940056 23.154678, 108.937667 23.15423, 108.936718 23.153825, 108.934947 23.153149, 108.934497 23.153026, 108.932925 23.152908, 108.932442 23.152908, 108.931938 23.152863, 108.930259 23.15272, 108.92939 23.152676, 108.928977 23.152617, 108.928708 23.152538, 108.927136 23.152168, 108.923902 23.151304, 108.922738 23.151023, 108.921649 23.150703, 108.921053 23.15055, 108.920313 23.150323, 108.919718 23.150165, 108.919219 23.150052, 108.918296 23.149815, 108.916858 23.149435, 108.916783 23.149445, 108.916456 23.149331, 108.915635 23.149109, 108.914541 23.148838, 108.914487 23.148853, 108.914326 23.148848, 108.913495 23.14872, 108.912894 23.148463, 108.912679 23.148345, 108.912358 23.148128, 108.912261 23.148108, 108.912159 23.148078, 108.911161 23.147536, 108.910019 23.14689, 108.909412 23.146534, 108.907465 23.145474, 108.906435 23.144882, 108.905019 23.143945, 108.904418 23.143461, 108.903587 23.142845, 108.90305 23.142554, 108.902664 23.142509, 108.901891 23.142371, 108.901521 23.142294, 108.901516 23.142287, 108.900207 23.141784, 108.899885 23.141695, 108.89973 23.14169, 108.89922 23.141735, 108.898968 23.141715, 108.898136 23.141872)"
gis_osm_roads_free,<NA>,445075510,tertiary,roads:gis_osm_roads_free:445075510:tertiary,OGC:CRS84,450126,OpenStreetMap,real,kept,<NA>,,tertiary,,B,0,F,F,0,108.9383689,23.1332175,,derived_from_source_layer_osm_id_fclass,smartbidata_task06_20260810,team_shared,team_shared_source,广西壮族自治区,南宁市,宾阳县,5275.775954756769,237.9772076971344,0.04510752726005514,2,True,True,False,False,疑似受影响，需现场核查,Task_20洪涝范围相交筛查；道路通行状态需现场核查,nanning_flood_20260706_0707,2026-07-07,dispatch_v3,074f2c6841becf074f14d90e06a2e9672972f1ec,"LINESTRING (108.920164 23.119182, 108.925773 23.12116, 108.930935 23.125897, 108.935708 23.130277, 108.938369 23.133218, 108.940654 23.135575, 108.942424 23.138368, 108.942988 23.139402, 108.94412 23.141685, 108.945655 23.14466, 108.945762 23.144887, 108.945773 23.144946, 108.947967 23.149104, 108.94758 23.150688, 108.947526 23.150849, 108.947258 23.151156, 108.947129 23.151403, 108.946679 23.152409, 108.946235 23.153115, 108.946201 23.153169, 108.946158 23.153204, 108.946099 23.153317, 108.94603 23.153687, 108.946019 23.154003, 108.946169 23.154447, 108.94618 23.154678, 108.946094 23.154896, 108.946078 23.155068, 108.946185 23.155483, 108.946185 23.155655)"
gis_osm_roads_free,<NA>,1046908796,motorway,roads:gis_osm_roads_free:1046908796:motorway,OGC:CRS84,450126,OpenStreetMap,real,kept,<NA>,梧硕高速,motorway,S40,F,0,F,F,0,108.9276624,23.1260836,,derived_from_source_layer_osm_id_fclass,smartbidata_task06_20260810,team_shared,team_shared_source,广西壮族自治区,南宁市,宾阳县,540.0252443954662,181.25197780830388,0.3356361201432486,1,True,True,False,False,疑似受影响，需现场核查,Task_20洪涝范围相交筛查；道路通行状态需现场核查,nanning_flood_20260706_0707,2026-07-07,dispatch_v3,074f2c6841becf074f14d90e06a2e9672972f1ec,"LINESTRING (108.925145 23.126341, 108.927662 23.126084, 108.929827 23.125872, 108.930388 23.125803)"
gis_osm_roads_free,<NA>,1046908795,motorway,roads:gis_osm_roads_free:1046908795:motorway,OGC:CRS84,450126,OpenStreetMap,real,kept,<NA>,梧硕高速,motorway,S40,F,0,F,F,0,108.9276749,23.1261773,,derived_from_source_layer_osm_id_fclass,smartbidata_task06_20260810,team_shared,team_shared_source,广西壮族自治区,南宁市,宾阳县,536.0634628858916,169.7933254118917,0.3167410897542079,1,True,True,False,False,疑似受影响，需现场核查,Task_20洪涝范围相交筛查；道路通行状态需现场核查,nanning_flood_20260706_0707,2026-07-07,dispatch_v3,074f2c6841becf074f14d90e06a2e9672972f1ec,"LINESTRING (108.930433 23.125927, 108.929834 23.125975, 108.929083 23.126084, 108.927675 23.126177, 108.925234 23.126477)"
gis_osm_roads_free,<NA>,555399133,motorway_link,roads:gis_osm_roads_free:555399133:motorway_link,OGC:CRS84,450126,OpenStreetMap,real,kept,<NA>,,motorway_link,,F,0,F,F,0,108.9265358,23.1265276,,derived_from_source_layer_osm_id_fclass,smartbidata_task06_20260810,team_shared,team_shared_source,广西壮族自治区,南宁市,宾阳县,497.3648704329852,25.826893190176328,0.051927457537747905,1,True,False,False,False,疑似受影响，需现场核查,Task_20洪涝范围相交筛查；道路通行状态需现场核查,nanning_flood_20260706_0707,2026-07-07,dispatch_v3,074f2c6841becf074f14d90e06a2e9672972f1ec,"LINESTRING (108.929083 23.126084, 108.927308 23.12637, 108.926536 23.126528, 108.926261 23.126626, 108.926004 23.126757, 108.925793 23.126943, 108.925654 23.127231, 108.925576 23.127534, 108.925653 23.128184)"
gis_osm_roads_free,<NA>,460889372,tertiary,roads:gis_osm_roads_free:460889372:tertiary,OGC:CRS84,450103,OpenStreetMap,real,kept,<NA>,,tertiary,Y028,B,0,F,F,0,108.7588453,22.8580276,,derived_from_source_layer_osm_id_fclass,smartbidata_task06_20260810,team_shared,team_shared_source,广西壮族自治区,南宁市,青秀区,989.1347593424779,226.80435704929795,0.22929571012150554,1,True,True,False,False,疑似受影响，需现场核查,Task_20洪涝范围相交筛查；道路通行状态需现场核查,nanning_flood_20260706_0707,2026-07-07,dispatch_v3,074f2c6841becf074f14d90e06a2e9672972f1ec,"LINESTRING (108.760027 22.853245, 108.760047 22.854999, 108.760056 22.855804, 108.760148 22.857609, 108.760118 22.857781, 108.759936 22.857846, 108.759532 22.857897, 108.759153 22.858028, 108.758845 22.858028, 108.758548 22.858093, 108.758336 22.858214, 108.758093 22.858344, 108.757321 22.858516, 108.756831 22.858595, 108.756462 22.858562, 108.756205 22.858623, 108.756033 22.858758, 108.755867 22.858772, 108.75569 22.85879, 108.755675 22.858874)"
gis_osm_roads_free,<NA>,990432986,motorway,roads:gis_osm_roads_free:990432986:motorway,OGC:CRS84,450126,OpenStreetMap,real,kept,<NA>,上横高速,motorway,S84,F,120,F,F,0,109.0614801,22.9326565,,derived_from_source_layer_osm_id_fclass,smartbidata_task06_20260810,team_shared,team_shared_source,广西壮族自治区,南宁市,宾阳县,323.8034235245942,11.74645004464269,0.036276485025336674,1,True,False,False,False,疑似受影响，需现场核查,Task_20洪涝范围相交筛查；道路通行状态需现场核查,nanning_flood_20260706_0707,2026-07-07,dispatch_v3,074f2c6841becf074f14d90e06a2e9672972f1ec,"LINESTRING (109.06148 22.932656, 109.060764 22.935503)"
gis_osm_roads_free,<NA>,990432954,motorway,roads:gis_osm_roads_free:990432954:motorway,OGC:CRS84,,OpenStreetMap,real,kept,<NA>,上横高速,motorway,S84,F,120,T,F,1,109.0613807,22.9326347,,derived_from_source_layer_osm_id_fclass,smartbidata_task06_20260810,team_shared,team_shared_source,,,,88.07098636114102,54.22452026707092,0.6156910749780821,1,True,True,True,True,疑似受影响，需现场核查,Task_20洪涝范围相交筛查；道路通行状态需现场核查,nanning_flood_20260706_0707,2026-07-07,dispatch_v3,074f2c6841becf074f14d90e06a2e9672972f1ec,"LINESTRING (109.061381 22.932635, 109.061587 22.931863)"
gis_osm_roads_free,<NA>,990432987,motorway,roads:gis_osm_roads_free:990432987:motorway,OGC:CRS84,,OpenStreetMap,real,kept,<NA>,上横高速,motorway,S84,F,120,T,F,1,109.0614801,22.9326565,,derived_from_source_layer_osm_id_fclass,smartbidata_task06_20260810,team_shared,team_shared_source,,,,87.78735469432907,87.78735469432907,1.0,1,True,True,True,True,疑似受影响，需现场核查,Task_20洪涝范围相交筛查；道路通行状态需现场核查,nanning_flood_20260706_0707,2026-07-07,dispatch_v3,074f2c6841becf074f14d90e06a2e9672972f1ec,"LINESTRING (109.061686 22.931887, 109.06148 22.932656)"
gis_osm_roads_free,<NA>,1512386846,motorway,roads:gis_osm_roads_free:1512386846:motorway,OGC:CRS84,450181,OpenStreetMap,real,kept,<NA>,上横高速,motorway,S84,F,120,F,F,0,109.0661329,22.9230373,,derived_from_source_layer_osm_id_fclass,smartbidata_task06_20260810,team_shared,team_shared_source,广西壮族自治区,南宁市,横州市,2192.9590387360913,364.198993670595,0.16607651453467207,3,True,True,False,False,疑似受影响，需现场核查,Task_20洪涝范围相交筛查；道路通行状态需现场核查,nanning_flood_20260706_0707,2026-07-07,dispatch_v3,074f2c6841becf074f14d90e06a2e9672972f1ec,"LINESTRING (109.07329 22.915616, 109.072142 22.916834, 109.070536 22.918522, 109.06738 22.921819, 109.066133 22.923037, 109.065876 22.923337, 109.065625 22.923642, 109.065381 22.923951, 109.065144 22.924265, 109.064914 22.924583, 109.06469 22.924905, 109.064447 22.925273, 109.064213 22.925647, 109.063988 22.926024, 109.063772 22.926407, 109.063565 22.926794, 109.063368 22.927185, 109.063181 22.92758, 109.063004 22.927979, 109.062836 22.928381, 109.062489 22.92932, 109.061686 22.931887)"
gis_osm_roads_free,<NA>,1512386848,motorway,roads:gis_osm_roads_free:1512386848:motorway,OGC:CRS84,450181,OpenStreetMap,real,kept,<NA>,上横高速,motorway,S84,F,120,F,F,0,109.0660555,22.9229757,,derived_from_source_layer_osm_id_fclass,smartbidata_task06_20260810,team_shared,team_shared_source,广西壮族自治区,南宁市,横州市,2200.992868476303,401.05471877611075,0.1822153649474347,3,True,True,False,False,疑似受影响，需现场核查,Task_20洪涝范围相交筛查；道路通行状态需现场核查,nanning_flood_20260706_0707,2026-07-07,dispatch_v3,074f2c6841becf074f14d90e06a2e9672972f1ec,"LINESTRING (109.061587 22.931863, 109.062391 22.929292, 109.06274 22.928349, 109.062909 22.927944, 109.063087 22.927543, 109.063275 22.927146, 109.063473 22.926753, 109.06368 22.926365, 109.063897 22.92598, 109.064124 22.9256, 109.064359 22.925225, 109.064604 22.924855, 109.064828 22.924532, 109.06506 22.924212, 109.065298 22.923897, 109.065543 22.923586, 109.065795 22.92328, 109.066056 22.922976, 109.067305 22.921755, 109.07046 22.91846, 109.072064 22.916773, 109.07321 22.915513)"
gis_osm_roads_free,<NA>,1536188444,unclassified,roads:gis_osm_roads_free:1536188444:unclassified,OGC:CRS84,450181,OpenStreetMap,real,kept,<NA>,,unclassified,,B,0,F,F,0,109.0550995,22.9234851,,derived_from_source_layer_osm_id_fclass,smartbidata_task06_20260810,team_shared,team_shared_source,广西壮族自治区,南宁市,横州市,1999.1836053645807,181.7122577202848,0.09089323123332982,1,True,True,False,False,疑似受影响，需现场核查,Task_20洪涝范围相交筛查；道路通行状态需现场核查,nanning_flood_20260706_0707,2026-07-07,dispatch_v3,074f2c6841becf074f14d90e06a2e9672972f1ec,"LINESTRING (109.05407 22.918437, 109.054037 22.918699, 109.053823 22.919148, 109.053769 22.919356, 109.053394 22.920127, 109.052385 22.921253, 109.051977 22.921797, 109.051945 22.922068, 109.05224 22.922724, 109.052868 22.922724, 109.053876 22.922932, 109.05408 22.923016, 109.054456 22.923223, 109.0551 22.923485, 109.055625 22.923549, 109.056011 22.923712, 109.056199 22.924029, 109.056323 22.925288, 109.056296 22.925442, 109.056205 22.925644, 109.055792 22.926079, 109.05548 22.926237, 109.054477 22.926464, 109.054413 22.926538, 109.054354 22.926731, 109.054354 22.927383, 109.054402 22.92763, 109.055432 22.929962, 109.055732 22.930605, 109.056172 22.931321, 109.056451 22.931533)"
gis_osm_roads_free,<NA>,1536188445,unclassified,roads:gis_osm_roads_free:1536188445:unclassified,OGC:CRS84,,OpenStreetMap,real,kept,<NA>,,unclassified,,B,0,F,F,0,109.0526211,22.9311777,,derived_from_source_layer_osm_id_fclass,smartbidata_task06_20260810,team_shared,team_shared_source,,,,634.2209125950462,158.2754540318139,0.24955886961247792,1,True,True,False,False,疑似受影响，需现场核查,Task_20洪涝范围相交筛查；道路通行状态需现场核查,nanning_flood_20260706_0707,2026-07-07,dispatch_v3,074f2c6841becf074f14d90e06a2e9672972f1ec,"LINESTRING (109.055432 22.929962, 109.054536 22.930432, 109.05393 22.930679, 109.053823 22.930738, 109.053678 22.930862, 109.053538 22.93102, 109.053361 22.931133, 109.052932 22.931212, 109.052621 22.931178, 109.052079 22.931252, 109.051677 22.93141, 109.05128 22.931494, 109.051017 22.931608, 109.050615 22.931899, 109.05039 22.932003, 109.049864 22.932118)"
gis_osm_roads_free,<NA>,1536188447,unclassified,roads:gis_osm_roads_free:1536188447:unclassified,OGC:CRS84,450181,OpenStreetMap,real,kept,<NA>,,unclassified,,B,0,F,F,0,109.0736381,22.9248368,,derived_from_source_layer_osm_id_fclass,smartbidata_task06_20260810,team_shared,team_shared_source,广西壮族自治区,南宁市,横州市,1934.5761971390464,323.5725497363069,0.16725758862061008,1,True,True,False,False,疑似受影响，需现场核查,Task_20洪涝范围相交筛查；道路通行状态需现场核查,nanning_flood_20260706_0707,2026-07-07,dispatch_v3,074f2c6841becf074f14d90e06a2e9672972f1ec,"LINESTRING (109.073768 22.930619, 109.073843 22.928935, 109.073854 22.927467, 109.073912 22.926603, 109.072818 22.926594, 109.071562 22.92666, 109.071196 22.926236, 109.071827 22.92609, 109.072294 22.925486, 109.073035 22.92545, 109.073425 22.925194, 109.073638 22.924837, 109.074063 22.924735, 109.074213 22.924315, 109.07405 22.923858, 109.073199 22.922039, 109.072732 22.921228, 109.072325 22.920636, 109.071659 22.919331, 109.071472 22.918807, 109.07145 22.918684, 109.071461 22.918457, 109.071665 22.917928)"
gis_osm_roads_free,<NA>,1446668063,residential,roads:gis_osm_roads_free:1446668063:residential,OGC:CRS84,450181,OpenStreetMap,real,kept,<NA>,,residential,,B,0,F,F,0,108.9933335,22.92065,,derived_from_source_layer_osm_id_fclass,smartbidata_task06_20260810,team_shared,team_shared_source,广西壮族自治区,南宁市,横州市,556.7978717864678,393.7013531474048,0.707081282268962,1,True,True,False,False,疑似受影响，需现场核查,Task_20洪涝范围相交筛查；道路通行状态需现场核查,nanning_flood_20260706_0707,2026-07-07,dispatch_v3,074f2c6841becf074f14d90e06a2e9672972f1ec,"LINESTRING (108.992694 22.92284, 108.992845 22.922448, 108.992985 22.922181, 108.993714 22.920946, 108.993789 22.920774, 108.993741 22.920709, 108.99358 22.920625, 108.993452 22.920655, 108.993334 22.92065, 108.993264 22.920606, 108.993221 22.920522, 108.993194 22.920324, 108.993216 22.918457)"
gis_osm_roads_free,<NA>,1446668062,unclassified,roads:gis_osm_roads_free:1446668062:unclassified,OGC:CRS84,450181,OpenStreetMap,real,kept,<NA>,,unclassified,,B,0,F,F,0,108.9973783,22.9163366,,derived_from_source_layer_osm_id_fclass,smartbidata_task06_20260810,team_shared,team_shared_source,广西壮族自治区,南宁市,横州市,622.8457043823717,268.1928721230409,0.4305927940676531,1,True,True,False,False,疑似受影响，需现场核查,Task_20洪涝范围相交筛查；道路通行状态需现场核查,nanning_flood_20260706_0707,2026-07-07,dispatch_v3,074f2c6841becf074f14d90e06a2e9672972f1ec,"LINESTRING (108.994203 22.916959, 108.994476 22.916757, 108.994836 22.916638, 108.996461 22.916455, 108.997378 22.916337, 108.997829 22.916342, 109.000156 22.916395)"
gis_osm_roads_free,<NA>,1446668037,unclassified,roads:gis_osm_roads_free:1446668037:unclassified,OGC:CRS84,450181,OpenStreetMap,real,kept,<NA>,,unclassified,,B,0,F,F,0,108.9991164,22.9225524,,derived_from_source_layer_osm_id_fclass,smartbidata_task06_20260810,team_shared,team_shared_source,广西壮族自治区,南宁市,横州市,551.9953967920558,477.1322214375376,0.8643771745387939,1,True,True,False,False,疑似受影响，需现场核查,Task_20洪涝范围相交筛查；道路通行状态需现场核查,nanning_flood_20260706_0707,2026-07-07,dispatch_v3,074f2c6841becf074f14d90e06a2e9672972f1ec,"LINESTRING (108.997652 22.92058, 108.99807 22.920971, 108.998408 22.921485, 108.998945 22.921935, 108.999009 22.922009, 108.999057 22.922128, 108.99909 22.922488, 108.999116 22.922552, 108.999186 22.922646, 108.999347 22.922785, 108.999476 22.922864, 108.999905 22.923017, 109.000141 22.923338, 109.000243 22.923708, 109.000361 22.92399, 109.000458 22.924138, 109.00067 22.924459)"
gis_osm_roads_free,<NA>,1446668065,unclassified,roads:gis_osm_roads_free:1446668065:unclassified,OGC:CRS84,450181,OpenStreetMap,real,kept,<NA>,,unclassified,,B,0,F,F,0,108.9987355,22.9127094,,derived_from_source_layer_osm_id_fclass,smartbidata_task06_20260810,team_shared,team_shared_source,广西壮族自治区,南宁市,横州市,840.4357075024074,139.90496481947352,0.16646718311771966,1,True,True,False,False,疑似受影响，需现场核查,Task_20洪涝范围相交筛查；道路通行状态需现场核查,nanning_flood_20260706_0707,2026-07-07,dispatch_v3,074f2c6841becf074f14d90e06a2e9672972f1ec,"LINESTRING (108.999358 22.909591, 108.999503 22.909665, 108.999395 22.909799, 108.999186 22.909843, 108.999148 22.909883, 108.999041 22.91008, 108.999057 22.91016, 108.99925 22.910397, 108.999326 22.91057, 108.999336 22.910762, 108.999454 22.911108, 108.999411 22.911331, 108.999411 22.91143, 108.99947 22.911726, 108.999438 22.911766, 108.9991 22.911929, 108.998939 22.912077, 108.998891 22.912176, 108.998794 22.912546, 108.998736 22.912709, 108.998446 22.913169, 108.998435 22.913712, 108.99828 22.914394, 108.998119 22.915561, 108.997829 22.916342)"
gis_osm_roads_free,<NA>,1446668035,unclassified,roads:gis_osm_roads_free:1446668035:unclassified,OGC:CRS84,450181,OpenStreetMap,real,kept,<NA>,,unclassified,,B,0,F,F,0,109.0002751,22.924504,,derived_from_source_layer_osm_id_fclass,smartbidata_task06_20260810,team_shared,team_shared_source,广西壮族自治区,南宁市,横州市,88.5888780083905,88.5888780083905,1.0,1,True,True,False,False,疑似受影响，需现场核查,Task_20洪涝范围相交筛查；道路通行状态需现场核查,nanning_flood_20260706_0707,2026-07-07,dispatch_v3,074f2c6841becf074f14d90e06a2e9672972f1ec,"LINESTRING (109.00067 22.924459, 109.000458 22.924499, 109.000275 22.924504, 109.000055 22.92443, 108.999841 22.924509)"
gis_osm_roads_free,<NA>,1446668038,unclassified,roads:gis_osm_roads_free:1446668038:unclassified,OGC:CRS84,450181,OpenStreetMap,real,kept,<NA>,,unclassified,,B,0,F,F,0,109.0024424,22.9188321,,derived_from_source_layer_osm_id_fclass,smartbidata_task06_20260810,team_shared,team_shared_source,广西壮族自治区,南宁市,横州市,1113.6837461131768,302.33291528258695,0.27147106738133425,1,True,True,False,False,疑似受影响，需现场核查,Task_20洪涝范围相交筛查；道路通行状态需现场核查,nanning_flood_20260706_0707,2026-07-07,dispatch_v3,074f2c6841becf074f14d90e06a2e9672972f1ec,"LINESTRING (109.003821 22.913989, 109.003488 22.915072, 109.003097 22.915962, 109.003086 22.916105, 109.003022 22.916436, 109.002625 22.917928, 109.002442 22.918832, 109.002346 22.91904, 109.002126 22.919623, 109.001713 22.920324, 109.001316 22.921164, 109.001155 22.921653, 109.001133 22.921821, 109.001048 22.922088, 109.000854 22.922409, 109.000812 22.922449, 109.000683 22.922646, 109.000597 22.922804, 109.000141 22.923338)"
gis_osm_roads_free,<NA>,1446668036,unclassified,roads:gis_osm_roads_free:1446668036:unclassified,OGC:CRS84,450181,OpenStreetMap,real,kept,<NA>,,unclassified,,B,0,T,F,1,109.0009479,22.9244081,,derived_from_source_layer_osm_id_fclass,smartbidata_task06_20260810,team_shared,team_shared_source,广西壮族自治区,南宁市,横州市,29.08639376839537,29.08639376839537,1.0,1,True,True,True,True,疑似受影响，需现场核查,Task_20洪涝范围相交筛查；道路通行状态需现场核查,nanning_flood_20260706_0707,2026-07-07,dispatch_v3,074f2c6841becf074f14d90e06a2e9672972f1ec,"LINESTRING (109.000948 22.924408, 109.00067 22.924459)"
gis_osm_roads_free,<NA>,1446668034,unclassified,roads:gis_osm_roads_free:1446668034:unclassified,OGC:CRS84,,OpenStreetMap,real,kept,<NA>,,unclassified,,B,0,F,F,0,109.0052158,22.9268014,,derived_from_source_layer_osm_id_fclass,smartbidata_task06_20260810,team_shared,team_shared_source,,,,1015.7756094599288,823.9300589162425,0.8111339268663013,1,True,True,False,False,疑似受影响，需现场核查,Task_20洪涝范围相交筛查；道路通行状态需现场核查,nanning_flood_20260706_0707,2026-07-07,dispatch_v3,074f2c6841becf074f14d90e06a2e9672972f1ec,"LINESTRING (109.009625 22.927375, 109.009357 22.927444, 109.009051 22.927656, 109.008923 22.927701, 109.008236 22.927607, 109.007871 22.927468, 109.007217 22.927434, 109.006471 22.927523, 109.006326 22.927513, 109.006181 22.927429, 109.006015 22.927271, 109.005216 22.926801, 109.004309 22.926415, 109.003322 22.92606, 109.003156 22.925937, 109.002442 22.925418, 109.00189 22.924949, 109.001616 22.924628, 109.001471 22.924489, 109.001166 22.924415, 109.000948 22.924408)"
gis_osm_roads_free,<NA>,1446668058,track,roads:gis_osm_roads_free:1446668058:track,OGC:CRS84,450181,OpenStreetMap,real,kept,<NA>,,track,,B,0,F,F,0,109.0073884,22.9218899,,derived_from_source_layer_osm_id_fclass,smartbidata_task06_20260810,team_shared,team_shared_source,广西壮族自治区,南宁市,横州市,1300.2908162950614,674.4211061955009,0.5186694374394948,1,True,True,False,False,疑似受影响，需现场核查,Task_20洪涝范围相交筛查；道路通行状态需现场核查,nanning_flood_20260706_0707,2026-07-07,dispatch_v3,074f2c6841becf074f14d90e06a2e9672972f1ec,"LINESTRING (109.003156 22.925937, 109.003435 22.92559, 109.004003 22.925254, 109.004266 22.925071, 109.004368 22.924958, 109.004577 22.924622, 109.004642 22.924553, 109.004996 22.924266, 109.005135 22.924118, 109.005291 22.92399, 109.005768 22.923649, 109.005854 22.923555, 109.006198 22.923011, 109.006326 22.922838, 109.006616 22.92227, 109.006718 22.922196, 109.00712 22.922058, 109.007254 22.921969, 109.007388 22.92189, 109.007442 22.921831, 109.007549 22.921752, 109.00771 22.921628, 109.007866 22.921574, 109.008606 22.921658, 109.00903 22.921638, 109.009212 22.921594, 109.009427 22.921495, 109.01021 22.920793, 109.010688 22.920655, 109.012072 22.92068, 109.012361 22.92068, 109.012646 22.92066, 109.013332 22.920754)"
gis_osm_roads_free,<NA>,1446668043,unclassified,roads:gis_osm_roads_free:1446668043:unclassified,OGC:CRS84,450181,OpenStreetMap,real,kept,<NA>,,unclassified,,B,0,F,F,0,109.0057629,22.9189653,,derived_from_source_layer_osm_id_fclass,smartbidata_task06_20260810,team_shared,team_shared_source,广西壮族自治区,南宁市,横州市,628.2998641803002,367.7316934223537,0.5852805553318208,1,True,True,False,False,疑似受影响，需现场核查,Task_20洪涝范围相交筛查；道路通行状态需现场核查,nanning_flood_20260706_0707,2026-07-07,dispatch_v3,074f2c6841becf074f14d90e06a2e9672972f1ec,"LINESTRING (109.008435 22.917305, 109.008215 22.917384, 109.008146 22.917429, 109.007888 22.91771, 109.007652 22.917923, 109.006916 22.918402, 109.006466 22.918595, 109.005763 22.918965, 109.004529 22.919573, 109.004041 22.919929, 109.003918 22.920047, 109.003875 22.920116, 109.003826 22.920358, 109.003746 22.92065)"
gis_osm_roads_free,<NA>,1446668059,track,roads:gis_osm_roads_free:1446668059:track,OGC:CRS84,450181,OpenStreetMap,real,kept,<NA>,,track,,B,0,F,F,0,109.0065891,22.9212082,,derived_from_source_layer_osm_id_fclass,smartbidata_task06_20260810,team_shared,team_shared_source,广西壮族自治区,南宁市,横州市,348.67786939555856,223.0795839119693,0.6397870455577898,1,True,True,False,False,疑似受影响，需现场核查,Task_20洪涝范围相交筛查；道路通行状态需现场核查,nanning_flood_20260706_0707,2026-07-07,dispatch_v3,074f2c6841becf074f14d90e06a2e9672972f1ec,"LINESTRING (109.007755 22.920849, 109.007474 22.920764, 109.00667 22.921139, 109.006589 22.921208, 109.005897 22.921816, 109.005768 22.921984, 109.005656 22.922221, 109.005559 22.922369, 109.005259 22.92268)"
gis_osm_roads_free,<NA>,1446668042,residential,roads:gis_osm_roads_free:1446668042:residential,OGC:CRS84,450181,OpenStreetMap,real,kept,<NA>,,residential,,B,0,F,F,0,109.0084941,22.9122548,,derived_from_source_layer_osm_id_fclass,smartbidata_task06_20260810,team_shared,team_shared_source,广西壮族自治区,南宁市,横州市,627.4284948456037,206.95692261627195,0.3298494160154449,1,True,True,False,False,疑似受影响，需现场核查,Task_20洪涝范围相交筛查；道路通行状态需现场核查,nanning_flood_20260706_0707,2026-07-07,dispatch_v3,074f2c6841becf074f14d90e06a2e9672972f1ec,"LINESTRING (109.00623 22.911801, 109.006338 22.911859, 109.006735 22.911943, 109.007196 22.912112, 109.007572 22.912171, 109.008494 22.912255, 109.009422 22.912136, 109.009599 22.912186, 109.00968 22.912265, 109.009889 22.912961, 109.010082 22.913218, 109.01042 22.913391, 109.010443 22.913477, 109.010346 22.913917, 109.010254 22.914332)"
gis_osm_roads_free,<NA>,1446668033,unclassified,roads:gis_osm_roads_free:1446668033:unclassified,OGC:CRS84,,OpenStreetMap,real,kept,<NA>,,unclassified,,B,0,F,F,0,109.0094704,22.9156151,,derived_from_source_layer_osm_id_fclass,smartbidata_task06_20260810,team_shared,team_shared_source,,,,4124.428910955306,1523.214877014422,0.3693153427783564,1,True,True,False,False,疑似受影响，需现场核查,Task_20洪涝范围相交筛查；道路通行状态需现场核查,nanning_flood_20260706_0707,2026-07-07,dispatch_v3,074f2c6841becf074f14d90e06a2e9672972f1ec,"LINESTRING (109.015376 22.930837, 109.015199 22.930758, 109.014984 22.930604, 109.014824 22.930461, 109.014239 22.930076, 109.01403 22.929952, 109.01367 22.929809, 109.013563 22.929597, 109.013246 22.929364, 109.012152 22.92892, 109.011433 22.928554, 109.010575 22.928337, 109.01036 22.928258, 109.010071 22.928065, 109.009625 22.927375, 109.009395 22.926736, 109.008901 22.924982, 109.008713 22.92395, 109.00873 22.923584, 109.008595 22.923145, 109.008359 22.922666, 109.007866 22.921574, 109.007823 22.921495, 109.007726 22.921184, 109.007755 22.920849, 109.007764 22.920739, 109.007737 22.920403, 109.007694 22.920299, 109.007952 22.919756, 109.008048 22.919193, 109.008311 22.917928, 109.008435 22.917305, 109.0085 22.916954, 109.008601 22.916692, 109.008972 22.916149, 109.00947 22.915615, 109.00969 22.915086, 109.010254 22.914332, 109.010473 22.914088, 109.010779 22.913722, 109.011101 22.913505, 109.011251 22.913357, 109.011621 22.912571, 109.011637 22.912314, 109.011611 22.911494, 109.011122 22.910313, 109.011069 22.910115, 109.010908 22.909818, 109.010828 22.909606, 109.010811 22.909398, 109.010865 22.909211, 109.010661 22.908865, 109.010586 22.90841, 109.010634 22.908242, 109.010688 22.908148, 109.010795 22.90803, 109.01138 22.907481, 109.01146 22.907422, 109.011863 22.907022, 109.012056 22.906799, 109.012163 22.906562, 109.01241 22.90586, 109.012689 22.905297, 109.013338 22.904136, 109.014132 22.902925, 109.014534 22.901942, 109.014657 22.901773, 109.014952 22.901487, 109.015135 22.901323, 109.015269 22.90119, 109.015355 22.901077, 109.015671 22.900503, 109.015746 22.900266, 109.015725 22.900034, 109.01573 22.899896, 109.015634 22.899655)"
gis_osm_roads_free,<NA>,1446668032,unclassified,roads:gis_osm_roads_free:1446668032:unclassified,OGC:CRS84,450126,OpenStreetMap,real,kept,<NA>,,unclassified,,B,0,F,F,0,109.0103495,22.9309157,,derived_from_source_layer_osm_id_fclass,smartbidata_task06_20260810,team_shared,team_shared_source,广西壮族自治区,南宁市,宾阳县,988.3148138556508,417.2861094458641,0.42221982671486213,1,True,True,False,False,疑似受影响，需现场核查,Task_20洪涝范围相交筛查；道路通行状态需现场核查,nanning_flood_20260706_0707,2026-07-07,dispatch_v3,074f2c6841becf074f14d90e06a2e9672972f1ec,"LINESTRING (109.008236 22.927607, 109.008225 22.927724, 109.008322 22.928011, 109.008198 22.928352, 109.007989 22.928564, 109.007828 22.928935, 109.007823 22.929029, 109.007898 22.929305, 109.008064 22.929364, 109.008263 22.929483, 109.008783 22.92971, 109.008971 22.929819, 109.009534 22.930264, 109.009684 22.930402, 109.009856 22.93052, 109.01035 22.930916, 109.010425 22.930955, 109.010457 22.931005, 109.010591 22.931104, 109.011337 22.931494, 109.011974 22.931518, 109.012635 22.931573, 109.013107 22.931676, 109.013488 22.931726, 109.013976 22.931676, 109.014351 22.931701, 109.014405 22.931756, 109.014421 22.931854, 109.014416 22.932052)"
gis_osm_roads_free,<NA>,1446668056,track,roads:gis_osm_roads_free:1446668056:track,OGC:CRS84,,OpenStreetMap,real,kept,<NA>,,track,,B,0,F,F,0,109.0111649,22.9225174,,derived_from_source_layer_osm_id_fclass,smartbidata_task06_20260810,team_shared,team_shared_source,,,,584.4862848911224,121.94320475470396,0.20863313290134675,1,True,True,False,False,疑似受影响，需现场核查,Task_20洪涝范围相交筛查；道路通行状态需现场核查,nanning_flood_20260706_0707,2026-07-07,dispatch_v3,074f2c6841becf074f14d90e06a2e9672972f1ec,"LINESTRING (109.00873 22.923584, 109.009357 22.923387, 109.009802 22.92312, 109.011047 22.922586, 109.011165 22.922517, 109.012554 22.921786, 109.012984 22.921401, 109.013042 22.921327, 109.013225 22.921179, 109.0133 22.921134, 109.013348 22.921124, 109.013645 22.921016)"
gis_osm_roads_free,<NA>,1446668052,residential,roads:gis_osm_roads_free:1446668052:residential,OGC:CRS84,450181,OpenStreetMap,real,kept,<NA>,,residential,,B,0,F,F,0,109.0103876,22.9163663,,derived_from_source_layer_osm_id_fclass,smartbidata_task06_20260810,team_shared,team_shared_source,广西壮族自治区,南宁市,横州市,125.58797935949478,115.94579407756744,0.9232236609657788,1,True,True,False,False,疑似受影响，需现场核查,Task_20洪涝范围相交筛查；道路通行状态需现场核查,nanning_flood_20260706_0707,2026-07-07,dispatch_v3,074f2c6841becf074f14d90e06a2e9672972f1ec,"LINESTRING (109.00947 22.915615, 109.010388 22.916366)"
gis_osm_roads_free,<NA>,1446668060,track,roads:gis_osm_roads_free:1446668060:track,OGC:CRS84,450181,OpenStreetMap,real,kept,<NA>,,track,,B,0,F,F,0,109.011417,22.9193013,,derived_from_source_layer_osm_id_fclass,smartbidata_task06_20260810,team_shared,team_shared_source,广西壮族自治区,南宁市,横州市,523.4819296242711,245.2400455083178,0.4684785312156596,1,True,True,False,False,疑似受影响，需现场核查,Task_20洪涝范围相交筛查；道路通行状态需现场核查,nanning_flood_20260706_0707,2026-07-07,dispatch_v3,074f2c6841becf074f14d90e06a2e9672972f1ec,"LINESTRING (109.01021 22.920793, 109.010232 22.92065, 109.010403 22.920284, 109.010816 22.919642, 109.01094 22.919499, 109.011417 22.919301, 109.0122 22.919086, 109.012548 22.919399, 109.012964 22.920032, 109.013032 22.92037, 109.013128 22.92054, 109.013332 22.920754)"
gis_osm_roads_free,<NA>,1446668053,residential,roads:gis_osm_roads_free:1446668053:residential,OGC:CRS84,450181,OpenStreetMap,real,kept,<NA>,,residential,,B,0,F,F,0,109.0111378,22.9154408,,derived_from_source_layer_osm_id_fclass,smartbidata_task06_20260810,team_shared,team_shared_source,广西壮族自治区,南宁市,横州市,367.5534510178437,105.27736739709343,0.28642736751771786,1,True,True,False,False,疑似受影响，需现场核查,Task_20洪涝范围相交筛查；道路通行状态需现场核查,nanning_flood_20260706_0707,2026-07-07,dispatch_v3,074f2c6841becf074f14d90e06a2e9672972f1ec,"LINESTRING (109.010346 22.913917, 109.010473 22.914088, 109.010586 22.914187, 109.010758 22.914474, 109.010833 22.914681, 109.010892 22.915062, 109.011138 22.915441, 109.011322 22.915512, 109.012003 22.915326, 109.012088 22.915344, 109.012148 22.915535, 109.012318 22.915643, 109.012512 22.915859)"
gis_osm_roads_free,<NA>,1446668049,residential,roads:gis_osm_roads_free:1446668049:residential,OGC:CRS84,450181,OpenStreetMap,real,kept,<NA>,,residential,,B,0,F,F,0,109.0140566,22.9123437,,derived_from_source_layer_osm_id_fclass,smartbidata_task06_20260810,team_shared,team_shared_source,广西壮族自治区,南宁市,横州市,854.8548772866857,125.86060913130578,0.1472303808229861,1,True,True,False,False,疑似受影响，需现场核查,Task_20洪涝范围相交筛查；道路通行状态需现场核查,nanning_flood_20260706_0707,2026-07-07,dispatch_v3,074f2c6841becf074f14d90e06a2e9672972f1ec,"LINESTRING (109.01816 22.913208, 109.017956 22.913194, 109.01742 22.913011, 109.014057 22.912344, 109.013086 22.912225, 109.011637 22.912314, 109.011316 22.912532, 109.011144 22.912675, 109.01042 22.913391)"
gis_osm_roads_free,<NA>,1446668050,residential,roads:gis_osm_roads_free:1446668050:residential,OGC:CRS84,450181,OpenStreetMap,real,kept,<NA>,,residential,,B,0,F,F,0,109.0104434,22.913477,,derived_from_source_layer_osm_id_fclass,smartbidata_task06_20260810,team_shared,team_shared_source,广西壮族自治区,南宁市,横州市,43.88091755329586,43.88091755329586,1.0,1,True,True,False,False,疑似受影响，需现场核查,Task_20洪涝范围相交筛查；道路通行状态需现场核查,nanning_flood_20260706_0707,2026-07-07,dispatch_v3,074f2c6841becf074f14d90e06a2e9672972f1ec,"LINESTRING (109.010443 22.913477, 109.010779 22.913722)"
gis_osm_roads_free,<NA>,1446668057,track,roads:gis_osm_roads_free:1446668057:track,OGC:CRS84,,OpenStreetMap,real,kept,<NA>,,track,,B,0,F,F,0,109.0152419,22.9232238,,derived_from_source_layer_osm_id_fclass,smartbidata_task06_20260810,team_shared,team_shared_source,,,,686.9477412652697,315.1581266687551,0.4587803521826482,1,True,True,False,False,疑似受影响，需现场核查,Task_20洪涝范围相交筛查；道路通行状态需现场核查,nanning_flood_20260706_0707,2026-07-07,dispatch_v3,074f2c6841becf074f14d90e06a2e9672972f1ec,"LINESTRING (109.013332 22.920754, 109.013645 22.921016, 109.014641 22.922265, 109.014872 22.922631, 109.015033 22.922932, 109.015242 22.923224, 109.015397 22.923545, 109.01558 22.924108, 109.015628 22.924355, 109.015634 22.924503, 109.015596 22.924918, 109.01558 22.925432, 109.015668 22.926306)"
gis_osm_roads_free,<NA>,1446668055,residential,roads:gis_osm_roads_free:1446668055:residential,OGC:CRS84,450181,OpenStreetMap,real,kept,<NA>,,residential,,B,0,F,F,0,109.0168458,22.9173348,,derived_from_source_layer_osm_id_fclass,smartbidata_task06_20260810,team_shared,team_shared_source,广西壮族自治区,南宁市,横州市,523.2697808008202,202.96879818879498,0.38788557190932826,1,True,True,False,False,疑似受影响，需现场核查,Task_20洪涝范围相交筛查；道路通行状态需现场核查,nanning_flood_20260706_0707,2026-07-07,dispatch_v3,074f2c6841becf074f14d90e06a2e9672972f1ec,"LINESTRING (109.019225 22.917913, 109.018976 22.917903, 109.018289 22.917804, 109.017935 22.917735, 109.017575 22.917577, 109.017227 22.917448, 109.016846 22.917335, 109.016256 22.917112, 109.015886 22.916934, 109.015757 22.916855, 109.015703 22.916801, 109.015746 22.916692, 109.01587 22.916544, 109.016057 22.916371, 109.01617 22.916094, 109.016197 22.915704)"
gis_osm_roads_free,<NA>,1446668054,unclassified,roads:gis_osm_roads_free:1446668054:unclassified,OGC:CRS84,450181,OpenStreetMap,real,kept,<NA>,,unclassified,,B,0,F,F,0,109.0185597,22.9160443,,derived_from_source_layer_osm_id_fclass,smartbidata_task06_20260810,team_shared,team_shared_source,广西壮族自治区,南宁市,横州市,713.2623709655279,141.21752661987875,0.19798819111782895,1,True,True,False,False,疑似受影响，需现场核查,Task_20洪涝范围相交筛查；道路通行状态需现场核查,nanning_flood_20260706_0707,2026-07-07,dispatch_v3,074f2c6841becf074f14d90e06a2e9672972f1ec,"LINESTRING (109.019726 22.919406, 109.019405 22.918699, 109.019277 22.918296, 109.019225 22.917913, 109.019013 22.917326, 109.018857 22.917066, 109.01856 22.916044, 109.018432 22.915045, 109.018314 22.914075, 109.018244 22.913693, 109.018281 22.913376, 109.01816 22.913208)"
gis_osm_roads_free,<NA>,1446668078,unclassified,roads:gis_osm_roads_free:1446668078:unclassified,OGC:CRS84,450126,OpenStreetMap,real,kept,<NA>,,unclassified,,B,0,F,F,0,109.0154028,22.9354657,,derived_from_source_layer_osm_id_fclass,smartbidata_task06_20260810,team_shared,team_shared_source,广西壮族自治区,南宁市,宾阳县,464.1860110322332,409.61172417019213,0.882430134547395,1,True,True,False,False,疑似受影响，需现场核查,Task_20洪涝范围相交筛查；道路通行状态需现场核查,nanning_flood_20260706_0707,2026-07-07,dispatch_v3,074f2c6841becf074f14d90e06a2e9672972f1ec,"LINESTRING (109.01279 22.935555, 109.012903 22.93553, 109.015403 22.935466, 109.016004 22.935471, 109.017313 22.935426)"
gis_osm_roads_free,<NA>,1446668079,residential,roads:gis_osm_roads_free:1446668079:residential,OGC:CRS84,450126,OpenStreetMap,real,kept,<NA>,,residential,,B,0,F,F,0,109.0149898,22.9332574,,derived_from_source_layer_osm_id_fclass,smartbidata_task06_20260810,team_shared,team_shared_source,广西壮族自治区,南宁市,宾阳县,525.0733934354613,205.14331274283367,0.39069454919552804,1,True,True,False,False,疑似受影响，需现场核查,Task_20洪涝范围相交筛查；道路通行状态需现场核查,nanning_flood_20260706_0707,2026-07-07,dispatch_v3,074f2c6841becf074f14d90e06a2e9672972f1ec,"LINESTRING (109.014861 22.930945, 109.014915 22.930995, 109.014952 22.931064, 109.014974 22.931212, 109.014984 22.931474, 109.014802 22.932274, 109.014759 22.93301, 109.014775 22.933075, 109.014834 22.933149, 109.01499 22.933257, 109.015076 22.933356, 109.015231 22.933648, 109.015312 22.933845, 109.015355 22.934166, 109.015365 22.934463, 109.015371 22.934537, 109.015371 22.934917, 109.015403 22.935466)"
gis_osm_roads_free,<NA>,1446668081,residential,roads:gis_osm_roads_free:1446668081:residential,OGC:CRS84,450181,OpenStreetMap,real,kept,<NA>,,residential,,B,0,F,F,0,109.0132119,22.9136095,,derived_from_source_layer_osm_id_fclass,smartbidata_task06_20260810,team_shared,team_shared_source,广西壮族自治区,南宁市,横州市,585.2793039110845,230.07179169069542,0.3930974325476027,1,True,True,False,False,疑似受影响，需现场核查,Task_20洪涝范围相交筛查；道路通行状态需现场核查,nanning_flood_20260706_0707,2026-07-07,dispatch_v3,074f2c6841becf074f14d90e06a2e9672972f1ec,"LINESTRING (109.011251 22.913357, 109.012061 22.913189, 109.012181 22.91318, 109.012396 22.913192, 109.012667 22.913268, 109.013212 22.91361, 109.016143 22.915381, 109.016166 22.915471)"
gis_osm_roads_free,<NA>,1446668082,residential,roads:gis_osm_roads_free:1446668082:residential,OGC:CRS84,450181,OpenStreetMap,real,kept,<NA>,,residential,,B,0,T,F,1,109.0161665,22.915471,,derived_from_source_layer_osm_id_fclass,smartbidata_task06_20260810,team_shared,team_shared_source,广西壮族自治区,南宁市,横州市,25.95422394229501,5.687972701055411,0.21915402724819252,1,True,True,True,True,疑似受影响，需现场核查,Task_20洪涝范围相交筛查；道路通行状态需现场核查,nanning_flood_20260706_0707,2026-07-07,dispatch_v3,074f2c6841becf074f14d90e06a2e9672972f1ec,"LINESTRING (109.016197 22.915704, 109.016166 22.915471)"
gis_osm_roads_free,<NA>,1446668083,residential,roads:gis_osm_roads_free:1446668083:residential,OGC:CRS84,450181,OpenStreetMap,real,kept,<NA>,,residential,,B,0,F,F,0,109.0161967,22.9157036,,derived_from_source_layer_osm_id_fclass,smartbidata_task06_20260810,team_shared,team_shared_source,广西壮族自治区,南宁市,横州市,245.23845105260492,80.7621812523271,0.3293210379762315,1,True,True,False,False,疑似受影响，需现场核查,Task_20洪涝范围相交筛查；道路通行状态需现场核查,nanning_flood_20260706_0707,2026-07-07,dispatch_v3,074f2c6841becf074f14d90e06a2e9672972f1ec,"LINESTRING (109.016197 22.915704, 109.01856 22.916044)"
gis_osm_roads_free,<NA>,1362477561,residential,roads:gis_osm_roads_free:1362477561:residential,OGC:CRS84,450126,OpenStreetMap,real,kept,<NA>,,residential,,B,0,F,F,0,108.9243096,22.9246268,,derived_from_source_layer_osm_id_fclass,smartbidata_task06_20260810,team_shared,team_shared_source,广西壮族自治区,南宁市,宾阳县,323.13763408296353,214.01095819138234,0.6622904162764167,2,True,True,False,False,疑似受影响，需现场核查,Task_20洪涝范围相交筛查；道路通行状态需现场核查,nanning_flood_20260706_0707,2026-07-07,dispatch_v3,074f2c6841becf074f14d90e06a2e9672972f1ec,"LINESTRING (108.925189 22.924039, 108.924996 22.924083, 108.924594 22.924044, 108.924551 22.924118, 108.924535 22.924187, 108.924605 22.924345, 108.92431 22.924627, 108.923918 22.925264, 108.924031 22.92558, 108.924116 22.925886, 108.924358 22.926015)"
gis_osm_roads_free,<NA>,1362477560,unclassified,roads:gis_osm_roads_free:1362477560:unclassified,OGC:CRS84,450126,OpenStreetMap,real,kept,<NA>,,unclassified,,B,0,F,F,0,108.9338958,22.9459735,,derived_from_source_layer_osm_id_fclass,smartbidata_task06_20260810,team_shared,team_shared_source,广西壮族自治区,南宁市,宾阳县,5131.817074450735,629.4488621397236,0.12265613777885766,3,True,True,False,False,疑似受影响，需现场核查,Task_20洪涝范围相交筛查；道路通行状态需现场核查,nanning_flood_20260706_0707,2026-07-07,dispatch_v3,074f2c6841becf074f14d90e06a2e9672972f1ec,"LINESTRING (108.924358 22.926015, 108.924567 22.926015, 108.92498 22.926143, 108.925592 22.926395, 108.925898 22.926746, 108.925946 22.92686, 108.925973 22.927072, 108.925946 22.92767, 108.926058 22.928085, 108.926166 22.928258, 108.926466 22.928648, 108.926901 22.928984, 108.927083 22.929167, 108.927174 22.92929, 108.927249 22.929458, 108.927303 22.929705, 108.927357 22.930135, 108.927421 22.930318, 108.927823 22.930629, 108.928451 22.930861, 108.928515 22.930871, 108.92859 22.930945, 108.928923 22.931094, 108.92902 22.931163, 108.929159 22.931346, 108.929406 22.931563, 108.929476 22.931844, 108.929438 22.932254, 108.929363 22.932492, 108.929272 22.933267, 108.929143 22.934097, 108.929154 22.934265, 108.929315 22.934557, 108.929872 22.935387, 108.9302 22.935777, 108.931391 22.936819, 108.932088 22.93761, 108.932533 22.938247, 108.932619 22.938346, 108.932946 22.938632, 108.933333 22.939126, 108.93389 22.939788, 108.934513 22.940608, 108.934851 22.941004, 108.93491 22.941093, 108.934926 22.941162, 108.934861 22.942002, 108.934899 22.942244, 108.935001 22.942619, 108.935001 22.942782, 108.934979 22.942881, 108.934717 22.943686, 108.934642 22.944057, 108.934625 22.94422, 108.934561 22.944462, 108.934025 22.945736, 108.933896 22.945974, 108.93373 22.946388, 108.933692 22.946527, 108.933713 22.94664, 108.933826 22.946883, 108.933864 22.947026, 108.933966 22.947762, 108.934073 22.948221, 108.93425 22.94912, 108.934287 22.949224, 108.934341 22.949298, 108.934658 22.94958, 108.934722 22.949743, 108.934738 22.949936, 108.934722 22.950222, 108.934454 22.950983, 108.934432 22.951235, 108.9344 22.951418, 108.934448 22.951877, 108.934427 22.952193, 108.93432 22.952584, 108.934169 22.952949, 108.9341 22.953453, 108.933982 22.953744, 108.933933 22.954021, 108.933874 22.95416, 108.933756 22.954322, 108.933461 22.954826, 108.933086 22.955385, 108.933032 22.955548, 108.933032 22.956496, 108.932995 22.957297, 108.933043 22.957632, 108.933048 22.957875, 108.932957 22.958393, 108.932984 22.958655, 108.933096 22.958956, 108.933354 22.959549, 108.934046 22.961124, 108.934062 22.961549, 108.934041 22.961742, 108.9341 22.961979, 108.934078 22.962117, 108.933982 22.962265, 108.93381 22.962463, 108.933756 22.962581, 108.933579 22.963204, 108.933322 22.963925, 108.933198 22.964547, 108.93314 22.964942, 108.93314 22.96511, 108.933166 22.965308, 108.933311 22.965638, 108.933381 22.96589, 108.933526 22.966206, 108.933536 22.966819)"
gis_osm_roads_free,<NA>,1362477562,unclassified,roads:gis_osm_roads_free:1362477562:unclassified,OGC:CRS84,450126,OpenStreetMap,real,kept,<NA>,,unclassified,,B,0,F,F,0,108.9288211,22.9600725,,derived_from_source_layer_osm_id_fclass,smartbidata_task06_20260810,team_shared,team_shared_source,广西壮族自治区,南宁市,宾阳县,1295.4263319381707,140.7930657826771,0.10868473359811015,1,True,True,False,False,疑似受影响，需现场核查,Task_20洪涝范围相交筛查；道路通行状态需现场核查,nanning_flood_20260706_0707,2026-07-07,dispatch_v3,074f2c6841becf074f14d90e06a2e9672972f1ec,"LINESTRING (108.934041 22.961742, 108.933386 22.96193, 108.933257 22.961949, 108.933166 22.961944, 108.932453 22.961801, 108.931991 22.961579, 108.931873 22.961589, 108.931385 22.961416, 108.931074 22.961362, 108.930495 22.961031, 108.930307 22.960957, 108.93021 22.960873, 108.929883 22.960537, 108.929819 22.960522, 108.929578 22.960566, 108.929502 22.960566, 108.929272 22.960463, 108.928966 22.960137, 108.928821 22.960072, 108.92866 22.960058, 108.928478 22.960068, 108.928188 22.960112, 108.928059 22.960082, 108.927856 22.959944, 108.927748 22.959796, 108.927678 22.959732, 108.927555 22.959653, 108.92734 22.959559, 108.927222 22.959539, 108.927126 22.959569, 108.926917 22.959781, 108.926826 22.959781, 108.926568 22.959707, 108.926332 22.959821, 108.925817 22.95911, 108.925726 22.958892, 108.925683 22.958843, 108.925565 22.958779, 108.925517 22.958398, 108.925506 22.95822, 108.925506 22.958062, 108.925474 22.958023, 108.925447 22.957998, 108.925393 22.957964, 108.925334 22.957924, 108.925291 22.957865, 108.925264 22.9578, 108.925259 22.957721, 108.92527 22.957642, 108.925286 22.957588, 108.925302 22.957558, 108.925377 22.957509, 108.925511 22.95744, 108.925602 22.957386, 108.925624 22.957356, 108.92564 22.957316, 108.925645 22.957262, 108.925645 22.957198, 108.925619 22.957084, 108.925597 22.956975, 108.925667 22.956877, 108.925742 22.956773)"
gis_osm_roads_free,<NA>,1387006405,residential,roads:gis_osm_roads_free:1387006405:residential,OGC:CRS84,450181,OpenStreetMap,real,kept,<NA>,,residential,,B,0,F,F,0,108.9483416,22.8997973,,derived_from_source_layer_osm_id_fclass,smartbidata_task06_20260810,team_shared,team_shared_source,广西壮族自治区,南宁市,横州市,170.84765224299937,26.708104473828495,0.1563270207297969,1,True,False,False,False,疑似受影响，需现场核查,Task_20洪涝范围相交筛查；道路通行状态需现场核查,nanning_flood_20260706_0707,2026-07-07,dispatch_v3,074f2c6841becf074f14d90e06a2e9672972f1ec,"LINESTRING (108.947471 22.90037, 108.947776 22.900053, 108.948342 22.899797, 108.94857 22.899624, 108.948792 22.899785)"
gis_osm_roads_free,<NA>,1387006402,residential,roads:gis_osm_roads_free:1387006402:residential,OGC:CRS84,450181,OpenStreetMap,real,kept,<NA>,,residential,,B,0,F,F,0,108.9507272,22.8990655,,derived_from_source_layer_osm_id_fclass,smartbidata_task06_20260810,team_shared,team_shared_source,广西壮族自治区,南宁市,横州市,1094.9167212521359,91.89495332850363,0.08392871489204538,2,True,False,False,False,疑似受影响，需现场核查,Task_20洪涝范围相交筛查；道路通行状态需现场核查,nanning_flood_20260706_0707,2026-07-07,dispatch_v3,074f2c6841becf074f14d90e06a2e9672972f1ec,"LINESTRING (108.947557 22.895141, 108.948668 22.896057, 108.948815 22.896208, 108.948861 22.896419, 108.948889 22.897328, 108.94895 22.897549, 108.949175 22.897767, 108.949736 22.898068, 108.950007 22.898222, 108.950332 22.898582, 108.950727 22.899066, 108.950796 22.899248, 108.95074 22.89989, 108.950765 22.900023, 108.95089 22.900217, 108.95145 22.900771, 108.951647 22.90115, 108.952208 22.901959, 108.952659 22.902334, 108.952961 22.902843, 108.952988 22.903039)"
gis_osm_roads_free,<NA>,1387006406,residential,roads:gis_osm_roads_free:1387006406:residential,OGC:CRS84,450181,OpenStreetMap,real,kept,<NA>,,residential,,B,0,F,F,0,108.9491953,22.9005624,,derived_from_source_layer_osm_id_fclass,smartbidata_task06_20260810,team_shared,team_shared_source,广西壮族自治区,南宁市,横州市,680.6456984165918,175.53649027287332,0.25789700967952867,1,True,True,False,False,疑似受影响，需现场核查,Task_20洪涝范围相交筛查；道路通行状态需现场核查,nanning_flood_20260706_0707,2026-07-07,dispatch_v3,074f2c6841becf074f14d90e06a2e9672972f1ec,"LINESTRING (108.950332 22.898582, 108.950132 22.898871, 108.94998 22.89902, 108.949808 22.89912, 108.949602 22.89912, 108.949344 22.899072, 108.949136 22.899291, 108.94895 22.899434, 108.948792 22.899785, 108.948643 22.900011, 108.948623 22.900157, 108.948692 22.900267, 108.949017 22.900383, 108.949195 22.900562, 108.949324 22.90098, 108.949712 22.901273, 108.949788 22.901459, 108.94998 22.901596, 108.950178 22.901645, 108.950496 22.901587, 108.950757 22.901471, 108.951154 22.901398, 108.951647 22.90115)"
gis_osm_roads_free,<NA>,1387006404,unclassified,roads:gis_osm_roads_free:1387006404:unclassified,OGC:CRS84,450181,OpenStreetMap,real,kept,<NA>,,unclassified,,B,0,F,F,0,108.9583684,22.9043334,,derived_from_source_layer_osm_id_fclass,smartbidata_task06_20260810,team_shared,team_shared_source,广西壮族自治区,南宁市,横州市,2121.1297589443466,102.65703646891714,0.04839733921794957,2,True,True,False,False,疑似受影响，需现场核查,Task_20洪涝范围相交筛查；道路通行状态需现场核查,nanning_flood_20260706_0707,2026-07-07,dispatch_v3,074f2c6841becf074f14d90e06a2e9672972f1ec,"LINESTRING (108.952848 22.903393, 108.95261 22.903875, 108.952586 22.903974, 108.952617 22.904106, 108.953809 22.906294, 108.953931 22.906429, 108.954062 22.906501, 108.954259 22.906521, 108.955405 22.906503, 108.955915 22.906435, 108.956328 22.906274, 108.95659 22.906137, 108.956788 22.905957, 108.956912 22.905712, 108.956946 22.905489, 108.95691 22.904937, 108.956934 22.904699, 108.957032 22.904491, 108.957159 22.904378, 108.957272 22.904354, 108.957738 22.904284, 108.958124 22.904262, 108.958368 22.904333, 108.958906 22.904538, 108.959214 22.90452, 108.959754 22.904417, 108.960495 22.904256, 108.960737 22.904088, 108.961796 22.902788, 108.962739 22.901599, 108.963328 22.900546, 108.963418 22.900207, 108.963585 22.89936, 108.96382 22.898763, 108.963816 22.898642, 108.963729 22.89852, 108.963037 22.897602, 108.962921 22.89734)"
gis_osm_roads_free,<NA>,1387006403,residential,roads:gis_osm_roads_free:1387006403:residential,OGC:CRS84,450181,OpenStreetMap,real,kept,<NA>,,residential,,B,0,T,F,1,108.9528476,22.9033928,,derived_from_source_layer_osm_id_fclass,smartbidata_task06_20260810,team_shared,team_shared_source,广西壮族自治区,南宁市,横州市,41.73929866854325,14.905503716992834,0.3571095871868672,1,True,True,True,True,疑似受影响，需现场核查,Task_20洪涝范围相交筛查；道路通行状态需现场核查,nanning_flood_20260706_0707,2026-07-07,dispatch_v3,074f2c6841becf074f14d90e06a2e9672972f1ec,"LINESTRING (108.952988 22.903039, 108.952848 22.903393)"
gis_osm_roads_free,<NA>,1386903046,residential,roads:gis_osm_roads_free:1386903046:residential,OGC:CRS84,450126,OpenStreetMap,real,kept,<NA>,,residential,,B,0,F,F,0,108.9878158,22.9765313,,derived_from_source_layer_osm_id_fclass,smartbidata_task06_20260810,team_shared,team_shared_source,广西壮族自治区,南宁市,宾阳县,223.73774603491756,106.27244535296727,0.4749866628958615,1,True,True,False,False,疑似受影响，需现场核查,Task_20洪涝范围相交筛查；道路通行状态需现场核查,nanning_flood_20260706_0707,2026-07-07,dispatch_v3,074f2c6841becf074f14d90e06a2e9672972f1ec,"LINESTRING (108.988613 22.975978, 108.987816 22.976531, 108.986868 22.97719)"
gis_osm_roads_free,<NA>,1386903045,residential,roads:gis_osm_roads_free:1386903045:residential,OGC:CRS84,450126,OpenStreetMap,real,kept,<NA>,,residential,,B,0,F,F,0,108.9887136,22.9760926,,derived_from_source_layer_osm_id_fclass,smartbidata_task06_20260810,team_shared,team_shared_source,广西壮族自治区,南宁市,宾阳县,149.83796298966104,15.353513194278243,0.10246744475121869,1,True,False,False,False,疑似受影响，需现场核查,Task_20洪涝范围相交筛查；道路通行状态需现场核查,nanning_flood_20260706_0707,2026-07-07,dispatch_v3,074f2c6841becf074f14d90e06a2e9672972f1ec,"LINESTRING (108.989156 22.976766, 108.988914 22.976398, 108.988714 22.976093, 108.988613 22.975978, 108.988331 22.975654)"
gis_osm_roads_free,<NA>,1386903044,residential,roads:gis_osm_roads_free:1386903044:residential,OGC:CRS84,450126,OpenStreetMap,real,kept,<NA>,,residential,,B,0,F,F,0,108.98952,22.9755253,,derived_from_source_layer_osm_id_fclass,smartbidata_task06_20260810,team_shared,team_shared_source,广西壮族自治区,南宁市,宾阳县,103.83687080465369,15.924237506664884,0.15335821835986224,1,True,False,False,False,疑似受影响，需现场核查,Task_20洪涝范围相交筛查；道路通行状态需现场核查,nanning_flood_20260706_0707,2026-07-07,dispatch_v3,074f2c6841becf074f14d90e06a2e9672972f1ec,"LINESTRING (108.98952 22.975525, 108.988714 22.976093)"
gis_osm_roads_free,<NA>,387841531,primary,roads:gis_osm_roads_free:387841531:primary,OGC:CRS84,,OpenStreetMap,real,kept,<NA>,,primary,S210,B,0,F,F,0,109.1004082,22.9610725,,derived_from_source_layer_osm_id_fclass,smartbidata_task06_20260810,team_shared,team_shared_source,,,,9455.330540600926,132.39596115793142,0.014002256249998544,1,True,True,False,False,疑似受影响，需现场核查,Task_20洪涝范围相交筛查；道路通行状态需现场核查,nanning_flood_20260706_0707,2026-07-07,dispatch_v3,074f2c6841becf074f14d90e06a2e9672972f1ec,"LINESTRING (109.080664 22.928813, 109.080764 22.929432, 109.080934 22.929895, 109.081348 22.930635, 109.081502 22.931119, 109.081718 22.932456, 109.082429 22.937231, 109.082553 22.937686, 109.082954 22.938711, 109.083171 22.939052, 109.083503 22.939309, 109.084028 22.939458, 109.086655 22.939871, 109.087227 22.939899, 109.089491 22.939885, 109.091809 22.940056, 109.093161 22.940212, 109.093794 22.94039, 109.096112 22.941102, 109.096669 22.941372, 109.098229 22.942404, 109.09877 22.942653, 109.09962 22.943016, 109.099952 22.943236, 109.102162 22.944823, 109.102587 22.945207, 109.104151 22.946995, 109.10438 22.947256, 109.104519 22.947662, 109.104565 22.948089, 109.104295 22.952066, 109.104148 22.952848, 109.103947 22.953538, 109.100408 22.961072, 109.100095 22.96177, 109.099972 22.962218, 109.099941 22.962716, 109.099972 22.963193, 109.100953 22.966522, 109.101154 22.967334, 109.101146 22.967767, 109.101104 22.968012, 109.101061 22.968258, 109.099647 22.971239, 109.099369 22.971716, 109.098882 22.972314, 109.098666 22.972655, 109.098573 22.973011, 109.098527 22.973374, 109.098534 22.976603, 109.098612 22.977016, 109.099184 22.979428, 109.099354 22.979869, 109.099639 22.980345, 109.100458 22.981235, 109.100636 22.981576, 109.100659 22.981882, 109.100652 22.982216, 109.100196 22.983632, 109.09901 22.987226, 109.098848 22.987923, 109.098508 22.990228, 109.098292 22.99094, 109.098083 22.991509, 109.09765 22.992227, 109.097063 22.993103, 109.09547 22.99528, 109.095246 22.995678, 109.09486 22.996653)"
gis_osm_roads_free,<NA>,1251915929,unclassified,roads:gis_osm_roads_free:1251915929:unclassified,OGC:CRS84,450181,OpenStreetMap,real,kept,<NA>,,unclassified,,B,0,F,F,0,109.1155942,22.9712785,,derived_from_source_layer_osm_id_fclass,smartbidata_task06_20260810,team_shared,team_shared_source,广西壮族自治区,南宁市,横州市,3859.8995296180024,75.63133026147369,0.019594118883441144,1,True,False,False,False,疑似受影响，需现场核查,Task_20洪涝范围相交筛查；道路通行状态需现场核查,nanning_flood_20260706_0707,2026-07-07,dispatch_v3,074f2c6841becf074f14d90e06a2e9672972f1ec,"LINESTRING (109.100636 22.981576, 109.100952 22.981488, 109.101243 22.981046, 109.101621 22.980824, 109.10217 22.980208, 109.102479 22.979844, 109.103063 22.979386, 109.103406 22.979386, 109.103629 22.979291, 109.104436 22.979465, 109.105003 22.97937, 109.106101 22.979086, 109.108831 22.977837, 109.1095 22.977126, 109.11029 22.976684, 109.110925 22.976304, 109.111423 22.975688, 109.111698 22.975245, 109.112659 22.974439, 109.114736 22.972337, 109.115594 22.971278, 109.116796 22.970283, 109.11889 22.968876, 109.12059 22.967975, 109.121132 22.967662, 109.122152 22.967074, 109.123559 22.966094, 109.123765 22.965826, 109.126151 22.965051, 109.128331 22.963202, 109.129121 22.962696, 109.129516 22.962096, 109.129744 22.961386)"
gis_osm_roads_free,<NA>,527318030,tertiary,roads:gis_osm_roads_free:527318030:tertiary,OGC:CRS84,450181,OpenStreetMap,real,kept,<NA>,,tertiary,,B,0,F,F,0,109.1128726,22.9609642,,derived_from_source_layer_osm_id_fclass,smartbidata_task06_20260810,team_shared,team_shared_source,广西壮族自治区,南宁市,横州市,3999.4401795424533,92.18336537024875,0.023049067177395507,1,True,False,False,False,疑似受影响，需现场核查,Task_20洪涝范围相交筛查；道路通行状态需现场核查,nanning_flood_20260706_0707,2026-07-07,dispatch_v3,074f2c6841becf074f14d90e06a2e9672972f1ec,"LINESTRING (109.128123 22.95533, 109.12966 22.957233, 109.129628 22.957364, 109.129463 22.957436, 109.128534 22.957535, 109.128198 22.957706, 109.128005 22.958016, 109.127841 22.958641, 109.127712 22.959714, 109.127577 22.960633, 109.127398 22.960857, 109.127055 22.961067, 109.126362 22.961508, 109.126172 22.961624, 109.12589 22.961798, 109.125525 22.961943, 109.125132 22.961995, 109.120871 22.961859, 109.11912 22.961754, 109.112873 22.960964, 109.111478 22.96066, 109.110335 22.960411, 109.108898 22.960293, 109.108622 22.960314, 109.1083 22.960419, 109.105526 22.961781, 109.105126 22.96209, 109.102002 22.964631, 109.10186 22.964822, 109.101774 22.965072, 109.101316 22.967724, 109.101245 22.967896, 109.101104 22.968012)"
gis_osm_roads_free,<NA>,527318026,tertiary,roads:gis_osm_roads_free:527318026:tertiary,OGC:CRS84,450181,OpenStreetMap,real,kept,<NA>,,tertiary,,B,0,F,F,0,109.1190522,22.9494795,,derived_from_source_layer_osm_id_fclass,smartbidata_task06_20260810,team_shared,team_shared_source,广西壮族自治区,南宁市,横州市,3196.364112368486,560.9081521652897,0.17548318415753336,1,True,True,False,False,疑似受影响，需现场核查,Task_20洪涝范围相交筛查；道路通行状态需现场核查,nanning_flood_20260706_0707,2026-07-07,dispatch_v3,074f2c6841becf074f14d90e06a2e9672972f1ec,"LINESTRING (109.104151 22.946995, 109.104379 22.947092, 109.105622 22.947958, 109.105921 22.948125, 109.106315 22.948204, 109.109368 22.948409, 109.11279 22.948642, 109.113214 22.948688, 109.115605 22.949256, 109.116126 22.949349, 109.119052 22.94948, 109.119487 22.949549, 109.120104 22.949777, 109.122949 22.951309, 109.123237 22.951532, 109.124846 22.953283, 109.125696 22.954246, 109.125961 22.954547, 109.12624 22.954784, 109.126576 22.955014, 109.128123 22.95533, 109.128398 22.955422, 109.13223 22.956712)"
gis_osm_roads_free,<NA>,527318016,residential,roads:gis_osm_roads_free:527318016:residential,OGC:CRS84,450181,OpenStreetMap,real,kept,<NA>,,residential,,B,0,F,F,0,109.1098174,22.949966,,derived_from_source_layer_osm_id_fclass,smartbidata_task06_20260810,team_shared,team_shared_source,广西壮族自治区,南宁市,横州市,353.8458905070006,140.91639821310952,0.3982422913297098,1,True,True,False,False,疑似受影响，需现场核查,Task_20洪涝范围相交筛查；道路通行状态需现场核查,nanning_flood_20260706_0707,2026-07-07,dispatch_v3,074f2c6841becf074f14d90e06a2e9672972f1ec,"LINESTRING (109.109368 22.948409, 109.109388 22.948539, 109.109767 22.949233, 109.109868 22.949759, 109.109817 22.949966, 109.109798 22.950047, 109.109774 22.950196, 109.109736 22.950426, 109.109702 22.950643, 109.108782 22.950596)"
gis_osm_roads_free,<NA>,1251915930,unclassified,roads:gis_osm_roads_free:1251915930:unclassified,OGC:CRS84,450181,OpenStreetMap,real,kept,<NA>,,unclassified,,B,0,F,F,0,109.1275032,22.9691448,,derived_from_source_layer_osm_id_fclass,smartbidata_task06_20260810,team_shared,team_shared_source,广西壮族自治区,南宁市,横州市,1927.4795648994568,64.32556885711003,0.03337289278107882,1,True,False,False,False,疑似受影响，需现场核查,Task_20洪涝范围相交筛查；道路通行状态需现场核查,nanning_flood_20260706_0707,2026-07-07,dispatch_v3,074f2c6841becf074f14d90e06a2e9672972f1ec,"LINESTRING (109.139446 22.971317, 109.133479 22.970232, 109.127503 22.969145, 109.127091 22.968876, 109.12304 22.968307, 109.121132 22.967662)"
gis_osm_roads_free,<NA>,527318028,tertiary,roads:gis_osm_roads_free:527318028:tertiary,OGC:CRS84,450181,OpenStreetMap,real,kept,<NA>,,tertiary,,B,0,F,F,0,109.1247341,22.9298316,,derived_from_source_layer_osm_id_fclass,smartbidata_task06_20260810,team_shared,team_shared_source,广西壮族自治区,南宁市,横州市,4359.4756598492595,1209.1822508603868,0.2773687354185612,10,True,True,False,False,疑似受影响，需现场核查,Task_20洪涝范围相交筛查；道路通行状态需现场核查,nanning_flood_20260706_0707,2026-07-07,dispatch_v3,074f2c6841becf074f14d90e06a2e9672972f1ec,"LINESTRING (109.125722 22.947898, 109.12553 22.947516, 109.125383 22.946962, 109.124989 22.946134, 109.124827 22.945738, 109.124721 22.945133, 109.1246 22.944942, 109.124397 22.944761, 109.124018 22.944463, 109.123877 22.944263, 109.123816 22.944035, 109.123852 22.943714, 109.123948 22.943155, 109.124175 22.942303, 109.124397 22.941442, 109.124574 22.940297, 109.124468 22.938985, 109.124463 22.938528, 109.124509 22.937993, 109.12467 22.936913, 109.124782 22.934056, 109.124782 22.933134, 109.124734 22.929832, 109.125146 22.926575, 109.125335 22.923666, 109.125712 22.920551, 109.125901 22.919176, 109.12561 22.918717, 109.125146 22.918179, 109.125318 22.917452, 109.125335 22.916045, 109.124665 22.913863, 109.124545 22.911633, 109.123507 22.909739)"
gis_osm_roads_free,<NA>,527318017,tertiary,roads:gis_osm_roads_free:527318017:tertiary,OGC:CRS84,450181,OpenStreetMap,real,kept,<NA>,,tertiary,,B,0,F,F,0,109.127339,22.951244,,derived_from_source_layer_osm_id_fclass,smartbidata_task06_20260810,team_shared,team_shared_source,广西壮族自治区,南宁市,横州市,836.4238351938642,42.19502749941452,0.05044694534516064,1,True,False,False,False,疑似受影响，需现场核查,Task_20洪涝范围相交筛查；道路通行状态需现场核查,nanning_flood_20260706_0707,2026-07-07,dispatch_v3,074f2c6841becf074f14d90e06a2e9672972f1ec,"LINESTRING (109.128123 22.95533, 109.127945 22.954942, 109.12778 22.954461, 109.127737 22.953948, 109.127753 22.953385, 109.127627 22.952757, 109.127541 22.952058, 109.127339 22.951244, 109.127202 22.95069, 109.127036 22.950271, 109.126121 22.948749, 109.125873 22.948182)"
gis_osm_roads_free,<NA>,1251915931,unclassified,roads:gis_osm_roads_free:1251915931:unclassified,OGC:CRS84,450181,OpenStreetMap,real,kept,<NA>,,unclassified,,B,0,F,F,0,109.1328954,22.9785852,,derived_from_source_layer_osm_id_fclass,smartbidata_task06_20260810,team_shared,team_shared_source,广西壮族自治区,南宁市,横州市,4164.26979645269,243.06123305572208,0.058368272214920476,1,True,True,False,False,疑似受影响，需现场核查,Task_20洪涝范围相交筛查；道路通行状态需现场核查,nanning_flood_20260706_0707,2026-07-07,dispatch_v3,074f2c6841becf074f14d90e06a2e9672972f1ec,"LINESTRING (109.135271 22.961471, 109.133479 22.970232, 109.132842 22.973349, 109.132363 22.97397, 109.132432 22.974302, 109.132432 22.974903, 109.132449 22.975235, 109.132209 22.975598, 109.131848 22.976199, 109.132518 22.976515, 109.132792 22.976799, 109.13281 22.977131, 109.132878 22.977352, 109.132535 22.977779, 109.132895 22.978585, 109.132878 22.979202, 109.132432 22.979928, 109.132518 22.980592, 109.133101 22.980592, 109.133256 22.98094, 109.13329 22.98154, 109.133548 22.981698, 109.13293 22.982615, 109.132981 22.982852, 109.133256 22.983121, 109.133101 22.983405, 109.132895 22.983658, 109.132775 22.984148, 109.132466 22.984606, 109.132569 22.984954, 109.132123 22.985238, 109.131642 22.985238, 109.13111 22.985602, 109.130956 22.986171, 109.13087 22.986914, 109.130892 22.987242, 109.130767 22.987795, 109.131005 22.988306, 109.13079 22.9884, 109.130507 22.989025, 109.130337 22.989755, 109.129556 22.990047, 109.128752 22.990881, 109.128808 22.991236, 109.127857 22.992091, 109.127959 22.992508, 109.1278 22.993039, 109.127211 22.993675, 109.127041 22.994009)"
gis_osm_roads_free,<NA>,527318018,tertiary,roads:gis_osm_roads_free:527318018:tertiary,OGC:CRS84,450181,OpenStreetMap,real,kept,<NA>,,tertiary,,B,0,F,F,0,109.1461292,22.9631822,,derived_from_source_layer_osm_id_fclass,smartbidata_task06_20260810,team_shared,team_shared_source,广西壮族自治区,南宁市,横州市,3004.08835229263,16.739109696427413,0.005572109649722061,1,True,False,False,False,疑似受影响，需现场核查,Task_20洪涝范围相交筛查；道路通行状态需现场核查,nanning_flood_20260706_0707,2026-07-07,dispatch_v3,074f2c6841becf074f14d90e06a2e9672972f1ec,"LINESTRING (109.132437 22.956778, 109.136168 22.957963, 109.13649 22.958101, 109.136847 22.958364, 109.137155 22.958667, 109.137271 22.958855, 109.138341 22.960589, 109.138602 22.960872, 109.139224 22.961129, 109.141302 22.961737, 109.142641 22.962129, 109.146129 22.963182, 109.146865 22.96338, 109.147097 22.963419, 109.147523 22.963492, 109.148752 22.963603, 109.151207 22.963864, 109.151506 22.963793, 109.151909 22.963793, 109.152443 22.963721, 109.15282 22.963876, 109.15818 22.967386)"
gis_osm_roads_free,<NA>,527318034,tertiary,roads:gis_osm_roads_free:527318034:tertiary,OGC:CRS84,450181,OpenStreetMap,real,kept,<NA>,,tertiary,,B,0,F,F,0,109.1413686,22.9723501,,derived_from_source_layer_osm_id_fclass,smartbidata_task06_20260810,team_shared,team_shared_source,广西壮族自治区,南宁市,横州市,2914.6508977260382,80.33002521934661,0.02756077075371831,1,True,False,False,False,疑似受影响，需现场核查,Task_20洪涝范围相交筛查；道路通行状态需现场核查,nanning_flood_20260706_0707,2026-07-07,dispatch_v3,074f2c6841becf074f14d90e06a2e9672972f1ec,"LINESTRING (109.134735 22.960517, 109.134735 22.96074, 109.134978 22.961247, 109.135093 22.961372, 109.135271 22.961471, 109.135786 22.961576, 109.136065 22.961853, 109.137873 22.965018, 109.139053 22.967118, 109.139088 22.967302, 109.139038 22.968336, 109.138996 22.968803, 109.138974 22.969454, 109.139024 22.969856, 109.139324 22.970994, 109.139446 22.971317, 109.139846 22.971817, 109.140446 22.972199, 109.14069 22.972258, 109.141369 22.97235, 109.142956 22.972686, 109.143663 22.972949, 109.144621 22.97335, 109.145512 22.97364, 109.145836 22.973745, 109.146101 22.973752, 109.146286 22.973686, 109.146568 22.973549, 109.146766 22.97354, 109.147028 22.9736, 109.147544 22.973898, 109.147625 22.974024, 109.147837 22.97448, 109.148044 22.974736, 109.148353 22.974996, 109.148565 22.975187, 109.148706 22.975411, 109.148741 22.975513, 109.148777 22.97562, 109.148898 22.975853, 109.149111 22.975988, 109.149545 22.976267, 109.149823 22.976658, 109.150026 22.9769, 109.150043 22.976964, 109.150081 22.977109, 109.150036 22.977626, 109.150096 22.977807, 109.150228 22.977942, 109.150384 22.978077, 109.150693 22.978691)"
gis_osm_roads_free,<NA>,1251915935,unclassified,roads:gis_osm_roads_free:1251915935:unclassified,OGC:CRS84,450181,OpenStreetMap,real,kept,<NA>,,unclassified,,B,0,F,F,0,109.1530557,22.9561238,,derived_from_source_layer_osm_id_fclass,smartbidata_task06_20260810,team_shared,team_shared_source,广西壮族自治区,南宁市,横州市,3739.215311905503,121.70767530913201,0.03254898826543097,1,True,True,False,False,疑似受影响，需现场核查,Task_20洪涝范围相交筛查；道路通行状态需现场核查,nanning_flood_20260706_0707,2026-07-07,dispatch_v3,074f2c6841becf074f14d90e06a2e9672972f1ec,"LINESTRING (109.141302 22.961737, 109.143511 22.95957, 109.14449 22.958906, 109.145176 22.9584, 109.146859 22.957815, 109.148163 22.957625, 109.153056 22.956124, 109.157605 22.955002, 109.158206 22.95478, 109.158566 22.954875, 109.158944 22.954733, 109.160317 22.955397, 109.160866 22.965007, 109.160832 22.966271, 109.160506 22.967251, 109.15818 22.967386)"
gis_osm_roads_free,<NA>,1251915938,unclassified,roads:gis_osm_roads_free:1251915938:unclassified,OGC:CRS84,450181,OpenStreetMap,real,kept,<NA>,,unclassified,,B,0,F,F,0,109.1580257,22.9501337,,derived_from_source_layer_osm_id_fclass,smartbidata_task06_20260810,team_shared,team_shared_source,广西壮族自治区,南宁市,横州市,1354.1110166369424,381.73041037864374,0.2819048111185934,1,True,True,False,False,疑似受影响，需现场核查,Task_20洪涝范围相交筛查；道路通行状态需现场核查,nanning_flood_20260706_0707,2026-07-07,dispatch_v3,074f2c6841becf074f14d90e06a2e9672972f1ec,"LINESTRING (109.158944 22.954733, 109.159914 22.954496, 109.160326 22.953833, 109.158592 22.95143, 109.158026 22.950134, 109.157339 22.948869, 109.156978 22.948284, 109.156927 22.947273, 109.156961 22.946419, 109.157734 22.946688, 109.158541 22.946735, 109.159159 22.947257)"
gis_osm_roads_free,<NA>,1251915937,unclassified,roads:gis_osm_roads_free:1251915937:unclassified,OGC:CRS84,450181,OpenStreetMap,real,kept,<NA>,,unclassified,,B,0,F,F,0,109.1716086,22.9299695,,derived_from_source_layer_osm_id_fclass,smartbidata_task06_20260810,team_shared,team_shared_source,广西壮族自治区,南宁市,横州市,7003.358067897046,90.50854174667973,0.012923591921076434,1,True,False,False,False,疑似受影响，需现场核查,Task_20洪涝范围相交筛查；道路通行状态需现场核查,nanning_flood_20260706_0707,2026-07-07,dispatch_v3,074f2c6841becf074f14d90e06a2e9672972f1ec,"LINESTRING (109.160326 22.953833, 109.16039 22.953654, 109.160756 22.953296, 109.161175 22.953034, 109.161556 22.952966, 109.161832 22.952787, 109.161885 22.952319, 109.161683 22.951975, 109.161369 22.951452, 109.160898 22.950929, 109.160368 22.95042, 109.160151 22.949945, 109.159762 22.94903, 109.159337 22.948087, 109.159159 22.947257, 109.159972 22.946808, 109.16107 22.946009, 109.161526 22.945927, 109.161959 22.945741, 109.162662 22.94464, 109.16384 22.944451, 109.163676 22.944072, 109.164171 22.943924, 109.164343 22.943656, 109.167033 22.942273, 109.167818 22.94216, 109.168064 22.941807, 109.168388 22.941114, 109.167908 22.940411, 109.167582 22.939526, 109.167753 22.938909, 109.168148 22.938024, 109.168354 22.937107, 109.168268 22.935763, 109.168663 22.934324, 109.169298 22.933091, 109.170568 22.931748, 109.171609 22.92997, 109.173985 22.925455, 109.174894 22.923811, 109.175614 22.922114, 109.176255 22.920707, 109.176984 22.919553, 109.177773 22.917946, 109.178088 22.917002, 109.178187 22.914668, 109.177763 22.912543, 109.177862 22.911235, 109.177714 22.91059, 109.177359 22.909709, 109.177398 22.909064, 109.177014 22.908456, 109.17655 22.90802, 109.176521 22.906812, 109.176156 22.906013, 109.176255 22.905123, 109.176195 22.904696, 109.176334 22.904242, 109.176225 22.903234, 109.175791 22.901799, 109.175771 22.900361)"
gis_osm_roads_free,<NA>,1512386853,motorway_link,roads:gis_osm_roads_free:1512386853:motorway_link,OGC:CRS84,450181,OpenStreetMap,real,kept,<NA>,,motorway_link,,F,0,F,F,0,109.1262383,22.8969483,,derived_from_source_layer_osm_id_fclass,smartbidata_task06_20260810,team_shared,team_shared_source,广西壮族自治区,南宁市,横州市,795.0567093919325,111.62126026030523,0.14039408628558625,1,True,True,False,False,疑似受影响，需现场核查,Task_20洪涝范围相交筛查；道路通行状态需现场核查,nanning_flood_20260706_0707,2026-07-07,dispatch_v3,074f2c6841becf074f14d90e06a2e9672972f1ec,"LINESTRING (109.123111 22.89747, 109.124098 22.897315, 109.12517 22.897138, 109.126238 22.896948, 109.12824 22.896624, 109.129261 22.896495, 109.130226 22.896372, 109.130764 22.89636)"
gis_osm_roads_free,<NA>,1512386854,motorway_link,roads:gis_osm_roads_free:1512386854:motorway_link,OGC:CRS84,450181,OpenStreetMap,real,kept,<NA>,,motorway_link,,F,0,F,F,0,109.126711,22.8972754,,derived_from_source_layer_osm_id_fclass,smartbidata_task06_20260810,team_shared,team_shared_source,广西壮族自治区,南宁市,横州市,823.804781841757,76.93761683321473,0.09339302044497422,1,True,False,False,False,疑似受影响，需现场核查,Task_20洪涝范围相交筛查；道路通行状态需现场核查,nanning_flood_20260706_0707,2026-07-07,dispatch_v3,074f2c6841becf074f14d90e06a2e9672972f1ec,"LINESTRING (109.130972 22.89646, 109.130067 22.896653, 109.128909 22.896903, 109.128152 22.897037, 109.126711 22.897275, 109.126045 22.89735, 109.125039 22.897468, 109.123931 22.897565, 109.123049 22.897577)"
gis_osm_roads_free,<NA>,1536188450,unclassified,roads:gis_osm_roads_free:1536188450:unclassified,OGC:CRS84,450181,OpenStreetMap,real,kept,<NA>,,unclassified,,B,0,F,F,0,109.0881014,22.9228527,,derived_from_source_layer_osm_id_fclass,smartbidata_task06_20260810,team_shared,team_shared_source,广西壮族自治区,南宁市,横州市,1423.8761087529697,627.8827176953955,0.4409672399414687,1,True,True,False,False,疑似受影响，需现场核查,Task_20洪涝范围相交筛查；道路通行状态需现场核查,nanning_flood_20260706_0707,2026-07-07,dispatch_v3,074f2c6841becf074f14d90e06a2e9672972f1ec,"LINESTRING (109.081782 22.924651, 109.081948 22.924498, 109.082463 22.924276, 109.084228 22.923777, 109.084529 22.923658, 109.084894 22.923564, 109.085484 22.92352, 109.086336 22.923396, 109.087651 22.923031, 109.088101 22.922853, 109.089067 22.922418, 109.089174 22.92234, 109.089282 22.922217, 109.089507 22.922044, 109.090231 22.921658, 109.091218 22.921105, 109.091862 22.920818, 109.09279 22.920497, 109.093192 22.920393, 109.094587 22.920107)"
gis_osm_roads_free,<NA>,1536188451,unclassified,roads:gis_osm_roads_free:1536188451:unclassified,OGC:CRS84,450181,OpenStreetMap,real,kept,<NA>,,unclassified,,B,0,F,F,0,109.0852904,22.9254812,,derived_from_source_layer_osm_id_fclass,smartbidata_task06_20260810,team_shared,team_shared_source,广西壮族自治区,南宁市,横州市,1205.425248978181,104.5475150516046,0.0867308156521757,1,True,True,False,False,疑似受影响，需现场核查,Task_20洪涝范围相交筛查；道路通行状态需现场核查,nanning_flood_20260706_0707,2026-07-07,dispatch_v3,074f2c6841becf074f14d90e06a2e9672972f1ec,"LINESTRING (109.090639 22.926198, 109.090129 22.926198, 109.089174 22.926306, 109.088568 22.926133, 109.08852 22.926138, 109.088112 22.92601, 109.087678 22.925926, 109.087361 22.925896, 109.086717 22.925763, 109.086578 22.925704, 109.086385 22.925531, 109.08624 22.925481, 109.08529 22.925481, 109.084378 22.92554, 109.083466 22.92562, 109.083193 22.925713, 109.082914 22.925975, 109.082447 22.926193, 109.082109 22.92641, 109.08205 22.92643, 109.081981 22.92642, 109.081771 22.926341, 109.081302 22.926347, 109.080992 22.926222, 109.080871 22.926117, 109.080604 22.926073, 109.08036 22.926099, 109.080112 22.926352, 109.079588 22.926508)"
gis_osm_roads_free,<NA>,1373581237,tertiary,roads:gis_osm_roads_free:1373581237:tertiary,OGC:CRS84,450181,OpenStreetMap,real,kept,<NA>,,tertiary,,B,0,F,F,0,109.1952234,22.9050251,,derived_from_source_layer_osm_id_fclass,smartbidata_task06_20260810,team_shared,team_shared_source,广西壮族自治区,南宁市,横州市,2631.8613385579038,116.97064619513733,0.04444407632023273,1,True,True,False,False,疑似受影响，需现场核查,Task_20洪涝范围相交筛查；道路通行状态需现场核查,nanning_flood_20260706_0707,2026-07-07,dispatch_v3,074f2c6841becf074f14d90e06a2e9672972f1ec,"LINESTRING (109.190648 22.901092, 109.190433 22.9008, 109.190229 22.900385, 109.190165 22.900093, 109.190143 22.899876, 109.190122 22.899821, 109.190122 22.899747, 109.190149 22.899688, 109.190229 22.899644, 109.190438 22.899569, 109.190701 22.899505, 109.190975 22.899466, 109.191109 22.899392, 109.191206 22.899308, 109.191377 22.89909, 109.191661 22.898833, 109.191763 22.898764, 109.191973 22.8987, 109.191999 22.898665, 109.191989 22.898492, 109.192021 22.898467, 109.192096 22.898462, 109.192477 22.898364, 109.192906 22.898285, 109.193439 22.898321, 109.193705 22.898789, 109.194038 22.899214, 109.194263 22.899629, 109.194424 22.899856, 109.194826 22.90033, 109.194939 22.900498, 109.19502 22.900686, 109.195213 22.901086, 109.195363 22.901724, 109.195266 22.902347, 109.195277 22.902742, 109.195374 22.903434, 109.195379 22.903651, 109.195331 22.904333, 109.195223 22.905025, 109.195229 22.905163, 109.195626 22.906048, 109.196184 22.907012, 109.196323 22.907575, 109.196656 22.907679, 109.196801 22.907788, 109.196962 22.90798, 109.19701 22.908079, 109.197144 22.908277, 109.197487 22.908563, 109.197739 22.908919, 109.198072 22.909379, 109.198259 22.909679, 109.198496 22.910214, 109.198785 22.910683, 109.198828 22.910728, 109.19886 22.911252, 109.198834 22.911573, 109.198759 22.91181, 109.19849 22.912087, 109.198088 22.912265, 109.197975 22.912403, 109.197943 22.912487, 109.197938 22.912704, 109.197992 22.912823, 109.198099 22.912976, 109.198126 22.91306, 109.198115 22.91313, 109.197965 22.913456, 109.197916 22.913673, 109.197906 22.914148, 109.197831 22.914691, 109.197927 22.914874)"
gis_osm_roads_free,<NA>,858384974,tertiary,roads:gis_osm_roads_free:858384974:tertiary,OGC:CRS84,450181,OpenStreetMap,real,kept,<NA>,,tertiary,,B,0,F,F,0,109.210453,22.9075663,,derived_from_source_layer_osm_id_fclass,smartbidata_task06_20260810,team_shared,team_shared_source,广西壮族自治区,南宁市,横州市,788.6566293914054,195.2271420576148,0.24754390539805476,2,True,True,False,False,疑似受影响，需现场核查,Task_20洪涝范围相交筛查；道路通行状态需现场核查,nanning_flood_20260706_0707,2026-07-07,dispatch_v3,074f2c6841becf074f14d90e06a2e9672972f1ec,"LINESTRING (109.209176 22.904646, 109.209171 22.905046, 109.209225 22.905268, 109.209375 22.905758, 109.209552 22.905955, 109.20989 22.906306, 109.210072 22.906667, 109.210142 22.90683, 109.210153 22.906958, 109.210169 22.907161, 109.210217 22.90726, 109.210453 22.907566, 109.210555 22.907892, 109.210662 22.90814, 109.210657 22.908337, 109.210512 22.908806, 109.210209 22.90938, 109.209795 22.909995, 109.209631 22.91013, 109.209203 22.910589, 109.209006 22.910761, 109.208851 22.910805)"
gis_osm_roads_free,<NA>,858384976,tertiary,roads:gis_osm_roads_free:858384976:tertiary,OGC:CRS84,450181,OpenStreetMap,real,kept,<NA>,,tertiary,,B,0,F,F,0,109.2097127,22.9032969,,derived_from_source_layer_osm_id_fclass,smartbidata_task06_20260810,team_shared,team_shared_source,广西壮族自治区,南宁市,横州市,231.07792214353935,1.0008917088158074,0.004331403448374789,1,True,False,False,False,疑似受影响，需现场核查,Task_20洪涝范围相交筛查；道路通行状态需现场核查,nanning_flood_20260706_0707,2026-07-07,dispatch_v3,074f2c6841becf074f14d90e06a2e9672972f1ec,"LINESTRING (109.209927 22.902642, 109.20996 22.902798, 109.209879 22.903065, 109.209713 22.903297, 109.209171 22.903974, 109.209128 22.904152, 109.209155 22.904498)"
gis_osm_roads_free,<NA>,858384982,tertiary,roads:gis_osm_roads_free:858384982:tertiary,OGC:CRS84,450181,OpenStreetMap,real,kept,<NA>,,tertiary,,B,0,T,F,1,109.2173195,22.9060592,,derived_from_source_layer_osm_id_fclass,smartbidata_task06_20260810,team_shared,team_shared_source,广西壮族自治区,南宁市,横州市,19.262304056597525,19.262304056597525,1.0,1,True,True,True,True,疑似受影响，需现场核查,Task_20洪涝范围相交筛查；道路通行状态需现场核查,nanning_flood_20260706_0707,2026-07-07,dispatch_v3,074f2c6841becf074f14d90e06a2e9672972f1ec,"LINESTRING (109.217443 22.905928, 109.21732 22.906059)"
gis_osm_roads_free,<NA>,858384981,tertiary,roads:gis_osm_roads_free:858384981:tertiary,OGC:CRS84,450181,OpenStreetMap,real,kept,<NA>,,tertiary,,B,0,F,F,0,109.2203622,22.9089322,,derived_from_source_layer_osm_id_fclass,smartbidata_task06_20260810,team_shared,team_shared_source,广西壮族自治区,南宁市,横州市,904.764947351749,108.96403626112773,0.12043352981353438,1,True,True,False,False,疑似受影响，需现场核查,Task_20洪涝范围相交筛查；道路通行状态需现场核查,nanning_flood_20260706_0707,2026-07-07,dispatch_v3,074f2c6841becf074f14d90e06a2e9672972f1ec,"LINESTRING (109.21732 22.906059, 109.21732 22.906158, 109.217652 22.906452, 109.218457 22.907364, 109.218704 22.907677, 109.219626 22.908468, 109.220362 22.908932, 109.2216 22.909713, 109.224068 22.911156)"
gis_osm_roads_free,<NA>,1373581248,residential,roads:gis_osm_roads_free:1373581248:residential,OGC:CRS84,450181,OpenStreetMap,real,kept,<NA>,,residential,,B,0,F,F,0,109.1883838,22.9053512,,derived_from_source_layer_osm_id_fclass,smartbidata_task06_20260810,team_shared,team_shared_source,广西壮族自治区,南宁市,横州市,480.9732210041038,56.311308872198175,0.11707784636042702,1,True,False,False,False,疑似受影响，需现场核查,Task_20洪涝范围相交筛查；道路通行状态需现场核查,nanning_flood_20260706_0707,2026-07-07,dispatch_v3,074f2c6841becf074f14d90e06a2e9672972f1ec,"LINESTRING (109.187971 22.907002, 109.187853 22.906419, 109.187515 22.906073, 109.18745 22.905964, 109.187574 22.905796, 109.187702 22.905692, 109.187783 22.905648, 109.187955 22.905588, 109.188384 22.905351, 109.188512 22.905262, 109.188995 22.904857, 109.189086 22.904659, 109.189156 22.904575, 109.189199 22.904556, 109.189382 22.904546, 109.189505 22.904521, 109.189639 22.904472, 109.189848 22.904363, 109.189923 22.904279, 109.189998 22.904081)"
gis_osm_roads_free,<NA>,1373581249,residential,roads:gis_osm_roads_free:1373581249:residential,OGC:CRS84,450181,OpenStreetMap,real,kept,<NA>,,residential,,B,0,F,F,0,109.1862916,22.8989023,,derived_from_source_layer_osm_id_fclass,smartbidata_task06_20260810,team_shared,team_shared_source,广西壮族自治区,南宁市,横州市,350.77214937436304,71.91137633453215,0.20500879691501514,1,True,True,False,False,疑似受影响，需现场核查,Task_20洪涝范围相交筛查；道路通行状态需现场核查,nanning_flood_20260706_0707,2026-07-07,dispatch_v3,074f2c6841becf074f14d90e06a2e9672972f1ec,"LINESTRING (109.186195 22.897766, 109.18634 22.898057, 109.186345 22.898201, 109.186281 22.898294, 109.186141 22.898423, 109.186292 22.898902, 109.186276 22.899925, 109.186785 22.900676)"
gis_osm_roads_free,<NA>,1386903053,tertiary,roads:gis_osm_roads_free:1386903053:tertiary,OGC:CRS84,450126,OpenStreetMap,real,kept,<NA>,,tertiary,,B,0,F,F,0,108.9837473,22.9804066,,derived_from_source_layer_osm_id_fclass,smartbidata_task06_20260810,team_shared,team_shared_source,广西壮族自治区,南宁市,宾阳县,377.4767463229373,89.49121589731004,0.23707742733574613,1,True,True,False,False,疑似受影响，需现场核查,Task_20洪涝范围相交筛查；道路通行状态需现场核查,nanning_flood_20260706_0707,2026-07-07,dispatch_v3,074f2c6841becf074f14d90e06a2e9672972f1ec,"LINESTRING (108.983048 22.978939, 108.983087 22.979511, 108.983264 22.979681, 108.983455 22.980031, 108.983539 22.98014, 108.983715 22.980311, 108.983747 22.980407, 108.983742 22.980663, 108.983799 22.980844, 108.983962 22.981052, 108.984677 22.981847)"
gis_osm_roads_free,<NA>,1386903049,residential,roads:gis_osm_roads_free:1386903049:residential,OGC:CRS84,450126,OpenStreetMap,real,kept,<NA>,,residential,,B,0,F,F,0,108.9871929,22.9820153,,derived_from_source_layer_osm_id_fclass,smartbidata_task06_20260810,team_shared,team_shared_source,广西壮族自治区,南宁市,宾阳县,484.1332257907154,253.08411934292724,0.5227571789347345,1,True,True,False,False,疑似受影响，需现场核查,Task_20洪涝范围相交筛查；道路通行状态需现场核查,nanning_flood_20260706_0707,2026-07-07,dispatch_v3,074f2c6841becf074f14d90e06a2e9672972f1ec,"LINESTRING (108.988211 22.984092, 108.987706 22.983649, 108.987527 22.983396, 108.987206 22.983094, 108.987131 22.982937, 108.987193 22.982015, 108.987261 22.981795, 108.987448 22.981353, 108.987828 22.980704, 108.988287 22.98052)"
gis_osm_roads_free,<NA>,1386903048,tertiary,roads:gis_osm_roads_free:1386903048:tertiary,OGC:CRS84,450126,OpenStreetMap,real,kept,<NA>,,tertiary,,B,0,F,F,0,108.9860261,22.9839164,,derived_from_source_layer_osm_id_fclass,smartbidata_task06_20260810,team_shared,team_shared_source,广西壮族自治区,南宁市,宾阳县,1109.300363730247,254.89289294051463,0.2297780666756348,1,True,True,False,False,疑似受影响，需现场核查,Task_20洪涝范围相交筛查；道路通行状态需现场核查,nanning_flood_20260706_0707,2026-07-07,dispatch_v3,074f2c6841becf074f14d90e06a2e9672972f1ec,"LINESTRING (108.983946 22.988203, 108.984056 22.988119, 108.984195 22.987998, 108.98465 22.987819, 108.984815 22.987742, 108.984919 22.987603, 108.985063 22.987293, 108.985597 22.986834, 108.985635 22.986778, 108.985643 22.98673, 108.985614 22.986625, 108.985535 22.986048, 108.985523 22.985706, 108.985557 22.985288, 108.985549 22.9851, 108.985466 22.984782, 108.985458 22.984627, 108.985486 22.984485, 108.985561 22.984362, 108.985694 22.984209, 108.986026 22.983916, 108.986439 22.98359, 108.987206 22.983094, 108.987834 22.982595, 108.98825 22.982232, 108.988792 22.981757, 108.988894 22.981634, 108.988973 22.981658, 108.989037 22.981561, 108.989325 22.981169, 108.98938 22.981167, 108.989565 22.980761, 108.98964 22.98071)"
gis_osm_roads_free,<NA>,1386903050,tertiary,roads:gis_osm_roads_free:1386903050:tertiary,OGC:CRS84,450126,OpenStreetMap,real,kept,<NA>,,tertiary,,B,0,F,F,0,108.9878327,22.9854224,,derived_from_source_layer_osm_id_fclass,smartbidata_task06_20260810,team_shared,team_shared_source,广西壮族自治区,南宁市,宾阳县,1020.3457375947128,419.12536342680863,0.4107679857759034,1,True,True,False,False,疑似受影响，需现场核查,Task_20洪涝范围相交筛查；道路通行状态需现场核查,nanning_flood_20260706_0707,2026-07-07,dispatch_v3,074f2c6841becf074f14d90e06a2e9672972f1ec,"LINESTRING (108.988973 22.981658, 108.989051 22.981694, 108.988853 22.982018, 108.988513 22.98292, 108.988369 22.983492, 108.988211 22.984092, 108.988175 22.984288, 108.987971 22.984838, 108.987833 22.985422, 108.987281 22.987238, 108.98706 22.988129, 108.986889 22.988339, 108.986671 22.988519, 108.986591 22.988678, 108.986552 22.988838, 108.986475 22.988975, 108.986416 22.98941, 108.986129 22.989784, 108.98609 22.989895, 108.986102 22.990272)"
gis_osm_roads_free,<NA>,1386903054,tertiary,roads:gis_osm_roads_free:1386903054:tertiary,OGC:CRS84,450126,OpenStreetMap,real,kept,<NA>,,tertiary,,B,0,T,F,1,108.9846771,22.9818468,,derived_from_source_layer_osm_id_fclass,smartbidata_task06_20260810,team_shared,team_shared_source,广西壮族自治区,南宁市,宾阳县,33.29945622792407,17.865201323745723,0.5365012930380654,1,True,True,True,True,疑似受影响，需现场核查,Task_20洪涝范围相交筛查；道路通行状态需现场核查,nanning_flood_20260706_0707,2026-07-07,dispatch_v3,074f2c6841becf074f14d90e06a2e9672972f1ec,"LINESTRING (108.984677 22.981847, 108.984906 22.98206)"
gis_osm_roads_free,<NA>,1386903055,tertiary,roads:gis_osm_roads_free:1386903055:tertiary,OGC:CRS84,450126,OpenStreetMap,real,kept,<NA>,,tertiary,,B,0,F,F,0,108.9901926,22.984823,,derived_from_source_layer_osm_id_fclass,smartbidata_task06_20260810,team_shared,team_shared_source,广西壮族自治区,南宁市,宾阳县,1338.9185127082137,403.459244718343,0.3013321877985472,2,True,True,False,False,疑似受影响，需现场核查,Task_20洪涝范围相交筛查；道路通行状态需现场核查,nanning_flood_20260706_0707,2026-07-07,dispatch_v3,074f2c6841becf074f14d90e06a2e9672972f1ec,"LINESTRING (108.984906 22.98206, 108.985306 22.982375, 108.985674 22.982612, 108.986128 22.983292, 108.986439 22.98359, 108.986954 22.983887, 108.987933 22.984258, 108.988175 22.984288, 108.988643 22.984266, 108.988785 22.9843, 108.989008 22.984383, 108.989274 22.984412, 108.98961 22.984447, 108.990193 22.984823, 108.990511 22.984946, 108.990975 22.985194, 108.991102 22.985202, 108.991259 22.985154, 108.992122 22.98482, 108.992913 22.984644, 108.993536 22.984527, 108.994225 22.984508, 108.994518 22.984484, 108.994883 22.984404, 108.996487 22.983689)"
gis_osm_roads_free,<NA>,1386903066,unclassified,roads:gis_osm_roads_free:1386903066:unclassified,OGC:CRS84,450126,OpenStreetMap,real,kept,<NA>,,unclassified,,B,0,F,F,0,108.9790402,22.9864839,,derived_from_source_layer_osm_id_fclass,smartbidata_task06_20260810,team_shared,team_shared_source,广西壮族自治区,南宁市,宾阳县,876.7913425196272,549.3494202909151,0.6265452150933137,1,True,True,False,False,疑似受影响，需现场核查,Task_20洪涝范围相交筛查；道路通行状态需现场核查,nanning_flood_20260706_0707,2026-07-07,dispatch_v3,074f2c6841becf074f14d90e06a2e9672972f1ec,"LINESTRING (108.981572 22.989043, 108.980717 22.988641, 108.979908 22.987501, 108.97904 22.986484, 108.976396 22.983891, 108.976223 22.98348, 108.97585 22.983588)"
gis_osm_roads_free,<NA>,387707373,residential,roads:gis_osm_roads_free:387707373:residential,OGC:CRS84,450126,OpenStreetMap,real,kept,<NA>,,residential,,B,0,F,F,0,108.9985374,22.9887219,,derived_from_source_layer_osm_id_fclass,smartbidata_task06_20260810,team_shared,team_shared_source,广西壮族自治区,南宁市,宾阳县,526.5618932640632,158.02121939533757,0.3000999909351439,1,True,True,False,False,疑似受影响，需现场核查,Task_20洪涝范围相交筛查；道路通行状态需现场核查,nanning_flood_20260706_0707,2026-07-07,dispatch_v3,074f2c6841becf074f14d90e06a2e9672972f1ec,"LINESTRING (108.999309 22.986426, 108.999106 22.986647, 108.998932 22.986929, 108.998779 22.987176, 108.998642 22.987508, 108.99862 22.98789, 108.998554 22.988076, 108.998472 22.988258, 108.998434 22.988388, 108.998472 22.98857, 108.998537 22.988722, 108.998806 22.988939, 108.999042 22.989186, 108.999092 22.989297, 108.999068 22.989495, 108.999017 22.989781, 108.999066 22.990041, 108.999161 22.990263, 108.999161 22.990382, 108.998986 22.99069)"
gis_osm_roads_free,<NA>,1386903060,residential,roads:gis_osm_roads_free:1386903060:residential,OGC:CRS84,450126,OpenStreetMap,real,kept,<NA>,,residential,,B,0,F,F,0,108.9960908,22.990686,,derived_from_source_layer_osm_id_fclass,smartbidata_task06_20260810,team_shared,team_shared_source,广西壮族自治区,南宁市,宾阳县,1159.5890159266407,470.6411972116756,0.405868968011551,1,True,True,False,False,疑似受影响，需现场核查,Task_20洪涝范围相交筛查；道路通行状态需现场核查,nanning_flood_20260706_0707,2026-07-07,dispatch_v3,074f2c6841becf074f14d90e06a2e9672972f1ec,"LINESTRING (108.996198 22.98784, 108.996134 22.989407, 108.996055 22.990149, 108.996027 22.990469, 108.996091 22.990686, 108.998267 22.995738, 108.998312 22.995948, 108.99831 22.996099, 108.998259 22.996244, 108.997993 22.996431, 108.998173 22.996961, 108.998462 22.997325, 108.998551 22.997649)"
gis_osm_roads_free,<NA>,1386903062,residential,roads:gis_osm_roads_free:1386903062:residential,OGC:CRS84,450126,OpenStreetMap,real,kept,<NA>,,residential,,B,0,T,F,1,108.9815719,22.9890427,,derived_from_source_layer_osm_id_fclass,smartbidata_task06_20260810,team_shared,team_shared_source,广西壮族自治区,南宁市,宾阳县,26.33551699619591,26.33551699619591,1.0,1,True,True,True,True,疑似受影响，需现场核查,Task_20洪涝范围相交筛查；道路通行状态需现场核查,nanning_flood_20260706_0707,2026-07-07,dispatch_v3,074f2c6841becf074f14d90e06a2e9672972f1ec,"LINESTRING (108.981777 22.989186, 108.981572 22.989043)"
gis_osm_roads_free,<NA>,1386903064,unclassified,roads:gis_osm_roads_free:1386903064:unclassified,OGC:CRS84,450126,OpenStreetMap,real,kept,<NA>,,unclassified,,B,0,F,F,0,108.98046,22.9907213,,derived_from_source_layer_osm_id_fclass,smartbidata_task06_20260810,team_shared,team_shared_source,广西壮族自治区,南宁市,宾阳县,488.45175537620355,409.57593425390803,0.8385187068034065,2,True,True,False,False,疑似受影响，需现场核查,Task_20洪涝范围相交筛查；道路通行状态需现场核查,nanning_flood_20260706_0707,2026-07-07,dispatch_v3,074f2c6841becf074f14d90e06a2e9672972f1ec,"LINESTRING (108.981572 22.989043, 108.98094 22.990514, 108.980665 22.990627, 108.98046 22.990721, 108.980238 22.990986, 108.978219 22.991702)"
gis_osm_roads_free,<NA>,1386903052,residential,roads:gis_osm_roads_free:1386903052:residential,OGC:CRS84,450126,OpenStreetMap,real,kept,<NA>,,residential,,B,0,F,F,0,108.9857958,22.9939047,,derived_from_source_layer_osm_id_fclass,smartbidata_task06_20260810,team_shared,team_shared_source,广西壮族自治区,南宁市,宾阳县,1630.9926703822355,738.7761338137682,0.45296103853160197,3,True,True,False,False,疑似受影响，需现场核查,Task_20洪涝范围相交筛查；道路通行状态需现场核查,nanning_flood_20260706_0707,2026-07-07,dispatch_v3,074f2c6841becf074f14d90e06a2e9672972f1ec,"LINESTRING (108.980988 22.995076, 108.981809 22.995922, 108.982135 22.996128, 108.982446 22.996361, 108.982584 22.99643, 108.982784 22.996432, 108.985383 22.994538, 108.985796 22.993905, 108.986175 22.993102, 108.986289 22.992957, 108.986839 22.990694, 108.986848 22.990529, 108.986746 22.990361, 108.986622 22.990249, 108.986462 22.990226, 108.986102 22.990272, 108.985583 22.990418, 108.985427 22.990512, 108.982814 22.989818, 108.982349 22.989569, 108.981777 22.989186)"
gis_osm_roads_free,<NA>,1386903061,residential,roads:gis_osm_roads_free:1386903061:residential,OGC:CRS84,450126,OpenStreetMap,real,kept,<NA>,,residential,,B,0,F,F,0,108.9850388,22.9915772,,derived_from_source_layer_osm_id_fclass,smartbidata_task06_20260810,team_shared,team_shared_source,广西壮族自治区,南宁市,宾阳县,264.35359106615635,94.7744307834739,0.3585138768164338,2,True,True,False,False,疑似受影响，需现场核查,Task_20洪涝范围相交筛查；道路通行状态需现场核查,nanning_flood_20260706_0707,2026-07-07,dispatch_v3,074f2c6841becf074f14d90e06a2e9672972f1ec,"LINESTRING (108.985427 22.990512, 108.985039 22.991577, 108.984999 22.991833, 108.984844 22.992017, 108.984757 22.992154, 108.984644 22.992178, 108.98416 22.991945)"
gis_osm_roads_free,<NA>,1386903065,unclassified,roads:gis_osm_roads_free:1386903065:unclassified,OGC:CRS84,450126,OpenStreetMap,real,kept,<NA>,,unclassified,,B,0,F,T,-1,108.978219,22.9917022,,derived_from_source_layer_osm_id_fclass,smartbidata_task06_20260810,team_shared,team_shared_source,广西壮族自治区,南宁市,宾阳县,66.01621342044508,66.01621342044508,1.0,1,True,True,False,False,疑似受影响，需现场核查,Task_20洪涝范围相交筛查；道路通行状态需现场核查,nanning_flood_20260706_0707,2026-07-07,dispatch_v3,074f2c6841becf074f14d90e06a2e9672972f1ec,"LINESTRING (108.978219 22.991702, 108.977618 22.991915)"
gis_osm_roads_free,<NA>,1386903063,unclassified,roads:gis_osm_roads_free:1386903063:unclassified,OGC:CRS84,450126,OpenStreetMap,real,kept,<NA>,,unclassified,,B,0,F,F,0,108.9776175,22.9919154,,derived_from_source_layer_osm_id_fclass,smartbidata_task06_20260810,team_shared,team_shared_source,广西壮族自治区,南宁市,宾阳县,686.6198780442596,169.18684005725865,0.24640539178557375,1,True,True,False,False,疑似受影响，需现场核查,Task_20洪涝范围相交筛查；道路通行状态需现场核查,nanning_flood_20260706_0707,2026-07-07,dispatch_v3,074f2c6841becf074f14d90e06a2e9672972f1ec,"LINESTRING (108.977618 22.991915, 108.97131 22.994005)"
gis_osm_roads_free,<NA>,387707365,motorway,roads:gis_osm_roads_free:387707365:motorway,OGC:CRS84,450126,OpenStreetMap,real,kept,<NA>,柳南高速,motorway,G72,F,0,T,F,1,108.9795779,22.9937383,,derived_from_source_layer_osm_id_fclass,smartbidata_task06_20260810,team_shared,team_shared_source,广西壮族自治区,南宁市,宾阳县,90.37995500878854,90.37995500878854,1.0,1,True,True,True,True,疑似受影响，需现场核查,Task_20洪涝范围相交筛查；道路通行状态需现场核查,nanning_flood_20260706_0707,2026-07-07,dispatch_v3,074f2c6841becf074f14d90e06a2e9672972f1ec,"LINESTRING (108.979578 22.993738, 108.980076 22.994412)"
gis_osm_roads_free,<NA>,387707366,motorway,roads:gis_osm_roads_free:387707366:motorway,OGC:CRS84,450126,OpenStreetMap,real,kept,<NA>,柳南高速,motorway,G72,F,0,T,F,1,108.9797443,22.9943742,,derived_from_source_layer_osm_id_fclass,smartbidata_task06_20260810,team_shared,team_shared_source,广西壮族自治区,南宁市,宾阳县,74.39220692728193,73.60910979844353,0.9894733983412553,1,True,True,True,True,疑似受影响，需现场核查,Task_20洪涝范围相交筛查；道路通行状态需现场核查,nanning_flood_20260706_0707,2026-07-07,dispatch_v3,074f2c6841becf074f14d90e06a2e9672972f1ec,"LINESTRING (108.979744 22.994374, 108.979334 22.993821)"
gis_osm_roads_free,<NA>,387707364,motorway,roads:gis_osm_roads_free:387707364:motorway,OGC:CRS84,450126,OpenStreetMap,real,kept,<NA>,柳南高速,motorway,G72,F,0,F,F,0,108.9868742,23.0005617,,derived_from_source_layer_osm_id_fclass,smartbidata_task06_20260810,team_shared,team_shared_source,广西壮族自治区,南宁市,宾阳县,2557.545263791916,183.4414136891416,0.07172557854055893,2,True,True,False,False,疑似受影响，需现场核查,Task_20洪涝范围相交筛查；道路通行状态需现场核查,nanning_flood_20260706_0707,2026-07-07,dispatch_v3,074f2c6841becf074f14d90e06a2e9672972f1ec,"LINESTRING (108.996298 23.01082, 108.994691 23.007157, 108.994006 23.00581, 108.993262 23.004879, 108.992419 23.004046, 108.990968 23.00301, 108.986874 23.000562, 108.984046 22.998804, 108.982748 22.997813, 108.981593 22.996717, 108.979744 22.994374)"
gis_osm_roads_free,<NA>,387707363,motorway,roads:gis_osm_roads_free:387707363:motorway,OGC:CRS84,450126,OpenStreetMap,real,kept,<NA>,柳南高速,motorway,G72,F,0,F,F,0,108.9910857,23.0028855,,derived_from_source_layer_osm_id_fclass,smartbidata_task06_20260810,team_shared,team_shared_source,广西壮族自治区,南宁市,宾阳县,2542.3024132961286,168.33754367702102,0.06621460247869142,2,True,True,False,False,疑似受影响，需现场核查,Task_20洪涝范围相交筛查；道路通行状态需现场核查,nanning_flood_20260706_0707,2026-07-07,dispatch_v3,074f2c6841becf074f14d90e06a2e9672972f1ec,"LINESTRING (108.980076 22.994412, 108.981688 22.996624, 108.98281 22.997707, 108.98409 22.998671, 108.986907 23.000426, 108.991086 23.002886, 108.992518 23.003885, 108.993315 23.004776, 108.994101 23.005721, 108.994841 23.007134, 108.996437 23.010798)"
gis_osm_roads_free,<NA>,521875092,residential,roads:gis_osm_roads_free:521875092:residential,OGC:CRS84,450126,OpenStreetMap,real,kept,<NA>,,residential,,B,0,F,F,0,109.0171344,23.0059559,,derived_from_source_layer_osm_id_fclass,smartbidata_task06_20260810,team_shared,team_shared_source,广西壮族自治区,南宁市,宾阳县,1343.4326473199424,451.51773394476675,0.3360925721475611,2,True,True,False,False,疑似受影响，需现场核查,Task_20洪涝范围相交筛查；道路通行状态需现场核查,nanning_flood_20260706_0707,2026-07-07,dispatch_v3,074f2c6841becf074f14d90e06a2e9672972f1ec,"LINESTRING (109.020514 23.001189, 109.020388 23.001302, 109.020188 23.001651, 109.020152 23.001816, 109.020138 23.002342, 109.02003 23.002704, 109.019844 23.003297, 109.019759 23.003369, 109.019624 23.003445, 109.019537 23.003494, 109.019458 23.003646, 109.019451 23.003916, 109.019458 23.004159, 109.019351 23.004337, 109.019251 23.004718, 109.019187 23.004791, 109.018843 23.004896, 109.017985 23.005377, 109.017134 23.005956, 109.016734 23.006272, 109.016462 23.006555, 109.016326 23.006805, 109.016112 23.007042, 109.016069 23.007141, 109.016033 23.007279, 109.015769 23.007503, 109.015554 23.007582, 109.014689 23.007996, 109.014503 23.008115, 109.013752 23.008233, 109.013595 23.008213, 109.012286 23.007838, 109.012029 23.007818, 109.011807 23.007851)"
gis_osm_roads_free,<NA>,521870543,secondary,roads:gis_osm_roads_free:521870543:secondary,OGC:CRS84,450126,OpenStreetMap,real,kept,<NA>,,secondary,X039,B,0,F,F,0,109.0195012,22.9989067,,derived_from_source_layer_osm_id_fclass,smartbidata_task06_20260810,team_shared,team_shared_source,广西壮族自治区,南宁市,宾阳县,2839.512597375652,710.4666053712195,0.2502072383929025,4,True,True,False,False,疑似受影响，需现场核查,Task_20洪涝范围相交筛查；道路通行状态需现场核查,nanning_flood_20260706_0707,2026-07-07,dispatch_v3,074f2c6841becf074f14d90e06a2e9672972f1ec,"LINESTRING (109.024362 23.010701, 109.024104 23.010492, 109.023937 23.010273, 109.023901 23.010054, 109.023922 23.009774, 109.024063 23.00922, 109.024085 23.008918, 109.024056 23.008003, 109.023977 23.007759, 109.023591 23.006871, 109.023234 23.006134, 109.022698 23.005258, 109.021325 23.003086, 109.021278 23.002992, 109.021224 23.002882, 109.020514 23.001189, 109.020009 22.999986, 109.019501 22.998907, 109.018693 22.99732, 109.018357 22.99655, 109.017199 22.993825, 109.016662 22.992555, 109.016555 22.992357, 109.016376 22.992186, 109.016119 22.992061, 109.014961 22.991719, 109.01461 22.991679, 109.014281 22.991785, 109.013938 22.991962, 109.013581 22.992252, 109.01253 22.993832, 109.012315 22.994049, 109.011957 22.994225)"
gis_osm_roads_free,<NA>,521875088,secondary,roads:gis_osm_roads_free:521875088:secondary,OGC:CRS84,450126,OpenStreetMap,real,kept,<NA>,,secondary,X039,B,0,F,F,0,109.0251972,23.0114232,,derived_from_source_layer_osm_id_fclass,smartbidata_task06_20260810,team_shared,team_shared_source,广西壮族自治区,南宁市,宾阳县,144.67958274191082,63.03618843512988,0.4356951218720203,1,True,True,False,False,疑似受影响，需现场核查,Task_20洪涝范围相交筛查；道路通行状态需现场核查,nanning_flood_20260706_0707,2026-07-07,dispatch_v3,074f2c6841becf074f14d90e06a2e9672972f1ec,"LINESTRING (109.02573 23.012077, 109.025197 23.011423, 109.024974 23.011139, 109.024862 23.01105)"
gis_osm_roads_free,<NA>,521875086,secondary,roads:gis_osm_roads_free:521875086:secondary,OGC:CRS84,450126,OpenStreetMap,real,kept,<NA>,,secondary,X039,B,0,T,F,1,109.0257299,23.0120769,,derived_from_source_layer_osm_id_fclass,smartbidata_task06_20260810,team_shared,team_shared_source,广西壮族自治区,南宁市,宾阳县,29.8904233549009,29.8904233549009,1.0,1,True,True,True,True,疑似受影响，需现场核查,Task_20洪涝范围相交筛查；道路通行状态需现场核查,nanning_flood_20260706_0707,2026-07-07,dispatch_v3,074f2c6841becf074f14d90e06a2e9672972f1ec,"LINESTRING (109.025905 23.012292, 109.02573 23.012077)"
gis_osm_roads_free,<NA>,521870542,secondary,roads:gis_osm_roads_free:521870542:secondary,OGC:CRS84,450126,OpenStreetMap,real,kept,<NA>,,secondary,X039,B,0,F,F,0,109.0297061,23.0173334,,derived_from_source_layer_osm_id_fclass,smartbidata_task06_20260810,team_shared,team_shared_source,广西壮族自治区,南宁市,宾阳县,1422.0645859913918,76.80286039795348,0.054007997354360945,2,True,False,False,False,疑似受影响，需现场核查,Task_20洪涝范围相交筛查；道路通行状态需现场核查,nanning_flood_20260706_0707,2026-07-07,dispatch_v3,074f2c6841becf074f14d90e06a2e9672972f1ec,"LINESTRING (109.028023 23.02346, 109.028332 23.022429, 109.029282 23.019252, 109.029461 23.018689, 109.029583 23.018304, 109.029646 23.017975, 109.029697 23.017712, 109.029706 23.017333, 109.029726 23.0165, 109.029697 23.016144, 109.029461 23.015618, 109.029302 23.015434, 109.02896 23.015038, 109.027143 23.01299, 109.02685 23.012773, 109.026542 23.012628, 109.026049 23.012411, 109.025905 23.012292)"
gis_osm_roads_free,<NA>,521875091,tertiary,roads:gis_osm_roads_free:521875091:tertiary,OGC:CRS84,450126,OpenStreetMap,real,kept,<NA>,,tertiary,,B,0,F,F,0,109.0308556,23.0122467,,derived_from_source_layer_osm_id_fclass,smartbidata_task06_20260810,team_shared,team_shared_source,广西壮族自治区,南宁市,宾阳县,763.5407310658574,91.10357480631495,0.11931724281314998,1,True,False,False,False,疑似受影响，需现场核查,Task_20洪涝范围相交筛查；道路通行状态需现场核查,nanning_flood_20260706_0707,2026-07-07,dispatch_v3,074f2c6841becf074f14d90e06a2e9672972f1ec,"LINESTRING (109.029302 23.015434, 109.02943 23.0153, 109.029582 23.01496, 109.029647 23.014629, 109.029804 23.014243, 109.029981 23.014024, 109.030163 23.013685, 109.030572 23.012996, 109.030775 23.012512, 109.030856 23.012247, 109.030846 23.012009, 109.030881 23.011674, 109.031078 23.011302, 109.031149 23.011074, 109.031134 23.01086, 109.031169 23.010539, 109.031149 23.010353, 109.031073 23.009962, 109.031092 23.009536, 109.03097 23.00924, 109.03092 23.00897)"
gis_osm_roads_free,<NA>,1251915942,unclassified,roads:gis_osm_roads_free:1251915942:unclassified,OGC:CRS84,450126,OpenStreetMap,real,kept,<NA>,,unclassified,,B,0,F,F,0,109.0852698,23.0458002,,derived_from_source_layer_osm_id_fclass,smartbidata_task06_20260810,team_shared,team_shared_source,广西壮族自治区,南宁市,宾阳县,840.8465642733945,437.8803918348579,0.520761349858456,2,True,True,False,False,疑似受影响，需现场核查,Task_20洪涝范围相交筛查；道路通行状态需现场核查,nanning_flood_20260706_0707,2026-07-07,dispatch_v3,074f2c6841becf074f14d90e06a2e9672972f1ec,"LINESTRING (109.08221 23.043902, 109.082746 23.043905, 109.083364 23.044394, 109.083845 23.044931, 109.084841 23.04539, 109.08527 23.0458, 109.08618 23.046227, 109.086729 23.04678, 109.087965 23.048249, 109.088465 23.048411)"
gis_osm_roads_free,<NA>,1251915943,unclassified,roads:gis_osm_roads_free:1251915943:unclassified,OGC:CRS84,450126,OpenStreetMap,real,kept,<NA>,,unclassified,,B,0,T,F,1,109.0888403,23.0485329,,derived_from_source_layer_osm_id_fclass,smartbidata_task06_20260810,team_shared,team_shared_source,广西壮族自治区,南宁市,宾阳县,40.79229116834151,31.480502692432225,0.7717267599046737,1,True,True,True,True,疑似受影响，需现场核查,Task_20洪涝范围相交筛查；道路通行状态需现场核查,nanning_flood_20260706_0707,2026-07-07,dispatch_v3,074f2c6841becf074f14d90e06a2e9672972f1ec,"LINESTRING (109.088465 23.048411, 109.08884 23.048533)"
gis_osm_roads_free,<NA>,521870550,primary,roads:gis_osm_roads_free:521870550:primary,OGC:CRS84,450126,OpenStreetMap,real,kept,<NA>,,primary,S210,B,0,F,F,0,109.0231059,23.0535685,,derived_from_source_layer_osm_id_fclass,smartbidata_task06_20260810,team_shared,team_shared_source,广西壮族自治区,南宁市,宾阳县,6850.515507406551,122.88946665193657,0.017938718118231035,1,True,True,False,False,疑似受影响，需现场核查,Task_20洪涝范围相交筛查；道路通行状态需现场核查,nanning_flood_20260706_0707,2026-07-07,dispatch_v3,074f2c6841becf074f14d90e06a2e9672972f1ec,"LINESTRING (109.029929 23.080064, 109.030339 23.079967, 109.030592 23.079804, 109.030713 23.079585, 109.030718 23.079399, 109.030647 23.078576, 109.030647 23.077989, 109.030845 23.075593, 109.030834 23.075146, 109.030779 23.074453, 109.030607 23.073718, 109.030526 23.073304, 109.030516 23.072931, 109.030668 23.072289, 109.030761 23.071804, 109.03074 23.071434, 109.030676 23.071108, 109.030522 23.070703, 109.030197 23.070104, 109.030093 23.069762, 109.030061 23.069509, 109.029943 23.068492, 109.029835 23.06811, 109.029671 23.067567, 109.029546 23.067309, 109.029399 23.067034, 109.029156 23.066792, 109.02861 23.066261, 109.028433 23.066071, 109.028195 23.065736, 109.028033 23.065424, 109.027755 23.064721, 109.027558 23.064409, 109.027365 23.064186, 109.026743 23.063641, 109.026389 23.063264, 109.026096 23.062808, 109.025575 23.061882, 109.025357 23.061565, 109.02516 23.061263, 109.024947 23.060783, 109.024305 23.059084, 109.023981 23.058113, 109.023844 23.057623, 109.023678 23.056529, 109.02348 23.054993, 109.023313 23.054053, 109.023106 23.053568, 109.022792 23.053154, 109.022367 23.052791, 109.021897 23.052461, 109.021128 23.05193, 109.020895 23.051697, 109.020632 23.051306, 109.020339 23.050659, 109.020167 23.050138, 109.020101 23.049668, 109.020071 23.049221, 109.020101 23.048527, 109.020152 23.048066, 109.020344 23.047517, 109.02046 23.047322, 109.021123 23.046377, 109.021877 23.045492, 109.022074 23.04519, 109.022221 23.044817, 109.022418 23.044133, 109.022646 23.043626, 109.022979 23.04316, 109.023394 23.042736, 109.023885 23.042196, 109.024027 23.04194, 109.024097 23.041614, 109.024118 23.041265, 109.024087 23.040698, 109.024138 23.040264, 109.024209 23.039999, 109.02471 23.038882, 109.024942 23.038351, 109.025706 23.036172, 109.025843 23.035712, 109.025893 23.035153, 109.025868 23.034664, 109.025717 23.033862, 109.025692 23.03373, 109.025219 23.031209, 109.025147 23.030755, 109.025176 23.03034, 109.025283 23.029899, 109.025469 23.029471, 109.026921 23.026061, 109.028023 23.02346)"
gis_osm_roads_free,<NA>,521885874,motorway,roads:gis_osm_roads_free:521885874:motorway,OGC:CRS84,450126,OpenStreetMap,real,kept,<NA>,柳南高速,motorway,G72,F,0,F,F,0,109.0246219,23.1241078,,derived_from_source_layer_osm_id_fclass,smartbidata_task06_20260810,team_shared,team_shared_source,广西壮族自治区,南宁市,宾阳县,13687.073023645584,453.77994486179693,0.03315390690747784,3,True,True,False,False,疑似受影响，需现场核查,Task_20洪涝范围相交筛查；道路通行状态需现场核查,nanning_flood_20260706_0707,2026-07-07,dispatch_v3,074f2c6841becf074f14d90e06a2e9672972f1ec,"LINESTRING (109.036346 23.182249, 109.035278 23.179454, 109.03422 23.176631, 109.033448 23.174396, 109.032781 23.17219, 109.032156 23.169844, 109.031609 23.167424, 109.031384 23.166302, 109.031186 23.16518, 109.030814 23.162903, 109.030085 23.157685, 109.029788 23.155644, 109.029448 23.153618, 109.028962 23.151304, 109.028372 23.148983, 109.027714 23.146726, 109.027018 23.144469, 109.025826 23.139938, 109.025258 23.136715, 109.0251 23.135264, 109.024808 23.130579, 109.02477 23.125924, 109.024622 23.124108, 109.023903 23.118409, 109.022 23.105822, 109.021324 23.102799, 109.020493 23.100057, 109.019602 23.097819, 109.018904 23.096169, 109.0175 23.09363, 109.015882 23.090683, 109.015769 23.090432, 109.012892 23.085256, 109.01209 23.083531, 109.011728 23.082698, 109.011369 23.081803, 109.010878 23.080139, 109.010528 23.078396, 109.010242 23.076682, 109.00933 23.069563, 109.00901 23.066878, 109.008904 23.06613, 109.008849 23.065095, 109.008874 23.064314, 109.008924 23.063659, 109.00899 23.063038, 109.009085 23.062386)"
gis_osm_roads_free,<NA>,387707368,motorway,roads:gis_osm_roads_free:387707368:motorway,OGC:CRS84,450126,OpenStreetMap,real,kept,<NA>,柳南高速,motorway,G72,F,0,F,F,0,109.0249145,23.1254738,,derived_from_source_layer_osm_id_fclass,smartbidata_task06_20260810,team_shared,team_shared_source,广西壮族自治区,南宁市,宾阳县,13691.297090738333,426.94975307002056,0.031184025168720982,3,True,True,False,False,疑似受影响，需现场核查,Task_20洪涝范围相交筛查；道路通行状态需现场核查,nanning_flood_20260706_0707,2026-07-07,dispatch_v3,074f2c6841becf074f14d90e06a2e9672972f1ec,"LINESTRING (109.009229 23.062408, 109.009134 23.063063, 109.009067 23.063669, 109.009022 23.06426, 109.009 23.065164, 109.009057 23.066076, 109.009127 23.066858, 109.009522 23.069608, 109.010199 23.074806, 109.010674 23.078234, 109.011023 23.079985, 109.01151 23.081708, 109.01221 23.083433, 109.012671 23.084366, 109.012976 23.085176, 109.01343 23.086053, 109.014729 23.088312, 109.015321 23.089313, 109.015692 23.089996, 109.017688 23.093486, 109.019108 23.096046, 109.01984 23.097737, 109.020751 23.099952, 109.021608 23.102731, 109.022288 23.105778, 109.024209 23.118378, 109.024914 23.125474, 109.025012 23.127626, 109.02499 23.130578, 109.02518 23.133986, 109.025278 23.135352, 109.025648 23.137587, 109.026013 23.139902, 109.027203 23.144425, 109.027901 23.146685, 109.028568 23.148954, 109.029148 23.151263, 109.029634 23.153607, 109.029981 23.155623, 109.030263 23.157674, 109.03101 23.162898, 109.031368 23.165194, 109.031567 23.166302, 109.031801 23.167417, 109.032338 23.169811, 109.032973 23.172158, 109.033638 23.174345, 109.034396 23.176568, 109.035474 23.179422, 109.036554 23.18226)"
gis_osm_roads_free,<NA>,521870548,primary,roads:gis_osm_roads_free:521870548:primary,OGC:CRS84,450126,OpenStreetMap,real,kept,<NA>,,primary,S210,B,0,F,F,0,109.0276581,23.0807019,,derived_from_source_layer_osm_id_fclass,smartbidata_task06_20260810,team_shared,team_shared_source,广西壮族自治区,南宁市,宾阳县,415.5794466433815,105.82422164007386,0.2546425779590686,1,True,True,False,False,疑似受影响，需现场核查,Task_20洪涝范围相交筛查；道路通行状态需现场核查,nanning_flood_20260706_0707,2026-07-07,dispatch_v3,074f2c6841becf074f14d90e06a2e9672972f1ec,"LINESTRING (109.02565 23.081358, 109.027658 23.080702, 109.029489 23.080144)"
gis_osm_roads_free,<NA>,1512386856,tertiary,roads:gis_osm_roads_free:1512386856:tertiary,OGC:CRS84,450126,OpenStreetMap,real,kept,<NA>,,tertiary,,B,0,F,F,0,109.0275816,23.0950877,,derived_from_source_layer_osm_id_fclass,smartbidata_task06_20260810,team_shared,team_shared_source,广西壮族自治区,南宁市,宾阳县,1182.1090954674792,143.23708088476442,0.12117077978164072,1,True,True,False,False,疑似受影响，需现场核查,Task_20洪涝范围相交筛查；道路通行状态需现场核查,nanning_flood_20260706_0707,2026-07-07,dispatch_v3,074f2c6841becf074f14d90e06a2e9672972f1ec,"LINESTRING (109.031864 23.093006, 109.031802 23.093015, 109.031809 23.093305, 109.031709 23.094278, 109.031644 23.094397, 109.030979 23.094456, 109.030636 23.094627, 109.030142 23.094857, 109.029377 23.094857, 109.029076 23.09495, 109.028697 23.094996, 109.027582 23.095088, 109.026938 23.095167, 109.026144 23.095397, 109.025715 23.09564, 109.024856 23.09641, 109.02442 23.097015, 109.024184 23.097509, 109.023769 23.097969, 109.023307 23.098278)"
gis_osm_roads_free,<NA>,1341006318,residential,roads:gis_osm_roads_free:1341006318:residential,OGC:CRS84,450126,OpenStreetMap,real,kept,<NA>,,residential,,B,0,F,F,0,108.9705196,23.1085628,,derived_from_source_layer_osm_id_fclass,smartbidata_task06_20260810,team_shared,team_shared_source,广西壮族自治区,南宁市,宾阳县,2382.394605262677,19.51891821613532,0.008192982880761354,1,True,False,False,False,疑似受影响，需现场核查,Task_20洪涝范围相交筛查；道路通行状态需现场核查,nanning_flood_20260706_0707,2026-07-07,dispatch_v3,074f2c6841becf074f14d90e06a2e9672972f1ec,"LINESTRING (108.97756 23.104836, 108.975908 23.10571, 108.974828 23.106282, 108.972886 23.10731, 108.97052 23.108563, 108.962206 23.112964, 108.95737 23.115524)"
gis_osm_roads_free,<NA>,1381650598,unclassified,roads:gis_osm_roads_free:1381650598:unclassified,OGC:CRS84,450126,OpenStreetMap,real,kept,<NA>,,unclassified,,B,0,F,F,0,109.0035261,23.1004661,,derived_from_source_layer_osm_id_fclass,smartbidata_task06_20260810,team_shared,team_shared_source,广西壮族自治区,南宁市,宾阳县,590.8722064189164,11.553266962998233,0.019552903043145,1,True,False,False,False,疑似受影响，需现场核查,Task_20洪涝范围相交筛查；道路通行状态需现场核查,nanning_flood_20260706_0707,2026-07-07,dispatch_v3,074f2c6841becf074f14d90e06a2e9672972f1ec,"LINESTRING (109.001799 23.102267, 109.001836 23.102084, 109.00189 23.101951, 109.002689 23.10089, 109.003027 23.100649, 109.00329 23.10054, 109.003526 23.100466, 109.004062 23.100333, 109.00424 23.100214, 109.004358 23.100052, 109.004781 23.099292, 109.00542 23.098417)"
gis_osm_roads_free,<NA>,1381650599,residential,roads:gis_osm_roads_free:1381650599:residential,OGC:CRS84,450126,OpenStreetMap,real,kept,<NA>,,residential,,B,0,F,F,0,109.0022171,23.103673,,derived_from_source_layer_osm_id_fclass,smartbidata_task06_20260810,team_shared,team_shared_source,广西壮族自治区,南宁市,宾阳县,609.5648832741941,89.95458261362533,0.14757179273590473,1,True,False,False,False,疑似受影响，需现场核查,Task_20洪涝范围相交筛查；道路通行状态需现场核查,nanning_flood_20260706_0707,2026-07-07,dispatch_v3,074f2c6841becf074f14d90e06a2e9672972f1ec,"LINESTRING (109.001364 23.105045, 109.001616 23.10424, 109.001654 23.104176, 109.001906 23.103979, 109.00219 23.103717, 109.002217 23.103673, 109.002507 23.103303, 109.002582 23.102948, 109.002625 23.102602, 109.002566 23.102346, 109.002421 23.102178, 109.00189 23.101951, 109.001659 23.101961, 109.001579 23.102005, 109.001343 23.102459, 109.001235 23.102563, 109.000527 23.102893)"
gis_osm_roads_free,<NA>,1381650600,residential,roads:gis_osm_roads_free:1381650600:residential,OGC:CRS84,450126,OpenStreetMap,real,kept,<NA>,,residential,,B,0,F,F,0,109.0016163,23.1042404,,derived_from_source_layer_osm_id_fclass,smartbidata_task06_20260810,team_shared,team_shared_source,广西壮族自治区,南宁市,宾阳县,447.1377381370957,10.313651822640779,0.02306593906747933,1,True,False,False,False,疑似受影响，需现场核查,Task_20洪涝范围相交筛查；道路通行状态需现场核查,nanning_flood_20260706_0707,2026-07-07,dispatch_v3,074f2c6841becf074f14d90e06a2e9672972f1ec,"LINESTRING (109.000232 23.104833, 109.000232 23.104783, 109.000463 23.104088, 109.00057 23.103846, 109.000613 23.103811, 109.000871 23.103875, 109.00116 23.103979, 109.001225 23.104028, 109.001284 23.104073, 109.001616 23.10424, 109.002013 23.104384, 109.002496 23.104472, 109.002652 23.104487, 109.003633 23.104334)"
gis_osm_roads_free,<NA>,1381650601,residential,roads:gis_osm_roads_free:1381650601:residential,OGC:CRS84,450126,OpenStreetMap,real,kept,<NA>,,residential,,B,0,F,F,0,109.0002805,23.1026713,,derived_from_source_layer_osm_id_fclass,smartbidata_task06_20260810,team_shared,team_shared_source,广西壮族自治区,南宁市,宾阳县,260.4719585939434,209.81286712091605,0.8055103829736961,2,True,True,False,False,疑似受影响，需现场核查,Task_20洪涝范围相交筛查；道路通行状态需现场核查,nanning_flood_20260706_0707,2026-07-07,dispatch_v3,074f2c6841becf074f14d90e06a2e9672972f1ec,"LINESTRING (109.000425 23.103436, 109.000618 23.10318, 109.000586 23.103125, 109.000527 23.102893, 109.000382 23.102706, 109.00028 23.102671, 108.998977 23.102775, 108.998762 23.102775)"
gis_osm_roads_free,<NA>,1341006414,tertiary,roads:gis_osm_roads_free:1341006414:tertiary,OGC:CRS84,450126,OpenStreetMap,real,kept,<NA>,,tertiary,,B,0,F,F,0,108.9428354,23.1292416,,derived_from_source_layer_osm_id_fclass,smartbidata_task06_20260810,team_shared,team_shared_source,广西壮族自治区,南宁市,宾阳县,548.8575479712109,48.5622733150286,0.08847882933291795,1,True,False,False,False,疑似受影响，需现场核查,Task_20洪涝范围相交筛查；道路通行状态需现场核查,nanning_flood_20260706_0707,2026-07-07,dispatch_v3,074f2c6841becf074f14d90e06a2e9672972f1ec,"LINESTRING (108.945811 23.133362, 108.942835 23.129242)"
gis_osm_roads_free,<NA>,1341006396,residential,roads:gis_osm_roads_free:1341006396:residential,OGC:CRS84,450126,OpenStreetMap,real,kept,<NA>,,residential,,B,0,F,F,0,108.9725853,23.138992,,derived_from_source_layer_osm_id_fclass,smartbidata_task06_20260810,team_shared,team_shared_source,广西壮族自治区,南宁市,宾阳县,1661.8016746269527,223.75363210260048,0.13464520798056695,3,True,True,False,False,疑似受影响，需现场核查,Task_20洪涝范围相交筛查；道路通行状态需现场核查,nanning_flood_20260706_0707,2026-07-07,dispatch_v3,074f2c6841becf074f14d90e06a2e9672972f1ec,"LINESTRING (108.978251 23.142659, 108.978114 23.142692, 108.977535 23.142833, 108.973678 23.140849, 108.973615 23.140768, 108.972585 23.138992, 108.971795 23.137629, 108.97143 23.137536, 108.971296 23.13731, 108.970395 23.135784, 108.969561 23.135344, 108.969058 23.13519, 108.968521 23.135126, 108.968093 23.135147, 108.967871 23.13519, 108.967606 23.13543, 108.96767 23.135774, 108.967597 23.135988, 108.967556 23.136488, 108.967469 23.136635, 108.967309 23.136698)"
gis_osm_roads_free,<NA>,1341006394,service,roads:gis_osm_roads_free:1341006394:service,OGC:CRS84,450126,OpenStreetMap,real,kept,<NA>,,service,,B,0,F,F,0,108.9750828,23.1400899,,derived_from_source_layer_osm_id_fclass,smartbidata_task06_20260810,team_shared,team_shared_source,广西壮族自治区,南宁市,宾阳县,428.84914832501477,15.298679766933018,0.03567380237709719,1,True,False,False,False,疑似受影响，需现场核查,Task_20洪涝范围相交筛查；道路通行状态需现场核查,nanning_flood_20260706_0707,2026-07-07,dispatch_v3,074f2c6841becf074f14d90e06a2e9672972f1ec,"LINESTRING (108.973615 23.140768, 108.975083 23.14009, 108.976286 23.139534, 108.977361 23.139037)"
gis_osm_roads_free,<NA>,1434392495,residential,roads:gis_osm_roads_free:1434392495:residential,OGC:CRS84,450126,OpenStreetMap,real,kept,<NA>,,residential,,B,0,F,F,0,108.9266795,23.1243703,,derived_from_source_layer_osm_id_fclass,smartbidata_task06_20260810,team_shared,team_shared_source,广西壮族自治区,南宁市,宾阳县,312.18389443364816,190.3544015252263,0.6097508709427815,1,True,True,False,False,疑似受影响，需现场核查,Task_20洪涝范围相交筛查；道路通行状态需现场核查,nanning_flood_20260706_0707,2026-07-07,dispatch_v3,074f2c6841becf074f14d90e06a2e9672972f1ec,"LINESTRING (108.927228 23.126038, 108.92668 23.12437, 108.926512 23.12428, 108.926193 23.123435)"
gis_osm_roads_free,<NA>,1434392496,residential,roads:gis_osm_roads_free:1434392496:residential,OGC:CRS84,450126,OpenStreetMap,real,kept,<NA>,,residential,,B,0,F,T,-1,108.9273729,23.1264791,,derived_from_source_layer_osm_id_fclass,smartbidata_task06_20260810,team_shared,team_shared_source,广西壮族自治区,南宁市,宾阳县,51.01719289017535,30.79502481130949,0.6036205260764131,1,True,True,False,False,疑似受影响，需现场核查,Task_20洪涝范围相交筛查；道路通行状态需现场核查,nanning_flood_20260706_0707,2026-07-07,dispatch_v3,074f2c6841becf074f14d90e06a2e9672972f1ec,"LINESTRING (108.927373 23.126479, 108.927228 23.126038)"
gis_osm_roads_free,<NA>,1434838828,residential,roads:gis_osm_roads_free:1434838828:residential,OGC:CRS84,450126,OpenStreetMap,real,kept,<NA>,,residential,,B,0,F,F,0,108.9653313,23.1407433,,derived_from_source_layer_osm_id_fclass,smartbidata_task06_20260810,team_shared,team_shared_source,广西壮族自治区,南宁市,宾阳县,1311.2876635957182,352.1351755926094,0.2685415148549555,1,True,True,False,False,疑似受影响，需现场核查,Task_20洪涝范围相交筛查；道路通行状态需现场核查,nanning_flood_20260706_0707,2026-07-07,dispatch_v3,074f2c6841becf074f14d90e06a2e9672972f1ec,"LINESTRING (108.967469 23.136635, 108.967418 23.136802, 108.967402 23.13698, 108.967171 23.137443, 108.96716 23.13769, 108.967059 23.137803, 108.967193 23.138262, 108.967209 23.13838, 108.96716 23.13843, 108.966951 23.138558, 108.966796 23.138681, 108.966587 23.138967, 108.966511 23.139022, 108.966082 23.139249, 108.965986 23.139323, 108.965927 23.139411, 108.965825 23.139668, 108.965331 23.140743, 108.964575 23.143254, 108.964323 23.144127, 108.96414 23.144749, 108.964135 23.144828, 108.964092 23.144995, 108.964022 23.14506, 108.963293 23.145385, 108.962343 23.145716, 108.961866 23.145819, 108.961531 23.145837)"
gis_osm_roads_free,<NA>,1434838832,tertiary,roads:gis_osm_roads_free:1434838832:tertiary,OGC:CRS84,450126,OpenStreetMap,real,kept,<NA>,,tertiary,,B,0,F,F,0,108.9536047,23.1408813,,derived_from_source_layer_osm_id_fclass,smartbidata_task06_20260810,team_shared,team_shared_source,广西壮族自治区,南宁市,宾阳县,2661.1847108287043,14.772991896305792,0.005551283921101974,1,True,False,False,False,疑似受影响，需现场核查,Task_20洪涝范围相交筛查；道路通行状态需现场核查,nanning_flood_20260706_0707,2026-07-07,dispatch_v3,074f2c6841becf074f14d90e06a2e9672972f1ec,"LINESTRING (108.960058 23.145923, 108.960487 23.146071, 108.960868 23.145992, 108.96127 23.145864, 108.961531 23.145837, 108.961866 23.145099, 108.962022 23.144823, 108.962096 23.144606, 108.962038 23.144364, 108.962 23.144275, 108.961866 23.144107, 108.961673 23.143935, 108.960077 23.143021, 108.959935 23.142953, 108.959012 23.142504, 108.958138 23.142021, 108.957532 23.14171, 108.955455 23.140492, 108.955289 23.140437, 108.955107 23.140304, 108.954903 23.140363, 108.95412 23.140724, 108.954071 23.140733, 108.953884 23.140847, 108.953605 23.140881, 108.95324 23.140748, 108.951711 23.139683, 108.950391 23.138898, 108.949834 23.138578, 108.948916 23.13801, 108.948508 23.137966, 108.948353 23.137991, 108.947618 23.138262, 108.947409 23.138267, 108.946803 23.137991, 108.945606 23.137211, 108.944727 23.136782, 108.943815 23.136309, 108.943729 23.136215, 108.943566 23.135005)"
gis_osm_roads_free,<NA>,555399211,motorway,roads:gis_osm_roads_free:555399211:motorway,OGC:CRS84,450126,OpenStreetMap,real,kept,<NA>,梧硕高速,motorway,S40,F,0,F,F,0,108.9994597,23.1330987,,derived_from_source_layer_osm_id_fclass,smartbidata_task06_20260810,team_shared,team_shared_source,广西壮族自治区,南宁市,宾阳县,5026.053092593469,199.9663847496728,0.03978596745114946,1,True,True,False,False,疑似受影响，需现场核查,Task_20洪涝范围相交筛查；道路通行状态需现场核查,nanning_flood_20260706_0707,2026-07-07,dispatch_v3,074f2c6841becf074f14d90e06a2e9672972f1ec,"LINESTRING (108.974976 23.132159, 108.975928 23.132472, 108.981543 23.134214, 108.983506 23.134845, 108.984364 23.135131, 108.985437 23.135437, 108.986875 23.135723, 108.988034 23.135861, 108.989171 23.13592, 108.990941 23.13591, 108.992357 23.135762, 108.993956 23.135447, 108.995426 23.135003, 108.996456 23.134588, 108.998001 23.133848, 108.99946 23.133099, 109.000629 23.132339, 109.001895 23.131569, 109.003268 23.130977, 109.004813 23.130346, 109.006734 23.129744, 109.008794 23.129399, 109.011073 23.129242, 109.012622 23.129258, 109.014055 23.129368, 109.019373 23.13003, 109.020694 23.130215, 109.021797 23.130346)"
gis_osm_roads_free,<NA>,913508524,residential,roads:gis_osm_roads_free:913508524:residential,OGC:CRS84,450126,OpenStreetMap,real,kept,<NA>,,residential,,B,0,F,F,0,109.0022814,23.1233307,,derived_from_source_layer_osm_id_fclass,smartbidata_task06_20260810,team_shared,team_shared_source,广西壮族自治区,南宁市,宾阳县,2148.0209795227165,82.28126933759779,0.03830561718064804,1,True,False,False,False,疑似受影响，需现场核查,Task_20洪涝范围相交筛查；道路通行状态需现场核查,nanning_flood_20260706_0707,2026-07-07,dispatch_v3,074f2c6841becf074f14d90e06a2e9672972f1ec,"LINESTRING (109.01072 23.128959, 109.010296 23.128663, 109.010172 23.128515, 109.009974 23.128416, 109.009159 23.127869, 109.00867 23.127425, 109.008322 23.126916, 109.008247 23.126803, 109.008075 23.126497, 109.007506 23.125871, 109.007324 23.125718, 109.007222 23.125664, 109.00704 23.125609, 109.006911 23.125619, 109.006691 23.125703, 109.006568 23.125683, 109.006305 23.125535, 109.005983 23.125304, 109.005334 23.125057, 109.00477 23.124752, 109.004486 23.124465, 109.004127 23.12414, 109.003751 23.123854, 109.003424 23.123716, 109.003236 23.123617, 109.003118 23.123518, 109.002909 23.123281, 109.002281 23.123331, 109.002024 23.123281, 109.001713 23.123262, 109.001461 23.123267, 109.00072 23.123395, 109.000211 23.123607, 108.999948 23.123839, 108.99917 23.123804, 108.995313 23.121663, 108.994417 23.12118, 108.993661 23.120509, 108.9935 23.120425)"
gis_osm_roads_free,<NA>,1376070818,residential,roads:gis_osm_roads_free:1376070818:residential,OGC:CRS84,450126,OpenStreetMap,real,kept,<NA>,,residential,,B,0,F,F,0,108.9971702,23.1290425,,derived_from_source_layer_osm_id_fclass,smartbidata_task06_20260810,team_shared,team_shared_source,广西壮族自治区,南宁市,宾阳县,355.46030744281734,27.30199750076407,0.07680744355727011,1,True,False,False,False,疑似受影响，需现场核查,Task_20洪涝范围相交筛查；道路通行状态需现场核查,nanning_flood_20260706_0707,2026-07-07,dispatch_v3,074f2c6841becf074f14d90e06a2e9672972f1ec,"LINESTRING (108.997277 23.129623, 108.99717 23.129042, 108.998226 23.126611)"
gis_osm_roads_free,<NA>,1198568530,service,roads:gis_osm_roads_free:1198568530:service,OGC:CRS84,450126,OpenStreetMap,real,kept,<NA>,,service,,B,0,F,F,0,109.1430445,23.1997749,,derived_from_source_layer_osm_id_fclass,smartbidata_task06_20260810,team_shared,team_shared_source,广西壮族自治区,南宁市,宾阳县,675.1335995561136,31.00332563994117,0.0459217637225065,1,True,False,False,False,疑似受影响，需现场核查,Task_20洪涝范围相交筛查；道路通行状态需现场核查,nanning_flood_20260706_0707,2026-07-07,dispatch_v3,074f2c6841becf074f14d90e06a2e9672972f1ec,"LINESTRING (109.143266 23.199405, 109.144035 23.198886, 109.14467 23.198698, 109.14474 23.198794, 109.144413 23.199037, 109.143703 23.199638, 109.143292 23.199788, 109.143044 23.199775, 109.142872 23.19974, 109.142568 23.199895, 109.142134 23.200041, 109.141928 23.20023, 109.141686 23.200196, 109.14141 23.200069, 109.141379 23.20004, 109.14127 23.19999, 109.141158 23.200166, 109.140616 23.200311)"
gis_osm_roads_free,<NA>,445075507,tertiary,roads:gis_osm_roads_free:445075507:tertiary,OGC:CRS84,450126,OpenStreetMap,real,kept,<NA>,,tertiary,,B,0,F,F,0,109.0762183,23.1466487,,derived_from_source_layer_osm_id_fclass,smartbidata_task06_20260810,team_shared,team_shared_source,广西壮族自治区,南宁市,宾阳县,1975.3538201749795,90.57302935908601,0.04585154742104021,2,True,False,False,False,疑似受影响，需现场核查,Task_20洪涝范围相交筛查；道路通行状态需现场核查,nanning_flood_20260706_0707,2026-07-07,dispatch_v3,074f2c6841becf074f14d90e06a2e9672972f1ec,"LINESTRING (109.085823 23.141783, 109.076218 23.146649, 109.071832 23.151727, 109.070824 23.152502)"
gis_osm_roads_free,<NA>,521885900,tertiary,roads:gis_osm_roads_free:521885900:tertiary,OGC:CRS84,450126,OpenStreetMap,real,kept,<NA>,,tertiary,,B,0,F,T,-1,109.0708245,23.1525022,,derived_from_source_layer_osm_id_fclass,smartbidata_task06_20260810,team_shared,team_shared_source,广西壮族自治区,南宁市,宾阳县,26.3229156111072,26.3229156111072,1.0,1,True,True,False,False,疑似受影响，需现场核查,Task_20洪涝范围相交筛查；道路通行状态需现场核查,nanning_flood_20260706_0707,2026-07-07,dispatch_v3,074f2c6841becf074f14d90e06a2e9672972f1ec,"LINESTRING (109.070824 23.152502, 109.070653 23.152679)"
gis_osm_roads_free,<NA>,521885883,tertiary,roads:gis_osm_roads_free:521885883:tertiary,OGC:CRS84,450126,OpenStreetMap,real,kept,<NA>,,tertiary,,B,0,F,F,0,109.0675449,23.1568308,,derived_from_source_layer_osm_id_fclass,smartbidata_task06_20260810,team_shared,team_shared_source,广西壮族自治区,南宁市,宾阳县,1180.685898024463,255.33492188740837,0.2162598217820994,3,True,True,False,False,疑似受影响，需现场核查,Task_20洪涝范围相交筛查；道路通行状态需现场核查,nanning_flood_20260706_0707,2026-07-07,dispatch_v3,074f2c6841becf074f14d90e06a2e9672972f1ec,"LINESTRING (109.070653 23.152679, 109.069484 23.153937, 109.068786 23.155165, 109.067923 23.156374, 109.067545 23.156831, 109.06669 23.157578, 109.065996 23.158356, 109.065073 23.159292, 109.064523 23.159985, 109.063761 23.16079, 109.063515 23.160983)"
gis_osm_roads_free,<NA>,995794778,unclassified,roads:gis_osm_roads_free:995794778:unclassified,OGC:CRS84,450126,OpenStreetMap,real,kept,<NA>,,unclassified,,B,0,F,F,0,109.085005,23.1693751,,derived_from_source_layer_osm_id_fclass,smartbidata_task06_20260810,team_shared,team_shared_source,广西壮族自治区,南宁市,宾阳县,1975.7183509391687,595.7085911632971,0.30151493550693786,2,True,True,False,False,疑似受影响，需现场核查,Task_20洪涝范围相交筛查；道路通行状态需现场核查,nanning_flood_20260706_0707,2026-07-07,dispatch_v3,074f2c6841becf074f14d90e06a2e9672972f1ec,"LINESTRING (109.085142 23.161613, 109.083847 23.16257, 109.083841 23.162785, 109.084016 23.16312, 109.084231 23.163293, 109.084641 23.163514, 109.085018 23.16434, 109.085018 23.164567, 109.083945 23.165452, 109.085695 23.166941, 109.086098 23.167485, 109.086345 23.168107, 109.086599 23.168753, 109.086521 23.168992, 109.086215 23.169148, 109.085896 23.169285, 109.085376 23.169297, 109.085005 23.169375, 109.084543 23.169692, 109.084276 23.170182, 109.084342 23.170906, 109.084127 23.171486, 109.083951 23.171809, 109.083756 23.172072, 109.084023 23.172509, 109.084166 23.172724, 109.083203 23.173202, 109.081532 23.174046)"
gis_osm_roads_free,<NA>,521885893,unclassified,roads:gis_osm_roads_free:521885893:unclassified,OGC:CRS84,450126,OpenStreetMap,real,kept,<NA>,,unclassified,,B,0,F,F,0,109.0780862,23.1752266,,derived_from_source_layer_osm_id_fclass,smartbidata_task06_20260810,team_shared,team_shared_source,广西壮族自治区,南宁市,宾阳县,2628.6394804370975,203.99316517259854,0.07760408633087942,1,True,True,False,False,疑似受影响，需现场核查,Task_20洪涝范围相交筛查；道路通行状态需现场核查,nanning_flood_20260706_0707,2026-07-07,dispatch_v3,074f2c6841becf074f14d90e06a2e9672972f1ec,"LINESTRING (109.070261 23.1806, 109.070959 23.179646, 109.071243 23.179362, 109.071496 23.179232, 109.071815 23.179158, 109.072336 23.179078, 109.073212 23.179074, 109.0735 23.179009, 109.074092 23.178702, 109.074553 23.178599, 109.074983 23.17859, 109.075206 23.178641, 109.075469 23.178767, 109.075636 23.178767, 109.076633 23.178608, 109.077371 23.178396, 109.077852 23.178013, 109.07806 23.177798, 109.078151 23.177511, 109.078034 23.177128, 109.078034 23.176781, 109.078034 23.176064, 109.078086 23.175227, 109.078724 23.17409, 109.079471 23.172492, 109.079517 23.172392, 109.079423 23.172159, 109.079127 23.172104, 109.078826 23.171787, 109.07858 23.171103, 109.078442 23.170999, 109.078176 23.170496, 109.078008 23.170065, 109.077801 23.169788, 109.077658 23.169712, 109.077604 23.169354, 109.077421 23.169376, 109.077323 23.16885, 109.077283 23.168755, 109.076322 23.168742, 109.075395 23.168565, 109.074878 23.168415, 109.073833 23.16852, 109.073645 23.168701, 109.073453 23.169131, 109.073118 23.169494, 109.072783 23.169866, 109.072604 23.17008)"
gis_osm_roads_free,<NA>,1251915968,unclassified,roads:gis_osm_roads_free:1251915968:unclassified,OGC:CRS84,450126,OpenStreetMap,real,kept,<NA>,,unclassified,,B,0,F,F,0,109.082873,23.1234406,,derived_from_source_layer_osm_id_fclass,smartbidata_task06_20260810,team_shared,team_shared_source,广西壮族自治区,南宁市,宾阳县,1376.0008326745306,18.987158557709172,0.01379879874113438,1,True,False,False,False,疑似受影响，需现场核查,Task_20洪涝范围相交筛查；道路通行状态需现场核查,nanning_flood_20260706_0707,2026-07-07,dispatch_v3,074f2c6841becf074f14d90e06a2e9672972f1ec,"LINESTRING (109.08471 23.117838, 109.084023 23.120962, 109.083199 23.122572, 109.082873 23.123441, 109.082135 23.128445, 109.082794 23.129794)"
gis_osm_roads_free,<NA>,1251915970,unclassified,roads:gis_osm_roads_free:1251915970:unclassified,OGC:CRS84,450126,OpenStreetMap,real,kept,<NA>,,unclassified,,B,0,F,F,0,109.082794,23.129794,,derived_from_source_layer_osm_id_fclass,smartbidata_task06_20260810,team_shared,team_shared_source,广西壮族自治区,南宁市,宾阳县,40.801807555624315,40.801807555624315,1.0,1,True,True,False,False,疑似受影响，需现场核查,Task_20洪涝范围相交筛查；道路通行状态需现场核查,nanning_flood_20260706_0707,2026-07-07,dispatch_v3,074f2c6841becf074f14d90e06a2e9672972f1ec,"LINESTRING (109.082794 23.129794, 109.082644 23.130135)"
gis_osm_roads_free,<NA>,1251915971,unclassified,roads:gis_osm_roads_free:1251915971:unclassified,OGC:CRS84,450126,OpenStreetMap,real,kept,<NA>,,unclassified,,B,0,T,F,1,109.0826443,23.1301353,,derived_from_source_layer_osm_id_fclass,smartbidata_task06_20260810,team_shared,team_shared_source,广西壮族自治区,南宁市,宾阳县,23.735360620816625,17.607154199714945,0.7418111096350034,1,True,True,True,True,疑似受影响，需现场核查,Task_20洪涝范围相交筛查；道路通行状态需现场核查,nanning_flood_20260706_0707,2026-07-07,dispatch_v3,074f2c6841becf074f14d90e06a2e9672972f1ec,"LINESTRING (109.082644 23.130135, 109.082492 23.130297)"
gis_osm_roads_free,<NA>,1376070824,unclassified,roads:gis_osm_roads_free:1376070824:unclassified,OGC:CRS84,450126,OpenStreetMap,real,kept,<NA>,,unclassified,,B,0,F,F,0,109.034573,23.1282513,,derived_from_source_layer_osm_id_fclass,smartbidata_task06_20260810,team_shared,team_shared_source,广西壮族自治区,南宁市,宾阳县,462.0335346526239,90.22360257826973,0.1952750088716041,1,True,False,False,False,疑似受影响，需现场核查,Task_20洪涝范围相交筛查；道路通行状态需现场核查,nanning_flood_20260706_0707,2026-07-07,dispatch_v3,074f2c6841becf074f14d90e06a2e9672972f1ec,"LINESTRING (109.034914 23.131834, 109.034573 23.128251, 109.034472 23.128044, 109.034298 23.127889, 109.034167 23.127862)"
gis_osm_roads_free,<NA>,1376070825,unclassified,roads:gis_osm_roads_free:1376070825:unclassified,OGC:CRS84,450126,OpenStreetMap,real,kept,<NA>,,unclassified,,B,0,F,T,-1,109.0349403,23.1321494,,derived_from_source_layer_osm_id_fclass,smartbidata_task06_20260810,team_shared,team_shared_source,广西壮族自治区,南宁市,宾阳县,35.105578062235985,0.2686840940204494,0.0076536011896491205,1,True,False,False,False,疑似受影响，需现场核查,Task_20洪涝范围相交筛查；道路通行状态需现场核查,nanning_flood_20260706_0707,2026-07-07,dispatch_v3,074f2c6841becf074f14d90e06a2e9672972f1ec,"LINESTRING (109.03494 23.132149, 109.034914 23.131834)"
gis_osm_roads_free,<NA>,521885878,secondary,roads:gis_osm_roads_free:521885878:secondary,OGC:CRS84,450126,OpenStreetMap,real,kept,<NA>,,secondary,X495,B,0,F,F,0,109.0606544,23.1595955,,derived_from_source_layer_osm_id_fclass,smartbidata_task06_20260810,team_shared,team_shared_source,广西壮族自治区,南宁市,宾阳县,7691.031157114,539.1829194970878,0.07010541349820926,3,True,True,False,False,疑似受影响，需现场核查,Task_20洪涝范围相交筛查；道路通行状态需现场核查,nanning_flood_20260706_0707,2026-07-07,dispatch_v3,074f2c6841becf074f14d90e06a2e9672972f1ec,"LINESTRING (109.032626 23.138851, 109.032777 23.139042, 109.033101 23.140084, 109.033309 23.140392, 109.033496 23.14061, 109.034361 23.141299, 109.034594 23.14142, 109.035252 23.141662, 109.035804 23.141969, 109.036735 23.142379, 109.038223 23.143179, 109.039346 23.14364, 109.039705 23.143816, 109.040353 23.144166, 109.041218 23.144412, 109.041785 23.144454, 109.041998 23.144552, 109.042565 23.144854, 109.043071 23.14525, 109.043329 23.145403, 109.043678 23.145506, 109.044386 23.145645, 109.044973 23.145831, 109.045961 23.146207, 109.046057 23.146244, 109.046553 23.146398, 109.047414 23.146636, 109.04751 23.146663, 109.047768 23.146709, 109.048257 23.146734, 109.048325 23.146737, 109.048612 23.146792, 109.048765 23.146821, 109.048806 23.146832, 109.049008 23.14689, 109.049168 23.146935, 109.049307 23.146975, 109.049605 23.147138, 109.050132 23.147612, 109.050557 23.148161, 109.050775 23.148408, 109.051043 23.14871, 109.051534 23.149218, 109.052156 23.149976, 109.053376 23.150958, 109.053816 23.151377, 109.054646 23.152029, 109.054935 23.152378, 109.055846 23.153504, 109.056312 23.154109, 109.056529 23.154304, 109.057137 23.154719, 109.057678 23.155193, 109.057952 23.155594, 109.058427 23.156408, 109.058797 23.15718, 109.060654 23.159596, 109.060786 23.159838, 109.060983 23.160196, 109.06113 23.160294, 109.061328 23.160373, 109.063261 23.160852, 109.063433 23.160912, 109.063515 23.160983, 109.063595 23.161052, 109.063605 23.161396, 109.063519 23.161801, 109.063145 23.162513, 109.062877 23.162898, 109.062831 23.162965, 109.06279 23.163132, 109.062836 23.163318, 109.063008 23.163504, 109.063393 23.163835, 109.063792 23.16404, 109.064359 23.164524, 109.064987 23.165147, 109.065478 23.165529, 109.065858 23.165934, 109.066045 23.166268, 109.066323 23.167469, 109.066627 23.168367, 109.066946 23.169121, 109.067553 23.170512, 109.067801 23.17122, 109.067912 23.171773, 109.068019 23.172038, 109.068267 23.172555, 109.068414 23.172988, 109.068601 23.173662, 109.068697 23.173867, 109.068844 23.174146, 109.068915 23.174351, 109.068839 23.174923, 109.068915 23.175384, 109.069249 23.176608, 109.069583 23.17772, 109.069724 23.17886, 109.069937 23.179879, 109.070261 23.1806, 109.070792 23.182103, 109.07089 23.182417, 109.07099 23.182736, 109.071253 23.183466, 109.071567 23.184773, 109.071688 23.185597, 109.071744 23.186071, 109.071628 23.186406, 109.071258 23.186834, 109.070767 23.187248, 109.070458 23.187463, 109.070337 23.187579, 109.070089 23.18804, 109.069135 23.189436)"
gis_osm_roads_free,<NA>,913508528,tertiary,roads:gis_osm_roads_free:913508528:tertiary,OGC:CRS84,450126,OpenStreetMap,real,kept,<NA>,,tertiary,,B,0,F,F,0,109.0176344,23.1636996,,derived_from_source_layer_osm_id_fclass,smartbidata_task06_20260810,team_shared,team_shared_source,广西壮族自治区,南宁市,宾阳县,4056.25395203847,940.614565368309,0.23189242500351914,4,True,True,False,False,疑似受影响，需现场核查,Task_20洪涝范围相交筛查；道路通行状态需现场核查,nanning_flood_20260706_0707,2026-07-07,dispatch_v3,074f2c6841becf074f14d90e06a2e9672972f1ec,"LINESTRING (109.010172 23.150827, 109.010301 23.150866, 109.0122 23.150985, 109.012533 23.150886, 109.012635 23.150876, 109.012683 23.150925, 109.012817 23.15134, 109.012903 23.151532, 109.013171 23.151961, 109.013252 23.152149, 109.013456 23.152938, 109.013439 23.153017, 109.013305 23.153145, 109.012983 23.153342, 109.013107 23.153574, 109.013225 23.153776, 109.013364 23.153993, 109.013461 23.154161, 109.013509 23.15421, 109.013536 23.15425, 109.013606 23.154279, 109.013901 23.154269, 109.013949 23.154255, 109.014169 23.154461, 109.014341 23.154659, 109.014459 23.154753, 109.014534 23.154797, 109.014963 23.15496, 109.015285 23.155038, 109.015478 23.155315, 109.015499 23.155413, 109.015639 23.155744, 109.015623 23.155951, 109.015607 23.156375, 109.015392 23.156696, 109.015135 23.157332, 109.015016 23.157959, 109.01462 23.159133, 109.014577 23.159399, 109.014577 23.159616, 109.014598 23.159784, 109.014652 23.159932, 109.014705 23.159991, 109.01478 23.16004, 109.015242 23.160252, 109.015569 23.160568, 109.015988 23.161096, 109.016277 23.161313, 109.016562 23.1615, 109.016647 23.161584, 109.016819 23.161969, 109.017136 23.162565, 109.017634 23.1637, 109.017806 23.164084, 109.017988 23.164642, 109.018149 23.164834, 109.018348 23.165036, 109.018638 23.165633, 109.018777 23.165864, 109.018949 23.166289, 109.018986 23.166792, 109.019083 23.167329, 109.019072 23.167536, 109.018976 23.167911, 109.0189 23.168547, 109.019018 23.169006, 109.018986 23.169361, 109.019254 23.170046, 109.019555 23.171028, 109.019533 23.172221, 109.019474 23.172625, 109.019453 23.172714, 109.019212 23.17334, 109.018782 23.174297, 109.018638 23.174608, 109.018568 23.174716, 109.018483 23.17503, 109.018523 23.175167, 109.018543 23.175238, 109.01875 23.175535, 109.018666 23.175673, 109.018278 23.176304, 109.018166 23.176422, 109.017929 23.17662, 109.017822 23.176822, 109.017844 23.177049, 109.01742 23.17768, 109.016669 23.178489, 109.016197 23.179228, 109.016106 23.179559, 109.016041 23.180839)"
gis_osm_roads_free,<NA>,913508535,tertiary,roads:gis_osm_roads_free:913508535:tertiary,OGC:CRS84,450126,OpenStreetMap,real,kept,<NA>,,tertiary,,B,0,F,F,0,109.0065623,23.1569081,,derived_from_source_layer_osm_id_fclass,smartbidata_task06_20260810,team_shared,team_shared_source,广西壮族自治区,南宁市,宾阳县,6316.05460821058,1543.0353298940224,0.24430367145466847,3,True,True,False,False,疑似受影响，需现场核查,Task_20洪涝范围相交筛查；道路通行状态需现场核查,nanning_flood_20260706_0707,2026-07-07,dispatch_v3,074f2c6841becf074f14d90e06a2e9672972f1ec,"LINESTRING (109.011893 23.180297, 109.0118 23.18019, 109.011646 23.180107, 109.011589 23.180017, 109.011471 23.179825, 109.010768 23.178336, 109.010736 23.178301, 109.010435 23.177591, 109.010178 23.177108, 109.008799 23.174164, 109.007962 23.172413, 109.007721 23.172058, 109.007678 23.172063, 109.007571 23.172142, 109.007372 23.171994, 109.006128 23.171146, 109.005806 23.170978, 109.005366 23.170801, 109.005124 23.170672, 109.004652 23.170298, 109.0044 23.170032, 109.004336 23.169962, 109.004309 23.169913, 109.004245 23.169864, 109.003805 23.169376, 109.003655 23.169272, 109.003499 23.169055, 109.003279 23.168838, 109.003032 23.168636, 109.002957 23.168567, 109.002603 23.167931, 109.002544 23.167654, 109.002635 23.166654, 109.002619 23.164775, 109.002705 23.161707, 109.002753 23.161441, 109.002807 23.161333, 109.003445 23.160568, 109.004695 23.159118, 109.005624 23.158003, 109.006562 23.156908, 109.006755 23.156661, 109.007898 23.155359, 109.007973 23.155236, 109.008059 23.155024, 109.008456 23.15422, 109.009282 23.152577, 109.009566 23.152059, 109.010172 23.150827, 109.009834 23.150698, 109.008542 23.150348, 109.008037 23.150146, 109.007496 23.149845, 109.007689 23.149316, 109.007705 23.149104, 109.007088 23.148197, 109.006809 23.14792, 109.006643 23.147684, 109.006267 23.146746, 109.006138 23.146135, 109.006122 23.145804, 109.006133 23.145568, 109.006042 23.145217, 109.005978 23.145104, 109.005962 23.144635, 109.005843 23.144413, 109.005629 23.144157, 109.005511 23.143989, 109.005446 23.143821, 109.005361 23.143422, 109.0052 23.143032, 109.005275 23.142564, 109.005393 23.142134, 109.005355 23.141577, 109.00542 23.141064, 109.00542 23.140832, 109.005559 23.140576, 109.005586 23.140428, 109.005554 23.140329, 109.005409 23.140068, 109.005344 23.139939, 109.004964 23.139249, 109.004749 23.138923, 109.004545 23.138445, 109.004481 23.138198, 109.004454 23.138001, 109.004427 23.137714, 109.004352 23.137463, 109.004191 23.136703, 109.003982 23.136254, 109.003934 23.136195, 109.002877 23.133852, 109.002405 23.132742, 109.002002 23.131707)"
gis_osm_roads_free,<NA>,913508542,tertiary,roads:gis_osm_roads_free:913508542:tertiary,OGC:CRS84,450126,OpenStreetMap,real,kept,<NA>,,tertiary,,B,0,F,F,0,108.9941865,23.1611205,,derived_from_source_layer_osm_id_fclass,smartbidata_task06_20260810,team_shared,team_shared_source,广西壮族自治区,南宁市,宾阳县,4450.647847563484,1278.4586201463728,0.2872522526908678,4,True,True,False,False,疑似受影响，需现场核查,Task_20洪涝范围相交筛查；道路通行状态需现场核查,nanning_flood_20260706_0707,2026-07-07,dispatch_v3,074f2c6841becf074f14d90e06a2e9672972f1ec,"LINESTRING (109.000783 23.178748, 109.000678 23.178632, 109.000506 23.17854, 109.000446 23.178475, 109.000416 23.177749, 109.000141 23.174401, 109.000152 23.174263, 108.999894 23.170406, 108.999862 23.170189, 108.999583 23.169829, 108.999299 23.169218, 108.999079 23.168966, 108.998768 23.168503, 108.998585 23.168325, 108.998537 23.168276, 108.998489 23.168227, 108.998301 23.168005, 108.99769 23.167216, 108.997421 23.166821, 108.997303 23.166584, 108.997217 23.166313, 108.997116 23.165731, 108.996906 23.16508, 108.996735 23.164158, 108.996681 23.16406, 108.996542 23.163887, 108.996327 23.163714, 108.995807 23.163113, 108.995635 23.162886, 108.995544 23.162679, 108.995388 23.16256, 108.99497 23.162383, 108.994471 23.161678, 108.994422 23.161515, 108.99438 23.161466, 108.994186 23.16112, 108.994042 23.160899, 108.993779 23.160568, 108.993291 23.159864, 108.993062 23.159499, 108.993039 23.159263, 108.992946 23.158705, 108.992857 23.157979, 108.99274 23.157262, 108.992689 23.156837, 108.992693 23.1563, 108.992595 23.155678, 108.992693 23.155111, 108.992735 23.154883, 108.992689 23.154368, 108.992687 23.153646, 108.992602 23.152937, 108.992602 23.152579, 108.992645 23.151857, 108.992524 23.151004, 108.992482 23.150568, 108.992128 23.150535, 108.991916 23.150418, 108.991682 23.15006, 108.991519 23.149761, 108.991448 23.149527, 108.991172 23.14885, 108.990925 23.148244, 108.990804 23.14788, 108.991031 23.147704, 108.99101 23.147222, 108.991257 23.146708, 108.991647 23.146175, 108.992107 23.145302, 108.992489 23.144801, 108.992376 23.144294, 108.992241 23.144053, 108.992085 23.14348, 108.992057 23.143265, 108.991972 23.14307, 108.991186 23.142217)"
gis_osm_roads_free,<NA>,913508544,track,roads:gis_osm_roads_free:913508544:track,OGC:CRS84,450126,OpenStreetMap,real,kept,<NA>,,track,,B,0,F,F,0,109.0079944,23.1612191,,derived_from_source_layer_osm_id_fclass,smartbidata_task06_20260810,team_shared,team_shared_source,广西壮族自治区,南宁市,宾阳县,574.1448733762052,129.85480104056106,0.22617079253353262,2,True,True,False,False,疑似受影响，需现场核查,Task_20洪涝范围相交筛查；道路通行状态需现场核查,nanning_flood_20260706_0707,2026-07-07,dispatch_v3,074f2c6841becf074f14d90e06a2e9672972f1ec,"LINESTRING (109.008982 23.163438, 109.008826 23.163142, 109.008783 23.162605, 109.008729 23.162339, 109.008622 23.162126, 109.008504 23.162013, 109.008381 23.161924, 109.0083 23.161836, 109.008188 23.16148, 109.008102 23.161338, 109.007994 23.161219, 109.007785 23.16083, 109.007705 23.160568, 109.007496 23.159735, 109.007453 23.159419, 109.00742 23.158876, 109.007372 23.1586)"
gis_osm_roads_free,<NA>,913512588,residential,roads:gis_osm_roads_free:913512588:residential,OGC:CRS84,450126,OpenStreetMap,real,kept,<NA>,,residential,,B,0,F,F,0,109.0154457,23.1537072,,derived_from_source_layer_osm_id_fclass,smartbidata_task06_20260810,team_shared,team_shared_source,广西壮族自治区,南宁市,宾阳县,1112.659707527298,188.86181723967812,0.16973906394021604,2,True,True,False,False,疑似受影响，需现场核查,Task_20洪涝范围相交筛查；道路通行状态需现场核查,nanning_flood_20260706_0707,2026-07-07,dispatch_v3,074f2c6841becf074f14d90e06a2e9672972f1ec,"LINESTRING (109.018471 23.149702, 109.017828 23.150427, 109.0172 23.151335, 109.016905 23.151611, 109.01669 23.151853, 109.016508 23.152124, 109.016417 23.152346, 109.015794 23.153303, 109.015446 23.153707, 109.015 23.154087, 109.014459 23.154753, 109.014368 23.155049, 109.014368 23.155364, 109.013895 23.155532, 109.013734 23.155695, 109.013643 23.155912, 109.013751 23.156489, 109.014088 23.156884, 109.014421 23.15716, 109.014866 23.157189, 109.015135 23.157332)"
gis_osm_roads_free,<NA>,995794785,unclassified,roads:gis_osm_roads_free:995794785:unclassified,OGC:CRS84,450126,OpenStreetMap,real,kept,<NA>,,unclassified,,B,0,F,F,0,109.0568924,23.1735551,,derived_from_source_layer_osm_id_fclass,smartbidata_task06_20260810,team_shared,team_shared_source,广西壮族自治区,南宁市,宾阳县,2768.730761666053,191.83023195068336,0.06928453810194664,2,True,True,False,False,疑似受影响，需现场核查,Task_20洪涝范围相交筛查；道路通行状态需现场核查,nanning_flood_20260706_0707,2026-07-07,dispatch_v3,074f2c6841becf074f14d90e06a2e9672972f1ec,"LINESTRING (109.054479 23.184707, 109.054342 23.18341, 109.054356 23.182106, 109.054278 23.181592, 109.054095 23.180862, 109.053458 23.180516, 109.053601 23.179535, 109.053484 23.179116, 109.053666 23.178566, 109.054017 23.177884, 109.05446 23.177251, 109.054637 23.177106, 109.055266 23.176593, 109.056333 23.175206, 109.056892 23.173555, 109.057816 23.172383, 109.05861 23.17194, 109.05952 23.170936, 109.05995 23.170123, 109.060132 23.168986, 109.06034 23.16846, 109.060587 23.167539, 109.060587 23.167073, 109.06047 23.166534, 109.060704 23.165865, 109.060977 23.165302, 109.061836 23.16419, 109.062311 23.163466, 109.06233 23.163437, 109.062877 23.162898)"
gis_osm_roads_free,<NA>,1376070820,unclassified,roads:gis_osm_roads_free:1376070820:unclassified,OGC:CRS84,450126,OpenStreetMap,real,kept,<NA>,,unclassified,,B,0,F,F,0,109.0350509,23.1332755,,derived_from_source_layer_osm_id_fclass,smartbidata_task06_20260810,team_shared,team_shared_source,广西壮族自治区,南宁市,宾阳县,461.5219273962696,28.967690494470123,0.0627655779171637,1,True,False,False,False,疑似受影响，需现场核查,Task_20洪涝范围相交筛查；道路通行状态需现场核查,nanning_flood_20260706_0707,2026-07-07,dispatch_v3,074f2c6841becf074f14d90e06a2e9672972f1ec,"LINESTRING (109.035335 23.136299, 109.035051 23.133276, 109.03494 23.132149)"
gis_osm_roads_free,<NA>,527288868,trunk,roads:gis_osm_roads_free:527288868:trunk,OGC:CRS84,450126,OpenStreetMap,real,kept,<NA>,南宁—宾阳—黎塘一级公路,trunk,G358,B,0,F,F,0,108.9783052,23.1786393,,derived_from_source_layer_osm_id_fclass,smartbidata_task06_20260810,team_shared,team_shared_source,广西壮族自治区,南宁市,宾阳县,4504.413143566876,66.61197901999819,0.014788159277781224,1,True,False,False,False,疑似受影响，需现场核查,Task_20洪涝范围相交筛查；道路通行状态需现场核查,nanning_flood_20260706_0707,2026-07-07,dispatch_v3,074f2c6841becf074f14d90e06a2e9672972f1ec,"LINESTRING (109.00012 23.178666, 108.999935 23.178652, 108.997684 23.17852, 108.997486 23.178506, 108.99654 23.178442, 108.9951 23.178338, 108.993942 23.178266, 108.992174 23.178149, 108.990994 23.178081, 108.988903 23.177931, 108.98629 23.177744, 108.984688 23.177649, 108.983286 23.177634, 108.982021 23.177714, 108.981208 23.177845, 108.980368 23.178006, 108.979666 23.178191, 108.978942 23.178399, 108.978305 23.178639, 108.977686 23.178899, 108.97632 23.179551, 108.975069 23.180199, 108.97099 23.182203, 108.968555 23.18344, 108.961201 23.187193, 108.960316 23.18773, 108.959054 23.188481)"
gis_osm_roads_free,<NA>,842708284,residential,roads:gis_osm_roads_free:842708284:residential,OGC:CRS84,450126,OpenStreetMap,real,kept,<NA>,,residential,,B,0,F,F,0,108.9651007,23.1752981,,derived_from_source_layer_osm_id_fclass,smartbidata_task06_20260810,team_shared,team_shared_source,广西壮族自治区,南宁市,宾阳县,3340.819486629828,57.995438152848564,0.017359644358203127,1,True,False,False,False,疑似受影响，需现场核查,Task_20洪涝范围相交筛查；道路通行状态需现场核查,nanning_flood_20260706_0707,2026-07-07,dispatch_v3,074f2c6841becf074f14d90e06a2e9672972f1ec,"LINESTRING (108.961445 23.162201, 108.961319 23.162235, 108.960986 23.162388, 108.960616 23.162501, 108.960396 23.162639, 108.960069 23.162733, 108.959506 23.163083, 108.959591 23.163256, 108.959946 23.164178, 108.959977 23.164275, 108.960047 23.164439, 108.96016 23.164799, 108.961496 23.168212, 108.962349 23.169893, 108.96237 23.169962, 108.96303 23.171225, 108.964516 23.174134, 108.964875 23.174923, 108.965101 23.175298, 108.965315 23.175594, 108.965492 23.175801, 108.966351 23.176817, 108.967418 23.178055, 108.96744 23.178099, 108.968008 23.178711, 108.968545 23.179371, 108.97099 23.182203, 108.971074 23.182318, 108.971388 23.182991, 108.971779 23.183726, 108.971817 23.183824, 108.971838 23.183893, 108.971854 23.183918, 108.971897 23.183997, 108.971924 23.184066, 108.97194 23.184086, 108.971978 23.18415, 108.971999 23.184209, 108.97201 23.184224, 108.972048 23.184298, 108.97209 23.184392, 108.972112 23.184421, 108.972176 23.184549, 108.972251 23.184727, 108.972289 23.184796, 108.972332 23.18487, 108.972364 23.184954, 108.972386 23.184993, 108.972444 23.185092, 108.972589 23.185398, 108.972611 23.185437, 108.972686 23.185565, 108.972804 23.185817, 108.97289 23.185979, 108.972922 23.186019, 108.972933 23.186063, 108.972949 23.186098, 108.972981 23.186137, 108.973035 23.186251, 108.973099 23.186359, 108.973228 23.186635, 108.973346 23.186887, 108.973362 23.186902, 108.973378 23.186916, 108.973389 23.186971, 108.973555 23.187336, 108.973727 23.187696)"
gis_osm_roads_free,<NA>,842708283,residential,roads:gis_osm_roads_free:842708283:residential,OGC:CRS84,450126,OpenStreetMap,real,kept,<NA>,,residential,,B,0,F,F,0,108.9612222,23.185575,,derived_from_source_layer_osm_id_fclass,smartbidata_task06_20260810,team_shared,team_shared_source,广西壮族自治区,南宁市,宾阳县,2489.476365289145,174.08438298967837,0.06992811236007014,1,True,True,False,False,疑似受影响，需现场核查,Task_20洪涝范围相交筛查；道路通行状态需现场核查,nanning_flood_20260706_0707,2026-07-07,dispatch_v3,074f2c6841becf074f14d90e06a2e9672972f1ec,"LINESTRING (108.960573 23.176348, 108.960798 23.176358, 108.960927 23.176437, 108.961437 23.177029, 108.961608 23.177138, 108.961737 23.17728, 108.962161 23.17807, 108.962316 23.178405, 108.962327 23.178696, 108.962102 23.179371, 108.961598 23.181364, 108.961437 23.18235, 108.961405 23.182695, 108.961415 23.183524, 108.96133 23.184076, 108.961276 23.184835, 108.961244 23.185082, 108.961222 23.185575, 108.961094 23.186758, 108.961115 23.187133, 108.961201 23.187193, 108.961372 23.187321, 108.961469 23.187454, 108.961582 23.187715, 108.96156 23.188948, 108.961539 23.189126, 108.961549 23.189343, 108.961576 23.189436, 108.961549 23.189619, 108.961421 23.18992, 108.961506 23.190176, 108.961866 23.190521, 108.962209 23.190674, 108.962756 23.191024, 108.963379 23.19136, 108.963883 23.191808, 108.963974 23.191951, 108.96428 23.192375, 108.964307 23.192439, 108.964382 23.192513, 108.964457 23.192587, 108.964532 23.192656, 108.964575 23.192691, 108.964618 23.19274, 108.964596 23.192804, 108.964543 23.192883, 108.964403 23.193016, 108.964264 23.193204, 108.964264 23.193248, 108.964264 23.193288, 108.964253 23.193317, 108.964232 23.193347, 108.964135 23.193362, 108.963883 23.193362, 108.963636 23.193357, 108.963416 23.193357, 108.962499 23.193312, 108.962408 23.193145, 108.962381 23.192923, 108.962424 23.192913, 108.962992 23.192957, 108.963454 23.192957)"
gis_osm_roads_free,<NA>,842708286,residential,roads:gis_osm_roads_free:842708286:residential,OGC:CRS84,450126,OpenStreetMap,real,kept,<NA>,,residential,,B,0,F,F,0,108.9753735,23.1882527,,derived_from_source_layer_osm_id_fclass,smartbidata_task06_20260810,team_shared,team_shared_source,广西壮族自治区,南宁市,宾阳县,1483.2270546052305,99.9581902040469,0.06739237252562882,1,True,False,False,False,疑似受影响，需现场核查,Task_20洪涝范围相交筛查；道路通行状态需现场核查,nanning_flood_20260706_0707,2026-07-07,dispatch_v3,074f2c6841becf074f14d90e06a2e9672972f1ec,"LINESTRING (108.969312 23.186768, 108.970438 23.186931, 108.970851 23.187114, 108.971458 23.187296, 108.971533 23.187291, 108.971715 23.187188, 108.971833 23.187188, 108.972085 23.18736, 108.972477 23.187444, 108.972761 23.187567, 108.972986 23.187622, 108.973035 23.187656, 108.97311 23.187755, 108.97318 23.187804, 108.973437 23.187814, 108.973727 23.187696, 108.974129 23.187671, 108.974714 23.187725, 108.974789 23.18777, 108.974982 23.187977, 108.975116 23.188075, 108.975374 23.188253, 108.975663 23.188332, 108.975931 23.188342, 108.976307 23.188381, 108.976436 23.188371, 108.976473 23.188337, 108.976479 23.187912, 108.976505 23.187858, 108.976602 23.187834, 108.978077 23.187829, 108.978496 23.187878, 108.97952 23.187927, 108.979735 23.187972, 108.979778 23.187991, 108.979853 23.18808, 108.979735 23.188228, 108.979681 23.188351, 108.979483 23.189333, 108.97951 23.189456, 108.979606 23.189569, 108.980486 23.190151)"
gis_osm_roads_free,<NA>,527295662,tertiary,roads:gis_osm_roads_free:527295662:tertiary,OGC:CRS84,450126,OpenStreetMap,real,kept,<NA>,,tertiary,,B,0,F,F,0,108.9887361,23.1911329,,derived_from_source_layer_osm_id_fclass,smartbidata_task06_20260810,team_shared,team_shared_source,广西壮族自治区,南宁市,宾阳县,3398.4923626343234,147.93324336499848,0.043529079244517946,2,True,True,False,False,疑似受影响，需现场核查,Task_20洪涝范围相交筛查；道路通行状态需现场核查,nanning_flood_20260706_0707,2026-07-07,dispatch_v3,074f2c6841becf074f14d90e06a2e9672972f1ec,"LINESTRING (108.992174 23.178149, 108.992265 23.178379, 108.992561 23.178642, 108.992828 23.178829, 108.993258 23.179044, 108.993676 23.179231, 108.993741 23.179299, 108.993792 23.179352, 108.993798 23.179436, 108.993802 23.179496, 108.993742 23.179766, 108.993468 23.180739, 108.993261 23.181326, 108.99321 23.182056, 108.9932 23.182475, 108.993286 23.182894, 108.993266 23.183173, 108.993124 23.183439, 108.99281 23.18369, 108.992061 23.184202, 108.991651 23.184379, 108.991468 23.184518, 108.991398 23.184667, 108.991367 23.184947, 108.991382 23.18524, 108.991403 23.185631, 108.991352 23.18591, 108.991063 23.186617, 108.990888 23.187135, 108.990609 23.187958, 108.990465 23.188287, 108.990279 23.188491, 108.989706 23.188886, 108.98932 23.189248, 108.989141 23.189604, 108.989069 23.189841, 108.98903 23.190276, 108.988736 23.191133, 108.988589 23.191463, 108.988412 23.191812, 108.98824 23.192241, 108.988027 23.192622, 108.987825 23.193027, 108.987465 23.193548, 108.987085 23.194102, 108.987025 23.194316, 108.986954 23.194577, 108.986994 23.194754, 108.987116 23.19507, 108.987101 23.195359, 108.986989 23.195727, 108.986979 23.19615, 108.986883 23.196332, 108.986139 23.197286, 108.985663 23.197714, 108.984164 23.200097, 108.984052 23.200353, 108.984012 23.200818, 108.984083 23.201186, 108.984154 23.201535, 108.984235 23.202037, 108.984321 23.202498, 108.984372 23.203094, 108.984336 23.203922, 108.984296 23.204211, 108.984118 23.204453, 108.983794 23.204774, 108.983647 23.204909)"
gis_osm_roads_free,<NA>,1434838857,unclassified,roads:gis_osm_roads_free:1434838857:unclassified,OGC:CRS84,450126,OpenStreetMap,real,kept,<NA>,,unclassified,,B,0,F,F,0,108.9808077,23.162176,,derived_from_source_layer_osm_id_fclass,smartbidata_task06_20260810,team_shared,team_shared_source,广西壮族自治区,南宁市,宾阳县,2171.2465040461016,159.30351849279907,0.07336961427269459,1,True,True,False,False,疑似受影响，需现场核查,Task_20洪涝范围相交筛查；道路通行状态需现场核查,nanning_flood_20260706_0707,2026-07-07,dispatch_v3,074f2c6841becf074f14d90e06a2e9672972f1ec,"LINESTRING (108.974649 23.155931, 108.974944 23.155803, 108.975105 23.155764, 108.976106 23.155734, 108.976548 23.155754, 108.976779 23.155838, 108.976962 23.156025, 108.977063 23.156104, 108.977589 23.156336, 108.977691 23.15641, 108.977857 23.156637, 108.97805 23.156804, 108.97819 23.156893, 108.978356 23.156952, 108.978571 23.157031, 108.978807 23.157515, 108.97907 23.158122, 108.979268 23.1586, 108.979767 23.159656, 108.980084 23.160563, 108.980808 23.162176, 108.98099 23.162541, 108.982428 23.164474, 108.983216 23.16552, 108.983876 23.166348, 108.984375 23.167019, 108.985035 23.167877, 108.985142 23.167991, 108.986065 23.169179, 108.986483 23.169623, 108.987154 23.17017)"
gis_osm_roads_free,<NA>,913508545,residential,roads:gis_osm_roads_free:913508545:residential,OGC:CRS84,450126,OpenStreetMap,real,kept,<NA>,,residential,,B,0,F,F,0,109.0099846,23.1654256,,derived_from_source_layer_osm_id_fclass,smartbidata_task06_20260810,team_shared,team_shared_source,广西壮族自治区,南宁市,宾阳县,667.7246015908748,28.365668827748834,0.04248108989868987,1,True,False,False,False,疑似受影响，需现场核查,Task_20洪涝范围相交筛查；道路通行状态需现场核查,nanning_flood_20260706_0707,2026-07-07,dispatch_v3,074f2c6841becf074f14d90e06a2e9672972f1ec,"LINESTRING (109.008965 23.167768, 109.009368 23.167156, 109.009512 23.166841, 109.009588 23.16658, 109.00991 23.165643, 109.009985 23.165426, 109.010194 23.1651, 109.010242 23.164982, 109.010264 23.164839, 109.010226 23.164701, 109.010162 23.164602, 109.009512 23.163867, 109.009434 23.163804, 109.008982 23.163438, 109.00852 23.163749, 109.00845 23.163769, 109.008322 23.163759, 109.00807 23.163631)"
gis_osm_roads_free,<NA>,913508550,residential,roads:gis_osm_roads_free:913508550:residential,OGC:CRS84,450126,OpenStreetMap,real,kept,<NA>,,residential,,B,0,F,F,0,109.0039122,23.1659878,,derived_from_source_layer_osm_id_fclass,smartbidata_task06_20260810,team_shared,team_shared_source,广西壮族自治区,南宁市,宾阳县,330.0301822013101,148.4663152286783,0.4498567804871786,1,True,True,False,False,疑似受影响，需现场核查,Task_20洪涝范围相交筛查；道路通行状态需现场核查,nanning_flood_20260706_0707,2026-07-07,dispatch_v3,074f2c6841becf074f14d90e06a2e9672972f1ec,"LINESTRING (109.005328 23.165199, 109.005168 23.165312, 109.005039 23.16549, 109.004583 23.165707, 109.004395 23.165874, 109.004314 23.165919, 109.003912 23.165988, 109.003724 23.166076, 109.003167 23.166555, 109.002635 23.166654)"
gis_osm_roads_free,<NA>,913508548,residential,roads:gis_osm_roads_free:913508548:residential,OGC:CRS84,450126,OpenStreetMap,real,kept,<NA>,,residential,,B,0,F,F,0,109.0073131,23.1659976,,derived_from_source_layer_osm_id_fclass,smartbidata_task06_20260810,team_shared,team_shared_source,广西壮族自治区,南宁市,宾阳县,503.6206240188588,28.24659594428305,0.0560870516359658,1,True,False,False,False,疑似受影响，需现场核查,Task_20洪涝范围相交筛查；道路通行状态需现场核查,nanning_flood_20260706_0707,2026-07-07,dispatch_v3,074f2c6841becf074f14d90e06a2e9672972f1ec,"LINESTRING (109.005328 23.165199, 109.005623 23.165524, 109.005779 23.165578, 109.006069 23.165588, 109.006122 23.165603, 109.006498 23.165618, 109.007238 23.165978, 109.007313 23.165998, 109.008053 23.166318, 109.008204 23.166412, 109.008214 23.166456, 109.008547 23.16693, 109.008965 23.167768)"
gis_osm_roads_free,<NA>,913508536,residential,roads:gis_osm_roads_free:913508536:residential,OGC:CRS84,450126,OpenStreetMap,real,kept,<NA>,,residential,,B,0,F,F,0,109.0095769,23.1712939,,derived_from_source_layer_osm_id_fclass,smartbidata_task06_20260810,team_shared,team_shared_source,广西壮族自治区,南宁市,宾阳县,826.3488745017374,210.01607102026463,0.25414940045377055,2,True,True,False,False,疑似受影响，需现场核查,Task_20洪涝范围相交筛查；道路通行状态需现场核查,nanning_flood_20260706_0707,2026-07-07,dispatch_v3,074f2c6841becf074f14d90e06a2e9672972f1ec,"LINESTRING (109.008965 23.167768, 109.008869 23.168167, 109.008922 23.168281, 109.00911 23.168414, 109.009158 23.168473, 109.00918 23.168838, 109.009169 23.169494, 109.009378 23.169953, 109.009405 23.170174, 109.009588 23.170564, 109.009555 23.17088, 109.009577 23.171294, 109.009555 23.171521, 109.009555 23.171767, 109.009405 23.172783, 109.009405 23.173148, 109.009094 23.173651, 109.008912 23.17408, 109.008799 23.174164, 109.008633 23.174174, 109.008466 23.174184, 109.008343 23.174203, 109.008096 23.174248, 109.008053 23.174253)"
gis_osm_roads_free,<NA>,913508541,residential,roads:gis_osm_roads_free:913508541:residential,OGC:CRS84,450126,OpenStreetMap,real,kept,<NA>,,residential,,B,0,F,F,0,109.0015626,23.1687592,,derived_from_source_layer_osm_id_fclass,smartbidata_task06_20260810,team_shared,team_shared_source,广西壮族自治区,南宁市,宾阳县,375.97030522327736,148.99318783658657,0.39628977546007,1,True,True,False,False,疑似受影响，需现场核查,Task_20洪涝范围相交筛查；道路通行状态需现场核查,nanning_flood_20260706_0707,2026-07-07,dispatch_v3,074f2c6841becf074f14d90e06a2e9672972f1ec,"LINESTRING (108.999862 23.170189, 109.001563 23.168759, 109.002603 23.167931)"
gis_osm_roads_free,<NA>,913508540,residential,roads:gis_osm_roads_free:913508540:residential,OGC:CRS84,450126,OpenStreetMap,real,kept,<NA>,,residential,,B,0,F,F,0,109.0020937,23.1739272,,derived_from_source_layer_osm_id_fclass,smartbidata_task06_20260810,team_shared,team_shared_source,广西壮族自治区,南宁市,宾阳县,993.2365996501144,417.11588037987053,0.4199562123735746,2,True,True,False,False,疑似受影响，需现场核查,Task_20洪涝范围相交筛查；道路通行状态需现场核查,nanning_flood_20260706_0707,2026-07-07,dispatch_v3,074f2c6841becf074f14d90e06a2e9672972f1ec,"LINESTRING (108.999894 23.170406, 108.999953 23.170451, 109.000549 23.171491, 109.000694 23.171891, 109.000871 23.172157, 109.000924 23.17228, 109.001117 23.173296, 109.001214 23.173439, 109.00137 23.173552, 109.00153 23.173641, 109.001927 23.173794, 109.002094 23.173927, 109.00256 23.174864, 109.002571 23.174923, 109.002823 23.175436, 109.002925 23.175604, 109.003118 23.175811, 109.003199 23.176013, 109.003215 23.176077, 109.003349 23.176353, 109.00344 23.17658, 109.003644 23.17692, 109.003826 23.177172, 109.00417 23.177581, 109.004508 23.177941, 109.00454 23.177996)"
gis_osm_roads_free,<NA>,913508534,residential,roads:gis_osm_roads_free:913508534:residential,OGC:CRS84,450126,OpenStreetMap,real,kept,<NA>,,residential,,B,0,F,F,0,109.0079785,23.1714566,,derived_from_source_layer_osm_id_fclass,smartbidata_task06_20260810,team_shared,team_shared_source,广西壮族自治区,南宁市,宾阳县,133.68874016024134,120.63264149174739,0.9023395788392896,1,True,True,False,False,疑似受影响，需现场核查,Task_20洪涝范围相交筛查；道路通行状态需现场核查,nanning_flood_20260706_0707,2026-07-07,dispatch_v3,074f2c6841becf074f14d90e06a2e9672972f1ec,"LINESTRING (109.007962 23.170929, 109.007978 23.171457, 109.00793 23.171822, 109.007882 23.17192, 109.007721 23.172058)"
gis_osm_roads_free,<NA>,913508533,residential,roads:gis_osm_roads_free:913508533:residential,OGC:CRS84,450126,OpenStreetMap,real,kept,<NA>,,residential,,B,0,F,F,0,109.0073991,23.1730199,,derived_from_source_layer_osm_id_fclass,smartbidata_task06_20260810,team_shared,team_shared_source,广西壮族自治区,南宁市,宾阳县,209.43995926872924,133.6397285219699,0.6380813336126502,1,True,True,False,False,疑似受影响，需现场核查,Task_20洪涝范围相交筛查；道路通行状态需现场核查,nanning_flood_20260706_0707,2026-07-07,dispatch_v3,074f2c6841becf074f14d90e06a2e9672972f1ec,"LINESTRING (109.007571 23.172142, 109.00741 23.172418, 109.007335 23.172734, 109.007399 23.17302, 109.007378 23.17337, 109.007447 23.17373, 109.00756 23.173952)"
gis_osm_roads_free,<NA>,913508537,residential,roads:gis_osm_roads_free:913508537:residential,OGC:CRS84,450126,OpenStreetMap,real,kept,<NA>,,residential,,B,0,F,F,0,109.0103227,23.1744056,,derived_from_source_layer_osm_id_fclass,smartbidata_task06_20260810,team_shared,team_shared_source,广西壮族自治区,南宁市,宾阳县,275.6141247807144,120.04630325213857,0.43555932899901434,1,True,True,False,False,疑似受影响，需现场核查,Task_20洪涝范围相交筛查；道路通行状态需现场核查,nanning_flood_20260706_0707,2026-07-07,dispatch_v3,074f2c6841becf074f14d90e06a2e9672972f1ec,"LINESTRING (109.011326 23.174336, 109.011197 23.174499, 109.011063 23.174583, 109.010902 23.174628, 109.010768 23.174628, 109.010666 23.174598, 109.010521 23.174499, 109.010323 23.174406, 109.009985 23.174174, 109.009722 23.174179, 109.008912 23.17408)"
gis_osm_roads_free,<NA>,913508538,residential,roads:gis_osm_roads_free:913508538:residential,OGC:CRS84,450126,OpenStreetMap,real,kept,<NA>,,residential,,B,0,F,F,0,109.0048885,23.1811418,,derived_from_source_layer_osm_id_fclass,smartbidata_task06_20260810,team_shared,team_shared_source,广西壮族自治区,南宁市,宾阳县,1783.7820993317068,150.71435156618597,0.08449145869478734,1,True,True,False,False,疑似受影响，需现场核查,Task_20洪涝范围相交筛查；道路通行状态需现场核查,nanning_flood_20260706_0707,2026-07-07,dispatch_v3,074f2c6841becf074f14d90e06a2e9672972f1ec,"LINESTRING (109.006884 23.174263, 109.006825 23.17444, 109.006873 23.174716, 109.007163 23.174687, 109.007217 23.174726, 109.007619 23.175234, 109.007582 23.175451, 109.007517 23.175609, 109.007485 23.175634, 109.007045 23.175732, 109.006809 23.175875, 109.006718 23.175988, 109.006616 23.17621, 109.006509 23.176521, 109.006509 23.17657, 109.006455 23.176738, 109.006374 23.176901, 109.006332 23.17694, 109.005763 23.177177, 109.005548 23.177335, 109.005259 23.177572, 109.00484 23.177838, 109.00454 23.177996, 109.004309 23.178301, 109.004239 23.17877, 109.004218 23.179036, 109.004223 23.179193, 109.004234 23.179342, 109.004213 23.179909, 109.004138 23.180254, 109.004111 23.180304, 109.004121 23.180614, 109.004416 23.180742, 109.004888 23.181142, 109.005618 23.182138, 109.006004 23.182606, 109.006267 23.183001, 109.006321 23.183075, 109.006407 23.183174, 109.006428 23.183223, 109.006541 23.183371, 109.006594 23.18342, 109.006659 23.183519, 109.006857 23.18381, 109.007008 23.183987, 109.007029 23.184036, 109.007115 23.18416, 109.007415 23.184475, 109.007453 23.184525, 109.007592 23.184638, 109.007791 23.184826, 109.007898 23.184949, 109.007952 23.184983, 109.008086 23.185121, 109.008139 23.185171, 109.008214 23.185245, 109.008531 23.18556, 109.008649 23.185703, 109.008783 23.185822, 109.009137 23.186196, 109.009186 23.186226, 109.009336 23.186394, 109.009352 23.186522)"
gis_osm_roads_free,<NA>,913512586,residential,roads:gis_osm_roads_free:913512586:residential,OGC:CRS84,450126,OpenStreetMap,real,kept,<NA>,,residential,,B,0,F,F,0,109.0262013,23.1778921,,derived_from_source_layer_osm_id_fclass,smartbidata_task06_20260810,team_shared,team_shared_source,广西壮族自治区,南宁市,宾阳县,1283.9691623173494,347.63790264359807,0.2707525327291894,1,True,True,False,False,疑似受影响，需现场核查,Task_20洪涝范围相交筛查；道路通行状态需现场核查,nanning_flood_20260706_0707,2026-07-07,dispatch_v3,074f2c6841becf074f14d90e06a2e9672972f1ec,"LINESTRING (109.02155 23.175318, 109.022044 23.175274, 109.022366 23.175348, 109.022425 23.175323, 109.022538 23.175185, 109.02265 23.175081, 109.022747 23.175081, 109.023197 23.175209, 109.023305 23.175269, 109.023406 23.175382, 109.023482 23.175416, 109.024479 23.175569, 109.025091 23.175989, 109.025461 23.176452, 109.025762 23.176738, 109.025826 23.176832, 109.025906 23.177078, 109.025981 23.177246, 109.026014 23.177502, 109.026201 23.177892, 109.02625 23.178094, 109.026287 23.178163, 109.026421 23.178287, 109.026566 23.178479, 109.026673 23.178725, 109.026716 23.178918, 109.026722 23.179233, 109.026754 23.179416, 109.026738 23.180022, 109.026775 23.180091, 109.026834 23.18016, 109.026995 23.180244, 109.027634 23.180446, 109.028014 23.180792, 109.02832 23.181, 109.028664 23.181276, 109.028728 23.18135, 109.028766 23.1814, 109.029066 23.181868, 109.029257 23.182213, 109.029324 23.18236)"
gis_osm_roads_free,<NA>,913508543,residential,roads:gis_osm_roads_free:913508543:residential,OGC:CRS84,450126,OpenStreetMap,real,kept,<NA>,,residential,,B,0,F,F,0,109.0023995,23.1774383,,derived_from_source_layer_osm_id_fclass,smartbidata_task06_20260810,team_shared,team_shared_source,广西壮族自治区,南宁市,宾阳县,349.2069690583765,255.0581452630087,0.7303924831476399,1,True,True,False,False,疑似受影响，需现场核查,Task_20洪涝范围相交筛查；道路通行状态需现场核查,nanning_flood_20260706_0707,2026-07-07,dispatch_v3,074f2c6841becf074f14d90e06a2e9672972f1ec,"LINESTRING (109.00344 23.17658, 109.003097 23.176748, 109.00299 23.176753, 109.002807 23.176713, 109.002625 23.176704, 109.002534 23.176738, 109.002496 23.176802, 109.002405 23.177221, 109.0024 23.177438, 109.00255 23.178622, 109.002536 23.178974)"
gis_osm_roads_free,<NA>,913508539,residential,roads:gis_osm_roads_free:913508539:residential,OGC:CRS84,450126,OpenStreetMap,real,kept,<NA>,,residential,,B,0,F,F,0,109.0081769,23.1781928,,derived_from_source_layer_osm_id_fclass,smartbidata_task06_20260810,team_shared,team_shared_source,广西壮族自治区,南宁市,宾阳县,607.949312684801,297.48343195234185,0.48932275396218083,1,True,True,False,False,疑似受影响，需现场核查,Task_20洪涝范围相交筛查；道路通行状态需现场核查,nanning_flood_20260706_0707,2026-07-07,dispatch_v3,074f2c6841becf074f14d90e06a2e9672972f1ec,"LINESTRING (109.010736 23.178301, 109.008177 23.178193, 109.006326 23.178089, 109.005693 23.177936, 109.005436 23.177902, 109.004883 23.177872, 109.00484 23.177838)"
gis_osm_roads_free,<NA>,995794801,unclassified,roads:gis_osm_roads_free:995794801:unclassified,OGC:CRS84,450126,OpenStreetMap,real,kept,<NA>,,unclassified,,B,0,F,F,0,109.094774,23.1867499,,derived_from_source_layer_osm_id_fclass,smartbidata_task06_20260810,team_shared,team_shared_source,广西壮族自治区,南宁市,宾阳县,1035.891412140641,670.8892083697937,0.6476443384962711,1,True,True,False,False,疑似受影响，需现场核查,Task_20洪涝范围相交筛查；道路通行状态需现场核查,nanning_flood_20260706_0707,2026-07-07,dispatch_v3,074f2c6841becf074f14d90e06a2e9672972f1ec,"LINESTRING (109.09213 23.193079, 109.094774 23.18675, 109.095148 23.186736, 109.095402 23.186736, 109.095955 23.186668, 109.096343 23.186461, 109.096672 23.186489, 109.09718 23.186558, 109.09745 23.186679)"
gis_osm_roads_free,<NA>,402679441,motorway,roads:gis_osm_roads_free:402679441:motorway,OGC:CRS84,450126,OpenStreetMap,real,kept,<NA>,柳南高速,motorway,G72,F,0,F,F,0,109.0438316,23.2027574,,derived_from_source_layer_osm_id_fclass,smartbidata_task06_20260810,team_shared,team_shared_source,广西壮族自治区,南宁市,宾阳县,3557.0024441408823,168.77936493124832,0.04744988725247091,2,True,True,False,False,疑似受影响，需现场核查,Task_20洪涝范围相交筛查；道路通行状态需现场核查,nanning_flood_20260706_0707,2026-07-07,dispatch_v3,074f2c6841becf074f14d90e06a2e9672972f1ec,"LINESTRING (109.038176 23.186582, 109.039614 23.190396, 109.040617 23.193039, 109.041039 23.194188, 109.041819 23.196215, 109.042521 23.198292, 109.043208 23.200486, 109.043832 23.202757, 109.044375 23.205031, 109.04483 23.207324, 109.046693 23.217619)"
gis_osm_roads_free,<NA>,521885875,motorway,roads:gis_osm_roads_free:521885875:motorway,OGC:CRS84,450126,OpenStreetMap,real,kept,<NA>,柳南高速,motorway,G72,F,0,F,F,0,109.0436515,23.2027998,,derived_from_source_layer_osm_id_fclass,smartbidata_task06_20260810,team_shared,team_shared_source,广西壮族自治区,南宁市,宾阳县,3547.0905210813303,161.01050376885084,0.04539227369922513,2,True,True,False,False,疑似受影响，需现场核查,Task_20洪涝范围相交筛查；道路通行状态需现场核查,nanning_flood_20260706_0707,2026-07-07,dispatch_v3,074f2c6841becf074f14d90e06a2e9672972f1ec,"LINESTRING (109.046501 23.217649, 109.044649 23.207373, 109.044192 23.205074, 109.043652 23.2028, 109.043044 23.200565, 109.042364 23.198369, 109.040853 23.194196, 109.040451 23.193096, 109.039193 23.189794, 109.038026 23.186694)"
gis_osm_roads_free,<NA>,1434331323,tertiary,roads:gis_osm_roads_free:1434331323:tertiary,OGC:CRS84,450126,OpenStreetMap,real,kept,<NA>,,tertiary,,B,0,F,F,0,109.061923,23.1993877,,derived_from_source_layer_osm_id_fclass,smartbidata_task06_20260810,team_shared,team_shared_source,广西壮族自治区,南宁市,宾阳县,3120.668574344103,581.511128901901,0.18634184151520225,4,True,True,False,False,疑似受影响，需现场核查,Task_20洪涝范围相交筛查；道路通行状态需现场核查,nanning_flood_20260706_0707,2026-07-07,dispatch_v3,074f2c6841becf074f14d90e06a2e9672972f1ec,"LINESTRING (109.053522 23.210165, 109.053677 23.209602, 109.053735 23.209275, 109.05371 23.208982, 109.053715 23.208898, 109.05378 23.20876, 109.053919 23.208553, 109.054037 23.208292, 109.054128 23.208213, 109.054391 23.20807, 109.054601 23.207996, 109.05482 23.207966, 109.054922 23.207932, 109.055051 23.207833, 109.055255 23.207596, 109.055545 23.207419, 109.056124 23.206744, 109.056264 23.206546, 109.056355 23.206334, 109.056387 23.206186, 109.056548 23.20593, 109.056789 23.205486, 109.057272 23.204431, 109.057369 23.204284, 109.057728 23.203884, 109.057878 23.203643, 109.057953 23.20345, 109.057975 23.203352, 109.057953 23.203041, 109.057964 23.202923, 109.057996 23.202775, 109.058061 23.202637, 109.05812 23.202578, 109.058222 23.202514, 109.058458 23.20241, 109.058672 23.202287, 109.059316 23.201848, 109.059509 23.201764, 109.059579 23.201686, 109.059708 23.201449, 109.059766 23.201395, 109.059842 23.201355, 109.059938 23.20133, 109.060078 23.201335, 109.060131 23.201321, 109.060233 23.200966, 109.06041 23.200305, 109.060491 23.200167, 109.060882 23.199644, 109.061226 23.199457, 109.0618 23.199442, 109.061923 23.199388, 109.062138 23.199186, 109.062288 23.199087, 109.062926 23.1989, 109.063184 23.198796, 109.06327 23.198722, 109.063473 23.198357, 109.063838 23.198096, 109.06424 23.197711, 109.064568 23.197484, 109.065008 23.197026, 109.065464 23.196523, 109.065893 23.195951, 109.066182 23.195644, 109.066413 23.195324, 109.066638 23.195092, 109.066928 23.194925, 109.067416 23.194516, 109.067647 23.19423, 109.067722 23.194165, 109.067824 23.194101, 109.068205 23.193919, 109.068307 23.193756, 109.068392 23.193495, 109.068468 23.193332, 109.068548 23.193253, 109.068693 23.193199, 109.069058 23.193145, 109.069406 23.193056, 109.069766 23.192913, 109.069996 23.192868, 109.070399 23.192755, 109.070474 23.192622, 109.070452 23.192208, 109.070495 23.192119, 109.070586 23.19207, 109.07071 23.192045, 109.07101 23.192015, 109.071327 23.19201, 109.071375 23.191996, 109.071434 23.191941, 109.071477 23.191868, 109.0716 23.191522, 109.071804 23.191157, 109.071976 23.190457)"
gis_osm_roads_free,<NA>,1369893913,unclassified,roads:gis_osm_roads_free:1369893913:unclassified,OGC:CRS84,450126,OpenStreetMap,real,kept,<NA>,,unclassified,,B,0,F,F,0,109.0750782,23.2063217,,derived_from_source_layer_osm_id_fclass,smartbidata_task06_20260810,team_shared,team_shared_source,广西壮族自治区,南宁市,宾阳县,1816.0872754807094,589.3776014235106,0.3245315406262649,1,True,True,False,False,疑似受影响，需现场核查,Task_20洪涝范围相交筛查；道路通行状态需现场核查,nanning_flood_20260706_0707,2026-07-07,dispatch_v3,074f2c6841becf074f14d90e06a2e9672972f1ec,"LINESTRING (109.08191 23.2112, 109.080675 23.211701, 109.080524 23.21169, 109.078302 23.209409, 109.077579 23.208881, 109.076129 23.207403, 109.075078 23.206322, 109.073376 23.204336, 109.070969 23.201253, 109.070145 23.200192)"
gis_osm_roads_free,<NA>,1434331315,residential,roads:gis_osm_roads_free:1434331315:residential,OGC:CRS84,450126,OpenStreetMap,real,kept,<NA>,,residential,,B,0,F,F,0,109.0484476,23.2121713,,derived_from_source_layer_osm_id_fclass,smartbidata_task06_20260810,team_shared,team_shared_source,广西壮族自治区,南宁市,宾阳县,1160.9889715250697,436.7654863835054,0.3762012362699469,2,True,True,False,False,疑似受影响，需现场核查,Task_20洪涝范围相交筛查；道路通行状态需现场核查,nanning_flood_20260706_0707,2026-07-07,dispatch_v3,074f2c6841becf074f14d90e06a2e9672972f1ec,"LINESTRING (109.046504 23.215939, 109.046677 23.215864, 109.046849 23.215662, 109.04752 23.214444, 109.04775 23.214084, 109.047954 23.213645, 109.048421 23.212413, 109.048448 23.21227, 109.048448 23.212171, 109.04841 23.212038, 109.048405 23.21194, 109.048485 23.211624, 109.048501 23.21118, 109.048705 23.210737, 109.049113 23.210604, 109.049392 23.210638, 109.049714 23.210668, 109.050904 23.210638, 109.051956 23.210673, 109.052562 23.210717, 109.052932 23.210712, 109.053072 23.210678, 109.0532 23.210584, 109.053404 23.210224, 109.053522 23.210165)"
gis_osm_roads_free,<NA>,1434331324,residential,roads:gis_osm_roads_free:1434331324:residential,OGC:CRS84,450126,OpenStreetMap,real,kept,<NA>,,residential,,B,0,F,F,0,109.0564245,23.2153806,,derived_from_source_layer_osm_id_fclass,smartbidata_task06_20260810,team_shared,team_shared_source,广西壮族自治区,南宁市,宾阳县,1306.1460469804772,362.92364746263456,0.2778583974599428,1,True,True,False,False,疑似受影响，需现场核查,Task_20洪涝范围相交筛查；道路通行状态需现场核查,nanning_flood_20260706_0707,2026-07-07,dispatch_v3,074f2c6841becf074f14d90e06a2e9672972f1ec,"LINESTRING (109.059789 23.212046, 109.058681 23.212022, 109.058211 23.212038, 109.057964 23.212122, 109.057926 23.212226, 109.057878 23.212561, 109.057792 23.212694, 109.05776 23.212788, 109.057771 23.212847, 109.057835 23.212926, 109.057835 23.213004, 109.057674 23.213187, 109.057444 23.213266, 109.057154 23.213532, 109.056746 23.21399, 109.056607 23.214188, 109.056494 23.214262, 109.056328 23.214296, 109.056183 23.214395, 109.056092 23.214592, 109.056103 23.214725, 109.05614 23.214833, 109.056424 23.215381, 109.056644 23.215706, 109.056805 23.21611, 109.056816 23.216248, 109.056768 23.216322, 109.056714 23.216352, 109.056344 23.216495, 109.056076 23.216638, 109.055888 23.21686, 109.055636 23.216993, 109.055116 23.217422, 109.054853 23.217638, 109.054735 23.21785, 109.05467 23.218067, 109.05467 23.218186, 109.054735 23.218363, 109.054735 23.218501, 109.05466 23.218615, 109.05429 23.218861, 109.054268 23.218915, 109.05415 23.219024, 109.053801 23.219231, 109.053705 23.219349, 109.053667 23.219443, 109.053656 23.219536, 109.053673 23.219606, 109.053796 23.219794)"
gis_osm_roads_free,<NA>,721028737,tertiary,roads:gis_osm_roads_free:721028737:tertiary,OGC:CRS84,450126,OpenStreetMap,real,kept,<NA>,,tertiary,,B,0,F,F,0,109.072666,23.2137457,,derived_from_source_layer_osm_id_fclass,smartbidata_task06_20260810,team_shared,team_shared_source,广西壮族自治区,南宁市,宾阳县,2252.937607502505,264.81286639385087,0.11754114517508067,2,True,True,False,False,疑似受影响，需现场核查,Task_20洪涝范围相交筛查；道路通行状态需现场核查,nanning_flood_20260706_0707,2026-07-07,dispatch_v3,074f2c6841becf074f14d90e06a2e9672972f1ec,"LINESTRING (109.0808 23.212813, 109.080635 23.212954, 109.080458 23.212989, 109.080282 23.212904, 109.07939 23.212282, 109.079078 23.21218, 109.078965 23.212219, 109.076243 23.213166, 109.075335 23.213201, 109.074281 23.213425, 109.072666 23.213746, 109.067629 23.21378, 109.066298 23.21382, 109.062393 23.213386, 109.061363 23.212715, 109.060208 23.212228, 109.059789 23.212046)"
gis_osm_roads_free,<NA>,1434331317,residential,roads:gis_osm_roads_free:1434331317:residential,OGC:CRS84,450126,OpenStreetMap,real,kept,<NA>,,residential,,B,0,T,F,1,109.0465044,23.215939,,derived_from_source_layer_osm_id_fclass,smartbidata_task06_20260810,team_shared,team_shared_source,广西壮族自治区,南宁市,宾阳县,60.32568045875508,52.77530215733797,0.8748397325318304,1,True,True,True,True,疑似受影响，需现场核查,Task_20洪涝范围相交筛查；道路通行状态需现场核查,nanning_flood_20260706_0707,2026-07-07,dispatch_v3,074f2c6841becf074f14d90e06a2e9672972f1ec,"LINESTRING (109.046504 23.215939, 109.045926 23.216046)"
gis_osm_roads_free,<NA>,1434331332,residential,roads:gis_osm_roads_free:1434331332:residential,OGC:CRS84,450126,OpenStreetMap,real,kept,<NA>,,residential,,B,0,F,F,0,109.0677542,23.2171312,,derived_from_source_layer_osm_id_fclass,smartbidata_task06_20260810,team_shared,team_shared_source,广西壮族自治区,南宁市,宾阳县,560.0391262447167,266.94260878106235,0.47664992724886535,2,True,True,False,False,疑似受影响，需现场核查,Task_20洪涝范围相交筛查；道路通行状态需现场核查,nanning_flood_20260706_0707,2026-07-07,dispatch_v3,074f2c6841becf074f14d90e06a2e9672972f1ec,"LINESTRING (109.066596 23.215224, 109.066789 23.215298, 109.06725 23.215623, 109.067566 23.215751, 109.067754 23.21579, 109.067829 23.215825, 109.068071 23.216219, 109.068189 23.216766, 109.068081 23.216929, 109.067754 23.217131, 109.067314 23.217619, 109.067239 23.217782, 109.066998 23.21862, 109.066955 23.218718, 109.066869 23.218837, 109.066701 23.219044)"
gis_osm_roads_free,<NA>,1434331336,unclassified,roads:gis_osm_roads_free:1434331336:unclassified,OGC:CRS84,450126,OpenStreetMap,real,kept,<NA>,,unclassified,,B,0,F,F,0,109.0503037,23.1978987,,derived_from_source_layer_osm_id_fclass,smartbidata_task06_20260810,team_shared,team_shared_source,广西壮族自治区,南宁市,宾阳县,2841.0491727410645,407.9029131905026,0.1435747459439271,3,True,True,False,False,疑似受影响，需现场核查,Task_20洪涝范围相交筛查；道路通行状态需现场核查,nanning_flood_20260706_0707,2026-07-07,dispatch_v3,074f2c6841becf074f14d90e06a2e9672972f1ec,"LINESTRING (109.049197 23.185291, 109.049226 23.185423, 109.049344 23.185966, 109.049671 23.186749, 109.049907 23.187475, 109.050068 23.188449, 109.050282 23.18958, 109.050304 23.190044, 109.050255 23.191119, 109.050212 23.191834, 109.050218 23.19279, 109.050325 23.194876, 109.050314 23.194935, 109.05033 23.195004, 109.050352 23.195497, 109.050384 23.195798, 109.050406 23.195833, 109.050475 23.196434, 109.050481 23.196696, 109.050454 23.196844, 109.050347 23.196982, 109.050293 23.197568, 109.050304 23.197899, 109.050298 23.198599, 109.050314 23.198633, 109.050373 23.199422, 109.050422 23.199718, 109.050438 23.199975, 109.050454 23.200206, 109.050508 23.200448, 109.05055 23.200694, 109.050561 23.200966, 109.050588 23.201651, 109.050679 23.201966, 109.050894 23.20245, 109.051098 23.202839, 109.051183 23.203278, 109.051478 23.204476, 109.05187 23.205649, 109.051967 23.206137, 109.052026 23.206487, 109.052396 23.207399, 109.052466 23.20803, 109.0526 23.208508, 109.052642 23.208942, 109.052718 23.209243, 109.052734 23.209411, 109.053125 23.209992, 109.053404 23.210224)"
gis_osm_roads_free,<NA>,1464679533,unclassified,roads:gis_osm_roads_free:1464679533:unclassified,OGC:CRS84,450126,OpenStreetMap,real,kept,<NA>,,unclassified,,B,0,F,F,0,109.0483683,23.1896216,,derived_from_source_layer_osm_id_fclass,smartbidata_task06_20260810,team_shared,team_shared_source,广西壮族自治区,南宁市,宾阳县,3771.058556770777,136.4722131195455,0.036189364621378096,2,True,True,False,False,疑似受影响，需现场核查,Task_20洪涝范围相交筛查；道路通行状态需现场核查,nanning_flood_20260706_0707,2026-07-07,dispatch_v3,074f2c6841becf074f14d90e06a2e9672972f1ec,"LINESTRING (109.05891 23.18616, 109.058999 23.187502, 109.057589 23.187636, 109.056941 23.18765, 109.056278 23.187618, 109.055746 23.187648, 109.054529 23.187724, 109.053664 23.187747, 109.053352 23.187781, 109.052056 23.188011, 109.051816 23.188101, 109.050906 23.188489, 109.050757 23.18853, 109.050686 23.188532, 109.050068 23.188449, 109.049882 23.188447, 109.049792 23.188469, 109.049682 23.188537, 109.049355 23.188789, 109.049126 23.189004, 109.048542 23.189389, 109.048454 23.189464, 109.048402 23.189532, 109.048368 23.189622, 109.048347 23.189712, 109.048247 23.190152, 109.048037 23.190834, 109.047694 23.191736, 109.047548 23.192096, 109.047517 23.192199, 109.047508 23.192306, 109.047505 23.19244, 109.047498 23.192644, 109.047558 23.193534, 109.047546 23.193641, 109.04721 23.194539, 109.04693 23.195358, 109.046856 23.195726, 109.046606 23.195893, 109.046127 23.195407, 109.045538 23.194734, 109.045064 23.194298, 109.044568 23.19373, 109.044079 23.193195, 109.043986 23.193077, 109.043379 23.192015, 109.042806 23.190993, 109.042656 23.190636, 109.042193 23.190037, 109.04214 23.189844, 109.042052 23.189354, 109.042083 23.189025, 109.042214 23.188654, 109.042273 23.187952, 109.042336 23.186242, 109.042422 23.184756, 109.042708 23.184793, 109.043418 23.184927, 109.044506 23.185104, 109.045123 23.185159, 109.045309 23.185106, 109.045445 23.185027, 109.045484 23.184969, 109.045486 23.184749)"
gis_osm_roads_free,<NA>,202770474,trunk,roads:gis_osm_roads_free:202770474:trunk,OGC:CRS84,450126,OpenStreetMap,real,kept,<NA>,南宁—宾阳—黎塘一级公路,trunk,G358,B,0,F,F,0,109.0211267,23.1815799,,derived_from_source_layer_osm_id_fclass,smartbidata_task06_20260810,team_shared,team_shared_source,广西壮族自治区,南宁市,宾阳县,4304.235087402312,470.49948912535655,0.1093108251690109,2,True,True,False,False,疑似受影响，需现场核查,Task_20洪涝范围相交筛查；道路通行状态需现场核查,nanning_flood_20260706_0707,2026-07-07,dispatch_v3,074f2c6841becf074f14d90e06a2e9672972f1ec,"LINESTRING (109.042269 23.182403, 109.041705 23.182402, 109.0388 23.182401, 109.03584 23.182388, 109.029324 23.18236, 109.028324 23.182344, 109.026284 23.182231, 109.025522 23.182168, 109.024611 23.182058, 109.023591 23.181925, 109.021127 23.18158, 109.019604 23.181381, 109.017627 23.18106, 109.016041 23.180839, 109.014296 23.180631, 109.011893 23.180297, 109.008035 23.17975, 109.004223 23.179193, 109.002536 23.178974, 109.000783 23.178748, 109.000499 23.178702)"
gis_osm_roads_free,<NA>,842708288,residential,roads:gis_osm_roads_free:842708288:residential,OGC:CRS84,450126,OpenStreetMap,real,kept,<NA>,,residential,,B,0,F,F,0,108.9991862,23.188953,,derived_from_source_layer_osm_id_fclass,smartbidata_task06_20260810,team_shared,team_shared_source,广西壮族自治区,南宁市,宾阳县,2371.313566757204,252.56760905973522,0.10650957874167778,1,True,True,False,False,疑似受影响，需现场核查,Task_20洪涝范围相交筛查；道路通行状态需现场核查,nanning_flood_20260706_0707,2026-07-07,dispatch_v3,074f2c6841becf074f14d90e06a2e9672972f1ec,"LINESTRING (108.9968 23.179548, 108.996713 23.179914, 108.996794 23.180382, 108.997046 23.18094, 108.997169 23.181309, 108.997244 23.181625, 108.997303 23.182064, 108.997496 23.182828, 108.997593 23.183011, 108.997915 23.18341, 108.998065 23.183627, 108.99814 23.18382, 108.99814 23.184184, 108.998076 23.1845, 108.997588 23.185555, 108.99747 23.185777, 108.99726 23.186098, 108.997174 23.186315, 108.997153 23.186413, 108.997164 23.186699, 108.997217 23.186837, 108.997309 23.186956, 108.997625 23.187212, 108.997995 23.187464, 108.998086 23.187562, 108.998564 23.188263, 108.998816 23.188554, 108.999186 23.188953, 108.999717 23.189836, 108.999921 23.189994, 109.000726 23.190309, 109.00108 23.190462, 109.001852 23.190955, 109.00255 23.191216, 109.002641 23.19135, 109.002711 23.191631, 109.002796 23.192775, 109.002786 23.192814, 109.002807 23.193046, 109.002952 23.193445, 109.002957 23.193505, 109.003091 23.193761, 109.003322 23.193929, 109.00388 23.194422, 109.004078 23.194516, 109.004164 23.194525, 109.004577 23.194446, 109.004797 23.194387, 109.004846 23.194382, 109.005055 23.194299, 109.005216 23.19421, 109.005275 23.194195, 109.005489 23.194018, 109.00557 23.193909, 109.005902 23.193554, 109.006047 23.193347, 109.00609 23.193317, 109.006272 23.193332, 109.006798 23.193179)"
gis_osm_roads_free,<NA>,842708292,tertiary,roads:gis_osm_roads_free:842708292:tertiary,OGC:CRS84,450126,OpenStreetMap,real,kept,<NA>,,tertiary,,B,0,F,F,0,109.0177578,23.1905803,,derived_from_source_layer_osm_id_fclass,smartbidata_task06_20260810,team_shared,team_shared_source,广西壮族自治区,南宁市,宾阳县,2367.43302736865,803.3325592439775,0.33932641386559687,2,True,True,False,False,疑似受影响，需现场核查,Task_20洪涝范围相交筛查；道路通行状态需现场核查,nanning_flood_20260706_0707,2026-07-07,dispatch_v3,074f2c6841becf074f14d90e06a2e9672972f1ec,"LINESTRING (109.021127 23.18158, 109.021038 23.181908, 109.020059 23.184456, 109.020038 23.184559, 109.018847 23.187691, 109.017758 23.19058, 109.016717 23.193307, 109.016755 23.193436, 109.017012 23.193598, 109.017119 23.193638, 109.01727 23.193658, 109.017763 23.193598, 109.01786 23.193618, 109.017988 23.193702, 109.018069 23.19381, 109.018128 23.194037, 109.018128 23.194461, 109.017522 23.196128, 109.017516 23.196952, 109.017559 23.197297, 109.017645 23.197612, 109.017828 23.198022, 109.018053 23.198855, 109.018439 23.200606, 109.018514 23.200739, 109.01874 23.200961)"
gis_osm_roads_free,<NA>,1434331285,unclassified,roads:gis_osm_roads_free:1434331285:unclassified,OGC:CRS84,450126,OpenStreetMap,real,kept,<NA>,,unclassified,,B,0,F,F,0,109.0338027,23.1914335,,derived_from_source_layer_osm_id_fclass,smartbidata_task06_20260810,team_shared,team_shared_source,广西壮族自治区,南宁市,宾阳县,2228.9262391050324,320.926660183574,0.14398262919298477,3,True,True,False,False,疑似受影响，需现场核查,Task_20洪涝范围相交筛查；道路通行状态需现场核查,nanning_flood_20260706_0707,2026-07-07,dispatch_v3,074f2c6841becf074f14d90e06a2e9672972f1ec,"LINESTRING (109.033744 23.200966, 109.033663 23.20029, 109.033615 23.199398, 109.03369 23.199195, 109.033663 23.198584, 109.033497 23.197612, 109.033502 23.197144, 109.03332 23.195847, 109.033159 23.194506, 109.033111 23.194136, 109.033078 23.194077, 109.033481 23.192647, 109.03369 23.191724, 109.033803 23.191434, 109.034168 23.19061, 109.03441 23.189915, 109.034956 23.188647, 109.035117 23.18848, 109.035224 23.188401, 109.03538 23.188327, 109.036549 23.187982, 109.036608 23.187942, 109.036614 23.187794, 109.036598 23.187696, 109.036383 23.18701, 109.036222 23.186246, 109.036228 23.186103, 109.036297 23.185767, 109.036351 23.185373, 109.036351 23.185033, 109.036324 23.184914, 109.03627 23.184791, 109.036158 23.184618, 109.036104 23.184564, 109.036088 23.18452, 109.035868 23.184244, 109.03583 23.184125, 109.035836 23.183928, 109.035873 23.183622, 109.03584 23.182388)"
gis_osm_roads_free,<NA>,842708289,residential,roads:gis_osm_roads_free:842708289:residential,OGC:CRS84,450126,OpenStreetMap,real,kept,<NA>,,residential,,B,0,F,F,0,109.0070879,23.1930411,,derived_from_source_layer_osm_id_fclass,smartbidata_task06_20260810,team_shared,team_shared_source,广西壮族自治区,南宁市,宾阳县,779.5164926469331,271.00683348583635,0.34766016632387486,2,True,True,False,False,疑似受影响，需现场核查,Task_20洪涝范围相交筛查；道路通行状态需现场核查,nanning_flood_20260706_0707,2026-07-07,dispatch_v3,074f2c6841becf074f14d90e06a2e9672972f1ec,"LINESTRING (109.009561 23.192992, 109.009319 23.19308, 109.009073 23.19311, 109.008826 23.193199, 109.008515 23.193258, 109.008386 23.193322, 109.008011 23.193352, 109.007195 23.19314, 109.007088 23.193041, 109.004824 23.188918)"
gis_osm_roads_free,<NA>,1434331337,residential,roads:gis_osm_roads_free:1434331337:residential,OGC:CRS84,450126,OpenStreetMap,real,kept,<NA>,,residential,,B,0,F,F,0,109.0164199,23.1897675,,derived_from_source_layer_osm_id_fclass,smartbidata_task06_20260810,team_shared,team_shared_source,广西壮族自治区,南宁市,宾阳县,328.15767166507135,87.5989141441975,0.26694153971693174,1,True,True,False,False,疑似受影响，需现场核查,Task_20洪涝范围相交筛查；道路通行状态需现场核查,nanning_flood_20260706_0707,2026-07-07,dispatch_v3,074f2c6841becf074f14d90e06a2e9672972f1ec,"LINESTRING (109.014705 23.189774, 109.01642 23.189768, 109.016515 23.189781, 109.016654 23.189922, 109.01694 23.190062, 109.017273 23.190333, 109.017538 23.190477, 109.017642 23.190521)"
gis_osm_roads_free,<NA>,1434331286,unclassified,roads:gis_osm_roads_free:1434331286:unclassified,OGC:CRS84,450126,OpenStreetMap,real,kept,<NA>,,unclassified,,B,0,F,F,0,109.0374559,23.1932581,,derived_from_source_layer_osm_id_fclass,smartbidata_task06_20260810,team_shared,team_shared_source,广西壮族自治区,南宁市,宾阳县,932.9821120898266,149.9653778024316,0.16073767745291248,2,True,True,False,False,疑似受影响，需现场核查,Task_20洪涝范围相交筛查；道路通行状态需现场核查,nanning_flood_20260706_0707,2026-07-07,dispatch_v3,074f2c6841becf074f14d90e06a2e9672972f1ec,"LINESTRING (109.040181 23.196394, 109.03929 23.195166, 109.038797 23.19459, 109.038647 23.194402, 109.038304 23.194037, 109.037456 23.193258, 109.036968 23.192903, 109.036673 23.192602, 109.036345 23.192282, 109.03441 23.189915)"
gis_osm_roads_free,<NA>,1434331312,residential,roads:gis_osm_roads_free:1434331312:residential,OGC:CRS84,450126,OpenStreetMap,real,kept,<NA>,,residential,,B,0,F,F,0,109.019866,23.1926567,,derived_from_source_layer_osm_id_fclass,smartbidata_task06_20260810,team_shared,team_shared_source,广西壮族自治区,南宁市,宾阳县,764.3663702585739,7.719209439489951,0.010098834459290322,1,True,False,False,False,疑似受影响，需现场核查,Task_20洪涝范围相交筛查；道路通行状态需现场核查,nanning_flood_20260706_0707,2026-07-07,dispatch_v3,074f2c6841becf074f14d90e06a2e9672972f1ec,"LINESTRING (109.017758 23.19058, 109.017935 23.190778, 109.018466 23.190911, 109.018557 23.190945, 109.0186 23.19098, 109.018664 23.191123, 109.018756 23.191547, 109.018911 23.191863, 109.018965 23.191932, 109.019072 23.192016, 109.019372 23.192144, 109.019533 23.192232, 109.019689 23.192351, 109.019753 23.19244, 109.019866 23.192657, 109.019952 23.192903, 109.019984 23.192933, 109.020172 23.193293, 109.020472 23.193776, 109.020504 23.19386, 109.020504 23.193909, 109.02044 23.194067, 109.019984 23.194343, 109.019528 23.194486, 109.01919 23.194432, 109.018847 23.194408, 109.01838 23.194511, 109.018128 23.194461)"
gis_osm_roads_free,<NA>,1434331287,unclassified,roads:gis_osm_roads_free:1434331287:unclassified,OGC:CRS84,450126,OpenStreetMap,real,kept,<NA>,,unclassified,,B,0,F,F,0,109.0335345,23.1958224,,derived_from_source_layer_osm_id_fclass,smartbidata_task06_20260810,team_shared,team_shared_source,广西壮族自治区,南宁市,宾阳县,509.7830501963706,80.82886774417032,0.15855542414176912,1,True,False,False,False,疑似受影响，需现场核查,Task_20洪涝范围相交筛查；道路通行状态需现场核查,nanning_flood_20260706_0707,2026-07-07,dispatch_v3,074f2c6841becf074f14d90e06a2e9672972f1ec,"LINESTRING (109.031255 23.196454, 109.031872 23.196237, 109.031936 23.196163, 109.032086 23.19601, 109.032301 23.195901, 109.032483 23.195886, 109.032784 23.195926, 109.03332 23.195847, 109.033534 23.195822, 109.035374 23.195832, 109.036002 23.19563)"
gis_osm_roads_free,<NA>,1434331338,residential,roads:gis_osm_roads_free:1434331338:residential,OGC:CRS84,450126,OpenStreetMap,real,kept,<NA>,,residential,,B,0,T,F,1,109.0177578,23.1905803,,derived_from_source_layer_osm_id_fclass,smartbidata_task06_20260810,team_shared,team_shared_source,广西壮族自治区,南宁市,宾阳县,13.574754053708357,13.574754053708357,1.0,1,True,True,True,True,疑似受影响，需现场核查,Task_20洪涝范围相交筛查；道路通行状态需现场核查,nanning_flood_20260706_0707,2026-07-07,dispatch_v3,074f2c6841becf074f14d90e06a2e9672972f1ec,"LINESTRING (109.017642 23.190521, 109.017758 23.19058)"
gis_osm_roads_free,<NA>,1434596121,service,roads:gis_osm_roads_free:1434596121:service,OGC:CRS84,450126,OpenStreetMap,real,kept,<NA>,,service,,B,0,F,F,0,109.1433998,23.2002838,,derived_from_source_layer_osm_id_fclass,smartbidata_task06_20260810,team_shared,team_shared_source,广西壮族自治区,南宁市,宾阳县,968.3408452663984,35.83601093960438,0.037007641591061465,1,True,False,False,False,疑似受影响，需现场核查,Task_20洪涝范围相交筛查；道路通行状态需现场核查,nanning_flood_20260706_0707,2026-07-07,dispatch_v3,074f2c6841becf074f14d90e06a2e9672972f1ec,"LINESTRING (109.140874 23.203154, 109.1434 23.200284, 109.144581 23.199256, 109.144825 23.199102, 109.145111 23.19907, 109.145327 23.199102, 109.145453 23.199076, 109.145633 23.198919, 109.145776 23.198966, 109.146674 23.199339, 109.147005 23.199286, 109.147618 23.199033, 109.148106 23.19889)"
gis_osm_roads_free,<NA>,521885920,tertiary,roads:gis_osm_roads_free:521885920:tertiary,OGC:CRS84,450126,OpenStreetMap,real,kept,<NA>,,tertiary,,B,0,F,F,0,109.1083131,23.2034809,,derived_from_source_layer_osm_id_fclass,smartbidata_task06_20260810,team_shared,team_shared_source,广西壮族自治区,南宁市,宾阳县,2281.603075363999,34.530196791869955,0.01513418226189984,1,True,False,False,False,疑似受影响，需现场核查,Task_20洪涝范围相交筛查；道路通行状态需现场核查,nanning_flood_20260706_0707,2026-07-07,dispatch_v3,074f2c6841becf074f14d90e06a2e9672972f1ec,"LINESTRING (109.116441 23.198934, 109.1164 23.19911, 109.11641 23.199216, 109.116499 23.199558, 109.116521 23.199953, 109.116463 23.201019, 109.116392 23.201539, 109.116177 23.201743, 109.11594 23.201894, 109.115446 23.201973, 109.114787 23.201967, 109.114329 23.201921, 109.113706 23.201914, 109.112804 23.202092, 109.112002 23.202171, 109.11024 23.202395, 109.109889 23.20248, 109.10938 23.202691, 109.10881 23.202842, 109.108736 23.202862, 109.1086 23.202994, 109.108499 23.203204, 109.108313 23.203481, 109.107905 23.203928, 109.107626 23.204422, 109.107361 23.204751, 109.107024 23.205173, 109.106566 23.205614, 109.106322 23.205837, 109.106129 23.205884, 109.105327 23.205851, 109.105033 23.205916, 109.104539 23.205956, 109.104166 23.206035, 109.103765 23.206022, 109.103414 23.206048, 109.102999 23.206232, 109.102419 23.206667, 109.102018 23.206844, 109.101309 23.207463, 109.100628 23.207931, 109.10032 23.208075, 109.099614 23.208099)"
gis_osm_roads_free,<NA>,445075528,tertiary,roads:gis_osm_roads_free:445075528:tertiary,OGC:CRS84,450126,OpenStreetMap,real,kept,<NA>,,tertiary,,B,0,F,F,0,109.17805,23.24458,,derived_from_source_layer_osm_id_fclass,smartbidata_task06_20260810,team_shared,team_shared_source,广西壮族自治区,南宁市,宾阳县,1233.4862278096884,251.91429155158994,0.20422951296255346,1,True,True,False,False,疑似受影响，需现场核查,Task_20洪涝范围相交筛查；道路通行状态需现场核查,nanning_flood_20260706_0707,2026-07-07,dispatch_v3,074f2c6841becf074f14d90e06a2e9672972f1ec,"LINESTRING (109.182299 23.239848, 109.18114 23.241544, 109.180024 23.242214, 109.17805 23.24458, 109.17664 23.245836, 109.175518 23.247656, 109.175782 23.248636)"
gis_osm_roads_free,<NA>,1436824235,unclassified,roads:gis_osm_roads_free:1436824235:unclassified,OGC:CRS84,,OpenStreetMap,real,kept,<NA>,,unclassified,,B,0,F,F,0,109.173814,23.2810884,,derived_from_source_layer_osm_id_fclass,smartbidata_task06_20260810,team_shared,team_shared_source,,,,3117.6509299587924,195.65523487701427,0.06275726156410985,2,True,True,False,False,疑似受影响，需现场核查,Task_20洪涝范围相交筛查；道路通行状态需现场核查,nanning_flood_20260706_0707,2026-07-07,dispatch_v3,074f2c6841becf074f14d90e06a2e9672972f1ec,"LINESTRING (109.160156 23.282207, 109.160966 23.282202, 109.16153 23.282306, 109.161862 23.282424, 109.163214 23.282576, 109.163343 23.282572, 109.164244 23.282379, 109.164829 23.28234, 109.166071 23.282434, 109.167452 23.28267, 109.167752 23.282759, 109.168214 23.282931, 109.168696 23.283178, 109.169152 23.283695, 109.169485 23.283675, 109.169694 23.28369, 109.170542 23.283626, 109.171126 23.283404, 109.171781 23.283128, 109.172151 23.282941, 109.172773 23.282448, 109.172886 23.282306, 109.173149 23.281724, 109.173278 23.281542, 109.173514 23.281369, 109.173814 23.281088, 109.174806 23.280793, 109.174871 23.280788, 109.17516 23.280689, 109.175343 23.2806, 109.175987 23.280201, 109.176754 23.279713, 109.177628 23.279255, 109.17802 23.27888, 109.178368 23.278466, 109.178631 23.278299, 109.178916 23.27819, 109.179468 23.278092, 109.179892 23.277841, 109.18008 23.277648, 109.180257 23.277506, 109.180418 23.277407, 109.180713 23.277259, 109.181094 23.276993, 109.181222 23.276924, 109.181464 23.276845, 109.181888 23.276742, 109.182773 23.276426, 109.183143 23.276249, 109.18369 23.27585, 109.184049 23.275608, 109.184473 23.275273, 109.184859 23.275002, 109.186392 23.273939, 109.186506 23.273804)"
gis_osm_roads_free,<NA>,445075469,tertiary,roads:gis_osm_roads_free:445075469:tertiary,OGC:CRS84,,OpenStreetMap,real,kept,<NA>,,tertiary,,B,0,F,F,0,109.1978769,23.287475,,derived_from_source_layer_osm_id_fclass,smartbidata_task06_20260810,team_shared,team_shared_source,,,,2164.0621116014854,79.53640918447232,0.036753293150912594,1,True,False,False,False,疑似受影响，需现场核查,Task_20洪涝范围相交筛查；道路通行状态需现场核查,nanning_flood_20260706_0707,2026-07-07,dispatch_v3,074f2c6841becf074f14d90e06a2e9672972f1ec,"LINESTRING (109.204025 23.293704, 109.203952 23.293528, 109.203327 23.292915, 109.201359 23.291293, 109.200838 23.29051, 109.200752 23.290234, 109.200864 23.289694, 109.200925 23.289516, 109.199514 23.288257, 109.199214 23.287784, 109.198134 23.287672, 109.197877 23.287475, 109.196332 23.287475, 109.195847 23.28716, 109.195817 23.286214, 109.196203 23.284952, 109.19578 23.283369, 109.195645 23.282823, 109.194186 23.281444, 109.192304 23.280255)"
gis_osm_roads_free,<NA>,1436824257,residential,roads:gis_osm_roads_free:1436824257:residential,OGC:CRS84,450126,OpenStreetMap,real,kept,<NA>,,residential,,B,0,F,F,0,109.203549,23.2955748,,derived_from_source_layer_osm_id_fclass,smartbidata_task06_20260810,team_shared,team_shared_source,广西壮族自治区,南宁市,宾阳县,450.8336672587794,258.15742272273894,0.5726223249750247,1,True,True,False,False,疑似受影响，需现场核查,Task_20洪涝范围相交筛查；道路通行状态需现场核查,nanning_flood_20260706_0707,2026-07-07,dispatch_v3,074f2c6841becf074f14d90e06a2e9672972f1ec,"LINESTRING (109.20438 23.29684, 109.204096 23.296738, 109.203565 23.296565, 109.203463 23.296476, 109.203394 23.296383, 109.203174 23.2962, 109.203131 23.296102, 109.203158 23.29591, 109.203222 23.295772, 109.20334 23.295678, 109.203549 23.295575, 109.203721 23.294984, 109.20378 23.294304, 109.203849 23.294033, 109.204025 23.293704)"
gis_osm_roads_free,<NA>,1436824261,residential,roads:gis_osm_roads_free:1436824261:residential,OGC:CRS84,450126,OpenStreetMap,real,kept,<NA>,,residential,,B,0,F,F,0,109.2055554,23.2955538,,derived_from_source_layer_osm_id_fclass,smartbidata_task06_20260810,team_shared,team_shared_source,广西壮族自治区,南宁市,宾阳县,413.63247094409496,10.911794594641579,0.02638041101980211,1,True,False,False,False,疑似受影响，需现场核查,Task_20洪涝范围相交筛查；道路通行状态需现场核查,nanning_flood_20260706_0707,2026-07-07,dispatch_v3,074f2c6841becf074f14d90e06a2e9672972f1ec,"LINESTRING (109.207336 23.295056, 109.206698 23.295391, 109.206269 23.295465, 109.206113 23.295529, 109.205947 23.295485, 109.205861 23.295485, 109.205555 23.295554, 109.204547 23.295416, 109.204343 23.295554, 109.204233 23.295653, 109.204011 23.29569, 109.203549 23.295575)"
gis_osm_roads_free,<NA>,1436824260,residential,roads:gis_osm_roads_free:1436824260:residential,OGC:CRS84,450126,OpenStreetMap,real,kept,<NA>,,residential,,B,0,F,F,0,109.2060113,23.2964801,,derived_from_source_layer_osm_id_fclass,smartbidata_task06_20260810,team_shared,team_shared_source,广西壮族自治区,南宁市,宾阳县,437.2548637075323,2.819396678379878,0.006447948124519192,1,True,False,False,False,疑似受影响，需现场核查,Task_20洪涝范围相交筛查；道路通行状态需现场核查,nanning_flood_20260706_0707,2026-07-07,dispatch_v3,074f2c6841becf074f14d90e06a2e9672972f1ec,"LINESTRING (109.207524 23.295288, 109.206532 23.296145, 109.206253 23.296337, 109.206135 23.296441, 109.206011 23.29648, 109.205555 23.296564, 109.205346 23.296559, 109.205035 23.2965, 109.204681 23.296456, 109.204558 23.296524, 109.20438 23.29684, 109.204102 23.297101)"
gis_osm_roads_free,<NA>,521773640,tertiary,roads:gis_osm_roads_free:521773640:tertiary,OGC:CRS84,450126,OpenStreetMap,real,kept,<NA>,,tertiary,,B,0,F,F,0,108.7526663,23.2207848,,derived_from_source_layer_osm_id_fclass,smartbidata_task06_20260810,team_shared,team_shared_source,广西壮族自治区,南宁市,宾阳县,3773.8179149397974,201.1275794403788,0.05329551768890454,2,True,True,False,False,疑似受影响，需现场核查,Task_20洪涝范围相交筛查；道路通行状态需现场核查,nanning_flood_20260706_0707,2026-07-07,dispatch_v3,074f2c6841becf074f14d90e06a2e9672972f1ec,"LINESTRING (108.7534 23.220189, 108.75295 23.220544, 108.752666 23.220785, 108.723443 23.240057)"
gis_osm_roads_free,<NA>,521773631,tertiary,roads:gis_osm_roads_free:521773631:tertiary,OGC:CRS84,450126,OpenStreetMap,real,kept,<NA>,,tertiary,,B,0,F,F,0,108.7352236,23.2206844,,derived_from_source_layer_osm_id_fclass,smartbidata_task06_20260810,team_shared,team_shared_source,广西壮族自治区,南宁市,宾阳县,681.2019691893295,74.94563335034975,0.11001969568517173,1,True,False,False,False,疑似受影响，需现场核查,Task_20洪涝范围相交筛查；道路通行状态需现场核查,nanning_flood_20260706_0707,2026-07-07,dispatch_v3,074f2c6841becf074f14d90e06a2e9672972f1ec,"LINESTRING (108.737916 23.218924, 108.737568 23.219067, 108.736947 23.219264, 108.736355 23.219536, 108.736163 23.219672, 108.736008 23.219808, 108.73583 23.219869, 108.73549 23.220046, 108.735364 23.220236, 108.735224 23.220684, 108.735061 23.220963, 108.733759 23.223288)"
gis_osm_roads_free,<NA>,618806111,tertiary,roads:gis_osm_roads_free:618806111:tertiary,OGC:CRS84,450126,OpenStreetMap,real,kept,<NA>,,tertiary,,B,0,F,F,0,108.7533934,23.2417406,,derived_from_source_layer_osm_id_fclass,smartbidata_task06_20260810,team_shared,team_shared_source,广西壮族自治区,南宁市,宾阳县,2114.7031302238947,309.14838758385577,0.146189970197436,2,True,True,False,False,疑似受影响，需现场核查,Task_20洪涝范围相交筛查；道路通行状态需现场核查,nanning_flood_20260706_0707,2026-07-07,dispatch_v3,074f2c6841becf074f14d90e06a2e9672972f1ec,"LINESTRING (108.763222 23.243625, 108.757648 23.242543, 108.754958 23.242045, 108.753393 23.241741, 108.752291 23.24153, 108.751203 23.241299, 108.750278 23.241123, 108.748854 23.240831, 108.746517 23.240351, 108.743007 23.239629)"
gis_osm_roads_free,<NA>,521773642,tertiary,roads:gis_osm_roads_free:521773642:tertiary,OGC:CRS84,450126,OpenStreetMap,real,kept,<NA>,,tertiary,,B,0,F,F,0,108.7616972,23.2397983,,derived_from_source_layer_osm_id_fclass,smartbidata_task06_20260810,team_shared,team_shared_source,广西壮族自治区,南宁市,宾阳县,4846.419754869579,127.59096110454264,0.02632684900566897,2,True,True,False,False,疑似受影响，需现场核查,Task_20洪涝范围相交筛查；道路通行状态需现场核查,nanning_flood_20260706_0707,2026-07-07,dispatch_v3,074f2c6841becf074f14d90e06a2e9672972f1ec,"LINESTRING (108.771887 23.260384, 108.771956 23.260036, 108.771973 23.259678, 108.771696 23.259095, 108.771518 23.258662, 108.765777 23.249651, 108.765603 23.249448, 108.765475 23.249255, 108.765373 23.249027, 108.763602 23.244579, 108.763222 23.243625, 108.761697 23.239798, 108.761579 23.239523, 108.758244 23.231629, 108.757628 23.230224, 108.755366 23.225072, 108.75432 23.222611, 108.753613 23.221544, 108.75295 23.220544)"
gis_osm_roads_free,<NA>,618806115,tertiary,roads:gis_osm_roads_free:618806115:tertiary,OGC:CRS84,450126,OpenStreetMap,real,kept,<NA>,,tertiary,,B,0,F,F,0,108.7580184,23.2407711,,derived_from_source_layer_osm_id_fclass,smartbidata_task06_20260810,team_shared,team_shared_source,广西壮族自治区,南宁市,宾阳县,389.58358169910144,143.1738117165446,0.367504736960723,1,True,True,False,False,疑似受影响，需现场核查,Task_20洪涝范围相交筛查；道路通行状态需现场核查,nanning_flood_20260706_0707,2026-07-07,dispatch_v3,074f2c6841becf074f14d90e06a2e9672972f1ec,"LINESTRING (108.761579 23.239523, 108.758018 23.240771)"
gis_osm_roads_free,<NA>,1126002055,residential,roads:gis_osm_roads_free:1126002055:residential,OGC:CRS84,450126,OpenStreetMap,real,kept,<NA>,,residential,,B,0,F,F,0,108.7697124,23.2330443,,derived_from_source_layer_osm_id_fclass,smartbidata_task06_20260810,team_shared,team_shared_source,广西壮族自治区,南宁市,宾阳县,1123.8469131533102,215.95060689920572,0.1921530453763383,1,True,True,False,False,疑似受影响，需现场核查,Task_20洪涝范围相交筛查；道路通行状态需现场核查,nanning_flood_20260706_0707,2026-07-07,dispatch_v3,074f2c6841becf074f14d90e06a2e9672972f1ec,"LINESTRING (108.774104 23.236275, 108.773832 23.236116, 108.773688 23.236086, 108.772888 23.235775, 108.772845 23.23577, 108.771611 23.235263, 108.77145 23.235238, 108.771112 23.234873, 108.770989 23.234651, 108.770812 23.23443, 108.7707 23.234351, 108.770367 23.234218, 108.769895 23.233858, 108.76982 23.233739, 108.76975 23.233473, 108.769712 23.233044, 108.769659 23.232591, 108.76967 23.232522, 108.769616 23.231698, 108.769557 23.231077, 108.769519 23.231028, 108.769466 23.230264, 108.769412 23.229845, 108.769396 23.229426, 108.769417 23.229268, 108.769369 23.228726, 108.769466 23.228493)"
gis_osm_roads_free,<NA>,842701385,residential,roads:gis_osm_roads_free:842701385:residential,OGC:CRS84,450126,OpenStreetMap,real,kept,<NA>,,residential,,B,0,F,F,0,108.7751305,23.2534027,,derived_from_source_layer_osm_id_fclass,smartbidata_task06_20260810,team_shared,team_shared_source,广西壮族自治区,南宁市,宾阳县,1256.7039525320763,107.82801035801937,0.0858022369872885,1,True,True,False,False,疑似受影响，需现场核查,Task_20洪涝范围相交筛查；道路通行状态需现场核查,nanning_flood_20260706_0707,2026-07-07,dispatch_v3,074f2c6841becf074f14d90e06a2e9672972f1ec,"LINESTRING (108.778102 23.249095, 108.777657 23.24975, 108.777217 23.250376, 108.776102 23.251988, 108.775603 23.252737, 108.775554 23.252786, 108.775474 23.252934, 108.77542 23.252989, 108.77513 23.253403, 108.773929 23.255123, 108.773736 23.255419, 108.773317 23.255995, 108.77321 23.256119, 108.773194 23.256168, 108.772663 23.256971, 108.772024 23.257888, 108.771864 23.25811, 108.771518 23.258662)"
gis_osm_roads_free,<NA>,527277186,secondary,roads:gis_osm_roads_free:527277186:secondary,OGC:CRS84,,OpenStreetMap,real,kept,<NA>,,secondary,X096,B,0,F,F,0,108.7600671,23.267568,,derived_from_source_layer_osm_id_fclass,smartbidata_task06_20260810,team_shared,team_shared_source,,,,8432.852710402803,303.98913237123105,0.036048196596180165,4,True,True,False,False,疑似受影响，需现场核查,Task_20洪涝范围相交筛查；道路通行状态需现场核查,nanning_flood_20260706_0707,2026-07-07,dispatch_v3,074f2c6841becf074f14d90e06a2e9672972f1ec,"LINESTRING (108.720667 23.273491, 108.723357 23.272899, 108.72517 23.27257, 108.725829 23.272465, 108.726172 23.272465, 108.727197 23.27259, 108.727856 23.272557, 108.72901 23.272484, 108.729518 23.272471, 108.730034 23.272557, 108.730708 23.272715, 108.731947 23.272715, 108.732069 23.272715, 108.734447 23.27261, 108.735422 23.272577, 108.735909 23.272432, 108.736826 23.272057, 108.737936 23.271583, 108.738682 23.271175, 108.738939 23.271129, 108.740079 23.271247, 108.740351 23.271326, 108.740537 23.271418, 108.74073 23.271425, 108.740953 23.271352, 108.741511 23.27101, 108.742407 23.270411, 108.742672 23.270319, 108.742994 23.27026, 108.743489 23.270365, 108.74404 23.270596, 108.744986 23.271122, 108.745366 23.271234, 108.745753 23.27124, 108.746318 23.271229, 108.746398 23.271227, 108.75061 23.271116, 108.751685 23.271083, 108.752007 23.271017, 108.752989 23.270576, 108.753354 23.27043, 108.753698 23.270293, 108.754579 23.269964, 108.7569 23.268944, 108.760067 23.267568, 108.760755 23.267364, 108.761579 23.267173, 108.762725 23.267061, 108.763871 23.266962, 108.764222 23.26689, 108.766207 23.266377, 108.766544 23.266212, 108.766931 23.265824, 108.768249 23.2646, 108.768707 23.264073, 108.769667 23.262915, 108.770405 23.262066, 108.771709 23.260611, 108.771887 23.260384, 108.772275 23.259887, 108.77239 23.259775, 108.772555 23.259729, 108.772784 23.259821, 108.773636 23.260466, 108.773944 23.260618, 108.774281 23.260677, 108.775385 23.260723, 108.777799 23.260769, 108.782563 23.26092, 108.783136 23.26096, 108.783437 23.26092, 108.785185 23.260348, 108.786045 23.260065, 108.786762 23.259992, 108.787414 23.259972, 108.788574 23.260078, 108.791239 23.260427, 108.792214 23.26046, 108.792644 23.260414, 108.793831 23.260177, 108.795588 23.259828, 108.796519 23.259657, 108.797028 23.259597)"
gis_osm_roads_free,<NA>,857870184,tertiary,roads:gis_osm_roads_free:857870184:tertiary,OGC:CRS84,450126,OpenStreetMap,real,kept,<NA>,,tertiary,,B,0,F,F,0,108.7884128,23.3023051,,derived_from_source_layer_osm_id_fclass,smartbidata_task06_20260810,team_shared,team_shared_source,广西壮族自治区,南宁市,宾阳县,3733.6144238928437,31.884051087232194,0.008539727852772854,1,True,False,False,False,疑似受影响，需现场核查,Task_20洪涝范围相交筛查；道路通行状态需现场核查,nanning_flood_20260706_0707,2026-07-07,dispatch_v3,074f2c6841becf074f14d90e06a2e9672972f1ec,"LINESTRING (108.805687 23.294954, 108.80516 23.295324, 108.804876 23.295442, 108.804549 23.295511, 108.802763 23.295688, 108.802457 23.295772, 108.802205 23.29588, 108.801867 23.296122, 108.800397 23.297294, 108.800147 23.29754, 108.799619 23.298058, 108.798852 23.298797, 108.798691 23.298901, 108.798476 23.298955, 108.797779 23.299137, 108.797355 23.29929, 108.796948 23.299403, 108.794952 23.300029, 108.791937 23.301029, 108.788413 23.302305, 108.787329 23.30265, 108.783486 23.304016, 108.782731 23.304637, 108.78227 23.304844, 108.782179 23.304853, 108.781804 23.304686, 108.781661 23.304682, 108.781312 23.304758, 108.780448 23.305088, 108.778058 23.305856, 108.776706 23.306411, 108.77614 23.306611, 108.775604 23.306746, 108.77516 23.306937, 108.773682 23.308417, 108.773392 23.308793)"
gis_osm_roads_free,<NA>,527277187,unclassified,roads:gis_osm_roads_free:527277187:unclassified,OGC:CRS84,450126,OpenStreetMap,real,kept,<NA>,,unclassified,,B,0,F,F,0,108.7740965,23.3350773,,derived_from_source_layer_osm_id_fclass,smartbidata_task06_20260810,team_shared,team_shared_source,广西壮族自治区,南宁市,宾阳县,3471.1757168412773,106.61364292090826,0.03071398615853571,2,True,True,False,False,疑似受影响，需现场核查,Task_20洪涝范围相交筛查；道路通行状态需现场核查,nanning_flood_20260706_0707,2026-07-07,dispatch_v3,074f2c6841becf074f14d90e06a2e9672972f1ec,"LINESTRING (108.79033 23.334603, 108.78967 23.334405, 108.789069 23.33431, 108.788387 23.334289, 108.787741 23.334371, 108.78605 23.335052, 108.784773 23.3357, 108.783705 23.336026, 108.783475 23.336061, 108.783215 23.335999, 108.782788 23.335682, 108.782085 23.335513, 108.78187 23.335538, 108.780416 23.335218, 108.779118 23.335043, 108.778705 23.335058, 108.777425 23.335024, 108.776619 23.334754, 108.776326 23.334679, 108.776196 23.33467, 108.775923 23.334751, 108.775141 23.33493, 108.774653 23.334952, 108.774096 23.335077, 108.773922 23.33514, 108.773728 23.335303, 108.77354 23.33535, 108.773158 23.335325, 108.772762 23.335225, 108.771645 23.334801, 108.77141 23.334776, 108.769665 23.33508, 108.768163 23.335632, 108.767736 23.335701, 108.766924 23.335786, 108.766538 23.335855, 108.764084 23.336425, 108.762182 23.336732, 108.760897 23.336313, 108.76027 23.336109, 108.758396 23.335811, 108.757758 23.335732)"
gis_osm_roads_free,<NA>,857801311,primary,roads:gis_osm_roads_free:857801311:primary,OGC:CRS84,,OpenStreetMap,real,kept,<NA>,,primary,S309,B,0,F,F,0,108.7775466,23.3579792,,derived_from_source_layer_osm_id_fclass,smartbidata_task06_20260810,team_shared,team_shared_source,,,,3368.1950423700728,244.39667715301582,0.07256013208220953,1,True,True,False,False,疑似受影响，需现场核查,Task_20洪涝范围相交筛查；道路通行状态需现场核查,nanning_flood_20260706_0707,2026-07-07,dispatch_v3,074f2c6841becf074f14d90e06a2e9672972f1ec,"LINESTRING (108.770316 23.371552, 108.770629 23.370384, 108.770856 23.36919, 108.771089 23.367927, 108.771282 23.366905, 108.771444 23.36612, 108.771674 23.36539, 108.772123 23.364425, 108.77255 23.363778, 108.773066 23.363116, 108.77362 23.362557, 108.774501 23.361608, 108.775393 23.360721, 108.776154 23.359816, 108.777066 23.358654, 108.777547 23.357979, 108.778572 23.356436, 108.7797 23.354684, 108.780663 23.353168, 108.781518 23.351857, 108.78235 23.350595, 108.783609 23.348662, 108.784345 23.347541, 108.784883 23.34628, 108.785273 23.34538, 108.785458 23.345044)"
gis_osm_roads_free,<NA>,865632093,tertiary,roads:gis_osm_roads_free:865632093:tertiary,OGC:CRS84,450125,OpenStreetMap,real,kept,<NA>,,tertiary,,B,0,F,F,0,108.7841105,23.3585381,,derived_from_source_layer_osm_id_fclass,smartbidata_task06_20260810,team_shared,team_shared_source,广西壮族自治区,南宁市,上林县,1611.6185810946772,569.5906933173462,0.35342772787495225,1,True,True,False,False,疑似受影响，需现场核查,Task_20洪涝范围相交筛查；道路通行状态需现场核查,nanning_flood_20260706_0707,2026-07-07,dispatch_v3,074f2c6841becf074f14d90e06a2e9672972f1ec,"LINESTRING (108.7797 23.354684, 108.782415 23.356686, 108.783392 23.357553, 108.78411 23.358538, 108.787919 23.361956, 108.789121 23.362911, 108.790484 23.364625, 108.790591 23.364728, 108.790864 23.36482)"
gis_osm_roads_free,<NA>,865632092,tertiary,roads:gis_osm_roads_free:865632092:tertiary,OGC:CRS84,450125,OpenStreetMap,real,kept,<NA>,,tertiary,,B,0,F,F,0,108.7939435,23.3681066,,derived_from_source_layer_osm_id_fclass,smartbidata_task06_20260810,team_shared,team_shared_source,广西壮族自治区,南宁市,上林县,1096.535487133178,69.0178241378211,0.06294171501759946,1,True,False,False,False,疑似受影响，需现场核查,Task_20洪涝范围相交筛查；道路通行状态需现场核查,nanning_flood_20260706_0707,2026-07-07,dispatch_v3,074f2c6841becf074f14d90e06a2e9672972f1ec,"LINESTRING (108.790864 23.36482, 108.790934 23.365541, 108.791299 23.366176, 108.791389 23.36632, 108.791486 23.36646, 108.791588 23.366598, 108.791695 23.366731, 108.791808 23.366861, 108.791949 23.367009, 108.792097 23.367152, 108.792252 23.367288, 108.792414 23.367417, 108.792581 23.36754, 108.792725 23.367631, 108.792873 23.367716, 108.793026 23.367794, 108.793182 23.367865, 108.793329 23.367926, 108.79348 23.36798, 108.793632 23.368028, 108.793787 23.36807, 108.793944 23.368107, 108.794952 23.368432, 108.795215 23.36857, 108.795408 23.368643, 108.795531 23.368609, 108.795724 23.368505, 108.795939 23.368397, 108.796143 23.368294, 108.796481 23.368141, 108.796658 23.368038, 108.796915 23.367939, 108.797151 23.367865, 108.797226 23.367777, 108.79727 23.367624, 108.797334 23.367471, 108.797516 23.367264, 108.797564 23.367097, 108.79757 23.36693, 108.797613 23.366811, 108.797688 23.366659, 108.797854 23.366575, 108.798385 23.36658)"
gis_osm_roads_free,<NA>,1347413392,unclassified,roads:gis_osm_roads_free:1347413392:unclassified,OGC:CRS84,450126,OpenStreetMap,real,kept,<NA>,,unclassified,,B,0,F,F,0,108.7970012,23.29261,,derived_from_source_layer_osm_id_fclass,smartbidata_task06_20260810,team_shared,team_shared_source,广西壮族自治区,南宁市,宾阳县,1171.4981722796092,347.8350351178409,0.2969147057574929,2,True,True,False,False,疑似受影响，需现场核查,Task_20洪涝范围相交筛查；道路通行状态需现场核查,nanning_flood_20260706_0707,2026-07-07,dispatch_v3,074f2c6841becf074f14d90e06a2e9672972f1ec,"LINESTRING (108.800147 23.29754, 108.799882 23.29733, 108.79948 23.296872, 108.798879 23.296094, 108.79816 23.294738, 108.797682 23.293985, 108.797522 23.293645, 108.797001 23.29261, 108.795853 23.291452, 108.795531 23.291186, 108.794292 23.290161, 108.793504 23.28957, 108.793209 23.289319)"
gis_osm_roads_free,<NA>,1347413398,service,roads:gis_osm_roads_free:1347413398:service,OGC:CRS84,450126,OpenStreetMap,real,kept,<NA>,,service,,B,0,F,F,0,108.7979427,23.2879241,,derived_from_source_layer_osm_id_fclass,smartbidata_task06_20260810,team_shared,team_shared_source,广西壮族自治区,南宁市,宾阳县,209.06905658010265,4.71350391583797,0.022545201059115314,1,True,False,False,False,疑似受影响，需现场核查,Task_20洪涝范围相交筛查；道路通行状态需现场核查,nanning_flood_20260706_0707,2026-07-07,dispatch_v3,074f2c6841becf074f14d90e06a2e9672972f1ec,"LINESTRING (108.797365 23.288856, 108.797082 23.288478, 108.797943 23.287924, 108.798233 23.288297)"
gis_osm_roads_free,<NA>,1347789544,primary,roads:gis_osm_roads_free:1347789544:primary,OGC:CRS84,450126,OpenStreetMap,real,kept,<NA>,新柳南高速宾阳连接线,primary,,B,0,F,F,0,108.760753,23.2784799,,derived_from_source_layer_osm_id_fclass,smartbidata_task06_20260810,team_shared,team_shared_source,广西壮族自治区,南宁市,宾阳县,8876.233296247807,600.1910605824302,0.06761776539110853,5,True,True,False,False,疑似受影响，需现场核查,Task_20洪涝范围相交筛查；道路通行状态需现场核查,nanning_flood_20260706_0707,2026-07-07,dispatch_v3,074f2c6841becf074f14d90e06a2e9672972f1ec,"LINESTRING (108.796412 23.257817, 108.795827 23.25825, 108.795152 23.2589, 108.793831 23.260177, 108.789806 23.264199, 108.788571 23.265293, 108.788021 23.265717, 108.786864 23.266458, 108.785745 23.267075, 108.784375 23.267662, 108.783428 23.26797, 108.782433 23.268229, 108.781439 23.268428, 108.77981 23.268647, 108.772223 23.269642, 108.771814 23.269702, 108.771249 23.269853, 108.7707 23.270064, 108.770167 23.270336, 108.769631 23.270691, 108.769194 23.271057, 108.768811 23.271468, 108.768435 23.271931, 108.768161 23.27236, 108.766337 23.275783, 108.766025 23.276198, 108.765681 23.276572, 108.765296 23.276928, 108.764818 23.277221, 108.764339 23.277449, 108.760753 23.27848, 108.760204 23.278646, 108.759246 23.279013, 108.758955 23.279156, 108.758287 23.279499, 108.755656 23.280894, 108.755198 23.281043, 108.754848 23.281132, 108.754311 23.2812, 108.75382 23.281232, 108.74954 23.28126, 108.748986 23.281282, 108.747947 23.28141, 108.74682 23.281618, 108.740741 23.28285, 108.739889 23.283074, 108.739006 23.283378, 108.738206 23.283741, 108.737385 23.284189, 108.732674 23.287117, 108.732023 23.287422, 108.731061 23.287807, 108.730239 23.288047, 108.729453 23.288209, 108.728802 23.288304, 108.72789 23.288383, 108.723169 23.288535, 108.721336 23.288594, 108.720892 23.288606, 108.720775 23.2886)"
gis_osm_roads_free,<NA>,1425820555,motorway,roads:gis_osm_roads_free:1425820555:motorway,OGC:CRS84,450126,OpenStreetMap,real,kept,<NA>,上横高速,motorway,S84,F,120,F,F,0,108.7747469,23.3387549,,derived_from_source_layer_osm_id_fclass,smartbidata_task06_20260810,team_shared,team_shared_source,广西壮族自治区,南宁市,宾阳县,1495.8880665616546,50.7309674927933,0.03391361200534209,1,True,False,False,False,疑似受影响，需现场核查,Task_20洪涝范围相交筛查；道路通行状态需现场核查,nanning_flood_20260706_0707,2026-07-07,dispatch_v3,074f2c6841becf074f14d90e06a2e9672972f1ec,"LINESTRING (108.768523 23.336098, 108.769568 23.336749, 108.77027 23.337128, 108.770846 23.337419, 108.771706 23.337803, 108.772668 23.338168, 108.773274 23.33838, 108.773999 23.338586, 108.774747 23.338755, 108.775924 23.339, 108.77745 23.339245, 108.779386 23.339564, 108.782346 23.340065)"
gis_osm_roads_free,<NA>,1425820557,motorway,roads:gis_osm_roads_free:1425820557:motorway,OGC:CRS84,450126,OpenStreetMap,real,kept,<NA>,上横高速,motorway,S84,F,120,F,F,0,108.774679,23.3389013,,derived_from_source_layer_osm_id_fclass,smartbidata_task06_20260810,team_shared,team_shared_source,广西壮族自治区,南宁市,宾阳县,1503.2165849909386,70.23367428029879,0.0467222587759848,1,True,False,False,False,疑似受影响，需现场核查,Task_20洪涝范围相交筛查；道路通行状态需现场核查,nanning_flood_20260706_0707,2026-07-07,dispatch_v3,074f2c6841becf074f14d90e06a2e9672972f1ec,"LINESTRING (108.782317 23.340159, 108.781562 23.34004, 108.777382 23.339372, 108.774679 23.338901, 108.773586 23.338621, 108.772529 23.33826, 108.771601 23.337892, 108.770635 23.337444, 108.769872 23.337053, 108.768416 23.336205)"
gis_osm_roads_free,<NA>,1529294175,unclassified,roads:gis_osm_roads_free:1529294175:unclassified,OGC:CRS84,450126,OpenStreetMap,real,kept,<NA>,,unclassified,,B,0,F,F,0,108.7570119,23.2764669,,derived_from_source_layer_osm_id_fclass,smartbidata_task06_20260810,team_shared,team_shared_source,广西壮族自治区,南宁市,宾阳县,717.8860073338926,259.1331327179816,0.36096696421254715,2,True,True,False,False,疑似受影响，需现场核查,Task_20洪涝范围相交筛查；道路通行状态需现场核查,nanning_flood_20260706_0707,2026-07-07,dispatch_v3,074f2c6841becf074f14d90e06a2e9672972f1ec,"LINESTRING (108.759246 23.279013, 108.757012 23.276467, 108.756563 23.275833, 108.75477 23.274033)"
gis_osm_roads_free,<NA>,1529294176,unclassified,roads:gis_osm_roads_free:1529294176:unclassified,OGC:CRS84,450126,OpenStreetMap,real,kept,<NA>,,unclassified,,B,0,F,F,0,108.7549837,23.2744765,,derived_from_source_layer_osm_id_fclass,smartbidata_task06_20260810,team_shared,team_shared_source,广西壮族自治区,南宁市,宾阳县,1242.767445624087,416.7871620954238,0.33537019622051945,1,True,True,False,False,疑似受影响，需现场核查,Task_20洪涝范围相交筛查；道路通行状态需现场核查,nanning_flood_20260706_0707,2026-07-07,dispatch_v3,074f2c6841becf074f14d90e06a2e9672972f1ec,"LINESTRING (108.75382 23.281232, 108.754086 23.280671, 108.754106 23.2804, 108.754176 23.28012, 108.754199 23.279743, 108.754138 23.278761, 108.754202 23.278652, 108.754984 23.274476, 108.75477 23.274033, 108.754544 23.273637, 108.753354 23.27043)"
gis_osm_roads_free,<NA>,527269375,unclassified,roads:gis_osm_roads_free:527269375:unclassified,OGC:CRS84,450125,OpenStreetMap,real,kept,<NA>,,unclassified,,B,0,F,F,0,108.6802876,23.3115418,,derived_from_source_layer_osm_id_fclass,smartbidata_task06_20260810,team_shared,team_shared_source,广西壮族自治区,南宁市,上林县,3502.871797128164,175.03052125929,0.04996772117175088,2,True,True,False,False,疑似受影响，需现场核查,Task_20洪涝范围相交筛查；道路通行状态需现场核查,nanning_flood_20260706_0707,2026-07-07,dispatch_v3,074f2c6841becf074f14d90e06a2e9672972f1ec,"LINESTRING (108.696172 23.312665, 108.695962 23.312428, 108.695549 23.312133, 108.695388 23.311847, 108.695067 23.310891, 108.694975 23.310748, 108.694573 23.310379, 108.694026 23.31028, 108.693506 23.310182, 108.693312 23.310138, 108.684418 23.311287, 108.683361 23.311416, 108.683206 23.311455, 108.681112 23.311983, 108.680871 23.311999, 108.680288 23.311542, 108.679738 23.311368, 108.678639 23.311321, 108.677747 23.311132, 108.676991 23.311022, 108.676716 23.310785, 108.676081 23.31058, 108.675532 23.310485, 108.675051 23.310202, 108.6748 23.310178, 108.674708 23.31017, 108.674176 23.310375, 108.673643 23.310548, 108.673146 23.31047, 108.672785 23.310438, 108.671892 23.310485, 108.671566 23.310375, 108.671068 23.310075, 108.67057 23.309918, 108.670338 23.309918, 108.668699 23.309918, 108.665488 23.309681, 108.664297 23.309851)"
gis_osm_roads_free,<NA>,1531542019,secondary,roads:gis_osm_roads_free:1531542019:secondary,OGC:CRS84,450125,OpenStreetMap,real,kept,<NA>,,secondary,X585,B,0,F,F,0,108.6911215,23.3371982,,derived_from_source_layer_osm_id_fclass,smartbidata_task06_20260810,team_shared,team_shared_source,广西壮族自治区,南宁市,上林县,2673.8299034118763,190.65418919114524,0.07130378374026917,1,True,True,False,False,疑似受影响，需现场核查,Task_20洪涝范围相交筛查；道路通行状态需现场核查,nanning_flood_20260706_0707,2026-07-07,dispatch_v3,074f2c6841becf074f14d90e06a2e9672972f1ec,"LINESTRING (108.683055 23.328137, 108.683792 23.32889, 108.684341 23.329864, 108.685022 23.330559, 108.685798 23.331601, 108.686612 23.332939, 108.687464 23.333461, 108.688044 23.333679, 108.688205 23.333739, 108.688849 23.334156, 108.689721 23.334726, 108.690378 23.335522, 108.690958 23.336318, 108.691122 23.337198, 108.691347 23.338014, 108.69129 23.338987, 108.691405 23.339414, 108.691702 23.340094, 108.692293 23.340829, 108.692823 23.341507, 108.69288 23.341889, 108.692653 23.342897, 108.692677 23.343172, 108.693291 23.344766, 108.693689 23.345497, 108.694299 23.346181, 108.694659 23.346268, 108.695538 23.345999, 108.695832 23.346029, 108.696027 23.346183, 108.696374 23.346572)"
gis_osm_roads_free,<NA>,527271956,secondary,roads:gis_osm_roads_free:527271956:secondary,OGC:CRS84,450125,OpenStreetMap,real,kept,<NA>,,secondary,X585,B,0,F,F,0,108.7176564,23.3499317,,derived_from_source_layer_osm_id_fclass,smartbidata_task06_20260810,team_shared,team_shared_source,广西壮族自治区,南宁市,上林县,4702.234168521526,215.34843533564995,0.04579704617376801,2,True,True,False,False,疑似受影响，需现场核查,Task_20洪涝范围相交筛查；道路通行状态需现场核查,nanning_flood_20260706_0707,2026-07-07,dispatch_v3,074f2c6841becf074f14d90e06a2e9672972f1ec,"LINESTRING (108.696763 23.34717, 108.697112 23.347708, 108.69746 23.347779, 108.699901 23.347571, 108.700658 23.347397, 108.701415 23.347258, 108.702664 23.347241, 108.703686 23.347136, 108.706184 23.347188, 108.706714 23.34698, 108.707093 23.346719, 108.707812 23.346163, 108.709774 23.345236, 108.710605 23.344946, 108.71191 23.344604, 108.712885 23.34438, 108.713515 23.344354, 108.714275 23.344433, 108.714935 23.34467, 108.71568 23.34517, 108.716038 23.345525, 108.716225 23.345894, 108.716196 23.346802, 108.716468 23.347605, 108.716741 23.348184, 108.716956 23.348368, 108.717257 23.348578, 108.717415 23.348881, 108.717624 23.349727, 108.717656 23.349932, 108.717679 23.350435, 108.717753 23.350688, 108.717843 23.350843, 108.717999 23.350987, 108.718748 23.351308, 108.718928 23.351436, 108.719479 23.352014, 108.719808 23.352382, 108.72031 23.352737, 108.720568 23.352816, 108.720998 23.352908, 108.721328 23.353093, 108.721615 23.353251, 108.721973 23.353316, 108.72236 23.35358, 108.722676 23.353948, 108.722833 23.354022, 108.722991 23.35404, 108.723464 23.354014, 108.723865 23.354132, 108.724152 23.354356, 108.724754 23.354593, 108.725313 23.355159, 108.726073 23.355685, 108.726514 23.356278, 108.72713 23.357199, 108.727991 23.358055, 108.72812 23.358154, 108.7284 23.358206, 108.731174 23.358266, 108.731604 23.358206, 108.732952 23.35764, 108.733447 23.357548)"
gis_osm_roads_free,<NA>,1531543056,unclassified,roads:gis_osm_roads_free:1531543056:unclassified,OGC:CRS84,450125,OpenStreetMap,real,kept,<NA>,,unclassified,,B,0,F,F,0,108.6687274,23.3422947,,derived_from_source_layer_osm_id_fclass,smartbidata_task06_20260810,team_shared,team_shared_source,广西壮族自治区,南宁市,上林县,5338.852834618245,325.21739594686426,0.06091522018327351,2,True,True,False,False,疑似受影响，需现场核查,Task_20洪涝范围相交筛查；道路通行状态需现场核查,nanning_flood_20260706_0707,2026-07-07,dispatch_v3,074f2c6841becf074f14d90e06a2e9672972f1ec,"LINESTRING (108.645658 23.338465, 108.646181 23.338682, 108.647267 23.338918, 108.6478 23.338842, 108.648047 23.338879, 108.649154 23.338983, 108.649364 23.33895, 108.649895 23.339081, 108.649941 23.339291, 108.650042 23.339312, 108.650694 23.339144, 108.650784 23.339175, 108.650912 23.33947, 108.651067 23.339496, 108.651484 23.339425, 108.652283 23.339514, 108.652481 23.339406, 108.652752 23.33938, 108.653123 23.339183, 108.653358 23.33923, 108.654925 23.339516, 108.655783 23.339458, 108.657641 23.33945, 108.657909 23.339599, 108.658556 23.339577, 108.659576 23.339797, 108.659782 23.339863, 108.660414 23.3398, 108.66106 23.339899, 108.661302 23.339836, 108.661935 23.339508, 108.662019 23.339527, 108.662257 23.339771, 108.662584 23.340362, 108.663124 23.340629, 108.663591 23.340737, 108.663831 23.340632, 108.664216 23.340438, 108.664677 23.340393, 108.664933 23.340409, 108.66542 23.340587, 108.665691 23.340634, 108.666368 23.341147, 108.666559 23.341438, 108.66704 23.341915, 108.668085 23.342342, 108.668727 23.342295, 108.669473 23.342306, 108.669824 23.342264, 108.670415 23.342478, 108.670783 23.342803, 108.671267 23.343236, 108.67235 23.343774, 108.673699 23.343802, 108.674019 23.343727, 108.674091 23.343796, 108.6742 23.344056, 108.674776 23.344789, 108.67498 23.344891, 108.675147 23.344892, 108.675239 23.3448, 108.67543 23.344587, 108.675733 23.344462, 108.676618 23.344651, 108.676855 23.344651, 108.677172 23.344517, 108.677484 23.344188, 108.677826 23.344099, 108.677968 23.344033, 108.678536 23.343768, 108.678758 23.343516, 108.679534 23.342962, 108.680003 23.342581, 108.680479 23.342562, 108.681234 23.342335, 108.681595 23.34213, 108.681789 23.341855, 108.68236 23.341397, 108.682436 23.341294, 108.682668 23.34118, 108.68276 23.340992, 108.683213 23.340542, 108.683845 23.339877, 108.684092 23.339674, 108.684627 23.338793, 108.685112 23.337502, 108.685032 23.336684, 108.685422 23.336152, 108.68593 23.336057, 108.686002 23.335582, 108.68628 23.334736, 108.687226 23.333831, 108.687367 23.333545, 108.687464 23.333461)"
gis_osm_roads_free,<NA>,1531543057,unclassified,roads:gis_osm_roads_free:1531543057:unclassified,OGC:CRS84,450125,OpenStreetMap,real,kept,<NA>,,unclassified,,B,0,F,F,0,108.7018494,23.3337792,,derived_from_source_layer_osm_id_fclass,smartbidata_task06_20260810,team_shared,team_shared_source,广西壮族自治区,南宁市,上林县,3458.0003065759242,11.627416549582751,0.003362468339713971,1,True,False,False,False,疑似受影响，需现场核查,Task_20洪涝范围相交筛查；道路通行状态需现场核查,nanning_flood_20260706_0707,2026-07-07,dispatch_v3,074f2c6841becf074f14d90e06a2e9672972f1ec,"LINESTRING (108.688044 23.333679, 108.688417 23.333328, 108.688855 23.332789, 108.689407 23.332684, 108.690354 23.332227, 108.691675 23.3321, 108.692054 23.332207, 108.694097 23.333432, 108.694668 23.333716, 108.695608 23.334697, 108.696245 23.334842, 108.696513 23.334851, 108.699109 23.333889, 108.699847 23.334092, 108.700619 23.333678, 108.700888 23.333646, 108.701446 23.333854, 108.701849 23.333779, 108.702966 23.333301, 108.70308 23.333356, 108.703584 23.333976, 108.704458 23.334636, 108.704779 23.334555, 108.705066 23.334254, 108.70548 23.333857, 108.706022 23.333817, 108.706587 23.333866, 108.707454 23.334214, 108.707949 23.334277, 108.708469 23.334567, 108.709002 23.334524, 108.709822 23.334619, 108.710128 23.334492, 108.710147 23.334321, 108.710185 23.334182, 108.710374 23.333863, 108.71039 23.333724, 108.71051 23.333704, 108.71122 23.333768, 108.71139 23.333524, 108.71128 23.333249, 108.711018 23.333035, 108.710848 23.332635, 108.71092 23.332401, 108.710788 23.332108, 108.71068 23.331798, 108.71074 23.33137, 108.71075 23.330973, 108.710945 23.33009, 108.710825 23.328792, 108.710806 23.328514, 108.710851 23.32828, 108.711242 23.327987)"
gis_osm_roads_free,<NA>,1531543058,unclassified,roads:gis_osm_roads_free:1531543058:unclassified,OGC:CRS84,450125,OpenStreetMap,real,kept,<NA>,,unclassified,,B,0,F,F,0,108.7019031,23.3292383,,derived_from_source_layer_osm_id_fclass,smartbidata_task06_20260810,team_shared,team_shared_source,广西壮族自治区,南宁市,上林县,1787.2677583291163,90.44421006348871,0.05060473431694607,1,True,False,False,False,疑似受影响，需现场核查,Task_20洪涝范围相交筛查；道路通行状态需现场核查,nanning_flood_20260706_0707,2026-07-07,dispatch_v3,074f2c6841becf074f14d90e06a2e9672972f1ec,"LINESTRING (108.707798 23.334222, 108.707779 23.333698, 108.707511 23.333093, 108.706728 23.332357, 108.706255 23.33174, 108.706032 23.3313, 108.705524 23.33104, 108.705164 23.330753, 108.702994 23.329902, 108.702912 23.329771, 108.702676 23.329308, 108.702461 23.329215, 108.702064 23.329337, 108.701903 23.329238, 108.700755 23.328497, 108.700197 23.328668, 108.698979 23.32885, 108.696939 23.328798, 108.696702 23.3287, 108.696661 23.328494, 108.696737 23.327799, 108.696649 23.327495, 108.69644 23.327376, 108.695721 23.327263, 108.694931 23.326856, 108.694901 23.32684)"
gis_osm_roads_free,<NA>,1425820569,motorway_link,roads:gis_osm_roads_free:1425820569:motorway_link,OGC:CRS84,450125,OpenStreetMap,real,kept,<NA>,,motorway_link,,F,0,F,F,0,108.7196758,23.3437093,,derived_from_source_layer_osm_id_fclass,smartbidata_task06_20260810,team_shared,team_shared_source,广西壮族自治区,南宁市,上林县,317.158380075024,31.015261127013467,0.09779108191836769,1,True,False,False,False,疑似受影响，需现场核查,Task_20洪涝范围相交筛查；道路通行状态需现场核查,nanning_flood_20260706_0707,2026-07-07,dispatch_v3,074f2c6841becf074f14d90e06a2e9672972f1ec,"LINESTRING (108.720154 23.345014, 108.720142 23.344982, 108.720111 23.344895, 108.720064 23.344766, 108.720006 23.344607, 108.719943 23.344432, 108.719878 23.344254, 108.719817 23.344087, 108.719764 23.343942, 108.719723 23.343833, 108.7197 23.343773, 108.719676 23.343709, 108.719632 23.34359, 108.719575 23.343428, 108.719508 23.343239, 108.719436 23.343036, 108.719366 23.342832, 108.7193 23.342643, 108.719245 23.342481, 108.719205 23.34236, 108.719185 23.342295)"
gis_osm_roads_free,<NA>,857792556,secondary,roads:gis_osm_roads_free:857792556:secondary,OGC:CRS84,450125,OpenStreetMap,real,kept,<NA>,,secondary,X585,B,0,F,F,0,108.7468064,23.3747199,,derived_from_source_layer_osm_id_fclass,smartbidata_task06_20260810,team_shared,team_shared_source,广西壮族自治区,南宁市,上林县,5223.346638049404,542.5217138066783,0.10386477318098815,2,True,True,False,False,疑似受影响，需现场核查,Task_20洪涝范围相交筛查；道路通行状态需现场核查,nanning_flood_20260706_0707,2026-07-07,dispatch_v3,074f2c6841becf074f14d90e06a2e9672972f1ec,"LINESTRING (108.733447 23.357548, 108.733705 23.357561, 108.733916 23.357662, 108.735724 23.359188, 108.736072 23.359444, 108.736485 23.35971, 108.737215 23.360129, 108.737456 23.360336, 108.737955 23.360863, 108.738341 23.361296, 108.738508 23.361562, 108.738846 23.362207, 108.739001 23.362399, 108.739221 23.362552, 108.739468 23.36267, 108.74031 23.363039, 108.740514 23.363202, 108.74067 23.363384, 108.741362 23.364773, 108.741603 23.365088, 108.74186 23.365487, 108.742016 23.36591, 108.742386 23.367151, 108.742445 23.367629, 108.742493 23.368161, 108.742595 23.368628, 108.74296 23.369998, 108.743062 23.370194, 108.743164 23.370332, 108.744022 23.371371, 108.746806 23.37472, 108.748013 23.375941, 108.748308 23.376241, 108.748351 23.376374, 108.7484 23.376488, 108.748389 23.376616, 108.748351 23.376758, 108.748024 23.377684, 108.747413 23.379437, 108.747257 23.379875, 108.747219 23.380067, 108.747128 23.381958, 108.747037 23.38247, 108.746785 23.383682, 108.74656 23.385178, 108.746168 23.388162, 108.745959 23.389935, 108.745986 23.390255, 108.746533 23.392318, 108.746839 23.393376, 108.747042 23.393765, 108.747643 23.394607, 108.748673 23.395956, 108.749113 23.396567, 108.749489 23.397177, 108.749735 23.397359, 108.750234 23.397615, 108.750482 23.397737)"
gis_osm_roads_free,<NA>,865632104,primary,roads:gis_osm_roads_free:865632104:primary,OGC:CRS84,450125,OpenStreetMap,real,kept,<NA>,,primary,S309,B,0,F,F,0,108.7594749,23.3850576,,derived_from_source_layer_osm_id_fclass,smartbidata_task06_20260810,team_shared,team_shared_source,广西壮族自治区,南宁市,上林县,3789.1642734069237,22.976809836802783,0.006063819929386121,1,True,False,False,False,疑似受影响，需现场核查,Task_20洪涝范围相交筛查；道路通行状态需现场核查,nanning_flood_20260706_0707,2026-07-07,dispatch_v3,074f2c6841becf074f14d90e06a2e9672972f1ec,"LINESTRING (108.749756 23.399573, 108.749936 23.399109, 108.750482 23.397737, 108.750691 23.397214, 108.75134 23.3956, 108.751851 23.394337, 108.752272 23.393469, 108.75255 23.393008, 108.752999 23.392382, 108.753511 23.391763, 108.754699 23.390549, 108.755535 23.389699, 108.756499 23.388722, 108.757503 23.387686, 108.758165 23.386953, 108.75881 23.386103, 108.759475 23.385058, 108.759871 23.384368, 108.76055 23.383179, 108.760924 23.382614, 108.761306 23.382106, 108.761785 23.381587, 108.762328 23.381034, 108.763012 23.38051, 108.764782 23.379126, 108.76587 23.378281, 108.766734 23.377459, 108.767211 23.376925, 108.767757 23.376252, 108.768555 23.375034, 108.769404 23.373696, 108.76978 23.372974, 108.770027 23.37239, 108.770267 23.371694)"
gis_osm_roads_free,<NA>,842701376,residential,roads:gis_osm_roads_free:842701376:residential,OGC:CRS84,450126,OpenStreetMap,real,kept,<NA>,,residential,,B,0,F,F,0,108.7848831,23.2293764,,derived_from_source_layer_osm_id_fclass,smartbidata_task06_20260810,team_shared,team_shared_source,广西壮族自治区,南宁市,宾阳县,728.1101287529978,75.19071917627454,0.10326833291695912,1,True,False,False,False,疑似受影响，需现场核查,Task_20洪涝范围相交筛查；道路通行状态需现场核查,nanning_flood_20260706_0707,2026-07-07,dispatch_v3,074f2c6841becf074f14d90e06a2e9672972f1ec,"LINESTRING (108.783671 23.230057, 108.784883 23.229376, 108.789293 23.22698, 108.789518 23.226877, 108.78984 23.226808)"
gis_osm_roads_free,<NA>,527277185,secondary,roads:gis_osm_roads_free:527277185:secondary,OGC:CRS84,450126,OpenStreetMap,real,kept,<NA>,,secondary,X096,B,0,F,F,0,108.7998724,23.2582743,,derived_from_source_layer_osm_id_fclass,smartbidata_task06_20260810,team_shared,team_shared_source,广西壮族自治区,南宁市,宾阳县,641.4923045907148,26.725579473231665,0.04166157455354532,2,True,False,False,False,疑似受影响，需现场核查,Task_20洪涝范围相交筛查；道路通行状态需现场核查,nanning_flood_20260706_0707,2026-07-07,dispatch_v3,074f2c6841becf074f14d90e06a2e9672972f1ec,"LINESTRING (108.79735 23.259518, 108.79806 23.259341, 108.799872 23.258274, 108.800567 23.25782, 108.802161 23.256776, 108.802228 23.256567, 108.802163 23.256254)"
gis_osm_roads_free,<NA>,1342853752,residential,roads:gis_osm_roads_free:1342853752:residential,OGC:CRS84,450126,OpenStreetMap,real,kept,<NA>,,residential,,B,0,F,F,0,108.7865299,23.2468905,,derived_from_source_layer_osm_id_fclass,smartbidata_task06_20260810,team_shared,team_shared_source,广西壮族自治区,南宁市,宾阳县,479.01508220603205,78.84829814389911,0.16460504287417238,1,True,False,False,False,疑似受影响，需现场核查,Task_20洪涝范围相交筛查；道路通行状态需现场核查,nanning_flood_20260706_0707,2026-07-07,dispatch_v3,074f2c6841becf074f14d90e06a2e9672972f1ec,"LINESTRING (108.787072 23.248694, 108.787115 23.248334, 108.787227 23.248167, 108.787254 23.24793, 108.78653 23.24689, 108.786224 23.246412, 108.786047 23.246181, 108.785495 23.245378, 108.785312 23.245272, 108.78499 23.245225)"
gis_osm_roads_free,<NA>,1342853758,residential,roads:gis_osm_roads_free:1342853758:residential,OGC:CRS84,450126,OpenStreetMap,real,kept,<NA>,,residential,,B,0,F,F,0,108.7825065,23.240089,,derived_from_source_layer_osm_id_fclass,smartbidata_task06_20260810,team_shared,team_shared_source,广西壮族自治区,南宁市,宾阳县,832.6039412357799,29.475363650979993,0.035401422202291796,2,True,False,False,False,疑似受影响，需现场核查,Task_20洪涝范围相交筛查；道路通行状态需现场核查,nanning_flood_20260706_0707,2026-07-07,dispatch_v3,074f2c6841becf074f14d90e06a2e9672972f1ec,"LINESTRING (108.785071 23.237308, 108.784341 23.237949, 108.784041 23.238206, 108.783724 23.238428, 108.783011 23.239034, 108.782866 23.239305, 108.782506 23.240089, 108.782319 23.240459, 108.782056 23.240976, 108.781772 23.24145, 108.78174 23.241839, 108.781793 23.242233, 108.781793 23.242361, 108.781611 23.243248, 108.78197 23.243554)"
gis_osm_roads_free,<NA>,1490150317,primary,roads:gis_osm_roads_free:1490150317:primary,OGC:CRS84,450126,OpenStreetMap,real,kept,<NA>,新柳南高速宾阳连接线,primary,,B,0,F,F,0,108.7993547,23.2566795,,derived_from_source_layer_osm_id_fclass,smartbidata_task06_20260810,team_shared,team_shared_source,广西壮族自治区,南宁市,宾阳县,488.849455846313,292.38401940582696,0.5981064638798497,2,True,True,False,False,疑似受影响，需现场核查,Task_20洪涝范围相交筛查；道路通行状态需现场核查,nanning_flood_20260706_0707,2026-07-07,dispatch_v3,074f2c6841becf074f14d90e06a2e9672972f1ec,"LINESTRING (108.802163 23.256254, 108.801846 23.25633, 108.801278 23.256415, 108.799355 23.25668, 108.798854 23.256774, 108.798191 23.256962, 108.797517 23.257214)"
gis_osm_roads_free,<NA>,857815076,tertiary,roads:gis_osm_roads_free:857815076:tertiary,OGC:CRS84,450126,OpenStreetMap,real,kept,<NA>,,tertiary,,B,0,F,F,0,108.8829607,23.3764581,,derived_from_source_layer_osm_id_fclass,smartbidata_task06_20260810,team_shared,team_shared_source,广西壮族自治区,南宁市,宾阳县,1921.4295016989042,66.64971488553152,0.03468756716111659,2,True,False,False,False,疑似受影响，需现场核查,Task_20洪涝范围相交筛查；道路通行状态需现场核查,nanning_flood_20260706_0707,2026-07-07,dispatch_v3,074f2c6841becf074f14d90e06a2e9672972f1ec,"LINESTRING (108.881083 23.367796, 108.882167 23.369377, 108.883127 23.370968, 108.883147 23.371022, 108.883266 23.371352, 108.883315 23.371815, 108.88328 23.372224, 108.883209 23.373066, 108.883197 23.373208, 108.883068 23.374488, 108.882961 23.376458, 108.882971 23.377088, 108.88302 23.377443, 108.883073 23.37765, 108.88368 23.379462, 108.883814 23.380043, 108.883969 23.381914, 108.883932 23.382392, 108.883776 23.383696, 108.883696 23.383972, 108.883508 23.38442)"
gis_osm_roads_free,<NA>,395693012,trunk,roads:gis_osm_roads_free:395693012:trunk,OGC:CRS84,450126,OpenStreetMap,real,kept,<NA>,,trunk,G322,B,0,F,F,0,108.8830465,23.3824358,,derived_from_source_layer_osm_id_fclass,smartbidata_task06_20260810,team_shared,team_shared_source,广西壮族自治区,南宁市,宾阳县,2840.8558150136,504.9176513194909,0.17773434633713495,3,True,True,False,False,疑似受影响，需现场核查,Task_20洪涝范围相交筛查；道路通行状态需现场核查,nanning_flood_20260706_0707,2026-07-07,dispatch_v3,074f2c6841becf074f14d90e06a2e9672972f1ec,"LINESTRING (108.883403 23.395442, 108.882768 23.394543, 108.882483 23.394006, 108.882338 23.393612, 108.882253 23.393051, 108.882301 23.391441, 108.882403 23.389812, 108.882537 23.388871, 108.882821 23.387424, 108.883395 23.385188, 108.883481 23.384735, 108.883508 23.38442, 108.883502 23.384134, 108.883476 23.383844, 108.883401 23.383539, 108.883046 23.382436, 108.882489 23.380658, 108.881625 23.37796, 108.881164 23.376458, 108.880536 23.374597, 108.880391 23.373942, 108.880327 23.373331, 108.880295 23.372725, 108.880289 23.372617, 108.880332 23.372105, 108.88059 23.370598)"
gis_osm_roads_free,<NA>,857815063,unclassified,roads:gis_osm_roads_free:857815063:unclassified,OGC:CRS84,450126,OpenStreetMap,real,kept,<NA>,,unclassified,,B,0,F,F,0,108.8901919,23.3763793,,derived_from_source_layer_osm_id_fclass,smartbidata_task06_20260810,team_shared,team_shared_source,广西壮族自治区,南宁市,宾阳县,519.6228727157427,67.99707323491778,0.13085850682349634,1,True,False,False,False,疑似受影响，需现场核查,Task_20洪涝范围相交筛查；道路通行状态需现场核查,nanning_flood_20260706_0707,2026-07-07,dispatch_v3,074f2c6841becf074f14d90e06a2e9672972f1ec,"LINESTRING (108.88803 23.376133, 108.888711 23.376074, 108.889334 23.376069, 108.889693 23.376128, 108.890192 23.376379, 108.890943 23.376857, 108.8912 23.377049, 108.891941 23.377463, 108.892536 23.377861)"
gis_osm_roads_free,<NA>,865632090,tertiary,roads:gis_osm_roads_free:865632090:tertiary,OGC:CRS84,450125,OpenStreetMap,real,kept,<NA>,,tertiary,,B,0,F,F,0,108.8118607,23.3895654,,derived_from_source_layer_osm_id_fclass,smartbidata_task06_20260810,team_shared,team_shared_source,广西壮族自治区,南宁市,上林县,297.60122844732433,0.8026155267972601,0.0026969496429324175,1,True,False,False,False,疑似受影响，需现场核查,Task_20洪涝范围相交筛查；道路通行状态需现场核查,nanning_flood_20260706_0707,2026-07-07,dispatch_v3,074f2c6841becf074f14d90e06a2e9672972f1ec,"LINESTRING (108.811281 23.390456, 108.811861 23.389565, 108.812306 23.388906, 108.812901 23.388231)"
gis_osm_roads_free,<NA>,865632094,tertiary,roads:gis_osm_roads_free:865632094:tertiary,OGC:CRS84,450125,OpenStreetMap,real,kept,<NA>,,tertiary,,B,0,F,F,0,108.810774,23.3908571,,derived_from_source_layer_osm_id_fclass,smartbidata_task06_20260810,team_shared,team_shared_source,广西壮族自治区,南宁市,上林县,123.15937366755068,92.30952612849953,0.7495127928928459,1,True,True,False,False,疑似受影响，需现场核查,Task_20洪涝范围相交筛查；道路通行状态需现场核查,nanning_flood_20260706_0707,2026-07-07,dispatch_v3,074f2c6841becf074f14d90e06a2e9672972f1ec,"LINESTRING (108.810348 23.391159, 108.810396 23.391121, 108.810525 23.391028, 108.810652 23.390946, 108.810774 23.390857, 108.81089 23.390762, 108.811281 23.390456)"
gis_osm_roads_free,<NA>,865632095,tertiary,roads:gis_osm_roads_free:865632095:tertiary,OGC:CRS84,450125,OpenStreetMap,real,kept,<NA>,,tertiary,,B,0,T,F,1,108.8101494,23.3912148,,derived_from_source_layer_osm_id_fclass,smartbidata_task06_20260810,team_shared,team_shared_source,广西壮族自治区,南宁市,上林县,21.219763172414186,15.59028618960968,0.7347059466656602,1,True,True,True,True,疑似受影响，需现场核查,Task_20洪涝范围相交筛查；道路通行状态需现场核查,nanning_flood_20260706_0707,2026-07-07,dispatch_v3,074f2c6841becf074f14d90e06a2e9672972f1ec,"LINESTRING (108.810149 23.391215, 108.810348 23.391159)"
gis_osm_roads_free,<NA>,865632096,tertiary,roads:gis_osm_roads_free:865632096:tertiary,OGC:CRS84,450125,OpenStreetMap,real,kept,<NA>,,tertiary,,B,0,F,F,0,108.7991416,23.3959265,,derived_from_source_layer_osm_id_fclass,smartbidata_task06_20260810,team_shared,team_shared_source,广西壮族自治区,南宁市,上林县,2413.3242426609577,205.7965502309236,0.08527513485051229,1,True,True,False,False,疑似受影响，需现场核查,Task_20洪涝范围相交筛查；道路通行状态需现场核查,nanning_flood_20260706_0707,2026-07-07,dispatch_v3,074f2c6841becf074f14d90e06a2e9672972f1ec,"LINESTRING (108.788552 23.399777, 108.790977 23.398895, 108.795252 23.397344, 108.798337 23.396158, 108.799142 23.395926, 108.800451 23.395405, 108.801454 23.394981, 108.802232 23.394774, 108.804683 23.393854, 108.807982 23.392643, 108.808118 23.392607, 108.80825 23.392564, 108.80838 23.392512, 108.808505 23.392453, 108.808626 23.392387, 108.808742 23.392313, 108.808852 23.392232, 108.808957 23.392145, 108.809055 23.392052, 108.809178 23.391922, 108.809308 23.391798, 108.809444 23.391679, 108.809586 23.391567, 108.809733 23.391462, 108.809887 23.391362, 108.810016 23.391286, 108.810149 23.391215)"
gis_osm_roads_free,<NA>,629194328,primary,roads:gis_osm_roads_free:629194328:primary,OGC:CRS84,450126,OpenStreetMap,real,kept,<NA>,新柳南高速宾阳连接线,primary,X096,B,0,F,F,0,108.8093315,23.2523644,,derived_from_source_layer_osm_id_fclass,smartbidata_task06_20260810,team_shared,team_shared_source,广西壮族自治区,南宁市,宾阳县,1683.9032250198197,347.4624200865323,0.20634346138415563,1,True,True,False,False,疑似受影响，需现场核查,Task_20洪涝范围相交筛查；道路通行状态需现场核查,nanning_flood_20260706_0707,2026-07-07,dispatch_v3,074f2c6841becf074f14d90e06a2e9672972f1ec,"LINESTRING (108.817109 23.250303, 108.816755 23.250353, 108.815431 23.250558, 108.814497 23.250755, 108.813124 23.251126, 108.812686 23.25127, 108.812203 23.251428, 108.811616 23.251607, 108.809946 23.252134, 108.809332 23.252364, 108.80859 23.252744, 108.808472 23.252816, 108.80407 23.25553, 108.80322 23.255913, 108.802565 23.256156, 108.802163 23.256254)"
gis_osm_roads_free,<NA>,991511366,secondary,roads:gis_osm_roads_free:991511366:secondary,OGC:CRS84,450126,OpenStreetMap,real,kept,<NA>,西环路,secondary,,B,0,F,F,0,108.8144218,23.2612318,,derived_from_source_layer_osm_id_fclass,smartbidata_task06_20260810,team_shared,team_shared_source,广西壮族自治区,南宁市,宾阳县,2873.123398482366,203.12880740879316,0.0706996460771888,1,True,True,False,False,疑似受影响，需现场核查,Task_20洪涝范围相交筛查；道路通行状态需现场核查,nanning_flood_20260706_0707,2026-07-07,dispatch_v3,074f2c6841becf074f14d90e06a2e9672972f1ec,"LINESTRING (108.809476 23.250303, 108.809379 23.25169, 108.809358 23.251931, 108.809332 23.252364, 108.809285 23.252937, 108.80928 23.253255, 108.809307 23.253654, 108.809347 23.253929, 108.809434 23.25434, 108.809565 23.2547, 108.809724 23.255039, 108.810041 23.255523, 108.811253 23.257092, 108.814422 23.261232, 108.815356 23.262553, 108.816402 23.263617, 108.818232 23.264527, 108.820621 23.26507, 108.821856 23.26535, 108.824774 23.266023, 108.827314 23.266588)"
gis_osm_roads_free,<NA>,1279596224,secondary,roads:gis_osm_roads_free:1279596224:secondary,OGC:CRS84,450126,OpenStreetMap,real,kept,<NA>,,secondary,,B,0,F,F,0,108.824161,23.258613,,derived_from_source_layer_osm_id_fclass,smartbidata_task06_20260810,team_shared,team_shared_source,广西壮族自治区,南宁市,宾阳县,550.9426168892645,140.0353364110526,0.25417408658949087,1,True,True,False,False,疑似受影响，需现场核查,Task_20洪涝范围相交筛查；道路通行状态需现场核查,nanning_flood_20260706_0707,2026-07-07,dispatch_v3,074f2c6841becf074f14d90e06a2e9672972f1ec,"LINESTRING (108.824352 23.26061, 108.824161 23.258613, 108.824193 23.257097, 108.824285 23.255648)"
gis_osm_roads_free,<NA>,1342853770,residential,roads:gis_osm_roads_free:1342853770:residential,OGC:CRS84,450126,OpenStreetMap,real,kept,<NA>,,residential,,B,0,F,F,0,108.8206207,23.2650696,,derived_from_source_layer_osm_id_fclass,smartbidata_task06_20260810,team_shared,team_shared_source,广西壮族自治区,南宁市,宾阳县,1137.0679071065406,110.26114271749084,0.09696970781460956,1,True,True,False,False,疑似受影响，需现场核查,Task_20洪涝范围相交筛查；道路通行状态需现场核查,nanning_flood_20260706_0707,2026-07-07,dispatch_v3,074f2c6841becf074f14d90e06a2e9672972f1ec,"LINESTRING (108.820497 23.260064, 108.820433 23.260325, 108.820433 23.261168, 108.820428 23.261301, 108.820497 23.262055, 108.820621 23.26507, 108.820706 23.26652, 108.820728 23.267259, 108.820814 23.268974, 108.820857 23.27031)"
gis_osm_roads_free,<NA>,57038516,secondary,roads:gis_osm_roads_free:57038516:secondary,OGC:CRS84,450126,OpenStreetMap,real,kept,<NA>,,secondary,,B,0,F,F,0,108.824807,23.26668,,derived_from_source_layer_osm_id_fclass,smartbidata_task06_20260810,team_shared,team_shared_source,广西壮族自治区,南宁市,宾阳县,1257.0334758144936,20.04140399262381,0.015943413105715423,1,True,False,False,False,疑似受影响，需现场核查,Task_20洪涝范围相交筛查；道路通行状态需现场核查,nanning_flood_20260706_0707,2026-07-07,dispatch_v3,074f2c6841becf074f14d90e06a2e9672972f1ec,"LINESTRING (108.825118 23.272099, 108.82502 23.271002, 108.824807 23.26668, 108.824774 23.266023, 108.824694 23.264437, 108.824595 23.263074, 108.824489 23.262011, 108.824418 23.261286, 108.824367 23.260777)"
gis_osm_roads_free,<NA>,318351122,primary,roads:gis_osm_roads_free:318351122:primary,OGC:CRS84,450126,OpenStreetMap,real,kept,<NA>,,primary,S309,B,0,F,F,0,108.7995203,23.3071562,,derived_from_source_layer_osm_id_fclass,smartbidata_task06_20260810,team_shared,team_shared_source,广西壮族自治区,南宁市,宾阳县,8658.690244544165,825.6443661933929,0.09535441768616575,6,True,True,False,False,疑似受影响，需现场核查,Task_20洪涝范围相交筛查；道路通行状态需现场核查,nanning_flood_20260706_0707,2026-07-07,dispatch_v3,074f2c6841becf074f14d90e06a2e9672972f1ec,"LINESTRING (108.785948 23.344284, 108.786209 23.343967, 108.786659 23.343469, 108.78795 23.341939, 108.78836 23.341321, 108.788686 23.34069, 108.788836 23.340307, 108.789148 23.339373, 108.78926 23.338668, 108.789424 23.337635, 108.789519 23.337092, 108.789702 23.336404, 108.790017 23.335499, 108.790262 23.334798, 108.79033 23.334603, 108.790544 23.333957, 108.790995 23.332605, 108.791402 23.331476, 108.792148 23.329211, 108.792807 23.327049, 108.793294 23.325449, 108.793877 23.323743, 108.794459 23.321732, 108.795375 23.318883, 108.796243 23.316138, 108.796813 23.314378, 108.797444 23.312404, 108.797863 23.311097, 108.798138 23.310282, 108.79845 23.309517, 108.798665 23.308988, 108.799162 23.307863, 108.79952 23.307156, 108.800046 23.30611, 108.800645 23.305113, 108.801489 23.303863, 108.802506 23.302277, 108.803117 23.301432, 108.803546 23.300672, 108.803839 23.299978, 108.804151 23.298893, 108.804305 23.298384, 108.80456 23.29752, 108.804788 23.296693, 108.805109 23.295936, 108.805617 23.295054, 108.805687 23.294954, 108.805972 23.294548, 108.806657 23.293622, 108.806964 23.293181, 108.807319 23.292612, 108.80783 23.291701, 108.808154 23.291044, 108.808489 23.290493, 108.808805 23.290068, 108.809208 23.289577, 108.809748 23.28893, 108.810416 23.288181, 108.811271 23.28722, 108.811745 23.286672, 108.81241 23.286028, 108.813308 23.285316, 108.813981 23.28488, 108.815291 23.284222, 108.816399 23.283638, 108.816939 23.283332, 108.817689 23.282891, 108.818532 23.282403, 108.81953 23.281808, 108.821067 23.280903, 108.82226 23.28019, 108.823075 23.279698, 108.823502 23.279534, 108.823947 23.279364, 108.82466 23.279241, 108.824896 23.279163, 108.825062 23.279108, 108.825191 23.278994, 108.825288 23.278876, 108.825378 23.27863)"
gis_osm_roads_free,<NA>,1368104940,residential,roads:gis_osm_roads_free:1368104940:residential,OGC:CRS84,450126,OpenStreetMap,real,kept,<NA>,,residential,,B,0,F,F,0,108.8237912,23.2799302,,derived_from_source_layer_osm_id_fclass,smartbidata_task06_20260810,team_shared,team_shared_source,广西壮族自治区,南宁市,宾阳县,358.58602165268917,89.21523705990461,0.2487973085195011,2,True,True,False,False,疑似受影响，需现场核查,Task_20洪涝范围相交筛查；道路通行状态需现场核查,nanning_flood_20260706_0707,2026-07-07,dispatch_v3,074f2c6841becf074f14d90e06a2e9672972f1ec,"LINESTRING (108.825363 23.281719, 108.825197 23.281542, 108.823791 23.27993, 108.823502 23.279534, 108.823394 23.279265, 108.823378 23.279097)"
gis_osm_roads_free,<NA>,1368104930,unclassified,roads:gis_osm_roads_free:1368104930:unclassified,OGC:CRS84,450126,OpenStreetMap,real,kept,<NA>,,unclassified,,B,0,F,F,0,108.8228257,23.2907206,,derived_from_source_layer_osm_id_fclass,smartbidata_task06_20260810,team_shared,team_shared_source,广西壮族自治区,南宁市,宾阳县,2260.4310884131273,45.408897836656415,0.02008860082902791,1,True,False,False,False,疑似受影响，需现场核查,Task_20洪涝范围相交筛查；道路通行状态需现场核查,nanning_flood_20260706_0707,2026-07-07,dispatch_v3,074f2c6841becf074f14d90e06a2e9672972f1ec,"LINESTRING (108.825541 23.281305, 108.825197 23.281542, 108.825079 23.281724, 108.824961 23.281921, 108.824698 23.282089, 108.824419 23.282118, 108.824344 23.282158, 108.824253 23.282266, 108.824199 23.282458, 108.824167 23.28268, 108.82399 23.282956, 108.823764 23.283399, 108.82355 23.28401, 108.823523 23.284202, 108.823507 23.284774, 108.823486 23.284927, 108.823206 23.285557, 108.823201 23.28568, 108.823239 23.285863, 108.823223 23.286035, 108.823008 23.286434, 108.822938 23.286616, 108.822906 23.286991, 108.822794 23.2877, 108.822794 23.287828, 108.822815 23.287902, 108.822783 23.288282, 108.822654 23.289045, 108.822547 23.289336, 108.822552 23.28972, 108.822643 23.290228, 108.822826 23.290721, 108.823148 23.291351, 108.823614 23.291652, 108.824204 23.291938, 108.824419 23.292016, 108.824548 23.292095, 108.824623 23.292204, 108.824679 23.292474, 108.824859 23.292632, 108.824998 23.292765, 108.825052 23.29315, 108.82502 23.293273, 108.82488 23.293554, 108.82487 23.293691, 108.824902 23.293785, 108.825084 23.294051, 108.825159 23.294194, 108.825181 23.294292, 108.825143 23.294347, 108.825138 23.294386, 108.825175 23.294554, 108.825127 23.294692, 108.825127 23.294746, 108.825256 23.295041, 108.825502 23.295322, 108.825733 23.29544, 108.826157 23.2958, 108.826377 23.29611, 108.826484 23.296189, 108.826677 23.296273, 108.826801 23.296357, 108.826988 23.296564, 108.827278 23.296771, 108.827375 23.296859, 108.827418 23.296928, 108.827611 23.297416, 108.828008 23.298155, 108.828297 23.298525)"
gis_osm_roads_free,<NA>,1368104923,tertiary,roads:gis_osm_roads_free:1368104923:tertiary,OGC:CRS84,450126,OpenStreetMap,real,kept,<NA>,,tertiary,,B,0,F,F,0,108.8263822,23.2889666,,derived_from_source_layer_osm_id_fclass,smartbidata_task06_20260810,team_shared,team_shared_source,广西壮族自治区,南宁市,宾阳县,1853.5898035880023,31.240667523288753,0.01685414295159374,1,True,False,False,False,疑似受影响，需现场核查,Task_20洪涝范围相交筛查；道路通行状态需现场核查,nanning_flood_20260706_0707,2026-07-07,dispatch_v3,074f2c6841becf074f14d90e06a2e9672972f1ec,"LINESTRING (108.823764 23.295603, 108.823276 23.295189, 108.823013 23.295051, 108.822938 23.294963, 108.823013 23.294332, 108.823008 23.294233, 108.822986 23.294179, 108.822992 23.29411, 108.823056 23.293992, 108.823121 23.293918, 108.823357 23.293751, 108.823475 23.293716, 108.823786 23.293672, 108.823936 23.293613, 108.824124 23.293494, 108.824295 23.293347, 108.824859 23.292632, 108.824971 23.292406, 108.825384 23.291957, 108.825572 23.291666, 108.825572 23.291435, 108.825862 23.290415, 108.826039 23.290095, 108.825991 23.289898, 108.826012 23.28978, 108.826232 23.289267, 108.826388 23.289021, 108.826382 23.288967, 108.82628 23.288774, 108.826286 23.288676, 108.826522 23.288287, 108.826527 23.288026, 108.826548 23.287927, 108.826779 23.287548, 108.82687 23.287168, 108.826951 23.286922, 108.827069 23.28668, 108.827353 23.286208, 108.827391 23.286119, 108.827423 23.285907, 108.82746 23.285818, 108.827825 23.285508, 108.828222 23.284981, 108.828356 23.284887, 108.829 23.284528, 108.829268 23.284252, 108.829424 23.284, 108.829874 23.283478, 108.830159 23.283114, 108.830346 23.282818, 108.830572 23.282325, 108.830824 23.281941)"
gis_osm_roads_free,<NA>,1368104931,residential,roads:gis_osm_roads_free:1368104931:residential,OGC:CRS84,450126,OpenStreetMap,real,kept,<NA>,,residential,,B,0,F,F,0,108.8277018,23.3067772,,derived_from_source_layer_osm_id_fclass,smartbidata_task06_20260810,team_shared,team_shared_source,广西壮族自治区,南宁市,宾阳县,495.4261995221292,124.87102358040771,0.25204767874782147,1,True,True,False,False,疑似受影响，需现场核查,Task_20洪涝范围相交筛查；道路通行状态需现场核查,nanning_flood_20260706_0707,2026-07-07,dispatch_v3,074f2c6841becf074f14d90e06a2e9672972f1ec,"LINESTRING (108.827171 23.304875, 108.827149 23.305122, 108.827342 23.305757, 108.82745 23.306122, 108.827568 23.306373, 108.827632 23.306664, 108.827702 23.306777, 108.827932 23.306984, 108.827997 23.307092, 108.827949 23.308154, 108.827696 23.308191, 108.827122 23.308211, 108.826892 23.308314)"
gis_osm_roads_free,<NA>,1368104935,residential,roads:gis_osm_roads_free:1368104935:residential,OGC:CRS84,450126,OpenStreetMap,real,kept,<NA>,,residential,,B,0,F,F,0,108.8288391,23.3076796,,derived_from_source_layer_osm_id_fclass,smartbidata_task06_20260810,team_shared,team_shared_source,广西壮族自治区,南宁市,宾阳县,190.38583994396583,104.24245939044859,0.5475326285879724,1,True,True,False,False,疑似受影响，需现场核查,Task_20洪涝范围相交筛查；道路通行状态需现场核查,nanning_flood_20260706_0707,2026-07-07,dispatch_v3,074f2c6841becf074f14d90e06a2e9672972f1ec,"LINESTRING (108.829563 23.307162, 108.829284 23.307428, 108.829107 23.307453, 108.828839 23.30768, 108.828539 23.307872, 108.828286 23.308325)"
gis_osm_roads_free,<NA>,521827932,secondary,roads:gis_osm_roads_free:521827932:secondary,OGC:CRS84,450126,OpenStreetMap,real,kept,<NA>,,secondary,,B,0,F,F,0,108.8634145,23.1825468,,derived_from_source_layer_osm_id_fclass,smartbidata_task06_20260810,team_shared,team_shared_source,广西壮族自治区,南宁市,宾阳县,9952.137025716045,73.99163209922219,0.007434748125757299,1,True,False,False,False,疑似受影响，需现场核查,Task_20洪涝范围相交筛查；道路通行状态需现场核查,nanning_flood_20260706_0707,2026-07-07,dispatch_v3,074f2c6841becf074f14d90e06a2e9672972f1ec,"LINESTRING (108.889111 23.145089, 108.887246 23.148191, 108.886555 23.14934, 108.883455 23.153527, 108.883271 23.153768, 108.882472 23.154812, 108.88112 23.156607, 108.880789 23.157047, 108.878011 23.160735, 108.876064 23.16332, 108.875583 23.163804, 108.87348 23.164667, 108.871426 23.166028, 108.87042 23.166694, 108.870047 23.166995, 108.869532 23.168297, 108.868602 23.170613, 108.868208 23.171447, 108.865548 23.175898, 108.865289 23.176497, 108.864725 23.17958, 108.863688 23.182052, 108.863414 23.182547, 108.856677 23.19144, 108.85545 23.193121, 108.855315 23.193307, 108.853058 23.196774, 108.849465 23.202596, 108.8488 23.203617, 108.848198 23.204259, 108.847832 23.204852, 108.846867 23.2076, 108.846814 23.207892, 108.846691 23.208977, 108.846578 23.209964, 108.846481 23.210342, 108.845938 23.2114, 108.845049 23.21313, 108.844669 23.21362, 108.844249 23.213977, 108.838443 23.217734, 108.838182 23.217973, 108.837347 23.218712)"
gis_osm_roads_free,<NA>,842708269,residential,roads:gis_osm_roads_free:842708269:residential,OGC:CRS84,450126,OpenStreetMap,real,kept,<NA>,,residential,,B,0,F,F,0,108.8361615,23.2083063,,derived_from_source_layer_osm_id_fclass,smartbidata_task06_20260810,team_shared,team_shared_source,广西壮族自治区,南宁市,宾阳县,1381.0270121537926,19.130186753143114,0.013852145240308129,1,True,False,False,False,疑似受影响，需现场核查,Task_20洪涝范围相交筛查；道路通行状态需现场核查,nanning_flood_20260706_0707,2026-07-07,dispatch_v3,074f2c6841becf074f14d90e06a2e9672972f1ec,"LINESTRING (108.833533 23.203884, 108.833613 23.203953, 108.833308 23.204831, 108.833249 23.205043, 108.832943 23.205866, 108.832905 23.206004, 108.832878 23.206038, 108.832862 23.206127, 108.832836 23.206162, 108.832771 23.206453, 108.832889 23.206822, 108.832927 23.206862, 108.833249 23.206965, 108.833485 23.207015, 108.833544 23.207044, 108.833833 23.207113, 108.833919 23.207153, 108.833968 23.207153, 108.834053 23.207192, 108.834423 23.20734, 108.83504 23.207749, 108.835212 23.207863, 108.835545 23.20802, 108.835738 23.208109, 108.83577 23.208139, 108.836162 23.208306, 108.836306 23.208395, 108.836414 23.208425, 108.836489 23.208425, 108.836709 23.208272, 108.836762 23.208272, 108.837583 23.208425, 108.83769 23.208459, 108.838012 23.208661, 108.838404 23.209006, 108.83931 23.210337, 108.839428 23.210894, 108.839509 23.211057, 108.840566 23.211723, 108.840641 23.211747)"
gis_osm_roads_free,<NA>,521827946,residential,roads:gis_osm_roads_free:521827946:residential,OGC:CRS84,450126,OpenStreetMap,real,kept,<NA>,,residential,,B,0,F,F,0,108.8480315,23.2144029,,derived_from_source_layer_osm_id_fclass,smartbidata_task06_20260810,team_shared,team_shared_source,广西壮族自治区,南宁市,宾阳县,708.2265927938059,205.09854595104883,0.2895945281325542,1,True,True,False,False,疑似受影响，需现场核查,Task_20洪涝范围相交筛查；道路通行状态需现场核查,nanning_flood_20260706_0707,2026-07-07,dispatch_v3,074f2c6841becf074f14d90e06a2e9672972f1ec,"LINESTRING (108.845938 23.2114, 108.847196 23.21318, 108.848032 23.214403, 108.848376 23.214859, 108.848897 23.215356, 108.84958 23.216161, 108.849934 23.216603)"
gis_osm_roads_free,<NA>,445075509,unclassified,roads:gis_osm_roads_free:445075509:unclassified,OGC:CRS84,450126,OpenStreetMap,real,kept,<NA>,,unclassified,,B,0,F,F,0,108.8623452,23.2075686,,derived_from_source_layer_osm_id_fclass,smartbidata_task06_20260810,team_shared,team_shared_source,广西壮族自治区,南宁市,宾阳县,3146.605204505425,24.719382216821298,0.00785588931888474,1,True,False,False,False,疑似受影响，需现场核查,Task_20洪涝范围相交筛查；道路通行状态需现场核查,nanning_flood_20260706_0707,2026-07-07,dispatch_v3,074f2c6841becf074f14d90e06a2e9672972f1ec,"LINESTRING (108.876441 23.207982, 108.870376 23.208006, 108.866434 23.208017, 108.86494 23.208022, 108.862586 23.207582, 108.862345 23.207569, 108.858416 23.207351, 108.853719 23.207898, 108.85026 23.2083, 108.849061 23.208613, 108.84826 23.209177, 108.847685 23.209671, 108.847019 23.210111, 108.846958 23.210152, 108.846481 23.210342)"
gis_osm_roads_free,<NA>,842708270,residential,roads:gis_osm_roads_free:842708270:residential,OGC:CRS84,450126,OpenStreetMap,real,kept,<NA>,,residential,,B,0,F,F,0,108.8525337,23.2134629,,derived_from_source_layer_osm_id_fclass,smartbidata_task06_20260810,team_shared,team_shared_source,广西壮族自治区,南宁市,宾阳县,1369.3234438986867,269.60416849608464,0.1968885946540707,1,True,True,False,False,疑似受影响，需现场核查,Task_20洪涝范围相交筛查；道路通行状态需现场核查,nanning_flood_20260706_0707,2026-07-07,dispatch_v3,074f2c6841becf074f14d90e06a2e9672972f1ec,"LINESTRING (108.858536 23.215968, 108.857973 23.215673, 108.856997 23.215258, 108.85549 23.214662, 108.854181 23.214129, 108.853607 23.213868, 108.852952 23.213636, 108.852534 23.213463, 108.848961 23.211959, 108.848886 23.211885, 108.848864 23.211713, 108.848693 23.21154, 108.848226 23.211195, 108.848049 23.211042, 108.847904 23.21087, 108.847802 23.210712, 108.847454 23.210337, 108.847218 23.210249, 108.847019 23.210111)"
gis_osm_roads_free,<NA>,857815075,unclassified,roads:gis_osm_roads_free:857815075:unclassified,OGC:CRS84,450126,OpenStreetMap,real,kept,<NA>,,unclassified,,B,0,F,F,0,108.8824086,23.400311,,derived_from_source_layer_osm_id_fclass,smartbidata_task06_20260810,team_shared,team_shared_source,广西壮族自治区,南宁市,宾阳县,941.4409686654988,82.69750375688734,0.0878414117394018,1,True,False,False,False,疑似受影响，需现场核查,Task_20洪涝范围相交筛查；道路通行状态需现场核查,nanning_flood_20260706_0707,2026-07-07,dispatch_v3,074f2c6841becf074f14d90e06a2e9672972f1ec,"LINESTRING (108.886028 23.402964, 108.885242 23.402607, 108.882749 23.401081, 108.882479 23.400751, 108.882409 23.400311, 108.882419 23.399801, 108.882457 23.399086, 108.882527 23.398876, 108.882697 23.398606, 108.884024 23.397396, 108.884304 23.397118, 108.884468 23.396968)"
gis_osm_roads_free,<NA>,57038496,trunk,roads:gis_osm_roads_free:57038496:trunk,OGC:CRS84,,OpenStreetMap,real,kept,<NA>,,trunk,G322,B,0,F,F,0,108.925802,23.4654473,,derived_from_source_layer_osm_id_fclass,smartbidata_task06_20260810,team_shared,team_shared_source,,,,20098.78193319862,270.7148120534856,0.01346921484860365,1,True,True,False,False,疑似受影响，需现场核查,Task_20洪涝范围相交筛查；道路通行状态需现场核查,nanning_flood_20260706_0707,2026-07-07,dispatch_v3,074f2c6841becf074f14d90e06a2e9672972f1ec,"LINESTRING (108.961244 23.552764, 108.960502 23.549207, 108.960427 23.548866, 108.960408 23.548782, 108.960262 23.548117, 108.960052 23.547437, 108.957302 23.541487, 108.957052 23.540657, 108.957029 23.539851, 108.957012 23.539247, 108.957054 23.535913, 108.957082 23.533697, 108.957002 23.533137, 108.956602 23.531387, 108.954912 23.524217, 108.954862 23.523387, 108.954902 23.520847, 108.954862 23.519007, 108.954712 23.517717, 108.954442 23.516107, 108.954022 23.514467, 108.953112 23.511667, 108.951621 23.507785, 108.950472 23.504587, 108.949936 23.503425, 108.949652 23.502807, 108.947705 23.499634, 108.942792 23.491977, 108.940005 23.487732, 108.939913 23.487592, 108.939684 23.487243, 108.939162 23.486447, 108.93881 23.4859, 108.938354 23.485192, 108.937557 23.483955, 108.933252 23.477267, 108.932924 23.476739, 108.931942 23.475157, 108.931434 23.474415, 108.931349 23.474291, 108.931032 23.473827, 108.925802 23.465447, 108.924506 23.463476, 108.924433 23.463355, 108.922092 23.459807, 108.919572 23.455067, 108.918772 23.453427, 108.918142 23.451867, 108.917906 23.451425, 108.917522 23.450707, 108.916982 23.449917, 108.916043 23.448733, 108.914992 23.447407, 108.914002 23.446027, 108.912754 23.444106, 108.912224 23.44329, 108.910659 23.440932, 108.910382 23.440514, 108.909924 23.439825, 108.906827 23.435159, 108.906202 23.434217, 108.905892 23.433647, 108.905802 23.433436, 108.905682 23.433157, 108.905522 23.432617, 108.904822 23.429679, 108.904732 23.429301, 108.904556 23.428563, 108.904215 23.427131, 108.903887 23.425757, 108.903742 23.425147, 108.903697 23.424758, 108.903632 23.424197, 108.903642 23.423557, 108.90375 23.42242, 108.903808 23.421819, 108.903822 23.421667, 108.903925 23.421135, 108.904052 23.420477, 108.904222 23.419957, 108.904402 23.419547, 108.904762 23.419047, 108.906102 23.417777, 108.906312 23.417447, 108.906442 23.416987, 108.906422 23.416297, 108.905752 23.414057, 108.905532 23.413487, 108.905375 23.41324, 108.904842 23.412667, 108.900422 23.410147, 108.899092 23.409507, 108.896192 23.408557, 108.895352 23.408217, 108.894932 23.407997, 108.891369 23.405685, 108.890464 23.405098, 108.889832 23.404687, 108.886028 23.402964, 108.88568 23.402711, 108.885359 23.402342, 108.885112 23.401992, 108.884978 23.401534, 108.884876 23.400943, 108.884935 23.399388, 108.884967 23.39824, 108.88494 23.397881, 108.884774 23.397438, 108.884468 23.396968, 108.883906 23.396185)"
gis_osm_roads_free,<NA>,1311496260,unclassified,roads:gis_osm_roads_free:1311496260:unclassified,OGC:CRS84,,OpenStreetMap,real,kept,<NA>,,unclassified,,B,0,F,F,0,108.9340138,23.3953997,,derived_from_source_layer_osm_id_fclass,smartbidata_task06_20260810,team_shared,team_shared_source,,,,7795.436960301792,40.388226791783865,0.005181008710282775,1,True,False,False,False,疑似受影响，需现场核查,Task_20洪涝范围相交筛查；道路通行状态需现场核查,nanning_flood_20260706_0707,2026-07-07,dispatch_v3,074f2c6841becf074f14d90e06a2e9672972f1ec,"LINESTRING (108.905375 23.41324, 108.905491 23.413108, 108.90599 23.411912, 108.905872 23.411228, 108.905867 23.410676, 108.906344 23.408564, 108.907358 23.407151, 108.909579 23.405832, 108.911113 23.405054, 108.912025 23.404498, 108.913608 23.40404, 108.915941 23.403085, 108.9182 23.40245, 108.920592 23.401258, 108.921322 23.400791, 108.921756 23.400436, 108.9227 23.400023, 108.923929 23.399442, 108.924444 23.399087, 108.924524 23.398546, 108.924661 23.39825, 108.925442 23.397212, 108.92615 23.39668, 108.926949 23.395877, 108.927349 23.3954, 108.928526 23.394696, 108.928923 23.394506, 108.929426 23.394367, 108.929573 23.394378, 108.930047 23.394482, 108.930296 23.394317, 108.930476 23.394213, 108.930691 23.394245, 108.930994 23.394312, 108.93145 23.394405, 108.931873 23.394873, 108.932362 23.395183, 108.932565 23.39536, 108.932855 23.395321, 108.933236 23.395321, 108.933644 23.395395, 108.934014 23.3954, 108.934389 23.395306, 108.93484 23.395237, 108.935253 23.395203, 108.93551 23.395129, 108.935736 23.395183, 108.936079 23.395198, 108.93624 23.39505, 108.936511 23.394787, 108.936726 23.394819, 108.936972 23.394824, 108.937171 23.394799, 108.937415 23.394792, 108.937753 23.394863, 108.938059 23.394779, 108.938434 23.394858, 108.938713 23.394843, 108.939164 23.394774, 108.939641 23.394701, 108.939968 23.394612, 108.940617 23.394169, 108.941851 23.393716, 108.94205 23.39326, 108.942181 23.393068, 108.942508 23.39283, 108.942943 23.392623, 108.943163 23.39252, 108.943356 23.392325, 108.943554 23.392251, 108.944123 23.392345, 108.945633 23.391825, 108.94588 23.391569, 108.946154 23.391372, 108.946411 23.39119, 108.946615 23.390784, 108.946848 23.390417, 108.946888 23.390095, 108.946851 23.389309, 108.947012 23.389201, 108.947833 23.389255, 108.948189 23.389189, 108.948653 23.389248, 108.949555 23.389405, 108.950051 23.389755, 108.951223 23.390191, 108.951786 23.390343, 108.952188 23.390476, 108.952704 23.390466, 108.953106 23.390516, 108.953632 23.39055, 108.953996 23.39057, 108.954227 23.390432, 108.954589 23.390348, 108.955866 23.389895, 108.959361 23.388726, 108.96454 23.386978, 108.966756 23.386213)"
gis_osm_roads_free,<NA>,913512589,tertiary,roads:gis_osm_roads_free:913512589:tertiary,OGC:CRS84,450126,OpenStreetMap,real,kept,<NA>,,tertiary,,B,0,F,F,0,108.9332198,23.1476443,,derived_from_source_layer_osm_id_fclass,smartbidata_task06_20260810,team_shared,team_shared_source,广西壮族自治区,南宁市,宾阳县,2972.2703446071027,28.38787184816587,0.009550905051309656,1,True,False,False,False,疑似受影响，需现场核查,Task_20洪涝范围相交筛查；道路通行状态需现场核查,nanning_flood_20260706_0707,2026-07-07,dispatch_v3,074f2c6841becf074f14d90e06a2e9672972f1ec,"LINESTRING (108.926681 23.158968, 108.926446 23.158691, 108.926102 23.157684, 108.926042 23.157407, 108.926089 23.157203, 108.927303 23.155289, 108.92765 23.154626, 108.928977 23.152617, 108.930043 23.151133, 108.93038 23.150598, 108.930692 23.150311, 108.930715 23.150174, 108.930758 23.149977, 108.930897 23.149843, 108.931102 23.149481, 108.931211 23.149228, 108.931224 23.148994, 108.931342 23.148681, 108.932088 23.148231, 108.932329 23.148142, 108.93322 23.147644, 108.934169 23.14719, 108.934368 23.147112, 108.935049 23.146717, 108.935333 23.146598, 108.935376 23.146564, 108.935709 23.146426, 108.936481 23.146066, 108.938032 23.145089, 108.938488 23.144685, 108.938804 23.144236, 108.940424 23.141597, 108.941201 23.140439, 108.941599 23.139766, 108.942424 23.138368)"
gis_osm_roads_free,<NA>,521827936,primary,roads:gis_osm_roads_free:521827936:primary,OGC:CRS84,450126,OpenStreetMap,real,kept,<NA>,,primary,S210,B,0,F,F,0,108.9129371,23.1666288,,derived_from_source_layer_osm_id_fclass,smartbidata_task06_20260810,team_shared,team_shared_source,广西壮族自治区,南宁市,宾阳县,6119.051766747816,124.55028389734127,0.020354507306862984,1,True,True,False,False,疑似受影响，需现场核查,Task_20洪涝范围相交筛查；道路通行状态需现场核查,nanning_flood_20260706_0707,2026-07-07,dispatch_v3,074f2c6841becf074f14d90e06a2e9672972f1ec,"LINESTRING (108.89937 23.14436, 108.900079 23.14495, 108.901557 23.146181, 108.902276 23.146869, 108.902822 23.14766, 108.903824 23.149596, 108.904007 23.149792, 108.90432 23.150006, 108.905332 23.150499, 108.907296 23.151792, 108.908257 23.152397, 108.908612 23.152565, 108.910413 23.153039, 108.910504 23.153105, 108.911091 23.1541, 108.911314 23.155357, 108.911526 23.156657, 108.911589 23.157286, 108.911644 23.15763, 108.911787 23.159611, 108.911805 23.159832, 108.911864 23.160568, 108.911934 23.161313, 108.911988 23.162304, 108.91203 23.162564, 108.912186 23.163394, 108.912465 23.164627, 108.912492 23.164681, 108.912728 23.165746, 108.912937 23.166629, 108.913018 23.167092, 108.913259 23.168024, 108.913457 23.168996, 108.913554 23.1694, 108.913812 23.170559, 108.914128 23.172112, 108.914198 23.172231, 108.914198 23.17227, 108.914369 23.172763, 108.91445 23.17304, 108.91445 23.173084, 108.914487 23.173153, 108.914788 23.174021, 108.914916 23.17445, 108.915394 23.17592, 108.915705 23.176787, 108.915812 23.177374, 108.915802 23.177409, 108.915828 23.177971, 108.915925 23.178858, 108.916054 23.179707, 108.916188 23.180861, 108.916279 23.181423, 108.91644 23.182754, 108.916472 23.182991, 108.916553 23.183997, 108.916633 23.184692, 108.916724 23.185324, 108.916912 23.186862, 108.917266 23.188366, 108.917406 23.18879, 108.917406 23.18884, 108.917636 23.189668, 108.918719 23.193493)"
gis_osm_roads_free,<NA>,1434838868,residential,roads:gis_osm_roads_free:1434838868:residential,OGC:CRS84,450126,OpenStreetMap,real,kept,<NA>,,residential,,B,0,F,F,0,108.941068,23.1568982,,derived_from_source_layer_osm_id_fclass,smartbidata_task06_20260810,team_shared,team_shared_source,广西壮族自治区,南宁市,宾阳县,594.0213896498326,19.704605481917486,0.033171542010521,1,True,False,False,False,疑似受影响，需现场核查,Task_20洪涝范围相交筛查；道路通行状态需现场核查,nanning_flood_20260706_0707,2026-07-07,dispatch_v3,074f2c6841becf074f14d90e06a2e9672972f1ec,"LINESTRING (108.940056 23.154678, 108.940135 23.15553, 108.94023 23.155675, 108.940329 23.155863, 108.940414 23.155938, 108.940558 23.155985, 108.940732 23.155967, 108.940954 23.155992, 108.941011 23.156426, 108.94102 23.156578, 108.941068 23.156898, 108.941175 23.157816, 108.941165 23.158102, 108.941368 23.158418, 108.941411 23.158797, 108.941266 23.159014, 108.941073 23.159093, 108.940877 23.159043)"
gis_osm_roads_free,<NA>,1434982743,unclassified,roads:gis_osm_roads_free:1434982743:unclassified,OGC:CRS84,450126,OpenStreetMap,real,kept,<NA>,,unclassified,,B,0,F,F,0,108.9294515,23.1888131,,derived_from_source_layer_osm_id_fclass,smartbidata_task06_20260810,team_shared,team_shared_source,广西壮族自治区,南宁市,宾阳县,2661.8511799392295,664.579203243497,0.24966805366582118,4,True,True,False,False,疑似受影响，需现场核查,Task_20洪涝范围相交筛查；道路通行状态需现场核查,nanning_flood_20260706_0707,2026-07-07,dispatch_v3,074f2c6841becf074f14d90e06a2e9672972f1ec,"LINESTRING (108.924887 23.199757, 108.924983 23.199453, 108.925183 23.199081, 108.925776 23.197978, 108.925842 23.197758, 108.925936 23.197561, 108.926018 23.197207, 108.926176 23.196878, 108.926484 23.196245, 108.928541 23.191686, 108.928727 23.191128, 108.929452 23.188813, 108.929692 23.188222, 108.929836 23.187889, 108.930489 23.186998, 108.930715 23.186673, 108.930878 23.186523, 108.931368 23.186269, 108.931648 23.186036, 108.931789 23.185869, 108.93187 23.185715, 108.932079 23.185582, 108.932242 23.185386, 108.932246 23.185253, 108.932222 23.185136, 108.932178 23.184787, 108.932428 23.183079, 108.932504 23.182846, 108.932514 23.182626, 108.932591 23.181988, 108.93243 23.181356, 108.932856 23.181246, 108.932874 23.180955, 108.933 23.180643, 108.933137 23.180271, 108.933393 23.180042, 108.933678 23.179538, 108.934097 23.178716, 108.934342 23.17841, 108.934523 23.178351)"
gis_osm_roads_free,<NA>,1434838869,residential,roads:gis_osm_roads_free:1434838869:residential,OGC:CRS84,450126,OpenStreetMap,real,kept,<NA>,,residential,,B,0,F,F,0,108.9349204,23.1836173,,derived_from_source_layer_osm_id_fclass,smartbidata_task06_20260810,team_shared,team_shared_source,广西壮族自治区,南宁市,宾阳县,649.2043801376308,185.86305810457839,0.2862935984276255,1,True,True,False,False,疑似受影响，需现场核查,Task_20洪涝范围相交筛查；道路通行状态需现场核查,nanning_flood_20260706_0707,2026-07-07,dispatch_v3,074f2c6841becf074f14d90e06a2e9672972f1ec,"LINESTRING (108.932222 23.185136, 108.933831 23.184421, 108.934336 23.184091, 108.93492 23.183617, 108.935763 23.183021, 108.935913 23.182715, 108.936573 23.18123)"
gis_osm_roads_free,<NA>,527285879,tertiary,roads:gis_osm_roads_free:527285879:tertiary,OGC:CRS84,450126,OpenStreetMap,real,kept,<NA>,,tertiary,,B,0,F,F,0,108.8974968,23.1932578,,derived_from_source_layer_osm_id_fclass,smartbidata_task06_20260810,team_shared,team_shared_source,广西壮族自治区,南宁市,宾阳县,2814.6224335878237,407.21389633070356,0.14467798290501951,2,True,True,False,False,疑似受影响，需现场核查,Task_20洪涝范围相交筛查；道路通行状态需现场核查,nanning_flood_20260706_0707,2026-07-07,dispatch_v3,074f2c6841becf074f14d90e06a2e9672972f1ec,"LINESTRING (108.905417 23.201617, 108.904824 23.201175, 108.904591 23.200966, 108.904125 23.200542, 108.903943 23.200384, 108.903584 23.20016, 108.903092 23.199676, 108.902809 23.199439, 108.902687 23.199318, 108.902596 23.199085, 108.902383 23.198685, 108.902191 23.197945, 108.901548 23.195874, 108.901452 23.195711, 108.901057 23.195301, 108.900733 23.19504, 108.900555 23.194957, 108.900353 23.194919, 108.899968 23.194873, 108.899735 23.194836, 108.899345 23.194705, 108.899087 23.194659, 108.89857 23.194594, 108.897872 23.194426, 108.89774 23.194347, 108.897568 23.193323, 108.897497 23.193258, 108.896509 23.192876, 108.896216 23.19274, 108.895975 23.192558, 108.895857 23.19243, 108.895969 23.191236, 108.895953 23.191014, 108.895803 23.190516, 108.895648 23.190033, 108.89525 23.189293, 108.895063 23.188815, 108.89509 23.1881, 108.895041 23.187138, 108.894902 23.186122, 108.894805 23.185891, 108.894762 23.185743, 108.894784 23.185526, 108.894993 23.184752, 108.895588 23.182518, 108.895787 23.182301, 108.896479 23.181512)"
gis_osm_roads_free,<NA>,1434982742,residential,roads:gis_osm_roads_free:1434982742:residential,OGC:CRS84,450126,OpenStreetMap,real,kept,<NA>,,residential,,B,0,F,F,0,108.9516995,23.1885754,,derived_from_source_layer_osm_id_fclass,smartbidata_task06_20260810,team_shared,team_shared_source,广西壮族自治区,南宁市,宾阳县,923.394073715538,253.12146556340758,0.2741207386624235,2,True,True,False,False,疑似受影响，需现场核查,Task_20洪涝范围相交筛查；道路通行状态需现场核查,nanning_flood_20260706_0707,2026-07-07,dispatch_v3,074f2c6841becf074f14d90e06a2e9672972f1ec,"LINESTRING (108.954141 23.191407, 108.953908 23.191092, 108.953785 23.190989, 108.953662 23.190926, 108.953471 23.190879, 108.953355 23.190813, 108.95328 23.190744, 108.953174 23.190634, 108.953082 23.190578, 108.952666 23.190436, 108.952584 23.190333, 108.95244 23.190016, 108.952297 23.189586, 108.952242 23.189507, 108.952096 23.189382, 108.952 23.189297, 108.951925 23.189103, 108.951908 23.188933, 108.9517 23.188575, 108.951553 23.188306, 108.951413 23.188146, 108.951269 23.188076, 108.951235 23.187998, 108.951006 23.187477, 108.950966 23.187053, 108.950972 23.186749, 108.951198 23.18646, 108.951338 23.186209, 108.951478 23.185864, 108.951655 23.185262, 108.95188 23.185098, 108.952092 23.184951, 108.952239 23.184656)"
gis_osm_roads_free,<NA>,1255158601,trunk,roads:gis_osm_roads_free:1255158601:trunk,OGC:CRS84,450126,OpenStreetMap,real,kept,<NA>,,trunk,G358,B,0,F,F,0,108.9397713,23.1999659,,derived_from_source_layer_osm_id_fclass,smartbidata_task06_20260810,team_shared,team_shared_source,广西壮族自治区,南宁市,宾阳县,4424.322439574641,638.3179119798651,0.14427472696615523,2,True,True,False,False,疑似受影响，需现场核查,Task_20洪涝范围相交筛查；道路通行状态需现场核查,nanning_flood_20260706_0707,2026-07-07,dispatch_v3,074f2c6841becf074f14d90e06a2e9672972f1ec,"LINESTRING (108.959054 23.188481, 108.954141 23.191407, 108.946688 23.195846, 108.942845 23.198135, 108.942044 23.198612, 108.939771 23.199966, 108.938417 23.200577, 108.935374 23.201949, 108.933671 23.202784, 108.932487 23.203283, 108.931566 23.203546, 108.927958 23.204315, 108.922728 23.205429, 108.92151 23.205688, 108.920633 23.205801)"
gis_osm_roads_free,<NA>,1434982744,unclassified,roads:gis_osm_roads_free:1434982744:unclassified,OGC:CRS84,450126,OpenStreetMap,real,kept,<NA>,,unclassified,,B,0,F,F,0,108.9344029,23.1916704,,derived_from_source_layer_osm_id_fclass,smartbidata_task06_20260810,team_shared,team_shared_source,广西壮族自治区,南宁市,宾阳县,1669.3929561405894,88.89998567291485,0.053252881741180695,2,True,False,False,False,疑似受影响，需现场核查,Task_20洪涝范围相交筛查；道路通行状态需现场核查,nanning_flood_20260706_0707,2026-07-07,dispatch_v3,074f2c6841becf074f14d90e06a2e9672972f1ec,"LINESTRING (108.926484 23.196245, 108.927341 23.195846, 108.928696 23.195247, 108.929427 23.194937, 108.929901 23.194696, 108.93089 23.19381, 108.934403 23.19167, 108.935766 23.190983, 108.936239 23.190682, 108.936253 23.190673, 108.936448 23.190654, 108.936564 23.190685, 108.936635 23.190746, 108.936776 23.190922, 108.936872 23.190964, 108.937013 23.190983, 108.93752 23.190944, 108.938273 23.190616, 108.93868 23.190513, 108.939744 23.190432, 108.940176 23.190444, 108.940609 23.190562, 108.940769 23.190542)"
gis_osm_roads_free,<NA>,1436677002,unclassified,roads:gis_osm_roads_free:1436677002:unclassified,OGC:CRS84,450126,OpenStreetMap,real,kept,<NA>,,unclassified,,B,0,F,F,0,108.8930619,23.1957287,,derived_from_source_layer_osm_id_fclass,smartbidata_task06_20260810,team_shared,team_shared_source,广西壮族自治区,南宁市,宾阳县,2573.470462008814,35.43087223510109,0.013767740006405304,1,True,False,False,False,疑似受影响，需现场核查,Task_20洪涝范围相交筛查；道路通行状态需现场核查,nanning_flood_20260706_0707,2026-07-07,dispatch_v3,074f2c6841becf074f14d90e06a2e9672972f1ec,"LINESTRING (108.89023 23.188672, 108.89009 23.188583, 108.889983 23.188544, 108.888947 23.188346, 108.888888 23.188351, 108.888406 23.188263, 108.887569 23.188154, 108.887606 23.188287, 108.88796 23.188849, 108.887998 23.188997, 108.887992 23.189116, 108.887928 23.189412, 108.887665 23.190496, 108.887783 23.19131, 108.888668 23.191838, 108.888754 23.191932, 108.888792 23.192001, 108.888808 23.192084, 108.888765 23.192469, 108.888786 23.192582, 108.888829 23.192681, 108.889291 23.193263, 108.889859 23.193687, 108.890128 23.194259, 108.890128 23.194289, 108.890176 23.194353, 108.890626 23.195245, 108.891018 23.195403, 108.891651 23.195581, 108.892976 23.195729, 108.893062 23.195729, 108.893292 23.195778, 108.893352 23.195812, 108.894081 23.196108, 108.894435 23.196301, 108.894462 23.19635, 108.894827 23.196744, 108.894982 23.196971, 108.895363 23.197282, 108.895519 23.197361, 108.895728 23.19743, 108.895806 23.197435, 108.896508 23.197483, 108.896978 23.197548, 108.89738 23.19775, 108.897439 23.197775, 108.897498 23.197829, 108.898072 23.197958, 108.899006 23.19811, 108.899188 23.19816, 108.899392 23.19813, 108.899746 23.198046, 108.899923 23.198051, 108.900298 23.19811, 108.901141 23.19815, 108.90157 23.198322, 108.902209 23.198832, 108.902507 23.199244, 108.902687 23.199318)"
gis_osm_roads_free,<NA>,1436677009,tertiary,roads:gis_osm_roads_free:1436677009:tertiary,OGC:CRS84,450126,OpenStreetMap,real,kept,<NA>,,tertiary,,B,0,F,F,0,108.9063442,23.1786772,,derived_from_source_layer_osm_id_fclass,smartbidata_task06_20260810,team_shared,team_shared_source,广西壮族自治区,南宁市,宾阳县,2272.58489652548,9.324835744113429,0.004103184773589769,1,True,False,False,False,疑似受影响，需现场核查,Task_20洪涝范围相交筛查；道路通行状态需现场核查,nanning_flood_20260706_0707,2026-07-07,dispatch_v3,074f2c6841becf074f14d90e06a2e9672972f1ec,"LINESTRING (108.896479 23.181512, 108.896635 23.181335, 108.897498 23.180324, 108.89804 23.179856, 108.898184 23.179817, 108.899885 23.179244, 108.900459 23.179091, 108.901291 23.178919, 108.903769 23.178914, 108.904365 23.178874, 108.905566 23.178766, 108.906344 23.178677, 108.906559 23.178613, 108.906709 23.178623, 108.907943 23.17886, 108.908683 23.179082, 108.90938 23.179885, 108.909563 23.179915, 108.910561 23.181335, 108.910662 23.181414, 108.910786 23.181409, 108.911092 23.181286, 108.911183 23.181276, 108.91144 23.181355, 108.911644 23.181345, 108.911682 23.181325, 108.911912 23.181286, 108.912095 23.181231, 108.912513 23.181078, 108.912781 23.181, 108.913522 23.180891, 108.913813 23.180794, 108.914149 23.180767, 108.914498 23.180821, 108.916188 23.180861)"
gis_osm_roads_free,<NA>,1436677011,unclassified,roads:gis_osm_roads_free:1436677011:unclassified,OGC:CRS84,450126,OpenStreetMap,real,kept,<NA>,,unclassified,,B,0,F,F,0,108.8903045,23.1826853,,derived_from_source_layer_osm_id_fclass,smartbidata_task06_20260810,team_shared,team_shared_source,广西壮族自治区,南宁市,宾阳县,1169.4719237329273,168.0390408071252,0.143687964966913,1,True,True,False,False,疑似受影响，需现场核查,Task_20洪涝范围相交筛查；道路通行状态需现场核查,nanning_flood_20260706_0707,2026-07-07,dispatch_v3,074f2c6841becf074f14d90e06a2e9672972f1ec,"LINESTRING (108.894993 23.184752, 108.894387 23.184678, 108.894204 23.184564, 108.894135 23.184539, 108.894081 23.184544, 108.893196 23.184973, 108.893067 23.185003, 108.89303 23.184964, 108.892708 23.184165, 108.892702 23.183681, 108.8926 23.183504, 108.892536 23.18343, 108.892424 23.182917, 108.892193 23.182202, 108.890304 23.182685, 108.889784 23.182365, 108.889532 23.182123, 108.889382 23.18197, 108.88936 23.181901, 108.889285 23.181802, 108.889098 23.181734, 108.889022 23.181679, 108.888776 23.181388, 108.88862 23.181275, 108.887934 23.180728, 108.887751 23.180471, 108.887644 23.18019, 108.887574 23.180146, 108.88737 23.180082)"
gis_osm_roads_free,<NA>,1531628015,residential,roads:gis_osm_roads_free:1531628015:residential,OGC:CRS84,450126,OpenStreetMap,real,kept,<NA>,,residential,,B,0,F,F,0,108.902191,23.1979448,,derived_from_source_layer_osm_id_fclass,smartbidata_task06_20260810,team_shared,team_shared_source,广西壮族自治区,南宁市,宾阳县,535.984504690968,214.8421022385219,0.4008364054524173,2,True,True,False,False,疑似受影响，需现场核查,Task_20洪涝范围相交筛查；道路通行状态需现场核查,nanning_flood_20260706_0707,2026-07-07,dispatch_v3,074f2c6841becf074f14d90e06a2e9672972f1ec,"LINESTRING (108.902191 23.197945, 108.906503 23.195199)"
gis_osm_roads_free,<NA>,1368104933,tertiary,roads:gis_osm_roads_free:1368104933:tertiary,OGC:CRS84,450126,OpenStreetMap,real,kept,<NA>,,tertiary,,B,0,F,F,0,108.826645,23.3001456,,derived_from_source_layer_osm_id_fclass,smartbidata_task06_20260810,team_shared,team_shared_source,广西壮族自治区,南宁市,宾阳县,3104.444299791058,398.88350698004604,0.12848789298841426,3,True,True,False,False,疑似受影响，需现场核查,Task_20洪涝范围相交筛查；道路通行状态需现场核查,nanning_flood_20260706_0707,2026-07-07,dispatch_v3,074f2c6841becf074f14d90e06a2e9672972f1ec,"LINESTRING (108.834853 23.291563, 108.834432 23.291885, 108.834016 23.292263, 108.833935 23.292337, 108.832948 23.293036, 108.832841 23.293145, 108.832653 23.293292, 108.832127 23.293642, 108.831993 23.293751, 108.831435 23.294164, 108.830942 23.294618, 108.830727 23.294879, 108.830464 23.295495, 108.830293 23.296268, 108.830057 23.296825, 108.829869 23.297047, 108.829542 23.297337, 108.829198 23.297677, 108.828684 23.298166, 108.828297 23.298525, 108.827863 23.298909, 108.827696 23.299076, 108.827455 23.299254, 108.82709 23.29948, 108.826881 23.299692, 108.82679 23.299811, 108.826645 23.300146, 108.826479 23.300417, 108.825905 23.301013, 108.825744 23.301161, 108.825518 23.301313, 108.825459 23.301372, 108.825416 23.301436, 108.825277 23.301806, 108.825164 23.302008, 108.824977 23.302279, 108.824923 23.302437, 108.824907 23.30255, 108.82495 23.302939, 108.824987 23.303028, 108.825154 23.303186, 108.825336 23.303284, 108.825545 23.303353, 108.826039 23.303447, 108.826168 23.303501, 108.826302 23.303585, 108.826425 23.303728, 108.827171 23.304875, 108.827412 23.305053, 108.827734 23.305486, 108.827841 23.305546, 108.828292 23.305678, 108.828426 23.305748, 108.828506 23.305816, 108.828582 23.30591, 108.828705 23.306132, 108.828909 23.306427, 108.829563 23.307162, 108.829708 23.30724, 108.830019 23.307358, 108.830336 23.30758, 108.830802 23.308048, 108.831124 23.308403, 108.8307 23.308867, 108.83055 23.309034, 108.830524 23.309104, 108.830481 23.30934, 108.830368 23.309576, 108.830255 23.309744, 108.829826 23.309877, 108.829617 23.31004, 108.829483 23.310311, 108.828989 23.310641, 108.828802 23.31071, 108.828592 23.310754, 108.828303 23.310853, 108.827874 23.310966, 108.827702 23.310971, 108.827482 23.310922, 108.827471 23.310734)"
gis_osm_roads_free,<NA>,857815078,trunk,roads:gis_osm_roads_free:857815078:trunk,OGC:CRS84,450126,OpenStreetMap,real,kept,<NA>,,trunk,G322,B,0,F,F,0,108.8542557,23.3253805,,derived_from_source_layer_osm_id_fclass,smartbidata_task06_20260810,team_shared,team_shared_source,广西壮族自治区,南宁市,宾阳县,12065.761462174372,2422.612976091606,0.20078409337747893,9,True,True,False,False,疑似受影响，需现场核查,Task_20洪涝范围相交筛查；道路通行状态需现场核查,nanning_flood_20260706_0707,2026-07-07,dispatch_v3,074f2c6841becf074f14d90e06a2e9672972f1ec,"LINESTRING (108.880654 23.370337, 108.880895 23.369214, 108.881072 23.368289, 108.881083 23.367796, 108.881056 23.367619, 108.88097 23.367136, 108.8803 23.364349, 108.879812 23.362242, 108.879629 23.361424, 108.879581 23.360863, 108.879581 23.358878, 108.87949 23.358065, 108.879329 23.357543, 108.878074 23.354584, 108.876942 23.351909, 108.87669 23.351412, 108.876218 23.350757, 108.875821 23.350328, 108.874045 23.348974, 108.873471 23.348467, 108.872854 23.347762, 108.870944 23.345314, 108.87044 23.344679, 108.869952 23.344132, 108.868519 23.342828, 108.868117 23.342463, 108.867683 23.341936, 108.867302 23.34131, 108.866605 23.33999, 108.866315 23.339512, 108.8658 23.338714, 108.864362 23.336867, 108.86293 23.33503, 108.862222 23.334193, 108.861358 23.333222, 108.859127 23.330799, 108.85756 23.32904, 108.854256 23.32538, 108.85293 23.323913, 108.851064 23.321848, 108.850393 23.321055, 108.8502 23.320755, 108.84998 23.320267, 108.849771 23.31971, 108.849696 23.319075, 108.849691 23.318856, 108.849669 23.317834, 108.849567 23.31704, 108.849283 23.315592, 108.848559 23.31238, 108.848527 23.312246, 108.848199 23.310833, 108.848011 23.309679, 108.847822 23.30852, 108.847482 23.30684, 108.84708 23.305815, 108.845902 23.304151, 108.845034 23.303064, 108.844804 23.302847, 108.844605 23.30266, 108.844056 23.30227, 108.843032 23.301737, 108.842665 23.301542, 108.84216 23.301229, 108.841649 23.300783, 108.841282 23.300309, 108.84062 23.299412, 108.839072 23.297297, 108.838079 23.296012, 108.835924 23.293573, 108.834432 23.291885, 108.831527 23.288652, 108.828222 23.284981, 108.826072 23.282542, 108.825856 23.28217, 108.825732 23.281934, 108.825541 23.281305, 108.82548 23.28079, 108.825414 23.279394, 108.825388 23.278846, 108.825378 23.27863, 108.825379 23.278442)"
gis_osm_roads_free,<NA>,1368104921,tertiary,roads:gis_osm_roads_free:1368104921:tertiary,OGC:CRS84,450126,OpenStreetMap,real,kept,<NA>,,tertiary,,B,0,F,F,0,108.8285494,23.2806695,,derived_from_source_layer_osm_id_fclass,smartbidata_task06_20260810,team_shared,team_shared_source,广西壮族自治区,南宁市,宾阳县,643.7454159151233,177.928842570241,0.2763962867483946,2,True,True,False,False,疑似受影响，需现场核查,Task_20洪涝范围相交筛查；道路通行状态需现场核查,nanning_flood_20260706_0707,2026-07-07,dispatch_v3,074f2c6841becf074f14d90e06a2e9672972f1ec,"LINESTRING (108.830416 23.278688, 108.830277 23.278812, 108.829858 23.27925, 108.829059 23.280118, 108.828549 23.28067, 108.828056 23.281286, 108.82767 23.281862, 108.826972 23.28202, 108.826801 23.282015, 108.826688 23.28199, 108.826275 23.281985, 108.826012 23.282079, 108.825856 23.28217)"
gis_osm_roads_free,<NA>,1356626910,trunk,roads:gis_osm_roads_free:1356626910:trunk,OGC:CRS84,450126,OpenStreetMap,real,kept,<NA>,东环路,trunk,G322,B,0,F,F,0,108.8305607,23.2627375,,derived_from_source_layer_osm_id_fclass,smartbidata_task06_20260810,team_shared,team_shared_source,广西壮族自治区,南宁市,宾阳县,1405.2293244177445,130.27420107709702,0.09270671968867147,2,True,True,False,False,疑似受影响，需现场核查,Task_20洪涝范围相交筛查；道路通行状态需现场核查,nanning_flood_20260706_0707,2026-07-07,dispatch_v3,074f2c6841becf074f14d90e06a2e9672972f1ec,"LINESTRING (108.836165 23.255848, 108.835066 23.257325, 108.834516 23.258035, 108.830561 23.262738, 108.82786 23.265948)"
gis_osm_roads_free,<NA>,1368104919,unclassified,roads:gis_osm_roads_free:1368104919:unclassified,OGC:CRS84,450126,OpenStreetMap,real,kept,<NA>,,unclassified,,B,0,F,F,0,108.8377386,23.2864194,,derived_from_source_layer_osm_id_fclass,smartbidata_task06_20260810,team_shared,team_shared_source,广西壮族自治区,南宁市,宾阳县,2333.9953986742344,714.4134925002918,0.3060903602920965,2,True,True,False,False,疑似受影响，需现场核查,Task_20洪涝范围相交筛查；道路通行状态需现场核查,nanning_flood_20260706_0707,2026-07-07,dispatch_v3,074f2c6841becf074f14d90e06a2e9672972f1ec,"LINESTRING (108.829858 23.27925, 108.830019 23.279383, 108.830631 23.279955, 108.830878 23.280167, 108.832487 23.281606, 108.834445 23.283409, 108.837739 23.286419, 108.838608 23.287208, 108.839697 23.288193, 108.842395 23.290656, 108.842813 23.291036, 108.844272 23.292361, 108.845066 23.293076, 108.845565 23.293578, 108.846064 23.294081)"
gis_osm_roads_free,<NA>,1368213713,residential,roads:gis_osm_roads_free:1368213713:residential,OGC:CRS84,450126,OpenStreetMap,real,kept,<NA>,,residential,,B,0,F,F,0,108.8305607,23.2627375,,derived_from_source_layer_osm_id_fclass,smartbidata_task06_20260810,team_shared,team_shared_source,广西壮族自治区,南宁市,宾阳县,520.3716944364256,106.4638587276977,0.2045919481516005,1,True,True,False,False,疑似受影响，需现场核查,Task_20洪涝范围相交筛查；道路通行状态需现场核查,nanning_flood_20260706_0707,2026-07-07,dispatch_v3,074f2c6841becf074f14d90e06a2e9672972f1ec,"LINESTRING (108.832083 23.265705, 108.830561 23.262738, 108.829906 23.26146)"
gis_osm_roads_free,<NA>,1368104925,unclassified,roads:gis_osm_roads_free:1368104925:unclassified,OGC:CRS84,450126,OpenStreetMap,real,kept,<NA>,,unclassified,,B,0,F,F,0,108.8306844,23.2775646,,derived_from_source_layer_osm_id_fclass,smartbidata_task06_20260810,team_shared,team_shared_source,广西壮族自治区,南宁市,宾阳县,241.61913884468987,12.949829410404208,0.05359604157321418,1,True,False,False,False,疑似受影响，需现场核查,Task_20洪涝范围相交筛查；道路通行状态需现场核查,nanning_flood_20260706_0707,2026-07-07,dispatch_v3,074f2c6841becf074f14d90e06a2e9672972f1ec,"LINESTRING (108.830046 23.276806, 108.830373 23.276954, 108.830438 23.277047, 108.830507 23.277239, 108.830647 23.277441, 108.830684 23.277565, 108.830684 23.27788, 108.830566 23.278348, 108.830416 23.278688)"
gis_osm_roads_free,<NA>,1368104941,unclassified,roads:gis_osm_roads_free:1368104941:unclassified,OGC:CRS84,450126,OpenStreetMap,real,kept,<NA>,,unclassified,,B,0,F,F,0,108.8377386,23.2864194,,derived_from_source_layer_osm_id_fclass,smartbidata_task06_20260810,team_shared,team_shared_source,广西壮族自治区,南宁市,宾阳县,721.5994646747765,54.83675719591123,0.07599334517331724,1,True,False,False,False,疑似受影响，需现场核查,Task_20洪涝范围相交筛查；道路通行状态需现场核查,nanning_flood_20260706_0707,2026-07-07,dispatch_v3,074f2c6841becf074f14d90e06a2e9672972f1ec,"LINESTRING (108.840136 23.284518, 108.840083 23.284513, 108.840029 23.284523, 108.83996 23.284562, 108.838822 23.285508, 108.837739 23.286419, 108.836542 23.28742, 108.83577 23.28809, 108.835491 23.288252, 108.835126 23.288178, 108.83504 23.288198, 108.834933 23.288311, 108.83489 23.288341, 108.834847 23.288508)"
gis_osm_roads_free,<NA>,527277196,tertiary,roads:gis_osm_roads_free:527277196:tertiary,OGC:CRS84,450126,OpenStreetMap,real,kept,<NA>,,tertiary,,B,0,F,F,0,108.8905372,23.281286,,derived_from_source_layer_osm_id_fclass,smartbidata_task06_20260810,team_shared,team_shared_source,广西壮族自治区,南宁市,宾阳县,14956.56466341601,1200.19164150562,0.08024514108118073,8,True,True,False,False,疑似受影响，需现场核查,Task_20洪涝范围相交筛查；道路通行状态需现场核查,nanning_flood_20260706_0707,2026-07-07,dispatch_v3,074f2c6841becf074f14d90e06a2e9672972f1ec,"LINESTRING (108.836165 23.255848, 108.836491 23.256017, 108.836806 23.256258, 108.837225 23.25673, 108.838896 23.25912, 108.838982 23.259231, 108.83938 23.259747, 108.84031 23.260991, 108.84053 23.261222, 108.841464 23.261752, 108.841748 23.261984, 108.842388 23.262668, 108.84286 23.263295, 108.843154 23.263574, 108.843678 23.264008, 108.843794 23.264268, 108.843982 23.264683, 108.844129 23.264866, 108.845294 23.266042, 108.846144 23.267093, 108.847214 23.268394, 108.847414 23.268654, 108.848242 23.269454, 108.850687 23.272134, 108.852167 23.273859, 108.853352 23.275266, 108.85351 23.275546, 108.85394 23.277454, 108.854087 23.277772, 108.854276 23.277927, 108.854853 23.278119, 108.855954 23.278351, 108.857927 23.27864, 108.858084 23.278746, 108.858378 23.279112, 108.858462 23.279392, 108.858693 23.279739, 108.858871 23.279874, 108.859322 23.280008, 108.859669 23.280182, 108.859962 23.280356, 108.860582 23.280423, 108.86141 23.2805, 108.861715 23.280625, 108.862932 23.281425, 108.863666 23.281965, 108.864076 23.281994, 108.867674 23.281743, 108.877675 23.281067, 108.886392 23.280494, 108.886726 23.280517, 108.89019 23.28125, 108.890537 23.281286, 108.90094 23.281463, 108.910953 23.28157, 108.912068 23.281729, 108.912526 23.281797, 108.913311 23.281788, 108.913873 23.281688, 108.914712 23.281688, 108.915171 23.281788, 108.915506 23.281878, 108.915891 23.282064, 108.916306 23.282327, 108.916638 23.282656, 108.916889 23.282819, 108.917187 23.282957, 108.917368 23.283025, 108.919096 23.283592, 108.920667 23.284104, 108.922248 23.28437, 108.925236 23.285516, 108.929857 23.28744, 108.930146 23.287598, 108.930759 23.288062, 108.931549 23.288919, 108.932059 23.289423, 108.932525 23.28974, 108.933601 23.290276, 108.935708 23.29189, 108.936425 23.292477, 108.937746 23.29406, 108.938528 23.295384, 108.938873 23.296197, 108.939171 23.297399, 108.939409 23.29818, 108.93946 23.298391, 108.939552 23.29849, 108.939997 23.298676, 108.940282 23.298926, 108.940736 23.299208, 108.940857 23.299347, 108.941129 23.299989, 108.941284 23.30018, 108.941781 23.300656, 108.941919 23.30089, 108.942014 23.301012, 108.942182 23.301116, 108.943042 23.301365, 108.944242 23.301631, 108.944398 23.30171, 108.944963 23.302654, 108.945002 23.302789, 108.945058 23.302872, 108.946207 23.303884, 108.946427 23.304245, 108.947036 23.305502, 108.947934 23.306708, 108.948016 23.306862, 108.948116 23.307029, 108.948452 23.307271, 108.948547 23.30739, 108.948664 23.307636, 108.948729 23.307766, 108.949208 23.30812, 108.949523 23.308397, 108.949691 23.308514, 108.949843 23.308544, 108.950424 23.308617, 108.951895 23.308836, 108.952384 23.309039, 108.952775 23.309432, 108.952919 23.309544, 108.953641 23.31027, 108.953826 23.31037, 108.954144 23.310433, 108.954382 23.310392, 108.954485 23.310372, 108.954774 23.310316)"
gis_osm_roads_free,<NA>,1279593081,unclassified,roads:gis_osm_roads_free:1279593081:unclassified,OGC:CRS84,450126,OpenStreetMap,real,kept,<NA>,,unclassified,,F,0,F,F,0,108.8423265,23.2558058,,derived_from_source_layer_osm_id_fclass,smartbidata_task06_20260810,team_shared,team_shared_source,广西壮族自治区,南宁市,宾阳县,1075.2154381830228,70.67635817585814,0.065732276217399,1,True,False,False,False,疑似受影响，需现场核查,Task_20洪涝范围相交筛查；道路通行状态需现场核查,nanning_flood_20260706_0707,2026-07-07,dispatch_v3,074f2c6841becf074f14d90e06a2e9672972f1ec,"LINESTRING (108.838896 23.25912, 108.842252 23.25588, 108.842326 23.255806, 108.844167 23.254028, 108.84616 23.252104)"
gis_osm_roads_free,<NA>,1356626931,unclassified,roads:gis_osm_roads_free:1356626931:unclassified,OGC:CRS84,450126,OpenStreetMap,real,kept,<NA>,,unclassified,,F,0,F,F,0,108.8424287,23.2558906,,derived_from_source_layer_osm_id_fclass,smartbidata_task06_20260810,team_shared,team_shared_source,广西壮族自治区,南宁市,宾阳县,1074.4839135837233,60.97427610752397,0.05674750020608185,1,True,False,False,False,疑似受影响，需现场核查,Task_20洪涝范围相交筛查；道路通行状态需现场核查,nanning_flood_20260706_0707,2026-07-07,dispatch_v3,074f2c6841becf074f14d90e06a2e9672972f1ec,"LINESTRING (108.846227 23.252209, 108.844267 23.254109, 108.842429 23.255891, 108.842349 23.255968, 108.838982 23.259231)"
gis_osm_roads_free,<NA>,1368104944,unclassified,roads:gis_osm_roads_free:1368104944:unclassified,OGC:CRS84,450126,OpenStreetMap,real,kept,<NA>,,unclassified,,B,0,F,F,0,108.8416439,23.2912724,,derived_from_source_layer_osm_id_fclass,smartbidata_task06_20260810,team_shared,team_shared_source,广西壮族自治区,南宁市,宾阳县,780.9182689258032,95.55501455282506,0.12236237562256845,1,True,False,False,False,疑似受影响，需现场核查,Task_20洪涝范围相交筛查；道路通行状态需现场核查,nanning_flood_20260706_0707,2026-07-07,dispatch_v3,074f2c6841becf074f14d90e06a2e9672972f1ec,"LINESTRING (108.844272 23.289045, 108.844053 23.289267, 108.842395 23.290656, 108.841644 23.291272, 108.840056 23.292637, 108.839675 23.292869, 108.839597 23.29278, 108.839444 23.29245, 108.839203 23.291938, 108.839021 23.291691)"
gis_osm_roads_free,<NA>,1368104916,tertiary,roads:gis_osm_roads_free:1368104916:tertiary,OGC:CRS84,450126,OpenStreetMap,real,kept,<NA>,,tertiary,,B,0,F,F,0,108.8448572,23.2950709,,derived_from_source_layer_osm_id_fclass,smartbidata_task06_20260810,team_shared,team_shared_source,广西壮族自治区,南宁市,宾阳县,1365.9635050790005,84.15193872446638,0.061606286267215794,2,True,False,False,False,疑似受影响，需现场核查,Task_20洪涝范围相交筛查；道路通行状态需现场核查,nanning_flood_20260706_0707,2026-07-07,dispatch_v3,074f2c6841becf074f14d90e06a2e9672972f1ec,"LINESTRING (108.839072 23.297297, 108.840035 23.297052, 108.840437 23.29682, 108.84114 23.296588, 108.841724 23.296362, 108.841934 23.296322, 108.842111 23.296312, 108.842454 23.296342, 108.842926 23.296421, 108.843178 23.296431, 108.843554 23.296382, 108.843897 23.296239, 108.844551 23.295514, 108.844857 23.295071, 108.845152 23.294736, 108.845286 23.294628, 108.845758 23.294391, 108.846064 23.294081, 108.846241 23.293874, 108.846424 23.293667, 108.846488 23.293593, 108.846536 23.293554, 108.846633 23.293425, 108.846729 23.293292, 108.847169 23.292627, 108.847357 23.292164, 108.847411 23.291849, 108.847486 23.290548, 108.84755 23.29044, 108.84777 23.290287, 108.847899 23.290216, 108.848167 23.290252)"
gis_osm_roads_free,<NA>,1368104952,residential,roads:gis_osm_roads_free:1368104952:residential,OGC:CRS84,450126,OpenStreetMap,real,kept,<NA>,,residential,,B,0,F,F,0,108.8491917,23.2984705,,derived_from_source_layer_osm_id_fclass,smartbidata_task06_20260810,team_shared,team_shared_source,广西壮族自治区,南宁市,宾阳县,978.0654364018944,97.15474255839733,0.0993335813151828,1,True,False,False,False,疑似受影响，需现场核查,Task_20洪涝范围相交筛查；道路通行状态需现场核查,nanning_flood_20260706_0707,2026-07-07,dispatch_v3,074f2c6841becf074f14d90e06a2e9672972f1ec,"LINESTRING (108.852534 23.29477, 108.852266 23.294933, 108.851965 23.295322, 108.851885 23.295485, 108.851745 23.296101, 108.851364 23.296593, 108.851166 23.296805, 108.850656 23.297584, 108.850377 23.29781, 108.849192 23.29847, 108.848505 23.299559, 108.848408 23.299732, 108.848162 23.300096, 108.847775 23.300574, 108.847684 23.300885, 108.847518 23.301589, 108.847427 23.301885)"
gis_osm_roads_free,<NA>,1368104918,unclassified,roads:gis_osm_roads_free:1368104918:unclassified,OGC:CRS84,450126,OpenStreetMap,real,kept,<NA>,,unclassified,,B,0,F,F,0,108.8488054,23.291568,,derived_from_source_layer_osm_id_fclass,smartbidata_task06_20260810,team_shared,team_shared_source,广西壮族自治区,南宁市,宾阳县,327.9515868237211,4.333987993475186,0.01321532862655356,1,True,False,False,False,疑似受影响，需现场核查,Task_20洪涝范围相交筛查；道路通行状态需现场核查,nanning_flood_20260706_0707,2026-07-07,dispatch_v3,074f2c6841becf074f14d90e06a2e9672972f1ec,"LINESTRING (108.849782 23.292524, 108.849546 23.292538, 108.849288 23.292401, 108.84916 23.292258, 108.849095 23.292134, 108.848972 23.291809, 108.848805 23.291568, 108.848779 23.29145, 108.848741 23.291016, 108.848693 23.290824, 108.848494 23.290509, 108.848167 23.290252)"
gis_osm_roads_free,<NA>,1425820517,motorway,roads:gis_osm_roads_free:1425820517:motorway,OGC:CRS84,450126,OpenStreetMap,real,kept,<NA>,上横高速,motorway,S84,F,120,F,F,0,108.9272165,23.3267299,,derived_from_source_layer_osm_id_fclass,smartbidata_task06_20260810,team_shared,team_shared_source,广西壮族自治区,南宁市,宾阳县,5224.464755325739,80.3085441398269,0.015371630951852362,2,True,False,False,False,疑似受影响，需现场核查,Task_20洪涝范围相交筛查；道路通行状态需现场核查,nanning_flood_20260706_0707,2026-07-07,dispatch_v3,074f2c6841becf074f14d90e06a2e9672972f1ec,"LINESTRING (108.902594 23.335424, 108.907412 23.334312, 108.90937 23.333814, 108.911265 23.333294, 108.912014 23.333065, 108.912948 23.332764, 108.913634 23.33253, 108.914391 23.332237, 108.915051 23.331976, 108.915786 23.331676, 108.917344 23.330995, 108.924046 23.328114, 108.927216 23.32673, 108.928188 23.326267, 108.929057 23.325819, 108.929792 23.32542, 108.930564 23.324971, 108.931691 23.324267, 108.932367 23.323799, 108.933117 23.323277, 108.935467 23.321454, 108.938648 23.318819, 108.94024 23.31768, 108.94124 23.31706, 108.942436 23.316464, 108.944604 23.315544, 108.947677 23.314326)"
gis_osm_roads_free,<NA>,1368104934,track,roads:gis_osm_roads_free:1368104934:track,OGC:CRS84,450126,OpenStreetMap,real,kept,<NA>,,track,,B,0,F,F,0,108.8322293,23.3095756,,derived_from_source_layer_osm_id_fclass,smartbidata_task06_20260810,team_shared,team_shared_source,广西壮族自治区,南宁市,宾阳县,324.46471324264667,95.28420881847549,0.29366585927394345,1,True,True,False,False,疑似受影响，需现场核查,Task_20洪涝范围相交筛查；道路通行状态需现场核查,nanning_flood_20260706_0707,2026-07-07,dispatch_v3,074f2c6841becf074f14d90e06a2e9672972f1ec,"LINESTRING (108.831124 23.308403, 108.831521 23.308787, 108.832068 23.309428, 108.832229 23.309576, 108.832498 23.309802, 108.832675 23.30992, 108.833238 23.310142, 108.833522 23.310206)"
gis_osm_roads_free,<NA>,1369968796,tertiary,roads:gis_osm_roads_free:1369968796:tertiary,OGC:CRS84,450126,OpenStreetMap,real,kept,<NA>,,tertiary,,B,0,F,F,0,108.8462586,23.3205246,,derived_from_source_layer_osm_id_fclass,smartbidata_task06_20260810,team_shared,team_shared_source,广西壮族自治区,南宁市,宾阳县,1384.2064827126992,271.88724562083996,0.19642101739619716,1,True,True,False,False,疑似受影响，需现场核查,Task_20洪涝范围相交筛查；道路通行状态需现场核查,nanning_flood_20260706_0707,2026-07-07,dispatch_v3,074f2c6841becf074f14d90e06a2e9672972f1ec,"LINESTRING (108.850393 23.321055, 108.846259 23.320525, 108.840551 23.319792, 108.839069 23.319618, 108.83899 23.319549, 108.838844 23.319503, 108.83855 23.319488, 108.838146 23.319397, 108.838076 23.319409, 108.837626 23.319327, 108.837024 23.319269)"
gis_osm_roads_free,<NA>,1368104959,unclassified,roads:gis_osm_roads_free:1368104959:unclassified,OGC:CRS84,450126,OpenStreetMap,real,kept,<NA>,,unclassified,,B,0,F,F,0,108.84085,23.3079202,,derived_from_source_layer_osm_id_fclass,smartbidata_task06_20260810,team_shared,team_shared_source,广西壮族自治区,南宁市,宾阳县,1706.706577938531,297.22803654833837,0.17415298000863708,2,True,True,False,False,疑似受影响，需现场核查,Task_20洪涝范围相交筛查；道路通行状态需现场核查,nanning_flood_20260706_0707,2026-07-07,dispatch_v3,074f2c6841becf074f14d90e06a2e9672972f1ec,"LINESTRING (108.839005 23.314759, 108.83952 23.314108, 108.840008 23.313675, 108.840083 23.313463, 108.840201 23.313261, 108.840534 23.312689, 108.840614 23.312596, 108.840823 23.312443, 108.841172 23.312088, 108.841263 23.311965, 108.841306 23.311872, 108.841338 23.31166, 108.841284 23.311448, 108.841247 23.311068, 108.841166 23.310684, 108.841086 23.309714, 108.841065 23.309664, 108.840952 23.308221, 108.84085 23.30792, 108.840818 23.307516, 108.840759 23.307201, 108.840828 23.306762, 108.840861 23.306703, 108.840877 23.30656, 108.840909 23.306398, 108.841456 23.304166, 108.84152 23.303772, 108.841499 23.303388, 108.841504 23.302185, 108.841585 23.301555, 108.841585 23.301407, 108.841467 23.30096, 108.841209 23.300384, 108.841282 23.300309)"
gis_osm_roads_free,<NA>,1369958555,tertiary,roads:gis_osm_roads_free:1369958555:tertiary,OGC:CRS84,450126,OpenStreetMap,real,kept,<NA>,,tertiary,,B,0,F,F,0,108.8630426,23.3239762,,derived_from_source_layer_osm_id_fclass,smartbidata_task06_20260810,team_shared,team_shared_source,广西壮族自治区,南宁市,宾阳县,4374.909306861713,3405.9125787261064,0.778510442121438,2,True,True,False,False,疑似受影响，需现场核查,Task_20洪涝范围相交筛查；道路通行状态需现场核查,nanning_flood_20260706_0707,2026-07-07,dispatch_v3,074f2c6841becf074f14d90e06a2e9672972f1ec,"LINESTRING (108.844225 23.316752, 108.846175 23.317503, 108.849691 23.318856, 108.854423 23.320656, 108.858107 23.322085, 108.860902 23.323164, 108.863043 23.323976, 108.867447 23.325671, 108.873916 23.328148, 108.877843 23.32965, 108.881711 23.331143, 108.882258 23.33133, 108.882816 23.331261, 108.88295 23.331226, 108.88324 23.331054, 108.883529 23.330778, 108.883562 23.330645)"
gis_osm_roads_free,<NA>,1368104957,residential,roads:gis_osm_roads_free:1368104957:residential,OGC:CRS84,450126,OpenStreetMap,real,kept,<NA>,,residential,,B,0,F,F,0,108.8495082,23.2970269,,derived_from_source_layer_osm_id_fclass,smartbidata_task06_20260810,team_shared,team_shared_source,广西壮族自治区,南宁市,宾阳县,316.087613099314,163.18892933553533,0.5162775210816684,1,True,True,False,False,疑似受影响，需现场核查,Task_20洪涝范围相交筛查；道路通行状态需现场核查,nanning_flood_20260706_0707,2026-07-07,dispatch_v3,074f2c6841becf074f14d90e06a2e9672972f1ec,"LINESTRING (108.850189 23.296386, 108.85005 23.296406, 108.84991 23.296426, 108.849717 23.296446, 108.849503 23.296465, 108.849385 23.296485, 108.849363 23.29651, 108.849363 23.296588, 108.849433 23.29681, 108.849508 23.297027, 108.84917 23.297544, 108.849228 23.29802, 108.849192 23.29847)"
gis_osm_roads_free,<NA>,1369968795,unclassified,roads:gis_osm_roads_free:1369968795:unclassified,OGC:CRS84,450126,OpenStreetMap,real,kept,<NA>,,unclassified,,B,0,F,F,0,108.8756271,23.3345772,,derived_from_source_layer_osm_id_fclass,smartbidata_task06_20260810,team_shared,team_shared_source,广西壮族自治区,南宁市,宾阳县,984.9911273787975,538.1562664484727,0.5463564609770483,1,True,True,False,False,疑似受影响，需现场核查,Task_20洪涝范围相交筛查；道路通行状态需现场核查,nanning_flood_20260706_0707,2026-07-07,dispatch_v3,074f2c6841becf074f14d90e06a2e9672972f1ec,"LINESTRING (108.877843 23.32965, 108.875627 23.334577, 108.875865 23.335715, 108.875852 23.335982, 108.875908 23.336071, 108.876037 23.336162, 108.876206 23.336201, 108.876535 23.336191, 108.876726 23.336202, 108.876906 23.336229, 108.877114 23.336284, 108.877239 23.33638, 108.877418 23.336548, 108.877641 23.336984)"
gis_osm_roads_free,<NA>,1425820529,motorway,roads:gis_osm_roads_free:1425820529:motorway,OGC:CRS84,450126,OpenStreetMap,real,kept,<NA>,上横高速,motorway,S84,F,120,F,F,0,108.8386238,23.3411378,,derived_from_source_layer_osm_id_fclass,smartbidata_task06_20260810,team_shared,team_shared_source,广西壮族自治区,南宁市,宾阳县,6963.227378277963,60.844152756468525,0.00873792416233226,1,True,False,False,False,疑似受影响，需现场核查,Task_20洪涝范围相交筛查；道路通行状态需现场核查,nanning_flood_20260706_0707,2026-07-07,dispatch_v3,074f2c6841becf074f14d90e06a2e9672972f1ec,"LINESTRING (108.803825 23.345335, 108.810198 23.344143, 108.811222 23.343965, 108.812694 23.343735, 108.81435 23.343527, 108.81516 23.343453, 108.816062 23.343377, 108.816855 23.343315, 108.817713 23.34327, 108.819532 23.343172, 108.822381 23.343038, 108.826784 23.342836, 108.828372 23.342724, 108.82973 23.342596, 108.830947 23.342442, 108.832578 23.342226, 108.834193 23.341936, 108.836332 23.341545, 108.838624 23.341138, 108.840683 23.340846, 108.841762 23.340709, 108.843259 23.340562, 108.845576 23.340389, 108.84986 23.340094, 108.854184 23.339784, 108.858573 23.339468, 108.861415 23.339311, 108.863236 23.339301, 108.864464 23.339315, 108.865578 23.339355, 108.866615 23.339404, 108.869292 23.339626, 108.871465 23.339857)"
gis_osm_roads_free,<NA>,1425820530,motorway,roads:gis_osm_roads_free:1425820530:motorway,OGC:CRS84,450126,OpenStreetMap,real,kept,<NA>,上横高速,motorway,S84,F,120,F,F,0,108.8383877,23.3413052,,derived_from_source_layer_osm_id_fclass,smartbidata_task06_20260810,team_shared,team_shared_source,广西壮族自治区,南宁市,宾阳县,6954.610163096897,68.81345381312568,0.009894652927962674,1,True,False,False,False,疑似受影响，需现场核查,Task_20洪涝范围相交筛查；道路通行状态需现场核查,nanning_flood_20260706_0707,2026-07-07,dispatch_v3,074f2c6841becf074f14d90e06a2e9672972f1ec,"LINESTRING (108.871389 23.339963, 108.869339 23.339754, 108.866696 23.339547, 108.865613 23.339468, 108.863574 23.339419, 108.861499 23.339429, 108.858598 23.339587, 108.854123 23.339897, 108.849826 23.340217, 108.845576 23.340502, 108.843296 23.34067, 108.84131 23.340877, 108.838388 23.341305, 108.835356 23.341852, 108.833238 23.342236, 108.831542 23.342488, 108.829805 23.342719, 108.828887 23.342808, 108.826827 23.342946, 108.822413 23.343172, 108.819333 23.343305, 108.817713 23.343394, 108.816855 23.343443, 108.81596 23.343512, 108.815165 23.343571, 108.814377 23.34364, 108.813278 23.343776, 108.812628 23.343871, 108.811812 23.343994, 108.81052 23.344197, 108.805617 23.345152, 108.803836 23.345467)"
gis_osm_roads_free,<NA>,1369958582,unclassified,roads:gis_osm_roads_free:1369958582:unclassified,OGC:CRS84,450126,OpenStreetMap,real,kept,<NA>,,unclassified,,B,0,F,F,0,108.9418566,23.3245673,,derived_from_source_layer_osm_id_fclass,smartbidata_task06_20260810,team_shared,team_shared_source,广西壮族自治区,南宁市,宾阳县,1610.875656845472,125.14883529953153,0.07768994134817744,1,True,True,False,False,疑似受影响，需现场核查,Task_20洪涝范围相交筛查；道路通行状态需现场核查,nanning_flood_20260706_0707,2026-07-07,dispatch_v3,074f2c6841becf074f14d90e06a2e9672972f1ec,"LINESTRING (108.946878 23.329463, 108.946953 23.329242, 108.946964 23.329015, 108.946948 23.328951, 108.946835 23.328808, 108.946438 23.328512, 108.945783 23.328158, 108.944689 23.327473, 108.943605 23.326912, 108.942323 23.326528, 108.942055 23.326414, 108.942018 23.32635, 108.941905 23.32604, 108.94169 23.325597, 108.94168 23.3254, 108.941776 23.325173, 108.941857 23.324567, 108.941787 23.324429, 108.941433 23.323996, 108.941277 23.323848, 108.941191 23.323804, 108.941175 23.323774, 108.940945 23.323533, 108.940784 23.323237, 108.940762 23.323144, 108.940778 23.323075, 108.940945 23.322888, 108.941041 23.322829, 108.941154 23.322681, 108.941422 23.322085, 108.94154 23.321912, 108.941739 23.321666, 108.941814 23.321504, 108.94191 23.320991, 108.941953 23.320902, 108.942168 23.320582, 108.942313 23.320292, 108.942511 23.31969, 108.942554 23.319646, 108.942683 23.319572, 108.94271 23.319503, 108.942763 23.318744, 108.94276 23.318578)"
gis_osm_roads_free,<NA>,1369958586,unclassified,roads:gis_osm_roads_free:1369958586:unclassified,OGC:CRS84,450126,OpenStreetMap,real,kept,<NA>,,unclassified,,B,0,F,F,0,108.9380854,23.3274536,,derived_from_source_layer_osm_id_fclass,smartbidata_task06_20260810,team_shared,team_shared_source,广西壮族自治区,南宁市,宾阳县,1073.0320007365226,95.0989790054747,0.08862641462714937,1,True,False,False,False,疑似受影响，需现场核查,Task_20洪涝范围相交筛查；道路通行状态需现场核查,nanning_flood_20260706_0707,2026-07-07,dispatch_v3,074f2c6841becf074f14d90e06a2e9672972f1ec,"LINESTRING (108.941175 23.323774, 108.940977 23.323824, 108.94066 23.323991, 108.940505 23.324099, 108.94043 23.324183, 108.940365 23.324286, 108.940301 23.32438, 108.94007 23.324622, 108.939931 23.324833, 108.939882 23.325075, 108.939711 23.325365, 108.939496 23.325577, 108.939153 23.325789, 108.939056 23.325986, 108.939035 23.326099, 108.939046 23.326148, 108.938912 23.326326, 108.938541 23.326478, 108.938456 23.326552, 108.938397 23.32669, 108.9383 23.32701, 108.938085 23.327454, 108.937989 23.327577, 108.937812 23.327705, 108.937302 23.32802, 108.93705 23.328222, 108.936696 23.328547, 108.936594 23.328828, 108.936551 23.329035, 108.936449 23.329197, 108.936288 23.329365, 108.935838 23.329734, 108.935216 23.330389, 108.935071 23.330694, 108.935054 23.330773, 108.934926 23.331074)"
gis_osm_roads_free,<NA>,1369958587,unclassified,roads:gis_osm_roads_free:1369958587:unclassified,OGC:CRS84,450126,OpenStreetMap,real,kept,<NA>,,unclassified,,B,0,F,F,0,108.9300817,23.3346988,,derived_from_source_layer_osm_id_fclass,smartbidata_task06_20260810,team_shared,team_shared_source,广西壮族自治区,南宁市,宾阳县,1839.879786776516,148.9949519472585,0.08098080810393533,1,True,True,False,False,疑似受影响，需现场核查,Task_20洪涝范围相交筛查；道路通行状态需现场核查,nanning_flood_20260706_0707,2026-07-07,dispatch_v3,074f2c6841becf074f14d90e06a2e9672972f1ec,"LINESTRING (108.934926 23.331074, 108.93528 23.331684, 108.935387 23.332019, 108.935516 23.332241, 108.935655 23.332423, 108.93579 23.332763, 108.935741 23.333507, 108.935425 23.333945, 108.935226 23.334492, 108.934969 23.334704, 108.934121 23.334812, 108.933821 23.334911, 108.933612 23.33496, 108.933488 23.33496, 108.933016 23.334861, 108.932748 23.334842, 108.932297 23.334846, 108.931418 23.334955, 108.930774 23.334925, 108.930602 23.334881, 108.930082 23.334699, 108.929883 23.334669, 108.929781 23.334694, 108.929476 23.334852, 108.929148 23.334989, 108.928918 23.335039, 108.928719 23.335048, 108.928558 23.335024, 108.928403 23.33498, 108.927984 23.334812, 108.927721 23.334615, 108.927485 23.334344, 108.927185 23.334118, 108.926976 23.334147, 108.926671 23.333955, 108.926567 23.333791, 108.926536 23.333499, 108.92617 23.332793, 108.925629 23.332382, 108.925308 23.331987, 108.924858 23.331397, 108.924787 23.331244, 108.924777 23.330707, 108.924682 23.330576, 108.924526 23.330486, 108.924322 23.330504)"
gis_osm_roads_free,<NA>,1369958590,track,roads:gis_osm_roads_free:1369958590:track,OGC:CRS84,450126,OpenStreetMap,real,kept,<NA>,,track,,B,0,F,F,0,108.9376347,23.3341816,,derived_from_source_layer_osm_id_fclass,smartbidata_task06_20260810,team_shared,team_shared_source,广西壮族自治区,南宁市,宾阳县,454.9318020973102,62.79239176435682,0.13802594471275387,1,True,False,False,False,疑似受影响，需现场核查,Task_20洪涝范围相交筛查；道路通行状态需现场核查,nanning_flood_20260706_0707,2026-07-07,dispatch_v3,074f2c6841becf074f14d90e06a2e9672972f1ec,"LINESTRING (108.935741 23.333507, 108.935875 23.333526, 108.936272 23.333926, 108.936401 23.33397, 108.936535 23.33397, 108.936621 23.33395, 108.936803 23.33397, 108.936991 23.334113, 108.937125 23.334182, 108.937254 23.334192, 108.937426 23.334167, 108.937635 23.334182, 108.937849 23.334334, 108.937951 23.334359, 108.938058 23.334324, 108.938284 23.334167, 108.938364 23.334122, 108.938455 23.334044, 108.938482 23.333728, 108.938514 23.333684, 108.938815 23.333566, 108.93897 23.333403, 108.939287 23.333453)"
gis_osm_roads_free,<NA>,1369968793,unclassified,roads:gis_osm_roads_free:1369968793:unclassified,OGC:CRS84,450126,OpenStreetMap,real,kept,<NA>,,unclassified,,B,0,F,F,0,108.8565736,23.315931,,derived_from_source_layer_osm_id_fclass,smartbidata_task06_20260810,team_shared,team_shared_source,广西壮族自治区,南宁市,宾阳县,1376.5378955625943,405.5020382899794,0.2945810933336127,2,True,True,False,False,疑似受影响，需现场核查,Task_20洪涝范围相交筛查；道路通行状态需现场核查,nanning_flood_20260706_0707,2026-07-07,dispatch_v3,074f2c6841becf074f14d90e06a2e9672972f1ec,"LINESTRING (108.85293 23.323913, 108.853625 23.322454, 108.854423 23.320656, 108.856574 23.315931, 108.857589 23.313658, 108.857649 23.313624, 108.857732 23.313642, 108.858203 23.313774, 108.858329 23.313728, 108.858465 23.313635, 108.858722 23.313283)"
gis_osm_roads_free,<NA>,1369968794,unclassified,roads:gis_osm_roads_free:1369968794:unclassified,OGC:CRS84,450126,OpenStreetMap,real,kept,<NA>,,unclassified,,B,0,F,F,0,108.8609022,23.3231636,,derived_from_source_layer_osm_id_fclass,smartbidata_task06_20260810,team_shared,team_shared_source,广西壮族自治区,南宁市,宾阳县,1479.9182121150316,709.6392438147196,0.4795124744093362,2,True,True,False,False,疑似受影响，需现场核查,Task_20洪涝范围相交筛查；道路通行状态需现场核查,nanning_flood_20260706_0707,2026-07-07,dispatch_v3,074f2c6841becf074f14d90e06a2e9672972f1ec,"LINESTRING (108.858741 23.328018, 108.859516 23.326418, 108.859572 23.326209, 108.860902 23.323164, 108.863424 23.317492, 108.863563 23.317242, 108.863989 23.316192, 108.864247 23.31567)"
gis_osm_roads_free,<NA>,1369968797,unclassified,roads:gis_osm_roads_free:1369968797:unclassified,OGC:CRS84,450126,OpenStreetMap,real,kept,<NA>,,unclassified,,B,0,F,F,0,108.8461748,23.3175032,,derived_from_source_layer_osm_id_fclass,smartbidata_task06_20260810,team_shared,team_shared_source,广西壮族自治区,南宁市,宾阳县,1010.5383363886307,522.3596395650449,0.5169122444496326,1,True,True,False,False,疑似受影响，需现场核查,Task_20洪涝范围相交筛查；道路通行状态需现场核查,nanning_flood_20260706_0707,2026-07-07,dispatch_v3,074f2c6841becf074f14d90e06a2e9672972f1ec,"LINESTRING (108.846259 23.320525, 108.846135 23.32023, 108.84603 23.319891, 108.845994 23.319535, 108.845907 23.319401, 108.845766 23.319362, 108.845458 23.319098, 108.846175 23.317503, 108.848527 23.312246)"
gis_osm_roads_free,<NA>,1536714232,unclassified,roads:gis_osm_roads_free:1536714232:unclassified,OGC:CRS84,450126,OpenStreetMap,real,kept,<NA>,,unclassified,,B,0,F,F,0,108.9399469,23.3213065,,derived_from_source_layer_osm_id_fclass,smartbidata_task06_20260810,team_shared,team_shared_source,广西壮族自治区,南宁市,宾阳县,507.70321625153997,30.05913712501323,0.05920611917124536,1,True,False,False,False,疑似受影响，需现场核查,Task_20洪涝范围相交筛查；道路通行状态需现场核查,nanning_flood_20260706_0707,2026-07-07,dispatch_v3,074f2c6841becf074f14d90e06a2e9672972f1ec,"LINESTRING (108.938735 23.319518, 108.938686 23.320065, 108.938649 23.32037, 108.938713 23.320572, 108.93904 23.320819, 108.939947 23.321306, 108.940424 23.321622, 108.940628 23.321755, 108.940864 23.321844, 108.940988 23.321868, 108.94154 23.321912, 108.942077 23.32208)"
gis_osm_roads_free,<NA>,857870165,tertiary,roads:gis_osm_roads_free:857870165:tertiary,OGC:CRS84,450126,OpenStreetMap,real,kept,<NA>,,tertiary,Y003,B,0,F,F,0,108.8835615,23.3414111,,derived_from_source_layer_osm_id_fclass,smartbidata_task06_20260810,team_shared,team_shared_source,广西壮族自治区,南宁市,宾阳县,2915.552247474996,405.7166181561801,0.13915601015469697,2,True,True,False,False,疑似受影响，需现场核查,Task_20洪涝范围相交筛查；道路通行状态需现场核查,nanning_flood_20260706_0707,2026-07-07,dispatch_v3,074f2c6841becf074f14d90e06a2e9672972f1ec,"LINESTRING (108.876942 23.351909, 108.876971 23.351766, 108.876987 23.351616, 108.877038 23.350631, 108.877044 23.35006, 108.877079 23.349801, 108.877245 23.348728, 108.877355 23.348233, 108.877497 23.347378, 108.877529 23.346888, 108.877569 23.346674, 108.877604 23.346598, 108.877827 23.346336, 108.878506 23.345337, 108.878927 23.344716, 108.879342 23.344187, 108.879538 23.343889, 108.879844 23.343243, 108.879954 23.343002, 108.880058 23.342367, 108.880077 23.342224, 108.880126 23.342081, 108.880203 23.341982, 108.880308 23.341955, 108.880557 23.342024, 108.881185 23.342216, 108.881343 23.342239, 108.881467 23.342216, 108.881654 23.342103, 108.881925 23.341963, 108.882518 23.341783, 108.883562 23.341411, 108.88387 23.341332, 108.883966 23.341327, 108.88424 23.341342, 108.884377 23.341342, 108.884554 23.341295, 108.88468 23.341266, 108.884793 23.341271, 108.885061 23.341364, 108.885305 23.341448, 108.885506 23.341566, 108.885651 23.341601, 108.885777 23.341603, 108.885876 23.341559, 108.886212 23.341226, 108.886429 23.341074, 108.886794 23.340722, 108.886981 23.34049, 108.887113 23.340251, 108.887209 23.340185, 108.887357 23.340116, 108.887464 23.340094, 108.887571 23.340123, 108.887668 23.340217, 108.887901 23.340431, 108.888172 23.340628, 108.888475 23.34082, 108.889001 23.341244, 108.889095 23.341298, 108.88932 23.341421, 108.889508 23.341463, 108.889712 23.34148, 108.889924 23.341436, 108.890409 23.341246, 108.890734 23.341116, 108.891101 23.34101, 108.891627 23.340884, 108.891793 23.340815, 108.891925 23.340719, 108.892107 23.340512, 108.892491 23.339938, 108.89267 23.339749, 108.892762 23.339596, 108.893357 23.338675, 108.89347 23.338562, 108.893641 23.338503, 108.894188 23.338419)"
gis_osm_roads_free,<NA>,1425820525,motorway,roads:gis_osm_roads_free:1425820525:motorway,OGC:CRS84,450126,OpenStreetMap,real,kept,<NA>,上横高速,motorway,S84,F,120,F,F,0,108.8890225,23.3385273,,derived_from_source_layer_osm_id_fclass,smartbidata_task06_20260810,team_shared,team_shared_source,广西壮族自治区,南宁市,宾阳县,1121.1270351195787,426.6709525824687,0.380573243902695,1,True,True,False,False,疑似受影响，需现场核查,Task_20洪涝范围相交筛查；道路通行状态需现场核查,nanning_flood_20260706_0707,2026-07-07,dispatch_v3,074f2c6841becf074f14d90e06a2e9672972f1ec,"LINESTRING (108.882697 23.33936, 108.885584 23.339005, 108.887083 23.338814, 108.889022 23.338527, 108.890889 23.338168, 108.893486 23.337591)"
gis_osm_roads_free,<NA>,1369958557,tertiary,roads:gis_osm_roads_free:1369958557:tertiary,OGC:CRS84,450126,OpenStreetMap,real,kept,<NA>,,tertiary,,B,0,T,F,1,108.8837791,23.3302768,,derived_from_source_layer_osm_id_fclass,smartbidata_task06_20260810,team_shared,team_shared_source,广西壮族自治区,南宁市,宾阳县,46.48609974572972,7.913240655892551,0.17022810472757446,1,True,False,True,True,疑似受影响，需现场核查,Task_20洪涝范围相交筛查；道路通行状态需现场核查,nanning_flood_20260706_0707,2026-07-07,dispatch_v3,074f2c6841becf074f14d90e06a2e9672972f1ec,"LINESTRING (108.883562 23.330645, 108.883779 23.330277)"
gis_osm_roads_free,<NA>,1369958556,tertiary,roads:gis_osm_roads_free:1369958556:tertiary,OGC:CRS84,450126,OpenStreetMap,real,kept,<NA>,,tertiary,,B,0,F,F,0,108.8857931,23.3269019,,derived_from_source_layer_osm_id_fclass,smartbidata_task06_20260810,team_shared,team_shared_source,广西壮族自治区,南宁市,宾阳县,804.7142608777631,84.38565009033626,0.10486411660990126,1,True,False,False,False,疑似受影响，需现场核查,Task_20洪涝范围相交筛查；道路通行状态需现场核查,nanning_flood_20260706_0707,2026-07-07,dispatch_v3,074f2c6841becf074f14d90e06a2e9672972f1ec,"LINESTRING (108.883779 23.330277, 108.88428 23.329429, 108.884768 23.328463, 108.884833 23.32836, 108.885058 23.328133, 108.885487 23.327409, 108.885793 23.326902, 108.886044 23.326465, 108.886507 23.32574, 108.886517 23.324799, 108.886555 23.324577, 108.886689 23.324286, 108.887016 23.323789)"
gis_osm_roads_free,<NA>,1369958558,residential,roads:gis_osm_roads_free:1369958558:residential,OGC:CRS84,450126,OpenStreetMap,real,kept,<NA>,,residential,,B,0,F,F,0,108.8848435,23.3264735,,derived_from_source_layer_osm_id_fclass,smartbidata_task06_20260810,team_shared,team_shared_source,广西壮族自治区,南宁市,宾阳县,234.95011832608756,21.44237249251643,0.09126351008155925,1,True,False,False,False,疑似受影响，需现场核查,Task_20洪涝范围相交筛查；道路通行状态需现场核查,nanning_flood_20260706_0707,2026-07-07,dispatch_v3,074f2c6841becf074f14d90e06a2e9672972f1ec,"LINESTRING (108.884345 23.327326, 108.884468 23.327173, 108.884543 23.327089, 108.884624 23.326887, 108.884747 23.326739, 108.884763 23.326592, 108.884844 23.326474, 108.885418 23.326567, 108.88568 23.326478, 108.886044 23.326465)"
gis_osm_roads_free,<NA>,1369958566,tertiary,roads:gis_osm_roads_free:1369958566:tertiary,OGC:CRS84,450126,OpenStreetMap,real,kept,<NA>,,tertiary,,B,0,F,F,0,108.8918281,23.3203457,,derived_from_source_layer_osm_id_fclass,smartbidata_task06_20260810,team_shared,team_shared_source,广西壮族自治区,南宁市,宾阳县,1629.92090306523,124.61097667162048,0.07645216184250231,1,True,True,False,False,疑似受影响，需现场核查,Task_20洪涝范围相交筛查；道路通行状态需现场核查,nanning_flood_20260706_0707,2026-07-07,dispatch_v3,074f2c6841becf074f14d90e06a2e9672972f1ec,"LINESTRING (108.885879 23.324055, 108.886212 23.324001, 108.886753 23.323843, 108.887016 23.323789, 108.887848 23.323602, 108.888684 23.323178, 108.889157 23.322779, 108.889913 23.32208, 108.891828 23.320346, 108.892579 23.319553, 108.893116 23.318971, 108.89347 23.31835, 108.89392 23.317794, 108.894253 23.317321, 108.894602 23.316779, 108.895267 23.315946, 108.895476 23.315611, 108.895572 23.315419, 108.895658 23.315133, 108.896348 23.3145, 108.896554 23.314389, 108.896737 23.314379, 108.897037 23.314404)"
gis_osm_roads_free,<NA>,1369958567,unclassified,roads:gis_osm_roads_free:1369958567:unclassified,OGC:CRS84,450126,OpenStreetMap,real,kept,<NA>,,unclassified,,B,0,F,F,0,108.8914955,23.3184741,,derived_from_source_layer_osm_id_fclass,smartbidata_task06_20260810,team_shared,team_shared_source,广西壮族自治区,南宁市,宾阳县,372.1585604062825,46.904954871325174,0.12603486755784796,1,True,False,False,False,疑似受影响，需现场核查,Task_20洪涝范围相交筛查；道路通行状态需现场核查,nanning_flood_20260706_0707,2026-07-07,dispatch_v3,074f2c6841becf074f14d90e06a2e9672972f1ec,"LINESTRING (108.892579 23.319553, 108.892279 23.319272, 108.892182 23.319105, 108.892086 23.31877, 108.892037 23.318701, 108.891909 23.318612, 108.89178 23.318568, 108.891571 23.318523, 108.891496 23.318474, 108.891404 23.31838, 108.891329 23.318351, 108.891066 23.31839, 108.890905 23.31845, 108.890664 23.318494, 108.890482 23.318499, 108.890004 23.318405, 108.889747 23.318169)"
gis_osm_roads_free,<NA>,1369958561,residential,roads:gis_osm_roads_free:1369958561:residential,OGC:CRS84,450126,OpenStreetMap,real,kept,<NA>,,residential,,B,0,F,F,0,108.8942367,23.3311525,,derived_from_source_layer_osm_id_fclass,smartbidata_task06_20260810,team_shared,team_shared_source,广西壮族自治区,南宁市,宾阳县,224.79520860122304,154.13353467879736,0.6856620104933979,1,True,True,False,False,疑似受影响，需现场核查,Task_20洪涝范围相交筛查；道路通行状态需现场核查,nanning_flood_20260706_0707,2026-07-07,dispatch_v3,074f2c6841becf074f14d90e06a2e9672972f1ec,"LINESTRING (108.895462 23.331019, 108.89502 23.331093, 108.894516 23.331074, 108.894237 23.331152, 108.893979 23.331192, 108.893319 23.331384)"
gis_osm_roads_free,<NA>,1425820524,motorway,roads:gis_osm_roads_free:1425820524:motorway,OGC:CRS84,450126,OpenStreetMap,real,kept,<NA>,上横高速,motorway,S84,F,120,T,F,1,108.8934857,23.3375914,,derived_from_source_layer_osm_id_fclass,smartbidata_task06_20260810,team_shared,team_shared_source,广西壮族自治区,南宁市,宾阳县,219.49883037810494,219.49883037810494,1.0,1,True,True,True,True,疑似受影响，需现场核查,Task_20洪涝范围相交筛查；道路通行状态需现场核查,nanning_flood_20260706_0707,2026-07-07,dispatch_v3,074f2c6841becf074f14d90e06a2e9672972f1ec,"LINESTRING (108.893486 23.337591, 108.895568 23.337109)"
gis_osm_roads_free,<NA>,857870163,tertiary,roads:gis_osm_roads_free:857870163:tertiary,OGC:CRS84,450126,OpenStreetMap,real,kept,<NA>,,tertiary,Y003,B,0,T,F,1,108.8946444,23.3383401,,derived_from_source_layer_osm_id_fclass,smartbidata_task06_20260810,team_shared,team_shared_source,广西壮族自治区,南宁市,宾阳县,47.42200480506566,47.42200480506566,1.0,1,True,True,True,True,疑似受影响，需现场核查,Task_20洪涝范围相交筛查；道路通行状态需现场核查,nanning_flood_20260706_0707,2026-07-07,dispatch_v3,074f2c6841becf074f14d90e06a2e9672972f1ec,"LINESTRING (108.894188 23.338419, 108.894644 23.33834)"
gis_osm_roads_free,<NA>,857870162,tertiary,roads:gis_osm_roads_free:857870162:tertiary,OGC:CRS84,450126,OpenStreetMap,real,kept,<NA>,,tertiary,Y003,B,0,F,F,0,108.9067894,23.3188332,,derived_from_source_layer_osm_id_fclass,smartbidata_task06_20260810,team_shared,team_shared_source,广西壮族自治区,南宁市,宾阳县,6644.12260589039,459.71489937256723,0.06919121254099134,2,True,True,False,False,疑似受影响，需现场核查,Task_20洪涝范围相交筛查；道路通行状态需现场核查,nanning_flood_20260706_0707,2026-07-07,dispatch_v3,074f2c6841becf074f14d90e06a2e9672972f1ec,"LINESTRING (108.924322 23.330504, 108.923875 23.330566, 108.923499 23.330523, 108.922965 23.330327, 108.921649 23.330197, 108.920541 23.330058, 108.919348 23.329522, 108.918881 23.329281, 108.918382 23.329143, 108.917765 23.329192, 108.91762 23.329138, 108.917427 23.328877, 108.917314 23.328621, 108.91717 23.328429, 108.916966 23.328261, 108.916467 23.327981, 108.91629 23.327803, 108.916124 23.327596, 108.915979 23.327488, 108.915861 23.32734, 108.915753 23.327025, 108.915721 23.326818, 108.915732 23.326651, 108.915812 23.326336, 108.915764 23.326035, 108.915576 23.325813, 108.91548 23.325597, 108.915448 23.325134, 108.91541 23.325006, 108.915346 23.324902, 108.915056 23.324557, 108.914938 23.324454, 108.914557 23.324267, 108.914391 23.324213, 108.914284 23.324198, 108.914128 23.324237, 108.913731 23.32441, 108.913608 23.324434, 108.913506 23.324434, 108.91306 23.324341, 108.912519 23.324124, 108.911934 23.323853, 108.911692 23.323696, 108.911338 23.323326, 108.910872 23.322612, 108.910786 23.322371, 108.910604 23.322085, 108.910126 23.321124, 108.909777 23.320745, 108.908967 23.320139, 108.908329 23.319735, 108.908248 23.319666, 108.907739 23.319227, 108.907573 23.319104, 108.906789 23.318833, 108.906521 23.318695, 108.906258 23.318508, 108.90613 23.318395, 108.906006 23.318252, 108.90562 23.31771, 108.90554 23.317537, 108.90547 23.317178, 108.905405 23.31706, 108.905346 23.31699, 108.905239 23.316902, 108.90511 23.316823, 108.904552 23.316537, 108.904231 23.316227, 108.904118 23.316, 108.903882 23.315641, 108.902358 23.314379, 108.901865 23.313576, 108.90142 23.312931, 108.901275 23.312783, 108.901023 23.312586, 108.900636 23.312433, 108.900459 23.312468, 108.899285 23.312926, 108.898941 23.31301, 108.89855 23.313044, 108.898469 23.313049, 108.898201 23.313133, 108.897675 23.313675, 108.897418 23.313892, 108.897364 23.313936, 108.897037 23.314404, 108.897692 23.315113, 108.89782 23.315429, 108.897826 23.315646, 108.897772 23.315852, 108.897686 23.31605, 108.897203 23.316803, 108.89701 23.317148, 108.896924 23.317345, 108.896737 23.317877, 108.896624 23.318666, 108.896506 23.31901, 108.895948 23.32006, 108.895808 23.320405, 108.895696 23.320755, 108.895583 23.321021, 108.895524 23.321252, 108.895535 23.322085, 108.895578 23.322464, 108.895723 23.323036, 108.895739 23.323439, 108.895562 23.327266, 108.895567 23.327695, 108.895539 23.328606, 108.895519 23.329143, 108.895462 23.331019, 108.895412 23.331931, 108.895358 23.33299, 108.895315 23.334019, 108.895294 23.334073, 108.895202 23.336846, 108.895192 23.337232, 108.895132 23.338015, 108.895063 23.338168, 108.894966 23.338246, 108.894644 23.33834)"
gis_osm_roads_free,<NA>,1369958572,tertiary,roads:gis_osm_roads_free:1369958572:tertiary,OGC:CRS84,450126,OpenStreetMap,real,kept,<NA>,,tertiary,,B,0,F,F,0,108.9044881,23.3266359,,derived_from_source_layer_osm_id_fclass,smartbidata_task06_20260810,team_shared,team_shared_source,广西壮族自治区,南宁市,宾阳县,2085.030429550143,210.99148121855674,0.10119347815181737,1,True,True,False,False,疑似受影响，需现场核查,Task_20洪涝范围相交筛查；道路通行状态需现场核查,nanning_flood_20260706_0707,2026-07-07,dispatch_v3,074f2c6841becf074f14d90e06a2e9672972f1ec,"LINESTRING (108.911489 23.322085, 108.911253 23.322326, 108.91107 23.322484, 108.910872 23.322612, 108.910593 23.322706, 108.909874 23.322824, 108.909783 23.322883, 108.909708 23.322996, 108.90952 23.323464, 108.909262 23.324341, 108.908978 23.324878, 108.90893 23.325094, 108.908951 23.325227, 108.909032 23.325341, 108.909187 23.325493, 108.909262 23.325636, 108.909246 23.326148, 108.909204 23.326272, 108.908839 23.326508, 108.908726 23.326862, 108.908721 23.327055, 108.908157 23.327173, 108.908104 23.327143, 108.907455 23.327025, 108.906409 23.326853, 108.905438 23.32667, 108.904987 23.326606, 108.904488 23.326636, 108.904193 23.326675, 108.902385 23.326902, 108.899826 23.326897, 108.899773 23.326912, 108.898866 23.326946, 108.898501 23.327094, 108.89818 23.327178, 108.897815 23.327247, 108.897708 23.327252, 108.897536 23.327183, 108.897386 23.327168, 108.895765 23.327661, 108.895567 23.327695)"
gis_osm_roads_free,<NA>,1369958573,unclassified,roads:gis_osm_roads_free:1369958573:unclassified,OGC:CRS84,450126,OpenStreetMap,real,kept,<NA>,,unclassified,,B,0,F,F,0,108.9012373,23.3298276,,derived_from_source_layer_osm_id_fclass,smartbidata_task06_20260810,team_shared,team_shared_source,广西壮族自治区,南宁市,宾阳县,912.4865797232039,384.27472203675825,0.4211291766650696,1,True,True,False,False,疑似受影响，需现场核查,Task_20洪涝范围相交筛查；道路通行状态需现场核查,nanning_flood_20260706_0707,2026-07-07,dispatch_v3,074f2c6841becf074f14d90e06a2e9672972f1ec,"LINESTRING (108.904311 23.332049, 108.903506 23.332142, 108.903372 23.332054, 108.903067 23.331611, 108.903008 23.331552, 108.9029 23.331482, 108.90268 23.331222, 108.902605 23.331192, 108.902466 23.331172, 108.901962 23.331039, 108.901768 23.330886, 108.901699 23.330793, 108.901634 23.33065, 108.901538 23.3303, 108.901473 23.330128, 108.901377 23.329985, 108.901237 23.329828, 108.901146 23.329645, 108.901055 23.329537, 108.900894 23.329419, 108.900476 23.329163, 108.899446 23.328562, 108.89937 23.327887, 108.899467 23.327823, 108.899907 23.327611, 108.90003 23.327518, 108.900046 23.327478, 108.899987 23.327365, 108.899773 23.326912)"
gis_osm_roads_free,<NA>,1369958575,unclassified,roads:gis_osm_roads_free:1369958575:unclassified,OGC:CRS84,450126,OpenStreetMap,real,kept,<NA>,,unclassified,,B,0,F,F,0,108.9106786,23.3368468,,derived_from_source_layer_osm_id_fclass,smartbidata_task06_20260810,team_shared,team_shared_source,广西壮族自治区,南宁市,宾阳县,1741.2360052916329,301.9745165890117,0.17342538040294841,1,True,True,False,False,疑似受影响，需现场核查,Task_20洪涝范围相交筛查；道路通行状态需现场核查,nanning_flood_20260706_0707,2026-07-07,dispatch_v3,074f2c6841becf074f14d90e06a2e9672972f1ec,"LINESTRING (108.909048 23.340526, 108.908871 23.339994, 108.908415 23.339506, 108.908329 23.339412, 108.908286 23.339245, 108.908485 23.338723, 108.908678 23.338502, 108.908935 23.338309, 108.909123 23.338221, 108.910496 23.337896, 108.910571 23.337851, 108.910679 23.337128, 108.910679 23.336847, 108.910636 23.336157, 108.910539 23.335773, 108.910561 23.335547, 108.911145 23.334546, 108.91136 23.334439, 108.91159 23.334202, 108.911682 23.334197, 108.911993 23.334365, 108.912068 23.334365, 108.912175 23.33433, 108.912331 23.334311, 108.912942 23.334463, 108.913152 23.334572, 108.913259 23.334646, 108.913329 23.334714, 108.91349 23.334956, 108.913666 23.334872, 108.913768 23.334838, 108.913817 23.334838, 108.913913 23.334877, 108.914101 23.335015, 108.914203 23.335054, 108.914605 23.335094, 108.914788 23.335069, 108.915002 23.33501, 108.915072 23.335015, 108.915174 23.335069, 108.915351 23.335232, 108.915421 23.335325, 108.91563 23.335694, 108.915737 23.335813, 108.915866 23.335906, 108.916429 23.336236, 108.91667 23.336453, 108.916805 23.336551, 108.916955 23.336615, 108.917572 23.336704, 108.917593 23.336758, 108.917593 23.336926, 108.917566 23.337044, 108.917357 23.337192, 108.917175 23.337448)"
gis_osm_roads_free,<NA>,1425820526,motorway,roads:gis_osm_roads_free:1425820526:motorway,OGC:CRS84,450126,OpenStreetMap,real,kept,<NA>,上横高速,motorway,S84,F,120,F,F,0,108.8890815,23.3386455,,derived_from_source_layer_osm_id_fclass,smartbidata_task06_20260810,team_shared,team_shared_source,广西壮族自治区,南宁市,宾阳县,1127.4671699410396,290.53829781338897,0.25769113776375635,1,True,True,False,False,疑似受影响，需现场核查,Task_20洪涝范围相交筛查；道路通行状态需现场核查,nanning_flood_20260706_0707,2026-07-07,dispatch_v3,074f2c6841becf074f14d90e06a2e9672972f1ec,"LINESTRING (108.893566 23.33769, 108.890857 23.338286, 108.889082 23.338646, 108.887002 23.338961, 108.886485 23.339025, 108.88553 23.339143, 108.882721 23.339493)"
gis_osm_roads_free,<NA>,1425820527,motorway,roads:gis_osm_roads_free:1425820527:motorway,OGC:CRS84,450126,OpenStreetMap,real,kept,<NA>,上横高速,motorway,S84,F,120,T,F,1,108.8935661,23.3376899,,derived_from_source_layer_osm_id_fclass,smartbidata_task06_20260810,team_shared,team_shared_source,广西壮族自治区,南宁市,宾阳县,216.15547022511242,216.15547022511242,1.0,1,True,True,True,True,疑似受影响，需现场核查,Task_20洪涝范围相交筛查；道路通行状态需现场核查,nanning_flood_20260706_0707,2026-07-07,dispatch_v3,074f2c6841becf074f14d90e06a2e9672972f1ec,"LINESTRING (108.895616 23.337212, 108.893566 23.33769)"
gis_osm_roads_free,<NA>,1425820528,motorway,roads:gis_osm_roads_free:1425820528:motorway,OGC:CRS84,450126,OpenStreetMap,real,kept,<NA>,上横高速,motorway,S84,F,120,T,F,1,108.8826966,23.3393605,,derived_from_source_layer_osm_id_fclass,smartbidata_task06_20260810,team_shared,team_shared_source,广西壮族自治区,南宁市,宾阳县,200.4170346976126,22.378950275407632,0.11166191690827473,1,True,False,True,True,疑似受影响，需现场核查,Task_20洪涝范围相交筛查；道路通行状态需现场核查,nanning_flood_20260706_0707,2026-07-07,dispatch_v3,074f2c6841becf074f14d90e06a2e9672972f1ec,"LINESTRING (108.880754 23.339606, 108.882697 23.33936)"
gis_osm_roads_free,<NA>,1425820531,motorway,roads:gis_osm_roads_free:1425820531:motorway,OGC:CRS84,450126,OpenStreetMap,real,kept,<NA>,上横高速,motorway,S84,F,120,T,F,1,108.8827209,23.3394931,,derived_from_source_layer_osm_id_fclass,smartbidata_task06_20260810,team_shared,team_shared_source,广西壮族自治区,南宁市,宾阳县,201.9184886146225,91.33677150896699,0.45234476612634755,1,True,True,True,True,疑似受影响，需现场核查,Task_20洪涝范围相交筛查；道路通行状态需现场核查,nanning_flood_20260706_0707,2026-07-07,dispatch_v3,074f2c6841becf074f14d90e06a2e9672972f1ec,"LINESTRING (108.882721 23.339493, 108.880763 23.339734)"
gis_osm_roads_free,<NA>,1425821807,motorway,roads:gis_osm_roads_free:1425821807:motorway,OGC:CRS84,450126,OpenStreetMap,real,kept,<NA>,上横高速,motorway,S84,F,120,F,F,0,108.9024091,23.3355942,,derived_from_source_layer_osm_id_fclass,smartbidata_task06_20260810,team_shared,team_shared_source,广西壮族自治区,南宁市,宾阳县,717.1188040930533,368.07730605005975,0.5132724228526826,2,True,True,False,False,疑似受影响，需现场核查,Task_20洪涝范围相交筛查；道路通行状态需现场核查,nanning_flood_20260706_0707,2026-07-07,dispatch_v3,074f2c6841becf074f14d90e06a2e9672972f1ec,"LINESTRING (108.902409 23.335594, 108.895616 23.337212)"
gis_osm_roads_free,<NA>,1425821808,motorway,roads:gis_osm_roads_free:1425821808:motorway,OGC:CRS84,450126,OpenStreetMap,real,kept,<NA>,上横高速,motorway,S84,F,120,T,F,1,108.9024091,23.3355942,,derived_from_source_layer_osm_id_fclass,smartbidata_task06_20260810,team_shared,team_shared_source,广西壮族自治区,南宁市,宾阳县,28.68739546896415,5.649221973175637,0.1969234878533091,1,True,False,True,True,疑似受影响，需现场核查,Task_20洪涝范围相交筛查；道路通行状态需现场核查,nanning_flood_20260706_0707,2026-07-07,dispatch_v3,074f2c6841becf074f14d90e06a2e9672972f1ec,"LINESTRING (108.90268 23.335528, 108.902409 23.335594)"
gis_osm_roads_free,<NA>,1425821810,motorway,roads:gis_osm_roads_free:1425821810:motorway,OGC:CRS84,450126,OpenStreetMap,real,kept,<NA>,上横高速,motorway,S84,F,120,F,F,0,108.9023558,23.3354764,,derived_from_source_layer_osm_id_fclass,smartbidata_task06_20260810,team_shared,team_shared_source,广西壮族自治区,南宁市,宾阳县,716.9967685434361,290.537367755605,0.4052143335957086,2,True,True,False,False,疑似受影响，需现场核查,Task_20洪涝范围相交筛查；道路通行状态需现场核查,nanning_flood_20260706_0707,2026-07-07,dispatch_v3,074f2c6841becf074f14d90e06a2e9672972f1ec,"LINESTRING (108.895568 23.337109, 108.902356 23.335476)"
gis_osm_roads_free,<NA>,527277190,tertiary,roads:gis_osm_roads_free:527277190:tertiary,OGC:CRS84,450126,OpenStreetMap,real,kept,<NA>,,tertiary,,B,0,F,F,0,108.7989962,23.3445894,,derived_from_source_layer_osm_id_fclass,smartbidata_task06_20260810,team_shared,team_shared_source,广西壮族自治区,南宁市,宾阳县,2794.287558578604,327.70416475562143,0.11727646417404432,2,True,True,False,False,疑似受影响，需现场核查,Task_20洪涝范围相交筛查；道路通行状态需现场核查,nanning_flood_20260706_0707,2026-07-07,dispatch_v3,074f2c6841becf074f14d90e06a2e9672972f1ec,"LINESTRING (108.790017 23.335499, 108.791124 23.335877, 108.791332 23.336013, 108.791445 23.336181, 108.791488 23.336244, 108.791851 23.33713, 108.791992 23.337307, 108.793009 23.338765, 108.79338 23.339194, 108.794396 23.340325, 108.794901 23.340938, 108.795338 23.341619, 108.795502 23.341844, 108.796066 23.342287, 108.797572 23.343479, 108.798996 23.344589, 108.799768 23.345155, 108.80281 23.3476, 108.803277 23.347948, 108.8039 23.348424, 108.805904 23.350032, 108.807024 23.350986, 108.807499 23.351374, 108.807781 23.351742, 108.807966 23.352089, 108.808211 23.353016, 108.808315 23.353172, 108.808419 23.353261, 108.808582 23.353315)"
gis_osm_roads_free,<NA>,1425820532,motorway,roads:gis_osm_roads_free:1425820532:motorway,OGC:CRS84,450126,OpenStreetMap,real,kept,<NA>,上横高速,motorway,S84,F,120,T,F,1,108.8033366,23.3454031,,derived_from_source_layer_osm_id_fclass,smartbidata_task06_20260810,team_shared,team_shared_source,广西壮族自治区,南宁市,宾阳县,50.48076918916119,50.48076918916119,1.0,1,True,True,True,True,疑似受影响，需现场核查,Task_20洪涝范围相交筛查；道路通行状态需现场核查,nanning_flood_20260706_0707,2026-07-07,dispatch_v3,074f2c6841becf074f14d90e06a2e9672972f1ec,"LINESTRING (108.803337 23.345403, 108.803825 23.345335)"
gis_osm_roads_free,<NA>,1425820533,motorway,roads:gis_osm_roads_free:1425820533:motorway,OGC:CRS84,450126,OpenStreetMap,real,kept,<NA>,上横高速,motorway,S84,F,120,F,F,0,108.8019848,23.345541,,derived_from_source_layer_osm_id_fclass,smartbidata_task06_20260810,team_shared,team_shared_source,广西壮族自治区,南宁市,宾阳县,296.0032819697551,275.98781423569216,0.9323809263165261,1,True,True,False,False,疑似受影响，需现场核查,Task_20洪涝范围相交筛查；道路通行状态需现场核查,nanning_flood_20260706_0707,2026-07-07,dispatch_v3,074f2c6841becf074f14d90e06a2e9672972f1ec,"LINESTRING (108.800451 23.345561, 108.801143 23.345571, 108.801985 23.345541, 108.802607 23.345502, 108.803337 23.345403)"
gis_osm_roads_free,<NA>,1425820535,motorway,roads:gis_osm_roads_free:1425820535:motorway,OGC:CRS84,450126,OpenStreetMap,real,kept,<NA>,上横高速,motorway,S84,F,120,T,F,1,108.8033527,23.3455361,,derived_from_source_layer_osm_id_fclass,smartbidata_task06_20260810,team_shared,team_shared_source,广西壮族自治区,南宁市,宾阳县,49.93679139883541,43.15758286325089,0.8642442106173721,1,True,True,True,True,疑似受影响，需现场核查,Task_20洪涝范围相交筛查；道路通行状态需现场核查,nanning_flood_20260706_0707,2026-07-07,dispatch_v3,074f2c6841becf074f14d90e06a2e9672972f1ec,"LINESTRING (108.803836 23.345467, 108.803353 23.345536)"
gis_osm_roads_free,<NA>,1425820534,motorway,roads:gis_osm_roads_free:1425820534:motorway,OGC:CRS84,450126,OpenStreetMap,real,kept,<NA>,上横高速,motorway,S84,F,120,F,F,0,108.8017656,23.3456596,,derived_from_source_layer_osm_id_fclass,smartbidata_task06_20260810,team_shared,team_shared_source,广西壮族自治区,南宁市,宾阳县,288.5366013905739,133.9372577269982,0.4641950348118773,1,True,True,False,False,疑似受影响，需现场核查,Task_20洪涝范围相交筛查；道路通行状态需现场核查,nanning_flood_20260706_0707,2026-07-07,dispatch_v3,074f2c6841becf074f14d90e06a2e9672972f1ec,"LINESTRING (108.803353 23.345536, 108.802494 23.345625, 108.801766 23.34566, 108.800536 23.345684)"
gis_osm_roads_free,<NA>,1425820536,motorway,roads:gis_osm_roads_free:1425820536:motorway,OGC:CRS84,450126,OpenStreetMap,real,kept,<NA>,上横高速,motorway,S84,F,120,T,F,1,108.7998956,23.3455416,,derived_from_source_layer_osm_id_fclass,smartbidata_task06_20260810,team_shared,team_shared_source,广西壮族自治区,南宁市,宾阳县,56.76725383152071,16.546705436962654,0.2914832816481056,1,True,True,True,True,疑似受影响，需现场核查,Task_20洪涝范围相交筛查；道路通行状态需现场核查,nanning_flood_20260706_0707,2026-07-07,dispatch_v3,074f2c6841becf074f14d90e06a2e9672972f1ec,"LINESTRING (108.799896 23.345542, 108.800451 23.345561)"
gis_osm_roads_free,<NA>,1434838850,tertiary,roads:gis_osm_roads_free:1434838850:tertiary,OGC:CRS84,450126,OpenStreetMap,real,kept,<NA>,,tertiary,,B,0,F,F,0,108.9661467,23.1676989,,derived_from_source_layer_osm_id_fclass,smartbidata_task06_20260810,team_shared,team_shared_source,广西壮族自治区,南宁市,宾阳县,1506.0965972264191,219.31819382192148,0.14562027045663012,3,True,True,False,False,疑似受影响，需现场核查,Task_20洪涝范围相交筛查；道路通行状态需现场核查,nanning_flood_20260706_0707,2026-07-07,dispatch_v3,074f2c6841becf074f14d90e06a2e9672972f1ec,"LINESTRING (108.961186 23.164226, 108.961448 23.165894, 108.961694 23.166777, 108.961737 23.166816, 108.961941 23.166801, 108.962043 23.166846, 108.962558 23.16726, 108.962767 23.167393, 108.962896 23.167408, 108.963153 23.167359, 108.963293 23.167364, 108.963448 23.167142, 108.963518 23.167082, 108.963668 23.167033, 108.964065 23.167023, 108.964462 23.167078, 108.964773 23.16726, 108.965144 23.167536, 108.965256 23.167664, 108.966147 23.167699, 108.966619 23.167753, 108.967692 23.16796, 108.968952 23.168424, 108.970234 23.168611, 108.970631 23.168749, 108.971044 23.168739, 108.971527 23.16868, 108.971801 23.168631, 108.972198 23.168621, 108.972729 23.168828)"
gis_osm_roads_free,<NA>,1434838842,tertiary,roads:gis_osm_roads_free:1434838842:tertiary,OGC:CRS84,450126,OpenStreetMap,real,kept,<NA>,,tertiary,,B,0,F,F,0,108.9662592,23.1540569,,derived_from_source_layer_osm_id_fclass,smartbidata_task06_20260810,team_shared,team_shared_source,广西壮族自治区,南宁市,宾阳县,2120.586094839696,179.77039838618936,0.08477392114550243,2,True,True,False,False,疑似受影响，需现场核查,Task_20洪涝范围相交筛查；道路通行状态需现场核查,nanning_flood_20260706_0707,2026-07-07,dispatch_v3,074f2c6841becf074f14d90e06a2e9672972f1ec,"LINESTRING (108.96163 23.162279, 108.961936 23.161998, 108.961968 23.161949, 108.962402 23.16151, 108.963084 23.160563, 108.96421 23.158926, 108.964709 23.15824, 108.965782 23.156637, 108.96568 23.156218, 108.96568 23.156025, 108.966259 23.154057, 108.966415 23.153652, 108.966855 23.15203, 108.966967 23.151541, 108.966962 23.151467, 108.965025 23.148241, 108.964473 23.147338, 108.963293 23.145385)"
gis_osm_roads_free,<NA>,1434838849,residential,roads:gis_osm_roads_free:1434838849:residential,OGC:CRS84,450126,OpenStreetMap,real,kept,<NA>,,residential,,B,0,F,F,0,108.9689629,23.1621068,,derived_from_source_layer_osm_id_fclass,smartbidata_task06_20260810,team_shared,team_shared_source,广西壮族自治区,南宁市,宾阳县,1229.0598892940934,352.899460890344,0.2871295890170419,3,True,True,False,False,疑似受影响，需现场核查,Task_20洪涝范围相交筛查；道路通行状态需现场核查,nanning_flood_20260706_0707,2026-07-07,dispatch_v3,074f2c6841becf074f14d90e06a2e9672972f1ec,"LINESTRING (108.969832 23.166634, 108.969912 23.166027, 108.969864 23.165761, 108.969827 23.16511, 108.969671 23.164454, 108.969655 23.163956, 108.969478 23.163389, 108.969419 23.162856, 108.969312 23.162634, 108.968963 23.162107, 108.968877 23.161934, 108.968786 23.161372, 108.968797 23.161308, 108.96877 23.161155, 108.968722 23.161096, 108.968652 23.161061, 108.968421 23.161027, 108.968276 23.161101, 108.96782 23.161194, 108.966984 23.16149, 108.9662 23.161712, 108.965696 23.16188, 108.963926 23.162595, 108.963341 23.162886)"
gis_osm_roads_free,<NA>,1434838853,unclassified,roads:gis_osm_roads_free:1434838853:unclassified,OGC:CRS84,450126,OpenStreetMap,real,kept,<NA>,,unclassified,,B,0,F,F,0,108.9733565,23.150747,,derived_from_source_layer_osm_id_fclass,smartbidata_task06_20260810,team_shared,team_shared_source,广西壮族自治区,南宁市,宾阳县,1801.3629756451148,247.5902007602523,0.13744603620021878,3,True,True,False,False,疑似受影响，需现场核查,Task_20洪涝范围相交筛查；道路通行状态需现场核查,nanning_flood_20260706_0707,2026-07-07,dispatch_v3,074f2c6841becf074f14d90e06a2e9672972f1ec,"LINESTRING (108.966415 23.153652, 108.967037 23.153371, 108.967992 23.153115, 108.971205 23.151664, 108.972643 23.151102, 108.973356 23.150747, 108.974048 23.150372, 108.973196 23.148557, 108.973056 23.14833, 108.972965 23.148083, 108.972943 23.147876, 108.973367 23.147881, 108.974032 23.148088, 108.974386 23.148152, 108.974515 23.148197, 108.974757 23.148315, 108.975052 23.14868, 108.97517 23.148754, 108.975266 23.148729, 108.975765 23.148517, 108.975942 23.148478, 108.976328 23.14835, 108.976774 23.148261, 108.977085 23.148098, 108.977396 23.147994, 108.977771 23.147728, 108.977836 23.147728, 108.978018 23.147772, 108.978104 23.147758, 108.978469 23.147447)"
gis_osm_roads_free,<NA>,1434838851,residential,roads:gis_osm_roads_free:1434838851:residential,OGC:CRS84,450126,OpenStreetMap,real,kept,<NA>,,residential,,B,0,F,F,0,108.9690113,23.1692622,,derived_from_source_layer_osm_id_fclass,smartbidata_task06_20260810,team_shared,team_shared_source,广西壮族自治区,南宁市,宾阳县,191.7218524800882,130.33575806250616,0.6798169138076868,1,True,True,False,False,疑似受影响，需现场核查,Task_20洪涝范围相交筛查；道路通行状态需现场核查,nanning_flood_20260706_0707,2026-07-07,dispatch_v3,074f2c6841becf074f14d90e06a2e9672972f1ec,"LINESTRING (108.969204 23.17011, 108.969145 23.169435, 108.969011 23.169262, 108.968952 23.168424)"
gis_osm_roads_free,<NA>,1434838856,residential,roads:gis_osm_roads_free:1434838856:residential,OGC:CRS84,450126,OpenStreetMap,real,kept,<NA>,,residential,,B,0,F,F,0,108.9799332,23.148764,,derived_from_source_layer_osm_id_fclass,smartbidata_task06_20260810,team_shared,team_shared_source,广西壮族自治区,南宁市,宾阳县,562.1624589464054,53.54272144984945,0.09524421383490858,1,True,False,False,False,疑似受影响，需现场核查,Task_20洪涝范围相交筛查；道路通行状态需现场核查,nanning_flood_20260706_0707,2026-07-07,dispatch_v3,074f2c6841becf074f14d90e06a2e9672972f1ec,"LINESTRING (108.978265 23.147348, 108.978469 23.147447, 108.97871 23.147481, 108.978844 23.147669, 108.978946 23.147837, 108.97918 23.148061, 108.979129 23.148133, 108.979584 23.148576, 108.979665 23.148626, 108.979847 23.1487, 108.979933 23.148764, 108.980218 23.149312, 108.980378 23.149479, 108.980963 23.149834, 108.981076 23.149874, 108.981553 23.15015, 108.981795 23.150254, 108.981988 23.150303, 108.982218 23.150101)"
gis_osm_roads_free,<NA>,1289613247,tertiary,roads:gis_osm_roads_free:1289613247:tertiary,OGC:CRS84,450126,OpenStreetMap,real,kept,<NA>,,tertiary,,B,0,F,F,0,108.9189928,23.1983077,,derived_from_source_layer_osm_id_fclass,smartbidata_task06_20260810,team_shared,team_shared_source,广西壮族自治区,南宁市,宾阳县,973.6580925989363,403.70832286354823,0.414630480588879,1,True,True,False,False,疑似受影响，需现场核查,Task_20洪涝范围相交筛查；道路通行状态需现场核查,nanning_flood_20260706_0707,2026-07-07,dispatch_v3,074f2c6841becf074f14d90e06a2e9672972f1ec,"LINESTRING (108.918719 23.193493, 108.918822 23.193855, 108.918918 23.194249, 108.918977 23.194481, 108.918996 23.194956, 108.918993 23.198308, 108.918957 23.198959, 108.919014 23.200085, 108.918986 23.201612, 108.919258 23.202198)"
gis_osm_roads_free,<NA>,1289613246,primary,roads:gis_osm_roads_free:1289613246:primary,OGC:CRS84,450126,OpenStreetMap,real,kept,<NA>,,primary,S210,B,0,F,F,0,108.9273624,23.207503,,derived_from_source_layer_osm_id_fclass,smartbidata_task06_20260810,team_shared,team_shared_source,广西壮族自治区,南宁市,宾阳县,3894.6529805144633,836.0088235930161,0.21465553613523322,4,True,True,False,False,疑似受影响，需现场核查,Task_20洪涝范围相交筛查；道路通行状态需现场核查,nanning_flood_20260706_0707,2026-07-07,dispatch_v3,074f2c6841becf074f14d90e06a2e9672972f1ec,"LINESTRING (108.918719 23.193493, 108.91923 23.194284, 108.919971 23.194973, 108.924738 23.198384, 108.925082 23.198813, 108.925183 23.199081, 108.925258 23.199361, 108.925566 23.200644, 108.925795 23.201276, 108.926025 23.201656, 108.927866 23.2039, 108.927958 23.204315, 108.928061 23.204752, 108.928012 23.204996, 108.927864 23.205358, 108.927549 23.205974, 108.927362 23.20639, 108.927264 23.206752, 108.927274 23.207069, 108.927362 23.207503, 108.927608 23.208037, 108.928396 23.209584, 108.928672 23.210154, 108.92879 23.210616, 108.92883 23.211023, 108.9288 23.211358, 108.928662 23.211783, 108.928386 23.212299, 108.927185 23.214227, 108.926959 23.214833, 108.926939 23.215376, 108.927035 23.21604, 108.928682 23.218614, 108.928969 23.219278, 108.929127 23.2197, 108.929141 23.220397, 108.929062 23.222694, 108.929054 23.223899)"
gis_osm_roads_free,<NA>,913512597,residential,roads:gis_osm_roads_free:913512597:residential,OGC:CRS84,450126,OpenStreetMap,real,kept,<NA>,,residential,,B,0,F,F,0,108.9164185,23.1945155,,derived_from_source_layer_osm_id_fclass,smartbidata_task06_20260810,team_shared,team_shared_source,广西壮族自治区,南宁市,宾阳县,468.32093950333,99.60085527131072,0.21267649355363172,1,True,True,False,False,疑似受影响，需现场核查,Task_20洪涝范围相交筛查；道路通行状态需现场核查,nanning_flood_20260706_0707,2026-07-07,dispatch_v3,074f2c6841becf074f14d90e06a2e9672972f1ec,"LINESTRING (108.915995 23.196752, 108.915828 23.195408, 108.915791 23.195157, 108.915753 23.1949, 108.915753 23.194762, 108.915791 23.194732, 108.915834 23.194703, 108.916006 23.194678, 108.916418 23.194516, 108.916848 23.194516, 108.916901 23.194535, 108.917159 23.19456, 108.917894 23.194585, 108.918017 23.19455, 108.918085 23.194527)"
gis_osm_roads_free,<NA>,445075446,tertiary,roads:gis_osm_roads_free:445075446:tertiary,OGC:CRS84,450126,OpenStreetMap,real,kept,<NA>,,tertiary,,B,0,F,F,0,108.9069813,23.2052055,,derived_from_source_layer_osm_id_fclass,smartbidata_task06_20260810,team_shared,team_shared_source,广西壮族自治区,南宁市,宾阳县,902.9364039025182,107.5333628095205,0.1190929531080573,1,True,True,False,False,疑似受影响，需现场核查,Task_20洪涝范围相交筛查；道路通行状态需现场核查,nanning_flood_20260706_0707,2026-07-07,dispatch_v3,074f2c6841becf074f14d90e06a2e9672972f1ec,"LINESTRING (108.908939 23.208768, 108.908681 23.208252, 108.908542 23.207785, 108.9085 23.20756, 108.908526 23.207318, 108.908561 23.207123, 108.908465 23.206928, 108.907994 23.206471, 108.9077 23.206104, 108.907523 23.205973, 108.907184 23.205778, 108.907042 23.205629, 108.906971 23.205378, 108.906981 23.205206, 108.906971 23.20501, 108.906916 23.204251, 108.90689 23.20394, 108.906814 23.203646, 108.906475 23.202688, 108.906282 23.202362, 108.905979 23.202069, 108.905705 23.20184, 108.905528 23.201692)"
gis_osm_roads_free,<NA>,527285878,tertiary,roads:gis_osm_roads_free:527285878:tertiary,OGC:CRS84,450126,OpenStreetMap,real,kept,<NA>,,tertiary,,B,0,T,F,1,108.9194153,23.2025271,,derived_from_source_layer_osm_id_fclass,smartbidata_task06_20260810,team_shared,team_shared_source,广西壮族自治区,南宁市,宾阳县,39.86572120543997,14.115300082055263,0.3540711080909563,1,True,True,True,True,疑似受影响，需现场核查,Task_20洪涝范围相交筛查；道路通行状态需现场核查,nanning_flood_20260706_0707,2026-07-07,dispatch_v3,074f2c6841becf074f14d90e06a2e9672972f1ec,"LINESTRING (108.919415 23.202527, 108.919258 23.202198)"
gis_osm_roads_free,<NA>,527285865,tertiary,roads:gis_osm_roads_free:527285865:tertiary,OGC:CRS84,450126,OpenStreetMap,real,kept,<NA>,,tertiary,,B,0,F,F,0,108.9247579,23.2111827,,derived_from_source_layer_osm_id_fclass,smartbidata_task06_20260810,team_shared,team_shared_source,广西壮族自治区,南宁市,宾阳县,1265.2330742613235,109.98496074797663,0.08692861654141373,1,True,True,False,False,疑似受影响，需现场核查,Task_20洪涝范围相交筛查；道路通行状态需现场核查,nanning_flood_20260706_0707,2026-07-07,dispatch_v3,074f2c6841becf074f14d90e06a2e9672972f1ec,"LINESTRING (108.922728 23.205429, 108.923555 23.2067, 108.923798 23.207306, 108.92407 23.208491, 108.924228 23.209254, 108.924758 23.211183, 108.924923 23.211821, 108.925009 23.21215, 108.925238 23.212578, 108.92589 23.213875, 108.926577 23.215138, 108.927035 23.21604)"
gis_osm_roads_free,<NA>,527285862,trunk,roads:gis_osm_roads_free:527285862:trunk,OGC:CRS84,450126,OpenStreetMap,real,kept,<NA>,,trunk,G358,B,0,F,F,0,108.890664,23.2139756,,derived_from_source_layer_osm_id_fclass,smartbidata_task06_20260810,team_shared,team_shared_source,广西壮族自治区,南宁市,宾阳县,6386.862281304823,314.96121422156796,0.049313919785541706,2,True,True,False,False,疑似受影响，需现场核查,Task_20洪涝范围相交筛查；道路通行状态需现场核查,nanning_flood_20260706_0707,2026-07-07,dispatch_v3,074f2c6841becf074f14d90e06a2e9672972f1ec,"LINESTRING (108.919968 23.20586, 108.919246 23.205924, 108.916451 23.206242, 108.915447 23.206386, 108.914286 23.206831, 108.911869 23.207861, 108.908939 23.208768, 108.905015 23.210013, 108.902078 23.210916, 108.900175 23.211492, 108.896516 23.2126, 108.893696 23.213268, 108.890664 23.213976, 108.889048 23.214346, 108.887469 23.21503, 108.886635 23.215535, 108.886244 23.215808, 108.883755 23.217879, 108.883599 23.218008, 108.880608 23.220496, 108.878956 23.221576, 108.877607 23.222206, 108.875778 23.223059, 108.873044 23.224338, 108.872051 23.225172, 108.871454 23.225936, 108.871258 23.226305, 108.870636 23.227474, 108.870456 23.227813, 108.869807 23.228692, 108.869534 23.229011, 108.869062 23.229466, 108.868628 23.229794, 108.867521 23.230475, 108.866937 23.230635, 108.865798 23.230947)"
gis_osm_roads_free,<NA>,842708280,residential,roads:gis_osm_roads_free:842708280:residential,OGC:CRS84,450126,OpenStreetMap,real,kept,<NA>,,residential,,B,0,F,F,0,108.8686216,23.2358247,,derived_from_source_layer_osm_id_fclass,smartbidata_task06_20260810,team_shared,team_shared_source,广西壮族自治区,南宁市,宾阳县,1286.6828183514651,319.86424255496587,0.24859603158825505,3,True,True,False,False,疑似受影响，需现场核查,Task_20洪涝范围相交筛查；道路通行状态需现场核查,nanning_flood_20260706_0707,2026-07-07,dispatch_v3,074f2c6841becf074f14d90e06a2e9672972f1ec,"LINESTRING (108.868783 23.241346, 108.86853 23.240548, 108.868461 23.239852, 108.868396 23.23963, 108.868407 23.239517, 108.868488 23.239354, 108.86853 23.239206, 108.868514 23.239118, 108.868466 23.239014, 108.868466 23.238871, 108.868595 23.238566, 108.868611 23.238413, 108.868536 23.238309, 108.868579 23.23753, 108.868541 23.237387, 108.868434 23.237121, 108.868423 23.237028, 108.8686 23.236663, 108.868793 23.236387, 108.868783 23.236303, 108.868659 23.236111, 108.868622 23.235825, 108.868697 23.235608, 108.868616 23.235268, 108.868305 23.235208, 108.868284 23.235189, 108.868235 23.234992, 108.867989 23.234602, 108.867871 23.234459, 108.867597 23.234203, 108.867543 23.234129, 108.86742 23.233794, 108.867291 23.233177, 108.867291 23.233015, 108.867345 23.232773, 108.867463 23.232472, 108.867511 23.232157, 108.8675 23.232063, 108.867109 23.23122, 108.866937 23.230635)"
gis_osm_roads_free,<NA>,1436676992,residential,roads:gis_osm_roads_free:1436676992:residential,OGC:CRS84,450126,OpenStreetMap,real,kept,<NA>,,residential,,B,0,F,F,0,108.8727415,23.2209562,,derived_from_source_layer_osm_id_fclass,smartbidata_task06_20260810,team_shared,team_shared_source,广西壮族自治区,南宁市,宾阳县,1078.243365095366,193.2513382302522,0.17922794100676886,2,True,True,False,False,疑似受影响，需现场核查,Task_20洪涝范围相交筛查；道路通行状态需现场核查,nanning_flood_20260706_0707,2026-07-07,dispatch_v3,074f2c6841becf074f14d90e06a2e9672972f1ec,"LINESTRING (108.86706 23.217822, 108.867565 23.217988, 108.869083 23.218802, 108.872742 23.220956, 108.873138 23.221227, 108.873342 23.221395, 108.874404 23.222563, 108.874533 23.222657, 108.874742 23.222775, 108.875483 23.222997, 108.875778 23.223059)"
gis_osm_roads_free,<NA>,1436676999,residential,roads:gis_osm_roads_free:1436676999:residential,OGC:CRS84,450126,OpenStreetMap,real,kept,<NA>,,residential,,B,0,F,F,0,108.8680959,23.2281735,,derived_from_source_layer_osm_id_fclass,smartbidata_task06_20260810,team_shared,team_shared_source,广西壮族自治区,南宁市,宾阳县,153.78904840023293,10.17241866876575,0.06614527350668192,1,True,False,False,False,疑似受影响，需现场核查,Task_20洪涝范围相交筛查；道路通行状态需现场核查,nanning_flood_20260706_0707,2026-07-07,dispatch_v3,074f2c6841becf074f14d90e06a2e9672972f1ec,"LINESTRING (108.867291 23.227833, 108.86735 23.227838, 108.867618 23.227976, 108.868096 23.228174, 108.868691 23.228312)"
gis_osm_roads_free,<NA>,842708275,residential,roads:gis_osm_roads_free:842708275:residential,OGC:CRS84,450126,OpenStreetMap,real,kept,<NA>,,residential,,B,0,F,F,0,108.8826388,23.2280306,,derived_from_source_layer_osm_id_fclass,smartbidata_task06_20260810,team_shared,team_shared_source,广西壮族自治区,南宁市,宾阳县,3236.5728084101024,96.11077634785562,0.029695230738550262,1,True,False,False,False,疑似受影响，需现场核查,Task_20洪涝范围相交筛查；道路通行状态需现场核查,nanning_flood_20260706_0707,2026-07-07,dispatch_v3,074f2c6841becf074f14d90e06a2e9672972f1ec,"LINESTRING (108.873358 23.217358, 108.873836 23.21715, 108.874115 23.217348, 108.874179 23.217362, 108.874426 23.217323, 108.874544 23.217323, 108.874818 23.217353, 108.874968 23.217387, 108.875209 23.21753, 108.875558 23.217653, 108.875697 23.217767, 108.875762 23.217865, 108.875837 23.218033, 108.876078 23.218743, 108.87611 23.218787, 108.876137 23.218925, 108.876223 23.219132, 108.876234 23.219196, 108.876357 23.219487, 108.876674 23.220103, 108.877146 23.221114, 108.877553 23.221952, 108.877607 23.222206, 108.877612 23.222208, 108.877623 23.222238, 108.87802 23.223929, 108.878235 23.224348, 108.878267 23.224378, 108.878524 23.224821, 108.878825 23.225403, 108.878943 23.225576, 108.879114 23.225773, 108.879409 23.226009, 108.879538 23.226083, 108.879882 23.226236, 108.879962 23.226295, 108.880316 23.226675, 108.880413 23.226749, 108.880482 23.226774, 108.880654 23.226774, 108.880815 23.226793, 108.881121 23.226961, 108.881641 23.227488, 108.881984 23.227725, 108.882639 23.228031, 108.882966 23.228238, 108.883384 23.228346, 108.883545 23.228346, 108.883771 23.228455, 108.884114 23.228578, 108.884307 23.22874, 108.884913 23.228977, 108.885064 23.22912, 108.885337 23.229564, 108.885503 23.229731, 108.885718 23.229884, 108.885895 23.229948, 108.886061 23.229983, 108.886464 23.230126, 108.887215 23.230274, 108.887606 23.230446, 108.888931 23.230826, 108.88899 23.230826, 108.889612 23.231186, 108.88979 23.23124, 108.890326 23.231309, 108.890948 23.231353, 108.891179 23.231417, 108.891544 23.23155, 108.89185 23.231615, 108.893437 23.231802, 108.895127 23.232334, 108.89553 23.232384, 108.895926 23.232581, 108.896238 23.232748, 108.896345 23.232827, 108.896479 23.233)"
gis_osm_roads_free,<NA>,1436676974,unclassified,roads:gis_osm_roads_free:1436676974:unclassified,OGC:CRS84,450126,OpenStreetMap,real,kept,<NA>,,unclassified,,B,0,F,F,0,108.8815755,23.2081934,,derived_from_source_layer_osm_id_fclass,smartbidata_task06_20260810,team_shared,team_shared_source,广西壮族自治区,南宁市,宾阳县,1347.236851710132,79.31656329717953,0.05887351076872493,1,True,False,False,False,疑似受影响，需现场核查,Task_20洪涝范围相交筛查；道路通行状态需现场核查,nanning_flood_20260706_0707,2026-07-07,dispatch_v3,074f2c6841becf074f14d90e06a2e9672972f1ec,"LINESTRING (108.876441 23.207982, 108.876747 23.207991, 108.877401 23.207735, 108.877879 23.207636, 108.87833 23.207577, 108.87883 23.207606, 108.879107 23.207641, 108.879564 23.207725, 108.880653 23.207976, 108.881576 23.208193, 108.885267 23.209066, 108.888459 23.20978, 108.888497 23.209801, 108.889221 23.209964)"
gis_osm_roads_free,<NA>,1436676980,residential,roads:gis_osm_roads_free:1436676980:residential,OGC:CRS84,450126,OpenStreetMap,real,kept,<NA>,,residential,,B,0,F,F,0,108.8768454,23.210993,,derived_from_source_layer_osm_id_fclass,smartbidata_task06_20260810,team_shared,team_shared_source,广西壮族自治区,南宁市,宾阳县,678.4478881551253,214.47989230236067,0.3161331858303617,2,True,True,False,False,疑似受影响，需现场核查,Task_20洪涝范围相交筛查；道路通行状态需现场核查,nanning_flood_20260706_0707,2026-07-07,dispatch_v3,074f2c6841becf074f14d90e06a2e9672972f1ec,"LINESTRING (108.876747 23.207991, 108.877039 23.208822, 108.87684 23.209272, 108.876942 23.209805, 108.876888 23.210199, 108.87677 23.210727, 108.87677 23.21082, 108.876845 23.210993, 108.876851 23.211062, 108.876819 23.211185, 108.876674 23.211516, 108.876647 23.211836, 108.876668 23.211925, 108.876786 23.212102, 108.87684 23.212398, 108.877114 23.212955, 108.877173 23.212985, 108.877269 23.213093, 108.877296 23.213177, 108.87728 23.213636, 108.877301 23.213808)"
gis_osm_roads_free,<NA>,1436676982,residential,roads:gis_osm_roads_free:1436676982:residential,OGC:CRS84,450126,OpenStreetMap,real,kept,<NA>,,residential,,B,0,F,F,0,108.8813352,23.2143907,,derived_from_source_layer_osm_id_fclass,smartbidata_task06_20260810,team_shared,team_shared_source,广西壮族自治区,南宁市,宾阳县,1229.4108793179132,156.118694808919,0.12698658962212445,1,True,True,False,False,疑似受影响，需现场核查,Task_20洪涝范围相交筛查；道路通行状态需现场核查,nanning_flood_20260706_0707,2026-07-07,dispatch_v3,074f2c6841becf074f14d90e06a2e9672972f1ec,"LINESTRING (108.877173 23.212985, 108.877376 23.212522, 108.877924 23.212507, 108.878031 23.212517, 108.878192 23.212566, 108.878294 23.212433, 108.878471 23.212458, 108.878562 23.212655, 108.8789 23.212961, 108.87934 23.213419, 108.879597 23.214115, 108.879651 23.214213, 108.879758 23.214312, 108.880718 23.214539, 108.88082 23.214548, 108.88097 23.214524, 108.881335 23.214391, 108.882542 23.214075, 108.883202 23.214011, 108.883384 23.213908, 108.883486 23.213868, 108.884554 23.213878, 108.884817 23.213893, 108.88509 23.213942, 108.885192 23.21409, 108.885289 23.214396, 108.885407 23.214563, 108.886635 23.215535)"
gis_osm_roads_free,<NA>,842708277,residential,roads:gis_osm_roads_free:842708277:residential,OGC:CRS84,450126,OpenStreetMap,real,kept,<NA>,,residential,,B,0,F,F,0,108.8895643,23.2352725,,derived_from_source_layer_osm_id_fclass,smartbidata_task06_20260810,team_shared,team_shared_source,广西壮族自治区,南宁市,宾阳县,1231.4443364178244,94.62353002931292,0.07683946990617975,1,True,False,False,False,疑似受影响，需现场核查,Task_20洪涝范围相交筛查；道路通行状态需现场核查,nanning_flood_20260706_0707,2026-07-07,dispatch_v3,074f2c6841becf074f14d90e06a2e9672972f1ec,"LINESTRING (108.887606 23.230446, 108.887483 23.230841, 108.887397 23.231329, 108.887397 23.231526, 108.88744 23.231723, 108.888041 23.232556, 108.888052 23.232709, 108.888572 23.23369, 108.888835 23.234139, 108.88892 23.234341, 108.889114 23.235016, 108.889157 23.235075, 108.889232 23.235125, 108.889564 23.235272, 108.890095 23.235563, 108.890138 23.235622, 108.890128 23.235849, 108.890154 23.235918, 108.890685 23.236461, 108.890938 23.236752, 108.891061 23.236968, 108.89149 23.238206, 108.891544 23.238423, 108.891549 23.238644, 108.891506 23.238837, 108.891469 23.238926, 108.89141 23.239256, 108.891227 23.239808, 108.891233 23.240212)"
gis_osm_roads_free,<NA>,842708282,residential,roads:gis_osm_roads_free:842708282:residential,OGC:CRS84,450126,OpenStreetMap,real,kept,<NA>,,residential,,B,0,F,F,0,108.9001322,23.222026,,derived_from_source_layer_osm_id_fclass,smartbidata_task06_20260810,team_shared,team_shared_source,广西壮族自治区,南宁市,宾阳县,2694.780229395925,157.21900719990623,0.0583420516021632,2,True,True,False,False,疑似受影响，需现场核查,Task_20洪涝范围相交筛查；道路通行状态需现场核查,nanning_flood_20260706_0707,2026-07-07,dispatch_v3,074f2c6841becf074f14d90e06a2e9672972f1ec,"LINESTRING (108.89553 23.232384, 108.895524 23.23196, 108.895567 23.2319, 108.896479 23.231343, 108.897396 23.230717, 108.897584 23.230638, 108.897863 23.230589, 108.897933 23.230382, 108.898298 23.228193, 108.89841 23.227996, 108.898491 23.227257, 108.898614 23.22701, 108.898716 23.226744, 108.898972 23.226237, 108.899054 23.226073, 108.899226 23.225408, 108.899574 23.224614, 108.899923 23.224314, 108.900014 23.224215, 108.900036 23.224161, 108.900062 23.223875, 108.900261 23.223046, 108.900261 23.222879, 108.900191 23.222494, 108.900186 23.222307, 108.900132 23.222026, 108.900122 23.221765, 108.900089 23.221577, 108.900089 23.221489, 108.900132 23.221242, 108.900132 23.221104, 108.900089 23.220932, 108.899993 23.220695, 108.899987 23.220601, 108.900025 23.220286, 108.900036 23.22003, 108.900068 23.219916, 108.900186 23.219778, 108.900577 23.219413, 108.900647 23.2193, 108.900701 23.219127, 108.90069 23.219019, 108.900524 23.218451, 108.900406 23.218284, 108.900288 23.217885, 108.899767 23.217012, 108.899875 23.216411, 108.899826 23.215583, 108.900052 23.215026, 108.900046 23.214824, 108.9001 23.214735, 108.900438 23.214404, 108.901119 23.213926, 108.901318 23.213596, 108.901645 23.21328, 108.901656 23.213202, 108.901629 23.21294, 108.90164 23.212891, 108.901538 23.212526, 108.901425 23.21227, 108.901398 23.212255, 108.900481 23.211664, 108.900411 23.211644, 108.900175 23.211492)"
gis_osm_roads_free,<NA>,842708281,residential,roads:gis_osm_roads_free:842708281:residential,OGC:CRS84,450126,OpenStreetMap,real,kept,<NA>,,residential,,B,0,F,F,0,108.9089405,23.2206802,,derived_from_source_layer_osm_id_fclass,smartbidata_task06_20260810,team_shared,team_shared_source,广西壮族自治区,南宁市,宾阳县,2388.465230696862,456.58712335512655,0.19116339542523383,1,True,True,False,False,疑似受影响，需现场核查,Task_20洪涝范围相交筛查；道路通行状态需现场核查,nanning_flood_20260706_0707,2026-07-07,dispatch_v3,074f2c6841becf074f14d90e06a2e9672972f1ec,"LINESTRING (108.913066 23.230249, 108.913377 23.229776, 108.913436 23.229514, 108.913312 23.228864, 108.91328 23.228469, 108.912953 23.227493, 108.912427 23.227079, 108.91225 23.226862, 108.912208 23.226675, 108.912148 23.225709, 108.912122 23.225595, 108.911472 23.224486, 108.910963 23.223742, 108.910196 23.222578, 108.91018 23.222529, 108.90894 23.22068, 108.907798 23.219305, 108.907262 23.218482, 108.907052 23.218215, 108.906376 23.217653, 108.905829 23.217288, 108.905706 23.21717, 108.905491 23.216899, 108.90532 23.216559, 108.905121 23.216174, 108.904799 23.215903, 108.904601 23.215662, 108.904204 23.21472, 108.903962 23.214306, 108.903592 23.213976, 108.903565 23.21364, 108.903501 23.213552, 108.903426 23.213492, 108.902106 23.212985, 108.90164 23.212891)"
gis_osm_roads_free,<NA>,527285871,primary,roads:gis_osm_roads_free:527285871:primary,OGC:CRS84,450126,OpenStreetMap,real,kept,<NA>,,primary,S210,B,0,F,F,0,108.9367717,23.2357196,,derived_from_source_layer_osm_id_fclass,smartbidata_task06_20260810,team_shared,team_shared_source,广西壮族自治区,南宁市,宾阳县,2960.4634716271707,151.07646733756695,0.051031356672855764,1,True,True,False,False,疑似受影响，需现场核查,Task_20洪涝范围相交筛查；道路通行状态需现场核查,nanning_flood_20260706_0707,2026-07-07,dispatch_v3,074f2c6841becf074f14d90e06a2e9672972f1ec,"LINESTRING (108.929069 23.224208, 108.929062 23.224472, 108.929133 23.224662, 108.929291 23.224899, 108.929448 23.22515, 108.929942 23.226525, 108.930763 23.228835, 108.931128 23.229803, 108.931357 23.230296, 108.93178 23.230948, 108.933133 23.232626, 108.933892 23.233456, 108.934244 23.233758, 108.934458 23.23391, 108.934874 23.234074, 108.93506 23.234252, 108.935296 23.234555, 108.935633 23.234917, 108.936772 23.23572, 108.93761 23.23643, 108.939157 23.237418, 108.939572 23.237602, 108.940059 23.237734, 108.940518 23.237845, 108.940933 23.238063, 108.941535 23.238339, 108.942344 23.238912, 108.943519 23.239543, 108.945123 23.240202, 108.945531 23.240353, 108.945882 23.240471, 108.946212 23.240669, 108.947143 23.24107, 108.947902 23.241294, 108.948711 23.241498, 108.948933 23.241518)"
gis_osm_roads_free,<NA>,527285867,primary,roads:gis_osm_roads_free:527285867:primary,OGC:CRS84,450126,OpenStreetMap,real,kept,<NA>,,primary,S210,B,0,T,F,1,108.9290544,23.223899,,derived_from_source_layer_osm_id_fclass,smartbidata_task06_20260810,team_shared,team_shared_source,广西壮族自治区,南宁市,宾阳县,34.311746388574385,13.723363135323075,0.3999610797978175,1,True,True,True,True,疑似受影响，需现场核查,Task_20洪涝范围相交筛查；道路通行状态需现场核查,nanning_flood_20260706_0707,2026-07-07,dispatch_v3,074f2c6841becf074f14d90e06a2e9672972f1ec,"LINESTRING (108.929054 23.223899, 108.929069 23.224208)"
gis_osm_roads_free,<NA>,1436677014,unclassified,roads:gis_osm_roads_free:1436677014:unclassified,OGC:CRS84,450126,OpenStreetMap,real,kept,<NA>,,unclassified,,B,0,F,F,0,108.8819092,23.1801802,,derived_from_source_layer_osm_id_fclass,smartbidata_task06_20260810,team_shared,team_shared_source,广西壮族自治区,南宁市,宾阳县,1804.8975716713594,182.98222757333082,0.10138094839580665,2,True,True,False,False,疑似受影响，需现场核查,Task_20洪涝范围相交筛查；道路通行状态需现场核查,nanning_flood_20260706_0707,2026-07-07,dispatch_v3,074f2c6841becf074f14d90e06a2e9672972f1ec,"LINESTRING (108.883197 23.172739, 108.883132 23.173592, 108.882934 23.174302, 108.882875 23.174371, 108.882633 23.174499, 108.882451 23.174637, 108.882242 23.174884, 108.882145 23.174928, 108.88185 23.175017, 108.881662 23.17513, 108.881544 23.175249, 108.881448 23.175426, 108.881394 23.175486, 108.881324 23.17552, 108.881067 23.175564, 108.880938 23.175609, 108.880868 23.175653, 108.880815 23.175757, 108.880777 23.17592, 108.88075 23.176156, 108.880632 23.176689, 108.880622 23.176866, 108.880826 23.178558, 108.881265 23.179273, 108.881416 23.179564, 108.881909 23.18018, 108.882016 23.180269, 108.882338 23.180471, 108.882875 23.180742, 108.88303 23.180846, 108.883438 23.18124, 108.883524 23.181349, 108.883599 23.181408, 108.884414 23.18235, 108.884479 23.182404, 108.884522 23.182473, 108.884613 23.182572, 108.885133 23.183159, 108.885198 23.183233, 108.885364 23.183405, 108.88545 23.183573, 108.885316 23.183647, 108.884897 23.183672, 108.884833 23.183691, 108.884736 23.183691, 108.884414 23.183736, 108.884377 23.183755, 108.884307 23.18376, 108.884092 23.18381, 108.883733 23.183908, 108.883234 23.184017, 108.882676 23.18417)"
gis_osm_roads_free,<NA>,1436677001,unclassified,roads:gis_osm_roads_free:1436677001:unclassified,OGC:CRS84,450126,OpenStreetMap,real,kept,<NA>,,unclassified,,B,0,F,F,0,108.8858038,23.1961873,,derived_from_source_layer_osm_id_fclass,smartbidata_task06_20260810,team_shared,team_shared_source,广西壮族自治区,南宁市,宾阳县,875.8296620990702,137.28687669968608,0.15675065899304602,1,True,True,False,False,疑似受影响，需现场核查,Task_20洪涝范围相交筛查；道路通行状态需现场核查,nanning_flood_20260706_0707,2026-07-07,dispatch_v3,074f2c6841becf074f14d90e06a2e9672972f1ec,"LINESTRING (108.882258 23.196611, 108.882805 23.196483, 108.883433 23.19638, 108.883964 23.196271, 108.8842 23.196281, 108.884436 23.19635, 108.885804 23.196187, 108.888996 23.195709, 108.88995 23.195526, 108.890626 23.195245)"
gis_osm_roads_free,<NA>,1436677004,residential,roads:gis_osm_roads_free:1436677004:residential,OGC:CRS84,450126,OpenStreetMap,real,kept,<NA>,,residential,,B,0,F,F,0,108.8858735,23.1966311,,derived_from_source_layer_osm_id_fclass,smartbidata_task06_20260810,team_shared,team_shared_source,广西壮族自治区,南宁市,宾阳县,100.12193092522259,28.551794588062936,0.28517023517442175,1,True,True,False,False,疑似受影响，需现场核查,Task_20洪涝范围相交筛查；道路通行状态需现场核查,nanning_flood_20260706_0707,2026-07-07,dispatch_v3,074f2c6841becf074f14d90e06a2e9672972f1ec,"LINESTRING (108.885804 23.196187, 108.885798 23.196463, 108.885874 23.196631, 108.885959 23.196927, 108.88604 23.197045)"
gis_osm_roads_free,<NA>,1425820514,motorway,roads:gis_osm_roads_free:1425820514:motorway,OGC:CRS84,450126,OpenStreetMap,real,kept,<NA>,上横高速,motorway,S84,F,120,F,F,0,108.9272677,23.3268439,,derived_from_source_layer_osm_id_fclass,smartbidata_task06_20260810,team_shared,team_shared_source,广西壮族自治区,南宁市,宾阳县,5227.268863651014,183.36760488887876,0.03507904599359075,2,True,True,False,False,疑似受影响，需现场核查,Task_20洪涝范围相交筛查；道路通行状态需现场核查,nanning_flood_20260706_0707,2026-07-07,dispatch_v3,074f2c6841becf074f14d90e06a2e9672972f1ec,"LINESTRING (108.94779 23.31442, 108.944884 23.315589, 108.943632 23.316085, 108.942506 23.31657, 108.941433 23.317114, 108.94027 23.317799, 108.938721 23.318962, 108.935545 23.321558, 108.933083 23.323499, 108.93182 23.324336, 108.930588 23.325085, 108.930028 23.32542, 108.929374 23.325794, 108.928338 23.326321, 108.927268 23.326844, 108.924108 23.328213, 108.917439 23.33109, 108.915861 23.331774, 108.915034 23.332104, 108.914283 23.332407, 108.913693 23.332631, 108.912975 23.332888, 108.912095 23.333168, 108.91127 23.333427, 108.910298 23.333695, 108.90915 23.333986, 108.907138 23.334489, 108.90268 23.335528)"
gis_osm_roads_free,<NA>,1489338191,tertiary,roads:gis_osm_roads_free:1489338191:tertiary,OGC:CRS84,450126,OpenStreetMap,real,kept,<NA>,,tertiary,,B,0,F,F,0,108.9683316,23.3469537,,derived_from_source_layer_osm_id_fclass,smartbidata_task06_20260810,team_shared,team_shared_source,广西壮族自治区,南宁市,宾阳县,1822.9049080425907,91.76776673704336,0.050341499620834465,2,True,False,False,False,疑似受影响，需现场核查,Task_20洪涝范围相交筛查；道路通行状态需现场核查,nanning_flood_20260706_0707,2026-07-07,dispatch_v3,074f2c6841becf074f14d90e06a2e9672972f1ec,"LINESTRING (108.974751 23.352774, 108.974533 23.352613, 108.971946 23.350255, 108.968332 23.346954, 108.968154 23.346774, 108.967902 23.346396, 108.967379 23.34559, 108.966501 23.344201, 108.966333 23.34403, 108.966211 23.343927, 108.966025 23.343824, 108.96586 23.343754, 108.965669 23.343689, 108.965351 23.343604, 108.963212 23.343284, 108.962194 23.343104, 108.961592 23.342993, 108.961436 23.342961)"
gis_osm_roads_free,<NA>,1489338158,tertiary,roads:gis_osm_roads_free:1489338158:tertiary,OGC:CRS84,450126,OpenStreetMap,real,kept,<NA>,,tertiary,,B,0,F,F,0,108.9727408,23.2724649,,derived_from_source_layer_osm_id_fclass,smartbidata_task06_20260810,team_shared,team_shared_source,广西壮族自治区,南宁市,宾阳县,344.70460883981093,40.1119235071769,0.11636607831320721,1,True,False,False,False,疑似受影响，需现场核查,Task_20洪涝范围相交筛查；道路通行状态需现场核查,nanning_flood_20260706_0707,2026-07-07,dispatch_v3,074f2c6841becf074f14d90e06a2e9672972f1ec,"LINESTRING (108.97258 23.2716, 108.972741 23.272465, 108.972877 23.274695)"
gis_osm_roads_free,<NA>,1489338159,primary,roads:gis_osm_roads_free:1489338159:primary,OGC:CRS84,450126,OpenStreetMap,real,kept,<NA>,,primary,S210,B,0,F,F,0,108.9751923,23.273434,,derived_from_source_layer_osm_id_fclass,smartbidata_task06_20260810,team_shared,team_shared_source,广西壮族自治区,南宁市,宾阳县,625.5991480605047,60.471088238852154,0.0966610783060141,1,True,False,False,False,疑似受影响，需现场核查,Task_20洪涝范围相交筛查；道路通行状态需现场核查,nanning_flood_20260706_0707,2026-07-07,dispatch_v3,074f2c6841becf074f14d90e06a2e9672972f1ec,"LINESTRING (108.977231 23.275114, 108.976201 23.274094, 108.975874 23.273828, 108.975608 23.273646, 108.975192 23.273434, 108.974205 23.27302, 108.973828 23.272838, 108.973364 23.272517, 108.972953 23.272153, 108.97258 23.2716)"
gis_osm_roads_free,<NA>,1536714210,unclassified,roads:gis_osm_roads_free:1536714210:unclassified,OGC:CRS84,450126,OpenStreetMap,real,kept,<NA>,,unclassified,,B,0,F,F,0,108.960352,23.3361039,,derived_from_source_layer_osm_id_fclass,smartbidata_task06_20260810,team_shared,team_shared_source,广西壮族自治区,南宁市,宾阳县,1412.3631222232677,50.46325966786018,0.03572966390429649,1,True,False,False,False,疑似受影响，需现场核查,Task_20洪涝范围相交筛查；道路通行状态需现场核查,nanning_flood_20260706_0707,2026-07-07,dispatch_v3,074f2c6841becf074f14d90e06a2e9672972f1ec,"LINESTRING (108.963212 23.343284, 108.963142 23.342967, 108.963029 23.340843, 108.963102 23.340005, 108.963006 23.339545, 108.962431 23.339064, 108.960352 23.336104, 108.960082 23.335819, 108.959867 23.335493, 108.9598 23.335229, 108.959478 23.33494, 108.959462 23.334769, 108.959563 23.334557, 108.959524 23.33435, 108.959484 23.333879, 108.959642 23.333527, 108.959586 23.333196, 108.959372 23.332751, 108.958932 23.33228, 108.958706 23.332187, 108.958532 23.332192)"
gis_osm_roads_free,<NA>,1536714216,unclassified,roads:gis_osm_roads_free:1536714216:unclassified,OGC:CRS84,450126,OpenStreetMap,real,kept,<NA>,,unclassified,,B,0,F,F,0,108.9557506,23.3152584,,derived_from_source_layer_osm_id_fclass,smartbidata_task06_20260810,team_shared,team_shared_source,广西壮族自治区,南宁市,宾阳县,520.1024328283012,3.8590952606171633,0.0074198754265222735,1,True,False,False,False,疑似受影响，需现场核查,Task_20洪涝范围相交筛查；道路通行状态需现场核查,nanning_flood_20260706_0707,2026-07-07,dispatch_v3,074f2c6841becf074f14d90e06a2e9672972f1ec,"LINESTRING (108.956935 23.313918, 108.956383 23.313702, 108.956297 23.31373, 108.955959 23.31417, 108.955741 23.314869, 108.955751 23.315258, 108.955089 23.315836, 108.95447 23.316471, 108.954361 23.316678, 108.954093 23.317085)"
gis_osm_roads_free,<NA>,1536714217,unclassified,roads:gis_osm_roads_free:1536714217:unclassified,OGC:CRS84,450126,OpenStreetMap,real,kept,<NA>,,unclassified,,B,0,F,F,0,108.9527971,23.3240429,,derived_from_source_layer_osm_id_fclass,smartbidata_task06_20260810,team_shared,team_shared_source,广西壮族自治区,南宁市,宾阳县,1487.074291383812,291.1700479597947,0.19580060636301064,2,True,True,False,False,疑似受影响，需现场核查,Task_20洪涝范围相交筛查；道路通行状态需现场核查,nanning_flood_20260706_0707,2026-07-07,dispatch_v3,074f2c6841becf074f14d90e06a2e9672972f1ec,"LINESTRING (108.954027 23.317291, 108.954129 23.317519, 108.954142 23.317824, 108.954175 23.318415, 108.953834 23.319101, 108.953183 23.320963, 108.953022 23.321974, 108.952952 23.322547, 108.9531 23.322878, 108.9531 23.323292, 108.952797 23.324043, 108.952771 23.324534, 108.952842 23.325113, 108.952784 23.325444, 108.952327 23.326662, 108.952456 23.327052, 108.952392 23.327253, 108.952256 23.327424, 108.952179 23.327814, 108.952076 23.32808, 108.952095 23.328169, 108.952282 23.328671, 108.952295 23.328937, 108.952211 23.329156, 108.952018 23.329375, 108.952038 23.329788, 108.952018 23.329889, 108.951741 23.329978)"
gis_osm_roads_free,<NA>,1536714219,unclassified,roads:gis_osm_roads_free:1536714219:unclassified,OGC:CRS84,450126,OpenStreetMap,real,kept,<NA>,,unclassified,,B,0,F,F,0,108.957168,23.3297767,,derived_from_source_layer_osm_id_fclass,smartbidata_task06_20260810,team_shared,team_shared_source,广西壮族自治区,南宁市,宾阳县,726.5017192173289,30.322916313884217,0.04173825816482795,1,True,False,False,False,疑似受影响，需现场核查,Task_20洪涝范围相交筛查；道路通行状态需现场核查,nanning_flood_20260706_0707,2026-07-07,dispatch_v3,074f2c6841becf074f14d90e06a2e9672972f1ec,"LINESTRING (108.958532 23.332192, 108.958359 23.331769, 108.957825 23.331124, 108.957528 23.330817, 108.957065 23.330539, 108.956885 23.330368, 108.956865 23.330238, 108.956917 23.330007, 108.957168 23.329777, 108.957335 23.328807, 108.957284 23.328057, 108.956962 23.327341, 108.956795 23.327004, 108.956943 23.32646)"
gis_osm_roads_free,<NA>,1536714220,unclassified,roads:gis_osm_roads_free:1536714220:unclassified,OGC:CRS84,450126,OpenStreetMap,real,kept,<NA>,,unclassified,,B,0,F,F,0,108.9556874,23.32756,,derived_from_source_layer_osm_id_fclass,smartbidata_task06_20260810,team_shared,team_shared_source,广西壮族自治区,南宁市,宾阳县,661.6249244906613,37.78825572671781,0.057114317082005844,1,True,False,False,False,疑似受影响，需现场核查,Task_20洪涝范围相交筛查；道路通行状态需现场核查,nanning_flood_20260706_0707,2026-07-07,dispatch_v3,074f2c6841becf074f14d90e06a2e9672972f1ec,"LINESTRING (108.952179 23.327814, 108.952462 23.328027, 108.952752 23.328062, 108.953499 23.327731, 108.953975 23.327666, 108.955687 23.32756, 108.956196 23.327247, 108.956421 23.326874, 108.956647 23.326703, 108.956943 23.32646, 108.957072 23.326333, 108.957644 23.325769)"
gis_osm_roads_free,<NA>,1373581236,tertiary,roads:gis_osm_roads_free:1373581236:tertiary,OGC:CRS84,450181,OpenStreetMap,real,kept,<NA>,,tertiary,,B,0,F,F,0,109.1906476,22.9010915,,derived_from_source_layer_osm_id_fclass,smartbidata_task06_20260810,team_shared,team_shared_source,广西壮族自治区,南宁市,横州市,2243.8586894564173,134.05996631868433,0.059745280283742305,1,True,True,False,False,疑似受影响，需现场核查,Task_20洪涝范围相交筛查；道路通行状态需现场核查,nanning_flood_20260706_0707,2026-07-07,dispatch_v3,074f2c6841becf074f14d90e06a2e9672972f1ec,"LINESTRING (109.196548 22.894567, 109.196473 22.894806, 109.19621 22.895152, 109.196098 22.89525, 109.196055 22.895265, 109.195679 22.895542, 109.195481 22.895744, 109.195395 22.895804, 109.195154 22.895809, 109.195009 22.895853, 109.194784 22.895982, 109.194177 22.896249, 109.193845 22.896723, 109.193721 22.89697, 109.193652 22.897227, 109.193439 22.898321, 109.193298 22.898655, 109.192772 22.899194, 109.192359 22.89948, 109.192101 22.899693, 109.191994 22.899812, 109.191838 22.900083, 109.191602 22.90035, 109.190648 22.901092, 109.190272 22.901492, 109.190068 22.901783, 109.189832 22.901966, 109.189746 22.902055, 109.18966 22.902198, 109.189639 22.902287, 109.189639 22.902534, 109.189752 22.903014, 109.189714 22.903137, 109.189607 22.903345, 109.189585 22.903543, 109.189687 22.90373, 109.189998 22.904081, 109.190299 22.904145, 109.19046 22.904353, 109.190578 22.904407, 109.190808 22.904462, 109.1909 22.904526, 109.190996 22.90464, 109.19105 22.904753, 109.191082 22.905065, 109.191222 22.905272, 109.191291 22.905692, 109.191366 22.905801, 109.191742 22.906172, 109.191796 22.906206, 109.191898 22.906325, 109.191989 22.906592, 109.192064 22.906923, 109.192187 22.907254, 109.192187 22.907348, 109.192155 22.907442, 109.192128 22.907694, 109.192117 22.908509, 109.192064 22.90883, 109.192074 22.909023, 109.192139 22.909255, 109.192107 22.909418, 109.191956 22.909814, 109.191876 22.909927, 109.191656 22.91014, 109.1912 22.910505, 109.191152 22.910644)"
gis_osm_roads_free,<NA>,488119499,tertiary,roads:gis_osm_roads_free:488119499:tertiary,OGC:CRS84,450181,OpenStreetMap,real,kept,<NA>,,tertiary,,B,0,F,F,0,109.2128027,22.9035661,,derived_from_source_layer_osm_id_fclass,smartbidata_task06_20260810,team_shared,team_shared_source,广西壮族自治区,南宁市,横州市,881.1318001571982,54.15662369920269,0.06146256858456463,1,True,False,False,False,疑似受影响，需现场核查,Task_20洪涝范围相交筛查；道路通行状态需现场核查,nanning_flood_20260706_0707,2026-07-07,dispatch_v3,074f2c6841becf074f14d90e06a2e9672972f1ec,"LINESTRING (109.20996 22.902798, 109.211902 22.903052, 109.212803 22.903566, 109.216236 22.904848, 109.216622 22.905115, 109.21711 22.905298, 109.217239 22.905345, 109.217362 22.905461, 109.217507 22.905817, 109.217443 22.905928)"
gis_osm_roads_free,<NA>,488119495,unclassified,roads:gis_osm_roads_free:488119495:unclassified,OGC:CRS84,450181,OpenStreetMap,real,kept,<NA>,,unclassified,,B,0,F,F,0,109.2276528,22.9063238,,derived_from_source_layer_osm_id_fclass,smartbidata_task06_20260810,team_shared,team_shared_source,广西壮族自治区,南宁市,横州市,1321.5869089232376,96.07058081313758,0.07269335082277037,3,True,False,False,False,疑似受影响，需现场核查,Task_20洪涝范围相交筛查；道路通行状态需现场核查,nanning_flood_20260706_0707,2026-07-07,dispatch_v3,074f2c6841becf074f14d90e06a2e9672972f1ec,"LINESTRING (109.221303 22.905503, 109.223221 22.905751, 109.227653 22.906324, 109.231779 22.906857, 109.234066 22.907153)"
gis_osm_roads_free,<NA>,858128091,unclassified,roads:gis_osm_roads_free:858128091:unclassified,OGC:CRS84,450181,OpenStreetMap,real,kept,<NA>,,unclassified,,B,0,F,F,0,109.2503536,22.90219,,derived_from_source_layer_osm_id_fclass,smartbidata_task06_20260810,team_shared,team_shared_source,广西壮族自治区,南宁市,横州市,655.1644211071841,391.58067003322134,0.5976830508767191,1,True,True,False,False,疑似受影响，需现场核查,Task_20洪涝范围相交筛查；道路通行状态需现场核查,nanning_flood_20260706_0707,2026-07-07,dispatch_v3,074f2c6841becf074f14d90e06a2e9672972f1ec,"LINESTRING (109.247961 22.902343, 109.25008 22.902254, 109.250354 22.90219, 109.252424 22.902111, 109.252966 22.902071, 109.254334 22.902022)"
gis_osm_roads_free,<NA>,858128099,secondary,roads:gis_osm_roads_free:858128099:secondary,OGC:CRS84,450181,OpenStreetMap,real,kept,<NA>,,secondary,X579,B,0,F,F,0,109.2511314,22.9105113,,derived_from_source_layer_osm_id_fclass,smartbidata_task06_20260810,team_shared,team_shared_source,广西壮族自治区,南宁市,横州市,1943.8900448764375,110.32413360800042,0.05675430763112588,2,True,True,False,False,疑似受影响，需现场核查,Task_20洪涝范围相交筛查；道路通行状态需现场核查,nanning_flood_20260706_0707,2026-07-07,dispatch_v3,074f2c6841becf074f14d90e06a2e9672972f1ec,"LINESTRING (109.245166 22.917364, 109.246604 22.915704, 109.250032 22.91187, 109.251131 22.910511, 109.253272 22.907774, 109.253309 22.907616, 109.253266 22.907003, 109.252971 22.902422)"
gis_osm_roads_free,<NA>,858128100,secondary,roads:gis_osm_roads_free:858128100:secondary,OGC:CRS84,450181,OpenStreetMap,real,kept,<NA>,,secondary,X579,B,0,F,F,0,109.2574346,22.9216533,,derived_from_source_layer_osm_id_fclass,smartbidata_task06_20260810,team_shared,team_shared_source,广西壮族自治区,南宁市,横州市,2776.819999576007,214.6806909273777,0.077311705821824,1,True,True,False,False,疑似受影响，需现场核查,Task_20洪涝范围相交筛查；道路通行状态需现场核查,nanning_flood_20260706_0707,2026-07-07,dispatch_v3,074f2c6841becf074f14d90e06a2e9672972f1ec,"LINESTRING (109.264489 22.929781, 109.264086 22.928842, 109.263915 22.928585, 109.263368 22.927997, 109.263223 22.927908, 109.263099 22.927834, 109.26303 22.92773, 109.262794 22.927301, 109.262729 22.927222, 109.262375 22.92692, 109.262327 22.926863, 109.262289 22.926742, 109.262292 22.926626, 109.262421 22.92614, 109.26241 22.925717, 109.262437 22.925411, 109.262416 22.925221, 109.262265 22.924862, 109.262086 22.924489, 109.261973 22.924306, 109.261635 22.923995, 109.261431 22.923721, 109.261225 22.923281, 109.26115 22.923007, 109.261128 22.92277, 109.260991 22.922236, 109.260892 22.921965, 109.260675 22.921624, 109.260578 22.921532, 109.260476 22.921466, 109.260334 22.921421, 109.260309 22.921423, 109.257435 22.921653, 109.254082 22.921876, 109.253771 22.921876, 109.25346 22.921836, 109.252998 22.921604, 109.252821 22.92147, 109.252467 22.921179, 109.252194 22.921016, 109.251909 22.920883, 109.250756 22.920759, 109.250563 22.920719, 109.250305 22.920566, 109.247097 22.918363, 109.24647 22.918046, 109.24559 22.917626, 109.245166 22.917364)"
gis_osm_roads_free,<NA>,1535762240,residential,roads:gis_osm_roads_free:1535762240:residential,OGC:CRS84,450181,OpenStreetMap,real,kept,<NA>,,residential,,B,0,F,F,0,109.2568248,22.9127405,,derived_from_source_layer_osm_id_fclass,smartbidata_task06_20260810,team_shared,team_shared_source,广西壮族自治区,南宁市,横州市,2475.4376930258386,259.3471868982479,0.1047682143763579,3,True,True,False,False,疑似受影响，需现场核查,Task_20洪涝范围相交筛查；道路通行状态需现场核查,nanning_flood_20260706_0707,2026-07-07,dispatch_v3,074f2c6841becf074f14d90e06a2e9672972f1ec,"LINESTRING (109.260309 22.921423, 109.259824 22.920758, 109.259186 22.919665, 109.258522 22.917574, 109.257583 22.916463, 109.257474 22.916156, 109.257646 22.915466, 109.257817 22.914876, 109.257294 22.913837, 109.256825 22.91274, 109.257168 22.91176, 109.25724 22.911228, 109.256825 22.910954, 109.256274 22.910555, 109.2553 22.909292, 109.255643 22.909001, 109.255444 22.908236, 109.254605 22.907763, 109.253266 22.907003, 109.248732 22.90443)"
gis_osm_roads_free,<NA>,1435227442,unclassified,roads:gis_osm_roads_free:1435227442:unclassified,OGC:CRS84,450181,OpenStreetMap,real,kept,<NA>,,unclassified,,B,0,F,F,0,109.2720766,22.8858271,,derived_from_source_layer_osm_id_fclass,smartbidata_task06_20260810,team_shared,team_shared_source,广西壮族自治区,南宁市,横州市,837.1403349967418,31.844653157328846,0.03803980267830816,1,True,False,False,False,疑似受影响，需现场核查,Task_20洪涝范围相交筛查；道路通行状态需现场核查,nanning_flood_20260706_0707,2026-07-07,dispatch_v3,074f2c6841becf074f14d90e06a2e9672972f1ec,"LINESTRING (109.268336 22.885591, 109.272077 22.885827, 109.273522 22.885918, 109.274853 22.886002, 109.276478 22.886105)"
gis_osm_roads_free,<NA>,1435227444,unclassified,roads:gis_osm_roads_free:1435227444:unclassified,OGC:CRS84,450181,OpenStreetMap,real,kept,<NA>,,unclassified,,B,0,F,F,0,109.2725455,22.894403,,derived_from_source_layer_osm_id_fclass,smartbidata_task06_20260810,team_shared,team_shared_source,广西壮族自治区,南宁市,横州市,333.391646295884,223.13441197710014,0.6692861517563913,1,True,True,False,False,疑似受影响，需现场核查,Task_20洪涝范围相交筛查；道路通行状态需现场核查,nanning_flood_20260706_0707,2026-07-07,dispatch_v3,074f2c6841becf074f14d90e06a2e9672972f1ec,"LINESTRING (109.270715 22.894258, 109.272546 22.894403, 109.273954 22.894514)"
gis_osm_roads_free,<NA>,1435227443,unclassified,roads:gis_osm_roads_free:1435227443:unclassified,OGC:CRS84,450181,OpenStreetMap,real,kept,<NA>,,unclassified,,B,0,F,F,0,109.2720766,22.8858271,,derived_from_source_layer_osm_id_fclass,smartbidata_task06_20260810,team_shared,team_shared_source,广西壮族自治区,南宁市,横州市,1631.073073922864,401.6056857373093,0.24622176170894342,1,True,True,False,False,疑似受影响，需现场核查,Task_20洪涝范围相交筛查；道路通行状态需现场核查,nanning_flood_20260706_0707,2026-07-07,dispatch_v3,074f2c6841becf074f14d90e06a2e9672972f1ec,"LINESTRING (109.27136 22.892666, 109.271694 22.88948, 109.272077 22.885827, 109.27285 22.878008)"
gis_osm_roads_free,<NA>,1435227445,unclassified,roads:gis_osm_roads_free:1435227445:unclassified,OGC:CRS84,450181,OpenStreetMap,real,kept,<NA>,,unclassified,,B,0,F,F,0,109.2739638,22.8978027,,derived_from_source_layer_osm_id_fclass,smartbidata_task06_20260810,team_shared,team_shared_source,广西壮族自治区,南宁市,横州市,1246.1057324263238,811.2338495522731,0.651015261740831,1,True,True,False,False,疑似受影响，需现场核查,Task_20洪涝范围相交筛查；道路通行状态需现场核查,nanning_flood_20260706_0707,2026-07-07,dispatch_v3,074f2c6841becf074f14d90e06a2e9672972f1ec,"LINESTRING (109.276356 22.902478, 109.276322 22.902126, 109.276154 22.901536, 109.276043 22.901317, 109.275778 22.900898, 109.275522 22.900581, 109.275496 22.900361, 109.274812 22.898868, 109.274529 22.898616, 109.274189 22.89827, 109.273964 22.897803, 109.273721 22.897506, 109.273611 22.897278, 109.273549 22.896977, 109.273606 22.896619, 109.273804 22.895927, 109.274012 22.895614, 109.274608 22.895171, 109.274864 22.894854, 109.275421 22.894305, 109.275721 22.893902, 109.275951 22.893516, 109.276207 22.893276, 109.276608 22.892975)"
gis_osm_roads_free,<NA>,1435227446,unclassified,roads:gis_osm_roads_free:1435227446:unclassified,OGC:CRS84,450181,OpenStreetMap,real,kept,<NA>,,unclassified,,B,0,F,F,0,109.2789038,22.8957216,,derived_from_source_layer_osm_id_fclass,smartbidata_task06_20260810,team_shared,team_shared_source,广西壮族自治区,南宁市,横州市,383.6562572273262,315.48471640490317,0.8223108849700589,1,True,True,False,False,疑似受影响，需现场核查,Task_20洪涝范围相交筛查；道路通行状态需现场核查,nanning_flood_20260706_0707,2026-07-07,dispatch_v3,074f2c6841becf074f14d90e06a2e9672972f1ec,"LINESTRING (109.278904 22.895722, 109.275721 22.893902)"
gis_osm_roads_free,<NA>,1028567676,unclassified,roads:gis_osm_roads_free:1028567676:unclassified,OGC:CRS84,450126,OpenStreetMap,real,kept,<NA>,,unclassified,,B,0,F,F,0,109.1821098,23.2148255,,derived_from_source_layer_osm_id_fclass,smartbidata_task06_20260810,team_shared,team_shared_source,广西壮族自治区,南宁市,宾阳县,453.43941336061266,20.36861347137195,0.04492025366831784,1,True,False,False,False,疑似受影响，需现场核查,Task_20洪涝范围相交筛查；道路通行状态需现场核查,nanning_flood_20260706_0707,2026-07-07,dispatch_v3,074f2c6841becf074f14d90e06a2e9672972f1ec,"LINESTRING (109.182067 23.213042, 109.181832 23.213432, 109.181709 23.213636, 109.181642 23.213959, 109.181623 23.214157, 109.18174 23.214452, 109.18211 23.214826, 109.182165 23.215448, 109.18227 23.2161, 109.18227 23.216434, 109.18219 23.216694, 109.182208 23.21687)"
gis_osm_roads_free,<NA>,1028567678,track,roads:gis_osm_roads_free:1028567678:track,OGC:CRS84,450126,OpenStreetMap,real,kept,<NA>,,track,,B,0,F,F,0,109.180573,23.2176059,,derived_from_source_layer_osm_id_fclass,smartbidata_task06_20260810,team_shared,team_shared_source,广西壮族自治区,南宁市,宾阳县,306.2734328318091,39.820524073769505,0.13001625281562393,1,True,False,False,False,疑似受影响，需现场核查,Task_20洪涝范围相交筛查；道路通行状态需现场核查,nanning_flood_20260706_0707,2026-07-07,dispatch_v3,074f2c6841becf074f14d90e06a2e9672972f1ec,"LINESTRING (109.182009 23.217055, 109.181773 23.217005, 109.181488 23.217215, 109.181087 23.217404, 109.180573 23.217606, 109.180078 23.217863, 109.179546 23.218031, 109.179373 23.218194)"
gis_osm_roads_free,<NA>,1434331284,tertiary,roads:gis_osm_roads_free:1434331284:tertiary,OGC:CRS84,450126,OpenStreetMap,real,kept,<NA>,,tertiary,,B,0,F,F,0,109.0263677,23.2015129,,derived_from_source_layer_osm_id_fclass,smartbidata_task06_20260810,team_shared,team_shared_source,广西壮族自治区,南宁市,宾阳县,1544.0437393193004,92.11355750220574,0.059657349825345284,1,True,False,False,False,疑似受影响，需现场核查,Task_20洪涝范围相交筛查；道路通行状态需现场核查,nanning_flood_20260706_0707,2026-07-07,dispatch_v3,074f2c6841becf074f14d90e06a2e9672972f1ec,"LINESTRING (109.033615 23.199398, 109.032606 23.19959, 109.031287 23.19996, 109.030407 23.200122, 109.030128 23.200211, 109.029876 23.200315, 109.02832 23.200902, 109.028063 23.20099, 109.027162 23.201345, 109.026759 23.201464, 109.026604 23.201493, 109.026368 23.201513, 109.025788 23.201612, 109.024914 23.201799, 109.024308 23.201843, 109.023964 23.201888, 109.023616 23.201957, 109.022098 23.2024, 109.021459 23.202489, 109.021046 23.202519, 109.020617 23.202558, 109.020215 23.202598, 109.0197 23.202632, 109.019415 23.202657, 109.019045 23.202632)"
gis_osm_roads_free,<NA>,1434331294,unclassified,roads:gis_osm_roads_free:1434331294:unclassified,OGC:CRS84,450126,OpenStreetMap,real,kept,<NA>,,unclassified,,B,0,F,F,0,109.0193456,23.2091394,,derived_from_source_layer_osm_id_fclass,smartbidata_task06_20260810,team_shared,team_shared_source,广西壮族自治区,南宁市,宾阳县,1863.7955048130748,627.6345387156077,0.3367507524805169,2,True,True,False,False,疑似受影响，需现场核查,Task_20洪涝范围相交筛查；道路通行状态需现场核查,nanning_flood_20260706_0707,2026-07-07,dispatch_v3,074f2c6841becf074f14d90e06a2e9672972f1ec,"LINESTRING (109.018514 23.200739, 109.018607 23.201192, 109.019045 23.202632, 109.019077 23.202829, 109.019163 23.203347, 109.019152 23.203514, 109.019061 23.203894, 109.019051 23.204313, 109.019088 23.204796, 109.019034 23.204934, 109.018906 23.205131, 109.018868 23.20527, 109.018836 23.205669, 109.018868 23.206108, 109.018863 23.206305, 109.018965 23.206773, 109.019008 23.207094, 109.01912 23.207488, 109.019244 23.208104, 109.019346 23.209139, 109.01949 23.209529, 109.019512 23.209701, 109.019421 23.21017, 109.019356 23.210347, 109.018993 23.21046, 109.018884 23.21082, 109.019002 23.21118, 109.019169 23.211486, 109.019555 23.212226, 109.019716 23.212788, 109.019877 23.213369, 109.019936 23.213778, 109.01992 23.213961, 109.01993 23.214612, 109.019791 23.215119, 109.019598 23.216046, 109.019496 23.216209, 109.019233 23.216475, 109.019206 23.216618, 109.019158 23.216756)"
gis_osm_roads_free,<NA>,1434331280,unclassified,roads:gis_osm_roads_free:1434331280:unclassified,OGC:CRS84,450126,OpenStreetMap,real,kept,<NA>,,unclassified,,B,0,F,F,0,109.0234869,23.2097064,,derived_from_source_layer_osm_id_fclass,smartbidata_task06_20260810,team_shared,team_shared_source,广西壮族自治区,南宁市,宾阳县,1896.8008379039793,120.40454992091166,0.06347769756046831,2,True,True,False,False,疑似受影响，需现场核查,Task_20洪涝范围相交筛查；道路通行状态需现场核查,nanning_flood_20260706_0707,2026-07-07,dispatch_v3,074f2c6841becf074f14d90e06a2e9672972f1ec,"LINESTRING (109.020617 23.202558, 109.021068 23.204564, 109.021218 23.204796, 109.021486 23.204974, 109.021636 23.205205, 109.021599 23.206088, 109.02162 23.206172, 109.021845 23.206551, 109.021872 23.206645, 109.02198 23.206862, 109.022017 23.206906, 109.022237 23.207064, 109.02236 23.207227, 109.022538 23.20737, 109.022607 23.207399, 109.022875 23.207444, 109.02294 23.207488, 109.022956 23.207646, 109.022908 23.207932, 109.02295 23.208326, 109.023133 23.208696, 109.023251 23.208982, 109.023401 23.209169, 109.023449 23.209278, 109.023487 23.209706, 109.023519 23.209879, 109.023584 23.210081, 109.023696 23.21016, 109.023932 23.210263, 109.024018 23.210318, 109.02463 23.210564, 109.024758 23.210633, 109.024839 23.210722, 109.024882 23.210885, 109.025348 23.211614, 109.025391 23.211742, 109.024994 23.212916, 109.024941 23.21298, 109.02456 23.213187, 109.024168 23.213507, 109.02279 23.214296, 109.022318 23.214636, 109.021996 23.214942, 109.021937 23.215055, 109.021937 23.215356, 109.021701 23.21578, 109.021701 23.216051, 109.02155 23.216317)"
gis_osm_roads_free,<NA>,1434331293,unclassified,roads:gis_osm_roads_free:1434331293:unclassified,OGC:CRS84,450126,OpenStreetMap,real,kept,<NA>,,unclassified,,B,0,F,F,0,109.0170765,23.2105148,,derived_from_source_layer_osm_id_fclass,smartbidata_task06_20260810,team_shared,team_shared_source,广西壮族自治区,南宁市,宾阳县,416.01340044660276,274.47100938354765,0.659764827500496,1,True,True,False,False,疑似受影响，需现场核查,Task_20洪涝范围相交筛查；道路通行状态需现场核查,nanning_flood_20260706_0707,2026-07-07,dispatch_v3,074f2c6841becf074f14d90e06a2e9672972f1ec,"LINESTRING (109.018993 23.21046, 109.018779 23.210499, 109.017908 23.210633, 109.017779 23.210623, 109.017693 23.210599, 109.01735 23.210613, 109.017216 23.210584, 109.017076 23.210515, 109.016626 23.210347, 109.016594 23.210318, 109.016068 23.210101, 109.015896 23.210012, 109.015735 23.209963, 109.01558 23.209943, 109.015526 23.209953, 109.015279 23.210061, 109.01521 23.210051, 109.015145 23.210012)"
gis_osm_roads_free,<NA>,1434331282,unclassified,roads:gis_osm_roads_free:1434331282:unclassified,OGC:CRS84,450126,OpenStreetMap,real,kept,<NA>,,unclassified,,B,0,F,F,0,109.0216577,23.2127037,,derived_from_source_layer_osm_id_fclass,smartbidata_task06_20260810,team_shared,team_shared_source,广西壮族自治区,南宁市,宾阳县,991.5127288486224,251.19164782521756,0.2533418286186902,1,True,True,False,False,疑似受影响，需现场核查,Task_20洪涝范围相交筛查；道路通行状态需现场核查,nanning_flood_20260706_0707,2026-07-07,dispatch_v3,074f2c6841becf074f14d90e06a2e9672972f1ec,"LINESTRING (109.017586 23.213527, 109.01779 23.213463, 109.01786 23.213399, 109.018112 23.21298, 109.018498 23.212837, 109.019716 23.212788, 109.020252 23.212792, 109.020692 23.212852, 109.021121 23.212763, 109.021658 23.212704, 109.022704 23.212467, 109.023288 23.212433, 109.0236 23.212383, 109.023782 23.212324, 109.024592 23.211905, 109.024855 23.211777, 109.025348 23.211614, 109.02574 23.211501, 109.026014 23.211491, 109.026201 23.211476, 109.026368 23.211456, 109.026555 23.211422, 109.026663 23.211407)"
gis_osm_roads_free,<NA>,1434331308,unclassified,roads:gis_osm_roads_free:1434331308:unclassified,OGC:CRS84,450126,OpenStreetMap,real,kept,<NA>,,unclassified,,B,0,F,F,0,109.030863,23.2179244,,derived_from_source_layer_osm_id_fclass,smartbidata_task06_20260810,team_shared,team_shared_source,广西壮族自治区,南宁市,宾阳县,2164.092639297042,472.5988203113814,0.2183819729939541,3,True,True,False,False,疑似受影响，需现场核查,Task_20洪涝范围相交筛查；道路通行状态需现场核查,nanning_flood_20260706_0707,2026-07-07,dispatch_v3,074f2c6841becf074f14d90e06a2e9672972f1ec,"LINESTRING (109.025391 23.211742, 109.026164 23.212073, 109.026362 23.212206, 109.026507 23.212319, 109.026614 23.212442, 109.02677 23.212664, 109.026936 23.212822, 109.027167 23.212871, 109.027339 23.212965, 109.027446 23.213133, 109.027532 23.213374, 109.027601 23.213453, 109.027682 23.213488, 109.027757 23.213552, 109.027821 23.213645, 109.027902 23.213926, 109.028052 23.214217, 109.028315 23.214439, 109.02869 23.21476, 109.0289 23.214883, 109.02913 23.214966, 109.029104 23.21544, 109.029179 23.215706, 109.029404 23.215943, 109.029431 23.216036, 109.029447 23.216199, 109.029651 23.216514, 109.030005 23.216953, 109.030273 23.217254, 109.030708 23.217836, 109.030863 23.217924, 109.031491 23.218107, 109.031727 23.218205, 109.031888 23.218319, 109.03199 23.218437, 109.032086 23.218585, 109.032295 23.218999, 109.032349 23.21929, 109.032349 23.219438, 109.032263 23.219901, 109.032295 23.220227, 109.03229 23.220557, 109.032322 23.220759, 109.032435 23.221089, 109.032499 23.22138, 109.032526 23.221671, 109.032606 23.22212, 109.032794 23.223456, 109.032794 23.223707, 109.03295 23.224437, 109.032977 23.22491, 109.032789 23.225097, 109.032762 23.225285, 109.032714 23.225378, 109.032628 23.225452, 109.032472 23.225492, 109.032376 23.225551, 109.032381 23.225856, 109.032349 23.226167, 109.032413 23.226404, 109.032338 23.226566, 109.032231 23.226675, 109.032027 23.2267, 109.031802 23.226803, 109.031614 23.226828, 109.031276 23.226842, 109.030981 23.226916)"
gis_osm_roads_free,<NA>,1434331295,unclassified,roads:gis_osm_roads_free:1434331295:unclassified,OGC:CRS84,450126,OpenStreetMap,real,kept,<NA>,,unclassified,,B,0,F,F,0,109.015671,23.2168201,,derived_from_source_layer_osm_id_fclass,smartbidata_task06_20260810,team_shared,team_shared_source,广西壮族自治区,南宁市,宾阳县,783.576992491645,447.14240602347644,0.5706425919955073,1,True,True,False,False,疑似受影响，需现场核查,Task_20洪涝范围相交筛查；道路通行状态需现场核查,nanning_flood_20260706_0707,2026-07-07,dispatch_v3,074f2c6841becf074f14d90e06a2e9672972f1ec,"LINESTRING (109.019158 23.216756, 109.018713 23.216776, 109.01852 23.216855, 109.018096 23.216914, 109.017935 23.216953, 109.017822 23.216998, 109.017634 23.217042, 109.017205 23.217008, 109.016642 23.216963, 109.016063 23.216943, 109.015928 23.216914, 109.015671 23.21682, 109.014995 23.216722, 109.014759 23.216638, 109.014598 23.216559, 109.014153 23.216258, 109.014008 23.216026, 109.013901 23.215982, 109.013777 23.215987, 109.013536 23.216026, 109.013069 23.216204, 109.012227 23.216357, 109.012082 23.216426, 109.01205 23.216539)"
gis_osm_roads_free,<NA>,1434331296,unclassified,roads:gis_osm_roads_free:1434331296:unclassified,OGC:CRS84,450126,OpenStreetMap,real,kept,<NA>,,unclassified,,B,0,F,F,0,109.0213895,23.2201182,,derived_from_source_layer_osm_id_fclass,smartbidata_task06_20260810,team_shared,team_shared_source,广西壮族自治区,南宁市,宾阳县,1266.4741836003961,104.09259335023867,0.08219085291917996,1,True,True,False,False,疑似受影响，需现场核查,Task_20洪涝范围相交筛查；道路通行状态需现场核查,nanning_flood_20260706_0707,2026-07-07,dispatch_v3,074f2c6841becf074f14d90e06a2e9672972f1ec,"LINESTRING (109.021701 23.216051, 109.022339 23.216332, 109.022505 23.21648, 109.022672 23.21686, 109.023074 23.21822, 109.023396 23.219324, 109.023449 23.219684, 109.02338 23.219857, 109.022704 23.219886, 109.021937 23.220059, 109.02139 23.220118, 109.021298 23.220163, 109.021261 23.220202, 109.021234 23.220291, 109.021218 23.220522, 109.021132 23.221104, 109.02111 23.221154, 109.020923 23.221321, 109.020579 23.222075, 109.02044 23.22247, 109.020408 23.222642, 109.020402 23.2228, 109.020343 23.222968, 109.019995 23.223056, 109.019946 23.223046, 109.019383 23.223061, 109.0189 23.223096, 109.01809 23.223111)"
gis_osm_roads_free,<NA>,1434331309,unclassified,roads:gis_osm_roads_free:1434331309:unclassified,OGC:CRS84,450126,OpenStreetMap,real,kept,<NA>,,unclassified,,B,0,F,F,0,109.027022,23.2208035,,derived_from_source_layer_osm_id_fclass,smartbidata_task06_20260810,team_shared,team_shared_source,广西壮族自治区,南宁市,宾阳县,1310.340822190099,712.6122945543545,0.5438373608503602,1,True,True,False,False,疑似受影响，需现场核查,Task_20洪涝范围相交筛查；道路通行状态需现场核查,nanning_flood_20260706_0707,2026-07-07,dispatch_v3,074f2c6841becf074f14d90e06a2e9672972f1ec,"LINESTRING (109.028288 23.226478, 109.028299 23.226172, 109.028181 23.225906, 109.028186 23.225862, 109.028266 23.225723, 109.028277 23.225654, 109.028234 23.225216, 109.02824 23.224944, 109.028218 23.224703, 109.028256 23.224176, 109.028245 23.224141, 109.028116 23.224092, 109.028073 23.224057, 109.02802 23.223944, 109.027966 23.223697, 109.027972 23.223387, 109.028036 23.223037, 109.028148 23.221755, 109.028047 23.221301, 109.028009 23.221262, 109.027666 23.221148, 109.027022 23.220804, 109.026856 23.22066, 109.026706 23.220493, 109.026636 23.220375, 109.026539 23.219995, 109.026432 23.219773, 109.025772 23.218861, 109.02567 23.218767, 109.025595 23.218718, 109.025402 23.218669, 109.025193 23.218516, 109.024898 23.21826, 109.024758 23.21792, 109.024753 23.217432, 109.024705 23.217244, 109.024452 23.21685, 109.024495 23.216273)"
gis_osm_roads_free,<NA>,1434331297,unclassified,roads:gis_osm_roads_free:1434331297:unclassified,OGC:CRS84,450126,OpenStreetMap,real,kept,<NA>,,unclassified,,B,0,F,F,0,109.0180903,23.2231106,,derived_from_source_layer_osm_id_fclass,smartbidata_task06_20260810,team_shared,team_shared_source,广西壮族自治区,南宁市,宾阳县,1478.5643473582513,299.5692440553021,0.20260818853811943,1,True,True,False,False,疑似受影响，需现场核查,Task_20洪涝范围相交筛查；道路通行状态需现场核查,nanning_flood_20260706_0707,2026-07-07,dispatch_v3,074f2c6841becf074f14d90e06a2e9672972f1ec,"LINESTRING (109.019158 23.216756, 109.019228 23.216924, 109.019302 23.217169, 109.019311 23.217713, 109.019264 23.218155, 109.01921 23.218296, 109.019219 23.218398, 109.019169 23.218496, 109.018917 23.21862, 109.018777 23.218782, 109.018702 23.218906, 109.018525 23.219596, 109.018364 23.220089, 109.018337 23.220458, 109.018337 23.221104, 109.018316 23.221326, 109.018203 23.221789, 109.018015 23.222376, 109.01809 23.223111, 109.017892 23.223614, 109.017715 23.223756, 109.017307 23.223894, 109.017082 23.224422, 109.016969 23.224683, 109.016776 23.22493, 109.016744 23.225028, 109.016744 23.225186, 109.016808 23.225354, 109.016899 23.225497, 109.01727 23.225985, 109.017522 23.226236, 109.017591 23.226354, 109.017602 23.226424, 109.017586 23.226517, 109.017441 23.226931, 109.017479 23.227518, 109.0175 23.227562, 109.017769 23.228983)"
gis_osm_roads_free,<NA>,1434331310,unclassified,roads:gis_osm_roads_free:1434331310:unclassified,OGC:CRS84,450126,OpenStreetMap,real,kept,<NA>,,unclassified,,B,0,F,F,0,109.0239643,23.2183681,,derived_from_source_layer_osm_id_fclass,smartbidata_task06_20260810,team_shared,team_shared_source,广西壮族自治区,南宁市,宾阳县,196.06076334003737,42.03788015049901,0.21441250882814702,1,True,True,False,False,疑似受影响，需现场核查,Task_20洪涝范围相交筛查；道路通行状态需现场核查,nanning_flood_20260706_0707,2026-07-07,dispatch_v3,074f2c6841becf074f14d90e06a2e9672972f1ec,"LINESTRING (109.024898 23.21826, 109.024603 23.218314, 109.024206 23.218314, 109.023964 23.218368, 109.023825 23.218422, 109.023718 23.218442, 109.02338 23.218412, 109.023074 23.21822)"
gis_osm_roads_free,<NA>,1434331302,unclassified,roads:gis_osm_roads_free:1434331302:unclassified,OGC:CRS84,450126,OpenStreetMap,real,kept,<NA>,,unclassified,,B,0,F,F,0,109.0136218,23.223436,,derived_from_source_layer_osm_id_fclass,smartbidata_task06_20260810,team_shared,team_shared_source,广西壮族自治区,南宁市,宾阳县,915.2710660504486,279.9150194909738,0.30582745360765645,1,True,True,False,False,疑似受影响，需现场核查,Task_20洪涝范围相交筛查；道路通行状态需现场核查,nanning_flood_20260706_0707,2026-07-07,dispatch_v3,074f2c6841becf074f14d90e06a2e9672972f1ec,"LINESTRING (109.010408 23.221351, 109.010661 23.221154, 109.011192 23.221213, 109.011519 23.221351, 109.011782 23.22137, 109.012147 23.221262, 109.012383 23.221474, 109.012624 23.221518, 109.012667 23.221533, 109.012699 23.221568, 109.012721 23.221784, 109.012769 23.222026, 109.012683 23.222312, 109.012624 23.222583, 109.012613 23.222918, 109.012694 23.223056, 109.013118 23.223283, 109.013622 23.223436, 109.015135 23.223549, 109.01588 23.223697, 109.016164 23.223806, 109.01646 23.224062, 109.017082 23.224422)"
gis_osm_roads_free,<NA>,1434331303,unclassified,roads:gis_osm_roads_free:1434331303:unclassified,OGC:CRS84,450126,OpenStreetMap,real,kept,<NA>,,unclassified,,B,0,F,F,0,109.0114492,23.2237811,,derived_from_source_layer_osm_id_fclass,smartbidata_task06_20260810,team_shared,team_shared_source,广西壮族自治区,南宁市,宾阳县,473.9080303245231,267.30013023849455,0.5640337642209873,1,True,True,False,False,疑似受影响，需现场核查,Task_20洪涝范围相交筛查；道路通行状态需现场核查,nanning_flood_20260706_0707,2026-07-07,dispatch_v3,074f2c6841becf074f14d90e06a2e9672972f1ec,"LINESTRING (109.013622 23.223436, 109.01338 23.223599, 109.013085 23.223722, 109.01294 23.22385, 109.012892 23.223914, 109.012796 23.223988, 109.012656 23.224018, 109.011954 23.223855, 109.011449 23.223781, 109.011326 23.223722, 109.011165 23.223604, 109.010956 23.223505, 109.010553 23.223421, 109.010033 23.223485, 109.009759 23.223781, 109.009684 23.224032)"
gis_osm_roads_free,<NA>,1434331300,unclassified,roads:gis_osm_roads_free:1434331300:unclassified,OGC:CRS84,450126,OpenStreetMap,real,kept,<NA>,,unclassified,,B,0,F,F,0,109.0127582,23.227943,,derived_from_source_layer_osm_id_fclass,smartbidata_task06_20260810,team_shared,team_shared_source,广西壮族自治区,南宁市,宾阳县,1160.0190804339898,346.71266984663674,0.2988853163664546,1,True,True,False,False,疑似受影响，需现场核查,Task_20洪涝范围相交筛查；道路通行状态需现场核查,nanning_flood_20260706_0707,2026-07-07,dispatch_v3,074f2c6841becf074f14d90e06a2e9672972f1ec,"LINESTRING (109.017479 23.227518, 109.017109 23.227682, 109.016722 23.227736, 109.016444 23.227716, 109.015993 23.227751, 109.015773 23.22782, 109.014963 23.227835, 109.014421 23.228027, 109.014314 23.228046, 109.014217 23.228037, 109.014099 23.227963, 109.013997 23.227933, 109.013869 23.227933, 109.01367 23.227968, 109.013456 23.227978, 109.013064 23.227908, 109.012924 23.227908, 109.012758 23.227943, 109.012232 23.227987, 109.012136 23.228037, 109.012077 23.228116, 109.012012 23.228283, 109.01198 23.228328, 109.011744 23.228426, 109.011616 23.228677, 109.011465 23.22921, 109.011213 23.230067, 109.011106 23.2302, 109.011015 23.230373, 109.010972 23.231733, 109.010891 23.231906, 109.010688 23.233089)"
gis_osm_roads_free,<NA>,1434331299,unclassified,roads:gis_osm_roads_free:1434331299:unclassified,OGC:CRS84,450126,OpenStreetMap,real,kept,<NA>,,unclassified,,B,0,F,F,0,109.0181225,23.2305646,,derived_from_source_layer_osm_id_fclass,smartbidata_task06_20260810,team_shared,team_shared_source,广西壮族自治区,南宁市,宾阳县,353.5706350163547,101.21243410151664,0.28625803185503507,1,True,True,False,False,疑似受影响，需现场核查,Task_20洪涝范围相交筛查；道路通行状态需现场核查,nanning_flood_20260706_0707,2026-07-07,dispatch_v3,074f2c6841becf074f14d90e06a2e9672972f1ec,"LINESTRING (109.017769 23.228983, 109.018047 23.230067, 109.018122 23.230565, 109.018224 23.231457, 109.018321 23.231792, 109.018321 23.232122)"
gis_osm_roads_free,<NA>,1434331301,unclassified,roads:gis_osm_roads_free:1434331301:unclassified,OGC:CRS84,450126,OpenStreetMap,real,kept,<NA>,,unclassified,,B,0,F,F,0,109.0064174,23.2306047,,derived_from_source_layer_osm_id_fclass,smartbidata_task06_20260810,team_shared,team_shared_source,广西壮族自治区,南宁市,宾阳县,1168.9397174029757,536.3744341918251,0.4588555134250071,2,True,True,False,False,疑似受影响，需现场核查,Task_20洪涝范围相交筛查；道路通行状态需现场核查,nanning_flood_20260706_0707,2026-07-07,dispatch_v3,074f2c6841becf074f14d90e06a2e9672972f1ec,"LINESTRING (109.002759 23.234173, 109.003108 23.23408, 109.003338 23.233636, 109.003633 23.23298, 109.004368 23.23198, 109.004722 23.231763, 109.004894 23.231526, 109.004942 23.231369, 109.004937 23.231226, 109.004899 23.231063, 109.00491 23.230915, 109.004958 23.230807, 109.005012 23.230733, 109.00513 23.230659, 109.0052 23.230644, 109.005371 23.230684, 109.006133 23.230669, 109.006256 23.230654, 109.006417 23.230605, 109.006659 23.230472, 109.006981 23.230344, 109.007404 23.23027, 109.008198 23.230092, 109.008654 23.230023, 109.008864 23.230023, 109.009169 23.230077, 109.010473 23.230092, 109.011106 23.2302, 109.011401 23.230314, 109.011632 23.230393)"
gis_osm_roads_free,<NA>,488119349,secondary,roads:gis_osm_roads_free:488119349:secondary,OGC:CRS84,450126,OpenStreetMap,real,kept,<NA>,,secondary,X497,B,0,F,F,0,109.1126634,23.2174283,,derived_from_source_layer_osm_id_fclass,smartbidata_task06_20260810,team_shared,team_shared_source,广西壮族自治区,南宁市,宾阳县,3257.9879398583644,26.614427891407157,0.008168976798779733,1,True,False,False,False,疑似受影响，需现场核查,Task_20洪涝范围相交筛查；道路通行状态需现场核查,nanning_flood_20260706_0707,2026-07-07,dispatch_v3,074f2c6841becf074f14d90e06a2e9672972f1ec,"LINESTRING (109.122665 23.207692, 109.122523 23.207848, 109.12249 23.207877, 109.121537 23.208726, 109.120199 23.209851, 109.118749 23.21108, 109.117716 23.21197, 109.117323 23.212308, 109.116973 23.212609, 109.116604 23.212926, 109.115653 23.213745, 109.113314 23.216536, 109.112663 23.217428, 109.109657 23.221497, 109.108805 23.222636, 109.108379 23.223181, 109.107864 23.223812, 109.107006 23.226809, 109.106609 23.227884, 109.105793 23.229179, 109.105192 23.230132, 109.104366 23.231216)"
gis_osm_roads_free,<NA>,445075449,secondary,roads:gis_osm_roads_free:445075449:secondary,OGC:CRS84,450126,OpenStreetMap,real,kept,<NA>,,secondary,,B,0,F,F,0,109.1194357,23.2257361,,derived_from_source_layer_osm_id_fclass,smartbidata_task06_20260810,team_shared,team_shared_source,广西壮族自治区,南宁市,宾阳县,2332.7286762268113,81.63979357860977,0.0349975521845353,1,True,False,False,False,疑似受影响，需现场核查,Task_20洪涝范围相交筛查；道路通行状态需现场核查,nanning_flood_20260706_0707,2026-07-07,dispatch_v3,074f2c6841becf074f14d90e06a2e9672972f1ec,"LINESTRING (109.120634 23.217151, 109.12032 23.218503, 109.119343 23.220515, 109.119465 23.220812, 109.119536 23.220988, 109.119515 23.22155, 109.11973 23.221984, 109.119386 23.222516, 109.119515 23.223472, 109.119354 23.223778, 109.119407 23.22411, 109.119542 23.224767, 109.119556 23.225287, 109.119436 23.225736, 109.118905 23.225996, 109.118558 23.225977, 109.118225 23.225879, 109.117985 23.225925, 109.117532 23.226679, 109.117277 23.226868, 109.117171 23.227128, 109.117305 23.22744, 109.117574 23.228006, 109.118147 23.228845, 109.11877 23.229476, 109.119004 23.229678, 109.120108 23.230127, 109.120618 23.230608, 109.120774 23.231246, 109.120858 23.231863, 109.121333 23.232624, 109.121672 23.23306, 109.122062 23.233242, 109.122409 23.233711, 109.122494 23.234068, 109.122475 23.234302)"
gis_osm_roads_free,<NA>,721028726,secondary,roads:gis_osm_roads_free:721028726:secondary,OGC:CRS84,450126,OpenStreetMap,real,kept,<NA>,,secondary,X497,B,0,F,F,0,109.1001283,23.2377922,,derived_from_source_layer_osm_id_fclass,smartbidata_task06_20260810,team_shared,team_shared_source,广西壮族自治区,南宁市,宾阳县,915.7735980447529,161.9167492733588,0.17680871082007987,1,True,True,False,False,疑似受影响，需现场核查,Task_20洪涝范围相交筛查；道路通行状态需现场核查,nanning_flood_20260706_0707,2026-07-07,dispatch_v3,074f2c6841becf074f14d90e06a2e9672972f1ec,"LINESTRING (109.101661 23.234227, 109.101201 23.234782, 109.100912 23.235475, 109.100128 23.237792, 109.098444 23.241627, 109.098361 23.241873)"
gis_osm_roads_free,<NA>,445075511,tertiary,roads:gis_osm_roads_free:445075511:tertiary,OGC:CRS84,450126,OpenStreetMap,real,kept,<NA>,,tertiary,,B,0,F,F,0,109.1400071,23.2195483,,derived_from_source_layer_osm_id_fclass,smartbidata_task06_20260810,team_shared,team_shared_source,广西壮族自治区,南宁市,宾阳县,2906.855816044027,39.3469191867014,0.013535903284067617,2,True,False,False,False,疑似受影响，需现场核查,Task_20洪涝范围相交筛查；道路通行状态需现场核查,nanning_flood_20260706_0707,2026-07-07,dispatch_v3,074f2c6841becf074f14d90e06a2e9672972f1ec,"LINESTRING (109.138693 23.209104, 109.138668 23.209221, 109.13858 23.209629, 109.138097 23.210368, 109.137153 23.211039, 109.13784 23.212173, 109.13998 23.213587, 109.139975 23.213997, 109.139456 23.214534, 109.139009 23.214845, 109.138852 23.214958, 109.138924 23.21524, 109.138939 23.215295, 109.139193 23.215724, 109.139374 23.216018, 109.13975 23.218828, 109.140007 23.219548, 109.141321 23.226119, 109.141272 23.227544, 109.142022 23.229213, 109.142087 23.229358, 109.141958 23.23062, 109.142645 23.231449, 109.143589 23.232)"
gis_osm_roads_free,<NA>,1198568491,service,roads:gis_osm_roads_free:1198568491:service,OGC:CRS84,450126,OpenStreetMap,real,kept,<NA>,,service,,B,0,F,F,0,109.1279669,23.2193054,,derived_from_source_layer_osm_id_fclass,smartbidata_task06_20260810,team_shared,team_shared_source,广西壮族自治区,南宁市,宾阳县,710.1732305474981,356.6261603440124,0.5021678444132237,3,True,True,False,False,疑似受影响，需现场核查,Task_20洪涝范围相交筛查；道路通行状态需现场核查,nanning_flood_20260706_0707,2026-07-07,dispatch_v3,074f2c6841becf074f14d90e06a2e9672972f1ec,"LINESTRING (109.129409 23.215347, 109.129325 23.215622, 109.129317 23.216264, 109.129162 23.217221, 109.127967 23.219305, 109.127211 23.221345)"
gis_osm_roads_free,<NA>,1198568493,residential,roads:gis_osm_roads_free:1198568493:residential,OGC:CRS84,450126,OpenStreetMap,real,kept,<NA>,,residential,,B,0,F,F,0,109.1233967,23.2210974,,derived_from_source_layer_osm_id_fclass,smartbidata_task06_20260810,team_shared,team_shared_source,广西壮族自治区,南宁市,宾阳县,907.5418564238557,34.57677634656265,0.03809937371132557,1,True,False,False,False,疑似受影响，需现场核查,Task_20洪涝范围相交筛查；道路通行状态需现场核查,nanning_flood_20260706_0707,2026-07-07,dispatch_v3,074f2c6841becf074f14d90e06a2e9672972f1ec,"LINESTRING (109.119465 23.220812, 109.11982 23.220791, 109.120661 23.221314, 109.121137 23.221022, 109.122211 23.221271, 109.12237 23.221348, 109.12272 23.22131, 109.123084 23.221447, 109.123285 23.221078, 109.123397 23.221097, 109.124406 23.221271, 109.124752 23.220984, 109.125662 23.221061, 109.126265 23.220975, 109.127211 23.221345, 109.127086 23.221589)"
gis_osm_roads_free,<NA>,521896857,tertiary,roads:gis_osm_roads_free:521896857:tertiary,OGC:CRS84,450126,OpenStreetMap,real,kept,<NA>,,tertiary,,B,0,F,F,0,109.1477517,23.2364962,,derived_from_source_layer_osm_id_fclass,smartbidata_task06_20260810,team_shared,team_shared_source,广西壮族自治区,南宁市,宾阳县,1085.956778518629,411.46047263034404,0.3788921260675069,1,True,True,False,False,疑似受影响，需现场核查,Task_20洪涝范围相交筛查；道路通行状态需现场核查,nanning_flood_20260706_0707,2026-07-07,dispatch_v3,074f2c6841becf074f14d90e06a2e9672972f1ec,"LINESTRING (109.14376 23.232133, 109.146385 23.234558, 109.147752 23.236496, 109.14823 23.23858, 109.148531 23.240039, 109.148616 23.240477)"
gis_osm_roads_free,<NA>,1028570363,residential,roads:gis_osm_roads_free:1028570363:residential,OGC:CRS84,450126,OpenStreetMap,real,kept,<NA>,,residential,,B,0,F,F,0,109.1423057,23.2440596,,derived_from_source_layer_osm_id_fclass,smartbidata_task06_20260810,team_shared,team_shared_source,广西壮族自治区,南宁市,宾阳县,1584.4831284389877,247.86602271856364,0.1564333619397753,3,True,True,False,False,疑似受影响，需现场核查,Task_20洪涝范围相交筛查；道路通行状态需现场核查,nanning_flood_20260706_0707,2026-07-07,dispatch_v3,074f2c6841becf074f14d90e06a2e9672972f1ec,"LINESTRING (109.142175 23.246762, 109.142446 23.246703, 109.142735 23.2466, 109.143128 23.246591, 109.143721 23.246587, 109.143777 23.246355, 109.143898 23.246008, 109.144052 23.245712, 109.144099 23.245416, 109.14401 23.245132, 109.144188 23.244944, 109.144374 23.244566, 109.143884 23.244544, 109.142306 23.24406, 109.142348 23.243897, 109.141885 23.243819, 109.141194 23.243038, 109.140979 23.24315, 109.140676 23.243343, 109.140237 23.243489, 109.140008 23.243635, 109.139676 23.243725, 109.139284 23.243789, 109.139097 23.243931, 109.138906 23.244051, 109.138822 23.244201, 109.138827 23.244377, 109.13892 23.244806, 109.139051 23.245424, 109.139247 23.245561, 109.139779 23.245866, 109.140428 23.246094, 109.140732 23.246154, 109.141204 23.246235, 109.141689 23.246445, 109.141839 23.246681, 109.142058 23.24675, 109.142175 23.246762)"
gis_osm_roads_free,<NA>,1464509086,unclassified,roads:gis_osm_roads_free:1464509086:unclassified,OGC:CRS84,450126,OpenStreetMap,real,kept,<NA>,,unclassified,,B,0,F,F,0,109.0434911,23.2315312,,derived_from_source_layer_osm_id_fclass,smartbidata_task06_20260810,team_shared,team_shared_source,广西壮族自治区,南宁市,宾阳县,2101.9170075677707,906.228966557956,0.43114402866295715,1,True,True,False,False,疑似受影响，需现场核查,Task_20洪涝范围相交筛查；道路通行状态需现场核查,nanning_flood_20260706_0707,2026-07-07,dispatch_v3,074f2c6841becf074f14d90e06a2e9672972f1ec,"LINESTRING (109.035093 23.230781, 109.035181 23.230763, 109.035347 23.2307, 109.03581 23.230646, 109.036149 23.230682, 109.036218 23.230841, 109.036478 23.231197, 109.036749 23.231377, 109.03683 23.231471, 109.036813 23.23172, 109.036892 23.231777, 109.0371 23.231804, 109.037342 23.231846, 109.03773 23.231981, 109.037844 23.231999, 109.038056 23.231981, 109.038297 23.231978, 109.039004 23.231897, 109.040074 23.231801, 109.040883 23.231783, 109.042275 23.231624, 109.042686 23.231627, 109.043491 23.231531, 109.04444 23.231702, 109.045324 23.23199, 109.045539 23.232023, 109.045607 23.232056, 109.045656 23.232154, 109.045685 23.232469, 109.045738 23.23258, 109.045809 23.232628, 109.045894 23.23264, 109.046797 23.232574, 109.046934 23.23261, 109.047185 23.232772, 109.047485 23.232963, 109.047652 23.233122, 109.047766 23.233218, 109.047896 23.233281, 109.048251 23.233427, 109.048349 23.233471, 109.048438 23.233563, 109.048498 23.233662, 109.048533 23.233782, 109.048539 23.234042, 109.048542 23.234363, 109.048581 23.23452, 109.048815 23.235246, 109.049041 23.235899, 109.049092 23.236112, 109.049229 23.236596, 109.049389 23.236958, 109.049444 23.237006, 109.050279 23.237345, 109.050703 23.237539, 109.050849 23.237635)"
gis_osm_roads_free,<NA>,1434331316,residential,roads:gis_osm_roads_free:1434331316:residential,OGC:CRS84,450126,OpenStreetMap,real,kept,<NA>,,residential,,B,0,F,F,0,109.0427346,23.2225239,,derived_from_source_layer_osm_id_fclass,smartbidata_task06_20260810,team_shared,team_shared_source,广西壮族自治区,南宁市,宾阳县,1654.3245558966532,405.4189176746327,0.24506613060270593,3,True,True,False,False,疑似受影响，需现场核查,Task_20洪涝范围相交筛查；道路通行状态需现场核查,nanning_flood_20260706_0707,2026-07-07,dispatch_v3,074f2c6841becf074f14d90e06a2e9672972f1ec,"LINESTRING (109.045926 23.216046, 109.045803 23.216243, 109.045717 23.216524, 109.045578 23.216864, 109.045363 23.21717, 109.044585 23.218723, 109.044446 23.21928, 109.044156 23.219956, 109.044027 23.22035, 109.04392 23.220759, 109.043802 23.221055, 109.043716 23.221203, 109.042971 23.222134, 109.042735 23.222524, 109.042364 23.222918, 109.042284 23.223037, 109.042279 23.223175, 109.042397 23.223668, 109.042413 23.223904, 109.04238 23.224723, 109.042354 23.224836, 109.042311 23.224905, 109.04223 23.224979, 109.042155 23.225018, 109.04178 23.225137, 109.041399 23.225329, 109.041029 23.225487, 109.0409 23.225516, 109.040192 23.22558, 109.040042 23.22564, 109.039822 23.225995, 109.03973 23.226216, 109.039494 23.226665, 109.039409 23.226872, 109.039114 23.227188, 109.038872 23.22733, 109.038711 23.227488, 109.038416 23.228104)"
gis_osm_roads_free,<NA>,1425820584,motorway,roads:gis_osm_roads_free:1425820584:motorway,OGC:CRS84,450126,OpenStreetMap,real,kept,<NA>,柳南高速,motorway,G72,F,0,F,F,0,109.0524259,23.2399332,,derived_from_source_layer_osm_id_fclass,smartbidata_task06_20260810,team_shared,team_shared_source,广西壮族自治区,南宁市,宾阳县,5132.709497802834,344.97447316255034,0.06721098735672143,2,True,True,False,False,疑似受影响，需现场核查,Task_20洪涝范围相交筛查；道路通行状态需现场核查,nanning_flood_20260706_0707,2026-07-07,dispatch_v3,074f2c6841becf074f14d90e06a2e9672972f1ec,"LINESTRING (109.058854 23.26315, 109.058801 23.262002, 109.05869 23.2608, 109.058472 23.259058, 109.058249 23.257559, 109.057942 23.25604, 109.057635 23.254702, 109.057158 23.252925, 109.056484 23.250755, 109.055703 23.248612, 109.054633 23.245827, 109.052426 23.239933, 109.051849 23.238344, 109.050987 23.236011, 109.050091 23.233517, 109.04924 23.230801, 109.048768 23.22906, 109.048492 23.227956, 109.04797 23.225614, 109.046641 23.218382)"
gis_osm_roads_free,<NA>,1425820585,motorway,roads:gis_osm_roads_free:1425820585:motorway,OGC:CRS84,450126,OpenStreetMap,real,kept,<NA>,柳南高速,motorway,G72,F,0,F,F,0,109.0523932,23.2392029,,derived_from_source_layer_osm_id_fclass,smartbidata_task06_20260810,team_shared,team_shared_source,广西壮族自治区,南宁市,宾阳县,4863.624979633291,317.96668537957106,0.06537648085760617,2,True,True,False,False,疑似受影响，需现场核查,Task_20洪涝范围相交筛查；道路通行状态需现场核查,nanning_flood_20260706_0707,2026-07-07,dispatch_v3,074f2c6841becf074f14d90e06a2e9672972f1ec,"LINESTRING (109.046814 23.218362, 109.048158 23.225595, 109.048674 23.227915, 109.048938 23.228987, 109.049611 23.231248, 109.050281 23.233498, 109.051172 23.235985, 109.052047 23.238281, 109.052393 23.239203, 109.054833 23.245699, 109.055882 23.248524, 109.056643 23.250687, 109.057336 23.25285, 109.057827 23.254702, 109.058125 23.256002, 109.058423 23.257513, 109.058673 23.259096, 109.058841 23.260708)"
gis_osm_roads_free,<NA>,1464509057,motorway_link,roads:gis_osm_roads_free:1464509057:motorway_link,OGC:CRS84,450126,OpenStreetMap,real,kept,<NA>,,motorway_link,,F,0,F,F,0,109.0506926,23.2359163,,derived_from_source_layer_osm_id_fclass,smartbidata_task06_20260810,team_shared,team_shared_source,广西壮族自治区,南宁市,宾阳县,1066.0408360378137,9.797847741573444,0.00919087469293334,1,True,False,False,False,疑似受影响，需现场核查,Task_20洪涝范围相交筛查；道路通行状态需现场核查,nanning_flood_20260706_0707,2026-07-07,dispatch_v3,074f2c6841becf074f14d90e06a2e9672972f1ec,"LINESTRING (109.052426 23.239933, 109.052206 23.239487, 109.052056 23.239166, 109.051751 23.23846, 109.051396 23.237601, 109.051194 23.237152, 109.051135 23.237015, 109.051044 23.2368, 109.050693 23.235916, 109.050374 23.235018, 109.050297 23.234804, 109.049933 23.23366, 109.049871 23.233465, 109.049634 23.232698, 109.049359 23.231509, 109.04924 23.230801)"
gis_osm_roads_free,<NA>,1464509056,motorway_link,roads:gis_osm_roads_free:1464509056:motorway_link,OGC:CRS84,450126,OpenStreetMap,real,kept,<NA>,,motorway_link,,F,0,F,F,0,109.0512405,23.2353871,,derived_from_source_layer_osm_id_fclass,smartbidata_task06_20260810,team_shared,team_shared_source,广西壮族自治区,南宁市,宾阳县,927.0341964395577,0.7326391351525432,0.000790304325305772,1,True,False,False,False,疑似受影响，需现场核查,Task_20洪涝范围相交筛查；道路通行状态需现场核查,nanning_flood_20260706_0707,2026-07-07,dispatch_v3,074f2c6841becf074f14d90e06a2e9672972f1ec,"LINESTRING (109.049611 23.231248, 109.049861 23.231814, 109.050257 23.232875, 109.050382 23.233192, 109.050569 23.233666, 109.051011 23.234794, 109.05124 23.235387, 109.051471 23.236065, 109.051513 23.236205, 109.051723 23.236909, 109.051975 23.23777, 109.052174 23.23842, 109.052393 23.239203)"
gis_osm_roads_free,<NA>,1434331327,residential,roads:gis_osm_roads_free:1434331327:residential,OGC:CRS84,450126,OpenStreetMap,real,kept,<NA>,,residential,,B,0,F,F,0,109.0565211,23.2245896,,derived_from_source_layer_osm_id_fclass,smartbidata_task06_20260810,team_shared,team_shared_source,广西壮族自治区,南宁市,宾阳县,1170.096130446049,1065.7370506650861,0.910811533287286,1,True,True,False,False,疑似受影响，需现场核查,Task_20洪涝范围相交筛查；道路通行状态需现场核查,nanning_flood_20260706_0707,2026-07-07,dispatch_v3,074f2c6841becf074f14d90e06a2e9672972f1ec,"LINESTRING (109.060142 23.222997, 109.059834 23.223558, 109.059573 23.223855, 109.059134 23.224023, 109.05864 23.224353, 109.058222 23.224555, 109.057894 23.22458, 109.056784 23.224565, 109.056521 23.22459, 109.054735 23.224678, 109.05452 23.224654, 109.054209 23.224535, 109.053978 23.224205, 109.053876 23.223367, 109.053758 23.222854, 109.053533 23.222539, 109.053378 23.222371, 109.053227 23.222253, 109.053184 23.222169, 109.053217 23.221824, 109.053265 23.221577, 109.053335 23.221464, 109.053726 23.221055, 109.05378 23.220937, 109.053801 23.220596)"
gis_osm_roads_free,<NA>,1434331325,residential,roads:gis_osm_roads_free:1434331325:residential,OGC:CRS84,450126,OpenStreetMap,real,kept,<NA>,,residential,,B,0,F,F,0,109.0540642,23.2203795,,derived_from_source_layer_osm_id_fclass,smartbidata_task06_20260810,team_shared,team_shared_source,广西壮族自治区,南宁市,宾阳县,84.08565711631122,50.46203104070378,0.6001264992304494,1,True,True,False,False,疑似受影响，需现场核查,Task_20洪涝范围相交筛查；道路通行状态需现场核查,nanning_flood_20260706_0707,2026-07-07,dispatch_v3,074f2c6841becf074f14d90e06a2e9672972f1ec,"LINESTRING (109.053919 23.219983, 109.054064 23.220207, 109.054064 23.22038, 109.053801 23.220596)"
gis_osm_roads_free,<NA>,1434331326,residential,roads:gis_osm_roads_free:1434331326:residential,OGC:CRS84,450126,OpenStreetMap,real,kept,<NA>,,residential,,B,0,T,F,1,109.0539187,23.2199834,,derived_from_source_layer_osm_id_fclass,smartbidata_task06_20260810,team_shared,team_shared_source,广西壮族自治区,南宁市,宾阳县,24.426655365455154,24.426655365455154,1.0,1,True,True,True,True,疑似受影响，需现场核查,Task_20洪涝范围相交筛查；道路通行状态需现场核查,nanning_flood_20260706_0707,2026-07-07,dispatch_v3,074f2c6841becf074f14d90e06a2e9672972f1ec,"LINESTRING (109.053796 23.219794, 109.053919 23.219983)"
gis_osm_roads_free,<NA>,521885910,tertiary,roads:gis_osm_roads_free:521885910:tertiary,OGC:CRS84,450126,OpenStreetMap,real,kept,<NA>,,tertiary,,B,0,F,F,0,109.0683708,23.2406213,,derived_from_source_layer_osm_id_fclass,smartbidata_task06_20260810,team_shared,team_shared_source,广西壮族自治区,南宁市,宾阳县,3884.7459299180114,485.8832797794439,0.12507466087742283,4,True,True,False,False,疑似受影响，需现场核查,Task_20洪涝范围相交筛查；道路通行状态需现场核查,nanning_flood_20260706_0707,2026-07-07,dispatch_v3,074f2c6841becf074f14d90e06a2e9672972f1ec,"LINESTRING (109.078534 23.22792, 109.078412 23.228176, 109.078388 23.228274, 109.078119 23.229354, 109.078026 23.229789, 109.077765 23.230305, 109.076362 23.232706, 109.076134 23.23326, 109.075729 23.233972, 109.075228 23.2346, 109.074012 23.235973, 109.073754 23.236322, 109.072949 23.236931, 109.072149 23.237485, 109.071698 23.237927, 109.07103 23.238737, 109.070012 23.239714, 109.069784 23.239984, 109.069541 23.240184, 109.069161 23.240324, 109.068786 23.240435, 109.068371 23.240621, 109.067257 23.241161, 109.06673 23.241412, 109.06558 23.241831, 109.065256 23.242031, 109.064819 23.242356, 109.06426 23.242708, 109.063355 23.243344, 109.063089 23.243562, 109.062831 23.24381, 109.062574 23.244487, 109.062461 23.245037, 109.062213 23.245824, 109.062208 23.246196, 109.062238 23.246847, 109.062237 23.247178, 109.062171 23.247812, 109.062179 23.248062, 109.062282 23.248903, 109.062319 23.249254, 109.062442 23.2497, 109.062467 23.249881, 109.062442 23.25027, 109.062381 23.250809, 109.062389 23.251221, 109.062372 23.25141, 109.062327 23.251583, 109.062173 23.251899, 109.062048 23.25206, 109.061872 23.252183, 109.061654 23.252264, 109.05992 23.25295, 109.059412 23.253182, 109.059221 23.253294, 109.058058 23.254157)"
gis_osm_roads_free,<NA>,1434331328,residential,roads:gis_osm_roads_free:1434331328:residential,OGC:CRS84,450126,OpenStreetMap,real,kept,<NA>,,residential,,B,0,F,F,0,109.0665901,23.2214591,,derived_from_source_layer_osm_id_fclass,smartbidata_task06_20260810,team_shared,team_shared_source,广西壮族自治区,南宁市,宾阳县,1442.9142495813223,105.87604966701294,0.07337653619938542,1,True,True,False,False,疑似受影响，需现场核查,Task_20洪涝范围相交筛查；道路通行状态需现场核查,nanning_flood_20260706_0707,2026-07-07,dispatch_v3,074f2c6841becf074f14d90e06a2e9672972f1ec,"LINESTRING (109.060142 23.222997, 109.060689 23.223027, 109.061108 23.222982, 109.061333 23.223032, 109.061826 23.223106, 109.062036 23.22316, 109.062122 23.223155, 109.062197 23.223106, 109.062218 23.22279, 109.062417 23.222184, 109.062722 23.221893, 109.063747 23.221504, 109.064182 23.221356, 109.064981 23.221203, 109.065388 23.221154, 109.065721 23.221193, 109.065941 23.221139, 109.066252 23.221262, 109.06659 23.221459, 109.067078 23.221656, 109.067202 23.221918, 109.067459 23.222149, 109.067776 23.222292, 109.068425 23.222425, 109.068773 23.222519, 109.068934 23.222598, 109.06901 23.222637, 109.069042 23.222682, 109.069229 23.222805, 109.07019 23.223116, 109.070581 23.22319, 109.070683 23.223397, 109.070769 23.223446, 109.07226 23.223791)"
gis_osm_roads_free,<NA>,1434331330,residential,roads:gis_osm_roads_free:1434331330:residential,OGC:CRS84,450126,OpenStreetMap,real,kept,<NA>,,residential,,B,0,F,F,0,109.0675557,23.2251811,,derived_from_source_layer_osm_id_fclass,smartbidata_task06_20260810,team_shared,team_shared_source,广西壮族自治区,南宁市,宾阳县,1156.5149878819252,579.8091862926864,0.5013416967077665,1,True,True,False,False,疑似受影响，需现场核查,Task_20洪涝范围相交筛查；道路通行状态需现场核查,nanning_flood_20260706_0707,2026-07-07,dispatch_v3,074f2c6841becf074f14d90e06a2e9672972f1ec,"LINESTRING (109.063747 23.221504, 109.063844 23.221582, 109.064042 23.221765, 109.06409 23.221809, 109.064439 23.222228, 109.064895 23.222342, 109.065072 23.22244, 109.065115 23.222509, 109.06519 23.222736, 109.065308 23.222879, 109.065598 23.223145, 109.0657 23.223239, 109.065936 23.223426, 109.066225 23.223796, 109.06652 23.22421, 109.066649 23.224323, 109.066912 23.224481, 109.067068 23.224594, 109.067234 23.224777, 109.067438 23.225078, 109.067556 23.225181, 109.067679 23.22526, 109.06799 23.22563, 109.068199 23.225792, 109.06828 23.225837, 109.068537 23.225935, 109.068886 23.226103, 109.069337 23.226448, 109.069508 23.226611, 109.06961 23.226798, 109.069723 23.226941, 109.069889 23.227079, 109.069921 23.227124, 109.070388 23.227523, 109.07071 23.227745, 109.070817 23.227843, 109.070839 23.227888, 109.071236 23.228297, 109.071735 23.228578)"
gis_osm_roads_free,<NA>,1434331333,residential,roads:gis_osm_roads_free:1434331333:residential,OGC:CRS84,450126,OpenStreetMap,real,kept,<NA>,,residential,,B,0,F,F,0,109.066102,23.2201282,,derived_from_source_layer_osm_id_fclass,smartbidata_task06_20260810,team_shared,team_shared_source,广西壮族自治区,南宁市,宾阳县,217.5691923135887,192.14566538426422,0.8831473948173654,1,True,True,False,False,疑似受影响，需现场核查,Task_20洪涝范围相交筛查；道路通行状态需现场核查,nanning_flood_20260706_0707,2026-07-07,dispatch_v3,074f2c6841becf074f14d90e06a2e9672972f1ec,"LINESTRING (109.066413 23.219261, 109.06629 23.219497, 109.066193 23.219749, 109.066102 23.220128, 109.066016 23.220375, 109.066027 23.220468, 109.066075 23.22073, 109.065941 23.221139)"
gis_osm_roads_free,<NA>,1434331334,residential,roads:gis_osm_roads_free:1434331334:residential,OGC:CRS84,450126,OpenStreetMap,real,kept,<NA>,,residential,,B,0,T,F,1,109.0664131,23.2192607,,derived_from_source_layer_osm_id_fclass,smartbidata_task06_20260810,team_shared,team_shared_source,广西壮族自治区,南宁市,宾阳县,38.01401204822618,25.033058247386393,0.6585218686106692,1,True,True,True,True,疑似受影响，需现场核查,Task_20洪涝范围相交筛查；道路通行状态需现场核查,nanning_flood_20260706_0707,2026-07-07,dispatch_v3,074f2c6841becf074f14d90e06a2e9672972f1ec,"LINESTRING (109.066701 23.219044, 109.066413 23.219261)"
gis_osm_roads_free,<NA>,1434331331,unclassified,roads:gis_osm_roads_free:1434331331:unclassified,OGC:CRS84,450126,OpenStreetMap,real,kept,<NA>,,unclassified,,B,0,F,F,0,109.0737377,23.2283588,,derived_from_source_layer_osm_id_fclass,smartbidata_task06_20260810,team_shared,team_shared_source,广西壮族自治区,南宁市,宾阳县,1015.1253133161754,398.2594766386661,0.39232543156435157,3,True,True,False,False,疑似受影响，需现场核查,Task_20洪涝范围相交筛查；道路通行状态需现场核查,nanning_flood_20260706_0707,2026-07-07,dispatch_v3,074f2c6841becf074f14d90e06a2e9672972f1ec,"LINESTRING (109.078388 23.228274, 109.077136 23.228155, 109.076868 23.22816, 109.075876 23.228278, 109.075511 23.228377, 109.075248 23.2285, 109.075162 23.2285, 109.074744 23.228412, 109.074401 23.228377, 109.074116 23.228367, 109.073993 23.228328, 109.073738 23.228359, 109.072652 23.228267, 109.07226 23.228376, 109.071987 23.228499, 109.071735 23.228578, 109.071579 23.228672, 109.070866 23.228855, 109.070495 23.229012, 109.070136 23.229254, 109.069911 23.229358, 109.069074 23.229998)"
gis_osm_roads_free,<NA>,1489338161,motorway,roads:gis_osm_roads_free:1489338161:motorway,OGC:CRS84,450126,OpenStreetMap,real,kept,<NA>,上横高速,motorway,S84,F,120,F,F,0,108.9734209,23.3042217,,derived_from_source_layer_osm_id_fclass,smartbidata_task06_20260810,team_shared,team_shared_source,广西壮族自治区,南宁市,宾阳县,3734.300814548833,25.078076761769704,0.0067156016633865,1,True,False,False,False,疑似受影响，需现场核查,Task_20洪涝范围相交筛查；道路通行状态需现场核查,nanning_flood_20260706_0707,2026-07-07,dispatch_v3,074f2c6841becf074f14d90e06a2e9672972f1ec,"LINESTRING (108.956581 23.311276, 108.958938 23.310823, 108.960525 23.310488, 108.961694 23.310203, 108.962912 23.309848, 108.964024 23.309488, 108.965031 23.309119, 108.966003 23.308714, 108.966871 23.30834, 108.967961 23.307788, 108.96906 23.307207, 108.970135 23.306565, 108.971902 23.305364, 108.973421 23.304222, 108.9757 23.302551, 108.976747 23.301837, 108.97783 23.301177, 108.978673 23.300689, 108.980207 23.299856, 108.981194 23.299408, 108.982046 23.299008, 108.982958 23.298624, 108.984196 23.298199, 108.984433 23.298122, 108.986502 23.297443, 108.989057 23.296764)"
gis_osm_roads_free,<NA>,1489338163,motorway,roads:gis_osm_roads_free:1489338163:motorway,OGC:CRS84,450126,OpenStreetMap,real,kept,<NA>,上横高速,motorway,S84,F,120,F,F,0,108.9738929,23.3040541,,derived_from_source_layer_osm_id_fclass,smartbidata_task06_20260810,team_shared,team_shared_source,广西壮族自治区,南宁市,宾阳县,3741.9737134079123,23.511826222445855,0.006283268676688011,1,True,False,False,False,疑似受影响，需现场核查,Task_20洪涝范围相交筛查；道路通行状态需现场核查,nanning_flood_20260706_0707,2026-07-07,dispatch_v3,074f2c6841becf074f14d90e06a2e9672972f1ec,"LINESTRING (108.989134 23.29686, 108.986178 23.297646, 108.983814 23.298424, 108.982708 23.298862, 108.981087 23.299567, 108.979473 23.300351, 108.97677 23.301954, 108.975749 23.302699, 108.973893 23.304054, 108.972086 23.3054, 108.971109 23.306064, 108.970173 23.306684, 108.969124 23.307306, 108.968 23.307927, 108.966984 23.308419, 108.966042 23.308853, 108.965063 23.309247, 108.963987 23.309617, 108.962805 23.310015, 108.961667 23.310336, 108.960562 23.310607, 108.958961 23.310937, 108.956593 23.311385)"
gis_osm_roads_free,<NA>,527288878,tertiary,roads:gis_osm_roads_free:527288878:tertiary,OGC:CRS84,450126,OpenStreetMap,real,kept,<NA>,,tertiary,,B,0,F,F,0,108.9843653,23.2750638,,derived_from_source_layer_osm_id_fclass,smartbidata_task06_20260810,team_shared,team_shared_source,广西壮族自治区,南宁市,宾阳县,3363.34368895179,250.6885040102168,0.07453550014341402,2,True,True,False,False,疑似受影响，需现场核查,Task_20洪涝范围相交筛查；道路通行状态需现场核查,nanning_flood_20260706_0707,2026-07-07,dispatch_v3,074f2c6841becf074f14d90e06a2e9672972f1ec,"LINESTRING (108.972898 23.275156, 108.972977 23.276353, 108.973078 23.276564, 108.973235 23.276636, 108.973479 23.276623, 108.974768 23.276215, 108.975047 23.276228, 108.975298 23.27636, 108.97663 23.2774, 108.976852 23.277465, 108.977074 23.277446, 108.977525 23.277314, 108.978906 23.276858, 108.984365 23.275064, 108.98818 23.273847, 108.989025 23.273623, 108.989211 23.273518, 108.98934 23.273215, 108.989712 23.269846, 108.990243 23.267899, 108.990644 23.265293, 108.990816 23.264477, 108.990959 23.264214, 108.991661 23.263688, 108.991976 23.263688, 108.994397 23.263898)"
gis_osm_roads_free,<NA>,998153851,motorway,roads:gis_osm_roads_free:998153851:motorway,OGC:CRS84,450126,OpenStreetMap,real,kept,<NA>,上横高速,motorway,S84,F,120,F,F,0,109.0189379,23.2869719,,derived_from_source_layer_osm_id_fclass,smartbidata_task06_20260810,team_shared,team_shared_source,广西壮族自治区,南宁市,宾阳县,5480.263005107227,140.46867553121712,0.025631739827141505,1,True,True,False,False,疑似受影响，需现场核查,Task_20洪涝范围相交筛查；道路通行状态需现场核查,nanning_flood_20260706_0707,2026-07-07,dispatch_v3,074f2c6841becf074f14d90e06a2e9672972f1ec,"LINESTRING (108.993838 23.295464, 108.998562 23.294194, 109.001196 23.293459, 109.003556 23.292838, 109.00477 23.292481, 109.005811 23.29216, 109.006873 23.291794, 109.008198 23.291298, 109.009872 23.29064, 109.012914 23.289394, 109.016406 23.28796, 109.017844 23.287386, 109.018938 23.286972, 109.020145 23.28657, 109.02139 23.286257, 109.022178 23.286098, 109.02332 23.285876, 109.026008 23.285368, 109.029978 23.284619, 109.031694 23.284306, 109.03317 23.283944, 109.033958 23.283735, 109.034806 23.283461, 109.036318 23.28289, 109.037896 23.282195, 109.044269 23.279322)"
gis_osm_roads_free,<NA>,998153850,motorway,roads:gis_osm_roads_free:998153850:motorway,OGC:CRS84,450126,OpenStreetMap,real,kept,<NA>,上横高速,motorway,S84,F,120,F,F,0,109.0192544,23.2869965,,derived_from_source_layer_osm_id_fclass,smartbidata_task06_20260810,team_shared,team_shared_source,广西壮族自治区,南宁市,宾阳县,5467.152983887889,40.78066647760728,0.007459214438994294,1,True,False,False,False,疑似受影响，需现场核查,Task_20洪涝范围相交筛查；道路通行状态需现场核查,nanning_flood_20260706_0707,2026-07-07,dispatch_v3,074f2c6841becf074f14d90e06a2e9672972f1ec,"LINESTRING (109.044269 23.279458, 109.038003 23.282301, 109.036362 23.283016, 109.034887 23.283567, 109.034017 23.283838, 109.033229 23.284065, 109.032059 23.284346, 109.030043 23.28473, 109.026014 23.285499, 109.023734 23.285923, 109.022473 23.286164, 109.021105 23.286464, 109.020183 23.286711, 109.019254 23.286996, 109.018321 23.287332, 109.016444 23.288076, 109.012952 23.289515, 109.00999 23.290707, 109.008794 23.291204, 109.007496 23.291708, 109.006417 23.292086, 109.005409 23.292412, 109.003676 23.292929, 109.001284 23.293585, 108.998596 23.294319, 108.994698 23.295334, 108.993947 23.29553)"
gis_osm_roads_free,<NA>,527288880,tertiary,roads:gis_osm_roads_free:527288880:tertiary,OGC:CRS84,450126,OpenStreetMap,real,kept,<NA>,,tertiary,,B,0,F,F,0,109.025816,23.2664119,,derived_from_source_layer_osm_id_fclass,smartbidata_task06_20260810,team_shared,team_shared_source,广西壮族自治区,南宁市,宾阳县,6776.171082559582,129.04049280412548,0.01904327550646532,2,True,True,False,False,疑似受影响，需现场核查,Task_20洪涝范围相交筛查；道路通行状态需现场核查,nanning_flood_20260706_0707,2026-07-07,dispatch_v3,074f2c6841becf074f14d90e06a2e9672972f1ec,"LINESTRING (108.99474 23.263911, 108.999983 23.264372, 109.002543 23.264485, 109.005582 23.264718, 109.006221 23.264755, 109.006636 23.264727, 109.007001 23.264615, 109.007538 23.264448, 109.00772 23.264429, 109.007923 23.264569, 109.008622 23.26509, 109.008814 23.265109, 109.009402 23.265044, 109.010436 23.265202, 109.014458 23.265518, 109.015998 23.26563, 109.018227 23.265881, 109.020679 23.266095, 109.022706 23.266263, 109.025816 23.266412, 109.026373 23.266496, 109.032057 23.267817, 109.032445 23.26796, 109.032784 23.268201, 109.033198 23.26857, 109.03373 23.269155, 109.035441 23.271112, 109.036653 23.272256, 109.037136 23.27264, 109.03918 23.274128, 109.039818 23.274612, 109.040001 23.274696, 109.04019 23.274725, 109.040437 23.274749, 109.040544 23.274768, 109.040984 23.275068, 109.04142 23.275302, 109.041852 23.275572, 109.042054 23.275774, 109.042388 23.27625, 109.043234 23.276987, 109.043505 23.277206, 109.043912 23.27757, 109.04406 23.277762, 109.044144 23.277945, 109.044259 23.278186, 109.044503 23.278791, 109.04476 23.279501, 109.045049 23.28031, 109.045654 23.281416, 109.045766 23.281732, 109.046384 23.282579, 109.046546 23.282821, 109.046668 23.283137, 109.046698 23.284189, 109.046627 23.284459, 109.046151 23.285073, 109.04611 23.285483, 109.046151 23.285734, 109.04686 23.287056, 109.047257 23.28789)"
gis_osm_roads_free,<NA>,488119318,secondary,roads:gis_osm_roads_free:488119318:secondary,OGC:CRS84,450126,OpenStreetMap,real,kept,<NA>,,secondary,X497,B,0,F,F,0,109.0371394,23.2944762,,derived_from_source_layer_osm_id_fclass,smartbidata_task06_20260810,team_shared,team_shared_source,广西壮族自治区,南宁市,宾阳县,5616.154229491336,108.50777637618596,0.019320654658377085,1,True,True,False,False,疑似受影响，需现场核查,Task_20洪涝范围相交筛查；道路通行状态需现场核查,nanning_flood_20260706_0707,2026-07-07,dispatch_v3,074f2c6841becf074f14d90e06a2e9672972f1ec,"LINESTRING (109.018831 23.309826, 109.018689 23.307778, 109.019009 23.304398, 109.019066 23.304115, 109.019196 23.303858, 109.019461 23.303608, 109.023237 23.301133, 109.023495 23.301028, 109.027752 23.300495, 109.028189 23.300344, 109.028791 23.300093, 109.029101 23.300002, 109.029536 23.300028, 109.030597 23.300133, 109.031055 23.300074, 109.031435 23.299962, 109.031973 23.299639, 109.032711 23.299277, 109.03289 23.299126, 109.032976 23.298896, 109.03304 23.298422, 109.033313 23.297724, 109.033743 23.29723, 109.034168 23.296693, 109.034412 23.296518, 109.035873 23.295471, 109.037139 23.294476, 109.040058 23.292466, 109.042686 23.290692, 109.044414 23.289549, 109.04583 23.28882, 109.047139 23.287982, 109.047257 23.28789, 109.048072 23.287312, 109.050379 23.286257, 109.052718 23.285262, 109.055207 23.284148, 109.056215 23.283498, 109.058064 23.282531, 109.059616 23.281738)"
gis_osm_roads_free,<NA>,521896855,tertiary,roads:gis_osm_roads_free:521896855:tertiary,OGC:CRS84,450126,OpenStreetMap,real,kept,<NA>,,tertiary,,B,0,F,F,0,109.1247779,23.2628275,,derived_from_source_layer_osm_id_fclass,smartbidata_task06_20260810,team_shared,team_shared_source,广西壮族自治区,南宁市,宾阳县,2421.2947014928322,577.0142683763463,0.2383081530804954,4,True,True,False,False,疑似受影响，需现场核查,Task_20洪涝范围相交筛查；道路通行状态需现场核查,nanning_flood_20260706_0707,2026-07-07,dispatch_v3,074f2c6841becf074f14d90e06a2e9672972f1ec,"LINESTRING (109.126823 23.27352, 109.126963 23.273272, 109.127152 23.272817, 109.127124 23.27237, 109.126956 23.271817, 109.126827 23.271159, 109.126571 23.270567, 109.126239 23.269797, 109.126003 23.269047, 109.125774 23.268422, 109.125716 23.268204, 109.125731 23.267448, 109.125752 23.267112, 109.125724 23.266862, 109.125716 23.265822, 109.125559 23.265361, 109.125451 23.264822, 109.1252 23.264025, 109.124778 23.262828, 109.124398 23.26215, 109.123983 23.261393, 109.123574 23.260781, 109.122915 23.259872, 109.122099 23.258569, 109.121884 23.258207, 109.121733 23.257687, 109.121719 23.257029, 109.121805 23.255825, 109.12192 23.255213, 109.122113 23.25437, 109.122478 23.253278, 109.122514 23.253113, 109.122538 23.252894)"
gis_osm_roads_free,<NA>,445075451,tertiary,roads:gis_osm_roads_free:445075451:tertiary,OGC:CRS84,450126,OpenStreetMap,real,kept,<NA>,,tertiary,,B,0,F,F,0,109.1486009,23.271622,,derived_from_source_layer_osm_id_fclass,smartbidata_task06_20260810,team_shared,team_shared_source,广西壮族自治区,南宁市,宾阳县,2693.1394948706343,61.76303673691581,0.02293347108627309,1,True,False,False,False,疑似受影响，需现场核查,Task_20洪涝范围相交筛查；道路通行状态需现场核查,nanning_flood_20260706_0707,2026-07-07,dispatch_v3,074f2c6841becf074f14d90e06a2e9672972f1ec,"LINESTRING (109.154651 23.266647, 109.152865 23.267167, 109.152226 23.267261, 109.151811 23.267234, 109.151092 23.267145, 109.150223 23.266978, 109.149107 23.266958, 109.148206 23.267126, 109.147917 23.267308, 109.14785 23.267366, 109.147777 23.267578, 109.147637 23.267727, 109.147594 23.268042, 109.147498 23.268486, 109.147669 23.268712, 109.147854 23.26982, 109.148153 23.270815, 109.148601 23.271622, 109.149105 23.27224, 109.149516 23.272858, 109.150002 23.273527, 109.149124 23.273733, 109.148395 23.273956, 109.146507 23.274151, 109.142387 23.279276, 109.141404 23.280221)"
gis_osm_roads_free,<NA>,521896848,tertiary,roads:gis_osm_roads_free:521896848:tertiary,OGC:CRS84,450126,OpenStreetMap,real,kept,<NA>,,tertiary,,B,0,T,F,1,109.1266634,23.2737528,,derived_from_source_layer_osm_id_fclass,smartbidata_task06_20260810,team_shared,team_shared_source,广西壮族自治区,南宁市,宾阳县,30.553914842652706,14.902599591173937,0.4877476312911032,1,True,True,True,True,疑似受影响，需现场核查,Task_20洪涝范围相交筛查；道路通行状态需现场核查,nanning_flood_20260706_0707,2026-07-07,dispatch_v3,074f2c6841becf074f14d90e06a2e9672972f1ec,"LINESTRING (109.126663 23.273753, 109.126823 23.27352)"
gis_osm_roads_free,<NA>,721028955,tertiary,roads:gis_osm_roads_free:721028955:tertiary,OGC:CRS84,450126,OpenStreetMap,real,kept,<NA>,,tertiary,,B,0,F,F,0,109.1255568,23.2801399,,derived_from_source_layer_osm_id_fclass,smartbidata_task06_20260810,team_shared,team_shared_source,广西壮族自治区,南宁市,宾阳县,1572.3198326723784,121.31241686492324,0.07715505099158848,1,True,True,False,False,疑似受影响，需现场核查,Task_20洪涝范围相交筛查；道路通行状态需现场核查,nanning_flood_20260706_0707,2026-07-07,dispatch_v3,074f2c6841becf074f14d90e06a2e9672972f1ec,"LINESTRING (109.130558 23.285178, 109.130256 23.285189, 109.129952 23.285124, 109.12741 23.283612, 109.126172 23.282896, 109.12558 23.280545, 109.125557 23.28014, 109.125488 23.276274, 109.125479 23.275767, 109.126663 23.273753)"
gis_osm_roads_free,<NA>,1028570355,track,roads:gis_osm_roads_free:1028570355:track,OGC:CRS84,450126,OpenStreetMap,real,kept,<NA>,,track,,B,0,F,F,0,109.1460542,23.2551289,,derived_from_source_layer_osm_id_fclass,smartbidata_task06_20260810,team_shared,team_shared_source,广西壮族自治区,南宁市,宾阳县,641.1622473235923,91.62690670597526,0.14290752003639337,1,True,False,False,False,疑似受影响，需现场核查,Task_20洪涝范围相交筛查；道路通行状态需现场核查,nanning_flood_20260706_0707,2026-07-07,dispatch_v3,074f2c6841becf074f14d90e06a2e9672972f1ec,"LINESTRING (109.144126 23.257266, 109.145064 23.256798, 109.145596 23.256202, 109.145704 23.255863, 109.145928 23.255614, 109.146054 23.255129, 109.146162 23.254747, 109.14632 23.254545, 109.14639 23.254395, 109.147992 23.254073, 109.148067 23.254035, 109.148389 23.253692)"
gis_osm_roads_free,<NA>,1028570360,residential,roads:gis_osm_roads_free:1028570360:residential,OGC:CRS84,450126,OpenStreetMap,real,kept,<NA>,,residential,,B,0,F,F,0,109.1304947,23.2534148,,derived_from_source_layer_osm_id_fclass,smartbidata_task06_20260810,team_shared,team_shared_source,广西壮族自治区,南宁市,宾阳县,1668.0386989597691,111.63243797310245,0.06692436934629829,2,True,True,False,False,疑似受影响，需现场核查,Task_20洪涝范围相交筛查；道路通行状态需现场核查,nanning_flood_20260706_0707,2026-07-07,dispatch_v3,074f2c6841becf074f14d90e06a2e9672972f1ec,"LINESTRING (109.136597 23.253141, 109.136853 23.252966, 109.136447 23.252742, 109.1363 23.252346, 109.135926 23.251928, 109.135406 23.251525, 109.134723 23.251555, 109.134284 23.251883, 109.13395 23.252279, 109.133471 23.252705, 109.133015 23.253168, 109.131958 23.253176, 109.131096 23.25322, 109.130495 23.253415, 109.12925 23.253395, 109.128798 23.253331, 109.128354 23.253148, 109.128018 23.253158, 109.127769 23.253161, 109.127112 23.252996, 109.126683 23.253023, 109.126043 23.253121, 109.12555 23.253124, 109.125151 23.253166, 109.12502 23.253153, 109.124493 23.25306, 109.124172 23.253039, 109.123526 23.25315, 109.122891 23.253204, 109.122514 23.253113)"
gis_osm_roads_free,<NA>,1028570362,unclassified,roads:gis_osm_roads_free:1028570362:unclassified,OGC:CRS84,450126,OpenStreetMap,real,kept,<NA>,,unclassified,,B,0,F,F,0,109.1397409,23.2502812,,derived_from_source_layer_osm_id_fclass,smartbidata_task06_20260810,team_shared,team_shared_source,广西壮族自治区,南宁市,宾阳县,940.5991296909018,92.41972403816679,0.09825622958904673,1,True,False,False,False,疑似受影响，需现场核查,Task_20洪涝范围相交筛查；道路通行状态需现场核查,nanning_flood_20260706_0707,2026-07-07,dispatch_v3,074f2c6841becf074f14d90e06a2e9672972f1ec,"LINESTRING (109.136853 23.252966, 109.137189 23.252753, 109.137433 23.252554, 109.138346 23.252317, 109.138927 23.251995, 109.139298 23.251784, 109.139493 23.251611, 109.139557 23.251292, 109.139614 23.250704, 109.139617 23.250421, 109.139741 23.250281, 109.140144 23.249937, 109.140417 23.249784, 109.140579 23.24955, 109.14061 23.24925, 109.140687 23.249001, 109.141013 23.248327, 109.1413 23.247917, 109.141568 23.24747, 109.141978 23.246963, 109.142175 23.246762)"
gis_osm_roads_free,<NA>,1443615465,residential,roads:gis_osm_roads_free:1443615465:residential,OGC:CRS84,450126,OpenStreetMap,real,kept,<NA>,,residential,,B,0,F,F,0,109.1309257,23.2541245,,derived_from_source_layer_osm_id_fclass,smartbidata_task06_20260810,team_shared,team_shared_source,广西壮族自治区,南宁市,宾阳县,175.83117860513087,16.970223749387664,0.09651430357239534,1,True,False,False,False,疑似受影响，需现场核查,Task_20洪涝范围相交筛查；道路通行状态需现场核查,nanning_flood_20260706_0707,2026-07-07,dispatch_v3,074f2c6841becf074f14d90e06a2e9672972f1ec,"LINESTRING (109.130495 23.253415, 109.130926 23.254124, 109.131105 23.254468, 109.131412 23.254738)"
gis_osm_roads_free,<NA>,1443615485,residential,roads:gis_osm_roads_free:1443615485:residential,OGC:CRS84,450126,OpenStreetMap,real,kept,<NA>,,residential,,B,0,F,F,0,109.1305886,23.2720995,,derived_from_source_layer_osm_id_fclass,smartbidata_task06_20260810,team_shared,team_shared_source,广西壮族自治区,南宁市,宾阳县,193.80981070132455,65.25613581636557,0.33670192226197554,1,True,True,False,False,疑似受影响，需现场核查,Task_20洪涝范围相交筛查；道路通行状态需现场核查,nanning_flood_20260706_0707,2026-07-07,dispatch_v3,074f2c6841becf074f14d90e06a2e9672972f1ec,"LINESTRING (109.131216 23.272469, 109.131063 23.272328, 109.130879 23.272214, 109.130589 23.2721, 109.129969 23.271697, 109.129611 23.271568)"
gis_osm_roads_free,<NA>,1443615486,residential,roads:gis_osm_roads_free:1443615486:residential,OGC:CRS84,450126,OpenStreetMap,real,kept,<NA>,,residential,,B,0,F,T,-1,109.1296111,23.2715683,,derived_from_source_layer_osm_id_fclass,smartbidata_task06_20260810,team_shared,team_shared_source,广西壮族自治区,南宁市,宾阳县,65.22581658411015,12.724479327842653,0.19508348065576386,1,True,False,False,False,疑似受影响，需现场核查,Task_20洪涝范围相交筛查；道路通行状态需现场核查,nanning_flood_20260706_0707,2026-07-07,dispatch_v3,074f2c6841becf074f14d90e06a2e9672972f1ec,"LINESTRING (109.129611 23.271568, 109.129025 23.271335)"
gis_osm_roads_free,<NA>,488119299,unclassified,roads:gis_osm_roads_free:488119299:unclassified,OGC:CRS84,,OpenStreetMap,real,kept,<NA>,,unclassified,,B,0,F,F,0,108.9724901,23.4006492,,derived_from_source_layer_osm_id_fclass,smartbidata_task06_20260810,team_shared,team_shared_source,,,,5834.448739237669,193.4144842823252,0.03315042995948865,2,True,True,False,False,疑似受影响，需现场核查,Task_20洪涝范围相交筛查；道路通行状态需现场核查,nanning_flood_20260706_0707,2026-07-07,dispatch_v3,074f2c6841becf074f14d90e06a2e9672972f1ec,"LINESTRING (108.979957 23.419405, 108.976696 23.411322, 108.97249 23.400649, 108.967426 23.387907, 108.966756 23.386213, 108.962834 23.376307, 108.960195 23.370004)"
gis_osm_roads_free,<NA>,488119314,tertiary,roads:gis_osm_roads_free:488119314:tertiary,OGC:CRS84,,OpenStreetMap,real,kept,<NA>,,tertiary,,B,0,F,F,0,108.9858907,23.3537023,,derived_from_source_layer_osm_id_fclass,smartbidata_task06_20260810,team_shared,team_shared_source,,,,2377.0421433157444,127.7227913200587,0.05373181610566556,1,True,True,False,False,疑似受影响，需现场核查,Task_20洪涝范围相交筛查；道路通行状态需现场核查,nanning_flood_20260706_0707,2026-07-07,dispatch_v3,074f2c6841becf074f14d90e06a2e9672972f1ec,"LINESTRING (108.996964 23.356807, 108.995662 23.356834, 108.995326 23.356792, 108.995017 23.356663, 108.99476 23.35646, 108.993503 23.355229, 108.993363 23.355117, 108.993241 23.355066, 108.990598 23.354551, 108.988272 23.354037, 108.985891 23.353702, 108.981464 23.353145, 108.97599 23.352493, 108.97571 23.352485, 108.975458 23.35251, 108.975187 23.352596, 108.974823 23.352742, 108.974751 23.352774)"
gis_osm_roads_free,<NA>,488119305,tertiary,roads:gis_osm_roads_free:488119305:tertiary,OGC:CRS84,,OpenStreetMap,real,kept,<NA>,,tertiary,,B,0,F,F,0,108.9957811,23.381427,,derived_from_source_layer_osm_id_fclass,smartbidata_task06_20260810,team_shared,team_shared_source,,,,8049.954075235179,140.05352775204636,0.017398053012862028,2,True,True,False,False,疑似受影响，需现场核查,Task_20洪涝范围相交筛查；道路通行状态需现场核查,nanning_flood_20260706_0707,2026-07-07,dispatch_v3,074f2c6841becf074f14d90e06a2e9672972f1ec,"LINESTRING (108.999803 23.417696, 108.99888 23.411242, 108.997872 23.404153, 108.997593 23.398167, 108.997058 23.392929, 108.996875 23.390654, 108.996511 23.388773, 108.995524 23.384726, 108.995137 23.383406, 108.995191 23.382865, 108.995781 23.381427, 108.995448 23.379595, 108.996436 23.375971, 108.996543 23.373898, 108.996736 23.365625, 108.996964 23.356807, 108.997075 23.35316, 108.997168 23.350791, 108.997196 23.350628, 108.99728 23.350525, 108.99741 23.350422, 108.998774 23.349745, 108.998952 23.349676, 108.99912 23.349676, 109.000894 23.349745, 109.001062 23.349702, 109.001212 23.349599, 109.001315 23.349419, 109.001716 23.348733)"
gis_osm_roads_free,<NA>,488119317,tertiary,roads:gis_osm_roads_free:488119317:tertiary,OGC:CRS84,450126,OpenStreetMap,real,kept,<NA>,洋桥-廖平,tertiary,Y076,B,0,F,F,0,109.0034866,23.3339529,,derived_from_source_layer_osm_id_fclass,smartbidata_task06_20260810,team_shared,team_shared_source,广西壮族自治区,南宁市,宾阳县,4509.099724348659,308.38036982570327,0.06839067412070797,1,True,True,False,False,疑似受影响，需现场核查,Task_20洪涝范围相交筛查；道路通行状态需现场核查,nanning_flood_20260706_0707,2026-07-07,dispatch_v3,074f2c6841becf074f14d90e06a2e9672972f1ec,"LINESTRING (109.016583 23.317904, 109.016103 23.318501, 109.015782 23.318769, 109.015438 23.318919, 109.015021 23.31906, 109.0147 23.319309, 109.013966 23.32005, 109.011841 23.322791, 109.011541 23.323187, 109.011412 23.323523, 109.01121 23.324006, 109.010902 23.324568, 109.010521 23.325041, 109.010363 23.325203, 109.010119 23.325366, 109.009652 23.325553, 109.008654 23.325789, 109.007619 23.325789, 109.007155 23.325799, 109.006784 23.325853, 109.006476 23.326006, 109.004341 23.326922, 109.001155 23.328223, 109.000931 23.328383, 109.000781 23.328578, 109.000588 23.32901, 109.000582 23.329202, 109.000672 23.329484, 109.001675 23.332927, 109.001799 23.333139, 109.002035 23.333316, 109.002979 23.333651, 109.00329 23.333789, 109.003487 23.333953, 109.003587 23.334155, 109.003596 23.334366, 109.003568 23.334515, 109.003472 23.334833, 109.002056 23.338458, 109.001713 23.340941, 109.001713 23.348191, 109.001716 23.348733)"
gis_osm_roads_free,<NA>,1452832171,unclassified,roads:gis_osm_roads_free:1452832171:unclassified,OGC:CRS84,450126,OpenStreetMap,real,kept,<NA>,,unclassified,,B,0,F,F,0,109.0100491,23.3323937,,derived_from_source_layer_osm_id_fclass,smartbidata_task06_20260810,team_shared,team_shared_source,广西壮族自治区,南宁市,宾阳县,1892.9394289638474,384.42263470271894,0.20308237486137803,2,True,True,False,False,疑似受影响，需现场核查,Task_20洪涝范围相交筛查；道路通行状态需现场核查,nanning_flood_20260706_0707,2026-07-07,dispatch_v3,074f2c6841becf074f14d90e06a2e9672972f1ec,"LINESTRING (109.017688 23.333413, 109.017516 23.333586, 109.017398 23.333802, 109.017152 23.334049, 109.016883 23.334192, 109.016642 23.334221, 109.016465 23.3343, 109.016089 23.33464, 109.016068 23.334674, 109.016014 23.334704, 109.015644 23.334758, 109.014791 23.334704, 109.014636 23.334669, 109.014528 23.334615, 109.014373 23.334502, 109.014158 23.334285, 109.014056 23.334206, 109.01374 23.334078, 109.013139 23.333916, 109.012898 23.333822, 109.012683 23.333704, 109.012479 23.333551, 109.012098 23.333305, 109.012028 23.333236, 109.011991 23.333172, 109.01197 23.332965, 109.01198 23.332748, 109.011953 23.332601, 109.011803 23.332295, 109.011498 23.332049, 109.011278 23.331965, 109.011063 23.331882, 109.010881 23.331916, 109.010698 23.331975, 109.010628 23.332005, 109.010607 23.332019, 109.010586 23.332059, 109.010569 23.332113, 109.010553 23.332152, 109.010543 23.332167, 109.010468 23.332212, 109.010258 23.332315, 109.010049 23.332394, 109.009894 23.332305, 109.009738 23.332216, 109.009303 23.331965, 109.008912 23.331847, 109.008686 23.331921, 109.00851 23.332148, 109.00837 23.332482, 109.008306 23.332586, 109.007876 23.333093, 109.007764 23.333364, 109.007742 23.333566, 109.007673 23.333798, 109.007501 23.334029, 109.007345 23.33429, 109.007238 23.334374, 109.007136 23.334398, 109.006605 23.334364, 109.006482 23.334393, 109.006326 23.334497, 109.0058 23.334935, 109.005666 23.335004, 109.005334 23.334999, 109.003596 23.334366)"
gis_osm_roads_free,<NA>,1452832177,residential,roads:gis_osm_roads_free:1452832177:residential,OGC:CRS84,450126,OpenStreetMap,real,kept,<NA>,,residential,,B,0,F,F,0,109.0213198,23.3226225,,derived_from_source_layer_osm_id_fclass,smartbidata_task06_20260810,team_shared,team_shared_source,广西壮族自治区,南宁市,宾阳县,174.0128501840399,51.969450077718875,0.29865294443918833,1,True,True,False,False,疑似受影响，需现场核查,Task_20洪涝范围相交筛查；道路通行状态需现场核查,nanning_flood_20260706_0707,2026-07-07,dispatch_v3,074f2c6841becf074f14d90e06a2e9672972f1ec,"LINESTRING (109.021717 23.322598, 109.021588 23.322696, 109.02132 23.322622, 109.020118 23.322288)"
gis_osm_roads_free,<NA>,488119347,primary,roads:gis_osm_roads_free:488119347:primary,OGC:CRS84,,OpenStreetMap,real,kept,<NA>,,primary,S210,B,0,F,F,0,109.0654214,23.3597699,,derived_from_source_layer_osm_id_fclass,smartbidata_task06_20260810,team_shared,team_shared_source,,,,13308.101278329601,352.48948576137155,0.026486835228354613,3,True,True,False,False,疑似受影响，需现场核查,Task_20洪涝范围相交筛查；道路通行状态需现场核查,nanning_flood_20260706_0707,2026-07-07,dispatch_v3,074f2c6841becf074f14d90e06a2e9672972f1ec,"LINESTRING (109.11157 23.399286, 109.111273 23.399312, 109.110973 23.399256, 109.110633 23.399024, 109.110139 23.397626, 109.108759 23.396081, 109.103208 23.390536, 109.095242 23.38042, 109.092289 23.376671, 109.09138 23.375518, 109.090317 23.373814, 109.086428 23.369324, 109.0816 23.365519, 109.078596 23.364104, 109.066237 23.361149, 109.065726 23.360321, 109.065421 23.35977, 109.064653 23.357721, 109.064585 23.35581, 109.062482 23.35384, 109.062739 23.353112, 109.063426 23.350334, 109.06349 23.349664, 109.062301 23.347844, 109.06201 23.347398, 109.055178 23.342487, 109.049268 23.338237, 109.047976 23.337351, 109.046946 23.337055, 109.042332 23.334523, 109.037134 23.331338, 109.03669 23.331066, 109.034179 23.32943, 109.03258 23.327951, 109.031619 23.326907, 109.030831 23.325996, 109.030595 23.325754, 109.030203 23.325582, 109.029645 23.32538, 109.028975 23.325173, 109.0283 23.325089, 109.025967 23.32407, 109.02462 23.323351, 109.023796 23.322976, 109.021914 23.321943, 109.021594 23.321558)"
gis_osm_roads_free,<NA>,1452832150,unclassified,roads:gis_osm_roads_free:1452832150:unclassified,OGC:CRS84,450126,OpenStreetMap,real,kept,<NA>,,unclassified,,B,0,F,F,0,109.0274566,23.3562177,,derived_from_source_layer_osm_id_fclass,smartbidata_task06_20260810,team_shared,team_shared_source,广西壮族自治区,南宁市,宾阳县,1057.471323544201,177.17103233199194,0.16754216250346046,2,True,True,False,False,疑似受影响，需现场核查,Task_20洪涝范围相交筛查；道路通行状态需现场核查,nanning_flood_20260706_0707,2026-07-07,dispatch_v3,074f2c6841becf074f14d90e06a2e9672972f1ec,"LINESTRING (109.031448 23.357356, 109.031051 23.357193, 109.03075 23.357016, 109.03037 23.356858, 109.029972 23.356853, 109.029608 23.357011, 109.029243 23.35703, 109.029028 23.35706, 109.028599 23.357296, 109.028315 23.35739, 109.028127 23.357434, 109.027988 23.357336, 109.027934 23.357168, 109.027875 23.356764, 109.0278 23.356612, 109.027457 23.356218, 109.026352 23.354814, 109.026116 23.354489, 109.026089 23.354405, 109.026089 23.354213, 109.026132 23.353612, 109.026094 23.353499, 109.026024 23.353366, 109.026014 23.353228, 109.026094 23.353016, 109.0264 23.352519, 109.026647 23.352179, 109.026727 23.351992)"
gis_osm_roads_free,<NA>,1452832149,unclassified,roads:gis_osm_roads_free:1452832149:unclassified,OGC:CRS84,450126,OpenStreetMap,real,kept,<NA>,,unclassified,,B,0,F,F,0,109.0297579,23.3528044,,derived_from_source_layer_osm_id_fclass,smartbidata_task06_20260810,team_shared,team_shared_source,广西壮族自治区,南宁市,宾阳县,972.5004036280692,189.1225870800501,0.1944704458471152,2,True,True,False,False,疑似受影响，需现场核查,Task_20洪涝范围相交筛查；道路通行状态需现场核查,nanning_flood_20260706_0707,2026-07-07,dispatch_v3,074f2c6841becf074f14d90e06a2e9672972f1ec,"LINESTRING (109.03037 23.356858, 109.03038 23.35641, 109.030595 23.355957, 109.030648 23.35577, 109.030825 23.355459, 109.031002 23.355213, 109.031249 23.354932, 109.031255 23.354863, 109.031228 23.35477, 109.031158 23.354651, 109.031051 23.354533, 109.030858 23.35438, 109.030536 23.353991, 109.030455 23.353947, 109.030326 23.353913, 109.030257 23.353839, 109.030235 23.35375, 109.030241 23.353548, 109.030225 23.353425, 109.030112 23.353056, 109.030032 23.352903, 109.029758 23.352804, 109.02964 23.352726, 109.029495 23.352657, 109.029436 23.352598, 109.029146 23.352445, 109.028315 23.352282, 109.028063 23.352243, 109.027548 23.352268, 109.02728 23.352243, 109.027017 23.352159, 109.026727 23.351992, 109.0267 23.351952, 109.026019 23.351352)"
gis_osm_roads_free,<NA>,387830197,residential,roads:gis_osm_roads_free:387830197:residential,OGC:CRS84,450181,OpenStreetMap,real,kept,<NA>,,residential,,B,0,F,F,0,109.1384635,22.6114552,,derived_from_source_layer_osm_id_fclass,smartbidata_task06_20260810,team_shared,team_shared_source,广西壮族自治区,南宁市,横州市,822.6929296723306,139.018120407073,0.1689793547422881,1,True,True,False,False,疑似受影响，需现场核查,Task_20洪涝范围相交筛查；道路通行状态需现场核查,nanning_flood_20260706_0707,2026-07-07,dispatch_v3,074f2c6841becf074f14d90e06a2e9672972f1ec,"LINESTRING (109.13392 22.612533, 109.135187 22.612232, 109.136555 22.611908, 109.138464 22.611455, 109.139559 22.611171, 109.139999 22.611057, 109.140731 22.610893, 109.140871 22.611345, 109.140992 22.611757)"
gis_osm_roads_free,<NA>,940632955,trunk,roads:gis_osm_roads_free:940632955:trunk,OGC:CRS84,450181,OpenStreetMap,real,kept,<NA>,,trunk,G324,B,0,F,F,0,109.1872348,22.6995919,,derived_from_source_layer_osm_id_fclass,smartbidata_task06_20260810,team_shared,team_shared_source,广西壮族自治区,南宁市,横州市,13695.634751105443,464.3822413716644,0.03390731790172645,2,True,True,False,False,疑似受影响，需现场核查,Task_20洪涝范围相交筛查；道路通行状态需现场核查,nanning_flood_20260706_0707,2026-07-07,dispatch_v3,074f2c6841becf074f14d90e06a2e9672972f1ec,"LINESTRING (109.135374 22.731795, 109.136848 22.729049, 109.137171 22.728412, 109.138821 22.725159, 109.139216 22.724382, 109.141645 22.719586, 109.142023 22.718974, 109.142471 22.718434, 109.14291 22.718042, 109.143466 22.717651, 109.144229 22.717281, 109.14831 22.715552, 109.149135 22.715267, 109.149953 22.715146, 109.150576 22.715056, 109.151609 22.714906, 109.155992 22.714271, 109.156795 22.714093, 109.157327 22.71388, 109.157813 22.713631, 109.15836 22.713204, 109.159694 22.711936, 109.166298 22.705654, 109.167054 22.705071, 109.167856 22.704587, 109.168527 22.704196, 109.169468 22.703783, 109.170687 22.703342, 109.175886 22.701883, 109.18217 22.700206, 109.18418 22.69967, 109.184821 22.699585, 109.185816 22.69957, 109.187235 22.699592, 109.191808 22.699656, 109.192287 22.699549, 109.192865 22.69935, 109.193343 22.698973, 109.193652 22.698582, 109.194269 22.697607, 109.194716 22.697137, 109.195148 22.696888, 109.19578 22.696689, 109.196529 22.696475, 109.20037 22.69565, 109.201056 22.695401, 109.207149 22.692732, 109.207581 22.692604, 109.208102 22.692527, 109.212423 22.692318, 109.213489 22.692032, 109.214379 22.691733, 109.220234 22.68878, 109.221281 22.687204, 109.222271 22.685373, 109.223045 22.685236, 109.224266 22.685373, 109.225017 22.685415, 109.225556 22.685295, 109.227056 22.684264, 109.227887 22.684076, 109.228563 22.684097, 109.229288 22.68446, 109.229813 22.684922, 109.231262 22.68664, 109.234094 22.688659, 109.240125 22.692779, 109.243288 22.693937, 109.24431 22.694312)"
gis_osm_roads_free,<NA>,387830204,tertiary,roads:gis_osm_roads_free:387830204:tertiary,OGC:CRS84,450181,OpenStreetMap,real,kept,<NA>,,tertiary,,B,0,F,F,0,109.0865457,22.7141876,,derived_from_source_layer_osm_id_fclass,smartbidata_task06_20260810,team_shared,team_shared_source,广西壮族自治区,南宁市,横州市,13133.357906441106,93.85038527681239,0.007145955051661581,1,True,False,False,False,疑似受影响，需现场核查,Task_20洪涝范围相交筛查；道路通行状态需现场核查,nanning_flood_20260706_0707,2026-07-07,dispatch_v3,074f2c6841becf074f14d90e06a2e9672972f1ec,"LINESTRING (109.083714 22.662412, 109.083692 22.662516, 109.083692 22.662769, 109.084057 22.663432, 109.085066 22.66367, 109.085334 22.663898, 109.086031 22.665026, 109.086975 22.664789, 109.087308 22.664729, 109.087416 22.664808, 109.088026 22.666279, 109.088038 22.66661, 109.086975 22.667765, 109.086717 22.66822, 109.086717 22.670457, 109.086438 22.670972, 109.086438 22.671546, 109.087029 22.673303, 109.087566 22.673916, 109.088231 22.675203, 109.087952 22.677619, 109.087661 22.67808, 109.087769 22.678971, 109.087609 22.680252, 109.086107 22.68142, 109.085623 22.682396, 109.085184 22.682865, 109.083081 22.684231, 109.083005 22.684653, 109.082812 22.68493, 109.082772 22.68575, 109.08329 22.686541, 109.084076 22.688467, 109.084076 22.688794, 109.083975 22.689395, 109.083966 22.689746, 109.084034 22.689956, 109.084448 22.690541, 109.084541 22.69076, 109.084668 22.691555, 109.084617 22.691781, 109.084423 22.692179, 109.08433 22.692343, 109.084228 22.692787, 109.084009 22.693583, 109.084042 22.693973, 109.084026 22.694503, 109.083941 22.694784, 109.083764 22.694994, 109.083755 22.695158, 109.083882 22.695868, 109.083941 22.696733, 109.084524 22.697412, 109.084457 22.697833, 109.084558 22.698106, 109.084474 22.698854, 109.084423 22.699556, 109.084313 22.699954, 109.083873 22.700679, 109.083485 22.701412, 109.083383 22.701693, 109.083383 22.701942, 109.083434 22.702161, 109.083544 22.702309, 109.085268 22.703393, 109.085446 22.703533, 109.085556 22.703681, 109.085615 22.703876, 109.085752 22.704429, 109.085977 22.705152, 109.086342 22.705627, 109.086707 22.705864, 109.086857 22.706329, 109.087329 22.707042, 109.087565 22.707675, 109.087651 22.70822, 109.087415 22.708883, 109.087275 22.709536, 109.087404 22.71009, 109.087232 22.710496, 109.087061 22.711189, 109.087393 22.711773, 109.087318 22.712218, 109.087039 22.712466, 109.087018 22.712901, 109.086814 22.713228, 109.086857 22.713515, 109.086546 22.714188, 109.086846 22.714712, 109.086803 22.715138, 109.086299 22.718324, 109.086621 22.719067, 109.086556 22.719413, 109.08675 22.719938, 109.086792 22.721204, 109.087007 22.72205, 109.087114 22.724722, 109.086471 22.726345, 109.086771 22.727572, 109.087286 22.728918, 109.086642 22.730462, 109.087331 22.739773, 109.086643 22.742348, 109.086601 22.742504, 109.085571 22.743968, 109.085014 22.744562, 109.083898 22.746462, 109.083941 22.747649, 109.08334 22.750221, 109.081366 22.753387, 109.081537 22.75683, 109.079821 22.7615, 109.079263 22.762846, 109.078104 22.764072, 109.077203 22.766605, 109.077705 22.767679, 109.079306 22.768403)"
gis_osm_roads_free,<NA>,858650257,unclassified,roads:gis_osm_roads_free:858650257:unclassified,OGC:CRS84,450181,OpenStreetMap,real,kept,<NA>,,unclassified,,B,0,F,F,0,109.1197568,22.6993912,,derived_from_source_layer_osm_id_fclass,smartbidata_task06_20260810,team_shared,team_shared_source,广西壮族自治区,南宁市,横州市,983.0756892002574,37.412534523687185,0.038056616529824554,1,True,False,False,False,疑似受影响，需现场核查,Task_20洪涝范围相交筛查；道路通行状态需现场核查,nanning_flood_20260706_0707,2026-07-07,dispatch_v3,074f2c6841becf074f14d90e06a2e9672972f1ec,"LINESTRING (109.115685 22.697803, 109.117997 22.69807, 109.118142 22.698109, 109.118217 22.698194, 109.118689 22.698976, 109.118856 22.699193, 109.118979 22.699253, 109.119204 22.699317, 109.119757 22.699391, 109.120046 22.699401, 109.120551 22.699342, 109.121243 22.69905, 109.121573 22.698884, 109.121656 22.698872, 109.121747 22.698889, 109.121846 22.698973, 109.122013 22.699213, 109.122077 22.699253, 109.12231 22.699344, 109.122605 22.699389, 109.122745 22.699381, 109.123002 22.699342, 109.123088 22.699374, 109.123222 22.699404, 109.12338 22.699406, 109.123576 22.699426, 109.123869 22.699567, 109.124125 22.699686)"
gis_osm_roads_free,<NA>,387715866,secondary,roads:gis_osm_roads_free:387715866:secondary,OGC:CRS84,450181,OpenStreetMap,real,kept,<NA>,,secondary,X480,B,0,F,F,0,108.9041024,22.6964908,,derived_from_source_layer_osm_id_fclass,smartbidata_task06_20260810,team_shared,team_shared_source,广西壮族自治区,南宁市,横州市,5240.232143291887,80.444787218676,0.015351378530368122,1,True,False,False,False,疑似受影响，需现场核查,Task_20洪涝范围相交筛查；道路通行状态需现场核查,nanning_flood_20260706_0707,2026-07-07,dispatch_v3,074f2c6841becf074f14d90e06a2e9672972f1ec,"LINESTRING (108.904758 22.675692, 108.904912 22.675911, 108.905244 22.676383, 108.905683 22.676966, 108.905753 22.677144, 108.90573 22.677443, 108.905525 22.679023, 108.905483 22.67935, 108.90546 22.680261, 108.905436 22.681122, 108.905352 22.681641, 108.905383 22.681947, 108.90549 22.682218, 108.90701 22.683676, 108.907095 22.683797, 108.907025 22.684032, 108.906879 22.684614, 108.906786 22.684986, 108.906902 22.685718, 108.90701 22.686202, 108.906794 22.687967, 108.906817 22.688166, 108.906933 22.68833, 108.907557 22.688913, 108.907681 22.689191, 108.907665 22.690123, 108.907727 22.690294, 108.90809 22.690884, 108.908136 22.691048, 108.907997 22.691553, 108.907789 22.692072, 108.907735 22.692492, 108.907565 22.692905, 108.907496 22.693438, 108.907519 22.693744, 108.907588 22.694207, 108.907496 22.694961, 108.907372 22.69521, 108.90718 22.695352, 108.906902 22.69548, 108.906632 22.69563, 108.906262 22.695687, 108.90549 22.695673, 108.904989 22.695601, 108.904766 22.695694, 108.904102 22.696491, 108.904064 22.696612, 108.904102 22.696718, 108.904326 22.697074, 108.904349 22.697231, 108.904349 22.697473, 108.904442 22.697636, 108.904812 22.698028, 108.904866 22.698191, 108.904827 22.698312, 108.904506 22.69856, 108.90419 22.698842, 108.90413 22.698953, 108.904141 22.699099, 108.904272 22.699375, 108.904294 22.699506, 108.904206 22.699667, 108.903841 22.699898, 108.903536 22.700024, 108.903339 22.70009, 108.903088 22.70013, 108.902728 22.700135, 108.902499 22.700185, 108.902161 22.700336, 108.901872 22.700422, 108.901267 22.700603, 108.901147 22.700698, 108.901071 22.700859, 108.901043 22.701347, 108.900962 22.701443, 108.900798 22.701544, 108.900564 22.70169, 108.900411 22.701805, 108.900165 22.702022, 108.899926 22.702137, 108.899456 22.702308, 108.899069 22.702404, 108.898949 22.702499, 108.898857 22.702625, 108.898758 22.702937, 108.898677 22.703058, 108.898497 22.703209, 108.89842 22.70335, 108.898137 22.703968, 108.898006 22.704089, 108.897859 22.704119, 108.897657 22.704089, 108.897373 22.704004, 108.897161 22.704034, 108.896555 22.704205, 108.896136 22.70425, 108.89559 22.704371, 108.895083 22.704486, 108.89481 22.704486, 108.89451 22.704567, 108.89439 22.704753, 108.894205 22.705322, 108.894178 22.705618, 108.894189 22.705754, 108.894276 22.7059, 108.89433 22.706046, 108.894314 22.706237, 108.894134 22.706705, 108.894145 22.706851, 108.89433 22.70745, 108.894341 22.707585, 108.894254 22.707726, 108.893949 22.708149, 108.893611 22.708496, 108.893523 22.708667, 108.89342 22.708939, 108.893305 22.709049, 108.893087 22.709356, 108.893044 22.709552, 108.893087 22.709955, 108.893038 22.710171, 108.892913 22.710382, 108.892744 22.710493, 108.892433 22.71076, 108.892127 22.711092, 108.892013 22.711192, 108.891756 22.711278)"
gis_osm_roads_free,<NA>,387715873,residential,roads:gis_osm_roads_free:387715873:residential,OGC:CRS84,450181,OpenStreetMap,real,kept,<NA>,,residential,,B,0,F,F,0,108.9048119,22.6851136,,derived_from_source_layer_osm_id_fclass,smartbidata_task06_20260810,team_shared,team_shared_source,广西壮族自治区,南宁市,横州市,858.1269994772806,58.34186231406468,0.06798744515625663,1,True,False,False,False,疑似受影响，需现场核查,Task_20洪涝范围相交筛查；道路通行状态需现场核查,nanning_flood_20260706_0707,2026-07-07,dispatch_v3,074f2c6841becf074f14d90e06a2e9672972f1ec,"LINESTRING (108.906817 22.688166, 108.90647 22.687647, 108.905498 22.685811, 108.905244 22.685484, 108.904812 22.685114, 108.903825 22.684274, 108.903788 22.684202, 108.903755 22.684139, 108.903755 22.683918, 108.903948 22.68357, 108.904126 22.683242, 108.904295 22.683064, 108.905074 22.682424, 108.905336 22.682125, 108.905383 22.681947)"
gis_osm_roads_free,<NA>,1212943792,primary,roads:gis_osm_roads_free:1212943792:primary,OGC:CRS84,450181,OpenStreetMap,real,kept,<NA>,大竹大道,primary,,F,0,F,F,0,109.2818036,22.6915079,,derived_from_source_layer_osm_id_fclass,smartbidata_task06_20260810,team_shared,team_shared_source,广西壮族自治区,南宁市,横州市,2603.7208602701726,673.2768064697707,0.25858256034401045,2,True,True,False,False,疑似受影响，需现场核查,Task_20洪涝范围相交筛查；道路通行状态需现场核查,nanning_flood_20260706_0707,2026-07-07,dispatch_v3,074f2c6841becf074f14d90e06a2e9672972f1ec,"LINESTRING (109.283366 22.695707, 109.283046 22.69495, 109.282896 22.69452, 109.282462 22.692946, 109.28103 22.687823, 109.280685 22.686511, 109.280211 22.684427, 109.280055 22.684486, 109.280818 22.68786, 109.281804 22.691508, 109.282242 22.693033, 109.282718 22.694593, 109.282886 22.695118, 109.283217 22.695782)"
gis_osm_roads_free,<NA>,1188530496,secondary,roads:gis_osm_roads_free:1188530496:secondary,OGC:CRS84,450181,OpenStreetMap,real,kept,<NA>,横州大道,secondary,X597,B,0,F,F,0,109.2605889,22.7224511,,derived_from_source_layer_osm_id_fclass,smartbidata_task06_20260810,team_shared,team_shared_source,广西壮族自治区,南宁市,横州市,1611.6291480153873,349.12958266849796,0.21663146456393365,1,True,True,False,False,疑似受影响，需现场核查,Task_20洪涝范围相交筛查；道路通行状态需现场核查,nanning_flood_20260706_0707,2026-07-07,dispatch_v3,074f2c6841becf074f14d90e06a2e9672972f1ec,"LINESTRING (109.262123 22.717712, 109.261834 22.719462, 109.260589 22.722451, 109.259366 22.72827, 109.258958 22.729913, 109.258349 22.730996, 109.257892 22.731601)"
gis_osm_roads_free,<NA>,1188530497,secondary,roads:gis_osm_roads_free:1188530497:secondary,OGC:CRS84,450181,OpenStreetMap,real,kept,<NA>,横州大道,secondary,X597,B,0,T,F,1,109.2578919,22.731601,,derived_from_source_layer_osm_id_fclass,smartbidata_task06_20260810,team_shared,team_shared_source,广西壮族自治区,南宁市,横州市,83.027564122031,36.29589442973661,0.4371547547316959,1,True,True,True,True,疑似受影响，需现场核查,Task_20洪涝范围相交筛查；道路通行状态需现场核查,nanning_flood_20260706_0707,2026-07-07,dispatch_v3,074f2c6841becf074f14d90e06a2e9672972f1ec,"LINESTRING (109.257892 22.731601, 109.257429 22.732216)"
gis_osm_roads_free,<NA>,1543997681,unclassified,roads:gis_osm_roads_free:1543997681:unclassified,OGC:CRS84,450181,OpenStreetMap,real,kept,<NA>,,unclassified,,B,0,F,F,0,109.2766094,22.7383365,,derived_from_source_layer_osm_id_fclass,smartbidata_task06_20260810,team_shared,team_shared_source,广西壮族自治区,南宁市,横州市,2816.1889752231355,1870.9178042563467,0.6643438422338501,1,True,True,False,False,疑似受影响，需现场核查,Task_20洪涝范围相交筛查；道路通行状态需现场核查,nanning_flood_20260706_0707,2026-07-07,dispatch_v3,074f2c6841becf074f14d90e06a2e9672972f1ec,"LINESTRING (109.278415 22.75366, 109.278334 22.753348, 109.278109 22.753012, 109.277873 22.75277, 109.277546 22.752146, 109.276864 22.751295, 109.276704 22.750982, 109.27666 22.750819, 109.276634 22.750537, 109.276634 22.749662, 109.276548 22.749231, 109.276521 22.748682, 109.276516 22.7484, 109.276543 22.748143, 109.2765 22.748069, 109.276462 22.747984, 109.276419 22.747351, 109.276521 22.747168, 109.276553 22.747064, 109.276609 22.738336, 109.276628 22.735364, 109.276655 22.732836, 109.276634 22.732776, 109.276934 22.731707, 109.277202 22.731054, 109.27749 22.730738, 109.277937 22.730436, 109.278442 22.730184, 109.278544 22.730193, 109.278758 22.730258, 109.279187 22.730456)"
gis_osm_roads_free,<NA>,1543997682,residential,roads:gis_osm_roads_free:1543997682:residential,OGC:CRS84,450181,OpenStreetMap,real,kept,<NA>,,residential,,B,0,F,F,0,109.2765158,22.7484,,derived_from_source_layer_osm_id_fclass,smartbidata_task06_20260810,team_shared,team_shared_source,广西壮族自治区,南宁市,横州市,494.6190507969257,81.88214494316264,0.16554587780481742,1,True,False,False,False,疑似受影响，需现场核查,Task_20洪涝范围相交筛查；道路通行状态需现场核查,nanning_flood_20260706_0707,2026-07-07,dispatch_v3,074f2c6841becf074f14d90e06a2e9672972f1ec,"LINESTRING (109.273984 22.749335, 109.274177 22.749295, 109.274445 22.749167, 109.274837 22.74887, 109.274955 22.748806, 109.275078 22.748702, 109.275116 22.748638, 109.275309 22.748499, 109.275674 22.748469, 109.276516 22.7484, 109.276591 22.748385, 109.276891 22.748385, 109.277291 22.748356, 109.278479 22.748237)"
gis_osm_roads_free,<NA>,1543997683,residential,roads:gis_osm_roads_free:1543997683:residential,OGC:CRS84,450181,OpenStreetMap,real,kept,<NA>,,residential,,B,0,F,F,0,109.2772787,22.7480013,,derived_from_source_layer_osm_id_fclass,smartbidata_task06_20260810,team_shared,team_shared_source,广西壮族自治区,南宁市,横州市,173.82162962223262,30.03896845578217,0.17281490526274554,1,True,False,False,False,疑似受影响，需现场核查,Task_20洪涝范围相交筛查；道路通行状态需现场核查,nanning_flood_20260706_0707,2026-07-07,dispatch_v3,074f2c6841becf074f14d90e06a2e9672972f1ec,"LINESTRING (109.277256 22.747341, 109.277279 22.748001, 109.277291 22.748356, 109.2773 22.748637, 109.27731 22.74891)"
gis_osm_roads_free,<NA>,223286365,trunk,roads:gis_osm_roads_free:223286365:trunk,OGC:CRS84,450181,OpenStreetMap,real,kept,<NA>,,trunk,G324,B,0,F,F,0,109.0943287,22.7661815,,derived_from_source_layer_osm_id_fclass,smartbidata_task06_20260810,team_shared,team_shared_source,广西壮族自治区,南宁市,横州市,13056.809051912263,11.997260414218394,0.0009188508743996151,1,True,False,False,False,疑似受影响，需现场核查,Task_20洪涝范围相交筛查；道路通行状态需现场核查,nanning_flood_20260706_0707,2026-07-07,dispatch_v3,074f2c6841becf074f14d90e06a2e9672972f1ec,"LINESTRING (109.035375 22.778379, 109.038701 22.77799, 109.040094 22.777902, 109.041205 22.777902, 109.042664 22.777994, 109.048413 22.778848, 109.05001 22.779012, 109.050543 22.778983, 109.051152 22.77882, 109.051329 22.778748, 109.051731 22.778585, 109.052989 22.777788, 109.054637 22.776728, 109.05547 22.776229, 109.05703 22.775532, 109.061128 22.773753, 109.066167 22.771561, 109.066723 22.771412, 109.067525 22.771183, 109.072426 22.770038, 109.079306 22.768403, 109.07982 22.768281, 109.081178 22.767996, 109.082613 22.767932, 109.0854 22.767861, 109.089621 22.767669, 109.09091 22.767519, 109.091496 22.767327, 109.094329 22.766182, 109.095664 22.765819, 109.101066 22.764516, 109.102795 22.764125, 109.10393 22.764011, 109.105064 22.763982, 109.108846 22.763975, 109.109633 22.763904, 109.110327 22.763719, 109.110844 22.763513, 109.111508 22.763171, 109.114503 22.76125, 109.115136 22.761001, 109.116054 22.760688, 109.122112 22.758852, 109.122529 22.758645, 109.122861 22.75836, 109.123085 22.757919, 109.123586 22.756204, 109.123787 22.755848, 109.12425 22.755243, 109.124778 22.754766, 109.12511 22.754539, 109.125666 22.75434, 109.126252 22.754204, 109.129639 22.75355, 109.130086 22.753422, 109.130433 22.753258, 109.13078 22.753038, 109.131089 22.75271, 109.131305 22.752369, 109.131475 22.751885, 109.131706 22.75079, 109.131706 22.750299, 109.131668 22.749779, 109.131498 22.748684, 109.131467 22.748378, 109.131521 22.748051, 109.131675 22.747695, 109.131945 22.747375, 109.133241 22.746158, 109.133519 22.745795, 109.133751 22.745361, 109.134881 22.74253, 109.135073 22.741932, 109.135251 22.741207, 109.135444 22.740332, 109.135521 22.739784, 109.135559 22.73925, 109.135528 22.738617, 109.135467 22.738098, 109.13522 22.737223, 109.134557 22.734925, 109.134503 22.734363, 109.134534 22.733901, 109.134642 22.733381, 109.134788 22.732947, 109.134912 22.732642, 109.135274 22.73198)"
gis_osm_roads_free,<NA>,990286302,primary,roads:gis_osm_roads_free:990286302:primary,OGC:CRS84,450181,OpenStreetMap,real,kept,<NA>,,primary,S210,B,0,F,F,0,109.0544641,22.7413952,,derived_from_source_layer_osm_id_fclass,smartbidata_task06_20260810,team_shared,team_shared_source,广西壮族自治区,南宁市,横州市,583.8188174408966,88.52775409431457,0.15163566409586782,1,True,False,False,False,疑似受影响，需现场核查,Task_20洪涝范围相交筛查；道路通行状态需现场核查,nanning_flood_20260706_0707,2026-07-07,dispatch_v3,074f2c6841becf074f14d90e06a2e9672972f1ec,"LINESTRING (109.054412 22.739508, 109.054668 22.73997, 109.054698 22.740087, 109.054721 22.740206, 109.054735 22.740326, 109.05474 22.740446, 109.054737 22.740567, 109.054725 22.740687, 109.054705 22.740806, 109.054674 22.74093, 109.054635 22.741051, 109.054587 22.741169, 109.05453 22.741284, 109.054464 22.741395, 109.053446 22.743239, 109.053402 22.743334, 109.053365 22.743431, 109.053335 22.743531, 109.053312 22.743632, 109.053296 22.743734, 109.053288 22.743837, 109.053289 22.743953, 109.053298 22.74407, 109.053317 22.744185, 109.053346 22.744299, 109.053384 22.74441)"
gis_osm_roads_free,<NA>,387807075,primary,roads:gis_osm_roads_free:387807075:primary,OGC:CRS84,450181,OpenStreetMap,real,kept,<NA>,,primary,S210,B,0,F,F,0,109.0648155,22.7561695,,derived_from_source_layer_osm_id_fclass,smartbidata_task06_20260810,team_shared,team_shared_source,广西壮族自治区,南宁市,横州市,3494.9560863523334,71.56835343228755,0.02047761163917314,1,True,False,False,False,疑似受影响，需现场核查,Task_20洪涝范围相交筛查；道路通行状态需现场核查,nanning_flood_20260706_0707,2026-07-07,dispatch_v3,074f2c6841becf074f14d90e06a2e9672972f1ec,"LINESTRING (109.067525 22.771183, 109.067223 22.767305, 109.067292 22.766131, 109.067262 22.765555, 109.066559 22.762268, 109.066235 22.760638, 109.066107 22.760136, 109.065626 22.757977, 109.065573 22.757637, 109.065556 22.757529, 109.065302 22.756952, 109.064816 22.75617, 109.062423 22.752825, 109.060369 22.749792, 109.059852 22.749066, 109.059258 22.748226, 109.059019 22.748013, 109.058548 22.747785, 109.057066 22.747237, 109.056735 22.747088, 109.055863 22.746525, 109.054983 22.745878, 109.053594 22.744583, 109.053384 22.74441)"
gis_osm_roads_free,<NA>,387829338,primary,roads:gis_osm_roads_free:387829338:primary,OGC:CRS84,450181,OpenStreetMap,real,kept,<NA>,,primary,S210,B,0,F,F,0,109.1277896,22.7777834,,derived_from_source_layer_osm_id_fclass,smartbidata_task06_20260810,team_shared,team_shared_source,广西壮族自治区,南宁市,横州市,5765.036343799533,215.73498461641933,0.037421270526498705,1,True,True,False,False,疑似受影响，需现场核查,Task_20洪涝范围相交筛查；道路通行状态需现场核查,nanning_flood_20260706_0707,2026-07-07,dispatch_v3,074f2c6841becf074f14d90e06a2e9672972f1ec,"LINESTRING (109.13246 22.802399, 109.131881 22.800969, 109.130275 22.797653, 109.129496 22.796094, 109.129086 22.794942, 109.128855 22.794052, 109.128793 22.793355, 109.128747 22.790124, 109.128739 22.788814, 109.128855 22.786964, 109.128824 22.786494, 109.1287 22.785854, 109.128446 22.785043, 109.128137 22.784267, 109.127025 22.782039, 109.126894 22.781719, 109.126825 22.781399, 109.126856 22.781029, 109.127002 22.78036, 109.127519 22.778716, 109.12779 22.777783, 109.128284 22.775371, 109.12867 22.773115, 109.128801 22.77194, 109.128762 22.771492, 109.128515 22.770602, 109.128345 22.769855, 109.128322 22.769236, 109.128314 22.768004, 109.128399 22.767186, 109.128754 22.765292, 109.129341 22.762417, 109.130256 22.757698, 109.130888 22.754518, 109.131475 22.751885)"
gis_osm_roads_free,<NA>,387829330,primary,roads:gis_osm_roads_free:387829330:primary,OGC:CRS84,450181,OpenStreetMap,real,kept,<NA>,,primary,S210,B,0,T,F,1,109.1324596,22.8023992,,derived_from_source_layer_osm_id_fclass,smartbidata_task06_20260810,team_shared,team_shared_source,广西壮族自治区,南宁市,横州市,34.6787802559561,34.6787802559561,1.0,1,True,True,True,True,疑似受影响，需现场核查,Task_20洪涝范围相交筛查；道路通行状态需现场核查,nanning_flood_20260706_0707,2026-07-07,dispatch_v3,074f2c6841becf074f14d90e06a2e9672972f1ec,"LINESTRING (109.13256 22.802698, 109.13246 22.802399)"
gis_osm_roads_free,<NA>,1289551007,service,roads:gis_osm_roads_free:1289551007:service,OGC:CRS84,450181,OpenStreetMap,real,kept,<NA>,,service,,B,0,F,F,0,109.0526132,22.742662,,derived_from_source_layer_osm_id_fclass,smartbidata_task06_20260810,team_shared,team_shared_source,广西壮族自治区,南宁市,横州市,661.5985437490165,48.086735567754644,0.07268265025987843,1,True,False,False,False,疑似受影响，需现场核查,Task_20洪涝范围相交筛查；道路通行状态需现场核查,nanning_flood_20260706_0707,2026-07-07,dispatch_v3,074f2c6841becf074f14d90e06a2e9672972f1ec,"LINESTRING (109.053384 22.74441, 109.052552 22.743729, 109.052251 22.74338, 109.05222 22.743209, 109.052398 22.742953, 109.052613 22.742662, 109.054182 22.740541, 109.054288 22.740398, 109.05442 22.740106, 109.054466 22.739793, 109.054412 22.739508)"
gis_osm_roads_free,<NA>,1185362302,tertiary,roads:gis_osm_roads_free:1185362302:tertiary,OGC:CRS84,450181,OpenStreetMap,real,kept,<NA>,,tertiary,,B,0,F,F,0,109.1447801,22.7140605,,derived_from_source_layer_osm_id_fclass,smartbidata_task06_20260810,team_shared,team_shared_source,广西壮族自治区,南宁市,横州市,947.0288419204086,387.5000774962687,0.4091745259948857,1,True,True,False,False,疑似受影响，需现场核查,Task_20洪涝范围相交筛查；道路通行状态需现场核查,nanning_flood_20260706_0707,2026-07-07,dispatch_v3,074f2c6841becf074f14d90e06a2e9672972f1ec,"LINESTRING (109.14291 22.718042, 109.142827 22.71793, 109.142817 22.717722, 109.14478 22.71406, 109.145724 22.7122, 109.146046 22.711401, 109.146116 22.711128, 109.146106 22.710654, 109.146059 22.710204)"
gis_osm_roads_free,<NA>,260646399,motorway,roads:gis_osm_roads_free:260646399:motorway,OGC:CRS84,450181,OpenStreetMap,real,kept,<NA>,六钦高速,motorway,S43,F,120,F,F,0,108.8484029,22.8173166,,derived_from_source_layer_osm_id_fclass,smartbidata_task06_20260810,team_shared,team_shared_source,广西壮族自治区,南宁市,横州市,8310.383435559472,86.99190173449442,0.010467856556685817,1,True,False,False,False,疑似受影响，需现场核查,Task_20洪涝范围相交筛查；道路通行状态需现场核查,nanning_flood_20260706_0707,2026-07-07,dispatch_v3,074f2c6841becf074f14d90e06a2e9672972f1ec,"LINESTRING (108.850864 22.782151, 108.851318 22.785796, 108.851603 22.788722, 108.851812 22.79077, 108.851931 22.793199, 108.851901 22.79546, 108.851856 22.797202, 108.851677 22.79888, 108.851521 22.800297, 108.851207 22.802305, 108.85079 22.804406, 108.849748 22.810087, 108.849034 22.813875, 108.848403 22.817317, 108.847397 22.822533, 108.847014 22.824463, 108.846429 22.826767, 108.845765 22.829029, 108.844496 22.833037, 108.843264 22.836763, 108.842168 22.840356, 108.84164 22.842076, 108.841046 22.843477, 108.840603 22.844463, 108.839327 22.846433, 108.838627 22.847378, 108.837536 22.84892, 108.836753 22.850027, 108.836004 22.85117, 108.834554 22.853951, 108.834383 22.85428)"
gis_osm_roads_free,<NA>,260586567,motorway,roads:gis_osm_roads_free:260586567:motorway,OGC:CRS84,450181,OpenStreetMap,real,kept,<NA>,六钦高速,motorway,S43,F,120,F,F,0,108.8482781,22.8172967,,derived_from_source_layer_osm_id_fclass,smartbidata_task06_20260810,team_shared,team_shared_source,广西壮族自治区,南宁市,横州市,7771.08028477573,102.0636369865035,0.013133777190084583,1,True,True,False,False,疑似受影响，需现场核查,Task_20洪涝范围相交筛查；道路通行状态需现场核查,nanning_flood_20260706_0707,2026-07-07,dispatch_v3,074f2c6841becf074f14d90e06a2e9672972f1ec,"LINESTRING (108.836647 22.849964, 108.838521 22.847313, 108.83922 22.84637, 108.840489 22.84441, 108.840929 22.843434, 108.84152 22.842039, 108.842046 22.840325, 108.843142 22.83673, 108.844375 22.833003, 108.845643 22.828997, 108.846306 22.826738, 108.84689 22.824439, 108.847272 22.822513, 108.848278 22.817297, 108.848909 22.813855, 108.849623 22.810067, 108.850666 22.804386, 108.851082 22.802286, 108.851395 22.800282, 108.851551 22.798869, 108.85173 22.797194, 108.851775 22.795458, 108.851804 22.793201, 108.851685 22.790778, 108.851477 22.788733, 108.851192 22.785808, 108.850738 22.782161)"
gis_osm_roads_free,<NA>,830318665,tertiary,roads:gis_osm_roads_free:830318665:tertiary,OGC:CRS84,450181,OpenStreetMap,real,kept,<NA>,,tertiary,,B,0,F,F,0,108.9009958,22.7649682,,derived_from_source_layer_osm_id_fclass,smartbidata_task06_20260810,team_shared,team_shared_source,广西壮族自治区,南宁市,横州市,7807.694399127381,98.12432454348894,0.012567644112000042,2,True,False,False,False,疑似受影响，需现场核查,Task_20洪涝范围相交筛查；道路通行状态需现场核查,nanning_flood_20260706_0707,2026-07-07,dispatch_v3,074f2c6841becf074f14d90e06a2e9672972f1ec,"LINESTRING (108.920469 22.791135, 108.920048 22.790055, 108.919777 22.789639, 108.919632 22.789014, 108.918977 22.788314, 108.918736 22.787856, 108.918586 22.78773, 108.917797 22.787062, 108.917674 22.786598, 108.917722 22.786148, 108.917746 22.785861, 108.917687 22.785566, 108.917454 22.785225, 108.91736 22.784998, 108.916958 22.784634, 108.91684 22.784486, 108.916585 22.784105, 108.916124 22.783331, 108.915855 22.78301, 108.91545 22.78276, 108.915198 22.782552, 108.914715 22.781949, 108.914321 22.781605, 108.913626 22.780791, 108.912937 22.780351, 108.91276 22.780156, 108.912245 22.778714, 108.91225 22.778388, 108.911918 22.77723, 108.911926 22.776983, 108.912111 22.776713, 108.912122 22.776535, 108.911963 22.776278, 108.911789 22.775934, 108.911816 22.775635, 108.912009 22.77498, 108.911993 22.774732, 108.911891 22.77449, 108.91181 22.774361, 108.911558 22.77406, 108.911296 22.77405, 108.91114 22.773891, 108.91107 22.773694, 108.91107 22.773352, 108.911172 22.772952, 108.911043 22.772383, 108.911011 22.771834, 108.910899 22.771601, 108.910652 22.771379, 108.910384 22.771255, 108.909949 22.770859, 108.909287 22.770031, 108.909032 22.769638, 108.909026 22.769405, 108.909815 22.768322, 108.909933 22.767892, 108.910172 22.767756, 108.910322 22.767459, 108.910437 22.766989, 108.910451 22.766712, 108.910486 22.76615, 108.910035 22.765408, 108.909783 22.765171, 108.909603 22.764958, 108.909415 22.7648, 108.908584 22.764679, 108.908098 22.764545, 108.907801 22.764461, 108.90694 22.764528, 108.905926 22.764528, 108.905542 22.764365, 108.904418 22.763811, 108.903072 22.764429, 108.90246 22.764538, 108.902283 22.764622, 108.901983 22.76485, 108.900996 22.764968, 108.89995 22.764533, 108.899676 22.764577, 108.899172 22.765047, 108.898898 22.765082, 108.896275 22.764879, 108.895991 22.764952, 108.895905 22.765052, 108.895776 22.765201, 108.895621 22.765532, 108.89546 22.765621, 108.895149 22.765725, 108.89465 22.766175, 108.894505 22.766393, 108.894285 22.766729, 108.893625 22.767342, 108.893454 22.76756, 108.893336 22.76762, 108.893067 22.767773, 108.892665 22.768174, 108.89252 22.768515, 108.892225 22.768728, 108.892043 22.769084, 108.890777 22.76947, 108.890331 22.76984, 108.890036 22.769984, 108.889843 22.769999, 108.889709 22.770028, 108.88877 22.770439, 108.888443 22.77039, 108.888309 22.770434, 108.887821 22.771032, 108.887724 22.771458, 108.887402 22.771705, 108.887274 22.771933, 108.887327 22.772665, 108.887284 22.772833, 108.886748 22.77361, 108.886576 22.773783, 108.886077 22.773812, 108.885651 22.773907, 108.88552 22.773936, 108.884688 22.77399, 108.884441 22.773738, 108.884189 22.773491, 108.883916 22.773501, 108.883658 22.773422, 108.883513 22.773244, 108.883358 22.773085, 108.883304 22.773034, 108.883269 22.773, 108.883117 22.77295, 108.882707 22.772946, 108.882597 22.772895, 108.88253 22.772772, 108.882489 22.772467, 108.882312 22.772269, 108.881925 22.771903, 108.881153 22.771211, 108.88096 22.771087, 108.879731 22.770993, 108.879372 22.771008, 108.879061 22.771255, 108.878814 22.771671, 108.878616 22.771661, 108.877666 22.771201, 108.877596 22.771443, 108.877446 22.771854, 108.877264 22.772348, 108.876931 22.772467, 108.876566 22.772403, 108.876333 22.7724, 108.876032 22.772324, 108.875862 22.772243, 108.875793 22.772229, 108.875731 22.772259)"
gis_osm_roads_free,<NA>,1498593408,unclassified,roads:gis_osm_roads_free:1498593408:unclassified,OGC:CRS84,450181,OpenStreetMap,real,kept,<NA>,,unclassified,,B,0,F,F,0,108.8903671,22.7651183,,derived_from_source_layer_osm_id_fclass,smartbidata_task06_20260810,team_shared,team_shared_source,广西壮族自治区,南宁市,横州市,1254.6206783007176,27.227460692078584,0.021701747120058613,1,True,False,False,False,疑似受影响，需现场核查,Task_20洪涝范围相交筛查；道路通行状态需现场核查,nanning_flood_20260706_0707,2026-07-07,dispatch_v3,074f2c6841becf074f14d90e06a2e9672972f1ec,"LINESTRING (108.884702 22.765461, 108.885343 22.765322, 108.885528 22.765283, 108.885695 22.765283, 108.886001 22.76532, 108.886398 22.765377, 108.88675 22.765427, 108.88705 22.765529, 108.887248 22.765558, 108.887421 22.765558, 108.887835 22.765487, 108.887991 22.765463, 108.888139 22.76538, 108.888269 22.765257, 108.888377 22.765118, 108.88851 22.764985, 108.88868 22.764914, 108.888986 22.764878, 108.889244 22.764865, 108.889494 22.764823, 108.889755 22.764763, 108.889848 22.76475, 108.889987 22.764781, 108.890126 22.764922, 108.890191 22.765024, 108.890367 22.765118, 108.891056 22.765301, 108.89128 22.76534, 108.891473 22.765317, 108.891802 22.765262, 108.892082 22.765262, 108.89242 22.765249, 108.892746 22.765244, 108.892995 22.765212, 108.893313 22.765116, 108.893526 22.765045, 108.893812 22.764993, 108.894033 22.764933, 108.894152 22.764878, 108.894413 22.764666, 108.89454 22.764559, 108.89475 22.764491, 108.894889 22.764483, 108.895045 22.764517, 108.895127 22.764554, 108.895485 22.76493, 108.895672 22.764985, 108.895833 22.764988, 108.895991 22.764952)"
gis_osm_roads_free,<NA>,1498593407,unclassified,roads:gis_osm_roads_free:1498593407:unclassified,OGC:CRS84,450181,OpenStreetMap,real,kept,<NA>,,unclassified,,B,0,F,F,0,108.8814336,22.7667287,,derived_from_source_layer_osm_id_fclass,smartbidata_task06_20260810,team_shared,team_shared_source,广西壮族自治区,南宁市,横州市,752.6035593796506,83.0883154320285,0.11040117256489697,2,True,False,False,False,疑似受影响，需现场核查,Task_20洪涝范围相交筛查；道路通行状态需现场核查,nanning_flood_20260706_0707,2026-07-07,dispatch_v3,074f2c6841becf074f14d90e06a2e9672972f1ec,"LINESTRING (108.878301 22.768125, 108.878414 22.768062, 108.879075 22.767542, 108.87937 22.767385, 108.879517 22.767335, 108.879812 22.767244, 108.88005 22.767136, 108.880175 22.767045, 108.880311 22.766998, 108.88054 22.766995, 108.880748 22.76699, 108.880991 22.766951, 108.881119 22.766906, 108.881278 22.766823, 108.881434 22.766729, 108.881652 22.766533, 108.882162 22.76601, 108.882389 22.765897, 108.882622 22.76584, 108.882823 22.765808, 108.883191 22.765686, 108.88339 22.76557, 108.883577 22.76545, 108.883756 22.765416, 108.884014 22.765482, 108.884184 22.765497, 108.884365 22.7655, 108.884521 22.7655, 108.884646 22.765482, 108.884702 22.765461)"
gis_osm_roads_free,<NA>,1498593404,unclassified,roads:gis_osm_roads_free:1498593404:unclassified,OGC:CRS84,450181,OpenStreetMap,real,kept,<NA>,,unclassified,,B,0,F,F,0,108.8741022,22.7700033,,derived_from_source_layer_osm_id_fclass,smartbidata_task06_20260810,team_shared,team_shared_source,广西壮族自治区,南宁市,横州市,939.3994297056901,46.20392057601289,0.04918453121744856,1,True,False,False,False,疑似受影响，需现场核查,Task_20洪涝范围相交筛查；道路通行状态需现场核查,nanning_flood_20260706_0707,2026-07-07,dispatch_v3,074f2c6841becf074f14d90e06a2e9672972f1ec,"LINESTRING (108.876148 22.77049, 108.875869 22.770493, 108.875573 22.770556, 108.875442 22.770609, 108.875351 22.770606, 108.87527 22.770545, 108.87524 22.770484, 108.875206 22.77042, 108.875129 22.77032, 108.87505 22.770213, 108.874974 22.770104, 108.874909 22.770042, 108.87484 22.770035, 108.874756 22.770074, 108.874648 22.770163, 108.874579 22.770215, 108.874502 22.770265, 108.874396 22.770276, 108.874292 22.77022, 108.874228 22.770149, 108.874154 22.770035, 108.874102 22.770003, 108.874038 22.770012, 108.873564 22.770388, 108.873463 22.770429, 108.873337 22.770415, 108.873234 22.770388, 108.87312 22.770302, 108.873112 22.770199, 108.873115 22.77006, 108.87312 22.769928, 108.87312 22.769819, 108.873073 22.76973, 108.872866 22.769594, 108.872762 22.769505, 108.87272 22.769457, 108.872676 22.769375, 108.872653 22.7693, 108.872651 22.769236, 108.872661 22.769145, 108.873056 22.76839, 108.87328 22.767978, 108.8735 22.767659, 108.87373 22.767482, 108.873947 22.76737, 108.874458 22.767138, 108.874564 22.767106, 108.874709 22.767063, 108.874887 22.766995, 108.875077 22.766874, 108.875213 22.766808, 108.875314 22.766763, 108.875354 22.766735)"
gis_osm_roads_free,<NA>,922805256,service,roads:gis_osm_roads_free:922805256:service,OGC:CRS84,450181,OpenStreetMap,real,kept,<NA>,,service,,B,0,F,F,0,108.8916757,22.7802552,,derived_from_source_layer_osm_id_fclass,smartbidata_task06_20260810,team_shared,team_shared_source,广西壮族自治区,南宁市,横州市,727.9753304729409,59.111373762370164,0.08119969357198892,1,True,False,False,False,疑似受影响，需现场核查,Task_20洪涝范围相交筛查；道路通行状态需现场核查,nanning_flood_20260706_0707,2026-07-07,dispatch_v3,074f2c6841becf074f14d90e06a2e9672972f1ec,"LINESTRING (108.894912 22.779874, 108.894746 22.779858, 108.894517 22.779798, 108.894366 22.779804, 108.894236 22.779864, 108.89403 22.779937, 108.893817 22.779982, 108.893534 22.780008, 108.893373 22.780004, 108.893218 22.780002, 108.893088 22.780034, 108.892914 22.780038, 108.892822 22.780067, 108.892691 22.780117, 108.891952 22.780121, 108.891856 22.780152, 108.891751 22.780222, 108.891676 22.780255, 108.891556 22.780265, 108.891453 22.780311, 108.891388 22.780368, 108.891309 22.780516, 108.891272 22.780552, 108.89121 22.780576, 108.891139 22.780592, 108.891098 22.780637, 108.891049 22.780675, 108.891004 22.780684, 108.890957 22.780681, 108.890867 22.780629, 108.890747 22.780584, 108.890635 22.780552, 108.890508 22.780469, 108.89027 22.780285, 108.890064 22.780174, 108.88995 22.780131, 108.889813 22.780095, 108.889708 22.780069, 108.889584 22.78005, 108.889461 22.78001, 108.889375 22.77996, 108.889315 22.779905, 108.889285 22.779836, 108.889234 22.779763, 108.889161 22.779709, 108.889051 22.779626, 108.888948 22.779529, 108.888871 22.779464, 108.888785 22.779422, 108.888732 22.779412, 108.888657 22.779387, 108.888596 22.779355)"
gis_osm_roads_free,<NA>,830401219,unclassified,roads:gis_osm_roads_free:830401219:unclassified,OGC:CRS84,450103,OpenStreetMap,real,kept,<NA>,,unclassified,,B,0,F,F,0,108.7887347,22.7866446,,derived_from_source_layer_osm_id_fclass,smartbidata_task06_20260810,team_shared,team_shared_source,广西壮族自治区,南宁市,青秀区,977.639845587675,50.65179951670258,0.051810285500643614,1,True,False,False,False,疑似受影响，需现场核查,Task_20洪涝范围相交筛查；道路通行状态需现场核查,nanning_flood_20260706_0707,2026-07-07,dispatch_v3,074f2c6841becf074f14d90e06a2e9672972f1ec,"LINESTRING (108.787732 22.783531, 108.78778 22.783769, 108.787286 22.784318, 108.78704 22.784456, 108.786932 22.784555, 108.786959 22.784664, 108.787163 22.784748, 108.787351 22.785233, 108.78749 22.785376, 108.787474 22.785613, 108.787029 22.786133, 108.786946 22.786276, 108.786975 22.786322, 108.787015 22.786349, 108.787073 22.786366, 108.787266 22.78631, 108.78747 22.786217, 108.787732 22.786155, 108.78786 22.7862, 108.787922 22.786382, 108.787909 22.786467, 108.787922 22.786563, 108.788037 22.78665, 108.788241 22.786719, 108.788576 22.786709, 108.788735 22.786645, 108.788914 22.786773, 108.789319 22.787142, 108.789534 22.787105, 108.789668 22.78705, 108.789939 22.787028, 108.790229 22.787075, 108.790465 22.787105, 108.79073 22.787006, 108.790966 22.787058, 108.791124 22.787028, 108.791347 22.787043, 108.791393 22.786971, 108.79192 22.786835)"
gis_osm_roads_free,<NA>,272705053,primary,roads:gis_osm_roads_free:272705053:primary,OGC:CRS84,450181,OpenStreetMap,real,kept,<NA>,,primary,S310,B,0,F,F,0,108.980471,22.7972775,,derived_from_source_layer_osm_id_fclass,smartbidata_task06_20260810,team_shared,team_shared_source,广西壮族自治区,南宁市,横州市,3110.294909325635,30.383044008475387,0.009768541213689266,1,True,False,False,False,疑似受影响，需现场核查,Task_20洪涝范围相交筛查；道路通行状态需现场核查,nanning_flood_20260706_0707,2026-07-07,dispatch_v3,074f2c6841becf074f14d90e06a2e9672972f1ec,"LINESTRING (108.988136 22.784537, 108.98673 22.78532, 108.986301 22.785704, 108.985565 22.786563, 108.983708 22.789106, 108.981817 22.791816, 108.981585 22.792286, 108.981371 22.792722, 108.981136 22.793714, 108.980471 22.797278, 108.979697 22.801426, 108.979443 22.803001, 108.979442 22.80315, 108.979436 22.80407, 108.979736 22.806075, 108.980022 22.807498, 108.980029 22.808125, 108.979946 22.808546, 108.979793 22.80887, 108.979371 22.809375, 108.97901 22.809686, 108.978906 22.809778)"
gis_osm_roads_free,<NA>,922811039,service,roads:gis_osm_roads_free:922811039:service,OGC:CRS84,450181,OpenStreetMap,real,kept,<NA>,,service,,B,0,F,F,0,108.8914713,22.793717,,derived_from_source_layer_osm_id_fclass,smartbidata_task06_20260810,team_shared,team_shared_source,广西壮族自治区,南宁市,横州市,290.4602702853555,70.48889646964936,0.2426799933787822,1,True,True,False,False,疑似受影响，需现场核查,Task_20洪涝范围相交筛查；道路通行状态需现场核查,nanning_flood_20260706_0707,2026-07-07,dispatch_v3,074f2c6841becf074f14d90e06a2e9672972f1ec,"LINESTRING (108.892136 22.79255, 108.892132 22.792712, 108.892114 22.792862, 108.892056 22.792978, 108.891977 22.793052, 108.891832 22.793128, 108.891673 22.793261, 108.891551 22.793441, 108.891497 22.793584, 108.891471 22.793717, 108.89141 22.79383, 108.891234 22.79424, 108.891165 22.794399, 108.891071 22.794516, 108.891006 22.794582, 108.890948 22.794655, 108.890887 22.794742, 108.890883 22.794798)"
gis_osm_roads_free,<NA>,922805254,service,roads:gis_osm_roads_free:922805254:service,OGC:CRS84,450181,OpenStreetMap,real,kept,<NA>,,service,,B,0,F,F,0,108.8951569,22.7802258,,derived_from_source_layer_osm_id_fclass,smartbidata_task06_20260810,team_shared,team_shared_source,广西壮族自治区,南宁市,横州市,1070.6525859559752,102.92973439637146,0.09613737989944376,1,True,True,False,False,疑似受影响，需现场核查,Task_20洪涝范围相交筛查；道路通行状态需现场核查,nanning_flood_20260706_0707,2026-07-07,dispatch_v3,074f2c6841becf074f14d90e06a2e9672972f1ec,"LINESTRING (108.897582 22.783729, 108.897445 22.78373, 108.8973 22.783711, 108.897218 22.783675, 108.897175 22.783604, 108.897162 22.783509, 108.897119 22.783446, 108.897025 22.783386, 108.896918 22.783347, 108.896724 22.783303, 108.896566 22.783272, 108.896411 22.78322, 108.896355 22.783153, 108.896282 22.78309, 108.896227 22.783074, 108.896184 22.782927, 108.8962 22.782843, 108.896148 22.782792, 108.896084 22.782782, 108.89608 22.782715, 108.896056 22.782616, 108.895968 22.782422, 108.895914 22.782315, 108.895831 22.782232, 108.895771 22.782119, 108.895716 22.781954, 108.895685 22.781858, 108.89568 22.781789, 108.89571 22.781714, 108.89573 22.78166, 108.895698 22.781559, 108.895698 22.781474, 108.89579 22.781369, 108.895959 22.781122, 108.895987 22.781033, 108.895959 22.780956, 108.895882 22.780865, 108.895781 22.780778, 108.895715 22.780701, 108.895685 22.780631, 108.895678 22.780546, 108.895423 22.780402, 108.895241 22.780309, 108.895157 22.780226, 108.895082 22.780139, 108.89499 22.779971, 108.894912 22.779874, 108.894886 22.7798, 108.894767 22.779542, 108.89467 22.779321, 108.894585 22.779184, 108.894494 22.779097, 108.894382 22.779007, 108.894278 22.778949, 108.894112 22.778893, 108.894014 22.778826, 108.893905 22.778705, 108.893817 22.77856, 108.893763 22.778465, 108.893726 22.778358, 108.89369 22.778246, 108.89366 22.778101, 108.893617 22.777972, 108.89355 22.777846, 108.892634 22.776296)"
gis_osm_roads_free,<NA>,922805246,service,roads:gis_osm_roads_free:922805246:service,OGC:CRS84,450181,OpenStreetMap,real,kept,<NA>,,service,,B,0,F,F,0,108.8948636,22.798144,,derived_from_source_layer_osm_id_fclass,smartbidata_task06_20260810,team_shared,team_shared_source,广西壮族自治区,南宁市,横州市,823.5114004758921,152.77995747887326,0.18552257733236543,1,True,True,False,False,疑似受影响，需现场核查,Task_20洪涝范围相交筛查；道路通行状态需现场核查,nanning_flood_20260706_0707,2026-07-07,dispatch_v3,074f2c6841becf074f14d90e06a2e9672972f1ec,"LINESTRING (108.89707 22.796619, 108.896951 22.796761, 108.896818 22.796883, 108.896696 22.796963, 108.896614 22.797057, 108.896497 22.797222, 108.896441 22.797335, 108.896364 22.797424, 108.896298 22.797438, 108.896216 22.797434, 108.89614 22.797368, 108.896053 22.797335, 108.895961 22.797354, 108.895884 22.797391, 108.895849 22.797457, 108.895818 22.797523, 108.895813 22.797598, 108.895792 22.797664, 108.895746 22.79773, 108.895675 22.797777, 108.895553 22.79781, 108.895405 22.797834, 108.895262 22.797904, 108.895124 22.798012, 108.895017 22.798102, 108.894864 22.798144, 108.894741 22.798153, 108.894588 22.798149, 108.894425 22.798153, 108.894282 22.798172, 108.89418 22.798172, 108.894076 22.798159, 108.893984 22.798119, 108.893892 22.798072, 108.893814 22.798068, 108.893758 22.798111, 108.893705 22.798176, 108.893675 22.79822, 108.893585 22.798327, 108.893555 22.798408, 108.893518 22.798499, 108.893497 22.79862, 108.893447 22.798724, 108.893426 22.79879, 108.893432 22.798902, 108.89345 22.798962, 108.893492 22.79907, 108.893529 22.799126, 108.893531 22.799185, 108.893561 22.799247, 108.893621 22.799292, 108.893681 22.799308, 108.893894 22.799361, 108.894194 22.799476, 108.894233 22.799531, 108.894299 22.799579, 108.894374 22.799614, 108.894449 22.799644, 108.894542 22.799662, 108.894636 22.799662, 108.894724 22.799662, 108.894806 22.799664, 108.894868 22.799612, 108.894939 22.799518, 108.895014 22.799409, 108.895072 22.799336, 108.895115 22.79928, 108.895173 22.799219, 108.895236 22.799141, 108.895303 22.799063, 108.895338 22.798991, 108.895361 22.798928, 108.895417 22.798885, 108.895469 22.798869)"
gis_osm_roads_free,<NA>,922806563,service,roads:gis_osm_roads_free:922806563:service,OGC:CRS84,450181,OpenStreetMap,real,kept,<NA>,,service,,B,0,F,F,0,108.8983898,22.7772267,,derived_from_source_layer_osm_id_fclass,smartbidata_task06_20260810,team_shared,team_shared_source,广西壮族自治区,南宁市,横州市,957.429192325047,90.58538991318801,0.09461314804200611,1,True,False,False,False,疑似受影响，需现场核查,Task_20洪涝范围相交筛查；道路通行状态需现场核查,nanning_flood_20260706_0707,2026-07-07,dispatch_v3,074f2c6841becf074f14d90e06a2e9672972f1ec,"LINESTRING (108.894689 22.776847, 108.894938 22.776796, 108.895052 22.776806, 108.895239 22.776753, 108.895405 22.776633, 108.89573 22.77647, 108.895745 22.776382, 108.89579 22.776287, 108.89584 22.77616, 108.896663 22.775403, 108.896766 22.775345, 108.89691 22.775324, 108.897028 22.77535, 108.897343 22.775535, 108.897697 22.775719, 108.897883 22.775992, 108.898514 22.776688, 108.898529 22.776754, 108.898518 22.776809, 108.898504 22.776846, 108.898529 22.776897, 108.898574 22.776952, 108.898592 22.776992, 108.898577 22.777034, 108.898552 22.777075, 108.898401 22.7772, 108.89839 22.777227, 108.898404 22.777263, 108.898523 22.777413, 108.89867 22.777611, 108.898673 22.777656, 108.89866 22.777701, 108.898651 22.777741, 108.898657 22.777786, 108.898682 22.777834, 108.898922 22.778128, 108.898989 22.778232, 108.899023 22.778303, 108.899099 22.778474, 108.899151 22.778558, 108.899209 22.778657, 108.899263 22.778754, 108.899301 22.778829, 108.899334 22.778895, 108.899366 22.778977, 108.899433 22.779075, 108.899483 22.779158, 108.89949 22.779218, 108.899503 22.779341, 108.899581 22.779496, 108.899629 22.779591, 108.89966 22.779691, 108.899696 22.779805, 108.899763 22.77979, 108.899852 22.780037)"
gis_osm_roads_free,<NA>,922811043,service,roads:gis_osm_roads_free:922811043:service,OGC:CRS84,450181,OpenStreetMap,real,kept,<NA>,,service,,B,0,F,F,0,108.8953236,22.781345,,derived_from_source_layer_osm_id_fclass,smartbidata_task06_20260810,team_shared,team_shared_source,广西壮族自治区,南宁市,横州市,72.31348757062366,10.046522386335056,0.1389301321765639,1,True,False,False,False,疑似受影响，需现场核查,Task_20洪涝范围相交筛查；道路通行状态需现场核查,nanning_flood_20260706_0707,2026-07-07,dispatch_v3,074f2c6841becf074f14d90e06a2e9672972f1ec,"LINESTRING (108.895698 22.781474, 108.895634 22.781442, 108.895544 22.781438, 108.895417 22.781412, 108.895324 22.781345, 108.895237 22.781288, 108.895147 22.781248, 108.89506 22.781235)"
gis_osm_roads_free,<NA>,922811044,service,roads:gis_osm_roads_free:922811044:service,OGC:CRS84,450181,OpenStreetMap,real,kept,<NA>,,service,,B,0,F,F,0,108.894785,22.7822185,,derived_from_source_layer_osm_id_fclass,smartbidata_task06_20260810,team_shared,team_shared_source,广西壮族自治区,南宁市,横州市,311.84341382238995,90.08203372406436,0.28886944450707713,1,True,True,False,False,疑似受影响，需现场核查,Task_20洪涝范围相交筛查；道路通行状态需现场核查,nanning_flood_20260706_0707,2026-07-07,dispatch_v3,074f2c6841becf074f14d90e06a2e9672972f1ec,"LINESTRING (108.895716 22.781954, 108.895548 22.781774, 108.895377 22.781637, 108.895321 22.781628, 108.89528 22.781644, 108.895249 22.781692, 108.895211 22.781717, 108.895081 22.781684, 108.894971 22.78167, 108.894925 22.781706, 108.894887 22.78176, 108.8949 22.781868, 108.894897 22.782007, 108.894869 22.782098, 108.894785 22.782218, 108.894706 22.782298, 108.894678 22.782367, 108.894588 22.782451, 108.89453 22.782548, 108.894484 22.782632, 108.89439 22.78267, 108.894094 22.782677, 108.893769 22.782666, 108.893623 22.78276)"
gis_osm_roads_free,<NA>,830309309,residential,roads:gis_osm_roads_free:830309309:residential,OGC:CRS84,450181,OpenStreetMap,real,kept,<NA>,,residential,,B,0,F,F,0,108.9028251,22.8112945,,derived_from_source_layer_osm_id_fclass,smartbidata_task06_20260810,team_shared,team_shared_source,广西壮族自治区,南宁市,横州市,594.5996143547837,49.017813889899465,0.08243835466171641,1,True,False,False,False,疑似受影响，需现场核查,Task_20洪涝范围相交筛查；道路通行状态需现场核查,nanning_flood_20260706_0707,2026-07-07,dispatch_v3,074f2c6841becf074f14d90e06a2e9672972f1ec,"LINESTRING (108.901375 22.809746, 108.90175 22.8101, 108.901916 22.810132, 108.902069 22.810145, 108.902259 22.810095, 108.902404 22.810024, 108.902662 22.810009, 108.90271 22.810145, 108.90268 22.81084, 108.902825 22.811294, 108.903168 22.81165, 108.903394 22.811982, 108.903394 22.812135, 108.903453 22.812387, 108.903673 22.812526, 108.90386 22.812531, 108.904327 22.812269, 108.904504 22.812244, 108.904838 22.812285)"
gis_osm_roads_free,<NA>,922805226,service,roads:gis_osm_roads_free:922805226:service,OGC:CRS84,450181,OpenStreetMap,real,kept,<NA>,,service,,B,0,F,F,0,108.9098405,22.8040887,,derived_from_source_layer_osm_id_fclass,smartbidata_task06_20260810,team_shared,team_shared_source,广西壮族自治区,南宁市,横州市,708.1151086213953,35.08667052487411,0.04954938836594396,1,True,False,False,False,疑似受影响，需现场核查,Task_20洪涝范围相交筛查；道路通行状态需现场核查,nanning_flood_20260706_0707,2026-07-07,dispatch_v3,074f2c6841becf074f14d90e06a2e9672972f1ec,"LINESTRING (108.911851 22.805106, 108.91196 22.804327, 108.911993 22.804287, 108.912015 22.804201, 108.911986 22.804144, 108.911932 22.804098, 108.91187 22.804061, 108.911801 22.804051, 108.91174 22.804068, 108.911546 22.804154, 108.911477 22.804171, 108.911311 22.804151, 108.911256 22.804109, 108.911191 22.804049, 108.911096 22.803944, 108.910987 22.803873, 108.910843 22.803811, 108.910567 22.803733, 108.910465 22.803708, 108.910364 22.803695, 108.91028 22.803699, 108.910206 22.803729, 108.910153 22.80378, 108.910104 22.80388, 108.910033 22.803972, 108.909965 22.804028, 108.909912 22.804074, 108.90984 22.804089, 108.909726 22.804093, 108.909616 22.804093, 108.909575 22.804114, 108.909506 22.804152, 108.909353 22.804378, 108.909282 22.804491, 108.909248 22.804526, 108.909185 22.804566, 108.908858 22.804698, 108.908626 22.804801, 108.908508 22.804837, 108.908197 22.804985, 108.908039 22.805027, 108.907855 22.80507, 108.907666 22.805117, 108.907587 22.80518, 108.907506 22.805244, 108.907391 22.805279, 108.907284 22.805298, 108.907136 22.805307, 108.907049 22.805284, 108.906995 22.805267)"
gis_osm_roads_free,<NA>,922805218,service,roads:gis_osm_roads_free:922805218:service,OGC:CRS84,450181,OpenStreetMap,real,kept,<NA>,,service,,B,0,F,F,0,108.9212713,22.7983953,,derived_from_source_layer_osm_id_fclass,smartbidata_task06_20260810,team_shared,team_shared_source,广西壮族自治区,南宁市,横州市,79.08426512224307,44.43801318898072,0.561907139432749,1,True,True,False,False,疑似受影响，需现场核查,Task_20洪涝范围相交筛查；道路通行状态需现场核查,nanning_flood_20260706_0707,2026-07-07,dispatch_v3,074f2c6841becf074f14d90e06a2e9672972f1ec,"LINESTRING (108.921245 22.798678, 108.921271 22.798612, 108.921271 22.798395, 108.921294 22.79824, 108.921287 22.798137, 108.921243 22.798042, 108.921174 22.79804)"
gis_osm_roads_free,<NA>,922805210,residential,roads:gis_osm_roads_free:922805210:residential,OGC:CRS84,450181,OpenStreetMap,real,kept,<NA>,,residential,,B,0,F,F,0,108.9230616,22.7982735,,derived_from_source_layer_osm_id_fclass,smartbidata_task06_20260810,team_shared,team_shared_source,广西壮族自治区,南宁市,横州市,432.79664940447435,19.274813820475966,0.04453549685977929,1,True,False,False,False,疑似受影响，需现场核查,Task_20洪涝范围相交筛查；道路通行状态需现场核查,nanning_flood_20260706_0707,2026-07-07,dispatch_v3,074f2c6841becf074f14d90e06a2e9672972f1ec,"LINESTRING (108.921245 22.798678, 108.922766 22.798368, 108.922939 22.798288, 108.923062 22.798274, 108.924047 22.798132, 108.924338 22.798175, 108.924536 22.798222, 108.924679 22.798994)"
gis_osm_roads_free,<NA>,922811059,service,roads:gis_osm_roads_free:922811059:service,OGC:CRS84,450181,OpenStreetMap,real,kept,<NA>,,service,,B,0,F,F,0,108.9381066,22.7899465,,derived_from_source_layer_osm_id_fclass,smartbidata_task06_20260810,team_shared,team_shared_source,广西壮族自治区,南宁市,横州市,398.3857990253341,24.04209399407091,0.060348772604070726,1,True,False,False,False,疑似受影响，需现场核查,Task_20洪涝范围相交筛查；道路通行状态需现场核查,nanning_flood_20260706_0707,2026-07-07,dispatch_v3,074f2c6841becf074f14d90e06a2e9672972f1ec,"LINESTRING (108.939537 22.790879, 108.938107 22.789946, 108.937926 22.789581, 108.936862 22.788902, 108.936527 22.788688)"
gis_osm_roads_free,<NA>,922811061,service,roads:gis_osm_roads_free:922811061:service,OGC:CRS84,450181,OpenStreetMap,real,kept,<NA>,,service,,B,0,F,F,0,108.9378006,22.7876673,,derived_from_source_layer_osm_id_fclass,smartbidata_task06_20260810,team_shared,team_shared_source,广西壮族自治区,南宁市,横州市,371.6782921863249,24.867158659398296,0.06690506059184166,1,True,False,False,False,疑似受影响，需现场核查,Task_20洪涝范围相交筛查；道路通行状态需现场核查,nanning_flood_20260706_0707,2026-07-07,dispatch_v3,074f2c6841becf074f14d90e06a2e9672972f1ec,"LINESTRING (108.936862 22.788902, 108.937376 22.788225, 108.937801 22.787667, 108.938033 22.787363, 108.938197 22.78715, 108.939272 22.787838)"
gis_osm_roads_free,<NA>,922811062,service,roads:gis_osm_roads_free:922811062:service,OGC:CRS84,450181,OpenStreetMap,real,kept,<NA>,,service,,B,0,F,F,0,108.9373765,22.7882249,,derived_from_source_layer_osm_id_fclass,smartbidata_task06_20260810,team_shared,team_shared_source,广西壮族自治区,南宁市,横州市,133.2790267530626,26.076681191233998,0.19565479900711225,1,True,False,False,False,疑似受影响，需现场核查,Task_20洪涝范围相交筛查；道路通行状态需现场核查,nanning_flood_20260706_0707,2026-07-07,dispatch_v3,074f2c6841becf074f14d90e06a2e9672972f1ec,"LINESTRING (108.937376 22.788225, 108.938438 22.788918)"
gis_osm_roads_free,<NA>,260646385,trunk,roads:gis_osm_roads_free:260646385:trunk,OGC:CRS84,450181,OpenStreetMap,real,kept,<NA>,,trunk,G324,B,0,F,F,0,108.8970702,22.7966187,,derived_from_source_layer_osm_id_fclass,smartbidata_task06_20260810,team_shared,team_shared_source,广西壮族自治区,南宁市,横州市,3158.000712516804,124.15419664446961,0.03931417626106978,1,True,True,False,False,疑似受影响，需现场核查,Task_20洪涝范围相交筛查；道路通行状态需现场核查,nanning_flood_20260706_0707,2026-07-07,dispatch_v3,074f2c6841becf074f14d90e06a2e9672972f1ec,"LINESTRING (108.883356 22.790984, 108.883865 22.791184, 108.885891 22.79198, 108.886352 22.792169, 108.886943 22.792411, 108.888534 22.793062, 108.891234 22.79424, 108.891624 22.79441, 108.893817 22.795305, 108.895852 22.796136, 108.89707 22.796619, 108.898149 22.797046, 108.899619 22.797484, 108.899813 22.797539, 108.900421 22.79771, 108.900915 22.797849, 108.902291 22.798347, 108.903841 22.798961, 108.90407 22.799051, 108.90492 22.799337, 108.907131 22.799894, 108.907296 22.799957, 108.907587 22.800066, 108.908139 22.800273, 108.909824 22.80085, 108.910415 22.80091, 108.911013 22.800811, 108.911978 22.800572)"
gis_osm_roads_free,<NA>,272706585,tertiary,roads:gis_osm_roads_free:272706585:tertiary,OGC:CRS84,450181,OpenStreetMap,real,kept,<NA>,,tertiary,,B,0,F,F,0,108.8748477,22.8174263,,derived_from_source_layer_osm_id_fclass,smartbidata_task06_20260810,team_shared,team_shared_source,广西壮族自治区,南宁市,横州市,8173.102374016606,179.70342431790974,0.02198717403677839,1,True,True,False,False,疑似受影响，需现场核查,Task_20洪涝范围相交筛查；道路通行状态需现场核查,nanning_flood_20260706_0707,2026-07-07,dispatch_v3,074f2c6841becf074f14d90e06a2e9672972f1ec,"LINESTRING (108.848463 22.840664, 108.847962 22.838966, 108.848162 22.838331, 108.849214 22.838192, 108.851746 22.836155, 108.853076 22.834336, 108.85299 22.833505, 108.852411 22.831468, 108.854128 22.830084, 108.855839 22.828072, 108.856224 22.827705, 108.856565 22.827639, 108.856753 22.82751, 108.856984 22.827013, 108.857258 22.826777, 108.857475 22.826227, 108.858319 22.825285, 108.858977 22.824823, 108.859406 22.823558, 108.860436 22.822648, 108.860922 22.82184, 108.861931 22.821326, 108.864342 22.820017, 108.865257 22.818972, 108.866208 22.818099, 108.868268 22.818198, 108.868976 22.81796, 108.869334 22.817924, 108.870092 22.817624, 108.872302 22.81794, 108.87266 22.818023, 108.873325 22.817766, 108.874848 22.817426, 108.875308 22.81725, 108.876057 22.81686, 108.87655 22.816583, 108.877218 22.816652, 108.878562 22.81614, 108.878878 22.816096, 108.87956 22.815967, 108.88001 22.81575, 108.880708 22.815166, 108.881056 22.814845, 108.881426 22.814672, 108.881539 22.814306, 108.8817 22.814172, 108.881818 22.814088, 108.882102 22.814068, 108.882698 22.814014, 108.883245 22.814024, 108.883696 22.814123, 108.883977 22.813987, 108.88435 22.813759, 108.884685 22.813688, 108.885056 22.813643, 108.885611 22.81367, 108.886024 22.813836, 108.886507 22.813816, 108.886834 22.813831, 108.8873 22.813831, 108.88774 22.813841, 108.887955 22.813856, 108.888357 22.813693, 108.88892 22.813485, 108.889816 22.813065, 108.890519 22.813129, 108.89105 22.813312, 108.891554 22.813426, 108.892 22.813164, 108.892257 22.812728, 108.892998 22.812531, 108.89348 22.812491, 108.894006 22.812461, 108.894575 22.812333, 108.895122 22.812026, 108.895336 22.81168, 108.895669 22.811408, 108.896409 22.811097, 108.897021 22.811097, 108.897858 22.810928, 108.898974 22.810652, 108.899424 22.810424, 108.899778 22.810434, 108.900253 22.810679, 108.90047 22.810642, 108.900945 22.810402, 108.901141 22.810118, 108.901334 22.809791, 108.901375 22.809746, 108.902039 22.809005, 108.902393 22.808669, 108.903101 22.808288, 108.903907 22.808012, 108.904279 22.807885, 108.904864 22.807477, 108.905658 22.807012, 108.90829 22.806917)"
gis_osm_roads_free,<NA>,387829333,primary,roads:gis_osm_roads_free:387829333:primary,OGC:CRS84,450181,OpenStreetMap,real,kept,<NA>,,primary,S210,B,0,F,F,0,109.121676,22.828266,,derived_from_source_layer_osm_id_fclass,smartbidata_task06_20260810,team_shared,team_shared_source,广西壮族自治区,南宁市,横州市,6682.481010190034,771.1913523113254,0.11540494483042228,3,True,True,False,False,疑似受影响，需现场核查,Task_20洪涝范围相交筛查；道路通行状态需现场核查,nanning_flood_20260706_0707,2026-07-07,dispatch_v3,074f2c6841becf074f14d90e06a2e9672972f1ec,"LINESTRING (109.096486 22.846208, 109.099529 22.844115, 109.102401 22.842148, 109.103654 22.841289, 109.104734 22.84055, 109.105221 22.840315, 109.107357 22.839562, 109.110777 22.838358, 109.114459 22.837042, 109.11486 22.836814, 109.115501 22.836295, 109.117454 22.834545, 109.118944 22.833513, 109.119106 22.833236, 109.120086 22.831293, 109.120197 22.831082, 109.121676 22.828266, 109.122078 22.827501, 109.122209 22.827324, 109.122487 22.827174, 109.123374 22.826953, 109.124941 22.826562, 109.125027 22.826536, 109.125533 22.826379, 109.12657 22.826057, 109.126809 22.825929, 109.126996 22.825779, 109.127736 22.825182, 109.127867 22.82499, 109.127898 22.824791, 109.127797 22.823453, 109.127813 22.82235, 109.128083 22.817726, 109.128191 22.816936, 109.128368 22.816267, 109.130237 22.811699, 109.13043 22.811173, 109.131672 22.806654, 109.132537 22.803459, 109.132599 22.803025, 109.13256 22.802698)"
gis_osm_roads_free,<NA>,387829360,primary,roads:gis_osm_roads_free:387829360:primary,OGC:CRS84,450181,OpenStreetMap,real,kept,<NA>,,primary,S310,B,0,F,F,0,109.1555256,22.8107403,,derived_from_source_layer_osm_id_fclass,smartbidata_task06_20260810,team_shared,team_shared_source,广西壮族自治区,南宁市,横州市,6730.395681002221,121.47253143181537,0.018048349189141125,1,True,True,False,False,疑似受影响，需现场核查,Task_20洪涝范围相交筛查；道路通行状态需现场核查,nanning_flood_20260706_0707,2026-07-07,dispatch_v3,074f2c6841becf074f14d90e06a2e9672972f1ec,"LINESTRING (109.127867 22.82499, 109.130427 22.823898, 109.132604 22.823002, 109.139776 22.820732, 109.140533 22.82044, 109.141081 22.820134, 109.141969 22.819565, 109.14237 22.819223, 109.144316 22.817444, 109.144486 22.817166, 109.144702 22.816675, 109.14474 22.816469, 109.144771 22.816263, 109.144879 22.816092, 109.145157 22.815878, 109.147666 22.814185, 109.147936 22.814128, 109.149666 22.814277, 109.150353 22.814192, 109.150747 22.81405, 109.152955 22.81306, 109.153202 22.812854, 109.155526 22.81074, 109.155696 22.810534, 109.155896 22.810264, 109.156282 22.810029, 109.156707 22.809922, 109.157371 22.809801, 109.157857 22.809836, 109.158316 22.809926, 109.159756 22.810206, 109.159949 22.810206, 109.160474 22.810029, 109.164481 22.808442, 109.165454 22.808121, 109.16591 22.808022, 109.170125 22.808314, 109.171306 22.808427, 109.172333 22.808456, 109.176016 22.808669, 109.176934 22.80879, 109.177189 22.808862, 109.178895 22.809573, 109.181034 22.810505, 109.181258 22.810562, 109.182061 22.81057, 109.18484 22.810975, 109.18572 22.811182, 109.186407 22.811139, 109.186901 22.811032)"
gis_osm_roads_free,<NA>,387829355,tertiary,roads:gis_osm_roads_free:387829355:tertiary,OGC:CRS84,450181,OpenStreetMap,real,kept,<NA>,,tertiary,,B,0,F,F,0,109.1236713,22.8436647,,derived_from_source_layer_osm_id_fclass,smartbidata_task06_20260810,team_shared,team_shared_source,广西壮族自治区,南宁市,横州市,2426.830209321617,110.12061904308358,0.045376317889938456,1,True,True,False,False,疑似受影响，需现场核查,Task_20洪涝范围相交筛查；道路通行状态需现场核查,nanning_flood_20260706_0707,2026-07-07,dispatch_v3,074f2c6841becf074f14d90e06a2e9672972f1ec,"LINESTRING (109.12382 22.831872, 109.123856 22.832299, 109.123864 22.832401, 109.1239 22.83263, 109.123918 22.83275, 109.123949 22.832971, 109.124003 22.833284, 109.123996 22.833675, 109.123926 22.834607, 109.12371 22.835731, 109.123486 22.836607, 109.123532 22.836891, 109.123849 22.837774, 109.123872 22.838008, 109.123787 22.83951, 109.123671 22.843665, 109.123517 22.851364, 109.123732 22.853658)"
gis_osm_roads_free,<NA>,387841532,primary,roads:gis_osm_roads_free:387841532:primary,OGC:CRS84,450181,OpenStreetMap,real,kept,<NA>,,primary,S210,B,0,T,F,1,109.096239,22.8463785,,derived_from_source_layer_osm_id_fclass,smartbidata_task06_20260810,team_shared,team_shared_source,广西壮族自治区,南宁市,横州市,31.64334719594107,31.64334719594107,1.0,1,True,True,True,True,疑似受影响，需现场核查,Task_20洪涝范围相交筛查；道路通行状态需现场核查,nanning_flood_20260706_0707,2026-07-07,dispatch_v3,074f2c6841becf074f14d90e06a2e9672972f1ec,"LINESTRING (109.096239 22.846378, 109.096486 22.846208)"
gis_osm_roads_free,<NA>,387829326,primary,roads:gis_osm_roads_free:387829326:primary,OGC:CRS84,450181,OpenStreetMap,real,kept,<NA>,,primary,S210,B,0,F,F,0,109.0831953,22.8617288,,derived_from_source_layer_osm_id_fclass,smartbidata_task06_20260810,team_shared,team_shared_source,广西壮族自治区,南宁市,横州市,5201.629266897098,823.343014512442,0.15828560096586558,4,True,True,False,False,疑似受影响，需现场核查,Task_20洪涝范围相交筛查；道路通行状态需现场核查,nanning_flood_20260706_0707,2026-07-07,dispatch_v3,074f2c6841becf074f14d90e06a2e9672972f1ec,"LINESTRING (109.067513 22.883751, 109.067914 22.883692, 109.068366 22.883626, 109.068519 22.883604, 109.068704 22.883504, 109.068928 22.883162, 109.069416 22.882083, 109.069862 22.881098, 109.069949 22.880844, 109.070674 22.878746, 109.071105 22.877497, 109.071322 22.876914, 109.071518 22.876558, 109.071982 22.876046, 109.07672 22.871479, 109.076817 22.871386, 109.077025 22.871186, 109.078461 22.869791, 109.078832 22.869378, 109.078945 22.869184, 109.079125 22.868873, 109.083195 22.861729, 109.083991 22.860306, 109.084392 22.859814, 109.085033 22.859274, 109.089404 22.855716, 109.090208 22.855061, 109.090516 22.854698, 109.09071 22.854342, 109.093026 22.849837, 109.093289 22.849453, 109.0947 22.84763, 109.095135 22.847176, 109.095544 22.84687, 109.096239 22.846378)"
gis_osm_roads_free,<NA>,990432967,motorway,roads:gis_osm_roads_free:990432967:motorway,OGC:CRS84,450181,OpenStreetMap,real,kept,<NA>,上横高速,motorway,S84,F,120,F,F,0,109.1002536,22.8652359,,derived_from_source_layer_osm_id_fclass,smartbidata_task06_20260810,team_shared,team_shared_source,广西壮族自治区,南宁市,横州市,6721.128176191579,730.7895361193995,0.10873018888526685,4,True,True,False,False,疑似受影响，需现场核查,Task_20洪涝范围相交筛查；道路通行状态需现场核查,nanning_flood_20260706_0707,2026-07-07,dispatch_v3,074f2c6841becf074f14d90e06a2e9672972f1ec,"LINESTRING (109.083581 22.889963, 109.08345 22.886224, 109.083527 22.884361, 109.08368 22.883152, 109.083997 22.881151, 109.084401 22.87941, 109.084958 22.877537, 109.085725 22.87562, 109.086379 22.874492, 109.086492 22.874298, 109.087226 22.873198, 109.088276 22.871898, 109.089153 22.870938, 109.091003 22.869364, 109.093028 22.868053, 109.094878 22.867125, 109.096355 22.86655, 109.097981 22.865978, 109.100254 22.865236, 109.101778 22.864588, 109.103232 22.863697, 109.104704 22.862621, 109.106312 22.861369, 109.10828 22.859575, 109.110955 22.857022, 109.113439 22.854645, 109.114964 22.853239, 109.116435 22.851894, 109.117769 22.850674, 109.119618 22.849128, 109.121714 22.847689, 109.123221 22.846793, 109.123402 22.846691)"
gis_osm_roads_free,<NA>,990432992,motorway,roads:gis_osm_roads_free:990432992:motorway,OGC:CRS84,450181,OpenStreetMap,real,kept,<NA>,上横高速,motorway,S84,F,120,F,F,0,109.1002921,22.8653233,,derived_from_source_layer_osm_id_fclass,smartbidata_task06_20260810,team_shared,team_shared_source,广西壮族自治区,南宁市,横州市,6709.01839760156,662.4762529769718,0.0987441401582389,4,True,True,False,False,疑似受影响，需现场核查,Task_20洪涝范围相交筛查；道路通行状态需现场核查,nanning_flood_20260706_0707,2026-07-07,dispatch_v3,074f2c6841becf074f14d90e06a2e9672972f1ec,"LINESTRING (109.123455 22.846772, 109.123275 22.846872, 109.121772 22.847766, 109.119683 22.8492, 109.117839 22.850742, 109.116507 22.85196, 109.115036 22.853306, 109.113512 22.854711, 109.111028 22.857088, 109.108353 22.859641, 109.106381 22.861438, 109.104768 22.862694, 109.103293 22.863773, 109.101828 22.864671, 109.100292 22.865323, 109.098016 22.866066, 109.096393 22.866638, 109.094923 22.86721, 109.093082 22.868133, 109.091068 22.869438, 109.089227 22.871003, 109.088356 22.871956, 109.087642 22.87284, 109.08731 22.873251, 109.08658 22.874344, 109.086461 22.87455, 109.085818 22.875659, 109.085721 22.875901, 109.085056 22.877566, 109.0845 22.879432, 109.084097 22.881168, 109.083782 22.883165, 109.083629 22.884369, 109.083553 22.886225, 109.083691 22.88995)"
gis_osm_roads_free,<NA>,387841537,tertiary,roads:gis_osm_roads_free:387841537:tertiary,OGC:CRS84,450181,OpenStreetMap,real,kept,<NA>,,tertiary,,B,0,F,F,0,109.0881765,22.8479726,,derived_from_source_layer_osm_id_fclass,smartbidata_task06_20260810,team_shared,team_shared_source,广西壮族自治区,南宁市,横州市,1381.5260240287926,10.512414146964604,0.0076092769619412635,1,True,False,False,False,疑似受影响，需现场核查,Task_20洪涝范围相交筛查；道路通行状态需现场核查,nanning_flood_20260706_0707,2026-07-07,dispatch_v3,074f2c6841becf074f14d90e06a2e9672972f1ec,"LINESTRING (109.08162 22.847496, 109.083682 22.847631, 109.085682 22.84783, 109.087968 22.84803, 109.088176 22.847973, 109.088702 22.847702, 109.089343 22.847453, 109.091714 22.84687, 109.091992 22.846891, 109.094447 22.84746, 109.094556 22.847517, 109.0947 22.84763)"
gis_osm_roads_free,<NA>,830425185,secondary,roads:gis_osm_roads_free:830425185:secondary,OGC:CRS84,450181,OpenStreetMap,real,kept,<NA>,芳香大道,secondary,XA88,B,0,F,F,0,109.0500355,22.8659933,,derived_from_source_layer_osm_id_fclass,smartbidata_task06_20260810,team_shared,team_shared_source,广西壮族自治区,南宁市,横州市,5751.236769472283,355.41829704771305,0.061798585468482665,3,True,True,False,False,疑似受影响，需现场核查,Task_20洪涝范围相交筛查；道路通行状态需现场核查,nanning_flood_20260706_0707,2026-07-07,dispatch_v3,074f2c6841becf074f14d90e06a2e9672972f1ec,"LINESTRING (109.028342 22.847554, 109.032623 22.85152, 109.03892 22.85502, 109.042338 22.857284, 109.042777 22.857763, 109.043856 22.859325, 109.044604 22.860665, 109.045165 22.861505, 109.050036 22.865993, 109.051639 22.867486, 109.056838 22.873155, 109.057894 22.87403, 109.063854 22.878261, 109.0643 22.878711, 109.065838 22.881124, 109.067513 22.883751)"
gis_osm_roads_free,<NA>,1289384617,primary,roads:gis_osm_roads_free:1289384617:primary,OGC:CRS84,450181,OpenStreetMap,real,kept,<NA>,,primary,S310,B,0,F,F,0,109.057557,22.806107,,derived_from_source_layer_osm_id_fclass,smartbidata_task06_20260810,team_shared,team_shared_source,广西壮族自治区,南宁市,横州市,13233.339797443916,472.58924643959347,0.03571201629167539,3,True,True,False,False,疑似受影响，需现场核查,Task_20洪涝范围相交筛查；道路通行状态需现场核查,nanning_flood_20260706_0707,2026-07-07,dispatch_v3,074f2c6841becf074f14d90e06a2e9672972f1ec,"LINESTRING (109.003162 22.802208, 109.004218 22.802001, 109.004896 22.802183, 109.006331 22.802256, 109.007388 22.80227, 109.007712 22.80219, 109.009439 22.800983, 109.009968 22.800321, 109.011379 22.798118, 109.011861 22.797406, 109.012531 22.79702, 109.013201 22.796846, 109.01485 22.796955, 109.017745 22.796686, 109.018044 22.796708, 109.018951 22.797268, 109.019196 22.797318, 109.021452 22.796795, 109.022998 22.796511, 109.024481 22.796395, 109.025001 22.79641, 109.031303 22.797747, 109.03374 22.800358, 109.035531 22.802779, 109.037653 22.803535, 109.038623 22.803564, 109.043292 22.803019, 109.043876 22.803041, 109.045059 22.803434, 109.046763 22.804081, 109.047268 22.804197, 109.047473 22.804175, 109.047859 22.803964, 109.048656 22.80339, 109.051188 22.802895, 109.051621 22.802954, 109.051758 22.80315, 109.051917 22.803702, 109.05219 22.804092, 109.053142 22.804888, 109.053882 22.80523, 109.056878 22.806018, 109.057557 22.806107, 109.057804 22.806058, 109.059663 22.805067, 109.064061 22.804555, 109.064343 22.804685, 109.064537 22.805043, 109.064475 22.805855, 109.064581 22.807188, 109.065109 22.808512, 109.065215 22.808731, 109.065391 22.808836, 109.065673 22.808869, 109.068291 22.809162, 109.068529 22.809267, 109.070397 22.810697, 109.070538 22.810916, 109.071225 22.811542, 109.074125 22.812817, 109.075887 22.815335, 109.07653 22.817228, 109.078355 22.818186, 109.079362 22.8181, 109.080348 22.817969, 109.08083 22.817773, 109.081965 22.81746, 109.082864 22.81738, 109.084056 22.817301, 109.084402 22.817468, 109.088323 22.819816, 109.089522 22.820921, 109.089711 22.821256, 109.090444 22.822971, 109.09076 22.823335, 109.092921 22.824534, 109.109383 22.829203, 109.109714 22.829233, 109.110044 22.829214, 109.111264 22.82908)"
gis_osm_roads_free,<NA>,1289384619,unclassified,roads:gis_osm_roads_free:1289384619:unclassified,OGC:CRS84,450181,OpenStreetMap,real,kept,<NA>,,unclassified,,B,0,F,F,0,109.1608805,22.8059934,,derived_from_source_layer_osm_id_fclass,smartbidata_task06_20260810,team_shared,team_shared_source,广西壮族自治区,南宁市,横州市,962.218329874695,252.45826419473246,0.26237108185998587,1,True,True,False,False,疑似受影响，需现场核查,Task_20洪涝范围相交筛查；道路通行状态需现场核查,nanning_flood_20260706_0707,2026-07-07,dispatch_v3,074f2c6841becf074f14d90e06a2e9672972f1ec,"LINESTRING (109.158316 22.809926, 109.159529 22.808031, 109.16088 22.805993, 109.161932 22.803897, 109.162479 22.802191)"
gis_osm_roads_free,<NA>,1523992635,motorway,roads:gis_osm_roads_free:1523992635:motorway,OGC:CRS84,450181,OpenStreetMap,real,kept,<NA>,上横高速,motorway,S84,F,120,F,F,0,109.1534653,22.807552,,derived_from_source_layer_osm_id_fclass,smartbidata_task06_20260810,team_shared,team_shared_source,广西壮族自治区,南宁市,横州市,1363.5014775195864,62.962044885766396,0.04617673388979658,1,True,False,False,False,疑似受影响，需现场核查,Task_20洪涝范围相交筛查；道路通行状态需现场核查,nanning_flood_20260706_0707,2026-07-07,dispatch_v3,074f2c6841becf074f14d90e06a2e9672972f1ec,"LINESTRING (109.151287 22.813507, 109.151393 22.81331, 109.15264 22.810306, 109.1528 22.809854, 109.152951 22.809399, 109.153093 22.80894, 109.153226 22.80848, 109.15335 22.808017, 109.153465 22.807552, 109.153571 22.807085, 109.153667 22.806617, 109.153754 22.80615, 109.154052 22.803291, 109.154333 22.801601)"
gis_osm_roads_free,<NA>,1523992637,motorway,roads:gis_osm_roads_free:1523992637:motorway,OGC:CRS84,450181,OpenStreetMap,real,kept,<NA>,上横高速,motorway,S84,F,120,F,F,0,109.1535652,22.8075721,,derived_from_source_layer_osm_id_fclass,smartbidata_task06_20260810,team_shared,team_shared_source,广西壮族自治区,南宁市,横州市,1355.0194048390915,51.39901667474301,0.0379323104091241,1,True,False,False,False,疑似受影响，需现场核查,Task_20洪涝范围相交筛查；道路通行状态需现场核查,nanning_flood_20260706_0707,2026-07-07,dispatch_v3,074f2c6841becf074f14d90e06a2e9672972f1ec,"LINESTRING (109.154436 22.801606, 109.154154 22.803303, 109.153855 22.806162, 109.153768 22.806634, 109.153671 22.807104, 109.153565 22.807572, 109.15345 22.808039, 109.153326 22.808503, 109.153192 22.808965, 109.153049 22.809425, 109.152897 22.809883, 109.152736 22.810338, 109.151489 22.813344, 109.151425 22.813441)"
gis_osm_roads_free,<NA>,830309300,residential,roads:gis_osm_roads_free:830309300:residential,OGC:CRS84,450181,OpenStreetMap,real,kept,<NA>,,residential,,B,0,F,F,0,108.9247844,22.8182739,,derived_from_source_layer_osm_id_fclass,smartbidata_task06_20260810,team_shared,team_shared_source,广西壮族自治区,南宁市,横州市,459.9490446402418,94.72396803689958,0.20594448263500534,1,True,True,False,False,疑似受影响，需现场核查,Task_20洪涝范围相交筛查；道路通行状态需现场核查,nanning_flood_20260706_0707,2026-07-07,dispatch_v3,074f2c6841becf074f14d90e06a2e9672972f1ec,"LINESTRING (108.926491 22.817417, 108.925924 22.817856, 108.925661 22.817873, 108.924978 22.817807, 108.924784 22.818274, 108.924505 22.818615, 108.924387 22.819013, 108.924744 22.819666, 108.924983 22.819708, 108.92522 22.819896)"
gis_osm_roads_free,<NA>,830309301,residential,roads:gis_osm_roads_free:830309301:residential,OGC:CRS84,450181,OpenStreetMap,real,kept,<NA>,,residential,,B,0,F,F,0,108.9267728,22.81837,,derived_from_source_layer_osm_id_fclass,smartbidata_task06_20260810,team_shared,team_shared_source,广西壮族自治区,南宁市,横州市,843.9770541970006,44.03223702585161,0.052172315357253335,1,True,False,False,False,疑似受影响，需现场核查,Task_20洪涝范围相交筛查；道路通行状态需现场核查,nanning_flood_20260706_0707,2026-07-07,dispatch_v3,074f2c6841becf074f14d90e06a2e9672972f1ec,"LINESTRING (108.928488 22.81996, 108.928505 22.819725, 108.928553 22.819641, 108.928859 22.819196, 108.928944 22.818746, 108.9291 22.818405, 108.929004 22.817648, 108.928805 22.817559, 108.926773 22.81837, 108.926418 22.818534, 108.926166 22.818751, 108.926058 22.81888, 108.926134 22.819369, 108.926107 22.819508, 108.925935 22.819522, 108.92571 22.819503, 108.925254 22.819849, 108.92522 22.819896, 108.925104 22.820056, 108.925007 22.820309)"
gis_osm_roads_free,<NA>,830309305,tertiary,roads:gis_osm_roads_free:830309305:tertiary,OGC:CRS84,450181,OpenStreetMap,real,kept,<NA>,,tertiary,,B,0,F,F,0,108.921665,22.8246128,,derived_from_source_layer_osm_id_fclass,smartbidata_task06_20260810,team_shared,team_shared_source,广西壮族自治区,南宁市,横州市,2017.3305025135064,67.58212785327864,0.03350077132580617,1,True,False,False,False,疑似受影响，需现场核查,Task_20洪涝范围相交筛查；道路通行状态需现场核查,nanning_flood_20260706_0707,2026-07-07,dispatch_v3,074f2c6841becf074f14d90e06a2e9672972f1ec,"LINESTRING (108.927409 22.819373, 108.927298 22.819725, 108.927201 22.819977, 108.927196 22.82017, 108.927147 22.820378, 108.927024 22.820615, 108.926654 22.821115, 108.926423 22.821238, 108.926305 22.821451, 108.925747 22.822005, 108.92527 22.822306, 108.925213 22.822374, 108.925162 22.822435, 108.925036 22.822714, 108.92468 22.822966, 108.924532 22.822976, 108.923816 22.822625, 108.92351 22.822672, 108.922877 22.822988, 108.922856 22.823137, 108.922864 22.823518, 108.922512 22.823995, 108.922193 22.824272, 108.921665 22.824613, 108.92078 22.825698, 108.920882 22.825945, 108.921018 22.826149, 108.92115 22.826346, 108.921204 22.826578, 108.921182 22.826816, 108.920957 22.82688, 108.920753 22.826969, 108.920764 22.827359, 108.919932 22.828254, 108.919584 22.828492, 108.918914 22.829336, 108.9182 22.829728, 108.917406 22.830647, 108.916255 22.831676, 108.916054 22.831834)"
gis_osm_roads_free,<NA>,922805225,service,roads:gis_osm_roads_free:922805225:service,OGC:CRS84,450181,OpenStreetMap,real,kept,<NA>,,service,,B,0,F,F,0,108.9120627,22.8033826,,derived_from_source_layer_osm_id_fclass,smartbidata_task06_20260810,team_shared,team_shared_source,广西壮族自治区,南宁市,横州市,127.02968482505908,6.697045591133776,0.05272031966667254,1,True,False,False,False,疑似受影响，需现场核查,Task_20洪涝范围相交筛查；道路通行状态需现场核查,nanning_flood_20260706_0707,2026-07-07,dispatch_v3,074f2c6841becf074f14d90e06a2e9672972f1ec,"LINESTRING (108.912187 22.802997, 108.912133 22.803088, 108.912164 22.803181, 108.912134 22.803288, 108.912063 22.803383, 108.911962 22.803694, 108.91194 22.803794, 108.911839 22.803948, 108.911801 22.804013, 108.911801 22.804051)"
gis_osm_roads_free,<NA>,922805227,service,roads:gis_osm_roads_free:922805227:service,OGC:CRS84,450181,OpenStreetMap,real,kept,<NA>,,service,,B,0,F,F,0,108.9108491,22.8029883,,derived_from_source_layer_osm_id_fclass,smartbidata_task06_20260810,team_shared,team_shared_source,广西壮族自治区,南宁市,横州市,193.9213117227067,69.37364097222728,0.3577411907744648,1,True,True,False,False,疑似受影响，需现场核查,Task_20洪涝范围相交筛查；道路通行状态需现场核查,nanning_flood_20260706_0707,2026-07-07,dispatch_v3,074f2c6841becf074f14d90e06a2e9672972f1ec,"LINESTRING (108.910567 22.803733, 108.910649 22.803692, 108.910732 22.803617, 108.910772 22.803559, 108.910833 22.803469, 108.910851 22.803399, 108.91084 22.803303, 108.910826 22.803193, 108.910836 22.803106, 108.910849 22.802988, 108.910977 22.802923, 108.911037 22.802874, 108.911071 22.802839, 108.911125 22.802817, 108.911134 22.80273, 108.911122 22.802662, 108.911087 22.802586, 108.911055 22.802466, 108.911046 22.802365, 108.911064 22.802245)"
gis_osm_roads_free,<NA>,922805228,service,roads:gis_osm_roads_free:922805228:service,OGC:CRS84,450181,OpenStreetMap,real,kept,<NA>,,service,,B,0,F,F,0,108.911396,22.8028912,,derived_from_source_layer_osm_id_fclass,smartbidata_task06_20260810,team_shared,team_shared_source,广西壮族自治区,南宁市,横州市,78.0880372985733,6.732212845440413,0.0862131137923147,1,True,False,False,False,疑似受影响，需现场核查,Task_20洪涝范围相交筛查；道路通行状态需现场核查,nanning_flood_20260706_0707,2026-07-07,dispatch_v3,074f2c6841becf074f14d90e06a2e9672972f1ec,"LINESTRING (108.911134 22.80273, 108.911256 22.80276, 108.911329 22.802785, 108.911378 22.802821, 108.911396 22.802891, 108.911442 22.802986, 108.911496 22.803059, 108.911563 22.80309, 108.911681 22.803148)"
gis_osm_roads_free,<NA>,922811084,service,roads:gis_osm_roads_free:922811084:service,OGC:CRS84,450181,OpenStreetMap,real,kept,<NA>,,service,,B,0,F,F,0,108.9233502,22.8082567,,derived_from_source_layer_osm_id_fclass,smartbidata_task06_20260810,team_shared,team_shared_source,广西壮族自治区,南宁市,横州市,571.0028653160302,51.31787518316962,0.0898732358457903,1,True,False,False,False,疑似受影响，需现场核查,Task_20洪涝范围相交筛查；道路通行状态需现场核查,nanning_flood_20260706_0707,2026-07-07,dispatch_v3,074f2c6841becf074f14d90e06a2e9672972f1ec,"LINESTRING (108.921882 22.805709, 108.922028 22.806097, 108.922149 22.806215, 108.922226 22.806453, 108.922312 22.80654, 108.922329 22.806746, 108.922423 22.806888, 108.922569 22.807109, 108.922921 22.807458, 108.92335 22.808257, 108.923539 22.80836, 108.923608 22.808977, 108.923556 22.80908, 108.923977 22.809428, 108.924294 22.809483, 108.92438 22.809633, 108.924578 22.809851)"
gis_osm_roads_free,<NA>,694680515,tertiary,roads:gis_osm_roads_free:694680515:tertiary,OGC:CRS84,450181,OpenStreetMap,real,kept,<NA>,景春路,tertiary,,B,0,F,F,0,108.8995656,22.8663826,,derived_from_source_layer_osm_id_fclass,smartbidata_task06_20260810,team_shared,team_shared_source,广西壮族自治区,南宁市,横州市,2081.749874984881,97.17415822744925,0.04667907484714272,1,True,False,False,False,疑似受影响，需现场核查,Task_20洪涝范围相交筛查；道路通行状态需现场核查,nanning_flood_20260706_0707,2026-07-07,dispatch_v3,074f2c6841becf074f14d90e06a2e9672972f1ec,"LINESTRING (108.89183 22.873312, 108.893724 22.872058, 108.894619 22.87122, 108.894755 22.87099, 108.894994 22.870586, 108.895924 22.869346, 108.89688 22.868508, 108.897146 22.868291, 108.898003 22.867543, 108.899566 22.866383, 108.901204 22.865348, 108.902418 22.863642, 108.904633 22.861797, 108.906337 22.86042)"
gis_osm_roads_free,<NA>,830425142,unclassified,roads:gis_osm_roads_free:830425142:unclassified,OGC:CRS84,450181,OpenStreetMap,real,kept,<NA>,,unclassified,,B,0,F,F,0,108.9403653,22.9000305,,derived_from_source_layer_osm_id_fclass,smartbidata_task06_20260810,team_shared,team_shared_source,广西壮族自治区,南宁市,横州市,2809.1321371504446,81.2010954390625,0.028906114584354183,1,True,False,False,False,疑似受影响，需现场核查,Task_20洪涝范围相交筛查；道路通行状态需现场核查,nanning_flood_20260706_0707,2026-07-07,dispatch_v3,074f2c6841becf074f14d90e06a2e9672972f1ec,"LINESTRING (108.928859 22.895133, 108.929374 22.895509, 108.929701 22.895573, 108.93043 22.895622, 108.930731 22.8958, 108.931782 22.895786, 108.932276 22.895628, 108.932726 22.895628, 108.933649 22.895796, 108.934164 22.895993, 108.934765 22.896309, 108.935516 22.896764, 108.936511 22.897703, 108.936846 22.898155, 108.936959 22.898308, 108.93709 22.898612, 108.93716 22.898753, 108.937249 22.898847, 108.937377 22.898872, 108.937702 22.898738, 108.93823 22.898553, 108.938906 22.898667, 108.939588 22.89918, 108.939904 22.899536, 108.940365 22.90003, 108.941406 22.900757, 108.941706 22.900915, 108.942178 22.900816, 108.942779 22.900658, 108.943058 22.900727, 108.943337 22.900885, 108.94396 22.901508, 108.944281 22.901775, 108.944625 22.901923, 108.945022 22.902032, 108.94544 22.90221, 108.945934 22.902388, 108.946449 22.902486, 108.946738 22.902872, 108.94691 22.903297, 108.947114 22.903722, 108.947532 22.904433, 108.9478 22.904572, 108.947886 22.904947, 108.948294 22.905422, 108.94919 22.90599, 108.949254 22.906212, 108.949238 22.907067, 108.949356 22.90749)"
gis_osm_roads_free,<NA>,830425141,unclassified,roads:gis_osm_roads_free:830425141:unclassified,OGC:CRS84,450181,OpenStreetMap,real,kept,<NA>,,unclassified,,B,0,F,T,-1,108.9492676,22.9078183,,derived_from_source_layer_osm_id_fclass,smartbidata_task06_20260810,team_shared,team_shared_source,广西壮族自治区,南宁市,横州市,37.51843660037398,11.268360987924666,0.300341965416873,1,True,True,False,False,疑似受影响，需现场核查,Task_20洪涝范围相交筛查；道路通行状态需现场核查,nanning_flood_20260706_0707,2026-07-07,dispatch_v3,074f2c6841becf074f14d90e06a2e9672972f1ec,"LINESTRING (108.949356 22.90749, 108.949268 22.907818)"
gis_osm_roads_free,<NA>,830425140,unclassified,roads:gis_osm_roads_free:830425140:unclassified,OGC:CRS84,450181,OpenStreetMap,real,kept,<NA>,,unclassified,,B,0,F,F,0,108.9487606,22.908683,,derived_from_source_layer_osm_id_fclass,smartbidata_task06_20260810,team_shared,team_shared_source,广西壮族自治区,南宁市,横州市,269.4338484471951,32.565211125175935,0.120865330443284,1,True,False,False,False,疑似受影响，需现场核查,Task_20洪涝范围相交筛查；道路通行状态需现场核查,nanning_flood_20260706_0707,2026-07-07,dispatch_v3,074f2c6841becf074f14d90e06a2e9672972f1ec,"LINESTRING (108.949268 22.907818, 108.949088 22.908357, 108.948814 22.908545, 108.948761 22.908683, 108.948718 22.909044, 108.94861 22.909152, 108.948439 22.909261, 108.948262 22.909301, 108.947752 22.909553)"
gis_osm_roads_free,<NA>,387873279,tertiary,roads:gis_osm_roads_free:387873279:tertiary,OGC:CRS84,450181,OpenStreetMap,real,kept,<NA>,,tertiary,,B,0,F,F,0,109.1944161,22.8930626,,derived_from_source_layer_osm_id_fclass,smartbidata_task06_20260810,team_shared,team_shared_source,广西壮族自治区,南宁市,横州市,1422.2825614034195,150.64055548439003,0.10591464704154661,1,True,True,False,False,疑似受影响，需现场核查,Task_20洪涝范围相交筛查；道路通行状态需现场核查,nanning_flood_20260706_0707,2026-07-07,dispatch_v3,074f2c6841becf074f14d90e06a2e9672972f1ec,"LINESTRING (109.188454 22.896812, 109.190238 22.896058, 109.190531 22.895873, 109.190852 22.89561, 109.191304 22.89524, 109.192997 22.893874, 109.193041 22.893838, 109.193308 22.893667, 109.193397 22.89361, 109.194416 22.893063, 109.194519 22.893026, 109.194764 22.893006, 109.196007 22.892942, 109.196098 22.892962, 109.196324 22.893013, 109.196787 22.893162, 109.197343 22.89324, 109.197691 22.89324, 109.197831 22.893236, 109.200965 22.893124)"
gis_osm_roads_free,<NA>,1373581262,residential,roads:gis_osm_roads_free:1373581262:residential,OGC:CRS84,450181,OpenStreetMap,real,kept,<NA>,,residential,,B,0,F,F,0,109.198823,22.8898441,,derived_from_source_layer_osm_id_fclass,smartbidata_task06_20260810,team_shared,team_shared_source,广西壮族自治区,南宁市,横州市,640.6298552135505,172.92148866803203,0.26992418049325784,1,True,True,False,False,疑似受影响，需现场核查,Task_20洪涝范围相交筛查；道路通行状态需现场核查,nanning_flood_20260706_0707,2026-07-07,dispatch_v3,074f2c6841becf074f14d90e06a2e9672972f1ec,"LINESTRING (109.198335 22.892483, 109.198297 22.892369, 109.198313 22.892093, 109.198716 22.890487, 109.198823 22.889844, 109.198898 22.889108, 109.198952 22.888964, 109.199043 22.88888, 109.199354 22.888698, 109.199553 22.888535, 109.200266 22.887774, 109.200524 22.887354)"
gis_osm_roads_free,<NA>,1427917572,unclassified,roads:gis_osm_roads_free:1427917572:unclassified,OGC:CRS84,450181,OpenStreetMap,real,kept,<NA>,,unclassified,,B,0,F,F,0,109.2733275,22.8870629,,derived_from_source_layer_osm_id_fclass,smartbidata_task06_20260810,team_shared,team_shared_source,广西壮族自治区,南宁市,横州市,2868.3108600514247,947.9214573518784,0.33048072667231176,1,True,True,False,False,疑似受影响，需现场核查,Task_20洪涝范围相交筛查；道路通行状态需现场核查,nanning_flood_20260706_0707,2026-07-07,dispatch_v3,074f2c6841becf074f14d90e06a2e9672972f1ec,"LINESTRING (109.271057 22.899647, 109.271665 22.898465, 109.271756 22.89825, 109.271928 22.898166, 109.27223 22.897957, 109.272314 22.897863, 109.272351 22.897751, 109.272355 22.89762, 109.272358 22.897433, 109.272504 22.897118, 109.272514 22.896913, 109.272507 22.896782, 109.272406 22.896274, 109.272365 22.896072, 109.272546 22.894403, 109.272725 22.892743, 109.273069 22.889559, 109.273328 22.887063, 109.273469 22.886538, 109.273517 22.886306, 109.273522 22.885918, 109.273575 22.885181, 109.27375 22.884008, 109.273753 22.882827, 109.273827 22.882477, 109.273774 22.882011, 109.273534 22.880166, 109.273821 22.879784, 109.273993 22.879296, 109.274181 22.879026, 109.274486 22.877955, 109.274727 22.877437, 109.275108 22.877053, 109.275104 22.87691, 109.274912 22.876675, 109.274873 22.876425, 109.274883 22.876093, 109.274816 22.875855, 109.274661 22.87566, 109.274456 22.875416, 109.27438 22.874876)"
gis_osm_roads_free,<NA>,1427917574,residential,roads:gis_osm_roads_free:1427917574:residential,OGC:CRS84,450181,OpenStreetMap,real,kept,<NA>,,residential,,B,0,F,F,0,109.2722952,22.901137,,derived_from_source_layer_osm_id_fclass,smartbidata_task06_20260810,team_shared,team_shared_source,广西壮族自治区,南宁市,横州市,626.4902550340884,64.54638836185958,0.10302855925244601,2,True,False,False,False,疑似受影响，需现场核查,Task_20洪涝范围相交筛查；道路通行状态需现场核查,nanning_flood_20260706_0707,2026-07-07,dispatch_v3,074f2c6841becf074f14d90e06a2e9672972f1ec,"LINESTRING (109.271665 22.898465, 109.271861 22.898683, 109.272054 22.899119, 109.272077 22.899447, 109.272197 22.900071, 109.27224 22.900344, 109.272362 22.900581, 109.272355 22.900942, 109.272295 22.901137, 109.272338 22.901585, 109.272408 22.901872, 109.272497 22.903185, 109.2726 22.90353, 109.272603 22.903664, 109.272526 22.903939)"
gis_osm_roads_free,<NA>,1427917575,unclassified,roads:gis_osm_roads_free:1427917575:unclassified,OGC:CRS84,450181,OpenStreetMap,real,kept,<NA>,,unclassified,,B,0,F,F,0,109.2730694,22.8895589,,derived_from_source_layer_osm_id_fclass,smartbidata_task06_20260810,team_shared,team_shared_source,广西壮族自治区,南宁市,横州市,780.7307920340858,571.6848097759184,0.7322431952331135,1,True,True,False,False,疑似受影响，需现场核查,Task_20洪涝范围相交筛查；道路通行状态需现场核查,nanning_flood_20260706_0707,2026-07-07,dispatch_v3,074f2c6841becf074f14d90e06a2e9672972f1ec,"LINESTRING (109.269681 22.889364, 109.271694 22.88948, 109.273069 22.889559, 109.274469 22.889639, 109.277105 22.889791, 109.277273 22.88975)"
gis_osm_roads_free,<NA>,1427917576,unclassified,roads:gis_osm_roads_free:1427917576:unclassified,OGC:CRS84,450181,OpenStreetMap,real,kept,<NA>,,unclassified,,B,0,F,F,0,109.2741324,22.8928219,,derived_from_source_layer_osm_id_fclass,smartbidata_task06_20260810,team_shared,team_shared_source,广西壮族自治区,南宁市,横州市,618.80136697658,596.7166153926473,0.9643104350401855,1,True,True,False,False,疑似受影响，需现场核查,Task_20洪涝范围相交筛查；道路通行状态需现场核查,nanning_flood_20260706_0707,2026-07-07,dispatch_v3,074f2c6841becf074f14d90e06a2e9672972f1ec,"LINESTRING (109.270587 22.892623, 109.27136 22.892666, 109.272725 22.892743, 109.274132 22.892822, 109.276608 22.892975)"
gis_osm_roads_free,<NA>,1427917577,unclassified,roads:gis_osm_roads_free:1427917577:unclassified,OGC:CRS84,450181,OpenStreetMap,real,kept,<NA>,,unclassified,,B,0,F,F,0,109.2744687,22.8896394,,derived_from_source_layer_osm_id_fclass,smartbidata_task06_20260810,team_shared,team_shared_source,广西壮族自治区,南宁市,横州市,1104.7923774708504,669.6609790454303,0.6061419255792241,1,True,True,False,False,疑似受影响，需现场核查,Task_20洪涝范围相交筛查；道路通行状态需现场核查,nanning_flood_20260706_0707,2026-07-07,dispatch_v3,074f2c6841becf074f14d90e06a2e9672972f1ec,"LINESTRING (109.273804 22.895927, 109.273954 22.894514, 109.274132 22.892822, 109.274469 22.889639, 109.274853 22.886002)"
gis_osm_roads_free,<NA>,387841534,motorway,roads:gis_osm_roads_free:387841534:motorway,OGC:CRS84,450181,OpenStreetMap,real,kept,<NA>,兴六高速,motorway,G80,F,0,F,F,0,109.1150003,22.8968757,,derived_from_source_layer_osm_id_fclass,smartbidata_task06_20260810,team_shared,team_shared_source,广西壮族自治区,南宁市,横州市,23857.986742283658,221.6548727935301,0.009290594180802766,3,True,True,False,False,疑似受影响，需现场核查,Task_20洪涝范围相交筛查；道路通行状态需现场核查,nanning_flood_20260706_0707,2026-07-07,dispatch_v3,074f2c6841becf074f14d90e06a2e9672972f1ec,"LINESTRING (109.231084 22.879264, 109.23001 22.879422, 109.228045 22.879723, 109.227827 22.879756, 109.226234 22.88, 109.224185 22.880318, 109.223982 22.880347, 109.221538 22.880707, 109.219608 22.881003, 109.217484 22.881322, 109.215522 22.881618, 109.213219 22.881992, 109.211622 22.88225, 109.210641 22.882362, 109.209559 22.882448, 109.207728 22.882578, 109.205789 22.882663, 109.203472 22.882671, 109.201802 22.882711, 109.201015 22.882767, 109.199982 22.882874, 109.198742 22.883012, 109.196936 22.883339, 109.194922 22.883817, 109.192729 22.884427, 109.191207 22.88483, 109.189529 22.885139, 109.188265 22.885325, 109.187021 22.885435, 109.18505 22.885523, 109.18363 22.885576, 109.181853 22.885666, 109.180169 22.885861, 109.179576 22.885946, 109.179336 22.886013, 109.178097 22.886278, 109.176332 22.886736, 109.173797 22.887493, 109.171187 22.888298, 109.169561 22.888802, 109.16727 22.889516, 109.166306 22.889799, 109.165247 22.890079, 109.163806 22.890423, 109.162102 22.890708, 109.16008 22.890918, 109.158534 22.891038, 109.156512 22.89119, 109.153899 22.891409, 109.152328 22.891585, 109.150442 22.891902, 109.149487 22.892088, 109.148708 22.892288, 109.147085 22.892734, 109.145728 22.893152, 109.143836 22.89373, 109.142004 22.894285, 109.139915 22.894831, 109.137569 22.89533, 109.135922 22.895634, 109.133614 22.896018, 109.130972 22.89646, 109.129363 22.896732, 109.12708 22.897081, 109.125032 22.897382, 109.123895 22.897494, 109.123049 22.897577, 109.12281 22.897601, 109.121832 22.897646, 109.120802 22.897641, 109.119213 22.897553, 109.117865 22.897428, 109.116942 22.897289, 109.115 22.896876, 109.111386 22.896089, 109.108163 22.895348, 109.105628 22.894773, 109.103065 22.894194, 109.100739 22.893669, 109.099764 22.893499, 109.097967 22.893213, 109.097252 22.893133, 109.096193 22.89304, 109.094923 22.893003, 109.09411 22.893043, 109.092626 22.893125, 109.09059 22.893332, 109.090129 22.893397, 109.089496 22.893463, 109.087708 22.893678, 109.084623 22.894056, 109.082516 22.894329, 109.08198 22.894395, 109.081258 22.894498, 109.080642 22.894573, 109.079464 22.894717, 109.077809 22.894912, 109.07677 22.894968, 109.075876 22.895005, 109.074317 22.894992, 109.073758 22.894941, 109.072552 22.894797, 109.071502 22.894579, 109.070605 22.894357, 109.070066 22.894203, 109.067153 22.893163, 109.06467 22.892244, 109.063904 22.892022, 109.062614 22.891718, 109.061249 22.891487, 109.058856 22.891188, 109.056168 22.89086, 109.053931 22.890596, 109.051738 22.890343, 109.049204 22.890044, 109.04684 22.88977, 109.045196 22.88953, 109.043865 22.889309, 109.042586 22.889072, 109.04013 22.888544, 109.03886 22.888227, 109.035649 22.88734, 109.032339 22.886258, 109.028375 22.884946, 109.024637 22.883726, 109.019892 22.882158, 109.016587 22.881076, 109.013356 22.880026, 109.011853 22.879536, 109.011019 22.879282, 109.00983 22.878903, 109.008565 22.878502, 109.006891 22.87802, 109.005345 22.877624, 109.004206 22.877362)"
gis_osm_roads_free,<NA>,231114499,motorway,roads:gis_osm_roads_free:231114499:motorway,OGC:CRS84,450181,OpenStreetMap,real,kept,<NA>,兴六高速,motorway,G80,F,0,F,F,0,109.1220813,22.8975043,,derived_from_source_layer_osm_id_fclass,smartbidata_task06_20260810,team_shared,team_shared_source,广西壮族自治区,南宁市,横州市,22868.44455203684,274.221440659747,0.011991258961043886,3,True,True,False,False,疑似受影响，需现场核查,Task_20洪涝范围相交筛查；道路通行状态需现场核查,nanning_flood_20260706_0707,2026-07-07,dispatch_v3,074f2c6841becf074f14d90e06a2e9672972f1ec,"LINESTRING (109.013431 22.879872, 109.036099 22.887367, 109.039319 22.888194, 109.041804 22.888766, 109.044328 22.889234, 109.045952 22.889492, 109.058762 22.891053, 109.060659 22.891271, 109.062446 22.891528, 109.063915 22.891862, 109.065367 22.892383, 109.07021 22.894096, 109.071693 22.894472, 109.072642 22.894658, 109.075252 22.894873, 109.077488 22.894794, 109.080485 22.894467, 109.08102 22.894408, 109.081824 22.894301, 109.083211 22.894132, 109.08586 22.893793, 109.089251 22.893357, 109.092043 22.893034, 109.092778 22.892962, 109.093473 22.892925, 109.09493 22.892861, 109.096082 22.892893, 109.097787 22.893037, 109.098796 22.893171, 109.100781 22.893538, 109.101924 22.893793, 109.10868 22.895337, 109.11532 22.896794, 109.116945 22.897142, 109.118209 22.897316, 109.119117 22.897413, 109.120271 22.897504, 109.122081 22.897504, 109.123111 22.89747, 109.124022 22.897385, 109.126006 22.897125, 109.12896 22.896656, 109.130716 22.896369, 109.130764 22.89636, 109.136617 22.895288, 109.139252 22.894762, 109.141894 22.894111, 109.143978 22.893517, 109.148116 22.892241, 109.14938 22.891913, 109.150366 22.891697, 109.15226 22.891389, 109.153526 22.891241, 109.155764 22.891051, 109.157464 22.890921, 109.15964 22.890764, 109.162218 22.89049, 109.163796 22.890223, 109.164596 22.890047, 109.166352 22.889579, 109.169208 22.888701, 109.172939 22.887531, 109.176086 22.886608, 109.177588 22.886198, 109.178579 22.885973, 109.179428 22.885805, 109.180299 22.885669, 109.182037 22.885495, 109.183305 22.885416, 109.18556 22.885319, 109.187452 22.885229, 109.188242 22.885152, 109.189532 22.884994, 109.191106 22.884675, 109.194072 22.883875, 109.195495 22.883486, 109.196809 22.88318, 109.198396 22.882878, 109.199766 22.8827, 109.200946 22.882588, 109.202245 22.882524, 109.204647 22.882492, 109.205693 22.882478, 109.207387 22.882398, 109.208826 22.882299, 109.210692 22.882132, 109.211231 22.882086, 109.224053 22.880142, 109.226368 22.879781, 109.230528 22.879133, 109.230699 22.879106, 109.231088 22.879056)"
gis_osm_roads_free,<NA>,830425194,secondary,roads:gis_osm_roads_free:830425194:secondary,OGC:CRS84,450181,OpenStreetMap,real,kept,<NA>,,secondary,X470,B,0,F,F,0,109.0246564,22.8891437,,derived_from_source_layer_osm_id_fclass,smartbidata_task06_20260810,team_shared,team_shared_source,广西壮族自治区,南宁市,横州市,2071.6531805177183,66.83063852158047,0.03225956890374821,1,True,False,False,False,疑似受影响，需现场核查,Task_20洪涝范围相交筛查；道路通行状态需现场核查,nanning_flood_20260706_0707,2026-07-07,dispatch_v3,074f2c6841becf074f14d90e06a2e9672972f1ec,"LINESTRING (109.034516 22.887132, 109.034012 22.88772, 109.033443 22.887987, 109.030052 22.888795, 109.028315 22.889208, 109.027821 22.889173, 109.026963 22.888944, 109.026298 22.888701, 109.025914 22.888751, 109.025477 22.88885, 109.024656 22.889144, 109.023594 22.889635, 109.020842 22.890221, 109.017699 22.891051, 109.015532 22.891901)"
gis_osm_roads_free,<NA>,830425190,residential,roads:gis_osm_roads_free:830425190:residential,OGC:CRS84,450181,OpenStreetMap,real,kept,<NA>,,residential,,B,0,F,F,0,109.0294951,22.8871792,,derived_from_source_layer_osm_id_fclass,smartbidata_task06_20260810,team_shared,team_shared_source,广西壮族自治区,南宁市,横州市,714.9693534612668,72.99924897197704,0.10210122800170028,1,True,False,False,False,疑似受影响，需现场核查,Task_20洪涝范围相交筛查；道路通行状态需现场核查,nanning_flood_20260706_0707,2026-07-07,dispatch_v3,074f2c6841becf074f14d90e06a2e9672972f1ec,"LINESTRING (109.030052 22.888795, 109.030048 22.888635, 109.029495 22.887179, 109.029238 22.886472, 109.029189 22.886423, 109.028939 22.886314, 109.028513 22.886285, 109.028311 22.886398, 109.027914 22.886712, 109.027705 22.887104, 109.027689 22.887233, 109.027677 22.887332, 109.027685 22.887528, 109.027687 22.887762, 109.027762 22.888081, 109.027993 22.888506, 109.027821 22.889173)"
gis_osm_roads_free,<NA>,387829352,primary,roads:gis_osm_roads_free:387829352:primary,OGC:CRS84,450181,OpenStreetMap,real,kept,<NA>,,primary,S210;X470,B,0,F,F,0,109.0731829,22.8894656,,derived_from_source_layer_osm_id_fclass,smartbidata_task06_20260810,team_shared,team_shared_source,广西壮族自治区,南宁市,横州市,1876.8380104680566,203.94252794250752,0.10866282908009049,2,True,True,False,False,疑似受影响，需现场核查,Task_20洪涝范围相交筛查；道路通行状态需现场核查,nanning_flood_20260706_0707,2026-07-07,dispatch_v3,074f2c6841becf074f14d90e06a2e9672972f1ec,"LINESTRING (109.067513 22.883751, 109.067697 22.884037, 109.068065 22.884605, 109.06836 22.885063, 109.068638 22.885492, 109.068978 22.886019, 109.069051 22.886132, 109.069263 22.886459, 109.069533 22.886884, 109.069661 22.887075, 109.069854 22.887231, 109.070015 22.887295, 109.070178 22.88736, 109.070982 22.88763, 109.071623 22.887978, 109.072519 22.888605, 109.072835 22.888918, 109.073183 22.889466, 109.0737 22.89044, 109.07394 22.890696, 109.074303 22.89096, 109.076076 22.891769, 109.076689 22.892048, 109.081073 22.894226)"
gis_osm_roads_free,<NA>,1536188438,residential,roads:gis_osm_roads_free:1536188438:residential,OGC:CRS84,450181,OpenStreetMap,real,kept,<NA>,,residential,,B,0,F,F,0,109.0739554,22.8908968,,derived_from_source_layer_osm_id_fclass,smartbidata_task06_20260810,team_shared,team_shared_source,广西壮族自治区,南宁市,横州市,219.8245695333474,89.8361816721365,0.40867216009040497,2,True,True,False,False,疑似受影响，需现场核查,Task_20洪涝范围相交筛查；道路通行状态需现场核查,nanning_flood_20260706_0707,2026-07-07,dispatch_v3,074f2c6841becf074f14d90e06a2e9672972f1ec,"LINESTRING (109.074658 22.892557, 109.073955 22.890897, 109.07394 22.890696)"
gis_osm_roads_free,<NA>,1536188458,residential,roads:gis_osm_roads_free:1536188458:residential,OGC:CRS84,450181,OpenStreetMap,real,kept,<NA>,,residential,,B,0,F,F,0,109.0693581,22.8783746,,derived_from_source_layer_osm_id_fclass,smartbidata_task06_20260810,team_shared,team_shared_source,广西壮族自治区,南宁市,横州市,287.04678770517194,60.731195865537416,0.21157246298089535,1,True,True,False,False,疑似受影响，需现场核查,Task_20洪涝范围相交筛查；道路通行状态需现场核查,nanning_flood_20260706_0707,2026-07-07,dispatch_v3,074f2c6841becf074f14d90e06a2e9672972f1ec,"LINESTRING (109.070674 22.878746, 109.070281 22.878656, 109.070077 22.878577, 109.069358 22.878375, 109.06887 22.878281, 109.068875 22.877954, 109.069026 22.877445)"
gis_osm_roads_free,<NA>,1536188459,residential,roads:gis_osm_roads_free:1536188459:residential,OGC:CRS84,450181,OpenStreetMap,real,kept,<NA>,,residential,,B,0,F,F,0,109.0676737,22.8813103,,derived_from_source_layer_osm_id_fclass,smartbidata_task06_20260810,team_shared,team_shared_source,广西壮族自治区,南宁市,横州市,332.952792804691,14.617729387218048,0.04390330912704721,1,True,False,False,False,疑似受影响，需现场核查,Task_20洪涝范围相交筛查；道路通行状态需现场核查,nanning_flood_20260706_0707,2026-07-07,dispatch_v3,074f2c6841becf074f14d90e06a2e9672972f1ec,"LINESTRING (109.068892 22.880874, 109.068607 22.880841, 109.068317 22.88093, 109.06799 22.881122, 109.067936 22.881128, 109.067674 22.88131, 109.066503 22.881028, 109.065838 22.881124)"
gis_osm_roads_free,<NA>,990436750,motorway_link,roads:gis_osm_roads_free:990436750:motorway_link,OGC:CRS84,450181,OpenStreetMap,real,kept,<NA>,,motorway_link,,F,0,F,F,0,109.0832324,22.8938354,,derived_from_source_layer_osm_id_fclass,smartbidata_task06_20260810,team_shared,team_shared_source,广西壮族自治区,南宁市,横州市,627.0127057356109,7.558899089285418,0.012055416134538012,1,True,False,False,False,疑似受影响，需现场核查,Task_20洪涝范围相交筛查；道路通行状态需现场核查,nanning_flood_20260706_0707,2026-07-07,dispatch_v3,074f2c6841becf074f14d90e06a2e9672972f1ec,"LINESTRING (109.080485 22.894467, 109.080789 22.894371, 109.08235 22.894118, 109.082809 22.894015, 109.083232 22.893835, 109.083492 22.893679, 109.083649 22.893549, 109.083884 22.89325, 109.08405 22.892968, 109.084259 22.89276, 109.08445 22.892658, 109.084626 22.892621, 109.084828 22.892627, 109.08495 22.892659, 109.085094 22.892735, 109.085261 22.892891, 109.085401 22.893073, 109.085505 22.893248, 109.08555 22.893337)"
gis_osm_roads_free,<NA>,387844255,secondary,roads:gis_osm_roads_free:387844255:secondary,OGC:CRS84,450181,OpenStreetMap,real,kept,<NA>,,secondary,X470,B,0,F,F,0,109.1320944,22.9097041,,derived_from_source_layer_osm_id_fclass,smartbidata_task06_20260810,team_shared,team_shared_source,广西壮族自治区,南宁市,横州市,11409.834361774389,521.242191525799,0.04568358969978408,5,True,True,False,False,疑似受影响，需现场核查,Task_20洪涝范围相交筛查；道路通行状态需现场核查,nanning_flood_20260706_0707,2026-07-07,dispatch_v3,074f2c6841becf074f14d90e06a2e9672972f1ec,"LINESTRING (109.081954 22.894731, 109.082692 22.895096, 109.088194 22.897812, 109.088449 22.898054, 109.090428 22.90039, 109.090806 22.90071, 109.092414 22.901835, 109.0936 22.90259, 109.094797 22.903216, 109.095716 22.903621, 109.096504 22.90387, 109.097315 22.904027, 109.098033 22.90402, 109.098889 22.903895, 109.099447 22.903813, 109.100042 22.903828, 109.100551 22.903963, 109.106823 22.905834, 109.107634 22.906111, 109.108476 22.906481, 109.109766 22.907086, 109.110584 22.907527, 109.111225 22.907897, 109.111843 22.90821, 109.112585 22.908345, 109.11423 22.908516, 109.120254 22.909185, 109.120478 22.909206, 109.123158 22.909683, 109.123507 22.909739, 109.123815 22.90979, 109.124456 22.909832, 109.132094 22.909704, 109.135709 22.909441, 109.13944 22.909156, 109.14507 22.908082, 109.151566 22.906773, 109.152222 22.906666, 109.153767 22.906716, 109.154246 22.906645, 109.158494 22.905364, 109.159204 22.905065, 109.159668 22.90471, 109.162858 22.901743, 109.162989 22.901622, 109.163406 22.90128, 109.164588 22.900647, 109.165236 22.900391, 109.165901 22.900206, 109.16716 22.899986, 109.168519 22.899843, 109.168942 22.899868, 109.16926 22.899886, 109.170527 22.900256, 109.171037 22.900348, 109.171817 22.900341, 109.172435 22.900341, 109.175771 22.900361, 109.176042 22.900363, 109.177123 22.900505, 109.178884 22.900868, 109.179401 22.900854, 109.179834 22.900747, 109.182082 22.899936, 109.182761 22.899601, 109.185387 22.898136)"
gis_osm_roads_free,<NA>,990432961,motorway,roads:gis_osm_roads_free:990432961:motorway,OGC:CRS84,450181,OpenStreetMap,real,kept,<NA>,上横高速,motorway,S84,F,120,T,F,1,109.0836248,22.8924561,,derived_from_source_layer_osm_id_fclass,smartbidata_task06_20260810,team_shared,team_shared_source,广西壮族自治区,南宁市,横州市,648.187566708688,130.07753254653028,0.2006788454876217,1,True,True,True,True,疑似受影响，需现场核查,Task_20洪涝范围相交筛查；道路通行状态需现场核查,nanning_flood_20260706_0707,2026-07-07,dispatch_v3,074f2c6841becf074f14d90e06a2e9672972f1ec,"LINESTRING (109.083296 22.895793, 109.083451 22.894942, 109.083603 22.893564, 109.083625 22.892456, 109.08356 22.890371, 109.083581 22.889963)"
gis_osm_roads_free,<NA>,990432991,motorway,roads:gis_osm_roads_free:990432991:motorway,OGC:CRS84,450181,OpenStreetMap,real,kept,<NA>,上横高速,motorway,S84,F,120,T,F,1,109.0837562,22.8935007,,derived_from_source_layer_osm_id_fclass,smartbidata_task06_20260810,team_shared,team_shared_source,广西壮族自治区,南宁市,横州市,655.9327895650022,50.03421095552024,0.07627947825066292,1,True,False,True,True,疑似受影响，需现场核查,Task_20洪涝范围相交筛查；道路通行状态需现场核查,nanning_flood_20260706_0707,2026-07-07,dispatch_v3,074f2c6841becf074f14d90e06a2e9672972f1ec,"LINESTRING (109.083691 22.88995, 109.08374 22.890917, 109.083782 22.892286, 109.083756 22.893501, 109.083596 22.894889, 109.083401 22.895844)"
gis_osm_roads_free,<NA>,387873281,residential,roads:gis_osm_roads_free:387873281:residential,OGC:CRS84,450181,OpenStreetMap,real,kept,<NA>,,residential,,B,0,F,F,0,109.1648579,22.8989041,,derived_from_source_layer_osm_id_fclass,smartbidata_task06_20260810,team_shared,team_shared_source,广西壮族自治区,南宁市,横州市,772.040482927223,144.60016951536454,0.18729609743663583,2,True,True,False,False,疑似受影响，需现场核查,Task_20洪涝范围相交筛查；道路通行状态需现场核查,nanning_flood_20260706_0707,2026-07-07,dispatch_v3,074f2c6841becf074f14d90e06a2e9672972f1ec,"LINESTRING (109.162858 22.901743, 109.162973 22.901451, 109.163475 22.900711, 109.164232 22.899637, 109.164858 22.898904, 109.165298 22.898406, 109.16553 22.897993, 109.16569 22.89763, 109.165792 22.897396, 109.166094 22.89667, 109.166248 22.896435, 109.166434 22.896222, 109.166658 22.896015, 109.16675 22.895841)"
gis_osm_roads_free,<NA>,1536188453,unclassified,roads:gis_osm_roads_free:1536188453:unclassified,OGC:CRS84,450181,OpenStreetMap,real,kept,<NA>,,unclassified,,B,0,F,F,0,109.1000426,22.889093,,derived_from_source_layer_osm_id_fclass,smartbidata_task06_20260810,team_shared,team_shared_source,广西壮族自治区,南宁市,横州市,960.2963672310408,316.1106364896815,0.32918028983194875,1,True,True,False,False,疑似受影响，需现场核查,Task_20洪涝范围相交筛查；道路通行状态需现场核查,nanning_flood_20260706_0707,2026-07-07,dispatch_v3,074f2c6841becf074f14d90e06a2e9672972f1ec,"LINESTRING (109.099241 22.892941, 109.099313 22.890462, 109.099276 22.890343, 109.098986 22.890042, 109.09898 22.890007, 109.09905 22.889908, 109.099748 22.889306, 109.099892 22.889202, 109.100043 22.889093, 109.100268 22.888876, 109.100407 22.888549, 109.10059 22.888332, 109.100697 22.888114, 109.100718 22.887996, 109.100761 22.887848, 109.101083 22.8868, 109.101266 22.886187, 109.101319 22.885075)"
gis_osm_roads_free,<NA>,1536188455,residential,roads:gis_osm_roads_free:1536188455:residential,OGC:CRS84,450181,OpenStreetMap,real,kept,<NA>,,residential,,B,0,F,F,0,109.1067749,22.8902544,,derived_from_source_layer_osm_id_fclass,smartbidata_task06_20260810,team_shared,team_shared_source,广西壮族自治区,南宁市,横州市,1609.0929758159887,55.53471437923917,0.034513055002975766,1,True,False,False,False,疑似受影响，需现场核查,Task_20洪涝范围相交筛查；道路通行状态需现场核查,nanning_flood_20260706_0707,2026-07-07,dispatch_v3,074f2c6841becf074f14d90e06a2e9672972f1ec,"LINESTRING (109.100043 22.889093, 109.100118 22.889222, 109.100772 22.889933, 109.101158 22.890368, 109.101362 22.890581, 109.101555 22.890719, 109.10169 22.890768, 109.102006 22.890833, 109.102639 22.890912, 109.102988 22.890996, 109.103819 22.891361, 109.104087 22.891416, 109.104146 22.891411, 109.104672 22.891406, 109.104844 22.891332, 109.10516 22.891203, 109.105466 22.89105, 109.106458 22.890546, 109.106775 22.890254, 109.108465 22.886202, 109.108475 22.886123, 109.108459 22.886054, 109.108325 22.885871, 109.108288 22.885757, 109.108277 22.885362, 109.10818 22.885055, 109.107998 22.884349, 109.107998 22.884265, 109.108078 22.884186, 109.108475 22.883988, 109.10869 22.884008)"
gis_osm_roads_free,<NA>,1091942605,unclassified,roads:gis_osm_roads_free:1091942605:unclassified,OGC:CRS84,450103,OpenStreetMap,real,kept,<NA>,,unclassified,,B,0,F,F,0,108.773416,22.8570033,,derived_from_source_layer_osm_id_fclass,smartbidata_task06_20260810,team_shared,team_shared_source,广西壮族自治区,南宁市,青秀区,1286.5638209617703,247.43030133951916,0.19231871540935508,1,True,True,False,False,疑似受影响，需现场核查,Task_20洪涝范围相交筛查；道路通行状态需现场核查,nanning_flood_20260706_0707,2026-07-07,dispatch_v3,074f2c6841becf074f14d90e06a2e9672972f1ec,"LINESTRING (108.778578 22.859795, 108.778579 22.859676, 108.778274 22.859493, 108.77761 22.858656, 108.77736 22.85854, 108.777053 22.858302, 108.774927 22.8577, 108.774236 22.857317, 108.773416 22.857003, 108.773016 22.856943, 108.77096 22.855936, 108.769892 22.854786, 108.768718 22.854264, 108.768114 22.854018)"
gis_osm_roads_free,<NA>,260646404,trunk,roads:gis_osm_roads_free:260646404:trunk,OGC:CRS84,450103,OpenStreetMap,real,kept,<NA>,甘钦线,trunk,G242,B,0,F,F,0,108.7909923,22.8005668,,derived_from_source_layer_osm_id_fclass,smartbidata_task06_20260810,team_shared,team_shared_source,广西壮族自治区,南宁市,青秀区,6271.438363063946,77.49394924051859,0.012356646873375073,1,True,False,False,False,疑似受影响，需现场核查,Task_20洪涝范围相交筛查；道路通行状态需现场核查,nanning_flood_20260706_0707,2026-07-07,dispatch_v3,074f2c6841becf074f14d90e06a2e9672972f1ec,"LINESTRING (108.793045 22.774841, 108.792966 22.775207, 108.792915 22.775546, 108.792699 22.776223, 108.792598 22.776516, 108.792584 22.776788, 108.79254 22.777273, 108.792382 22.777705, 108.792094 22.778522, 108.792036 22.778908, 108.792111 22.780066, 108.792087 22.78066, 108.792095 22.780905, 108.792152 22.781179, 108.792393 22.781691, 108.792577 22.782027, 108.792617 22.782336, 108.792543 22.78264, 108.792412 22.783044, 108.792264 22.783978, 108.792031 22.784791, 108.791991 22.785321, 108.791912 22.786396, 108.79192 22.786835, 108.791929 22.787294, 108.792014 22.787676, 108.792276 22.788421, 108.792373 22.788872, 108.792447 22.789455, 108.79252 22.79, 108.792498 22.790404, 108.792566 22.790619, 108.792728 22.790957, 108.793126 22.791461, 108.793354 22.791875, 108.793467 22.792358, 108.79341 22.792877, 108.793132 22.793858, 108.793132 22.794057, 108.793143 22.794309, 108.793058 22.794823, 108.792785 22.795243, 108.792591 22.795505, 108.792227 22.796087, 108.792187 22.796308, 108.792022 22.796974, 108.791926 22.797142, 108.7918 22.797367, 108.791698 22.79774, 108.791635 22.798317, 108.791436 22.799103, 108.791146 22.799596, 108.791004 22.80021, 108.790992 22.800567, 108.791072 22.800756, 108.791408 22.801233, 108.791573 22.801799, 108.791846 22.802508, 108.791931 22.803053, 108.791971 22.803546, 108.791931 22.804265, 108.791931 22.804899, 108.791931 22.805399, 108.791857 22.805772, 108.791731 22.805981, 108.791458 22.806162, 108.790953 22.806418, 108.790776 22.806632, 108.79058 22.80694, 108.790065 22.807582, 108.789696 22.808284, 108.789605 22.808596, 108.789474 22.809392, 108.789333 22.809634, 108.788353 22.81096, 108.787217 22.812426, 108.785243 22.814851, 108.784037 22.816321, 108.782262 22.818646, 108.782214 22.818708, 108.782105 22.818865, 108.781371 22.819918, 108.780907 22.820425, 108.779306 22.822147, 108.77658 22.825474)"
gis_osm_roads_free,<NA>,1543997678,unclassified,roads:gis_osm_roads_free:1543997678:unclassified,OGC:CRS84,450181,OpenStreetMap,real,kept,<NA>,,unclassified,,B,0,F,F,0,109.2739838,22.749335,,derived_from_source_layer_osm_id_fclass,smartbidata_task06_20260810,team_shared,team_shared_source,广西壮族自治区,南宁市,横州市,2657.942693612447,742.1178625210551,0.27920762336393057,1,True,True,False,False,疑似受影响，需现场核查,Task_20洪涝范围相交筛查；道路通行状态需现场核查,nanning_flood_20260706_0707,2026-07-07,dispatch_v3,074f2c6841becf074f14d90e06a2e9672972f1ec,"LINESTRING (109.267064 22.753712, 109.267949 22.75363, 109.268201 22.753487, 109.268324 22.753437, 109.268807 22.753378, 109.268963 22.753319, 109.269092 22.75324, 109.269403 22.753101, 109.26959 22.753039, 109.26996 22.752918, 109.270406 22.75268, 109.270862 22.752403, 109.271044 22.75227, 109.27128 22.752057, 109.271672 22.751581, 109.271913 22.751424, 109.272369 22.751088, 109.272863 22.750631, 109.273984 22.749335, 109.274048 22.749162, 109.27429 22.748924, 109.274349 22.74884, 109.274392 22.748563, 109.274513 22.748193, 109.274767 22.747782, 109.274858 22.74743, 109.274917 22.747282, 109.274955 22.747237, 109.274976 22.747138, 109.275084 22.747069, 109.275486 22.74702, 109.276521 22.747168, 109.276793 22.747224, 109.277015 22.747262, 109.277256 22.747341, 109.277841 22.747549, 109.27813 22.747712, 109.278281 22.747836, 109.278366 22.747973, 109.278479 22.748237, 109.278597 22.748563, 109.279187 22.74984, 109.279354 22.750062, 109.279804 22.75032, 109.280351 22.75077, 109.280469 22.750913, 109.280561 22.751062, 109.280689 22.75136, 109.280813 22.751497, 109.281601 22.751978, 109.282148 22.752121, 109.28232 22.75228, 109.282395 22.752379, 109.282572 22.752839, 109.282604 22.753012, 109.28261 22.7532, 109.282578 22.753487, 109.282583 22.753596, 109.282626 22.75366, 109.282835 22.753764, 109.282889 22.753808, 109.282937 22.753922, 109.282964 22.75411, 109.282926 22.754199, 109.28268 22.754333, 109.282615 22.754506, 109.282733 22.755129, 109.282867 22.755555, 109.282867 22.755718, 109.282835 22.755921, 109.282846 22.756044)"
gis_osm_roads_free,<NA>,1543997677,unclassified,roads:gis_osm_roads_free:1543997677:unclassified,OGC:CRS84,450181,OpenStreetMap,real,kept,<NA>,,unclassified,,B,0,F,F,0,109.2626595,22.7642398,,derived_from_source_layer_osm_id_fclass,smartbidata_task06_20260810,team_shared,team_shared_source,广西壮族自治区,南宁市,横州市,3156.358253177994,33.3476184783488,0.010565219725857354,1,True,False,False,False,疑似受影响，需现场核查,Task_20洪涝范围相交筛查；道路通行状态需现场核查,nanning_flood_20260706_0707,2026-07-07,dispatch_v3,074f2c6841becf074f14d90e06a2e9672972f1ec,"LINESTRING (109.266726 22.750656, 109.266796 22.751151, 109.266854 22.751983, 109.266876 22.752032, 109.266935 22.752591, 109.266951 22.752626, 109.267016 22.75317, 109.267064 22.753712, 109.267005 22.754001, 109.267327 22.754719, 109.267418 22.755001, 109.267423 22.7551, 109.267042 22.755926, 109.266946 22.756114, 109.266914 22.756143, 109.266635 22.756895, 109.266366 22.757395, 109.266114 22.757746, 109.265932 22.758018, 109.265851 22.758354, 109.265588 22.758869, 109.265385 22.759695, 109.264902 22.760482, 109.264687 22.760896, 109.264607 22.761267, 109.26444 22.761707, 109.264371 22.761801, 109.264119 22.762068, 109.263861 22.76241, 109.26266 22.76424, 109.262563 22.764428, 109.262295 22.765051, 109.262214 22.765407, 109.262032 22.765867, 109.261764 22.766253, 109.261662 22.766317, 109.261179 22.766525, 109.261023 22.766634, 109.260841 22.766792, 109.259875 22.767361, 109.259666 22.767519, 109.259446 22.767762, 109.259135 22.768207, 109.258947 22.768598, 109.258921 22.768692, 109.258899 22.768939, 109.258862 22.769107, 109.258583 22.769854, 109.258524 22.769953, 109.258427 22.770195, 109.258293 22.770443, 109.258153 22.770616, 109.257311 22.772807, 109.257081 22.773643, 109.256818 22.774261, 109.256818 22.77438, 109.25685 22.774588, 109.256759 22.775003, 109.256732 22.775602, 109.256678 22.775898, 109.256587 22.776116)"
gis_osm_roads_free,<NA>,1543997676,unclassified,roads:gis_osm_roads_free:1543997676:unclassified,OGC:CRS84,450181,OpenStreetMap,real,kept,<NA>,,unclassified,,B,0,F,F,0,109.2557973,22.756072,,derived_from_source_layer_osm_id_fclass,smartbidata_task06_20260810,team_shared,team_shared_source,广西壮族自治区,南宁市,横州市,1024.481797880807,593.3073362323281,0.5791292119192499,3,True,True,False,False,疑似受影响，需现场核查,Task_20洪涝范围相交筛查；道路通行状态需现场核查,nanning_flood_20260706_0707,2026-07-07,dispatch_v3,074f2c6841becf074f14d90e06a2e9672972f1ec,"LINESTRING (109.256963 22.750828, 109.255797 22.756072, 109.25536 22.758042, 109.25495 22.759886)"
gis_osm_roads_free,<NA>,1543997675,tertiary,roads:gis_osm_roads_free:1543997675:tertiary,OGC:CRS84,450181,OpenStreetMap,real,kept,<NA>,,tertiary,,B,0,F,F,0,109.2590439,22.7567369,,derived_from_source_layer_osm_id_fclass,smartbidata_task06_20260810,team_shared,team_shared_source,广西壮族自治区,南宁市,横州市,1547.7262800144028,179.150519935862,0.11575077728485354,2,True,True,False,False,疑似受影响，需现场核查,Task_20洪涝范围相交筛查；道路通行状态需现场核查,nanning_flood_20260706_0707,2026-07-07,dispatch_v3,074f2c6841becf074f14d90e06a2e9672972f1ec,"LINESTRING (109.251764 22.755253, 109.255257 22.755955, 109.255797 22.756072, 109.2581 22.756524, 109.259044 22.756737, 109.259629 22.75694, 109.260128 22.757138, 109.260326 22.757192, 109.260932 22.757405, 109.261158 22.757528, 109.261426 22.757667, 109.262225 22.757845, 109.262665 22.757899, 109.263443 22.757899, 109.263845 22.757959, 109.264644 22.758112, 109.265014 22.758043, 109.265074 22.758018, 109.265572 22.758251, 109.265851 22.758354, 109.265932 22.758419, 109.266152 22.758676)"
gis_osm_roads_free,<NA>,1543997671,unclassified,roads:gis_osm_roads_free:1543997671:unclassified,OGC:CRS84,450181,OpenStreetMap,real,kept,<NA>,,unclassified,,B,0,F,F,0,109.2561686,22.7589877,,derived_from_source_layer_osm_id_fclass,smartbidata_task06_20260810,team_shared,team_shared_source,广西壮族自治区,南宁市,横州市,968.5927854559299,505.4139367346431,0.5218022933102251,1,True,True,False,False,疑似受影响，需现场核查,Task_20洪涝范围相交筛查；道路通行状态需现场核查,nanning_flood_20260706_0707,2026-07-07,dispatch_v3,074f2c6841becf074f14d90e06a2e9672972f1ec,"LINESTRING (109.259988 22.755926, 109.259044 22.756737, 109.257891 22.757622, 109.257311 22.758058, 109.256721 22.758542, 109.256169 22.758988, 109.25495 22.759886, 109.254806 22.760022, 109.254007 22.76063, 109.253578 22.760896, 109.253014 22.761242, 109.252864 22.761361, 109.252768 22.761519)"
gis_osm_roads_free,<NA>,1543997704,unclassified,roads:gis_osm_roads_free:1543997704:unclassified,OGC:CRS84,450181,OpenStreetMap,real,kept,<NA>,,unclassified,,B,0,F,F,0,109.2742789,22.7594824,,derived_from_source_layer_osm_id_fclass,smartbidata_task06_20260810,team_shared,team_shared_source,广西壮族自治区,南宁市,横州市,832.7179163647507,59.68183410896703,0.07167113008629555,1,True,False,False,False,疑似受影响，需现场核查,Task_20洪涝范围相交筛查；道路通行状态需现场核查,nanning_flood_20260706_0707,2026-07-07,dispatch_v3,074f2c6841becf074f14d90e06a2e9672972f1ec,"LINESTRING (109.275019 22.762954, 109.274987 22.762909, 109.274928 22.762741, 109.274719 22.7624, 109.274687 22.761796, 109.274869 22.761529, 109.274923 22.761272, 109.274724 22.760744, 109.274622 22.760461, 109.274595 22.760076, 109.274354 22.759819, 109.274279 22.759482, 109.274284 22.759324, 109.274268 22.75925, 109.274204 22.759082, 109.274118 22.758953, 109.27407 22.75876, 109.274064 22.758592, 109.274107 22.758354, 109.274091 22.758246, 109.273871 22.757716, 109.273876 22.757494, 109.273807 22.757375, 109.273472 22.756938, 109.273273 22.756839, 109.272992 22.756351, 109.272906 22.756082)"
gis_osm_roads_free,<NA>,1543997670,unclassified,roads:gis_osm_roads_free:1543997670:unclassified,OGC:CRS84,450181,OpenStreetMap,real,kept,<NA>,,unclassified,,B,0,F,F,0,109.2556858,22.7611581,,derived_from_source_layer_osm_id_fclass,smartbidata_task06_20260810,team_shared,team_shared_source,广西壮族自治区,南宁市,横州市,1265.1676935519367,647.8405314947024,0.512059021737981,2,True,True,False,False,疑似受影响，需现场核查,Task_20洪涝范围相交筛查；道路通行状态需现场核查,nanning_flood_20260706_0707,2026-07-07,dispatch_v3,074f2c6841becf074f14d90e06a2e9672972f1ec,"LINESTRING (109.250682 22.760005, 109.251866 22.760694, 109.252349 22.761104, 109.252349 22.761252, 109.252365 22.761316, 109.252478 22.761405, 109.252768 22.761519, 109.253186 22.761712, 109.253384 22.761776, 109.25376 22.761722, 109.254178 22.761598, 109.254693 22.761376, 109.255058 22.761252, 109.255686 22.761158, 109.256072 22.761183, 109.256281 22.761143, 109.256383 22.761104, 109.256737 22.760798, 109.257038 22.760566, 109.257054 22.760495, 109.257043 22.760214, 109.257225 22.759631, 109.25751 22.75927, 109.257574 22.759151, 109.257912 22.75879, 109.258915 22.758053, 109.259409 22.757608, 109.259629 22.75694)"
gis_osm_roads_free,<NA>,1543997684,unclassified,roads:gis_osm_roads_free:1543997684:unclassified,OGC:CRS84,450181,OpenStreetMap,real,kept,<NA>,,unclassified,,B,0,F,F,0,109.2545539,22.757756,,derived_from_source_layer_osm_id_fclass,smartbidata_task06_20260810,team_shared,team_shared_source,广西壮族自治区,南宁市,横州市,778.6246397760369,442.5808878844636,0.5684136685062616,2,True,True,False,False,疑似受影响，需现场核查,Task_20洪涝范围相交筛查；道路通行状态需现场核查,nanning_flood_20260706_0707,2026-07-07,dispatch_v3,074f2c6841becf074f14d90e06a2e9672972f1ec,"LINESTRING (109.25118 22.757829, 109.25192 22.757746, 109.252392 22.757612, 109.252687 22.757632, 109.253025 22.757692, 109.253148 22.757677, 109.253229 22.757632, 109.253299 22.757558, 109.253465 22.757296, 109.25354 22.757251, 109.253642 22.757246, 109.253744 22.757286, 109.25391 22.757385, 109.254259 22.757528, 109.254554 22.757756, 109.25509 22.758038, 109.25536 22.758042, 109.255686 22.757969, 109.255841 22.757984, 109.256539 22.75831, 109.256721 22.758542, 109.256802 22.75877, 109.256839 22.758829, 109.25685 22.759121, 109.256898 22.75924, 109.257225 22.759631)"
gis_osm_roads_free,<NA>,1543997687,unclassified,roads:gis_osm_roads_free:1543997687:unclassified,OGC:CRS84,450181,OpenStreetMap,real,kept,<NA>,,unclassified,,B,0,F,F,0,109.2617798,22.7729504,,derived_from_source_layer_osm_id_fclass,smartbidata_task06_20260810,team_shared,team_shared_source,广西壮族自治区,南宁市,横州市,3296.3953060653275,10.37500666166221,0.0031473793942651002,1,True,False,False,False,疑似受影响，需现场核查,Task_20洪涝范围相交筛查；道路通行状态需现场核查,nanning_flood_20260706_0707,2026-07-07,dispatch_v3,074f2c6841becf074f14d90e06a2e9672972f1ec,"LINESTRING (109.267824 22.760042, 109.267198 22.762024, 109.267096 22.762266, 109.266592 22.762924, 109.266468 22.763156, 109.265599 22.763646, 109.265106 22.764057, 109.264854 22.76424, 109.264537 22.764571, 109.264339 22.764848, 109.264081 22.765096, 109.264017 22.765185, 109.263647 22.766614, 109.263641 22.767203, 109.263727 22.767801, 109.263684 22.768197, 109.26362 22.76835, 109.263293 22.768736, 109.26325 22.76882, 109.263153 22.769201, 109.263094 22.769419, 109.26296 22.770027, 109.262788 22.770616, 109.262665 22.770912, 109.261989 22.77252, 109.26178 22.77295, 109.261388 22.773841, 109.261066 22.774721, 109.260675 22.775636, 109.260601 22.775786, 109.260498 22.775997, 109.260358 22.776625, 109.260208 22.776977, 109.259816 22.778238, 109.259795 22.778456, 109.259838 22.778703, 109.259843 22.778945, 109.25979 22.779217, 109.259704 22.779385, 109.259258 22.779914, 109.258674 22.781156, 109.258588 22.78126, 109.258529 22.781408, 109.258475 22.781651, 109.25839 22.781923, 109.258255 22.782195, 109.258175 22.782298, 109.257934 22.782709, 109.257526 22.783263, 109.25744 22.783436, 109.257397 22.78358, 109.25678 22.784143, 109.256358 22.784598, 109.255415 22.786602)"
gis_osm_roads_free,<NA>,1543997669,unclassified,roads:gis_osm_roads_free:1543997669:unclassified,OGC:CRS84,450181,OpenStreetMap,real,kept,<NA>,,unclassified,,B,0,F,F,0,109.2563188,22.7661145,,derived_from_source_layer_osm_id_fclass,smartbidata_task06_20260810,team_shared,team_shared_source,广西壮族自治区,南宁市,横州市,2018.6068672128856,293.19021019157213,0.14524383868582758,1,True,True,False,False,疑似受影响，需现场核查,Task_20洪涝范围相交筛查；道路通行状态需现场核查,nanning_flood_20260706_0707,2026-07-07,dispatch_v3,074f2c6841becf074f14d90e06a2e9672972f1ec,"LINESTRING (109.264017 22.765185, 109.263539 22.765293, 109.263132 22.765447, 109.263073 22.765496, 109.262971 22.765536, 109.262853 22.765536, 109.262572 22.765479, 109.262214 22.765407, 109.26163 22.765308, 109.261334 22.765392, 109.260804 22.765679, 109.260492 22.765744, 109.25994 22.765709, 109.259827 22.765714, 109.259784 22.765694, 109.25958 22.765694, 109.259538 22.765674, 109.259457 22.765669, 109.25921 22.765669, 109.259162 22.765654, 109.258937 22.765704, 109.258642 22.765818, 109.258454 22.765862, 109.258132 22.765902, 109.258089 22.765892, 109.258025 22.765907, 109.257451 22.765917, 109.256737 22.76606, 109.256362 22.76612, 109.256319 22.766114, 109.256201 22.766149, 109.256067 22.766159, 109.255868 22.766164, 109.254999 22.766214, 109.254548 22.766268, 109.254296 22.766253, 109.25398 22.766258, 109.253336 22.766367, 109.253261 22.766392, 109.252569 22.76649, 109.252086 22.766471, 109.251931 22.766392, 109.25184 22.766243, 109.251861 22.765476, 109.252156 22.764784, 109.252253 22.764522, 109.252489 22.764002, 109.252714 22.763616, 109.252768 22.763483, 109.252827 22.763201, 109.252961 22.762998, 109.253368 22.762701, 109.253401 22.762682, 109.253465 22.762677, 109.253948 22.762548, 109.254608 22.762326, 109.254956 22.762142, 109.255128 22.762048, 109.255638 22.761776, 109.255884 22.761613)"
gis_osm_roads_free,<NA>,1543997673,residential,roads:gis_osm_roads_free:1543997673:residential,OGC:CRS84,450181,OpenStreetMap,real,kept,<NA>,,residential,,B,0,F,F,0,109.2533416,22.7621177,,derived_from_source_layer_osm_id_fclass,smartbidata_task06_20260810,team_shared,team_shared_source,广西壮族自治区,南宁市,横州市,103.71244256867308,16.437086031809528,0.15848711711640318,1,True,False,False,False,疑似受影响，需现场核查,Task_20洪涝范围相交筛查；道路通行状态需现场核查,nanning_flood_20260706_0707,2026-07-07,dispatch_v3,074f2c6841becf074f14d90e06a2e9672972f1ec,"LINESTRING (109.253384 22.761776, 109.253342 22.762118, 109.253304 22.762454, 109.253368 22.762701)"
gis_osm_roads_free,<NA>,1543997672,residential,roads:gis_osm_roads_free:1543997672:residential,OGC:CRS84,450181,OpenStreetMap,real,kept,<NA>,,residential,,B,0,F,F,0,109.253304,22.7624541,,derived_from_source_layer_osm_id_fclass,smartbidata_task06_20260810,team_shared,team_shared_source,广西壮族自治区,南宁市,横州市,72.45868883823789,37.22881437580381,0.513793652254958,1,True,True,False,False,疑似受影响，需现场核查,Task_20洪涝范围相交筛查；道路通行状态需现场核查,nanning_flood_20260706_0707,2026-07-07,dispatch_v3,074f2c6841becf074f14d90e06a2e9672972f1ec,"LINESTRING (109.252612 22.762326, 109.253304 22.762454)"
gis_osm_roads_free,<NA>,1543997667,residential,roads:gis_osm_roads_free:1543997667:residential,OGC:CRS84,450181,OpenStreetMap,real,kept,<NA>,,residential,,B,0,F,F,0,109.247902,22.7648383,,derived_from_source_layer_osm_id_fclass,smartbidata_task06_20260810,team_shared,team_shared_source,广西壮族自治区,南宁市,横州市,549.1068512818277,294.95600531215086,0.5371559371798211,1,True,True,False,False,疑似受影响，需现场核查,Task_20洪涝范围相交筛查；道路通行状态需现场核查,nanning_flood_20260706_0707,2026-07-07,dispatch_v3,074f2c6841becf074f14d90e06a2e9672972f1ec,"LINESTRING (109.248031 22.762701, 109.247999 22.762988, 109.247966 22.763082, 109.247977 22.763137, 109.247907 22.763844, 109.247864 22.764477, 109.247902 22.764838, 109.248015 22.765862, 109.248015 22.76603, 109.247972 22.766253, 109.248019 22.766779, 109.248245 22.767608)"
gis_osm_roads_free,<NA>,1543997668,residential,roads:gis_osm_roads_free:1543997668:residential,OGC:CRS84,450181,OpenStreetMap,real,kept,<NA>,,residential,,B,0,F,F,0,109.2483151,22.7667526,,derived_from_source_layer_osm_id_fclass,smartbidata_task06_20260810,team_shared,team_shared_source,广西壮族自治区,南宁市,横州市,709.802828424559,212.45626214955485,0.2993172943831621,1,True,True,False,False,疑似受影响，需现场核查,Task_20洪涝范围相交筛查；道路通行状态需现场核查,nanning_flood_20260706_0707,2026-07-07,dispatch_v3,074f2c6841becf074f14d90e06a2e9672972f1ec,"LINESTRING (109.245885 22.767737, 109.246303 22.767826, 109.246518 22.767925, 109.246995 22.768054, 109.247081 22.768044, 109.247151 22.76792, 109.247328 22.76743, 109.247628 22.767054, 109.248019 22.766779, 109.248315 22.766753, 109.249175 22.766787, 109.250514 22.766723, 109.250772 22.766634, 109.251148 22.766396, 109.251432 22.766258, 109.25184 22.766243)"
gis_osm_roads_free,<NA>,1543997666,residential,roads:gis_osm_roads_free:1543997666:residential,OGC:CRS84,450181,OpenStreetMap,real,kept,<NA>,,residential,,B,0,F,F,0,109.2453808,22.7680189,,derived_from_source_layer_osm_id_fclass,smartbidata_task06_20260810,team_shared,team_shared_source,广西壮族自治区,南宁市,横州市,294.2104472181772,47.02428064701429,0.15983212388152404,1,True,False,False,False,疑似受影响，需现场核查,Task_20洪涝范围相交筛查；道路通行状态需现场核查,nanning_flood_20260706_0707,2026-07-07,dispatch_v3,074f2c6841becf074f14d90e06a2e9672972f1ec,"LINESTRING (109.246518 22.767925, 109.245241 22.768494, 109.245102 22.768504, 109.245037 22.768444, 109.245027 22.768365, 109.245059 22.768246, 109.245112 22.768182, 109.24522 22.768123, 109.245327 22.768039, 109.245381 22.768019, 109.245649 22.767856, 109.245885 22.767737)"
gis_osm_roads_free,<NA>,1543997685,tertiary,roads:gis_osm_roads_free:1543997685:tertiary,OGC:CRS84,450181,OpenStreetMap,real,kept,<NA>,,tertiary,,B,0,F,F,0,109.2617691,22.7773278,,derived_from_source_layer_osm_id_fclass,smartbidata_task06_20260810,team_shared,team_shared_source,广西壮族自治区,南宁市,横州市,2145.352018879464,93.01128266233249,0.043354788325560244,1,True,False,False,False,疑似受影响，需现场核查,Task_20洪涝范围相交筛查；道路通行状态需现场核查,nanning_flood_20260706_0707,2026-07-07,dispatch_v3,074f2c6841becf074f14d90e06a2e9672972f1ec,"LINESTRING (109.252522 22.775574, 109.253096 22.775666, 109.253457 22.775786, 109.25384 22.775943, 109.254194 22.776037, 109.25449 22.776091, 109.254929 22.776106, 109.25531 22.776047, 109.256587 22.776116, 109.257654 22.776304, 109.258448 22.776556, 109.259629 22.776794, 109.260208 22.776977, 109.260653 22.77715, 109.261538 22.777308, 109.261769 22.777328, 109.262488 22.777343, 109.262933 22.777387, 109.26414 22.777451, 109.26443 22.777486, 109.264682 22.777437, 109.265374 22.777219, 109.265776 22.77716, 109.265948 22.77716, 109.266098 22.77714, 109.266511 22.77714, 109.267037 22.777199, 109.267504 22.777239, 109.267729 22.777362, 109.268169 22.777743, 109.268249 22.777921, 109.268319 22.778342, 109.268437 22.779573, 109.268523 22.780251, 109.268442 22.780548, 109.26834 22.781339, 109.268201 22.781631, 109.268051 22.782017)"
gis_osm_roads_free,<NA>,1544000183,residential,roads:gis_osm_roads_free:1544000183:residential,OGC:CRS84,450181,OpenStreetMap,real,kept,<NA>,,residential,,B,0,F,F,0,109.2764997,22.7480686,,derived_from_source_layer_osm_id_fclass,smartbidata_task06_20260810,team_shared,team_shared_source,广西壮族自治区,南宁市,横州市,399.9003490631427,16.88037412949854,0.042211451350429294,1,True,False,False,False,疑似受影响，需现场核查,Task_20洪涝范围相交筛查；道路通行状态需现场核查,nanning_flood_20260706_0707,2026-07-07,dispatch_v3,074f2c6841becf074f14d90e06a2e9672972f1ec,"LINESTRING (109.274513 22.748193, 109.274722 22.74827, 109.27498 22.748248, 109.275834 22.748117, 109.2765 22.748069, 109.276557 22.748037, 109.276861 22.748022, 109.277279 22.748001, 109.278366 22.747973)"
gis_osm_roads_free,<NA>,1384100428,unclassified,roads:gis_osm_roads_free:1384100428:unclassified,OGC:CRS84,450181,OpenStreetMap,real,kept,<NA>,,unclassified,,B,0,F,F,0,109.2815852,22.7874483,,derived_from_source_layer_osm_id_fclass,smartbidata_task06_20260810,team_shared,team_shared_source,广西壮族自治区,南宁市,横州市,2457.276922752003,264.3438883532486,0.10757594551337717,3,True,True,False,False,疑似受影响，需现场核查,Task_20洪涝范围相交筛查；道路通行状态需现场核查,nanning_flood_20260706_0707,2026-07-07,dispatch_v3,074f2c6841becf074f14d90e06a2e9672972f1ec,"LINESTRING (109.282541 22.777106, 109.282476 22.778782, 109.282499 22.77941, 109.282555 22.780931, 109.282358 22.781612, 109.281778 22.782777, 109.281263 22.784323, 109.281199 22.785134, 109.281224 22.785284, 109.281585 22.787448, 109.281542 22.788754, 109.28107 22.790119, 109.279933 22.792018, 109.279633 22.79279, 109.279565 22.79332, 109.279318 22.79398, 109.279375 22.795356, 109.279289 22.795554, 109.279096 22.795693, 109.278292 22.795722, 109.277884 22.796227, 109.277701 22.797443, 109.277605 22.797631)"
gis_osm_roads_free,<NA>,1543997686,unclassified,roads:gis_osm_roads_free:1543997686:unclassified,OGC:CRS84,450181,OpenStreetMap,real,kept,<NA>,,unclassified,,B,0,F,F,0,109.2436427,22.7786088,,derived_from_source_layer_osm_id_fclass,smartbidata_task06_20260810,team_shared,team_shared_source,广西壮族自治区,南宁市,横州市,2441.3877079039494,360.0520909545661,0.147478456530646,2,True,True,False,False,疑似受影响，需现场核查,Task_20洪涝范围相交筛查；道路通行状态需现场核查,nanning_flood_20260706_0707,2026-07-07,dispatch_v3,074f2c6841becf074f14d90e06a2e9672972f1ec,"LINESTRING (109.253366 22.784754, 109.253159 22.784677, 109.252655 22.784287, 109.252011 22.783881, 109.251625 22.78353, 109.250783 22.782838, 109.250354 22.7826, 109.249817 22.782343, 109.249173 22.782096, 109.24839 22.781487, 109.248025 22.780998, 109.247408 22.779929, 109.247237 22.779796, 109.246899 22.779633, 109.246314 22.779306, 109.245992 22.779094, 109.245729 22.77899, 109.245563 22.778945, 109.245096 22.778861, 109.244909 22.778822, 109.244646 22.778802, 109.24389 22.778668, 109.243643 22.778609, 109.242752 22.778515, 109.24265 22.778485, 109.241824 22.778594, 109.241293 22.778742, 109.240944 22.778792, 109.239984 22.778757, 109.239678 22.778693, 109.239185 22.778653, 109.23897 22.778589, 109.238536 22.778465, 109.237195 22.778188, 109.237023 22.778193, 109.236841 22.778233, 109.236412 22.778465, 109.236256 22.778495, 109.236127 22.778446, 109.234572 22.778391, 109.23418 22.778396, 109.233869 22.778446, 109.2333 22.778564, 109.232989 22.778599, 109.232892 22.778648, 109.23285 22.778698, 109.232436 22.778915, 109.232388 22.778925)"
gis_osm_roads_free,<NA>,1384100430,unclassified,roads:gis_osm_roads_free:1384100430:unclassified,OGC:CRS84,450181,OpenStreetMap,real,kept,<NA>,,unclassified,,B,0,F,F,0,109.2755492,22.7888117,,derived_from_source_layer_osm_id_fclass,smartbidata_task06_20260810,team_shared,team_shared_source,广西壮族自治区,南宁市,横州市,1484.6066037257654,237.78395864728796,0.16016630806473978,1,True,True,False,False,疑似受影响，需现场核查,Task_20洪涝范围相交筛查；道路通行状态需现场核查,nanning_flood_20260706_0707,2026-07-07,dispatch_v3,074f2c6841becf074f14d90e06a2e9672972f1ec,"LINESTRING (109.281224 22.785284, 109.280728 22.785653, 109.280599 22.785706, 109.27968 22.786233, 109.279 22.786863, 109.277806 22.787991, 109.277276 22.788192, 109.276694 22.788522, 109.276533 22.788584, 109.275846 22.78869, 109.275549 22.788812, 109.275156 22.789079, 109.27483 22.789247, 109.274519 22.789376, 109.274473 22.789478, 109.274333 22.789959, 109.273893 22.790513, 109.273697 22.791235, 109.273396 22.791532, 109.273039 22.791937, 109.272366 22.792986, 109.272155 22.793372, 109.27164 22.793922, 109.271372 22.794324)"
gis_osm_roads_free,<NA>,1384100431,unclassified,roads:gis_osm_roads_free:1384100431:unclassified,OGC:CRS84,450181,OpenStreetMap,real,kept,<NA>,,unclassified,,B,0,F,F,0,109.264427,22.7894085,,derived_from_source_layer_osm_id_fclass,smartbidata_task06_20260810,team_shared,team_shared_source,广西壮族自治区,南宁市,横州市,1907.4895863451582,152.67269201509322,0.0800385454830301,2,True,True,False,False,疑似受影响，需现场核查,Task_20洪涝范围相交筛查；道路通行状态需现场核查,nanning_flood_20260706_0707,2026-07-07,dispatch_v3,074f2c6841becf074f14d90e06a2e9672972f1ec,"LINESTRING (109.257748 22.789012, 109.258401 22.789029, 109.259427 22.789283, 109.26054 22.78925, 109.260926 22.789405, 109.261634 22.789788, 109.262009 22.789656, 109.262517 22.789656, 109.263336 22.789751, 109.263762 22.789659, 109.264094 22.789672, 109.264252 22.789596, 109.264427 22.789408, 109.26477 22.788897, 109.264967 22.788792, 109.26525 22.788808, 109.265829 22.788815, 109.265936 22.788772, 109.266669 22.788225, 109.266802 22.788205, 109.267156 22.788373, 109.267392 22.788673, 109.267574 22.789042, 109.268043 22.78992, 109.267857 22.790233, 109.267846 22.7905, 109.268082 22.791268, 109.268414 22.791852, 109.268658 22.792076, 109.269341 22.792557, 109.26963 22.792682, 109.26987 22.793088, 109.270342 22.793724, 109.270614 22.793998, 109.271372 22.794324)"
gis_osm_roads_free,<NA>,1368286335,unclassified,roads:gis_osm_roads_free:1368286335:unclassified,OGC:CRS84,450181,OpenStreetMap,real,kept,<NA>,,unclassified,,B,0,F,F,0,109.224999,22.8406443,,derived_from_source_layer_osm_id_fclass,smartbidata_task06_20260810,team_shared,team_shared_source,广西壮族自治区,南宁市,横州市,2758.244868079026,31.427870883260326,0.011394155481615452,1,True,False,False,False,疑似受影响，需现场核查,Task_20洪涝范围相交筛查；道路通行状态需现场核查,nanning_flood_20260706_0707,2026-07-07,dispatch_v3,074f2c6841becf074f14d90e06a2e9672972f1ec,"LINESTRING (109.212278 22.851154, 109.212675 22.850911, 109.224999 22.840644, 109.225884 22.840275, 109.228397 22.839253, 109.229175 22.838676, 109.229659 22.838416, 109.231204 22.83702, 109.231896 22.836237, 109.232093 22.836056, 109.232121 22.835962, 109.232125 22.835512, 109.232446 22.835234)"
gis_osm_roads_free,<NA>,913512605,residential,roads:gis_osm_roads_free:913512605:residential,OGC:CRS84,450125,OpenStreetMap,real,kept,<NA>,,residential,,B,0,F,F,0,108.6831629,23.3112114,,derived_from_source_layer_osm_id_fclass,smartbidata_task06_20260810,team_shared,team_shared_source,广西壮族自治区,南宁市,上林县,606.1361851869398,122.5012552943836,0.2021018680094189,1,True,True,False,False,疑似受影响，需现场核查,Task_20洪涝范围相交筛查；道路通行状态需现场核查,nanning_flood_20260706_0707,2026-07-07,dispatch_v3,074f2c6841becf074f14d90e06a2e9672972f1ec,"LINESTRING (108.683179 23.30894, 108.683115 23.309127, 108.683099 23.30925, 108.683125 23.309566, 108.683243 23.309901, 108.683233 23.310073, 108.683142 23.310453, 108.683163 23.311211, 108.683206 23.311455, 108.683292 23.311882, 108.683356 23.311975, 108.683598 23.312187, 108.683871 23.312276, 108.684161 23.312172, 108.684681 23.311783, 108.684944 23.311689, 108.684418 23.311287)"
gis_osm_roads_free,<NA>,865643182,motorway,roads:gis_osm_roads_free:865643182:motorway,OGC:CRS84,450125,OpenStreetMap,real,kept,<NA>,三南高速,motorway,S31,F,120,F,F,0,108.7210794,23.3479597,,derived_from_source_layer_osm_id_fclass,smartbidata_task06_20260810,team_shared,team_shared_source,广西壮族自治区,南宁市,上林县,1056.2187586181076,33.47850447039762,0.03169656304362446,1,True,False,False,False,疑似受影响，需现场核查,Task_20洪涝范围相交筛查；道路通行状态需现场核查,nanning_flood_20260706_0707,2026-07-07,dispatch_v3,074f2c6841becf074f14d90e06a2e9672972f1ec,"LINESTRING (108.719792 23.343325, 108.720413 23.345632, 108.721079 23.34796, 108.721201 23.348466, 108.721345 23.349004, 108.721476 23.349511, 108.721601 23.350005, 108.721714 23.35052, 108.721827 23.351075, 108.721907 23.351624, 108.721988 23.352178, 108.722031 23.35262)"
gis_osm_roads_free,<NA>,865643190,motorway,roads:gis_osm_roads_free:865643190:motorway,OGC:CRS84,450125,OpenStreetMap,real,kept,<NA>,三南高速,motorway,S31,F,120,F,F,0,108.7209794,23.3479815,,derived_from_source_layer_osm_id_fclass,smartbidata_task06_20260810,team_shared,team_shared_source,广西壮族自治区,南宁市,上林县,1083.1176377730017,20.73269586290137,0.019141684282355395,1,True,False,False,False,疑似受影响，需现场核查,Task_20洪涝范围相交筛查；道路通行状态需现场核查,nanning_flood_20260706_0707,2026-07-07,dispatch_v3,074f2c6841becf074f14d90e06a2e9672972f1ec,"LINESTRING (108.721929 23.352627, 108.721886 23.352188, 108.721806 23.351636, 108.721725 23.351089, 108.721612 23.350535, 108.7215 23.350022, 108.721375 23.349529, 108.721244 23.349022, 108.7211 23.348485, 108.720979 23.347982, 108.720336 23.345672, 108.720154 23.345014, 108.719692 23.343348, 108.71962 23.343098)"
