dataset_name,record_id,district_code,relation_type,join_status
schools,schools:gis_osm_pois_free:2035970975:school,450502,within,matched_single
schools,schools:gis_osm_pois_free:2039607769:school,450502,within,matched_single
schools,schools:gis_osm_pois_free:2039619121:school,450502,within,matched_single
schools,schools:gis_osm_pois_free:2559730881:school,450321,within,matched_single
schools,schools:gis_osm_pois_free:2597936160:school,450304,within,matched_single
schools,schools:gis_osm_pois_free:2597936167:school,450303,within,matched_single
schools,schools:gis_osm_pois_free:2692346899:school,450304,within,matched_single
schools,schools:gis_osm_pois_free:3145101803:school,450923,within,matched_single
schools,schools:gis_osm_pois_free:3145101804:school,450923,within,matched_single
schools,schools:gis_osm_pois_free:3145101805:school,450923,within,matched_single
schools,schools:gis_osm_pois_free:3145164428:school,450481,within,matched_single
schools,schools:gis_osm_pois_free:3158870285:school,450502,within,matched_single
schools,schools:gis_osm_pois_free:3164380485:school,450324,within,matched_single
schools,schools:gis_osm_pois_free:3167929033:college,450702,within,matched_single
schools,schools:gis_osm_pois_free:3167929034:school,450702,within,matched_single
schools,schools:gis_osm_pois_free:3168010311:school,450702,within,matched_single
schools,schools:gis_osm_pois_free:3170011400:school,450304,within,matched_single
schools,schools:gis_osm_pois_free:3649418271:school,450328,within,matched_single
schools,schools:gis_osm_pois_free:3649418272:school,450328,within,matched_single
schools,schools:gis_osm_pois_free:3926797330:school,451425,within,matched_single
schools,schools:gis_osm_pois_free:4989735379:school,450105,within,matched_single
schools,schools:gis_osm_pois_free:5032190521:school,450321,within,matched_single
schools,schools:gis_osm_pois_free:5110841521:kindergarten,450108,within,matched_single
schools,schools:gis_osm_pois_free:5224342751:school,450321,within,matched_single
schools,schools:gis_osm_pois_free:5359283046:school,451026,within,matched_single
schools,schools:gis_osm_pois_free:5611603328:school,450205,within,matched_single
schools,schools:gis_osm_pois_free:5925795333:college,450311,within,matched_single
schools,schools:gis_osm_pois_free:5925795334:college,450311,within,matched_single
schools,schools:gis_osm_pois_free:5975349594:school,451225,within,matched_single
schools,schools:gis_osm_pois_free:6218744531:school,451030,within,matched_single
schools,schools:gis_osm_pois_free:6288236701:school,450305,within,matched_single
schools,schools:gis_osm_pois_free:6288236702:kindergarten,450305,within,matched_single
schools,schools:gis_osm_pois_free:6288249809:school,450305,within,matched_single
schools,schools:gis_osm_pois_free:6288249810:school,450305,within,matched_single
schools,schools:gis_osm_pois_free:6342889660:school,450303,within,matched_single
schools,schools:gis_osm_pois_free:6343005429:kindergarten,450103,within,matched_single
schools,schools:gis_osm_pois_free:6343010666:school,450102,within,matched_single
schools,schools:gis_osm_pois_free:6343010678:kindergarten,450107,within,matched_single
schools,schools:gis_osm_pois_free:6343010731:school,450102,within,matched_single
schools,schools:gis_osm_pois_free:6343012091:school,450102,within,matched_single
schools,schools:gis_osm_pois_free:6343012108:kindergarten,450102,within,matched_single
schools,schools:gis_osm_pois_free:6343012123:kindergarten,450102,within,matched_single
schools,schools:gis_osm_pois_free:6343012132:kindergarten,450103,within,matched_single
schools,schools:gis_osm_pois_free:6343012169:school,450107,within,matched_single
schools,schools:gis_osm_pois_free:6343013914:kindergarten,450107,within,matched_single
schools,schools:gis_osm_pois_free:6343023791:kindergarten,450103,within,matched_single
schools,schools:gis_osm_pois_free:6343026397:kindergarten,450103,within,matched_single
schools,schools:gis_osm_pois_free:6343036688:school,450102,within,matched_single
schools,schools:gis_osm_pois_free:6426023671:kindergarten,450502,within,matched_single
schools,schools:gis_osm_pois_free:6508729598:school,450305,within,matched_single
schools,schools:gis_osm_pois_free:6535119663:school,451225,within,matched_single
schools,schools:gis_osm_pois_free:6550797557:school,450224,within,matched_single
schools,schools:gis_osm_pois_free:6846069548:kindergarten,450305,within,matched_single
schools,schools:gis_osm_pois_free:6859275871:school,450981,within,matched_single
schools,schools:gis_osm_pois_free:6874477718:school,450403,within,matched_single
schools,schools:gis_osm_pois_free:6874477728:kindergarten,450403,within,matched_single
schools,schools:gis_osm_pois_free:6878575295:kindergarten,450403,within,matched_single
schools,schools:gis_osm_pois_free:7090466585:school,450107,within,matched_single
schools,schools:gis_osm_pois_free:7094788663:school,450107,within,matched_single
schools,schools:gis_osm_pois_free:7100512880:college,450107,within,matched_single
schools,schools:gis_osm_pois_free:7113850356:school,450305,within,matched_single
schools,schools:gis_osm_pois_free:7142083885:college,450321,within,matched_single
schools,schools:gis_osm_pois_free:7498472082:school,450202,within,matched_single
schools,schools:gis_osm_pois_free:7580080749:school,450204,within,matched_single
schools,schools:gis_osm_pois_free:7625042466:school,451422,within,matched_single
schools,schools:gis_osm_pois_free:7625059436:school,451422,within,matched_single
schools,schools:gis_osm_pois_free:7625193239:school,451481,within,matched_single
schools,schools:gis_osm_pois_free:7625395707:school,451081,within,matched_single
schools,schools:gis_osm_pois_free:7694588580:school,451225,within,matched_single
schools,schools:gis_osm_pois_free:7796493384:school,450602,within,matched_single
schools,schools:gis_osm_pois_free:7834932960:school,450204,within,matched_single
schools,schools:gis_osm_pois_free:7997269575:school,450312,within,matched_single
schools,schools:gis_osm_pois_free:8377862654:school,450703,within,matched_single
schools,schools:gis_osm_pois_free:8377862674:school,450703,within,matched_single
schools,schools:gis_osm_pois_free:8402601100:school,450702,within,matched_single
schools,schools:gis_osm_pois_free:8402601101:kindergarten,450702,within,matched_single
schools,schools:gis_osm_pois_free:8467289267:school,450603,within,matched_single
schools,schools:gis_osm_pois_free:8467388460:school,450603,within,matched_single
schools,schools:gis_osm_pois_free:8497148807:school,450703,within,matched_single
schools,schools:gis_osm_pois_free:8589627797:school,450703,within,matched_single
schools,schools:gis_osm_pois_free:8626346754:school,450603,within,matched_single
schools,schools:gis_osm_pois_free:8975305467:school,450702,within,matched_single
schools,schools:gis_osm_pois_free:9026980048:school,450721,within,matched_single
schools,schools:gis_osm_pois_free:9129993797:school,450702,within,matched_single
schools,schools:gis_osm_pois_free:9157041085:school,450321,within,matched_single
schools,schools:gis_osm_pois_free:9159748750:school,450321,within,matched_single
schools,schools:gis_osm_pois_free:9164008837:college,450922,within,matched_single
schools,schools:gis_osm_pois_free:9214592494:school,450302,within,matched_single
schools,schools:gis_osm_pois_free:9214622460:school,450304,within,matched_single
schools,schools:gis_osm_pois_free:9214622461:school,450304,within,matched_single
schools,schools:gis_osm_pois_free:9214622462:school,450302,within,matched_single
schools,schools:gis_osm_pois_free:9262462768:school,450204,within,matched_single
schools,schools:gis_osm_pois_free:9271436555:school,450109,within,matched_single
schools,schools:gis_osm_pois_free:9273772906:college,450109,within,matched_single
schools,schools:gis_osm_pois_free:9273772907:college,450109,within,matched_single
schools,schools:gis_osm_pois_free:9273772908:college,450109,within,matched_single
schools,schools:gis_osm_pois_free:9273772909:college,450109,within,matched_single
schools,schools:gis_osm_pois_free:9273772913:college,450109,within,matched_single
schools,schools:gis_osm_pois_free:9288016039:school,450109,within,matched_single
schools,schools:gis_osm_pois_free:9288018338:school,450109,within,matched_single
schools,schools:gis_osm_pois_free:9292780655:school,450109,within,matched_single
schools,schools:gis_osm_pois_free:9299675514:school,450226,within,matched_single
schools,schools:gis_osm_pois_free:9334518856:school,450323,within,matched_single
schools,schools:gis_osm_pois_free:9360411057:kindergarten,450108,within,matched_single
schools,schools:gis_osm_pois_free:9370600302:school,450108,within,matched_single
schools,schools:gis_osm_pois_free:9375339485:school,450603,within,matched_single
schools,schools:gis_osm_pois_free:9375339491:school,450603,within,matched_single
schools,schools:gis_osm_pois_free:9375408702:school,450603,within,matched_single
schools,schools:gis_osm_pois_free:9375408709:school,450603,within,matched_single
schools,schools:gis_osm_pois_free:9375460020:school,450603,within,matched_single
schools,schools:gis_osm_pois_free:9375460039:school,450603,within,matched_single
schools,schools:gis_osm_pois_free:9468549132:kindergarten,450681,within,matched_single
schools,schools:gis_osm_pois_free:9518439707:kindergarten,450603,within,matched_single
schools,schools:gis_osm_pois_free:10066996266:school,450403,within,matched_single
schools,schools:gis_osm_pois_free:10147063156:school,450923,within,matched_single
schools,schools:gis_osm_pois_free:10285846655:school,451121,within,matched_single
schools,schools:gis_osm_pois_free:10286826387:school,451121,within,matched_single
schools,schools:gis_osm_pois_free:10289495133:school,451121,within,matched_single
schools,schools:gis_osm_pois_free:10314474279:college,450103,within,matched_single
schools,schools:gis_osm_pois_free:10711232121:kindergarten,451081,within,matched_single
schools,schools:gis_osm_pois_free:10732794821:school,450124,within,matched_single
schools,schools:gis_osm_pois_free:10743210645:kindergarten,451081,within,matched_single
schools,schools:gis_osm_pois_free:10760907690:kindergarten,451081,within,matched_single
schools,schools:gis_osm_pois_free:10760943893:kindergarten,451081,within,matched_single
schools,schools:gis_osm_pois_free:10763180658:kindergarten,451081,within,matched_single
schools,schools:gis_osm_pois_free:10766206255:kindergarten,451081,within,matched_single
schools,schools:gis_osm_pois_free:10786564420:kindergarten,451081,within,matched_single
schools,schools:gis_osm_pois_free:10811039438:kindergarten,451081,within,matched_single
schools,schools:gis_osm_pois_free:10824630047:kindergarten,451081,within,matched_single
schools,schools:gis_osm_pois_free:10876949900:kindergarten,451324,within,matched_single
schools,schools:gis_osm_pois_free:10905221088:kindergarten,451081,within,matched_single
schools,schools:gis_osm_pois_free:10951464753:kindergarten,451081,within,matched_single
schools,schools:gis_osm_pois_free:10989256338:kindergarten,451081,within,matched_single
schools,schools:gis_osm_pois_free:11025473214:kindergarten,451081,within,matched_single
schools,schools:gis_osm_pois_free:11347721949:college,450203,within,matched_single
schools,schools:gis_osm_pois_free:11347721950:college,450203,within,matched_single
schools,schools:gis_osm_pois_free:11347721951:college,450203,within,matched_single
schools,schools:gis_osm_pois_free:11408820407:kindergarten,451081,within,matched_single
schools,schools:gis_osm_pois_free:11422436362:school,450422,within,matched_single
schools,schools:gis_osm_pois_free:11726691353:kindergarten,451081,within,matched_single
schools,schools:gis_osm_pois_free:11730624418:kindergarten,451081,within,matched_single
schools,schools:gis_osm_pois_free:11948227821:school,451002,within,matched_single
schools,schools:gis_osm_pois_free:11957923695:kindergarten,451031,within,matched_single
schools,schools:gis_osm_pois_free:11978095564:kindergarten,451003,within,matched_single
schools,schools:gis_osm_pois_free:11989594580:kindergarten,451026,within,matched_single
schools,schools:gis_osm_pois_free:11991169632:kindergarten,451031,within,matched_single
schools,schools:gis_osm_pois_free:12043415348:kindergarten,451024,within,matched_single
schools,schools:gis_osm_pois_free:12058467421:school,450421,within,matched_single
schools,schools:gis_osm_pois_free:12074835408:kindergarten,450403,within,matched_single
schools,schools:gis_osm_pois_free:12101702756:school,450881,within,matched_single
schools,schools:gis_osm_pois_free:12112292566:kindergarten,451024,within,matched_single
schools,schools:gis_osm_pois_free:12121427539:school,450821,within,matched_single
schools,schools:gis_osm_pois_free:12218749751:kindergarten,451081,within,matched_single
schools,schools:gis_osm_pois_free:12285395320:school,450603,within,matched_single
schools,schools:gis_osm_pois_free:12345979160:school,450203,within,matched_single
schools,schools:gis_osm_pois_free:12421264971:school,450108,within,matched_single
schools,schools:gis_osm_pois_free:12464880351:school,450181,within,matched_single
schools,schools:gis_osm_pois_free:12533425907:school,450203,within,matched_single
schools,schools:gis_osm_pois_free:12538530765:kindergarten,450203,within,matched_single
schools,schools:gis_osm_pois_free:12552725412:school,450311,within,matched_single
schools,schools:gis_osm_pois_free:12611713775:school,450821,within,matched_single
schools,schools:gis_osm_pois_free:12611713776:school,450821,within,matched_single
schools,schools:gis_osm_pois_free:12611713777:school,450821,within,matched_single
schools,schools:gis_osm_pois_free:12827629090:school,450603,within,matched_single
schools,schools:gis_osm_pois_free:12885480250:school,450330,within,matched_single
schools,schools:gis_osm_pois_free:12898012246:school,451203,within,matched_single
schools,schools:gis_osm_pois_free:13005793704:kindergarten,450105,within,matched_single
schools,schools:gis_osm_pois_free:13006745834:kindergarten,451202,within,matched_single
schools,schools:gis_osm_pois_free:13007049981:kindergarten,451202,within,matched_single
schools,schools:gis_osm_pois_free:13008464571:kindergarten,450105,within,matched_single
schools,schools:gis_osm_pois_free:13022342406:kindergarten,450105,within,matched_single
schools,schools:gis_osm_pois_free:13050328474:school,451002,within,matched_single
schools,schools:gis_osm_pois_free:13057767795:school,450722,within,matched_single
schools,schools:gis_osm_pois_free:13176576996:school,450421,within,matched_single
schools,schools:gis_osm_pois_free:13176577131:school,450405,within,matched_single
schools,schools:gis_osm_pois_free:13246139650:school,450107,within,matched_single
schools,schools:gis_osm_pois_free:13408226320:school,450422,within,matched_single
schools,schools:gis_osm_pois_free:13505724055:college,450311,within,matched_single
schools,schools:gis_osm_pois_free:13513631417:college,450311,within,matched_single
schools,schools:gis_osm_pois_free:13513631418:college,450311,within,matched_single
schools,schools:gis_osm_pois_free:13513631419:college,450311,within,matched_single
schools,schools:gis_osm_pois_free:13513658421:college,450311,within,matched_single
schools,schools:gis_osm_pois_free:13513658422:college,450311,within,matched_single
schools,schools:gis_osm_pois_free:13513658423:college,450311,within,matched_single
schools,schools:gis_osm_pois_free:13513658424:college,450311,within,matched_single
schools,schools:gis_osm_pois_free:13513658425:college,450311,within,matched_single
schools,schools:gis_osm_pois_free:13513769030:college,450311,within,matched_single
schools,schools:gis_osm_pois_free:13513769031:college,450311,within,matched_single
schools,schools:gis_osm_pois_free:13530636900:school,450326,within,matched_single
schools,schools:gis_osm_pois_free:13532054687:kindergarten,450204,within,matched_single
schools,schools:gis_osm_pois_free:13607236663:kindergarten,451103,within,matched_single
schools,schools:gis_osm_pois_free:13607268523:kindergarten,451103,within,matched_single
schools,schools:gis_osm_pois_free:13726663958:school,450328,within,matched_single
schools,schools:gis_osm_pois_free:13740389536:kindergarten,450107,within,matched_single
schools,schools:gis_osm_pois_free:13893883723:school,450103,within,matched_single
schools,schools:gis_osm_pois_free:14003919840:school,450722,within,matched_single
schools,schools:gis_osm_pois_free:14015257174:school,450103,within,matched_single
schools,schools:gis_osm_pois_free:14046023342:school,450110,within,matched_single
schools,schools:gis_osm_pois_free:14046023343:school,450110,within,matched_single
schools,schools:gis_osm_pois_free:14046106923:school,450110,within,matched_single
schools,schools:gis_osm_pois_free:14046796229:school,451082,within,matched_single
schools,schools:gis_osm_pois_free:14046796506:school,451082,within,matched_single
schools,schools:gis_osm_pois_a_free:168134231:school,450204,intersects,matched_single
schools,schools:gis_osm_pois_a_free:205658306:school,450202,intersects,matched_single
schools,schools:gis_osm_pois_a_free:205659722:school,450202,intersects,matched_single
schools,schools:gis_osm_pois_a_free:205661086:school,450202,intersects,matched_single
schools,schools:gis_osm_pois_a_free:205661087:school,450202,intersects,matched_single
schools,schools:gis_osm_pois_a_free:205663282:school,450205,intersects,matched_single
schools,schools:gis_osm_pois_a_free:205663290:school,450205,intersects,matched_single
schools,schools:gis_osm_pois_a_free:205668758:school,450205,intersects,matched_single
schools,schools:gis_osm_pois_a_free:205669577:school,450203,intersects,matched_single
schools,schools:gis_osm_pois_a_free:205669580:school,450203,intersects,matched_single
schools,schools:gis_osm_pois_a_free:205669581:school,450203,intersects,matched_single
schools,schools:gis_osm_pois_a_free:205723414:university,450202,intersects,matched_single
schools,schools:gis_osm_pois_a_free:205723421:school,450203,intersects,matched_single
schools,schools:gis_osm_pois_a_free:205729265:school,450204,intersects,matched_single
schools,schools:gis_osm_pois_a_free:243873091:school,450304,intersects,matched_single
schools,schools:gis_osm_pois_a_free:253811349:school,450303,intersects,matched_single
schools,schools:gis_osm_pois_a_free:253811717:school,450302,intersects,matched_single
schools,schools:gis_osm_pois_a_free:253811718:school,450302,intersects,matched_single
schools,schools:gis_osm_pois_a_free:253926973:school,450303,intersects,matched_single
schools,schools:gis_osm_pois_a_free:272930394:school,450502,intersects,matched_single
schools,schools:gis_osm_pois_a_free:272931255:school,450502,intersects,matched_single
schools,schools:gis_osm_pois_a_free:272931256:school,450502,intersects,matched_single
schools,schools:gis_osm_pois_a_free:276908665:school,450321,intersects,matched_single
schools,schools:gis_osm_pois_a_free:277258495:school,450321,intersects,matched_single
schools,schools:gis_osm_pois_a_free:309260770:school,450321,intersects,matched_single
schools,schools:gis_osm_pois_a_free:310309954:school,450502,intersects,matched_single
schools,schools:gis_osm_pois_a_free:310309955:school,450502,intersects,matched_single
schools,schools:gis_osm_pois_a_free:310309960:school,450502,intersects,matched_single
schools,schools:gis_osm_pois_a_free:310309961:school,450502,intersects,matched_single
schools,schools:gis_osm_pois_a_free:310309962:school,450502,intersects,matched_single
schools,schools:gis_osm_pois_a_free:310309975:school,450502,intersects,matched_single
schools,schools:gis_osm_pois_a_free:310312811:school,450502,intersects,matched_single
schools,schools:gis_osm_pois_a_free:310312813:school,450502,intersects,matched_single
schools,schools:gis_osm_pois_a_free:310312816:school,450502,intersects,matched_single
schools,schools:gis_osm_pois_a_free:310314106:school,450502,intersects,matched_single
schools,schools:gis_osm_pois_a_free:310314107:college,450502,intersects,matched_single
schools,schools:gis_osm_pois_a_free:311207371:school,450702,intersects,matched_single
schools,schools:gis_osm_pois_a_free:311210010:school,450702,intersects,matched_single
schools,schools:gis_osm_pois_a_free:311348973:school,450703,intersects,matched_single
schools,schools:gis_osm_pois_a_free:312089305:school,450321,intersects,matched_single
schools,schools:gis_osm_pois_a_free:314593447:school,450321,intersects,matched_single
schools,schools:gis_osm_pois_a_free:5293709:school,450502,intersects,matched_single
schools,schools:gis_osm_pois_a_free:360400290:school,450328,intersects,matched_single
schools,schools:gis_osm_pois_a_free:379518401:school,450123,intersects,matched_single
schools,schools:gis_osm_pois_a_free:379518406:school,450123,intersects,matched_single
schools,schools:gis_osm_pois_a_free:379518422:school,450123,intersects,matched_single
schools,schools:gis_osm_pois_a_free:380351945:university,450305,intersects,matched_single
schools,schools:gis_osm_pois_a_free:398114009:college,450107,intersects,matched_single
schools,schools:gis_osm_pois_a_free:398115376:school,450107,intersects,matched_single
schools,schools:gis_osm_pois_a_free:398115378:university,450107,intersects,matched_single
schools,schools:gis_osm_pois_a_free:398115381:university,450107,intersects,matched_single
schools,schools:gis_osm_pois_a_free:401216509:school,450321,intersects,matched_single
schools,schools:gis_osm_pois_a_free:442916729:school,450321,intersects,matched_single
schools,schools:gis_osm_pois_a_free:444557047:school,450103,intersects,matched_single
schools,schools:gis_osm_pois_a_free:444557048:school,450103,intersects,matched_single
schools,schools:gis_osm_pois_a_free:456488859:school,450202,intersects,matched_single
schools,schools:gis_osm_pois_a_free:459580419:school,450305,intersects,matched_single
schools,schools:gis_osm_pois_a_free:470488707:school,451022,intersects,matched_single
schools,schools:gis_osm_pois_a_free:470488708:school,451022,intersects,matched_single
schools,schools:gis_osm_pois_a_free:470488709:school,451022,intersects,matched_single
schools,schools:gis_osm_pois_a_free:470488710:school,451022,intersects,matched_single
schools,schools:gis_osm_pois_a_free:470488743:school,451022,intersects,matched_single
schools,schools:gis_osm_pois_a_free:470488745:kindergarten,451022,intersects,matched_single
schools,schools:gis_osm_pois_a_free:470504376:school,451022,intersects,matched_single
schools,schools:gis_osm_pois_a_free:470504381:school,451022,intersects,matched_single
schools,schools:gis_osm_pois_a_free:472339887:school,451022,intersects,matched_single
schools,schools:gis_osm_pois_a_free:472339888:school,451022,intersects,matched_single
schools,schools:gis_osm_pois_a_free:472339894:school,451022,intersects,matched_single
schools,schools:gis_osm_pois_a_free:472339895:school,451022,intersects,matched_single
schools,schools:gis_osm_pois_a_free:472339896:school,451022,intersects,matched_single
schools,schools:gis_osm_pois_a_free:472339897:kindergarten,451022,intersects,matched_single
schools,schools:gis_osm_pois_a_free:472339905:school,451022,intersects,matched_single
schools,schools:gis_osm_pois_a_free:472485089:school,451022,intersects,matched_single
schools,schools:gis_osm_pois_a_free:472485102:school,451022,intersects,matched_single
schools,schools:gis_osm_pois_a_free:473969804:school,450305,intersects,matched_single
schools,schools:gis_osm_pois_a_free:9721941:school,450311,intersects,matched_single
schools,schools:gis_osm_pois_a_free:474001436:school,450311,intersects,matched_single
schools,schools:gis_osm_pois_a_free:475408780:university,451402,intersects,matched_single
schools,schools:gis_osm_pois_a_free:475408781:school,451402,intersects,matched_single
schools,schools:gis_osm_pois_a_free:475408782:school,451402,intersects,matched_single
schools,schools:gis_osm_pois_a_free:17959427:school,450323,intersects,matched_single
schools,schools:gis_osm_pois_a_free:475411323:school,450323,intersects,matched_single
schools,schools:gis_osm_pois_a_free:475422711:school,450321,intersects,matched_single
schools,schools:gis_osm_pois_a_free:477209254:school,450381,intersects,matched_single
schools,schools:gis_osm_pois_a_free:482386661:school,451022,intersects,matched_single
schools,schools:gis_osm_pois_a_free:482386668:school,451022,intersects,matched_single
schools,schools:gis_osm_pois_a_free:508588355:school,450323,intersects,matched_single
schools,schools:gis_osm_pois_a_free:509038703:school,451002,intersects,matched_single
schools,schools:gis_osm_pois_a_free:510521900:school,450105,intersects,matched_single
schools,schools:gis_osm_pois_a_free:513604582:school,450103,intersects,matched_single
schools,schools:gis_osm_pois_a_free:513604583:school,450103,intersects,matched_single
schools,schools:gis_osm_pois_a_free:513604585:school,450103,intersects,matched_single
schools,schools:gis_osm_pois_a_free:514656809:school,451202,intersects,matched_single
schools,schools:gis_osm_pois_a_free:514849777:school,451202,intersects,matched_single
schools,schools:gis_osm_pois_a_free:514930449:school,451202,intersects,matched_single
schools,schools:gis_osm_pois_a_free:520177156:school,450423,intersects,matched_single
schools,schools:gis_osm_pois_a_free:520624621:school,451123,intersects,matched_single
schools,schools:gis_osm_pois_a_free:520699218:school,451026,intersects,matched_single
schools,schools:gis_osm_pois_a_free:527006516:school,450802,intersects,matched_single
schools,schools:gis_osm_pois_a_free:527006802:school,450802,intersects,matched_single
schools,schools:gis_osm_pois_a_free:527006996:college,450802,intersects,matched_single
schools,schools:gis_osm_pois_a_free:528686063:school,450602,intersects,matched_single
schools,schools:gis_osm_pois_a_free:528686073:college,450603,intersects,matched_single
schools,schools:gis_osm_pois_a_free:528686119:school,450602,intersects,matched_single
schools,schools:gis_osm_pois_a_free:528686120:school,450602,intersects,matched_single
schools,schools:gis_osm_pois_a_free:532901347:university,450702,intersects,matched_single
schools,schools:gis_osm_pois_a_free:537655206:school,451002,intersects,matched_single
schools,schools:gis_osm_pois_a_free:537655353:school,451003,intersects,matched_single
schools,schools:gis_osm_pois_a_free:537733474:school,451027,intersects,matched_single
schools,schools:gis_osm_pois_a_free:537737801:school,451223,intersects,matched_single
schools,schools:gis_osm_pois_a_free:537737824:school,451223,intersects,matched_single
schools,schools:gis_osm_pois_a_free:543760038:school,451222,intersects,matched_single
schools,schools:gis_osm_pois_a_free:543841652:school,451002,intersects,matched_single
schools,schools:gis_osm_pois_a_free:543887676:school,451203,intersects,matched_single
schools,schools:gis_osm_pois_a_free:543897304:school,451203,intersects,matched_single
schools,schools:gis_osm_pois_a_free:544015175:school,450109,intersects,matched_single
schools,schools:gis_osm_pois_a_free:544682758:school,450202,intersects,matched_single
schools,schools:gis_osm_pois_a_free:546035378:kindergarten,450204,intersects,matched_single
schools,schools:gis_osm_pois_a_free:549470718:school,451029,intersects,matched_single
schools,schools:gis_osm_pois_a_free:549745196:school,451002,intersects,matched_single
schools,schools:gis_osm_pois_a_free:549745211:university,451002,intersects,matched_single
schools,schools:gis_osm_pois_a_free:549745213:college,451002,intersects,matched_single
schools,schools:gis_osm_pois_a_free:550360077:school,451002,intersects,matched_single
schools,schools:gis_osm_pois_a_free:550360089:school,451002,intersects,matched_single
schools,schools:gis_osm_pois_a_free:550360097:school,451002,intersects,matched_single
schools,schools:gis_osm_pois_a_free:550400828:school,450202,intersects,matched_single
schools,schools:gis_osm_pois_a_free:550400862:school,450202,intersects,matched_single
schools,schools:gis_osm_pois_a_free:550400877:school,450202,intersects,matched_single
schools,schools:gis_osm_pois_a_free:550408010:school,450202,intersects,matched_single
schools,schools:gis_osm_pois_a_free:550448679:school,450202,intersects,matched_single
schools,schools:gis_osm_pois_a_free:550448719:school,450202,intersects,matched_single
schools,schools:gis_osm_pois_a_free:550448735:school,450202,intersects,matched_single
schools,schools:gis_osm_pois_a_free:551846679:school,450204,intersects,matched_single
schools,schools:gis_osm_pois_a_free:551880669:school,451029,intersects,matched_single
schools,schools:gis_osm_pois_a_free:552534583:kindergarten,450202,intersects,matched_single
schools,schools:gis_osm_pois_a_free:552800576:school,450202,intersects,matched_single
schools,schools:gis_osm_pois_a_free:553196020:university,450107,intersects,matched_single
schools,schools:gis_osm_pois_a_free:555611296:school,451030,intersects,matched_single
schools,schools:gis_osm_pois_a_free:556793783:school,451424,intersects,matched_single
schools,schools:gis_osm_pois_a_free:556793800:school,451424,intersects,matched_single
schools,schools:gis_osm_pois_a_free:556793819:school,451424,intersects,matched_single
schools,schools:gis_osm_pois_a_free:560442677:school,450328,intersects,matched_single
schools,schools:gis_osm_pois_a_free:568497151:school,451022,intersects,matched_single
schools,schools:gis_osm_pois_a_free:568509113:school,451022,intersects,matched_single
schools,schools:gis_osm_pois_a_free:569513096:school,451022,intersects,matched_single
schools,schools:gis_osm_pois_a_free:570145335:school,451022,intersects,matched_single
schools,schools:gis_osm_pois_a_free:570173715:school,451022,intersects,matched_single
schools,schools:gis_osm_pois_a_free:570478104:school,451022,intersects,matched_single
schools,schools:gis_osm_pois_a_free:570478126:kindergarten,451022,intersects,matched_single
schools,schools:gis_osm_pois_a_free:575276697:school,450803,intersects,matched_single
schools,schools:gis_osm_pois_a_free:575276698:school,450802,intersects,matched_single
schools,schools:gis_osm_pois_a_free:575276699:school,450802,intersects,matched_single
schools,schools:gis_osm_pois_a_free:575292716:school,450803,intersects,matched_single
schools,schools:gis_osm_pois_a_free:587244266:school,450206,intersects,matched_single
schools,schools:gis_osm_pois_a_free:587656409:school,450206,intersects,matched_single
schools,schools:gis_osm_pois_a_free:587656583:school,450206,intersects,matched_single
schools,schools:gis_osm_pois_a_free:594921996:school,450103,intersects,matched_single
schools,schools:gis_osm_pois_a_free:606118480:university,450323,intersects,matched_single
schools,schools:gis_osm_pois_a_free:606121236:university,450305,intersects,matched_single
schools,schools:gis_osm_pois_a_free:606125804:school,450305,intersects,matched_single
schools,schools:gis_osm_pois_a_free:606220177:university,450305,intersects,matched_single
schools,schools:gis_osm_pois_a_free:611821762:school,450603,intersects,matched_single
schools,schools:gis_osm_pois_a_free:614174304:kindergarten,451029,intersects,matched_single
schools,schools:gis_osm_pois_a_free:616257669:school,450502,intersects,matched_single
schools,schools:gis_osm_pois_a_free:616257670:school,450502,intersects,matched_single
schools,schools:gis_osm_pois_a_free:616260216:school,450403,intersects,matched_single
schools,schools:gis_osm_pois_a_free:8541875:university,450502,intersects,matched_multiple
schools,schools:gis_osm_pois_a_free:8541875:university,450503,intersects,matched_multiple
schools,schools:gis_osm_pois_a_free:618829559:school,450126,intersects,matched_single
schools,schools:gis_osm_pois_a_free:622942812:school,450203,intersects,matched_single
schools,schools:gis_osm_pois_a_free:627526148:university,450305,intersects,matched_single
schools,schools:gis_osm_pois_a_free:627527309:university,450302,intersects,matched_single
schools,schools:gis_osm_pois_a_free:628408417:school,450602,intersects,matched_single
schools,schools:gis_osm_pois_a_free:628830344:school,450305,intersects,matched_single
schools,schools:gis_osm_pois_a_free:628835246:university,450311,intersects,matched_single
schools,schools:gis_osm_pois_a_free:628842007:college,450311,intersects,matched_single
schools,schools:gis_osm_pois_a_free:631224740:university,450203,intersects,matched_single
schools,schools:gis_osm_pois_a_free:631224752:school,450203,intersects,matched_single
schools,schools:gis_osm_pois_a_free:631224753:school,450203,intersects,matched_single
schools,schools:gis_osm_pois_a_free:631232602:school,450203,intersects,matched_single
schools,schools:gis_osm_pois_a_free:631232603:school,450203,intersects,matched_single
schools,schools:gis_osm_pois_a_free:631232605:university,450203,intersects,matched_single
schools,schools:gis_osm_pois_a_free:631232606:university,450203,intersects,matched_single
schools,schools:gis_osm_pois_a_free:631232607:university,450203,intersects,matched_single
schools,schools:gis_osm_pois_a_free:632412553:school,450203,intersects,matched_single
schools,schools:gis_osm_pois_a_free:632431677:school,450203,intersects,matched_single
schools,schools:gis_osm_pois_a_free:632966049:school,451222,intersects,matched_single
schools,schools:gis_osm_pois_a_free:637388787:university,451002,intersects,matched_single
schools,schools:gis_osm_pois_a_free:643029633:university,450305,intersects,matched_single
schools,schools:gis_osm_pois_a_free:646911644:school,450305,intersects,matched_single
schools,schools:gis_osm_pois_a_free:646911647:school,450305,intersects,matched_single
schools,schools:gis_osm_pois_a_free:647429069:university,450203,intersects,matched_single
schools,schools:gis_osm_pois_a_free:647459052:school,450305,intersects,matched_single
schools,schools:gis_osm_pois_a_free:647468198:school,450305,intersects,matched_single
schools,schools:gis_osm_pois_a_free:647468207:school,450304,intersects,matched_single
schools,schools:gis_osm_pois_a_free:647471576:school,450304,intersects,matched_single
schools,schools:gis_osm_pois_a_free:647571531:university,450203,intersects,matched_single
schools,schools:gis_osm_pois_a_free:647783381:school,450305,intersects,matched_single
schools,schools:gis_osm_pois_a_free:647783382:kindergarten,450305,intersects,matched_single
schools,schools:gis_osm_pois_a_free:652173843:college,450103,intersects,matched_single
schools,schools:gis_osm_pois_a_free:652173844:university,450103,intersects,matched_single
schools,schools:gis_osm_pois_a_free:652568412:school,450103,intersects,matched_single
schools,schools:gis_osm_pois_a_free:658142453:school,450305,intersects,matched_single
schools,schools:gis_osm_pois_a_free:660696833:school,450102,intersects,matched_single
schools,schools:gis_osm_pois_a_free:666287801:school,450603,intersects,matched_single
schools,schools:gis_osm_pois_a_free:666287866:school,450702,intersects,matched_single
schools,schools:gis_osm_pois_a_free:9607817:school,450302,intersects,matched_multiple
schools,schools:gis_osm_pois_a_free:9607817:school,450303,intersects,matched_multiple
schools,schools:gis_osm_pois_a_free:669065609:school,450302,intersects,matched_multiple
schools,schools:gis_osm_pois_a_free:669065609:school,450303,intersects,matched_multiple
schools,schools:gis_osm_pois_a_free:669069474:school,450302,intersects,matched_single
schools,schools:gis_osm_pois_a_free:671215660:school,450107,intersects,matched_single
schools,schools:gis_osm_pois_a_free:671777304:school,450305,intersects,matched_single
schools,schools:gis_osm_pois_a_free:674021568:school,450305,intersects,matched_single
schools,schools:gis_osm_pois_a_free:9366333:school,450305,intersects,matched_single
schools,schools:gis_osm_pois_a_free:9636107:school,450302,intersects,matched_single
schools,schools:gis_osm_pois_a_free:675588260:school,450302,intersects,matched_single
schools,schools:gis_osm_pois_a_free:680306175:school,451002,intersects,matched_single
schools,schools:gis_osm_pois_a_free:680306176:school,451002,intersects,matched_single
schools,schools:gis_osm_pois_a_free:680311501:school,451002,intersects,matched_single
schools,schools:gis_osm_pois_a_free:680336465:school,450203,intersects,matched_single
schools,schools:gis_osm_pois_a_free:680336467:school,450203,intersects,matched_single
schools,schools:gis_osm_pois_a_free:680345766:kindergarten,450203,intersects,matched_single
schools,schools:gis_osm_pois_a_free:681386598:university,450302,intersects,matched_single
schools,schools:gis_osm_pois_a_free:681878348:school,450202,intersects,matched_single
schools,schools:gis_osm_pois_a_free:681878355:kindergarten,450202,intersects,matched_single
schools,schools:gis_osm_pois_a_free:681878365:kindergarten,450203,intersects,matched_single
schools,schools:gis_osm_pois_a_free:9601967:school,450302,intersects,matched_single
schools,schools:gis_osm_pois_a_free:683044044:college,450312,intersects,matched_single
schools,schools:gis_osm_pois_a_free:683286831:school,450303,intersects,matched_single
schools,schools:gis_osm_pois_a_free:683286832:school,450303,intersects,matched_single
schools,schools:gis_osm_pois_a_free:683286833:school,450304,intersects,matched_single
schools,schools:gis_osm_pois_a_free:683286834:school,450304,intersects,matched_single
schools,schools:gis_osm_pois_a_free:683489993:university,450103,intersects,matched_single
schools,schools:gis_osm_pois_a_free:683559002:school,450203,intersects,matched_single
schools,schools:gis_osm_pois_a_free:683559004:school,450203,intersects,matched_single
schools,schools:gis_osm_pois_a_free:684946203:school,450302,intersects,matched_single
schools,schools:gis_osm_pois_a_free:685467314:university,450304,intersects,matched_single
schools,schools:gis_osm_pois_a_free:686115354:school,450602,intersects,matched_multiple
schools,schools:gis_osm_pois_a_free:686115354:school,450603,intersects,matched_multiple
schools,schools:gis_osm_pois_a_free:686230935:school,450302,intersects,matched_single
schools,schools:gis_osm_pois_a_free:686281229:school,451029,intersects,matched_single
schools,schools:gis_osm_pois_a_free:686927895:university,450103,intersects,matched_single
schools,schools:gis_osm_pois_a_free:686996406:school,451202,intersects,matched_single
schools,schools:gis_osm_pois_a_free:686996408:school,451202,intersects,matched_single
schools,schools:gis_osm_pois_a_free:691001675:school,450305,intersects,matched_single
schools,schools:gis_osm_pois_a_free:693661386:school,450202,intersects,matched_single
schools,schools:gis_osm_pois_a_free:695833879:college,450102,intersects,matched_single
schools,schools:gis_osm_pois_a_free:695950720:school,451225,intersects,matched_single
schools,schools:gis_osm_pois_a_free:699616193:school,450305,intersects,matched_single
schools,schools:gis_osm_pois_a_free:699616205:school,450305,intersects,matched_single
schools,schools:gis_osm_pois_a_free:702349339:school,450305,intersects,matched_single
schools,schools:gis_osm_pois_a_free:704460539:college,450403,intersects,matched_single
schools,schools:gis_osm_pois_a_free:712479057:university,450902,intersects,matched_single
schools,schools:gis_osm_pois_a_free:712479058:school,450902,intersects,matched_single
schools,schools:gis_osm_pois_a_free:712479060:school,450902,intersects,matched_single
schools,schools:gis_osm_pois_a_free:713851064:school,450502,intersects,matched_single
schools,schools:gis_osm_pois_a_free:713973627:school,450521,intersects,matched_single
schools,schools:gis_osm_pois_a_free:713973628:school,450521,intersects,matched_single
schools,schools:gis_osm_pois_a_free:713973634:school,450521,intersects,matched_single
schools,schools:gis_osm_pois_a_free:714321076:school,450502,intersects,matched_single
schools,schools:gis_osm_pois_a_free:714321077:school,450503,intersects,matched_single
schools,schools:gis_osm_pois_a_free:717552180:school,451002,intersects,matched_single
schools,schools:gis_osm_pois_a_free:717626139:school,451002,intersects,matched_single
schools,schools:gis_osm_pois_a_free:717876362:school,451002,intersects,matched_single
schools,schools:gis_osm_pois_a_free:717877904:school,451002,intersects,matched_single
schools,schools:gis_osm_pois_a_free:718769433:school,450202,intersects,matched_single
schools,schools:gis_osm_pois_a_free:722264523:school,450203,intersects,matched_single
schools,schools:gis_osm_pois_a_free:722631940:college,451103,intersects,matched_single
schools,schools:gis_osm_pois_a_free:723791717:school,450202,intersects,matched_single
schools,schools:gis_osm_pois_a_free:723791718:school,450202,intersects,matched_single
schools,schools:gis_osm_pois_a_free:723791719:school,450202,intersects,matched_single
schools,schools:gis_osm_pois_a_free:726853914:university,450103,intersects,matched_single
schools,schools:gis_osm_pois_a_free:727649371:school,450304,intersects,matched_single
schools,schools:gis_osm_pois_a_free:732792938:school,451422,intersects,matched_single
schools,schools:gis_osm_pois_a_free:733716873:school,450405,intersects,matched_single
schools,schools:gis_osm_pois_a_free:733740984:school,450405,intersects,matched_single
schools,schools:gis_osm_pois_a_free:734011159:school,450403,intersects,matched_single
schools,schools:gis_osm_pois_a_free:734011166:school,450403,intersects,matched_single
schools,schools:gis_osm_pois_a_free:734011176:school,450403,intersects,matched_single
schools,schools:gis_osm_pois_a_free:734011177:school,450403,intersects,matched_single
schools,schools:gis_osm_pois_a_free:734019787:school,450403,intersects,matched_single
schools,schools:gis_osm_pois_a_free:734019788:school,450403,intersects,matched_single
schools,schools:gis_osm_pois_a_free:734019789:school,450403,intersects,matched_single
schools,schools:gis_osm_pois_a_free:734019792:school,450403,intersects,matched_single
schools,schools:gis_osm_pois_a_free:734019794:school,450403,intersects,matched_single
schools,schools:gis_osm_pois_a_free:734020824:college,450403,intersects,matched_single
schools,schools:gis_osm_pois_a_free:734020825:college,450403,intersects,matched_single
schools,schools:gis_osm_pois_a_free:734020829:school,450403,intersects,matched_single
schools,schools:gis_osm_pois_a_free:734023326:school,450403,intersects,matched_single
schools,schools:gis_osm_pois_a_free:734135127:university,450403,intersects,matched_single
schools,schools:gis_osm_pois_a_free:734135131:school,450403,intersects,matched_single
schools,schools:gis_osm_pois_a_free:734135135:college,450403,intersects,matched_single
schools,schools:gis_osm_pois_a_free:734135137:school,450403,intersects,matched_single
schools,schools:gis_osm_pois_a_free:734135162:school,450403,intersects,matched_single
schools,schools:gis_osm_pois_a_free:734164689:school,450405,intersects,matched_single
schools,schools:gis_osm_pois_a_free:734486827:school,450403,intersects,matched_single
schools,schools:gis_osm_pois_a_free:734486892:school,450403,intersects,matched_single
schools,schools:gis_osm_pois_a_free:734486910:school,450403,intersects,matched_single
schools,schools:gis_osm_pois_a_free:734486943:school,450403,intersects,matched_single
schools,schools:gis_osm_pois_a_free:734499542:school,450405,intersects,matched_multiple
schools,schools:gis_osm_pois_a_free:734499542:school,450403,intersects,matched_multiple
schools,schools:gis_osm_pois_a_free:734499579:school,450405,intersects,matched_single
schools,schools:gis_osm_pois_a_free:736889729:school,450405,intersects,matched_single
schools,schools:gis_osm_pois_a_free:736905092:school,450405,intersects,matched_single
schools,schools:gis_osm_pois_a_free:736905093:kindergarten,450405,intersects,matched_single
schools,schools:gis_osm_pois_a_free:736905105:college,450405,intersects,matched_single
schools,schools:gis_osm_pois_a_free:736905106:college,450405,intersects,matched_single
schools,schools:gis_osm_pois_a_free:736905110:school,450405,intersects,matched_single
schools,schools:gis_osm_pois_a_free:737046870:school,450405,intersects,matched_single
schools,schools:gis_osm_pois_a_free:737046873:college,450405,intersects,matched_single
schools,schools:gis_osm_pois_a_free:737046875:school,450405,intersects,matched_single
schools,schools:gis_osm_pois_a_free:10182214:college,451002,intersects,matched_single
schools,schools:gis_osm_pois_a_free:745748294:school,450403,intersects,matched_single
schools,schools:gis_osm_pois_a_free:753633220:school,450305,intersects,matched_single
schools,schools:gis_osm_pois_a_free:758104534:kindergarten,450202,intersects,matched_single
schools,schools:gis_osm_pois_a_free:762412463:university,450902,intersects,matched_single
schools,schools:gis_osm_pois_a_free:762585344:university,451103,intersects,matched_multiple
schools,schools:gis_osm_pois_a_free:762585344:university,451102,intersects,matched_multiple
schools,schools:gis_osm_pois_a_free:762589991:university,451102,intersects,matched_single
schools,schools:gis_osm_pois_a_free:763910210:school,450103,intersects,matched_single
schools,schools:gis_osm_pois_a_free:772834717:school,450203,intersects,matched_single
schools,schools:gis_osm_pois_a_free:775904702:kindergarten,450202,intersects,matched_single
schools,schools:gis_osm_pois_a_free:778713778:school,450107,intersects,matched_single
schools,schools:gis_osm_pois_a_free:791788188:school,451002,intersects,matched_single
schools,schools:gis_osm_pois_a_free:791828005:school,450603,intersects,matched_single
schools,schools:gis_osm_pois_a_free:791828115:school,450603,intersects,matched_single
schools,schools:gis_osm_pois_a_free:791828207:school,450603,intersects,matched_single
schools,schools:gis_osm_pois_a_free:792002496:school,451002,intersects,matched_single
schools,schools:gis_osm_pois_a_free:792013799:school,451002,intersects,matched_single
schools,schools:gis_osm_pois_a_free:792390073:school,451002,intersects,matched_single
schools,schools:gis_osm_pois_a_free:792470029:school,451002,intersects,matched_single
schools,schools:gis_osm_pois_a_free:792853855:kindergarten,451002,intersects,matched_single
schools,schools:gis_osm_pois_a_free:792915354:school,451002,intersects,matched_single
schools,schools:gis_osm_pois_a_free:792967077:school,451002,intersects,matched_single
schools,schools:gis_osm_pois_a_free:795565009:school,451002,intersects,matched_single
schools,schools:gis_osm_pois_a_free:807887067:school,450702,intersects,matched_single
schools,schools:gis_osm_pois_a_free:808817004:school,451103,intersects,matched_single
schools,schools:gis_osm_pois_a_free:809159380:school,451381,intersects,matched_single
schools,schools:gis_osm_pois_a_free:809159386:school,451381,intersects,matched_single
schools,schools:gis_osm_pois_a_free:822455219:school,450603,intersects,matched_single
schools,schools:gis_osm_pois_a_free:822455241:school,450603,intersects,matched_single
schools,schools:gis_osm_pois_a_free:822526236:school,450603,intersects,matched_single
schools,schools:gis_osm_pois_a_free:822526270:school,450603,intersects,matched_single
schools,schools:gis_osm_pois_a_free:822563862:school,450603,intersects,matched_single
schools,schools:gis_osm_pois_a_free:822563863:school,450603,intersects,matched_single
schools,schools:gis_osm_pois_a_free:822563864:school,450603,intersects,matched_single
schools,schools:gis_osm_pois_a_free:822563948:school,450603,intersects,matched_single
schools,schools:gis_osm_pois_a_free:822782047:school,450603,intersects,matched_single
schools,schools:gis_osm_pois_a_free:822782048:school,450603,intersects,matched_single
schools,schools:gis_osm_pois_a_free:822782071:school,450602,intersects,matched_single
schools,schools:gis_osm_pois_a_free:822782083:school,450602,intersects,matched_single
schools,schools:gis_osm_pois_a_free:822782084:school,450602,intersects,matched_single
schools,schools:gis_osm_pois_a_free:822854081:school,450602,intersects,matched_single
schools,schools:gis_osm_pois_a_free:822854168:school,450602,intersects,matched_single
schools,schools:gis_osm_pois_a_free:823325857:school,450603,intersects,matched_single
schools,schools:gis_osm_pois_a_free:823325861:school,450603,intersects,matched_single
schools,schools:gis_osm_pois_a_free:823325863:school,450602,intersects,matched_single
schools,schools:gis_osm_pois_a_free:823325864:school,450602,intersects,matched_single
schools,schools:gis_osm_pois_a_free:823325865:school,450602,intersects,matched_single
schools,schools:gis_osm_pois_a_free:823325869:school,450603,intersects,matched_single
schools,schools:gis_osm_pois_a_free:823325870:school,450603,intersects,matched_single
schools,schools:gis_osm_pois_a_free:824173860:school,451029,intersects,matched_single
schools,schools:gis_osm_pois_a_free:824259666:school,451081,intersects,matched_single
schools,schools:gis_osm_pois_a_free:824887106:kindergarten,451029,intersects,matched_single
schools,schools:gis_osm_pois_a_free:827893106:school,451421,intersects,matched_single
schools,schools:gis_osm_pois_a_free:827893138:school,451421,intersects,matched_single
schools,schools:gis_osm_pois_a_free:828741820:school,450205,intersects,matched_single
schools,schools:gis_osm_pois_a_free:828741835:school,450205,intersects,matched_single
schools,schools:gis_osm_pois_a_free:828741837:school,450205,intersects,matched_single
schools,schools:gis_osm_pois_a_free:828741838:school,450205,intersects,matched_single
schools,schools:gis_osm_pois_a_free:830376220:college,450602,intersects,matched_single
schools,schools:gis_osm_pois_a_free:830647801:school,450603,intersects,matched_single
schools,schools:gis_osm_pois_a_free:830647802:school,450603,intersects,matched_single
schools,schools:gis_osm_pois_a_free:835017639:school,450205,intersects,matched_single
schools,schools:gis_osm_pois_a_free:835456976:school,450204,intersects,matched_single
schools,schools:gis_osm_pois_a_free:835977182:college,450203,intersects,matched_single
schools,schools:gis_osm_pois_a_free:836086485:school,450205,intersects,matched_single
schools,schools:gis_osm_pois_a_free:836298644:school,451002,intersects,matched_single
schools,schools:gis_osm_pois_a_free:837903781:school,450108,intersects,matched_single
schools,schools:gis_osm_pois_a_free:837903784:school,450108,intersects,matched_single
schools,schools:gis_osm_pois_a_free:837903798:school,450108,intersects,matched_single
schools,schools:gis_osm_pois_a_free:837920578:school,450108,intersects,matched_single
schools,schools:gis_osm_pois_a_free:837920605:school,450108,intersects,matched_single
schools,schools:gis_osm_pois_a_free:837920607:school,450108,intersects,matched_single
schools,schools:gis_osm_pois_a_free:837932858:school,450108,intersects,matched_single
schools,schools:gis_osm_pois_a_free:837932891:school,450108,intersects,matched_single
schools,schools:gis_osm_pois_a_free:837932973:school,450108,intersects,matched_single
schools,schools:gis_osm_pois_a_free:837956766:school,450108,intersects,matched_single
schools,schools:gis_osm_pois_a_free:837956777:school,450108,intersects,matched_single
schools,schools:gis_osm_pois_a_free:837956806:school,450108,intersects,matched_single
schools,schools:gis_osm_pois_a_free:837956819:school,450108,intersects,matched_single
schools,schools:gis_osm_pois_a_free:837966554:school,450108,intersects,matched_single
schools,schools:gis_osm_pois_a_free:837966571:school,450108,intersects,matched_single
schools,schools:gis_osm_pois_a_free:837975123:university,450105,intersects,matched_single
schools,schools:gis_osm_pois_a_free:838498727:school,450105,intersects,matched_single
schools,schools:gis_osm_pois_a_free:838498736:school,450105,intersects,matched_single
schools,schools:gis_osm_pois_a_free:838512062:school,450107,intersects,matched_single
schools,schools:gis_osm_pois_a_free:838524941:school,450107,intersects,matched_single
schools,schools:gis_osm_pois_a_free:838574866:college,450110,intersects,matched_single
schools,schools:gis_osm_pois_a_free:838574883:school,450110,intersects,matched_single
schools,schools:gis_osm_pois_a_free:838574884:college,450110,intersects,matched_single
schools,schools:gis_osm_pois_a_free:838574899:college,450110,intersects,matched_single
schools,schools:gis_osm_pois_a_free:838574900:school,450110,intersects,matched_single
schools,schools:gis_osm_pois_a_free:838574901:college,450110,intersects,matched_single
schools,schools:gis_osm_pois_a_free:838574907:university,450110,intersects,matched_single
schools,schools:gis_osm_pois_a_free:838575021:college,450110,intersects,matched_single
schools,schools:gis_osm_pois_a_free:838600972:school,450107,intersects,matched_single
schools,schools:gis_osm_pois_a_free:838637511:university,450107,intersects,matched_single
schools,schools:gis_osm_pois_a_free:838658842:school,450105,intersects,matched_single
schools,schools:gis_osm_pois_a_free:838802584:college,451421,intersects,matched_single
schools,schools:gis_osm_pois_a_free:838802629:college,451421,intersects,matched_single
schools,schools:gis_osm_pois_a_free:838802643:university,451421,intersects,matched_single
schools,schools:gis_osm_pois_a_free:838874142:university,450103,intersects,matched_single
schools,schools:gis_osm_pois_a_free:838874161:university,450103,intersects,matched_single
schools,schools:gis_osm_pois_a_free:839587429:university,450107,intersects,matched_single
schools,schools:gis_osm_pois_a_free:839587430:college,450107,intersects,matched_single
schools,schools:gis_osm_pois_a_free:839587432:college,450107,intersects,matched_single
schools,schools:gis_osm_pois_a_free:839587469:university,450107,intersects,matched_single
schools,schools:gis_osm_pois_a_free:839587473:university,450107,intersects,matched_single
schools,schools:gis_osm_pois_a_free:839587474:college,450107,intersects,matched_single
schools,schools:gis_osm_pois_a_free:839587554:college,450107,intersects,matched_single
schools,schools:gis_osm_pois_a_free:839587571:college,450107,intersects,matched_single
schools,schools:gis_osm_pois_a_free:839607484:university,450107,intersects,matched_single
schools,schools:gis_osm_pois_a_free:839607501:school,450107,intersects,matched_single
schools,schools:gis_osm_pois_a_free:839607520:college,450107,intersects,matched_single
schools,schools:gis_osm_pois_a_free:839607533:school,450107,intersects,matched_single
schools,schools:gis_osm_pois_a_free:839607599:school,450107,intersects,matched_single
schools,schools:gis_osm_pois_a_free:839607616:college,450107,intersects,matched_single
schools,schools:gis_osm_pois_a_free:839607717:school,450107,intersects,matched_single
schools,schools:gis_osm_pois_a_free:839620749:school,450107,intersects,matched_single
schools,schools:gis_osm_pois_a_free:839634239:school,450102,intersects,matched_single
schools,schools:gis_osm_pois_a_free:839644577:school,450204,intersects,matched_single
schools,schools:gis_osm_pois_a_free:839644582:school,450204,intersects,matched_single
schools,schools:gis_osm_pois_a_free:839644594:school,450204,intersects,matched_single
schools,schools:gis_osm_pois_a_free:839655990:school,450102,intersects,matched_single
schools,schools:gis_osm_pois_a_free:839698887:school,450102,intersects,matched_single
schools,schools:gis_osm_pois_a_free:839711928:school,450107,intersects,matched_single
schools,schools:gis_osm_pois_a_free:839738513:school,450109,intersects,matched_single
schools,schools:gis_osm_pois_a_free:839738551:school,450109,intersects,matched_single
schools,schools:gis_osm_pois_a_free:839738583:university,450109,intersects,matched_single
schools,schools:gis_osm_pois_a_free:839921196:school,450123,intersects,matched_single
schools,schools:gis_osm_pois_a_free:840517970:college,451402,intersects,matched_single
schools,schools:gis_osm_pois_a_free:840518041:college,451402,intersects,matched_single
schools,schools:gis_osm_pois_a_free:840533771:school,451421,intersects,matched_single
schools,schools:gis_osm_pois_a_free:840558226:school,450703,intersects,matched_single
schools,schools:gis_osm_pois_a_free:840581502:school,450621,intersects,matched_single
schools,schools:gis_osm_pois_a_free:840581631:school,451402,intersects,matched_single
schools,schools:gis_osm_pois_a_free:840599609:college,451402,intersects,matched_single
schools,schools:gis_osm_pois_a_free:840599693:university,451402,intersects,matched_single
schools,schools:gis_osm_pois_a_free:840599723:school,451402,intersects,matched_single
schools,schools:gis_osm_pois_a_free:840704861:school,450421,intersects,matched_single
schools,schools:gis_osm_pois_a_free:840704880:school,450421,intersects,matched_single
schools,schools:gis_osm_pois_a_free:841364815:school,450203,intersects,matched_single
schools,schools:gis_osm_pois_a_free:841364824:school,450203,intersects,matched_single
schools,schools:gis_osm_pois_a_free:843054641:school,450602,intersects,matched_single
schools,schools:gis_osm_pois_a_free:843178358:school,450503,intersects,matched_single
schools,schools:gis_osm_pois_a_free:843178454:school,450503,intersects,matched_single
schools,schools:gis_osm_pois_a_free:843178463:college,450503,intersects,matched_single
schools,schools:gis_osm_pois_a_free:843178498:school,450503,intersects,matched_single
schools,schools:gis_osm_pois_a_free:843619978:school,451123,intersects,matched_single
schools,schools:gis_osm_pois_a_free:845090022:school,450881,intersects,matched_single
schools,schools:gis_osm_pois_a_free:845162327:school,450922,intersects,matched_single
schools,schools:gis_osm_pois_a_free:848670324:school,450109,intersects,matched_single
schools,schools:gis_osm_pois_a_free:848674446:school,450103,intersects,matched_single
schools,schools:gis_osm_pois_a_free:849397874:college,450102,intersects,matched_single
schools,schools:gis_osm_pois_a_free:853375802:school,450602,intersects,matched_single
schools,schools:gis_osm_pois_a_free:854881011:school,451029,intersects,matched_single
schools,schools:gis_osm_pois_a_free:854881013:school,451029,intersects,matched_single
schools,schools:gis_osm_pois_a_free:865452680:school,451227,intersects,matched_single
schools,schools:gis_osm_pois_a_free:865629574:school,450125,intersects,matched_single
schools,schools:gis_osm_pois_a_free:866221940:school,451029,intersects,matched_single
schools,schools:gis_osm_pois_a_free:875351877:school,450108,intersects,matched_single
schools,schools:gis_osm_pois_a_free:875352373:school,450108,intersects,matched_single
schools,schools:gis_osm_pois_a_free:875354000:school,450105,intersects,matched_single
schools,schools:gis_osm_pois_a_free:875354002:school,450105,intersects,matched_single
schools,schools:gis_osm_pois_a_free:875355004:school,450103,intersects,matched_single
schools,schools:gis_osm_pois_a_free:875492029:kindergarten,451029,intersects,matched_single
schools,schools:gis_osm_pois_a_free:875492031:school,451029,intersects,matched_single
schools,schools:gis_osm_pois_a_free:875492032:kindergarten,451029,intersects,matched_single
schools,schools:gis_osm_pois_a_free:875692224:school,451002,intersects,matched_single
schools,schools:gis_osm_pois_a_free:875709436:school,450108,intersects,matched_single
schools,schools:gis_osm_pois_a_free:876134086:school,450204,intersects,matched_single
schools,schools:gis_osm_pois_a_free:876134087:kindergarten,450204,intersects,matched_single
schools,schools:gis_osm_pois_a_free:876134092:school,450204,intersects,matched_single
schools,schools:gis_osm_pois_a_free:876134093:school,450204,intersects,matched_single
schools,schools:gis_osm_pois_a_free:876577507:kindergarten,450602,intersects,matched_single
schools,schools:gis_osm_pois_a_free:877828886:school,450423,intersects,matched_single
schools,schools:gis_osm_pois_a_free:877829069:school,450423,intersects,matched_single
schools,schools:gis_osm_pois_a_free:877829109:school,450423,intersects,matched_single
schools,schools:gis_osm_pois_a_free:878939400:kindergarten,450603,intersects,matched_single
schools,schools:gis_osm_pois_a_free:879192752:kindergarten,450603,intersects,matched_single
schools,schools:gis_osm_pois_a_free:880089946:kindergarten,450107,intersects,matched_single
schools,schools:gis_osm_pois_a_free:880663399:kindergarten,450602,intersects,matched_single
schools,schools:gis_osm_pois_a_free:883840454:school,451481,intersects,matched_single
schools,schools:gis_osm_pois_a_free:883840456:school,451481,intersects,matched_single
schools,schools:gis_osm_pois_a_free:883840466:school,451481,intersects,matched_single
schools,schools:gis_osm_pois_a_free:883840467:school,451481,intersects,matched_single
schools,schools:gis_osm_pois_a_free:885083147:university,450302,intersects,matched_single
schools,schools:gis_osm_pois_a_free:888602681:school,451029,intersects,matched_single
schools,schools:gis_osm_pois_a_free:890906562:school,451002,intersects,matched_single
schools,schools:gis_osm_pois_a_free:891244250:kindergarten,450205,intersects,matched_single
schools,schools:gis_osm_pois_a_free:891244253:kindergarten,450205,intersects,matched_single
schools,schools:gis_osm_pois_a_free:891244254:school,450205,intersects,matched_single
schools,schools:gis_osm_pois_a_free:891244255:school,450205,intersects,matched_single
schools,schools:gis_osm_pois_a_free:891244257:college,450205,intersects,matched_single
schools,schools:gis_osm_pois_a_free:891244259:college,450205,intersects,matched_single
schools,schools:gis_osm_pois_a_free:891244275:school,450205,intersects,matched_single
schools,schools:gis_osm_pois_a_free:891244278:school,450205,intersects,matched_single
schools,schools:gis_osm_pois_a_free:891244279:school,450205,intersects,matched_single
schools,schools:gis_osm_pois_a_free:891244281:school,450205,intersects,matched_single
schools,schools:gis_osm_pois_a_free:891244289:school,450205,intersects,matched_single
schools,schools:gis_osm_pois_a_free:891244295:school,450205,intersects,matched_single
schools,schools:gis_osm_pois_a_free:891244296:school,450205,intersects,matched_single
schools,schools:gis_osm_pois_a_free:891244298:school,450205,intersects,matched_single
schools,schools:gis_osm_pois_a_free:894590038:college,450103,intersects,matched_single
schools,schools:gis_osm_pois_a_free:894590039:university,450103,intersects,matched_single
schools,schools:gis_osm_pois_a_free:896166528:school,451225,intersects,matched_single
schools,schools:gis_osm_pois_a_free:899210203:school,450204,intersects,matched_single
schools,schools:gis_osm_pois_a_free:899210216:kindergarten,450204,intersects,matched_single
schools,schools:gis_osm_pois_a_free:899210219:school,450204,intersects,matched_single
schools,schools:gis_osm_pois_a_free:901215064:school,451002,intersects,matched_single
schools,schools:gis_osm_pois_a_free:901477105:school,451225,intersects,matched_single
schools,schools:gis_osm_pois_a_free:903828519:school,451422,intersects,matched_single
schools,schools:gis_osm_pois_a_free:904349334:school,450405,intersects,matched_single
schools,schools:gis_osm_pois_a_free:904581230:school,450702,intersects,matched_single
schools,schools:gis_osm_pois_a_free:904581231:school,450702,intersects,matched_single
schools,schools:gis_osm_pois_a_free:904714879:school,451002,intersects,matched_single
schools,schools:gis_osm_pois_a_free:904714885:kindergarten,451002,intersects,matched_single
schools,schools:gis_osm_pois_a_free:904797403:kindergarten,450702,intersects,matched_single
schools,schools:gis_osm_pois_a_free:904851213:school,450702,intersects,matched_single
schools,schools:gis_osm_pois_a_free:905515474:school,451029,intersects,matched_single
schools,schools:gis_osm_pois_a_free:905718347:kindergarten,450403,intersects,matched_single
schools,schools:gis_osm_pois_a_free:905780493:school,450702,intersects,matched_single
schools,schools:gis_osm_pois_a_free:905780497:school,450702,intersects,matched_single
schools,schools:gis_osm_pois_a_free:906163727:kindergarten,450702,intersects,matched_single
schools,schools:gis_osm_pois_a_free:906563639:school,450602,intersects,matched_single
schools,schools:gis_osm_pois_a_free:907459549:school,450109,intersects,matched_single
schools,schools:gis_osm_pois_a_free:907952260:school,450603,intersects,matched_single
schools,schools:gis_osm_pois_a_free:908435629:school,450204,intersects,matched_single
schools,schools:gis_osm_pois_a_free:908458039:school,451029,intersects,matched_single
schools,schools:gis_osm_pois_a_free:909263886:school,450109,intersects,matched_single
schools,schools:gis_osm_pois_a_free:910905063:school,450109,intersects,matched_single
schools,schools:gis_osm_pois_a_free:910905065:school,450109,intersects,matched_single
schools,schools:gis_osm_pois_a_free:911702137:college,450103,intersects,matched_single
schools,schools:gis_osm_pois_a_free:912478383:school,450312,intersects,matched_single
schools,schools:gis_osm_pois_a_free:912478530:school,450311,intersects,matched_single
schools,schools:gis_osm_pois_a_free:913763585:kindergarten,450702,intersects,matched_multiple
schools,schools:gis_osm_pois_a_free:913763585:kindergarten,450703,intersects,matched_multiple
schools,schools:gis_osm_pois_a_free:913792233:college,450224,intersects,matched_single
schools,schools:gis_osm_pois_a_free:914356456:school,450703,intersects,matched_single
schools,schools:gis_osm_pois_a_free:914655159:school,450702,intersects,matched_single
schools,schools:gis_osm_pois_a_free:914719627:school,450703,intersects,matched_single
schools,schools:gis_osm_pois_a_free:914719633:school,450703,intersects,matched_single
schools,schools:gis_osm_pois_a_free:914959874:school,450103,intersects,matched_single
schools,schools:gis_osm_pois_a_free:914959875:school,450103,intersects,matched_single
schools,schools:gis_osm_pois_a_free:914959876:school,450103,intersects,matched_single
schools,schools:gis_osm_pois_a_free:915070928:school,450103,intersects,matched_single
schools,schools:gis_osm_pois_a_free:915092147:college,450103,intersects,matched_single
schools,schools:gis_osm_pois_a_free:915092148:kindergarten,450103,intersects,matched_single
schools,schools:gis_osm_pois_a_free:915110709:school,450103,intersects,matched_single
schools,schools:gis_osm_pois_a_free:915110712:school,450103,intersects,matched_single
schools,schools:gis_osm_pois_a_free:915126709:school,450105,intersects,matched_single
schools,schools:gis_osm_pois_a_free:915321917:school,450103,intersects,matched_single
schools,schools:gis_osm_pois_a_free:915333919:kindergarten,450103,intersects,matched_single
schools,schools:gis_osm_pois_a_free:915337125:college,450503,intersects,matched_single
schools,schools:gis_osm_pois_a_free:915703005:college,450103,intersects,matched_single
schools,schools:gis_osm_pois_a_free:915709100:school,450103,intersects,matched_single
schools,schools:gis_osm_pois_a_free:916157067:school,450103,intersects,matched_single
schools,schools:gis_osm_pois_a_free:916541154:school,450603,intersects,matched_single
schools,schools:gis_osm_pois_a_free:916541574:kindergarten,450603,intersects,matched_single
schools,schools:gis_osm_pois_a_free:917314069:school,451024,intersects,matched_single
schools,schools:gis_osm_pois_a_free:917314101:school,451024,intersects,matched_single
schools,schools:gis_osm_pois_a_free:918224571:school,451081,intersects,matched_single
schools,schools:gis_osm_pois_a_free:918603708:school,451024,intersects,matched_single
schools,schools:gis_osm_pois_a_free:918603717:school,451024,intersects,matched_single
schools,schools:gis_osm_pois_a_free:918674658:school,451026,intersects,matched_single
schools,schools:gis_osm_pois_a_free:918754973:school,450702,intersects,matched_single
schools,schools:gis_osm_pois_a_free:919070636:school,451024,intersects,matched_single
schools,schools:gis_osm_pois_a_free:919725387:school,451026,intersects,matched_single
schools,schools:gis_osm_pois_a_free:921333428:school,451424,intersects,matched_single
schools,schools:gis_osm_pois_a_free:921548779:school,450602,intersects,matched_single
schools,schools:gis_osm_pois_a_free:921936906:school,450602,intersects,matched_single
schools,schools:gis_osm_pois_a_free:921988428:school,450603,intersects,matched_single
schools,schools:gis_osm_pois_a_free:922517548:school,451002,intersects,matched_single
schools,schools:gis_osm_pois_a_free:922786881:school,450103,intersects,matched_single
schools,schools:gis_osm_pois_a_free:922789136:school,450108,intersects,matched_single
schools,schools:gis_osm_pois_a_free:922791775:school,450103,intersects,matched_single
schools,schools:gis_osm_pois_a_free:923440969:school,450602,intersects,matched_single
schools,schools:gis_osm_pois_a_free:923686963:kindergarten,451026,intersects,matched_single
schools,schools:gis_osm_pois_a_free:923686972:school,451026,intersects,matched_single
schools,schools:gis_osm_pois_a_free:924748934:kindergarten,450703,intersects,matched_single
schools,schools:gis_osm_pois_a_free:924769208:school,450703,intersects,matched_single
schools,schools:gis_osm_pois_a_free:924769214:school,450703,intersects,matched_single
schools,schools:gis_osm_pois_a_free:925070851:kindergarten,451024,intersects,matched_single
schools,schools:gis_osm_pois_a_free:925102321:school,451424,intersects,matched_single
schools,schools:gis_osm_pois_a_free:925102350:school,451424,intersects,matched_single
schools,schools:gis_osm_pois_a_free:925102362:school,451424,intersects,matched_single
schools,schools:gis_osm_pois_a_free:925112232:kindergarten,451425,intersects,matched_single
schools,schools:gis_osm_pois_a_free:925164416:school,451425,intersects,matched_single
schools,schools:gis_osm_pois_a_free:925218245:kindergarten,450103,intersects,matched_single
schools,schools:gis_osm_pois_a_free:925228710:school,451425,intersects,matched_single
schools,schools:gis_osm_pois_a_free:925228743:school,451425,intersects,matched_single
schools,schools:gis_osm_pois_a_free:925228745:school,451425,intersects,matched_single
schools,schools:gis_osm_pois_a_free:925234262:school,451425,intersects,matched_single
schools,schools:gis_osm_pois_a_free:925530670:school,450702,intersects,matched_single
schools,schools:gis_osm_pois_a_free:925906140:college,450603,intersects,matched_single
schools,schools:gis_osm_pois_a_free:925924982:school,451102,intersects,matched_single
schools,schools:gis_osm_pois_a_free:926107376:school,451002,intersects,matched_single
schools,schools:gis_osm_pois_a_free:927474996:school,451002,intersects,matched_single
schools,schools:gis_osm_pois_a_free:927482159:school,451002,intersects,matched_single
schools,schools:gis_osm_pois_a_free:931422715:school,450126,intersects,matched_single
schools,schools:gis_osm_pois_a_free:931422716:school,450126,intersects,matched_single
schools,schools:gis_osm_pois_a_free:931785562:kindergarten,450603,intersects,matched_single
schools,schools:gis_osm_pois_a_free:931993481:school,451002,intersects,matched_single
schools,schools:gis_osm_pois_a_free:934116815:kindergarten,450603,intersects,matched_single
schools,schools:gis_osm_pois_a_free:935842913:school,451002,intersects,matched_single
schools,schools:gis_osm_pois_a_free:938052095:kindergarten,450103,intersects,matched_single
schools,schools:gis_osm_pois_a_free:938052096:university,450103,intersects,matched_single
schools,schools:gis_osm_pois_a_free:944175276:school,451302,intersects,matched_single
schools,schools:gis_osm_pois_a_free:944175309:school,451302,intersects,matched_single
schools,schools:gis_osm_pois_a_free:944175311:school,451302,intersects,matched_single
schools,schools:gis_osm_pois_a_free:944175312:school,451302,intersects,matched_single
schools,schools:gis_osm_pois_a_free:944175313:kindergarten,451302,intersects,matched_single
schools,schools:gis_osm_pois_a_free:944175314:school,451302,intersects,matched_single
schools,schools:gis_osm_pois_a_free:944175316:school,451302,intersects,matched_single
schools,schools:gis_osm_pois_a_free:944175358:school,451302,intersects,matched_single
schools,schools:gis_osm_pois_a_free:944175363:school,451302,intersects,matched_single
schools,schools:gis_osm_pois_a_free:944175364:school,451302,intersects,matched_single
schools,schools:gis_osm_pois_a_free:944175379:college,451302,intersects,matched_single
schools,schools:gis_osm_pois_a_free:944175380:college,451302,intersects,matched_single
schools,schools:gis_osm_pois_a_free:944175381:college,451302,intersects,matched_single
schools,schools:gis_osm_pois_a_free:944175382:school,451302,intersects,matched_single
schools,schools:gis_osm_pois_a_free:945755586:school,450603,intersects,matched_single
schools,schools:gis_osm_pois_a_free:945759091:school,451002,intersects,matched_single
schools,schools:gis_osm_pois_a_free:945759092:school,451002,intersects,matched_single
schools,schools:gis_osm_pois_a_free:945999834:school,450203,intersects,matched_single
schools,schools:gis_osm_pois_a_free:946516842:school,450922,intersects,matched_single
schools,schools:gis_osm_pois_a_free:946516848:school,450922,intersects,matched_single
schools,schools:gis_osm_pois_a_free:946516861:school,450922,intersects,matched_single
schools,schools:gis_osm_pois_a_free:947179993:kindergarten,450603,intersects,matched_single
schools,schools:gis_osm_pois_a_free:947797442:school,450702,intersects,matched_single
schools,schools:gis_osm_pois_a_free:947800345:school,450703,intersects,matched_single
schools,schools:gis_osm_pois_a_free:950208574:school,451081,intersects,matched_single
schools,schools:gis_osm_pois_a_free:950213629:school,451081,intersects,matched_single
schools,schools:gis_osm_pois_a_free:952078376:school,451421,intersects,matched_single
schools,schools:gis_osm_pois_a_free:952078377:school,451421,intersects,matched_single
schools,schools:gis_osm_pois_a_free:952078379:college,451421,intersects,matched_single
schools,schools:gis_osm_pois_a_free:952078380:university,451421,intersects,matched_single
schools,schools:gis_osm_pois_a_free:952209402:university,450110,intersects,matched_single
schools,schools:gis_osm_pois_a_free:952209403:university,450110,intersects,matched_single
schools,schools:gis_osm_pois_a_free:952209404:university,450110,intersects,matched_single
schools,schools:gis_osm_pois_a_free:952218025:school,450110,intersects,matched_single
schools,schools:gis_osm_pois_a_free:952236239:university,450110,intersects,matched_single
schools,schools:gis_osm_pois_a_free:952685795:college,450203,intersects,matched_single
schools,schools:gis_osm_pois_a_free:952685802:school,450204,intersects,matched_single
schools,schools:gis_osm_pois_a_free:952685803:school,450204,intersects,matched_single
schools,schools:gis_osm_pois_a_free:952685811:school,450203,intersects,matched_single
schools,schools:gis_osm_pois_a_free:952685819:school,450203,intersects,matched_single
schools,schools:gis_osm_pois_a_free:952685830:kindergarten,450202,intersects,matched_single
schools,schools:gis_osm_pois_a_free:952685831:school,450202,intersects,matched_single
schools,schools:gis_osm_pois_a_free:952685832:school,450202,intersects,matched_single
schools,schools:gis_osm_pois_a_free:952685833:school,450202,intersects,matched_single
schools,schools:gis_osm_pois_a_free:952685834:school,450202,intersects,matched_single
schools,schools:gis_osm_pois_a_free:952705304:college,450203,intersects,matched_single
schools,schools:gis_osm_pois_a_free:952705362:school,450203,intersects,matched_single
schools,schools:gis_osm_pois_a_free:952705378:school,450203,intersects,matched_single
schools,schools:gis_osm_pois_a_free:952885746:school,450206,intersects,matched_single
schools,schools:gis_osm_pois_a_free:952885747:school,450206,intersects,matched_single
schools,schools:gis_osm_pois_a_free:952885748:university,450206,intersects,matched_single
schools,schools:gis_osm_pois_a_free:952885749:school,450206,intersects,matched_single
schools,schools:gis_osm_pois_a_free:952885751:school,450206,intersects,matched_single
schools,schools:gis_osm_pois_a_free:952885752:school,450206,intersects,matched_single
schools,schools:gis_osm_pois_a_free:952885753:school,450206,intersects,matched_single
schools,schools:gis_osm_pois_a_free:953687702:school,450204,intersects,matched_single
schools,schools:gis_osm_pois_a_free:953687708:school,450204,intersects,matched_single
schools,schools:gis_osm_pois_a_free:953687710:school,450204,intersects,matched_single
schools,schools:gis_osm_pois_a_free:953687711:school,450204,intersects,matched_single
schools,schools:gis_osm_pois_a_free:953687716:school,450204,intersects,matched_single
schools,schools:gis_osm_pois_a_free:953687718:school,450204,intersects,matched_single
schools,schools:gis_osm_pois_a_free:953710546:school,450324,intersects,matched_single
schools,schools:gis_osm_pois_a_free:957091355:school,450205,intersects,matched_single
schools,schools:gis_osm_pois_a_free:957216849:school,450107,intersects,matched_single
schools,schools:gis_osm_pois_a_free:957503095:school,450107,intersects,matched_single
schools,schools:gis_osm_pois_a_free:957503107:kindergarten,450107,intersects,matched_single
schools,schools:gis_osm_pois_a_free:957570790:school,450603,intersects,matched_single
schools,schools:gis_osm_pois_a_free:958477764:school,451081,intersects,matched_single
schools,schools:gis_osm_pois_a_free:958478378:school,451081,intersects,matched_single
schools,schools:gis_osm_pois_a_free:958530337:school,450681,intersects,matched_single
schools,schools:gis_osm_pois_a_free:958579978:school,451081,intersects,matched_single
schools,schools:gis_osm_pois_a_free:964005569:kindergarten,450603,intersects,matched_single
schools,schools:gis_osm_pois_a_free:964463067:school,451226,intersects,matched_single
schools,schools:gis_osm_pois_a_free:964463101:school,451226,intersects,matched_single
schools,schools:gis_osm_pois_a_free:964463280:school,451226,intersects,matched_single
schools,schools:gis_osm_pois_a_free:964463338:kindergarten,451226,intersects,matched_single
schools,schools:gis_osm_pois_a_free:964463339:school,451226,intersects,matched_single
schools,schools:gis_osm_pois_a_free:964463439:school,451226,intersects,matched_single
schools,schools:gis_osm_pois_a_free:964463566:kindergarten,451226,intersects,matched_single
schools,schools:gis_osm_pois_a_free:964463587:school,451226,intersects,matched_single
schools,schools:gis_osm_pois_a_free:964463598:school,451226,intersects,matched_single
schools,schools:gis_osm_pois_a_free:964463664:school,451226,intersects,matched_single
schools,schools:gis_osm_pois_a_free:964463844:school,451226,intersects,matched_single
schools,schools:gis_osm_pois_a_free:964464086:school,451226,intersects,matched_single
schools,schools:gis_osm_pois_a_free:964464161:school,451226,intersects,matched_single
schools,schools:gis_osm_pois_a_free:964464171:school,451226,intersects,matched_single
schools,schools:gis_osm_pois_a_free:964464176:kindergarten,451226,intersects,matched_single
schools,schools:gis_osm_pois_a_free:964464178:school,451226,intersects,matched_single
schools,schools:gis_osm_pois_a_free:964464182:school,451226,intersects,matched_single
schools,schools:gis_osm_pois_a_free:964464198:school,451226,intersects,matched_single
schools,schools:gis_osm_pois_a_free:964464199:school,451226,intersects,matched_single
schools,schools:gis_osm_pois_a_free:964464219:school,451226,intersects,matched_single
schools,schools:gis_osm_pois_a_free:964464308:school,451226,intersects,matched_single
schools,schools:gis_osm_pois_a_free:964464313:school,451226,intersects,matched_single
schools,schools:gis_osm_pois_a_free:964464369:school,451226,intersects,matched_single
schools,schools:gis_osm_pois_a_free:967338460:kindergarten,450702,intersects,matched_single
schools,schools:gis_osm_pois_a_free:967338464:school,450702,intersects,matched_single
schools,schools:gis_osm_pois_a_free:967533121:school,450702,intersects,matched_single
schools,schools:gis_osm_pois_a_free:967924283:school,450702,intersects,matched_single
schools,schools:gis_osm_pois_a_free:967928731:college,450702,intersects,matched_single
schools,schools:gis_osm_pois_a_free:968246038:school,450702,intersects,matched_single
schools,schools:gis_osm_pois_a_free:969543087:school,450702,intersects,matched_single
schools,schools:gis_osm_pois_a_free:969639000:school,450702,intersects,matched_single
schools,schools:gis_osm_pois_a_free:969888728:school,450702,intersects,matched_single
schools,schools:gis_osm_pois_a_free:969888735:school,450702,intersects,matched_single
schools,schools:gis_osm_pois_a_free:969888738:school,450702,intersects,matched_single
schools,schools:gis_osm_pois_a_free:969888754:school,450702,intersects,matched_single
schools,schools:gis_osm_pois_a_free:969888756:school,450702,intersects,matched_single
schools,schools:gis_osm_pois_a_free:970311799:school,450304,intersects,matched_single
schools,schools:gis_osm_pois_a_free:970423450:school,450702,intersects,matched_single
schools,schools:gis_osm_pois_a_free:975470899:school,450721,intersects,matched_single
schools,schools:gis_osm_pois_a_free:976843067:school,450202,intersects,matched_single
schools,schools:gis_osm_pois_a_free:976843071:kindergarten,450202,intersects,matched_single
schools,schools:gis_osm_pois_a_free:977345672:school,450108,intersects,matched_single
schools,schools:gis_osm_pois_a_free:977475819:school,450323,intersects,matched_single
schools,schools:gis_osm_pois_a_free:978095574:school,450303,intersects,matched_single
schools,schools:gis_osm_pois_a_free:978095575:school,450303,intersects,matched_single
schools,schools:gis_osm_pois_a_free:979441187:school,450602,intersects,matched_single
schools,schools:gis_osm_pois_a_free:979499934:school,450602,intersects,matched_single
schools,schools:gis_osm_pois_a_free:981909196:school,450205,intersects,matched_single
schools,schools:gis_osm_pois_a_free:982138135:school,450103,intersects,matched_single
schools,schools:gis_osm_pois_a_free:984552450:kindergarten,450603,intersects,matched_single
schools,schools:gis_osm_pois_a_free:984556672:university,450107,intersects,matched_single
schools,schools:gis_osm_pois_a_free:984880148:school,450302,intersects,matched_single
schools,schools:gis_osm_pois_a_free:985407609:school,450203,intersects,matched_single
schools,schools:gis_osm_pois_a_free:985407621:school,450203,intersects,matched_single
schools,schools:gis_osm_pois_a_free:985574908:school,450204,intersects,matched_single
schools,schools:gis_osm_pois_a_free:985574909:kindergarten,450204,intersects,matched_single
schools,schools:gis_osm_pois_a_free:985684871:school,450312,intersects,matched_single
schools,schools:gis_osm_pois_a_free:986169445:school,450305,intersects,matched_multiple
schools,schools:gis_osm_pois_a_free:986169445:school,450303,intersects,matched_multiple
schools,schools:gis_osm_pois_a_free:986179057:school,450302,intersects,matched_single
schools,schools:gis_osm_pois_a_free:987102912:school,450206,intersects,matched_single
schools,schools:gis_osm_pois_a_free:987102913:school,450206,intersects,matched_single
schools,schools:gis_osm_pois_a_free:987102915:school,450206,intersects,matched_single
schools,schools:gis_osm_pois_a_free:987102919:school,450206,intersects,matched_single
schools,schools:gis_osm_pois_a_free:987102921:school,450206,intersects,matched_single
schools,schools:gis_osm_pois_a_free:987102948:school,450206,intersects,matched_single
schools,schools:gis_osm_pois_a_free:987102964:school,450206,intersects,matched_single
schools,schools:gis_osm_pois_a_free:987119207:school,450206,intersects,matched_single
schools,schools:gis_osm_pois_a_free:987119210:school,450206,intersects,matched_single
schools,schools:gis_osm_pois_a_free:987119211:school,450206,intersects,matched_single
schools,schools:gis_osm_pois_a_free:987119212:school,450206,intersects,matched_single
schools,schools:gis_osm_pois_a_free:987119213:school,450206,intersects,matched_single
schools,schools:gis_osm_pois_a_free:987119214:school,450206,intersects,matched_single
schools,schools:gis_osm_pois_a_free:987119215:school,450206,intersects,matched_single
schools,schools:gis_osm_pois_a_free:987256597:school,450603,intersects,matched_single
schools,schools:gis_osm_pois_a_free:987260007:school,450206,intersects,matched_single
schools,schools:gis_osm_pois_a_free:987413513:school,450206,intersects,matched_single
schools,schools:gis_osm_pois_a_free:988230949:college,451082,intersects,matched_single
schools,schools:gis_osm_pois_a_free:988230950:college,451082,intersects,matched_single
schools,schools:gis_osm_pois_a_free:988230951:college,451082,intersects,matched_single
schools,schools:gis_osm_pois_a_free:988667223:kindergarten,450109,intersects,matched_single
schools,schools:gis_osm_pois_a_free:988667226:college,450109,intersects,matched_single
schools,schools:gis_osm_pois_a_free:988667299:school,450109,intersects,matched_single
schools,schools:gis_osm_pois_a_free:988848164:university,450109,intersects,matched_single
schools,schools:gis_osm_pois_a_free:989326230:school,450109,intersects,matched_single
schools,schools:gis_osm_pois_a_free:989443123:school,450304,intersects,matched_single
schools,schools:gis_osm_pois_a_free:989443125:school,450304,intersects,matched_single
schools,schools:gis_osm_pois_a_free:989863935:kindergarten,450109,intersects,matched_single
schools,schools:gis_osm_pois_a_free:989863936:school,450109,intersects,matched_single
schools,schools:gis_osm_pois_a_free:990145607:school,450109,intersects,matched_single
schools,schools:gis_osm_pois_a_free:990145608:kindergarten,450109,intersects,matched_single
schools,schools:gis_osm_pois_a_free:990251894:school,450109,intersects,matched_single
schools,schools:gis_osm_pois_a_free:990251907:school,450109,intersects,matched_single
schools,schools:gis_osm_pois_a_free:990251909:school,450109,intersects,matched_single
schools,schools:gis_osm_pois_a_free:990251910:school,450109,intersects,matched_single
schools,schools:gis_osm_pois_a_free:990288822:school,450109,intersects,matched_single
schools,schools:gis_osm_pois_a_free:990288827:school,450109,intersects,matched_single
schools,schools:gis_osm_pois_a_free:990697663:kindergarten,450109,intersects,matched_single
schools,schools:gis_osm_pois_a_free:990697664:kindergarten,450109,intersects,matched_single
schools,schools:gis_osm_pois_a_free:990697670:kindergarten,450109,intersects,matched_single
schools,schools:gis_osm_pois_a_free:990697677:kindergarten,450109,intersects,matched_single
schools,schools:gis_osm_pois_a_free:990697681:school,450109,intersects,matched_single
schools,schools:gis_osm_pois_a_free:990697696:school,450109,intersects,matched_single
schools,schools:gis_osm_pois_a_free:990698781:school,450109,intersects,matched_single
schools,schools:gis_osm_pois_a_free:991061792:kindergarten,450109,intersects,matched_single
schools,schools:gis_osm_pois_a_free:991252346:kindergarten,450109,intersects,matched_single
schools,schools:gis_osm_pois_a_free:991252353:kindergarten,450109,intersects,matched_single
schools,schools:gis_osm_pois_a_free:991252362:school,450109,intersects,matched_single
schools,schools:gis_osm_pois_a_free:991412338:school,450503,intersects,matched_single
schools,schools:gis_osm_pois_a_free:991424062:school,450109,intersects,matched_single
schools,schools:gis_osm_pois_a_free:991458466:school,450502,intersects,matched_single
schools,schools:gis_osm_pois_a_free:991458499:kindergarten,450502,intersects,matched_single
schools,schools:gis_osm_pois_a_free:991458501:school,450502,intersects,matched_single
schools,schools:gis_osm_pois_a_free:991459765:university,450503,intersects,matched_single
schools,schools:gis_osm_pois_a_free:991459766:school,450503,intersects,matched_single
schools,schools:gis_osm_pois_a_free:991464137:school,450502,intersects,matched_single
schools,schools:gis_osm_pois_a_free:991464139:school,450502,intersects,matched_single
schools,schools:gis_osm_pois_a_free:991474768:school,450204,intersects,matched_single
schools,schools:gis_osm_pois_a_free:991474769:school,450204,intersects,matched_single
schools,schools:gis_osm_pois_a_free:991474787:school,450204,intersects,matched_single
schools,schools:gis_osm_pois_a_free:991474788:school,450204,intersects,matched_single
schools,schools:gis_osm_pois_a_free:991482823:kindergarten,450205,intersects,matched_single
schools,schools:gis_osm_pois_a_free:991482826:kindergarten,450202,intersects,matched_single
schools,schools:gis_osm_pois_a_free:991504396:school,450312,intersects,matched_single
schools,schools:gis_osm_pois_a_free:991504397:school,450312,intersects,matched_single
schools,schools:gis_osm_pois_a_free:991656693:school,450721,intersects,matched_single
schools,schools:gis_osm_pois_a_free:991847024:kindergarten,450503,intersects,matched_single
schools,schools:gis_osm_pois_a_free:991847025:school,450503,intersects,matched_single
schools,schools:gis_osm_pois_a_free:991847026:school,450503,intersects,matched_single
schools,schools:gis_osm_pois_a_free:991847027:school,450503,intersects,matched_single
schools,schools:gis_osm_pois_a_free:991848226:school,450502,intersects,matched_single
schools,schools:gis_osm_pois_a_free:991848974:college,450922,intersects,matched_single
schools,schools:gis_osm_pois_a_free:991849751:school,450503,intersects,matched_single
schools,schools:gis_osm_pois_a_free:992594014:school,450312,intersects,matched_single
schools,schools:gis_osm_pois_a_free:992594016:school,450312,intersects,matched_single
schools,schools:gis_osm_pois_a_free:992594017:school,450312,intersects,matched_single
schools,schools:gis_osm_pois_a_free:992594018:school,450312,intersects,matched_single
schools,schools:gis_osm_pois_a_free:992594544:school,450312,intersects,matched_single
schools,schools:gis_osm_pois_a_free:992594545:school,450312,intersects,matched_single
schools,schools:gis_osm_pois_a_free:992736596:school,450109,intersects,matched_single
schools,schools:gis_osm_pois_a_free:993003598:kindergarten,450109,intersects,matched_single
schools,schools:gis_osm_pois_a_free:993054881:school,450109,intersects,matched_single
schools,schools:gis_osm_pois_a_free:993458392:kindergarten,450108,intersects,matched_single
schools,schools:gis_osm_pois_a_free:993458393:kindergarten,450109,intersects,matched_single
schools,schools:gis_osm_pois_a_free:993458396:school,450109,intersects,matched_single
schools,schools:gis_osm_pois_a_free:993458397:kindergarten,450109,intersects,matched_single
schools,schools:gis_osm_pois_a_free:993458400:kindergarten,450109,intersects,matched_single
schools,schools:gis_osm_pois_a_free:993458401:school,450108,intersects,matched_multiple
schools,schools:gis_osm_pois_a_free:993458401:school,450109,intersects,matched_multiple
schools,schools:gis_osm_pois_a_free:993669613:school,451002,intersects,matched_single
schools,schools:gis_osm_pois_a_free:993669614:school,451002,intersects,matched_single
schools,schools:gis_osm_pois_a_free:993669615:school,451002,intersects,matched_single
schools,schools:gis_osm_pois_a_free:993669616:school,451002,intersects,matched_single
schools,schools:gis_osm_pois_a_free:993669617:school,451002,intersects,matched_single
schools,schools:gis_osm_pois_a_free:993694436:school,450108,intersects,matched_single
schools,schools:gis_osm_pois_a_free:993694442:school,450108,intersects,matched_single
schools,schools:gis_osm_pois_a_free:993694451:school,450108,intersects,matched_single
schools,schools:gis_osm_pois_a_free:993986068:school,450602,intersects,matched_single
schools,schools:gis_osm_pois_a_free:993993064:school,450109,intersects,matched_single
schools,schools:gis_osm_pois_a_free:993993065:school,450109,intersects,matched_single
schools,schools:gis_osm_pois_a_free:994922309:university,450304,intersects,matched_single
schools,schools:gis_osm_pois_a_free:995653895:school,450126,intersects,matched_single
schools,schools:gis_osm_pois_a_free:996069224:kindergarten,450602,intersects,matched_single
schools,schools:gis_osm_pois_a_free:997325869:school,450311,intersects,matched_single
schools,schools:gis_osm_pois_a_free:997325870:school,450311,intersects,matched_single
schools,schools:gis_osm_pois_a_free:997468658:school,450304,intersects,matched_single
schools,schools:gis_osm_pois_a_free:997468659:school,450304,intersects,matched_single
schools,schools:gis_osm_pois_a_free:997468664:school,450304,intersects,matched_single
schools,schools:gis_osm_pois_a_free:997831430:school,450206,intersects,matched_single
schools,schools:gis_osm_pois_a_free:997831431:school,450206,intersects,matched_single
schools,schools:gis_osm_pois_a_free:997831432:school,450206,intersects,matched_single
schools,schools:gis_osm_pois_a_free:997831433:school,450206,intersects,matched_single
schools,schools:gis_osm_pois_a_free:997856176:school,450206,intersects,matched_single
schools,schools:gis_osm_pois_a_free:997856177:school,450206,intersects,matched_single
schools,schools:gis_osm_pois_a_free:997967893:school,450304,intersects,matched_single
schools,schools:gis_osm_pois_a_free:997967897:school,450302,intersects,matched_single
schools,schools:gis_osm_pois_a_free:998184379:school,450311,intersects,matched_single
schools,schools:gis_osm_pois_a_free:13396943:university,450205,intersects,matched_single
schools,schools:gis_osm_pois_a_free:13396944:university,450205,intersects,matched_single
schools,schools:gis_osm_pois_a_free:13396942:university,450205,intersects,matched_single
schools,schools:gis_osm_pois_a_free:998366082:school,450205,intersects,matched_single
schools,schools:gis_osm_pois_a_free:998997215:school,450103,intersects,matched_single
schools,schools:gis_osm_pois_a_free:999218899:kindergarten,450108,intersects,matched_single
schools,schools:gis_osm_pois_a_free:999354892:kindergarten,450109,intersects,matched_single
schools,schools:gis_osm_pois_a_free:999488511:school,450108,intersects,matched_single
schools,schools:gis_osm_pois_a_free:999757215:school,450304,intersects,matched_multiple
schools,schools:gis_osm_pois_a_free:999757215:school,450302,intersects,matched_multiple
schools,schools:gis_osm_pois_a_free:999757220:school,450304,intersects,matched_multiple
schools,schools:gis_osm_pois_a_free:999757220:school,450302,intersects,matched_multiple
schools,schools:gis_osm_pois_a_free:999812365:kindergarten,450108,intersects,matched_single
schools,schools:gis_osm_pois_a_free:999814470:kindergarten,450108,intersects,matched_single
schools,schools:gis_osm_pois_a_free:999945798:school,450103,intersects,matched_single
schools,schools:gis_osm_pois_a_free:999945805:kindergarten,450109,intersects,matched_single
schools,schools:gis_osm_pois_a_free:999945809:school,450103,intersects,matched_single
schools,schools:gis_osm_pois_a_free:999972839:college,450103,intersects,matched_single
schools,schools:gis_osm_pois_a_free:999972840:college,450103,intersects,matched_single
schools,schools:gis_osm_pois_a_free:1000095571:school,450305,intersects,matched_single
schools,schools:gis_osm_pois_a_free:1000191239:kindergarten,450602,intersects,matched_single
schools,schools:gis_osm_pois_a_free:1000551902:school,450108,intersects,matched_single
schools,schools:gis_osm_pois_a_free:1000551910:kindergarten,450108,intersects,matched_single
schools,schools:gis_osm_pois_a_free:1000551913:school,450108,intersects,matched_single
schools,schools:gis_osm_pois_a_free:1000551916:kindergarten,450108,intersects,matched_single
schools,schools:gis_osm_pois_a_free:1000551919:kindergarten,450108,intersects,matched_single
schools,schools:gis_osm_pois_a_free:1000561480:kindergarten,450108,intersects,matched_single
schools,schools:gis_osm_pois_a_free:1001306467:kindergarten,450108,intersects,matched_single
schools,schools:gis_osm_pois_a_free:1001790179:school,450108,intersects,matched_single
schools,schools:gis_osm_pois_a_free:1001790180:school,450109,intersects,matched_single
schools,schools:gis_osm_pois_a_free:1001790181:school,450109,intersects,matched_single
schools,schools:gis_osm_pois_a_free:1001796191:school,450305,intersects,matched_single
schools,schools:gis_osm_pois_a_free:1001796192:school,450304,intersects,matched_single
schools,schools:gis_osm_pois_a_free:1001796193:school,450304,intersects,matched_single
schools,schools:gis_osm_pois_a_free:1001804404:school,450302,intersects,matched_single
schools,schools:gis_osm_pois_a_free:1001804406:school,450304,intersects,matched_single
schools,schools:gis_osm_pois_a_free:1001804407:kindergarten,450304,intersects,matched_single
schools,schools:gis_osm_pois_a_free:1001804408:school,450302,intersects,matched_single
schools,schools:gis_osm_pois_a_free:1001804409:school,450302,intersects,matched_single
schools,schools:gis_osm_pois_a_free:1001918079:school,450206,intersects,matched_single
schools,schools:gis_osm_pois_a_free:1001937473:school,450204,intersects,matched_single
schools,schools:gis_osm_pois_a_free:1001937478:kindergarten,450206,intersects,matched_single
schools,schools:gis_osm_pois_a_free:1001937497:school,450206,intersects,matched_single
schools,schools:gis_osm_pois_a_free:1001937499:school,450206,intersects,matched_single
schools,schools:gis_osm_pois_a_free:1001944752:school,450203,intersects,matched_single
schools,schools:gis_osm_pois_a_free:1001944756:school,450203,intersects,matched_single
schools,schools:gis_osm_pois_a_free:1002075248:kindergarten,450109,intersects,matched_single
schools,schools:gis_osm_pois_a_free:1002546982:kindergarten,450603,intersects,matched_single
schools,schools:gis_osm_pois_a_free:1003152047:kindergarten,450109,intersects,matched_single
schools,schools:gis_osm_pois_a_free:1003152055:kindergarten,450109,intersects,matched_single
schools,schools:gis_osm_pois_a_free:13453320:kindergarten,450109,intersects,matched_single
schools,schools:gis_osm_pois_a_free:1004009767:school,450103,intersects,matched_single
schools,schools:gis_osm_pois_a_free:1004631223:school,450109,intersects,matched_single
schools,schools:gis_osm_pois_a_free:1004631227:school,450109,intersects,matched_single
schools,schools:gis_osm_pois_a_free:1004665914:school,450103,intersects,matched_single
schools,schools:gis_osm_pois_a_free:1004665953:kindergarten,450103,intersects,matched_single
schools,schools:gis_osm_pois_a_free:1004665961:school,450103,intersects,matched_single
schools,schools:gis_osm_pois_a_free:1004665962:kindergarten,450103,intersects,matched_single
schools,schools:gis_osm_pois_a_free:1004711669:school,450108,intersects,matched_single
schools,schools:gis_osm_pois_a_free:1005459728:school,450323,intersects,matched_single
schools,schools:gis_osm_pois_a_free:1005484964:kindergarten,450108,intersects,matched_single
schools,schools:gis_osm_pois_a_free:1005528066:school,450323,intersects,matched_single
schools,schools:gis_osm_pois_a_free:1005531743:school,450323,intersects,matched_single
schools,schools:gis_osm_pois_a_free:1005531744:school,450323,intersects,matched_single
schools,schools:gis_osm_pois_a_free:1005532931:school,450103,intersects,matched_single
schools,schools:gis_osm_pois_a_free:1005535158:kindergarten,450109,intersects,matched_single
schools,schools:gis_osm_pois_a_free:1005623448:school,450323,intersects,matched_single
schools,schools:gis_osm_pois_a_free:1006381762:school,450103,intersects,matched_single
schools,schools:gis_osm_pois_a_free:1006639442:school,450108,intersects,matched_single
schools,schools:gis_osm_pois_a_free:1006933488:kindergarten,450109,intersects,matched_single
schools,schools:gis_osm_pois_a_free:1007212403:school,451228,intersects,matched_single
schools,schools:gis_osm_pois_a_free:1008655422:school,450103,intersects,matched_single
schools,schools:gis_osm_pois_a_free:1008655425:kindergarten,450103,intersects,matched_single
schools,schools:gis_osm_pois_a_free:1008655428:kindergarten,450103,intersects,matched_single
schools,schools:gis_osm_pois_a_free:1008655429:school,450103,intersects,matched_single
schools,schools:gis_osm_pois_a_free:1009769017:kindergarten,450603,intersects,matched_single
schools,schools:gis_osm_pois_a_free:1009867297:school,450108,intersects,matched_single
schools,schools:gis_osm_pois_a_free:1009867298:school,450108,intersects,matched_single
schools,schools:gis_osm_pois_a_free:1009869666:college,450603,intersects,matched_single
schools,schools:gis_osm_pois_a_free:1009977909:school,450621,intersects,matched_single
schools,schools:gis_osm_pois_a_free:1009977914:school,450621,intersects,matched_single
schools,schools:gis_osm_pois_a_free:1010238154:school,450327,intersects,matched_single
schools,schools:gis_osm_pois_a_free:1011268130:school,450603,intersects,matched_single
schools,schools:gis_osm_pois_a_free:1011268134:college,450603,intersects,matched_single
schools,schools:gis_osm_pois_a_free:1011377129:kindergarten,450108,intersects,matched_single
schools,schools:gis_osm_pois_a_free:1011377131:kindergarten,450108,intersects,matched_single
schools,schools:gis_osm_pois_a_free:1011595714:university,450107,intersects,matched_single
schools,schools:gis_osm_pois_a_free:1011595715:school,450107,intersects,matched_single
schools,schools:gis_osm_pois_a_free:1011595716:college,450107,intersects,matched_single
schools,schools:gis_osm_pois_a_free:1011595718:university,450107,intersects,matched_single
schools,schools:gis_osm_pois_a_free:1011595719:school,450107,intersects,matched_single
schools,schools:gis_osm_pois_a_free:1011595720:school,450107,intersects,matched_single
schools,schools:gis_osm_pois_a_free:1011595722:university,450107,intersects,matched_single
schools,schools:gis_osm_pois_a_free:1011673226:kindergarten,450603,intersects,matched_single
schools,schools:gis_osm_pois_a_free:1011959790:school,450105,intersects,matched_single
schools,schools:gis_osm_pois_a_free:13550256:school,450323,intersects,matched_single
schools,schools:gis_osm_pois_a_free:1012131914:school,450312,intersects,matched_single
schools,schools:gis_osm_pois_a_free:1012825953:school,450323,intersects,matched_single
schools,schools:gis_osm_pois_a_free:1012989878:kindergarten,450603,intersects,matched_single
schools,schools:gis_osm_pois_a_free:1013338382:school,450108,intersects,matched_single
schools,schools:gis_osm_pois_a_free:1013338392:school,450108,intersects,matched_single
schools,schools:gis_osm_pois_a_free:1013688337:school,450108,intersects,matched_single
schools,schools:gis_osm_pois_a_free:1013732595:school,450303,intersects,matched_single
schools,schools:gis_osm_pois_a_free:1013732597:school,450303,intersects,matched_single
schools,schools:gis_osm_pois_a_free:1013807316:school,450303,intersects,matched_single
schools,schools:gis_osm_pois_a_free:1014007960:kindergarten,450108,intersects,matched_single
schools,schools:gis_osm_pois_a_free:1014108086:school,450305,intersects,matched_single
schools,schools:gis_osm_pois_a_free:1014108094:school,450305,intersects,matched_single
schools,schools:gis_osm_pois_a_free:1014281583:kindergarten,450108,intersects,matched_single
schools,schools:gis_osm_pois_a_free:1014318495:school,450305,intersects,matched_single
schools,schools:gis_osm_pois_a_free:1014331535:school,450108,intersects,matched_single
schools,schools:gis_osm_pois_a_free:1014331537:kindergarten,450108,intersects,matched_single
schools,schools:gis_osm_pois_a_free:1014331540:kindergarten,450108,intersects,matched_single
schools,schools:gis_osm_pois_a_free:1014354025:kindergarten,450108,intersects,matched_single
schools,schools:gis_osm_pois_a_free:1014968213:college,450103,intersects,matched_single
schools,schools:gis_osm_pois_a_free:1015073778:college,450108,intersects,matched_single
schools,schools:gis_osm_pois_a_free:1015073779:school,450108,intersects,matched_single
schools,schools:gis_osm_pois_a_free:1015073788:school,450108,intersects,matched_single
schools,schools:gis_osm_pois_a_free:1015079577:school,450302,intersects,matched_single
schools,schools:gis_osm_pois_a_free:1015084099:school,450303,intersects,matched_single
schools,schools:gis_osm_pois_a_free:1015095174:school,450203,intersects,matched_single
schools,schools:gis_osm_pois_a_free:1015162906:school,450603,intersects,matched_single
schools,schools:gis_osm_pois_a_free:1015162910:school,450603,intersects,matched_single
schools,schools:gis_osm_pois_a_free:1015164159:school,450204,intersects,matched_single
schools,schools:gis_osm_pois_a_free:1015243303:school,450102,intersects,matched_single
schools,schools:gis_osm_pois_a_free:1015243304:school,450102,intersects,matched_single
schools,schools:gis_osm_pois_a_free:1015246975:school,450204,intersects,matched_single
schools,schools:gis_osm_pois_a_free:1015440675:school,450103,intersects,matched_single
schools,schools:gis_osm_pois_a_free:1015487029:school,450326,intersects,matched_single
schools,schools:gis_osm_pois_a_free:1016082607:kindergarten,450603,intersects,matched_single
schools,schools:gis_osm_pois_a_free:1016202222:kindergarten,450103,intersects,matched_single
schools,schools:gis_osm_pois_a_free:1016202224:school,450103,intersects,matched_single
schools,schools:gis_osm_pois_a_free:1016734584:school,450312,intersects,matched_single
schools,schools:gis_osm_pois_a_free:1016807065:school,450108,intersects,matched_single
schools,schools:gis_osm_pois_a_free:1016807071:kindergarten,450108,intersects,matched_single
schools,schools:gis_osm_pois_a_free:1016831661:kindergarten,450603,intersects,matched_single
schools,schools:gis_osm_pois_a_free:1017843984:school,450305,intersects,matched_single
schools,schools:gis_osm_pois_a_free:1018693768:school,450323,intersects,matched_single
schools,schools:gis_osm_pois_a_free:1018729400:school,450305,intersects,matched_single
schools,schools:gis_osm_pois_a_free:1018733376:school,450305,intersects,matched_single
schools,schools:gis_osm_pois_a_free:1018948577:kindergarten,450603,intersects,matched_single
schools,schools:gis_osm_pois_a_free:1019519641:school,450204,intersects,matched_single
schools,schools:gis_osm_pois_a_free:1019519649:school,450204,intersects,matched_single
schools,schools:gis_osm_pois_a_free:1019617339:school,450204,intersects,matched_single
schools,schools:gis_osm_pois_a_free:1019617340:school,450204,intersects,matched_single
schools,schools:gis_osm_pois_a_free:1019617542:school,450305,intersects,matched_single
schools,schools:gis_osm_pois_a_free:1020266684:kindergarten,450108,intersects,matched_single
schools,schools:gis_osm_pois_a_free:1020835019:school,450102,intersects,matched_single
schools,schools:gis_osm_pois_a_free:1020835020:school,450102,intersects,matched_single
schools,schools:gis_osm_pois_a_free:1020835024:school,450105,intersects,matched_single
schools,schools:gis_osm_pois_a_free:1020835025:school,450105,intersects,matched_single
schools,schools:gis_osm_pois_a_free:1020871818:school,450102,intersects,matched_single
schools,schools:gis_osm_pois_a_free:1020892196:college,450107,intersects,matched_single
schools,schools:gis_osm_pois_a_free:1020892198:college,450103,intersects,matched_single
schools,schools:gis_osm_pois_a_free:1020892199:college,450103,intersects,matched_single
schools,schools:gis_osm_pois_a_free:1020892200:college,450102,intersects,matched_single
schools,schools:gis_osm_pois_a_free:1020892202:college,450107,intersects,matched_single
schools,schools:gis_osm_pois_a_free:1021354999:kindergarten,450204,intersects,matched_single
schools,schools:gis_osm_pois_a_free:1021564966:school,450204,intersects,matched_single
schools,schools:gis_osm_pois_a_free:1021591661:school,450302,intersects,matched_single
schools,schools:gis_osm_pois_a_free:1021952440:kindergarten,450103,intersects,matched_single
schools,schools:gis_osm_pois_a_free:1021952441:school,450103,intersects,matched_single
schools,schools:gis_osm_pois_a_free:1022859146:school,450105,intersects,matched_single
schools,schools:gis_osm_pois_a_free:1022859148:school,450105,intersects,matched_single
schools,schools:gis_osm_pois_a_free:1022859151:college,450105,intersects,matched_single
schools,schools:gis_osm_pois_a_free:1022859154:school,450105,intersects,matched_single
schools,schools:gis_osm_pois_a_free:1023327778:school,450312,intersects,matched_single
schools,schools:gis_osm_pois_a_free:1023338117:school,450312,intersects,matched_single
schools,schools:gis_osm_pois_a_free:1024146609:kindergarten,450603,intersects,matched_single
schools,schools:gis_osm_pois_a_free:1024155603:school,450204,intersects,matched_single
schools,schools:gis_osm_pois_a_free:1024155604:school,450204,intersects,matched_single
schools,schools:gis_osm_pois_a_free:1024155610:school,450204,intersects,matched_single
schools,schools:gis_osm_pois_a_free:1024155612:kindergarten,450204,intersects,matched_single
schools,schools:gis_osm_pois_a_free:1024155615:kindergarten,450204,intersects,matched_single
schools,schools:gis_osm_pois_a_free:1024155621:school,450204,intersects,matched_single
schools,schools:gis_osm_pois_a_free:1024155622:kindergarten,450204,intersects,matched_multiple
schools,schools:gis_osm_pois_a_free:1024155622:kindergarten,450206,intersects,matched_multiple
schools,schools:gis_osm_pois_a_free:1024155653:school,450204,intersects,matched_single
schools,schools:gis_osm_pois_a_free:1024501203:school,450312,intersects,matched_single
schools,schools:gis_osm_pois_a_free:1024522257:school,450312,intersects,matched_single
schools,schools:gis_osm_pois_a_free:1024522258:kindergarten,450312,intersects,matched_single
schools,schools:gis_osm_pois_a_free:1024522259:school,450312,intersects,matched_single
schools,schools:gis_osm_pois_a_free:1024844127:school,450312,intersects,matched_single
schools,schools:gis_osm_pois_a_free:1025514056:school,450312,intersects,matched_single
schools,schools:gis_osm_pois_a_free:1025740644:school,450312,intersects,matched_single
schools,schools:gis_osm_pois_a_free:1025740665:school,450312,intersects,matched_single
schools,schools:gis_osm_pois_a_free:1026006582:school,451022,intersects,matched_single
schools,schools:gis_osm_pois_a_free:1026006745:school,451022,intersects,matched_single
schools,schools:gis_osm_pois_a_free:1026119867:school,450312,intersects,matched_single
schools,schools:gis_osm_pois_a_free:1027013355:school,450681,intersects,matched_single
schools,schools:gis_osm_pois_a_free:1027013356:school,450681,intersects,matched_single
schools,schools:gis_osm_pois_a_free:1027013364:school,450681,intersects,matched_single
schools,schools:gis_osm_pois_a_free:1027048356:school,450305,intersects,matched_single
schools,schools:gis_osm_pois_a_free:1028154477:school,450502,intersects,matched_single
schools,schools:gis_osm_pois_a_free:1028567637:kindergarten,450126,intersects,matched_single
schools,schools:gis_osm_pois_a_free:1028647227:school,450109,intersects,matched_single
schools,schools:gis_osm_pois_a_free:13781909:school,450305,intersects,matched_single
schools,schools:gis_osm_pois_a_free:1030067836:school,450323,intersects,matched_single
schools,schools:gis_osm_pois_a_free:1031074410:kindergarten,450603,intersects,matched_single
schools,schools:gis_osm_pois_a_free:1031133702:kindergarten,450603,intersects,matched_single
schools,schools:gis_osm_pois_a_free:1032037269:school,450205,intersects,matched_single
schools,schools:gis_osm_pois_a_free:1032037272:kindergarten,450205,intersects,matched_single
schools,schools:gis_osm_pois_a_free:1032461846:college,450103,intersects,matched_single
schools,schools:gis_osm_pois_a_free:1032632562:school,450323,intersects,matched_single
schools,schools:gis_osm_pois_a_free:1032637709:school,450323,intersects,matched_single
schools,schools:gis_osm_pois_a_free:1032637720:school,450323,intersects,matched_single
schools,schools:gis_osm_pois_a_free:1032637721:school,450323,intersects,matched_single
schools,schools:gis_osm_pois_a_free:1034494966:college,450603,intersects,matched_single
schools,schools:gis_osm_pois_a_free:1034494979:kindergarten,450603,intersects,matched_single
schools,schools:gis_osm_pois_a_free:1034828743:school,450421,intersects,matched_single
schools,schools:gis_osm_pois_a_free:1035125542:kindergarten,450603,intersects,matched_single
schools,schools:gis_osm_pois_a_free:1035947708:kindergarten,450603,intersects,matched_single
schools,schools:gis_osm_pois_a_free:1036021832:school,450103,intersects,matched_single
schools,schools:gis_osm_pois_a_free:1036616901:school,450110,intersects,matched_single
schools,schools:gis_osm_pois_a_free:1036616902:school,450110,intersects,matched_single
schools,schools:gis_osm_pois_a_free:1036616903:school,450110,intersects,matched_single
schools,schools:gis_osm_pois_a_free:1036616919:college,450110,intersects,matched_single
schools,schools:gis_osm_pois_a_free:1036616953:school,450110,intersects,matched_single
schools,schools:gis_osm_pois_a_free:1036616956:school,450110,intersects,matched_single
schools,schools:gis_osm_pois_a_free:1036812885:college,450302,intersects,matched_single
schools,schools:gis_osm_pois_a_free:1037052013:kindergarten,450603,intersects,matched_single
schools,schools:gis_osm_pois_a_free:1037119966:school,450304,intersects,matched_single
schools,schools:gis_osm_pois_a_free:1037240519:school,450105,intersects,matched_single
schools,schools:gis_osm_pois_a_free:1037332506:kindergarten,450603,intersects,matched_single
schools,schools:gis_osm_pois_a_free:1039768968:school,450222,intersects,matched_single
schools,schools:gis_osm_pois_a_free:1040881357:school,450323,intersects,matched_single
schools,schools:gis_osm_pois_a_free:1041893035:kindergarten,450603,intersects,matched_single
schools,schools:gis_osm_pois_a_free:1042216399:school,450406,intersects,matched_single
schools,schools:gis_osm_pois_a_free:1043466141:school,450422,intersects,matched_single
schools,schools:gis_osm_pois_a_free:1043631348:school,450105,intersects,matched_single
schools,schools:gis_osm_pois_a_free:1043631350:school,450105,intersects,matched_single
schools,schools:gis_osm_pois_a_free:1043631351:school,450105,intersects,matched_single
schools,schools:gis_osm_pois_a_free:1043631356:school,450105,intersects,matched_single
schools,schools:gis_osm_pois_a_free:1043631357:college,450105,intersects,matched_single
schools,schools:gis_osm_pois_a_free:1043631358:college,450105,intersects,matched_single
schools,schools:gis_osm_pois_a_free:1044328370:school,450202,intersects,matched_single
schools,schools:gis_osm_pois_a_free:1044328374:school,450202,intersects,matched_single
schools,schools:gis_osm_pois_a_free:1044328380:school,450202,intersects,matched_single
schools,schools:gis_osm_pois_a_free:1047437424:school,450502,intersects,matched_single
schools,schools:gis_osm_pois_a_free:1047536755:school,450603,intersects,matched_single
schools,schools:gis_osm_pois_a_free:1051846387:school,450102,intersects,matched_single
schools,schools:gis_osm_pois_a_free:1052039730:school,450302,intersects,matched_multiple
schools,schools:gis_osm_pois_a_free:1052039730:school,450303,intersects,matched_multiple
schools,schools:gis_osm_pois_a_free:1052039737:school,450303,intersects,matched_single
schools,schools:gis_osm_pois_a_free:1052219610:school,450103,intersects,matched_single
schools,schools:gis_osm_pois_a_free:1052220493:school,450103,intersects,matched_single
schools,schools:gis_osm_pois_a_free:1052881851:school,450109,intersects,matched_single
schools,schools:gis_osm_pois_a_free:1054152286:school,450102,intersects,matched_single
schools,schools:gis_osm_pois_a_free:1054152287:school,450102,intersects,matched_single
schools,schools:gis_osm_pois_a_free:1056376481:school,451228,intersects,matched_single
schools,schools:gis_osm_pois_a_free:1056636381:school,450205,intersects,matched_single
schools,schools:gis_osm_pois_a_free:1057193262:school,451228,intersects,matched_single
schools,schools:gis_osm_pois_a_free:1057193264:school,451228,intersects,matched_single
schools,schools:gis_osm_pois_a_free:1057193265:school,451228,intersects,matched_single
schools,schools:gis_osm_pois_a_free:1057193266:school,451228,intersects,matched_single
schools,schools:gis_osm_pois_a_free:1058097956:school,451228,intersects,matched_single
schools,schools:gis_osm_pois_a_free:1058097957:school,451228,intersects,matched_single
schools,schools:gis_osm_pois_a_free:1058097958:school,451228,intersects,matched_single
schools,schools:gis_osm_pois_a_free:1058250862:school,451228,intersects,matched_single
schools,schools:gis_osm_pois_a_free:1058439665:kindergarten,450109,intersects,matched_single
schools,schools:gis_osm_pois_a_free:1059583609:school,450105,intersects,matched_single
schools,schools:gis_osm_pois_a_free:1060172130:kindergarten,451002,intersects,matched_single
schools,schools:gis_osm_pois_a_free:1060583874:school,450325,intersects,matched_single
schools,schools:gis_osm_pois_a_free:1060583875:school,450325,intersects,matched_single
schools,schools:gis_osm_pois_a_free:1061310520:college,450126,intersects,matched_single
schools,schools:gis_osm_pois_a_free:1061325229:school,450105,intersects,matched_single
schools,schools:gis_osm_pois_a_free:1061325230:school,450105,intersects,matched_single
schools,schools:gis_osm_pois_a_free:14160581:school,450325,intersects,matched_single
schools,schools:gis_osm_pois_a_free:1061801306:school,450325,intersects,matched_single
schools,schools:gis_osm_pois_a_free:1062022240:kindergarten,450602,intersects,matched_single
schools,schools:gis_osm_pois_a_free:1062324257:school,450602,intersects,matched_single
schools,schools:gis_osm_pois_a_free:1062324258:kindergarten,450602,intersects,matched_single
schools,schools:gis_osm_pois_a_free:1065515358:school,450126,intersects,matched_single
schools,schools:gis_osm_pois_a_free:1065939108:school,450105,intersects,matched_single
schools,schools:gis_osm_pois_a_free:1066720271:school,450323,intersects,matched_single
schools,schools:gis_osm_pois_a_free:1066720273:school,450323,intersects,matched_single
schools,schools:gis_osm_pois_a_free:1068826415:school,450205,intersects,matched_single
schools,schools:gis_osm_pois_a_free:1068826422:school,450202,intersects,matched_single
schools,schools:gis_osm_pois_a_free:1069117604:school,450311,intersects,matched_single
schools,schools:gis_osm_pois_a_free:14286639:school,450312,intersects,matched_single
schools,schools:gis_osm_pois_a_free:14286643:school,450312,intersects,matched_single
schools,schools:gis_osm_pois_a_free:1073234790:school,450603,intersects,matched_single
schools,schools:gis_osm_pois_a_free:1074558697:school,450203,intersects,matched_single
schools,schools:gis_osm_pois_a_free:1075576458:college,450107,intersects,matched_single
schools,schools:gis_osm_pois_a_free:1075576459:school,450107,intersects,matched_single
schools,schools:gis_osm_pois_a_free:1077574885:school,450123,intersects,matched_single
schools,schools:gis_osm_pois_a_free:1078264568:school,450325,intersects,matched_single
schools,schools:gis_osm_pois_a_free:1079663057:college,450102,intersects,matched_single
schools,schools:gis_osm_pois_a_free:1079663062:college,450102,intersects,matched_single
schools,schools:gis_osm_pois_a_free:1079663064:university,450102,intersects,matched_single
schools,schools:gis_osm_pois_a_free:1079663067:college,450103,intersects,matched_multiple
schools,schools:gis_osm_pois_a_free:1079663067:college,450102,intersects,matched_multiple
schools,schools:gis_osm_pois_a_free:1079663068:college,450102,intersects,matched_single
schools,schools:gis_osm_pois_a_free:1079663069:college,450102,intersects,matched_single
schools,schools:gis_osm_pois_a_free:1080246308:kindergarten,450302,intersects,matched_single
schools,schools:gis_osm_pois_a_free:1080259816:school,450323,intersects,matched_single
schools,schools:gis_osm_pois_a_free:1080700796:school,450311,intersects,matched_single
schools,schools:gis_osm_pois_a_free:1080700797:college,450311,intersects,matched_single
schools,schools:gis_osm_pois_a_free:1080700809:school,450311,intersects,matched_single
schools,schools:gis_osm_pois_a_free:1080850005:school,450126,intersects,matched_single
schools,schools:gis_osm_pois_a_free:1085069314:school,450702,intersects,matched_single
schools,schools:gis_osm_pois_a_free:1086004506:school,450206,intersects,matched_single
schools,schools:gis_osm_pois_a_free:1086004534:school,450206,intersects,matched_single
schools,schools:gis_osm_pois_a_free:1086004552:school,450206,intersects,matched_single
schools,schools:gis_osm_pois_a_free:1086004554:school,450206,intersects,matched_single
schools,schools:gis_osm_pois_a_free:1086832960:school,451222,intersects,matched_single
schools,schools:gis_osm_pois_a_free:1089792739:school,450305,intersects,matched_single
schools,schools:gis_osm_pois_a_free:1090777293:school,450321,intersects,matched_single
schools,schools:gis_osm_pois_a_free:1090971679:school,450321,intersects,matched_single
schools,schools:gis_osm_pois_a_free:1093746096:school,450223,intersects,matched_single
schools,schools:gis_osm_pois_a_free:1093746097:school,450223,intersects,matched_single
schools,schools:gis_osm_pois_a_free:1093746099:school,450223,intersects,matched_single
schools,schools:gis_osm_pois_a_free:1093750564:university,450311,intersects,matched_single
schools,schools:gis_osm_pois_a_free:1094616665:school,450821,intersects,matched_single
schools,schools:gis_osm_pois_a_free:1094631122:school,450881,intersects,matched_single
schools,schools:gis_osm_pois_a_free:1094642046:school,450881,intersects,matched_single
schools,schools:gis_osm_pois_a_free:1095806931:school,450109,intersects,matched_single
schools,schools:gis_osm_pois_a_free:1100821732:school,450922,intersects,matched_single
schools,schools:gis_osm_pois_a_free:1101531788:school,450621,intersects,matched_single
schools,schools:gis_osm_pois_a_free:1104738351:school,450223,intersects,matched_single
schools,schools:gis_osm_pois_a_free:1104738430:school,450223,intersects,matched_single
schools,schools:gis_osm_pois_a_free:1104770981:school,450223,intersects,matched_single
schools,schools:gis_osm_pois_a_free:1104770992:school,450223,intersects,matched_single
schools,schools:gis_osm_pois_a_free:1104770996:school,450223,intersects,matched_single
schools,schools:gis_osm_pois_a_free:1104807260:school,451123,intersects,matched_single
schools,schools:gis_osm_pois_a_free:1107254630:school,450881,intersects,matched_single
schools,schools:gis_osm_pois_a_free:1108988888:school,450923,intersects,matched_single
schools,schools:gis_osm_pois_a_free:14884248:school,450304,intersects,matched_single
schools,schools:gis_osm_pois_a_free:1112703466:school,450304,intersects,matched_single
schools,schools:gis_osm_pois_a_free:1112713346:school,450304,intersects,matched_single
schools,schools:gis_osm_pois_a_free:1115143419:school,451002,intersects,matched_single
schools,schools:gis_osm_pois_a_free:1116515059:school,450102,intersects,matched_single
schools,schools:gis_osm_pois_a_free:1117318028:school,451029,intersects,matched_single
schools,schools:gis_osm_pois_a_free:1117320086:school,451027,intersects,matched_single
schools,schools:gis_osm_pois_a_free:1118167062:school,450512,intersects,matched_single
schools,schools:gis_osm_pois_a_free:1119293087:school,450103,intersects,matched_single
schools,schools:gis_osm_pois_a_free:1119293088:school,450103,intersects,matched_single
schools,schools:gis_osm_pois_a_free:1119293091:school,450103,intersects,matched_single
schools,schools:gis_osm_pois_a_free:1119293093:university,450103,intersects,matched_single
schools,schools:gis_osm_pois_a_free:1119293094:school,450103,intersects,matched_single
schools,schools:gis_osm_pois_a_free:1119293097:school,450103,intersects,matched_single
schools,schools:gis_osm_pois_a_free:1119293099:school,450103,intersects,matched_single
schools,schools:gis_osm_pois_a_free:1119293100:school,450103,intersects,matched_single
schools,schools:gis_osm_pois_a_free:1119614778:school,450103,intersects,matched_single
schools,schools:gis_osm_pois_a_free:1119614779:school,450103,intersects,matched_single
schools,schools:gis_osm_pois_a_free:1120161885:school,450103,intersects,matched_single
schools,schools:gis_osm_pois_a_free:1120161887:school,450103,intersects,matched_single
schools,schools:gis_osm_pois_a_free:1120583871:school,450102,intersects,matched_single
schools,schools:gis_osm_pois_a_free:1123302783:university,450107,intersects,matched_single
schools,schools:gis_osm_pois_a_free:1124328909:school,450503,intersects,matched_single
schools,schools:gis_osm_pois_a_free:1124734026:school,450204,intersects,matched_single
schools,schools:gis_osm_pois_a_free:1126177971:school,451222,intersects,matched_single
schools,schools:gis_osm_pois_a_free:1126177974:school,451222,intersects,matched_single
schools,schools:gis_osm_pois_a_free:1126472006:school,450103,intersects,matched_single
schools,schools:gis_osm_pois_a_free:1128191476:school,450602,intersects,matched_single
schools,schools:gis_osm_pois_a_free:1130543008:college,450108,intersects,matched_single
schools,schools:gis_osm_pois_a_free:1130543019:school,450108,intersects,matched_single
schools,schools:gis_osm_pois_a_free:1130560646:school,450107,intersects,matched_single
schools,schools:gis_osm_pois_a_free:1130560655:college,450107,intersects,matched_single
schools,schools:gis_osm_pois_a_free:1130936140:school,450603,intersects,matched_single
schools,schools:gis_osm_pois_a_free:1133251257:school,450105,intersects,matched_single
schools,schools:gis_osm_pois_a_free:1134741716:school,451081,intersects,matched_single
schools,schools:gis_osm_pois_a_free:1135155913:school,451081,intersects,matched_single
schools,schools:gis_osm_pois_a_free:1135708642:school,450103,intersects,matched_single
schools,schools:gis_osm_pois_a_free:1136697906:school,451081,intersects,matched_single
schools,schools:gis_osm_pois_a_free:1137825548:school,450722,intersects,matched_single
schools,schools:gis_osm_pois_a_free:1137825549:kindergarten,450722,intersects,matched_single
schools,schools:gis_osm_pois_a_free:1142994817:kindergarten,451081,intersects,matched_single
schools,schools:gis_osm_pois_a_free:1144644787:school,450103,intersects,matched_single
schools,schools:gis_osm_pois_a_free:1145190168:school,450103,intersects,matched_single
schools,schools:gis_osm_pois_a_free:1148221621:school,450107,intersects,matched_single
schools,schools:gis_osm_pois_a_free:1149182546:kindergarten,451081,intersects,matched_single
schools,schools:gis_osm_pois_a_free:1150900766:school,450110,intersects,matched_single
schools,schools:gis_osm_pois_a_free:1151242991:school,451081,intersects,matched_single
schools,schools:gis_osm_pois_a_free:1151365719:kindergarten,451081,intersects,matched_single
schools,schools:gis_osm_pois_a_free:1153630715:school,450107,intersects,matched_single
schools,schools:gis_osm_pois_a_free:1153635951:school,451081,intersects,matched_single
schools,schools:gis_osm_pois_a_free:1153937998:kindergarten,451081,intersects,matched_single
schools,schools:gis_osm_pois_a_free:1154169520:kindergarten,451081,intersects,matched_single
schools,schools:gis_osm_pois_a_free:1154533735:school,451081,intersects,matched_single
schools,schools:gis_osm_pois_a_free:17193605:school,451081,intersects,matched_single
schools,schools:gis_osm_pois_a_free:1154903223:kindergarten,451081,intersects,matched_single
schools,schools:gis_osm_pois_a_free:1155824024:college,450107,intersects,matched_single
schools,schools:gis_osm_pois_a_free:1155824025:college,450107,intersects,matched_single
schools,schools:gis_osm_pois_a_free:1157159217:school,451029,intersects,matched_single
schools,schools:gis_osm_pois_a_free:1157238867:school,450203,intersects,matched_single
schools,schools:gis_osm_pois_a_free:1157384340:school,450203,intersects,matched_single
schools,schools:gis_osm_pois_a_free:1157434893:school,450203,intersects,matched_single
schools,schools:gis_osm_pois_a_free:1159143330:school,450521,intersects,matched_single
schools,schools:gis_osm_pois_a_free:1159648780:school,450105,intersects,matched_single
schools,schools:gis_osm_pois_a_free:1159648786:school,450105,intersects,matched_single
schools,schools:gis_osm_pois_a_free:1159652999:school,450107,intersects,matched_single
schools,schools:gis_osm_pois_a_free:1159657908:school,450110,intersects,matched_single
schools,schools:gis_osm_pois_a_free:1160101936:school,450102,intersects,matched_single
schools,schools:gis_osm_pois_a_free:1160241027:school,450107,intersects,matched_single
schools,schools:gis_osm_pois_a_free:1162770536:kindergarten,451081,intersects,matched_single
schools,schools:gis_osm_pois_a_free:1162783844:kindergarten,451081,intersects,matched_single
schools,schools:gis_osm_pois_a_free:1163710769:university,450902,intersects,matched_multiple
schools,schools:gis_osm_pois_a_free:1163710769:university,450981,intersects,matched_multiple
schools,schools:gis_osm_pois_a_free:1163720987:school,450902,intersects,matched_single
schools,schools:gis_osm_pois_a_free:1163721000:school,450902,intersects,matched_single
schools,schools:gis_osm_pois_a_free:1163721001:school,450902,intersects,matched_single
schools,schools:gis_osm_pois_a_free:1163721005:school,450902,intersects,matched_single
schools,schools:gis_osm_pois_a_free:1163721021:school,450902,intersects,matched_single
schools,schools:gis_osm_pois_a_free:1163731590:school,450902,intersects,matched_single
schools,schools:gis_osm_pois_a_free:1163731591:school,450902,intersects,matched_single
schools,schools:gis_osm_pois_a_free:1163759074:kindergarten,451081,intersects,matched_single
schools,schools:gis_osm_pois_a_free:1167298928:school,450902,intersects,matched_single
schools,schools:gis_osm_pois_a_free:1169371964:university,450110,intersects,matched_single
schools,schools:gis_osm_pois_a_free:1169700917:school,450902,intersects,matched_single
schools,schools:gis_osm_pois_a_free:1169700918:school,450902,intersects,matched_single
schools,schools:gis_osm_pois_a_free:1169700920:school,450902,intersects,matched_single
schools,schools:gis_osm_pois_a_free:1169700922:school,450902,intersects,matched_single
schools,schools:gis_osm_pois_a_free:1169700931:school,450902,intersects,matched_single
schools,schools:gis_osm_pois_a_free:1169700935:school,450902,intersects,matched_single
schools,schools:gis_osm_pois_a_free:1169703080:school,450902,intersects,matched_single
schools,schools:gis_osm_pois_a_free:1170009687:school,450902,intersects,matched_single
schools,schools:gis_osm_pois_a_free:1170009691:school,450902,intersects,matched_single
schools,schools:gis_osm_pois_a_free:1170009692:school,450902,intersects,matched_single
schools,schools:gis_osm_pois_a_free:1170009701:school,450902,intersects,matched_single
schools,schools:gis_osm_pois_a_free:1170009702:school,450902,intersects,matched_single
schools,schools:gis_osm_pois_a_free:1172058628:school,450881,intersects,matched_single
schools,schools:gis_osm_pois_a_free:1172704905:kindergarten,450205,intersects,matched_single
schools,schools:gis_osm_pois_a_free:1173714213:school,451103,intersects,matched_multiple
schools,schools:gis_osm_pois_a_free:1173714213:school,451102,intersects,matched_multiple
schools,schools:gis_osm_pois_a_free:1173771619:school,450902,intersects,matched_single
schools,schools:gis_osm_pois_a_free:1173978508:kindergarten,451081,intersects,matched_single
schools,schools:gis_osm_pois_a_free:1173992259:school,450902,intersects,matched_single
schools,schools:gis_osm_pois_a_free:1173992275:school,450902,intersects,matched_single
schools,schools:gis_osm_pois_a_free:1173992276:school,450902,intersects,matched_single
schools,schools:gis_osm_pois_a_free:1174956283:kindergarten,451081,intersects,matched_single
schools,schools:gis_osm_pois_a_free:1177290910:school,450902,intersects,matched_single
schools,schools:gis_osm_pois_a_free:1177290911:school,450902,intersects,matched_single
schools,schools:gis_osm_pois_a_free:1177290912:kindergarten,450902,intersects,matched_single
schools,schools:gis_osm_pois_a_free:1177290914:school,450902,intersects,matched_single
schools,schools:gis_osm_pois_a_free:1177290918:school,450902,intersects,matched_single
schools,schools:gis_osm_pois_a_free:1177290930:school,450902,intersects,matched_single
schools,schools:gis_osm_pois_a_free:1177290945:school,450902,intersects,matched_single
schools,schools:gis_osm_pois_a_free:1177771619:kindergarten,451081,intersects,matched_single
schools,schools:gis_osm_pois_a_free:1178732118:school,451029,intersects,matched_single
schools,schools:gis_osm_pois_a_free:1179981101:university,450105,intersects,matched_single
schools,schools:gis_osm_pois_a_free:1183383892:kindergarten,451081,intersects,matched_single
schools,schools:gis_osm_pois_a_free:1183444394:university,450312,intersects,matched_single
schools,schools:gis_osm_pois_a_free:1184422952:school,450702,intersects,matched_single
schools,schools:gis_osm_pois_a_free:1184830231:college,450107,intersects,matched_single
schools,schools:gis_osm_pois_a_free:1184830232:school,450107,intersects,matched_single
schools,schools:gis_osm_pois_a_free:1184830233:college,450107,intersects,matched_single
schools,schools:gis_osm_pois_a_free:1184830234:college,450102,intersects,matched_single
schools,schools:gis_osm_pois_a_free:1184830239:college,450102,intersects,matched_single
schools,schools:gis_osm_pois_a_free:1184830240:school,450102,intersects,matched_single
schools,schools:gis_osm_pois_a_free:1184955737:school,450203,intersects,matched_single
schools,schools:gis_osm_pois_a_free:1184955738:school,450203,intersects,matched_single
schools,schools:gis_osm_pois_a_free:1184955767:kindergarten,450203,intersects,matched_single
schools,schools:gis_osm_pois_a_free:1186135477:school,451082,intersects,matched_single
schools,schools:gis_osm_pois_a_free:1186135478:school,451082,intersects,matched_single
schools,schools:gis_osm_pois_a_free:1186135479:school,451082,intersects,matched_single
schools,schools:gis_osm_pois_a_free:1186135481:school,451082,intersects,matched_single
schools,schools:gis_osm_pois_a_free:1186135485:school,451082,intersects,matched_single
schools,schools:gis_osm_pois_a_free:1186135486:kindergarten,451082,intersects,matched_single
schools,schools:gis_osm_pois_a_free:1186135513:college,451082,intersects,matched_single
schools,schools:gis_osm_pois_a_free:1186135520:school,451082,intersects,matched_single
schools,schools:gis_osm_pois_a_free:1186135521:school,451082,intersects,matched_single
schools,schools:gis_osm_pois_a_free:1187068672:school,450105,intersects,matched_single
schools,schools:gis_osm_pois_a_free:1187068673:school,450105,intersects,matched_single
schools,schools:gis_osm_pois_a_free:1187069341:school,450105,intersects,matched_single
schools,schools:gis_osm_pois_a_free:1190599937:school,451082,intersects,matched_single
schools,schools:gis_osm_pois_a_free:1190837131:kindergarten,451081,intersects,matched_single
schools,schools:gis_osm_pois_a_free:1191349601:kindergarten,451081,intersects,matched_single
schools,schools:gis_osm_pois_a_free:1191968538:school,450103,intersects,matched_single
schools,schools:gis_osm_pois_a_free:1191970472:school,450105,intersects,matched_single
schools,schools:gis_osm_pois_a_free:1192675773:school,451082,intersects,matched_single
schools,schools:gis_osm_pois_a_free:1192675774:school,451082,intersects,matched_single
schools,schools:gis_osm_pois_a_free:1198568498:school,450126,intersects,matched_single
schools,schools:gis_osm_pois_a_free:1199506886:school,450602,intersects,matched_single
schools,schools:gis_osm_pois_a_free:1200602752:school,451081,intersects,matched_single
schools,schools:gis_osm_pois_a_free:1204911334:kindergarten,451081,intersects,matched_single
schools,schools:gis_osm_pois_a_free:1210806445:school,450110,intersects,matched_single
schools,schools:gis_osm_pois_a_free:1212111366:school,450981,intersects,matched_single
schools,schools:gis_osm_pois_a_free:1212111377:school,450981,intersects,matched_single
schools,schools:gis_osm_pois_a_free:1212111378:school,450981,intersects,matched_single
schools,schools:gis_osm_pois_a_free:1212166076:school,450981,intersects,matched_single
schools,schools:gis_osm_pois_a_free:1212185633:school,450103,intersects,matched_single
schools,schools:gis_osm_pois_a_free:1212185649:kindergarten,450103,intersects,matched_single
schools,schools:gis_osm_pois_a_free:1212185666:school,450103,intersects,matched_single
schools,schools:gis_osm_pois_a_free:1212185671:school,450103,intersects,matched_single
schools,schools:gis_osm_pois_a_free:1212185680:college,450103,intersects,matched_single
schools,schools:gis_osm_pois_a_free:1212190405:school,450981,intersects,matched_single
schools,schools:gis_osm_pois_a_free:1212196148:kindergarten,450103,intersects,matched_single
schools,schools:gis_osm_pois_a_free:1212196151:college,450103,intersects,matched_single
schools,schools:gis_osm_pois_a_free:1212225637:school,451081,intersects,matched_single
schools,schools:gis_osm_pois_a_free:1212423674:school,450981,intersects,matched_single
schools,schools:gis_osm_pois_a_free:1212423675:school,450981,intersects,matched_single
schools,schools:gis_osm_pois_a_free:1213284247:school,450108,intersects,matched_single
schools,schools:gis_osm_pois_a_free:1213284248:kindergarten,450108,intersects,matched_single
schools,schools:gis_osm_pois_a_free:1213284251:school,450108,intersects,matched_single
schools,schools:gis_osm_pois_a_free:1213284252:kindergarten,450108,intersects,matched_single
schools,schools:gis_osm_pois_a_free:1213284254:school,450108,intersects,matched_single
schools,schools:gis_osm_pois_a_free:1213289064:kindergarten,450108,intersects,matched_single
schools,schools:gis_osm_pois_a_free:1213551803:kindergarten,450109,intersects,matched_single
schools,schools:gis_osm_pois_a_free:1213844190:school,450107,intersects,matched_multiple
schools,schools:gis_osm_pois_a_free:1213844190:school,450102,intersects,matched_multiple
schools,schools:gis_osm_pois_a_free:1213844191:school,450105,intersects,matched_single
schools,schools:gis_osm_pois_a_free:1213844192:kindergarten,450105,intersects,matched_single
schools,schools:gis_osm_pois_a_free:1213844225:school,450105,intersects,matched_single
schools,schools:gis_osm_pois_a_free:1213844226:school,450105,intersects,matched_single
schools,schools:gis_osm_pois_a_free:1213844245:school,450108,intersects,matched_single
schools,schools:gis_osm_pois_a_free:1213844246:school,450108,intersects,matched_single
schools,schools:gis_osm_pois_a_free:1215951368:kindergarten,451081,intersects,matched_single
schools,schools:gis_osm_pois_a_free:1216828094:school,451081,intersects,matched_single
schools,schools:gis_osm_pois_a_free:1217105067:kindergarten,451081,intersects,matched_single
schools,schools:gis_osm_pois_a_free:1217119058:school,451081,intersects,matched_single
schools,schools:gis_osm_pois_a_free:1218624934:kindergarten,450126,intersects,matched_single
schools,schools:gis_osm_pois_a_free:1218637221:school,450126,intersects,matched_single
schools,schools:gis_osm_pois_a_free:1218637223:school,450126,intersects,matched_single
schools,schools:gis_osm_pois_a_free:1218637251:school,450126,intersects,matched_single
schools,schools:gis_osm_pois_a_free:1218637254:school,450126,intersects,matched_single
schools,schools:gis_osm_pois_a_free:1218641045:school,450103,intersects,matched_single
schools,schools:gis_osm_pois_a_free:1218793147:school,450202,intersects,matched_single
schools,schools:gis_osm_pois_a_free:1219037345:college,450102,intersects,matched_single
schools,schools:gis_osm_pois_a_free:1219037349:school,450102,intersects,matched_single
schools,schools:gis_osm_pois_a_free:1219117854:kindergarten,451081,intersects,matched_single
schools,schools:gis_osm_pois_a_free:1219444476:kindergarten,451081,intersects,matched_single
schools,schools:gis_osm_pois_a_free:1220442330:kindergarten,450203,intersects,matched_single
schools,schools:gis_osm_pois_a_free:1220992447:school,450107,intersects,matched_single
schools,schools:gis_osm_pois_a_free:1223759271:school,451424,intersects,matched_single
schools,schools:gis_osm_pois_a_free:1223759272:school,451424,intersects,matched_single
schools,schools:gis_osm_pois_a_free:1223784923:school,451424,intersects,matched_single
schools,schools:gis_osm_pois_a_free:1224006293:school,450481,intersects,matched_single
schools,schools:gis_osm_pois_a_free:1224011214:school,450481,intersects,matched_single
schools,schools:gis_osm_pois_a_free:1224725882:school,451402,intersects,matched_single
schools,schools:gis_osm_pois_a_free:1225440688:school,450110,intersects,matched_single
schools,schools:gis_osm_pois_a_free:1226198974:school,450921,intersects,matched_single
schools,schools:gis_osm_pois_a_free:1228357987:kindergarten,451081,intersects,matched_single
schools,schools:gis_osm_pois_a_free:1228550823:school,451102,intersects,matched_single
schools,schools:gis_osm_pois_a_free:1229638864:school,451122,intersects,matched_single
schools,schools:gis_osm_pois_a_free:1231586774:school,451081,intersects,matched_single
schools,schools:gis_osm_pois_a_free:1231796317:school,450422,intersects,matched_single
schools,schools:gis_osm_pois_a_free:1231796318:school,450422,intersects,matched_single
schools,schools:gis_osm_pois_a_free:1231820628:school,450422,intersects,matched_single
schools,schools:gis_osm_pois_a_free:1232810286:kindergarten,451081,intersects,matched_single
schools,schools:gis_osm_pois_a_free:1235814342:school,450312,intersects,matched_single
schools,schools:gis_osm_pois_a_free:1238525614:school,450803,intersects,matched_single
schools,schools:gis_osm_pois_a_free:1241505377:kindergarten,451425,intersects,matched_single
schools,schools:gis_osm_pois_a_free:1241505378:school,451425,intersects,matched_single
schools,schools:gis_osm_pois_a_free:1241528818:school,451425,intersects,matched_single
schools,schools:gis_osm_pois_a_free:1242142884:school,450803,intersects,matched_single
schools,schools:gis_osm_pois_a_free:1242142885:school,450803,intersects,matched_single
schools,schools:gis_osm_pois_a_free:1243114580:school,450881,intersects,matched_single
schools,schools:gis_osm_pois_a_free:1243599531:kindergarten,451081,intersects,matched_single
schools,schools:gis_osm_pois_a_free:1243627786:school,451081,intersects,matched_single
schools,schools:gis_osm_pois_a_free:1244835966:school,450821,intersects,matched_single
schools,schools:gis_osm_pois_a_free:1245199748:school,450881,intersects,matched_single
schools,schools:gis_osm_pois_a_free:1246262653:school,450881,intersects,matched_single
schools,schools:gis_osm_pois_a_free:1246444582:school,450881,intersects,matched_single
schools,schools:gis_osm_pois_a_free:1247522597:school,450881,intersects,matched_single
schools,schools:gis_osm_pois_a_free:1249531856:school,451030,intersects,matched_single
schools,schools:gis_osm_pois_a_free:1250982092:school,450881,intersects,matched_single
schools,schools:gis_osm_pois_a_free:1251071553:school,450881,intersects,matched_single
schools,schools:gis_osm_pois_a_free:1251071576:school,450881,intersects,matched_single
schools,schools:gis_osm_pois_a_free:1252206474:school,450881,intersects,matched_single
schools,schools:gis_osm_pois_a_free:1252229868:school,450881,intersects,matched_single
schools,schools:gis_osm_pois_a_free:1253186242:school,450881,intersects,matched_single
schools,schools:gis_osm_pois_a_free:1253200043:school,450881,intersects,matched_single
schools,schools:gis_osm_pois_a_free:1254346047:college,450406,intersects,matched_single
schools,schools:gis_osm_pois_a_free:1256413370:school,451323,intersects,matched_single
schools,schools:gis_osm_pois_a_free:1256417513:school,451323,intersects,matched_single
schools,schools:gis_osm_pois_a_free:1256423298:school,451323,intersects,matched_single
schools,schools:gis_osm_pois_a_free:1256884993:school,451323,intersects,matched_single
schools,schools:gis_osm_pois_a_free:1257648542:school,451323,intersects,matched_single
schools,schools:gis_osm_pois_a_free:1257677874:school,451323,intersects,matched_single
schools,schools:gis_osm_pois_a_free:1258140352:kindergarten,451323,intersects,matched_single
schools,schools:gis_osm_pois_a_free:1258140353:school,451323,intersects,matched_single
schools,schools:gis_osm_pois_a_free:1258158894:school,451321,intersects,matched_single
schools,schools:gis_osm_pois_a_free:1259353820:school,450881,intersects,matched_single
schools,schools:gis_osm_pois_a_free:1262440223:school,451081,intersects,matched_single
schools,schools:gis_osm_pois_a_free:1267322516:school,451081,intersects,matched_single
schools,schools:gis_osm_pois_a_free:1267821172:school,450481,intersects,matched_single
schools,schools:gis_osm_pois_a_free:1267821174:school,450481,intersects,matched_single
schools,schools:gis_osm_pois_a_free:1267821176:school,450481,intersects,matched_single
schools,schools:gis_osm_pois_a_free:1268942256:kindergarten,451081,intersects,matched_single
schools,schools:gis_osm_pois_a_free:1272433280:kindergarten,451081,intersects,matched_single
schools,schools:gis_osm_pois_a_free:1272721428:school,451402,intersects,matched_single
schools,schools:gis_osm_pois_a_free:1272779360:school,451402,intersects,matched_single
schools,schools:gis_osm_pois_a_free:1272924163:school,451402,intersects,matched_single
schools,schools:gis_osm_pois_a_free:1272948787:school,451402,intersects,matched_single
schools,schools:gis_osm_pois_a_free:1273790786:kindergarten,451024,intersects,matched_single
schools,schools:gis_osm_pois_a_free:1274164450:school,451081,intersects,matched_single
schools,schools:gis_osm_pois_a_free:1274348435:kindergarten,450204,intersects,matched_single
schools,schools:gis_osm_pois_a_free:1274348437:school,450204,intersects,matched_single
schools,schools:gis_osm_pois_a_free:1274445930:kindergarten,450202,intersects,matched_single
schools,schools:gis_osm_pois_a_free:1275267621:school,451024,intersects,matched_single
schools,schools:gis_osm_pois_a_free:1279176895:kindergarten,451024,intersects,matched_single
schools,schools:gis_osm_pois_a_free:1279593072:school,450126,intersects,matched_single
schools,schools:gis_osm_pois_a_free:1279593100:school,450126,intersects,matched_single
schools,schools:gis_osm_pois_a_free:1279593109:school,450126,intersects,matched_single
schools,schools:gis_osm_pois_a_free:1279596234:school,450126,intersects,matched_single
schools,schools:gis_osm_pois_a_free:1280174204:school,450304,intersects,matched_single
schools,schools:gis_osm_pois_a_free:1280259603:school,451002,intersects,matched_single
schools,schools:gis_osm_pois_a_free:1280259605:kindergarten,451002,intersects,matched_single
schools,schools:gis_osm_pois_a_free:1281117040:school,450502,intersects,matched_single
schools,schools:gis_osm_pois_a_free:1282864212:kindergarten,451081,intersects,matched_single
schools,schools:gis_osm_pois_a_free:1284310647:school,450602,intersects,matched_single
schools,schools:gis_osm_pois_a_free:1284310648:school,450602,intersects,matched_single
schools,schools:gis_osm_pois_a_free:1288422739:kindergarten,451002,intersects,matched_single
schools,schools:gis_osm_pois_a_free:1288422748:kindergarten,451002,intersects,matched_single
schools,schools:gis_osm_pois_a_free:1288867968:kindergarten,450205,intersects,matched_single
schools,schools:gis_osm_pois_a_free:1288867971:kindergarten,450205,intersects,matched_single
schools,schools:gis_osm_pois_a_free:1288867989:school,450205,intersects,matched_single
schools,schools:gis_osm_pois_a_free:1288867992:school,450205,intersects,matched_single
schools,schools:gis_osm_pois_a_free:1288868018:kindergarten,450205,intersects,matched_single
schools,schools:gis_osm_pois_a_free:1289776401:kindergarten,451424,intersects,matched_single
schools,schools:gis_osm_pois_a_free:1290002930:school,450321,intersects,matched_single
schools,schools:gis_osm_pois_a_free:1290653583:college,451302,intersects,matched_single
schools,schools:gis_osm_pois_a_free:1290653586:school,451302,intersects,matched_single
schools,schools:gis_osm_pois_a_free:1290653588:school,451302,intersects,matched_single
schools,schools:gis_osm_pois_a_free:1290653594:school,451302,intersects,matched_single
schools,schools:gis_osm_pois_a_free:1292064119:school,451003,intersects,matched_single
schools,schools:gis_osm_pois_a_free:1292064203:school,451003,intersects,matched_single
schools,schools:gis_osm_pois_a_free:1292064228:school,451003,intersects,matched_single
schools,schools:gis_osm_pois_a_free:1292064229:school,451003,intersects,matched_single
schools,schools:gis_osm_pois_a_free:1292667094:school,450203,intersects,matched_single
schools,schools:gis_osm_pois_a_free:1295015703:school,450722,intersects,matched_single
schools,schools:gis_osm_pois_a_free:1295015723:school,450722,intersects,matched_single
schools,schools:gis_osm_pois_a_free:1296404498:school,450123,intersects,matched_single
schools,schools:gis_osm_pois_a_free:1296404499:school,450123,intersects,matched_single
schools,schools:gis_osm_pois_a_free:1296404508:school,450123,intersects,matched_single
schools,schools:gis_osm_pois_a_free:1296404515:school,450123,intersects,matched_single
schools,schools:gis_osm_pois_a_free:1296404522:school,450123,intersects,matched_single
schools,schools:gis_osm_pois_a_free:1296404523:school,450123,intersects,matched_single
schools,schools:gis_osm_pois_a_free:1296404524:kindergarten,450123,intersects,matched_single
schools,schools:gis_osm_pois_a_free:1298907114:school,451002,intersects,matched_single
schools,schools:gis_osm_pois_a_free:1299099032:school,450204,intersects,matched_multiple
schools,schools:gis_osm_pois_a_free:1299099032:school,450203,intersects,matched_multiple
schools,schools:gis_osm_pois_a_free:1299261156:school,450204,intersects,matched_single
schools,schools:gis_osm_pois_a_free:1299261168:school,450204,intersects,matched_multiple
schools,schools:gis_osm_pois_a_free:1299261168:school,450203,intersects,matched_multiple
schools,schools:gis_osm_pois_a_free:1300177665:school,450103,intersects,matched_single
schools,schools:gis_osm_pois_a_free:1300177666:kindergarten,450103,intersects,matched_single
schools,schools:gis_osm_pois_a_free:1302475753:school,450406,intersects,matched_single
schools,schools:gis_osm_pois_a_free:1302475767:college,450406,intersects,matched_single
schools,schools:gis_osm_pois_a_free:1302475772:school,450406,intersects,matched_single
schools,schools:gis_osm_pois_a_free:1302750831:school,450405,intersects,matched_single
schools,schools:gis_osm_pois_a_free:1302750833:school,450405,intersects,matched_single
schools,schools:gis_osm_pois_a_free:1303637722:school,450481,intersects,matched_single
schools,schools:gis_osm_pois_a_free:1303637741:school,450481,intersects,matched_single
schools,schools:gis_osm_pois_a_free:1303668349:school,451203,intersects,matched_single
schools,schools:gis_osm_pois_a_free:1303905764:school,450405,intersects,matched_single
schools,schools:gis_osm_pois_a_free:1303905824:college,450406,intersects,matched_single
schools,schools:gis_osm_pois_a_free:1304012443:school,450602,intersects,matched_single
schools,schools:gis_osm_pois_a_free:1304012454:school,450602,intersects,matched_single
schools,schools:gis_osm_pois_a_free:1305163200:school,451481,intersects,matched_single
schools,schools:gis_osm_pois_a_free:1305430855:school,450406,intersects,matched_single
schools,schools:gis_osm_pois_a_free:1306388688:school,450503,intersects,matched_single
schools,schools:gis_osm_pois_a_free:1306511546:school,450205,intersects,matched_single
schools,schools:gis_osm_pois_a_free:1307038264:school,450406,intersects,matched_single
schools,schools:gis_osm_pois_a_free:1307240082:school,451022,intersects,matched_single
schools,schools:gis_osm_pois_a_free:1307256408:kindergarten,451002,intersects,matched_single
schools,schools:gis_osm_pois_a_free:1307263099:school,450881,intersects,matched_single
schools,schools:gis_osm_pois_a_free:1307399287:school,451323,intersects,matched_single
schools,schools:gis_osm_pois_a_free:1308006879:school,450406,intersects,matched_single
schools,schools:gis_osm_pois_a_free:1308006884:school,450406,intersects,matched_single
schools,schools:gis_osm_pois_a_free:1308006885:school,450406,intersects,matched_single
schools,schools:gis_osm_pois_a_free:1308006887:school,450406,intersects,matched_single
schools,schools:gis_osm_pois_a_free:1308006888:school,450406,intersects,matched_single
schools,schools:gis_osm_pois_a_free:1308437734:school,450403,intersects,matched_single
schools,schools:gis_osm_pois_a_free:1308471822:school,450403,intersects,matched_single
schools,schools:gis_osm_pois_a_free:1308471829:school,450403,intersects,matched_single
schools,schools:gis_osm_pois_a_free:1308471830:school,450403,intersects,matched_single
schools,schools:gis_osm_pois_a_free:1308471831:school,450403,intersects,matched_single
schools,schools:gis_osm_pois_a_free:1308471836:school,450403,intersects,matched_single
schools,schools:gis_osm_pois_a_free:1308471837:school,450403,intersects,matched_single
schools,schools:gis_osm_pois_a_free:1308471845:school,450405,intersects,matched_single
schools,schools:gis_osm_pois_a_free:1308471847:school,450405,intersects,matched_single
schools,schools:gis_osm_pois_a_free:1308471848:school,450405,intersects,matched_single
schools,schools:gis_osm_pois_a_free:1308480359:school,450406,intersects,matched_single
schools,schools:gis_osm_pois_a_free:1308480360:school,450406,intersects,matched_single
schools,schools:gis_osm_pois_a_free:1308480361:school,450406,intersects,matched_single
schools,schools:gis_osm_pois_a_free:1308480362:school,450406,intersects,matched_single
schools,schools:gis_osm_pois_a_free:1308480363:school,450406,intersects,matched_single
schools,schools:gis_osm_pois_a_free:1308480367:school,450405,intersects,matched_single
schools,schools:gis_osm_pois_a_free:1308527394:school,450328,intersects,matched_single
schools,schools:gis_osm_pois_a_free:1309061211:school,450406,intersects,matched_single
schools,schools:gis_osm_pois_a_free:1310760975:school,450403,intersects,matched_single
schools,schools:gis_osm_pois_a_free:1310873313:kindergarten,450108,intersects,matched_single
schools,schools:gis_osm_pois_a_free:1312219325:school,450103,intersects,matched_single
schools,schools:gis_osm_pois_a_free:1312219329:school,450103,intersects,matched_single
schools,schools:gis_osm_pois_a_free:1312257699:school,450802,intersects,matched_single
schools,schools:gis_osm_pois_a_free:1312610143:school,451425,intersects,matched_single
schools,schools:gis_osm_pois_a_free:1312610144:school,451425,intersects,matched_single
schools,schools:gis_osm_pois_a_free:1314280576:school,450681,intersects,matched_single
schools,schools:gis_osm_pois_a_free:1314391972:school,451324,intersects,matched_single
schools,schools:gis_osm_pois_a_free:1314391980:school,451324,intersects,matched_single
schools,schools:gis_osm_pois_a_free:1314391981:school,451324,intersects,matched_single
schools,schools:gis_osm_pois_a_free:1314392007:school,451324,intersects,matched_single
schools,schools:gis_osm_pois_a_free:1314392012:school,451324,intersects,matched_single
schools,schools:gis_osm_pois_a_free:1314788549:kindergarten,451031,intersects,matched_single
schools,schools:gis_osm_pois_a_free:1315256780:school,450105,intersects,matched_single
schools,schools:gis_osm_pois_a_free:18046847:school,450405,intersects,matched_single
schools,schools:gis_osm_pois_a_free:1315643331:school,451425,intersects,matched_single
schools,schools:gis_osm_pois_a_free:1315643347:kindergarten,451425,intersects,matched_single
schools,schools:gis_osm_pois_a_free:1315860612:school,450406,intersects,matched_single
schools,schools:gis_osm_pois_a_free:1316391827:school,450107,intersects,matched_single
schools,schools:gis_osm_pois_a_free:1316391830:kindergarten,450107,intersects,matched_single
schools,schools:gis_osm_pois_a_free:1319839170:school,451081,intersects,matched_single
schools,schools:gis_osm_pois_a_free:1320747717:kindergarten,450109,intersects,matched_single
schools,schools:gis_osm_pois_a_free:1324165334:kindergarten,450602,intersects,matched_single
schools,schools:gis_osm_pois_a_free:1328568965:school,450304,intersects,matched_single
schools,schools:gis_osm_pois_a_free:18356233:university,450108,intersects,matched_single
schools,schools:gis_osm_pois_a_free:1342650301:kindergarten,450109,intersects,matched_single
schools,schools:gis_osm_pois_a_free:1344382546:school,450103,intersects,matched_single
schools,schools:gis_osm_pois_a_free:1344504717:kindergarten,450108,intersects,matched_single
schools,schools:gis_osm_pois_a_free:1344504738:school,450108,intersects,matched_single
schools,schools:gis_osm_pois_a_free:1344978110:school,450502,intersects,matched_single
schools,schools:gis_osm_pois_a_free:1345650481:kindergarten,451425,intersects,matched_single
schools,schools:gis_osm_pois_a_free:1345650482:kindergarten,451425,intersects,matched_single
schools,schools:gis_osm_pois_a_free:1345650485:school,451425,intersects,matched_single
schools,schools:gis_osm_pois_a_free:1349370052:school,450902,intersects,matched_single
schools,schools:gis_osm_pois_a_free:1349390342:school,450902,intersects,matched_single
schools,schools:gis_osm_pois_a_free:1349390345:school,450902,intersects,matched_single
schools,schools:gis_osm_pois_a_free:1349458480:school,450902,intersects,matched_single
schools,schools:gis_osm_pois_a_free:1349477598:school,450125,intersects,matched_single
schools,schools:gis_osm_pois_a_free:1349485332:school,450125,intersects,matched_single
schools,schools:gis_osm_pois_a_free:1349500752:school,450902,intersects,matched_single
schools,schools:gis_osm_pois_a_free:1349697405:school,450902,intersects,matched_single
schools,schools:gis_osm_pois_a_free:1349697408:school,450902,intersects,matched_single
schools,schools:gis_osm_pois_a_free:1349697445:school,450902,intersects,matched_single
schools,schools:gis_osm_pois_a_free:1349727092:school,450902,intersects,matched_single
schools,schools:gis_osm_pois_a_free:1349727093:school,450902,intersects,matched_single
schools,schools:gis_osm_pois_a_free:1349734213:college,450902,intersects,matched_single
schools,schools:gis_osm_pois_a_free:1349740773:kindergarten,450125,intersects,matched_single
schools,schools:gis_osm_pois_a_free:1349743202:school,450125,intersects,matched_single
schools,schools:gis_osm_pois_a_free:1349763478:school,450902,intersects,matched_single
schools,schools:gis_osm_pois_a_free:1349763479:school,450902,intersects,matched_single
schools,schools:gis_osm_pois_a_free:1349769970:kindergarten,450902,intersects,matched_single
schools,schools:gis_osm_pois_a_free:1349786340:school,450902,intersects,matched_single
schools,schools:gis_osm_pois_a_free:1349787500:school,450181,intersects,matched_single
schools,schools:gis_osm_pois_a_free:1349787501:school,450181,intersects,matched_single
schools,schools:gis_osm_pois_a_free:1349807150:school,450125,intersects,matched_single
schools,schools:gis_osm_pois_a_free:1349897227:school,450125,intersects,matched_single
schools,schools:gis_osm_pois_a_free:1350631150:school,451081,intersects,matched_single
schools,schools:gis_osm_pois_a_free:1351248925:school,450203,intersects,matched_single
schools,schools:gis_osm_pois_a_free:1351248929:school,450204,intersects,matched_single
schools,schools:gis_osm_pois_a_free:1351248930:school,450204,intersects,matched_single
schools,schools:gis_osm_pois_a_free:1351248931:school,450204,intersects,matched_multiple
schools,schools:gis_osm_pois_a_free:1351248931:school,450203,intersects,matched_multiple
schools,schools:gis_osm_pois_a_free:1351248951:school,450203,intersects,matched_single
schools,schools:gis_osm_pois_a_free:1352234492:kindergarten,450902,intersects,matched_single
schools,schools:gis_osm_pois_a_free:1352239182:school,450902,intersects,matched_single
schools,schools:gis_osm_pois_a_free:1352240569:school,450902,intersects,matched_single
schools,schools:gis_osm_pois_a_free:1352349037:school,450205,intersects,matched_single
schools,schools:gis_osm_pois_a_free:1352351109:school,450205,intersects,matched_single
schools,schools:gis_osm_pois_a_free:1352444822:school,450902,intersects,matched_single
schools,schools:gis_osm_pois_a_free:1352444828:school,450902,intersects,matched_single
schools,schools:gis_osm_pois_a_free:1352838329:school,450203,intersects,matched_single
schools,schools:gis_osm_pois_a_free:1353077366:college,450203,intersects,matched_single
schools,schools:gis_osm_pois_a_free:1353077367:college,450203,intersects,matched_single
schools,schools:gis_osm_pois_a_free:1353410671:school,450405,intersects,matched_single
schools,schools:gis_osm_pois_a_free:1354189482:kindergarten,450902,intersects,matched_single
schools,schools:gis_osm_pois_a_free:1354864193:kindergarten,450203,intersects,matched_single
schools,schools:gis_osm_pois_a_free:1355945130:kindergarten,450109,intersects,matched_single
schools,schools:gis_osm_pois_a_free:1355945138:kindergarten,450109,intersects,matched_single
schools,schools:gis_osm_pois_a_free:1356341223:school,450323,intersects,matched_single
schools,schools:gis_osm_pois_a_free:1356341224:school,450323,intersects,matched_single
schools,schools:gis_osm_pois_a_free:1356358004:school,451002,intersects,matched_single
schools,schools:gis_osm_pois_a_free:1356682220:school,451028,intersects,matched_single
schools,schools:gis_osm_pois_a_free:1357115466:school,450203,intersects,matched_single
schools,schools:gis_osm_pois_a_free:1357690639:school,450222,intersects,matched_single
schools,schools:gis_osm_pois_a_free:1358103248:kindergarten,451425,intersects,matched_single
schools,schools:gis_osm_pois_a_free:1358103249:school,451425,intersects,matched_single
schools,schools:gis_osm_pois_a_free:1360056843:school,450102,intersects,matched_single
schools,schools:gis_osm_pois_a_free:1360056844:school,450102,intersects,matched_single
schools,schools:gis_osm_pois_a_free:1360104928:school,451002,intersects,matched_single
schools,schools:gis_osm_pois_a_free:1360899063:school,450107,intersects,matched_single
schools,schools:gis_osm_pois_a_free:1365707650:school,450103,intersects,matched_single
schools,schools:gis_osm_pois_a_free:1365707651:school,450103,intersects,matched_single
schools,schools:gis_osm_pois_a_free:1366519944:kindergarten,451081,intersects,matched_single
schools,schools:gis_osm_pois_a_free:1369915183:kindergarten,451481,intersects,matched_single
schools,schools:gis_osm_pois_a_free:1372268578:school,450103,intersects,matched_single
schools,schools:gis_osm_pois_a_free:1372268579:school,450103,intersects,matched_single
schools,schools:gis_osm_pois_a_free:1372584215:kindergarten,450602,intersects,matched_single
schools,schools:gis_osm_pois_a_free:1374313279:school,450881,intersects,matched_single
schools,schools:gis_osm_pois_a_free:1375150716:university,451002,intersects,matched_single
schools,schools:gis_osm_pois_a_free:1377440675:school,450881,intersects,matched_single
schools,schools:gis_osm_pois_a_free:1381589380:school,451223,intersects,matched_single
schools,schools:gis_osm_pois_a_free:1381589390:school,451223,intersects,matched_single
schools,schools:gis_osm_pois_a_free:1381589402:school,451223,intersects,matched_single
schools,schools:gis_osm_pois_a_free:1381657486:school,451223,intersects,matched_single
schools,schools:gis_osm_pois_a_free:1382657224:school,450902,intersects,matched_single
schools,schools:gis_osm_pois_a_free:1385376150:school,451202,intersects,matched_single
schools,schools:gis_osm_pois_a_free:1385376151:school,451202,intersects,matched_single
schools,schools:gis_osm_pois_a_free:1385377713:school,450205,intersects,matched_single
schools,schools:gis_osm_pois_a_free:1385380317:school,451202,intersects,matched_single
schools,schools:gis_osm_pois_a_free:1385380323:school,451202,intersects,matched_single
schools,schools:gis_osm_pois_a_free:1385384738:school,451202,intersects,matched_single
schools,schools:gis_osm_pois_a_free:1385384739:school,451202,intersects,matched_single
schools,schools:gis_osm_pois_a_free:1385384745:school,451202,intersects,matched_single
schools,schools:gis_osm_pois_a_free:1385558335:school,450205,intersects,matched_single
schools,schools:gis_osm_pois_a_free:1385558801:school,451202,intersects,matched_single
schools,schools:gis_osm_pois_a_free:1385558828:school,451202,intersects,matched_single
schools,schools:gis_osm_pois_a_free:1385558831:kindergarten,451202,intersects,matched_single
schools,schools:gis_osm_pois_a_free:1385575234:school,450205,intersects,matched_single
schools,schools:gis_osm_pois_a_free:1385575242:school,450205,intersects,matched_single
schools,schools:gis_osm_pois_a_free:1385575245:school,450205,intersects,matched_single
schools,schools:gis_osm_pois_a_free:1385804236:school,451202,intersects,matched_single
schools,schools:gis_osm_pois_a_free:1385900229:school,451121,intersects,matched_single
schools,schools:gis_osm_pois_a_free:1387485327:kindergarten,450602,intersects,matched_single
schools,schools:gis_osm_pois_a_free:1387913786:university,450802,intersects,matched_single
schools,schools:gis_osm_pois_a_free:1387913787:college,450802,intersects,matched_single
schools,schools:gis_osm_pois_a_free:1389968508:kindergarten,451024,intersects,matched_single
schools,schools:gis_osm_pois_a_free:1391135230:kindergarten,450108,intersects,matched_single
schools,schools:gis_osm_pois_a_free:1392392611:kindergarten,450602,intersects,matched_single
schools,schools:gis_osm_pois_a_free:1395880442:school,450107,intersects,matched_single
schools,schools:gis_osm_pois_a_free:1408538721:school,451202,intersects,matched_single
schools,schools:gis_osm_pois_a_free:1408538722:school,451202,intersects,matched_single
schools,schools:gis_osm_pois_a_free:1408539444:school,451402,intersects,matched_single
schools,schools:gis_osm_pois_a_free:1408539496:school,451402,intersects,matched_single
schools,schools:gis_osm_pois_a_free:1408539497:kindergarten,451402,intersects,matched_single
schools,schools:gis_osm_pois_a_free:1408539498:school,451402,intersects,matched_single
schools,schools:gis_osm_pois_a_free:1408539510:school,451402,intersects,matched_single
schools,schools:gis_osm_pois_a_free:1408539512:school,451402,intersects,matched_single
schools,schools:gis_osm_pois_a_free:1408539517:school,451402,intersects,matched_single
schools,schools:gis_osm_pois_a_free:1408539535:school,451402,intersects,matched_single
schools,schools:gis_osm_pois_a_free:1408539537:school,451402,intersects,matched_single
schools,schools:gis_osm_pois_a_free:1408539544:school,451402,intersects,matched_single
schools,schools:gis_osm_pois_a_free:1408539549:school,451402,intersects,matched_single
schools,schools:gis_osm_pois_a_free:1408539550:school,451402,intersects,matched_single
schools,schools:gis_osm_pois_a_free:1408824309:school,451202,intersects,matched_single
schools,schools:gis_osm_pois_a_free:1408824310:school,451202,intersects,matched_single
schools,schools:gis_osm_pois_a_free:1408824311:school,451202,intersects,matched_single
schools,schools:gis_osm_pois_a_free:1410359329:kindergarten,451202,intersects,matched_single
schools,schools:gis_osm_pois_a_free:1412215797:school,451202,intersects,matched_single
schools,schools:gis_osm_pois_a_free:1414855211:school,451122,intersects,matched_single
schools,schools:gis_osm_pois_a_free:1415099387:school,450105,intersects,matched_single
schools,schools:gis_osm_pois_a_free:1415145370:school,450902,intersects,matched_single
schools,schools:gis_osm_pois_a_free:1415172465:kindergarten,451202,intersects,matched_single
schools,schools:gis_osm_pois_a_free:1415172485:school,451202,intersects,matched_single
schools,schools:gis_osm_pois_a_free:1415318344:school,450105,intersects,matched_single
schools,schools:gis_osm_pois_a_free:1415318410:kindergarten,450105,intersects,matched_single
schools,schools:gis_osm_pois_a_free:1415571134:university,451202,intersects,matched_single
schools,schools:gis_osm_pois_a_free:1415572406:kindergarten,450105,intersects,matched_single
schools,schools:gis_osm_pois_a_free:19364592:school,450105,intersects,matched_single
schools,schools:gis_osm_pois_a_free:1415652248:school,451202,intersects,matched_single
schools,schools:gis_osm_pois_a_free:1415747751:school,451122,intersects,matched_single
schools,schools:gis_osm_pois_a_free:1416026158:kindergarten,450108,intersects,matched_single
schools,schools:gis_osm_pois_a_free:1416026159:kindergarten,450108,intersects,matched_single
schools,schools:gis_osm_pois_a_free:1416026163:school,450108,intersects,matched_single
schools,schools:gis_osm_pois_a_free:1416454813:school,451122,intersects,matched_single
schools,schools:gis_osm_pois_a_free:1417148057:school,450105,intersects,matched_single
schools,schools:gis_osm_pois_a_free:1417148059:kindergarten,450105,intersects,matched_single
schools,schools:gis_osm_pois_a_free:1418888675:school,451122,intersects,matched_single
schools,schools:gis_osm_pois_a_free:1419960969:school,450205,intersects,matched_single
schools,schools:gis_osm_pois_a_free:1419960989:school,450205,intersects,matched_single
schools,schools:gis_osm_pois_a_free:1419961008:school,450205,intersects,matched_single
schools,schools:gis_osm_pois_a_free:1420130739:school,450205,intersects,matched_single
schools,schools:gis_osm_pois_a_free:1420381130:school,450881,intersects,matched_single
schools,schools:gis_osm_pois_a_free:1420422813:school,451122,intersects,matched_single
schools,schools:gis_osm_pois_a_free:1421525098:school,450204,intersects,matched_single
schools,schools:gis_osm_pois_a_free:1421525103:school,450204,intersects,matched_single
schools,schools:gis_osm_pois_a_free:1421525126:school,450204,intersects,matched_single
schools,schools:gis_osm_pois_a_free:1422425324:school,450821,intersects,matched_single
schools,schools:gis_osm_pois_a_free:1422425328:school,450821,intersects,matched_single
schools,schools:gis_osm_pois_a_free:1422425331:school,450821,intersects,matched_single
schools,schools:gis_osm_pois_a_free:1424443926:school,450802,intersects,matched_single
schools,schools:gis_osm_pois_a_free:1424443927:school,450802,intersects,matched_single
schools,schools:gis_osm_pois_a_free:1431393554:school,450332,intersects,matched_single
schools,schools:gis_osm_pois_a_free:1433746759:school,451121,intersects,matched_single
schools,schools:gis_osm_pois_a_free:1433746760:school,451121,intersects,matched_single
schools,schools:gis_osm_pois_a_free:1435641815:school,450421,intersects,matched_single
schools,schools:gis_osm_pois_a_free:1435641816:school,450421,intersects,matched_single
schools,schools:gis_osm_pois_a_free:1436127452:school,450503,intersects,matched_single
schools,schools:gis_osm_pois_a_free:1436427669:school,450108,intersects,matched_single
schools,schools:gis_osm_pois_a_free:1436866465:school,450105,intersects,matched_single
schools,schools:gis_osm_pois_a_free:1436909576:school,451423,intersects,matched_single
schools,schools:gis_osm_pois_a_free:1441833539:school,450923,intersects,matched_single
schools,schools:gis_osm_pois_a_free:1441833540:school,450923,intersects,matched_single
schools,schools:gis_osm_pois_a_free:1441833541:school,450923,intersects,matched_single
schools,schools:gis_osm_pois_a_free:1441833542:school,450923,intersects,matched_single
schools,schools:gis_osm_pois_a_free:1446034611:kindergarten,451122,intersects,matched_single
schools,schools:gis_osm_pois_a_free:1446890678:school,450324,intersects,matched_single
schools,schools:gis_osm_pois_a_free:1448404680:school,450324,intersects,matched_single
schools,schools:gis_osm_pois_a_free:1448405920:school,450324,intersects,matched_single
schools,schools:gis_osm_pois_a_free:1448406636:school,450324,intersects,matched_single
schools,schools:gis_osm_pois_a_free:1448425475:school,450205,intersects,matched_single
schools,schools:gis_osm_pois_a_free:1450023353:school,450324,intersects,matched_single
schools,schools:gis_osm_pois_a_free:1450024716:school,450324,intersects,matched_single
schools,schools:gis_osm_pois_a_free:1450024987:school,450324,intersects,matched_single
schools,schools:gis_osm_pois_a_free:1450216289:school,450324,intersects,matched_single
schools,schools:gis_osm_pois_a_free:1450216290:kindergarten,450324,intersects,matched_single
schools,schools:gis_osm_pois_a_free:1450216291:school,450324,intersects,matched_single
schools,schools:gis_osm_pois_a_free:1450461643:school,450422,intersects,matched_single
schools,schools:gis_osm_pois_a_free:1450461644:school,450422,intersects,matched_single
schools,schools:gis_osm_pois_a_free:1450461645:school,450422,intersects,matched_single
schools,schools:gis_osm_pois_a_free:1450461646:school,450422,intersects,matched_single
schools,schools:gis_osm_pois_a_free:1450461647:school,450422,intersects,matched_single
schools,schools:gis_osm_pois_a_free:1450461648:kindergarten,450422,intersects,matched_single
schools,schools:gis_osm_pois_a_free:1450838303:school,451424,intersects,matched_single
schools,schools:gis_osm_pois_a_free:1452821261:school,451122,intersects,matched_single
schools,schools:gis_osm_pois_a_free:1454475770:kindergarten,450103,intersects,matched_single
schools,schools:gis_osm_pois_a_free:1457107749:school,450312,intersects,matched_single
schools,schools:gis_osm_pois_a_free:1457110153:school,450312,intersects,matched_single
schools,schools:gis_osm_pois_a_free:1457163211:school,451122,intersects,matched_single
schools,schools:gis_osm_pois_a_free:1458685272:school,450312,intersects,matched_single
schools,schools:gis_osm_pois_a_free:1459827784:school,450681,intersects,matched_single
schools,schools:gis_osm_pois_a_free:1460427618:school,450312,intersects,matched_single
schools,schools:gis_osm_pois_a_free:1460918702:school,451422,intersects,matched_single
schools,schools:gis_osm_pois_a_free:1461783585:school,450326,intersects,matched_single
schools,schools:gis_osm_pois_a_free:1461784927:school,450422,intersects,matched_single
schools,schools:gis_osm_pois_a_free:1461972483:school,450312,intersects,matched_single
schools,schools:gis_osm_pois_a_free:1461975715:school,450312,intersects,matched_single
schools,schools:gis_osm_pois_a_free:1462222118:school,450703,intersects,matched_single
schools,schools:gis_osm_pois_a_free:1462249672:school,450421,intersects,matched_single
schools,schools:gis_osm_pois_a_free:1462249673:school,450421,intersects,matched_single
schools,schools:gis_osm_pois_a_free:1462249674:school,450421,intersects,matched_single
schools,schools:gis_osm_pois_a_free:1462500979:school,450311,intersects,matched_single
schools,schools:gis_osm_pois_a_free:1462500980:school,450311,intersects,matched_single
schools,schools:gis_osm_pois_a_free:1462521714:school,451002,intersects,matched_single
schools,schools:gis_osm_pois_a_free:1462747817:school,451422,intersects,matched_single
schools,schools:gis_osm_pois_a_free:1462757286:school,450312,intersects,matched_single
schools,schools:gis_osm_pois_a_free:1463475193:kindergarten,450107,intersects,matched_single
schools,schools:gis_osm_pois_a_free:1463686913:school,450312,intersects,matched_single
schools,schools:gis_osm_pois_a_free:1464037520:school,450326,intersects,matched_multiple
schools,schools:gis_osm_pois_a_free:1464037520:school,450312,intersects,matched_multiple
schools,schools:gis_osm_pois_a_free:1464038654:school,450326,intersects,matched_single
schools,schools:gis_osm_pois_a_free:1464094146:school,450312,intersects,matched_single
schools,schools:gis_osm_pois_a_free:1464509080:school,450126,intersects,matched_single
schools,schools:gis_osm_pois_a_free:1464563495:school,450312,intersects,matched_single
schools,schools:gis_osm_pois_a_free:1465057350:school,450312,intersects,matched_single
schools,schools:gis_osm_pois_a_free:1465490842:school,451323,intersects,matched_single
schools,schools:gis_osm_pois_a_free:1465490849:school,451323,intersects,matched_single
schools,schools:gis_osm_pois_a_free:1466927798:school,450107,intersects,matched_single
schools,schools:gis_osm_pois_a_free:1467539476:school,450881,intersects,matched_single
schools,schools:gis_osm_pois_a_free:1468130968:school,450312,intersects,matched_single
schools,schools:gis_osm_pois_a_free:1468152227:school,450881,intersects,matched_single
schools,schools:gis_osm_pois_a_free:1468152229:school,450881,intersects,matched_single
schools,schools:gis_osm_pois_a_free:1468626242:school,450881,intersects,matched_single
schools,schools:gis_osm_pois_a_free:1468661359:school,450326,intersects,matched_single
schools,schools:gis_osm_pois_a_free:1468666224:school,450881,intersects,matched_single
schools,schools:gis_osm_pois_a_free:1468666225:school,450881,intersects,matched_single
schools,schools:gis_osm_pois_a_free:1468666231:school,450881,intersects,matched_single
schools,schools:gis_osm_pois_a_free:1468666234:school,450881,intersects,matched_single
schools,schools:gis_osm_pois_a_free:1469945342:university,450902,intersects,matched_multiple
schools,schools:gis_osm_pois_a_free:1469945342:university,450981,intersects,matched_multiple
schools,schools:gis_osm_pois_a_free:1469972557:school,451425,intersects,matched_single
schools,schools:gis_osm_pois_a_free:1469972580:school,451425,intersects,matched_single
schools,schools:gis_osm_pois_a_free:1469980422:school,450902,intersects,matched_single
schools,schools:gis_osm_pois_a_free:1469980424:school,450902,intersects,matched_single
schools,schools:gis_osm_pois_a_free:1470027207:school,450902,intersects,matched_single
schools,schools:gis_osm_pois_a_free:1470027234:school,450902,intersects,matched_single
schools,schools:gis_osm_pois_a_free:1470276519:school,450902,intersects,matched_single
schools,schools:gis_osm_pois_a_free:1470276520:school,450902,intersects,matched_single
schools,schools:gis_osm_pois_a_free:1470277505:school,450902,intersects,matched_single
schools,schools:gis_osm_pois_a_free:1470433164:school,450924,intersects,matched_single
schools,schools:gis_osm_pois_a_free:1471873325:school,450312,intersects,matched_single
schools,schools:gis_osm_pois_a_free:20153557:kindergarten,450109,intersects,matched_single
schools,schools:gis_osm_pois_a_free:1472885701:school,451082,intersects,matched_single
schools,schools:gis_osm_pois_a_free:1472885714:school,451082,intersects,matched_single
schools,schools:gis_osm_pois_a_free:1472885745:kindergarten,451082,intersects,matched_single
schools,schools:gis_osm_pois_a_free:1472885754:school,451082,intersects,matched_single
schools,schools:gis_osm_pois_a_free:1472885755:kindergarten,451082,intersects,matched_single
schools,schools:gis_osm_pois_a_free:1472949295:school,451082,intersects,matched_single
schools,schools:gis_osm_pois_a_free:1472949296:kindergarten,451082,intersects,matched_single
schools,schools:gis_osm_pois_a_free:1472949297:school,451082,intersects,matched_single
schools,schools:gis_osm_pois_a_free:1472949298:school,451082,intersects,matched_single
schools,schools:gis_osm_pois_a_free:1472949299:school,451082,intersects,matched_single
schools,schools:gis_osm_pois_a_free:1472949300:kindergarten,451082,intersects,matched_single
schools,schools:gis_osm_pois_a_free:1472949303:school,451082,intersects,matched_single
schools,schools:gis_osm_pois_a_free:1472949304:school,451082,intersects,matched_single
schools,schools:gis_osm_pois_a_free:1472949307:kindergarten,451082,intersects,matched_single
schools,schools:gis_osm_pois_a_free:1472949308:kindergarten,451082,intersects,matched_single
schools,schools:gis_osm_pois_a_free:1472949311:school,451082,intersects,matched_single
schools,schools:gis_osm_pois_a_free:1472949313:kindergarten,451082,intersects,matched_single
schools,schools:gis_osm_pois_a_free:1472949320:school,451082,intersects,matched_single
schools,schools:gis_osm_pois_a_free:1473488830:school,451002,intersects,matched_single
schools,schools:gis_osm_pois_a_free:1473802245:university,450326,intersects,matched_single
schools,schools:gis_osm_pois_a_free:1474029692:school,450326,intersects,matched_single
schools,schools:gis_osm_pois_a_free:1474311600:school,450105,intersects,matched_single
schools,schools:gis_osm_pois_a_free:1474908548:school,450326,intersects,matched_single
schools,schools:gis_osm_pois_a_free:1475444919:school,450303,intersects,matched_single
schools,schools:gis_osm_pois_a_free:1475464768:school,450302,intersects,matched_single
schools,schools:gis_osm_pois_a_free:1475464775:school,450303,intersects,matched_single
schools,schools:gis_osm_pois_a_free:1475999889:school,450304,intersects,matched_single
schools,schools:gis_osm_pois_a_free:1476011229:school,450323,intersects,matched_single
schools,schools:gis_osm_pois_a_free:1476015127:school,450323,intersects,matched_single
schools,schools:gis_osm_pois_a_free:1476015128:school,450323,intersects,matched_single
schools,schools:gis_osm_pois_a_free:1476015979:school,450323,intersects,matched_single
schools,schools:gis_osm_pois_a_free:1476020022:school,450305,intersects,matched_single
schools,schools:gis_osm_pois_a_free:1476702841:school,450312,intersects,matched_single
schools,schools:gis_osm_pois_a_free:1478738734:school,450703,intersects,matched_single
schools,schools:gis_osm_pois_a_free:1479956158:kindergarten,451122,intersects,matched_single
schools,schools:gis_osm_pois_a_free:1480654723:kindergarten,450103,intersects,matched_single
schools,schools:gis_osm_pois_a_free:1481705523:school,450902,intersects,matched_single
schools,schools:gis_osm_pois_a_free:1481705525:school,450902,intersects,matched_single
schools,schools:gis_osm_pois_a_free:1481734303:school,450902,intersects,matched_single
schools,schools:gis_osm_pois_a_free:1481761506:school,451202,intersects,matched_single
schools,schools:gis_osm_pois_a_free:1482102414:school,451202,intersects,matched_single
schools,schools:gis_osm_pois_a_free:1482107760:school,451103,intersects,matched_single
schools,schools:gis_osm_pois_a_free:1482529422:school,450103,intersects,matched_single
schools,schools:gis_osm_pois_a_free:1482897251:school,450721,intersects,matched_single
schools,schools:gis_osm_pois_a_free:1482897286:school,450721,intersects,matched_single
schools,schools:gis_osm_pois_a_free:1482897288:school,450721,intersects,matched_single
schools,schools:gis_osm_pois_a_free:1482897289:school,450721,intersects,matched_single
schools,schools:gis_osm_pois_a_free:1482897290:kindergarten,450721,intersects,matched_single
schools,schools:gis_osm_pois_a_free:1482897300:kindergarten,450721,intersects,matched_single
schools,schools:gis_osm_pois_a_free:1483319689:school,450326,intersects,matched_single
schools,schools:gis_osm_pois_a_free:1484014028:school,451102,intersects,matched_single
schools,schools:gis_osm_pois_a_free:1484014030:school,451103,intersects,matched_multiple
schools,schools:gis_osm_pois_a_free:1484014030:school,451102,intersects,matched_multiple
schools,schools:gis_osm_pois_a_free:1484014432:school,451103,intersects,matched_single
schools,schools:gis_osm_pois_a_free:1484014695:school,451102,intersects,matched_single
schools,schools:gis_osm_pois_a_free:1484015640:school,451102,intersects,matched_single
schools,schools:gis_osm_pois_a_free:1484015641:school,451102,intersects,matched_single
schools,schools:gis_osm_pois_a_free:1484017554:school,451103,intersects,matched_single
schools,schools:gis_osm_pois_a_free:1484017555:kindergarten,451103,intersects,matched_single
schools,schools:gis_osm_pois_a_free:1484017556:school,451103,intersects,matched_single
schools,schools:gis_osm_pois_a_free:1484055653:school,451102,intersects,matched_single
schools,schools:gis_osm_pois_a_free:1484055654:school,451102,intersects,matched_single
schools,schools:gis_osm_pois_a_free:1484055657:school,451102,intersects,matched_single
schools,schools:gis_osm_pois_a_free:1484055658:school,451102,intersects,matched_single
schools,schools:gis_osm_pois_a_free:1484055660:kindergarten,451102,intersects,matched_single
schools,schools:gis_osm_pois_a_free:1485170485:school,450311,intersects,matched_single
schools,schools:gis_osm_pois_a_free:1485599745:school,450311,intersects,matched_single
schools,schools:gis_osm_pois_a_free:1485663537:school,451423,intersects,matched_single
schools,schools:gis_osm_pois_a_free:1485989536:kindergarten,450102,intersects,matched_single
schools,schools:gis_osm_pois_a_free:1486331104:school,450108,intersects,matched_single
schools,schools:gis_osm_pois_a_free:1486442923:school,450204,intersects,matched_single
schools,schools:gis_osm_pois_a_free:1487482928:school,450305,intersects,matched_single
schools,schools:gis_osm_pois_a_free:1487569496:school,451423,intersects,matched_single
schools,schools:gis_osm_pois_a_free:1487595082:school,450821,intersects,matched_single
schools,schools:gis_osm_pois_a_free:1487595083:school,450821,intersects,matched_single
schools,schools:gis_osm_pois_a_free:1487732614:kindergarten,450103,intersects,matched_single
schools,schools:gis_osm_pois_a_free:1487732616:school,450103,intersects,matched_single
schools,schools:gis_osm_pois_a_free:1487732624:school,450103,intersects,matched_single
schools,schools:gis_osm_pois_a_free:1487732625:kindergarten,450103,intersects,matched_single
schools,schools:gis_osm_pois_a_free:1487732629:school,450103,intersects,matched_single
schools,schools:gis_osm_pois_a_free:1488521077:school,450328,intersects,matched_single
schools,schools:gis_osm_pois_a_free:1488521082:school,450328,intersects,matched_single
schools,schools:gis_osm_pois_a_free:1489357793:school,450312,intersects,matched_single
schools,schools:gis_osm_pois_a_free:1489744138:school,450422,intersects,matched_single
schools,schools:gis_osm_pois_a_free:1490005625:school,450312,intersects,matched_single
schools,schools:gis_osm_pois_a_free:1490005627:school,450312,intersects,matched_single
schools,schools:gis_osm_pois_a_free:1490008398:school,450312,intersects,matched_single
schools,schools:gis_osm_pois_a_free:1490412801:school,450312,intersects,matched_single
schools,schools:gis_osm_pois_a_free:1490415288:school,450312,intersects,matched_single
schools,schools:gis_osm_pois_a_free:1490417895:school,450327,intersects,matched_single
schools,schools:gis_osm_pois_a_free:1490418723:university,450108,intersects,matched_single
schools,schools:gis_osm_pois_a_free:1490422959:school,450327,intersects,matched_single
schools,schools:gis_osm_pois_a_free:1490422961:school,450327,intersects,matched_single
schools,schools:gis_osm_pois_a_free:1490429204:school,450327,intersects,matched_single
schools,schools:gis_osm_pois_a_free:1490460380:school,450312,intersects,matched_single
schools,schools:gis_osm_pois_a_free:1490879845:school,450325,intersects,matched_single
schools,schools:gis_osm_pois_a_free:1491026693:kindergarten,450109,intersects,matched_single
schools,schools:gis_osm_pois_a_free:1491026700:kindergarten,450109,intersects,matched_single
schools,schools:gis_osm_pois_a_free:1491147510:school,451002,intersects,matched_single
schools,schools:gis_osm_pois_a_free:1491736440:school,450323,intersects,matched_single
schools,schools:gis_osm_pois_a_free:1492098085:school,450323,intersects,matched_single
schools,schools:gis_osm_pois_a_free:1492101915:school,450323,intersects,matched_single
schools,schools:gis_osm_pois_a_free:1492461393:kindergarten,450105,intersects,matched_single
schools,schools:gis_osm_pois_a_free:1492461395:kindergarten,450105,intersects,matched_single
schools,schools:gis_osm_pois_a_free:1492461401:school,450105,intersects,matched_single
schools,schools:gis_osm_pois_a_free:1492461403:school,450105,intersects,matched_single
schools,schools:gis_osm_pois_a_free:1492461414:kindergarten,450105,intersects,matched_single
schools,schools:gis_osm_pois_a_free:1492982431:kindergarten,450109,intersects,matched_single
schools,schools:gis_osm_pois_a_free:1493538861:school,450312,intersects,matched_single
schools,schools:gis_osm_pois_a_free:1493538889:school,450312,intersects,matched_single
schools,schools:gis_osm_pois_a_free:1493545296:school,450312,intersects,matched_single
schools,schools:gis_osm_pois_a_free:1493808451:school,450108,intersects,matched_single
schools,schools:gis_osm_pois_a_free:1493808453:kindergarten,450108,intersects,matched_single
schools,schools:gis_osm_pois_a_free:1493808456:kindergarten,450108,intersects,matched_single
schools,schools:gis_osm_pois_a_free:1493808502:school,450108,intersects,matched_single
schools,schools:gis_osm_pois_a_free:1493808503:school,450108,intersects,matched_single
schools,schools:gis_osm_pois_a_free:1493808504:school,450108,intersects,matched_single
schools,schools:gis_osm_pois_a_free:1493808514:kindergarten,450108,intersects,matched_single
schools,schools:gis_osm_pois_a_free:1494894406:school,450321,intersects,matched_single
schools,schools:gis_osm_pois_a_free:1494894419:school,450321,intersects,matched_single
schools,schools:gis_osm_pois_a_free:1494927713:school,450321,intersects,matched_single
schools,schools:gis_osm_pois_a_free:1494927714:school,450321,intersects,matched_single
schools,schools:gis_osm_pois_a_free:1494945227:school,450305,intersects,matched_single
schools,schools:gis_osm_pois_a_free:1496075635:school,451227,intersects,matched_single
schools,schools:gis_osm_pois_a_free:1496576466:school,450881,intersects,matched_single
schools,schools:gis_osm_pois_a_free:1496576467:school,450881,intersects,matched_single
schools,schools:gis_osm_pois_a_free:1497250471:school,450312,intersects,matched_single
schools,schools:gis_osm_pois_a_free:1497393550:school,450681,intersects,matched_single
schools,schools:gis_osm_pois_a_free:1497393551:school,450681,intersects,matched_single
schools,schools:gis_osm_pois_a_free:1497661179:kindergarten,450602,intersects,matched_single
schools,schools:gis_osm_pois_a_free:1498693609:college,450603,intersects,matched_single
schools,schools:gis_osm_pois_a_free:1498949485:school,450312,intersects,matched_single
schools,schools:gis_osm_pois_a_free:1498949520:school,450312,intersects,matched_single
schools,schools:gis_osm_pois_a_free:1498977199:school,450328,intersects,matched_single
schools,schools:gis_osm_pois_a_free:1498977201:school,450328,intersects,matched_single
schools,schools:gis_osm_pois_a_free:1499488490:school,451122,intersects,matched_single
schools,schools:gis_osm_pois_a_free:1499544778:school,450881,intersects,matched_single
schools,schools:gis_osm_pois_a_free:1499787041:school,450312,intersects,matched_single
schools,schools:gis_osm_pois_a_free:1500792995:school,450107,intersects,matched_single
schools,schools:gis_osm_pois_a_free:1500793008:school,450107,intersects,matched_single
schools,schools:gis_osm_pois_a_free:1500793010:school,450107,intersects,matched_single
schools,schools:gis_osm_pois_a_free:1500793011:school,450107,intersects,matched_single
schools,schools:gis_osm_pois_a_free:1500793012:school,450107,intersects,matched_single
schools,schools:gis_osm_pois_a_free:1500793020:school,450107,intersects,matched_single
schools,schools:gis_osm_pois_a_free:1500793022:school,450107,intersects,matched_single
schools,schools:gis_osm_pois_a_free:1500793023:school,450107,intersects,matched_single
schools,schools:gis_osm_pois_a_free:1500793047:university,450107,intersects,matched_single
schools,schools:gis_osm_pois_a_free:1500793052:school,450107,intersects,matched_single
schools,schools:gis_osm_pois_a_free:1501286282:college,450107,intersects,matched_single
schools,schools:gis_osm_pois_a_free:1501286296:school,450107,intersects,matched_single
schools,schools:gis_osm_pois_a_free:1503839815:school,450923,intersects,matched_single
schools,schools:gis_osm_pois_a_free:1503839816:school,450923,intersects,matched_single
schools,schools:gis_osm_pois_a_free:1505412367:school,450332,intersects,matched_single
schools,schools:gis_osm_pois_a_free:1505412368:school,450332,intersects,matched_single
schools,schools:gis_osm_pois_a_free:1507406190:kindergarten,451122,intersects,matched_single
schools,schools:gis_osm_pois_a_free:1510293635:school,451122,intersects,matched_single
schools,schools:gis_osm_pois_a_free:20674451:school,450311,intersects,matched_single
schools,schools:gis_osm_pois_a_free:1513065672:school,451081,intersects,matched_single
schools,schools:gis_osm_pois_a_free:1513065673:school,451081,intersects,matched_single
schools,schools:gis_osm_pois_a_free:1513263072:kindergarten,450204,intersects,matched_single
schools,schools:gis_osm_pois_a_free:1513972718:school,450222,intersects,matched_single
schools,schools:gis_osm_pois_a_free:1514265471:school,450108,intersects,matched_single
schools,schools:gis_osm_pois_a_free:1515091248:school,451122,intersects,matched_single
schools,schools:gis_osm_pois_a_free:20733420:school,450312,intersects,matched_single
schools,schools:gis_osm_pois_a_free:20733421:school,450312,intersects,matched_single
schools,schools:gis_osm_pois_a_free:20733435:college,450312,intersects,matched_single
schools,schools:gis_osm_pois_a_free:20733436:university,450312,intersects,matched_single
schools,schools:gis_osm_pois_a_free:20733438:school,450312,intersects,matched_single
schools,schools:gis_osm_pois_a_free:1524324876:school,450203,intersects,matched_single
schools,schools:gis_osm_pois_a_free:1524344884:kindergarten,450103,intersects,matched_single
schools,schools:gis_osm_pois_a_free:1524344887:kindergarten,450103,intersects,matched_single
schools,schools:gis_osm_pois_a_free:1524344888:school,450103,intersects,matched_single
schools,schools:gis_osm_pois_a_free:20777402:school,450312,intersects,matched_single
schools,schools:gis_osm_pois_a_free:1524811403:school,450203,intersects,matched_single
schools,schools:gis_osm_pois_a_free:1525150548:school,450804,intersects,matched_single
schools,schools:gis_osm_pois_a_free:1526017813:school,450204,intersects,matched_single
schools,schools:gis_osm_pois_a_free:1526471203:kindergarten,450481,intersects,matched_single
schools,schools:gis_osm_pois_a_free:1527150632:school,450107,intersects,matched_single
schools,schools:gis_osm_pois_a_free:1527161836:school,450107,intersects,matched_single
schools,schools:gis_osm_pois_a_free:1527161837:school,450107,intersects,matched_single
schools,schools:gis_osm_pois_a_free:1527170895:school,450103,intersects,matched_single
schools,schools:gis_osm_pois_a_free:8552605:university,450305,intersects,matched_single
schools,schools:gis_osm_pois_a_free:1527839473:school,450125,intersects,matched_single
schools,schools:gis_osm_pois_a_free:1527839530:school,450125,intersects,matched_single
schools,schools:gis_osm_pois_a_free:20987922:school,450312,intersects,matched_single
schools,schools:gis_osm_pois_a_free:20987923:school,450312,intersects,matched_single
schools,schools:gis_osm_pois_a_free:20998236:university,450107,intersects,matched_single
schools,schools:gis_osm_pois_a_free:20998237:college,450107,intersects,matched_single
schools,schools:gis_osm_pois_a_free:20998238:college,450107,intersects,matched_single
schools,schools:gis_osm_pois_a_free:1530799731:school,451229,intersects,matched_single
schools,schools:gis_osm_pois_a_free:1530799751:school,451229,intersects,matched_single
schools,schools:gis_osm_pois_a_free:1531061124:school,450105,intersects,matched_single
schools,schools:gis_osm_pois_a_free:1531061125:school,450105,intersects,matched_single
schools,schools:gis_osm_pois_a_free:1531061129:school,450105,intersects,matched_single
schools,schools:gis_osm_pois_a_free:1531061131:kindergarten,450105,intersects,matched_single
schools,schools:gis_osm_pois_a_free:1531061137:school,450105,intersects,matched_single
schools,schools:gis_osm_pois_a_free:1531061138:kindergarten,450105,intersects,matched_single
schools,schools:gis_osm_pois_a_free:1531175053:school,450105,intersects,matched_single
schools,schools:gis_osm_pois_a_free:1531175055:school,450105,intersects,matched_single
schools,schools:gis_osm_pois_a_free:1531175059:kindergarten,450105,intersects,matched_single
schools,schools:gis_osm_pois_a_free:1531175061:kindergarten,450105,intersects,matched_single
schools,schools:gis_osm_pois_a_free:1531175062:school,450105,intersects,matched_single
schools,schools:gis_osm_pois_a_free:1531318258:school,450302,intersects,matched_single
schools,schools:gis_osm_pois_a_free:1531442649:kindergarten,450105,intersects,matched_single
schools,schools:gis_osm_pois_a_free:1531442658:college,450105,intersects,matched_single
schools,schools:gis_osm_pois_a_free:1531721001:school,451082,intersects,matched_single
schools,schools:gis_osm_pois_a_free:1531722313:school,450110,intersects,matched_single
schools,schools:gis_osm_pois_a_free:1531723067:school,450110,intersects,matched_single
schools,schools:gis_osm_pois_a_free:1531723068:school,450110,intersects,matched_single
schools,schools:gis_osm_pois_a_free:20953738:university,450311,intersects,matched_single
schools,schools:gis_osm_pois_a_free:20952734:university,450311,intersects,matched_single
schools,schools:gis_osm_pois_a_free:21036190:university,450311,intersects,matched_single
schools,schools:gis_osm_pois_a_free:1533449506:school,450326,intersects,matched_single
schools,schools:gis_osm_pois_a_free:1533531194:school,450721,intersects,matched_single
schools,schools:gis_osm_pois_a_free:21050256:school,450302,intersects,matched_single
schools,schools:gis_osm_pois_a_free:1534194818:school,450311,intersects,matched_single
schools,schools:gis_osm_pois_a_free:1534199983:school,450324,intersects,matched_single
schools,schools:gis_osm_pois_a_free:1534437280:school,450326,intersects,matched_single
schools,schools:gis_osm_pois_a_free:1534437281:school,450326,intersects,matched_single
schools,schools:gis_osm_pois_a_free:1534439700:school,450326,intersects,matched_single
schools,schools:gis_osm_pois_a_free:1534454044:school,450325,intersects,matched_single
schools,schools:gis_osm_pois_a_free:1534892581:school,451122,intersects,matched_single
schools,schools:gis_osm_pois_a_free:1534892590:school,451122,intersects,matched_single
schools,schools:gis_osm_pois_a_free:1534892591:school,451122,intersects,matched_single
schools,schools:gis_osm_pois_a_free:1534892592:school,451122,intersects,matched_single
schools,schools:gis_osm_pois_a_free:1534892593:school,451122,intersects,matched_single
schools,schools:gis_osm_pois_a_free:1534892596:school,451122,intersects,matched_single
schools,schools:gis_osm_pois_a_free:1535478915:school,450108,intersects,matched_single
schools,schools:gis_osm_pois_a_free:1537397578:school,451203,intersects,matched_single
schools,schools:gis_osm_pois_a_free:1537473078:school,450327,intersects,matched_single
schools,schools:gis_osm_pois_a_free:21102625:school,450312,intersects,matched_single
schools,schools:gis_osm_pois_a_free:21102624:school,450312,intersects,matched_single
schools,schools:gis_osm_pois_a_free:21102626:school,450312,intersects,matched_single
schools,schools:gis_osm_pois_a_free:21103506:school,450312,intersects,matched_single
schools,schools:gis_osm_pois_a_free:1539639443:school,450802,intersects,matched_single
schools,schools:gis_osm_pois_a_free:1539639444:school,450802,intersects,matched_single
schools,schools:gis_osm_pois_a_free:1539639445:school,450802,intersects,matched_single
schools,schools:gis_osm_pois_a_free:1539639446:school,450804,intersects,matched_multiple
schools,schools:gis_osm_pois_a_free:1539639446:school,450802,intersects,matched_multiple
schools,schools:gis_osm_pois_a_free:1539639447:school,450804,intersects,matched_single
schools,schools:gis_osm_pois_a_free:1539706332:school,450312,intersects,matched_single
schools,schools:gis_osm_pois_a_free:1539716391:school,450205,intersects,matched_single
schools,schools:gis_osm_pois_a_free:21113239:school,450312,intersects,matched_single
schools,schools:gis_osm_pois_a_free:21113241:school,450312,intersects,matched_single
schools,schools:gis_osm_pois_a_free:21113586:school,450312,intersects,matched_single
schools,schools:gis_osm_pois_a_free:1540671792:school,450702,intersects,matched_single
schools,schools:gis_osm_pois_a_free:1540702388:school,450703,intersects,matched_single
schools,schools:gis_osm_pois_a_free:1540702389:school,450703,intersects,matched_single
schools,schools:gis_osm_pois_a_free:1540715360:school,450722,intersects,matched_single
schools,schools:gis_osm_pois_a_free:1540715361:school,450722,intersects,matched_single
schools,schools:gis_osm_pois_a_free:1540715368:school,450722,intersects,matched_single
schools,schools:gis_osm_pois_a_free:1540715369:school,450722,intersects,matched_single
schools,schools:gis_osm_pois_a_free:1540715376:school,450722,intersects,matched_single
schools,schools:gis_osm_pois_a_free:1540715410:school,450722,intersects,matched_single
schools,schools:gis_osm_pois_a_free:1541181558:college,450503,intersects,matched_single
schools,schools:gis_osm_pois_a_free:21124590:school,450312,intersects,matched_multiple
schools,schools:gis_osm_pois_a_free:21124590:school,450323,intersects,matched_multiple
schools,schools:gis_osm_pois_a_free:21131967:school,450312,intersects,matched_single
schools,schools:gis_osm_pois_a_free:1543929675:school,451203,intersects,matched_single
schools,schools:gis_osm_pois_a_free:1543944850:school,450403,intersects,matched_single
schools,schools:gis_osm_pois_a_free:1544088489:school,450110,intersects,matched_single
schools,schools:gis_osm_pois_a_free:1544186686:school,451082,intersects,matched_single
