source_layer,source_fid,osm_id,fclass,record_id,source_crs,district_code,data_source,data_type,dedup_status,dedup_reason,facility_name,facility_type,facility_subtype,longitude,latitude,source_record_id,record_id_origin,boundary_version,boundary_status,code_validation_status,province,city,district,geometry
gis_osm_pois_free,<NA>,2035970984,hospital,hospitals:gis_osm_pois_free:2035970984:hospital,OGC:CRS84,450502,OpenStreetMap,real,kept,<NA>,北海军人复退医院,medical,hospital,109.1375016,21.4850939,,derived_from_source_layer_osm_id_fclass,smartbidata_task06_20260810,team_shared,team_shared_source,广西壮族自治区,北海市,海城区,POINT (109.137502 21.485094)
gis_osm_pois_free,<NA>,2035971000,hospital,hospitals:gis_osm_pois_free:2035971000:hospital,OGC:CRS84,450502,OpenStreetMap,real,kept,<NA>,第四人民医院,medical,hospital,109.1336346,21.4850328,,derived_from_source_layer_osm_id_fclass,smartbidata_task06_20260810,team_shared,team_shared_source,广西壮族自治区,北海市,海城区,POINT (109.133635 21.485033)
gis_osm_pois_free,<NA>,2036005502,hospital,hospitals:gis_osm_pois_free:2036005502:hospital,OGC:CRS84,450503,OpenStreetMap,real,kept,<NA>,侨港医院,medical,hospital,109.1229209,21.4260594,,derived_from_source_layer_osm_id_fclass,smartbidata_task06_20260810,team_shared,team_shared_source,广西壮族自治区,北海市,银海区,POINT (109.122921 21.426059)
gis_osm_pois_free,<NA>,2699872477,hospital,hospitals:gis_osm_pois_free:2699872477:hospital,OGC:CRS84,450304,OpenStreetMap,real,kept,<NA>,桂林长虹医院,medical,hospital,110.2839355,25.2087657,,derived_from_source_layer_osm_id_fclass,smartbidata_task06_20260810,team_shared,team_shared_source,广西壮族自治区,桂林市,象山区,POINT (110.283936 25.208766)
gis_osm_pois_free,<NA>,2712403419,hospital,hospitals:gis_osm_pois_free:2712403419:hospital,OGC:CRS84,450303,OpenStreetMap,real,kept,<NA>,桂林市妇女儿童医院,medical,hospital,110.293712,25.2916377,,derived_from_source_layer_osm_id_fclass,smartbidata_task06_20260810,team_shared,team_shared_source,广西壮族自治区,桂林市,叠彩区,POINT (110.293712 25.291638)
gis_osm_pois_free,<NA>,2870565616,hospital,hospitals:gis_osm_pois_free:2870565616:hospital,OGC:CRS84,450321,OpenStreetMap,real,kept,<NA>,富康医院,medical,hospital,110.4788227,24.7755786,,derived_from_source_layer_osm_id_fclass,smartbidata_task06_20260810,team_shared,team_shared_source,广西壮族自治区,桂林市,阳朔县,POINT (110.478823 24.775579)
gis_osm_pois_free,<NA>,3676346813,hospital,hospitals:gis_osm_pois_free:3676346813:hospital,OGC:CRS84,450328,OpenStreetMap,real,kept,<NA>,谢氏牙科,medical,hospital,110.0048485,25.7986028,,derived_from_source_layer_osm_id_fclass,smartbidata_task06_20260810,team_shared,team_shared_source,广西壮族自治区,桂林市,龙胜各族自治县,POINT (110.004848 25.798603)
gis_osm_pois_free,<NA>,4467967089,hospital,hospitals:gis_osm_pois_free:4467967089:hospital,OGC:CRS84,450102,OpenStreetMap,real,kept,<NA>,南宁市中医医院,medical,hospital,108.3135077,22.8180965,,derived_from_source_layer_osm_id_fclass,smartbidata_task06_20260810,team_shared,team_shared_source,广西壮族自治区,南宁市,兴宁区,POINT (108.313508 22.818096)
gis_osm_pois_free,<NA>,4772061321,hospital,hospitals:gis_osm_pois_free:4772061321:hospital,OGC:CRS84,451322,OpenStreetMap,real,kept,<NA>,妙皇卫生院,medical,hospital,109.7599533,23.8653927,,derived_from_source_layer_osm_id_fclass,smartbidata_task06_20260810,team_shared,team_shared_source,广西壮族自治区,来宾市,象州县,POINT (109.759953 23.865393)
gis_osm_pois_free,<NA>,5023341505,hospital,hospitals:gis_osm_pois_free:5023341505:hospital,OGC:CRS84,451202,OpenStreetMap,real,kept,<NA>,河池市第三人民医院,medical,hospital,108.0596189,24.6980996,,derived_from_source_layer_osm_id_fclass,smartbidata_task06_20260810,team_shared,team_shared_source,广西壮族自治区,河池市,金城江区,POINT (108.059619 24.6981)
gis_osm_pois_free,<NA>,5024728372,hospital,hospitals:gis_osm_pois_free:5024728372:hospital,OGC:CRS84,451225,OpenStreetMap,real,kept,<NA>,罗城仫佬族自治县人民医院,medical,hospital,108.9060836,24.7841332,,derived_from_source_layer_osm_id_fclass,smartbidata_task06_20260810,team_shared,team_shared_source,广西壮族自治区,河池市,罗城仫佬族自治县,POINT (108.906084 24.784133)
gis_osm_pois_free,<NA>,5839856662,clinic,hospitals:gis_osm_pois_free:5839856662:clinic,OGC:CRS84,450503,OpenStreetMap,real,kept,<NA>,医务室,medical,clinic,109.1718523,21.4525156,,derived_from_source_layer_osm_id_fclass,smartbidata_task06_20260810,team_shared,team_shared_source,广西壮族自治区,北海市,银海区,POINT (109.171852 21.452516)
gis_osm_pois_free,<NA>,5942647044,hospital,hospitals:gis_osm_pois_free:5942647044:hospital,OGC:CRS84,450502,OpenStreetMap,real,kept,<NA>,北海市中医院,medical,hospital,109.1071382,21.4825343,,derived_from_source_layer_osm_id_fclass,smartbidata_task06_20260810,team_shared,team_shared_source,广西壮族自治区,北海市,海城区,POINT (109.107138 21.482534)
gis_osm_pois_free,<NA>,6142406603,clinic,hospitals:gis_osm_pois_free:6142406603:clinic,OGC:CRS84,450305,OpenStreetMap,real,kept,<NA>,,medical,clinic,110.320211,25.2820017,,derived_from_source_layer_osm_id_fclass,smartbidata_task06_20260810,team_shared,team_shared_source,广西壮族自治区,桂林市,七星区,POINT (110.320211 25.282002)
gis_osm_pois_free,<NA>,6343005767,clinic,hospitals:gis_osm_pois_free:6343005767:clinic,OGC:CRS84,450103,OpenStreetMap,real,kept,<NA>,,medical,clinic,108.3323877,22.8190549,,derived_from_source_layer_osm_id_fclass,smartbidata_task06_20260810,team_shared,team_shared_source,广西壮族自治区,南宁市,青秀区,POINT (108.332388 22.819055)
gis_osm_pois_free,<NA>,6343012100,clinic,hospitals:gis_osm_pois_free:6343012100:clinic,OGC:CRS84,450102,OpenStreetMap,real,kept,<NA>,Xing ning qu yun de community health service,medical,clinic,108.3186142,22.8274104,,derived_from_source_layer_osm_id_fclass,smartbidata_task06_20260810,team_shared,team_shared_source,广西壮族自治区,南宁市,兴宁区,POINT (108.318614 22.82741)
gis_osm_pois_free,<NA>,6343012130,hospital,hospitals:gis_osm_pois_free:6343012130:hospital,OGC:CRS84,450102,OpenStreetMap,real,kept,<NA>,,medical,hospital,108.3163487,22.8290694,,derived_from_source_layer_osm_id_fclass,smartbidata_task06_20260810,team_shared,team_shared_source,广西壮族自治区,南宁市,兴宁区,POINT (108.316349 22.829069)
gis_osm_pois_free,<NA>,6343012152,clinic,hospitals:gis_osm_pois_free:6343012152:clinic,OGC:CRS84,450102,OpenStreetMap,real,kept,<NA>,,medical,clinic,108.3588643,22.8585074,,derived_from_source_layer_osm_id_fclass,smartbidata_task06_20260810,team_shared,team_shared_source,广西壮族自治区,南宁市,兴宁区,POINT (108.358864 22.858507)
gis_osm_pois_free,<NA>,6343012179,hospital,hospitals:gis_osm_pois_free:6343012179:hospital,OGC:CRS84,450103,OpenStreetMap,real,kept,<NA>,,medical,hospital,108.359381,22.7979819,,derived_from_source_layer_osm_id_fclass,smartbidata_task06_20260810,team_shared,team_shared_source,广西壮族自治区,南宁市,青秀区,POINT (108.359381 22.797982)
gis_osm_pois_free,<NA>,6343012183,hospital,hospitals:gis_osm_pois_free:6343012183:hospital,OGC:CRS84,450103,OpenStreetMap,real,kept,<NA>,,medical,hospital,108.3430892,22.8107231,,derived_from_source_layer_osm_id_fclass,smartbidata_task06_20260810,team_shared,team_shared_source,广西壮族自治区,南宁市,青秀区,POINT (108.343089 22.810723)
gis_osm_pois_free,<NA>,6343013923,clinic,hospitals:gis_osm_pois_free:6343013923:clinic,OGC:CRS84,450102,OpenStreetMap,real,kept,<NA>,,medical,clinic,108.3588106,22.8586782,,derived_from_source_layer_osm_id_fclass,smartbidata_task06_20260810,team_shared,team_shared_source,广西壮族自治区,南宁市,兴宁区,POINT (108.358811 22.858678)
gis_osm_pois_free,<NA>,6343023798,clinic,hospitals:gis_osm_pois_free:6343023798:clinic,OGC:CRS84,450103,OpenStreetMap,real,kept,<NA>,,medical,clinic,108.3348972,22.8257669,,derived_from_source_layer_osm_id_fclass,smartbidata_task06_20260810,team_shared,team_shared_source,广西壮族自治区,南宁市,青秀区,POINT (108.334897 22.825767)
gis_osm_pois_free,<NA>,6343026432,clinic,hospitals:gis_osm_pois_free:6343026432:clinic,OGC:CRS84,450107,OpenStreetMap,real,kept,<NA>,,medical,clinic,108.3168062,22.8341075,,derived_from_source_layer_osm_id_fclass,smartbidata_task06_20260810,team_shared,team_shared_source,广西壮族自治区,南宁市,西乡塘区,POINT (108.316806 22.834108)
gis_osm_pois_free,<NA>,6343047092,doctors,hospitals:gis_osm_pois_free:6343047092:doctors,OGC:CRS84,450102,OpenStreetMap,real,kept,<NA>,,medical,doctors,108.3547077,22.8591314,,derived_from_source_layer_osm_id_fclass,smartbidata_task06_20260810,team_shared,team_shared_source,广西壮族自治区,南宁市,兴宁区,POINT (108.354708 22.859131)
gis_osm_pois_free,<NA>,6370078028,hospital,hospitals:gis_osm_pois_free:6370078028:hospital,OGC:CRS84,451002,OpenStreetMap,real,kept,<NA>,爱尔眼科医院,medical,hospital,106.6499903,23.8811678,,derived_from_source_layer_osm_id_fclass,smartbidata_task06_20260810,team_shared,team_shared_source,广西壮族自治区,百色市,右江区,POINT (106.64999 23.881168)
gis_osm_pois_free,<NA>,6514755686,hospital,hospitals:gis_osm_pois_free:6514755686:hospital,OGC:CRS84,450321,OpenStreetMap,real,kept,<NA>,阳朔县妇幼保健院,medical,hospital,110.4802938,24.7767296,,derived_from_source_layer_osm_id_fclass,smartbidata_task06_20260810,team_shared,team_shared_source,广西壮族自治区,桂林市,阳朔县,POINT (110.480294 24.77673)
gis_osm_pois_free,<NA>,6656306055,clinic,hospitals:gis_osm_pois_free:6656306055:clinic,OGC:CRS84,450323,OpenStreetMap,real,kept,<NA>,,medical,clinic,110.4268571,25.1487665,,derived_from_source_layer_osm_id_fclass,smartbidata_task06_20260810,team_shared,team_shared_source,广西壮族自治区,桂林市,灵川县,POINT (110.426857 25.148766)
gis_osm_pois_free,<NA>,6712309252,hospital,hospitals:gis_osm_pois_free:6712309252:hospital,OGC:CRS84,450521,OpenStreetMap,real,kept,<NA>,合浦县中医院,medical,hospital,109.1948731,21.6709196,,derived_from_source_layer_osm_id_fclass,smartbidata_task06_20260810,team_shared,team_shared_source,广西壮族自治区,北海市,合浦县,POINT (109.194873 21.67092)
gis_osm_pois_free,<NA>,6712309253,hospital,hospitals:gis_osm_pois_free:6712309253:hospital,OGC:CRS84,450521,OpenStreetMap,real,kept,<NA>,合浦红十字会医院,medical,hospital,109.1935756,21.6612521,,derived_from_source_layer_osm_id_fclass,smartbidata_task06_20260810,team_shared,team_shared_source,广西壮族自治区,北海市,合浦县,POINT (109.193576 21.661252)
gis_osm_pois_free,<NA>,8074021417,hospital,hospitals:gis_osm_pois_free:8074021417:hospital,OGC:CRS84,451029,OpenStreetMap,real,kept,<NA>,乐里镇卫生院,medical,hospital,106.2293448,24.2934383,,derived_from_source_layer_osm_id_fclass,smartbidata_task06_20260810,team_shared,team_shared_source,广西壮族自治区,百色市,田林县,POINT (106.229345 24.293438)
gis_osm_pois_free,<NA>,8403183905,clinic,hospitals:gis_osm_pois_free:8403183905:clinic,OGC:CRS84,450702,OpenStreetMap,real,kept,<NA>,向阳社区卫生服务中心,medical,clinic,108.6259202,21.9699109,,derived_from_source_layer_osm_id_fclass,smartbidata_task06_20260810,team_shared,team_shared_source,广西壮族自治区,钦州市,钦南区,POINT (108.62592 21.969911)
gis_osm_pois_free,<NA>,8582540779,hospital,hospitals:gis_osm_pois_free:8582540779:hospital,OGC:CRS84,450703,OpenStreetMap,real,kept,<NA>,钦州市第三人民医院,medical,hospital,108.6101591,21.9873243,,derived_from_source_layer_osm_id_fclass,smartbidata_task06_20260810,team_shared,team_shared_source,广西壮族自治区,钦州市,钦北区,POINT (108.610159 21.987324)
gis_osm_pois_free,<NA>,8818045136,hospital,hospitals:gis_osm_pois_free:8818045136:hospital,OGC:CRS84,450203,OpenStreetMap,real,kept,<NA>,柳州市康复医院,medical,hospital,109.450661,24.29161,,derived_from_source_layer_osm_id_fclass,smartbidata_task06_20260810,team_shared,team_shared_source,广西壮族自治区,柳州市,鱼峰区,POINT (109.450661 24.29161)
gis_osm_pois_free,<NA>,9258759628,hospital,hospitals:gis_osm_pois_free:9258759628:hospital,OGC:CRS84,450602,OpenStreetMap,real,kept,<NA>,企沙中心卫生院,medical,hospital,108.4705281,21.5780336,,derived_from_source_layer_osm_id_fclass,smartbidata_task06_20260810,team_shared,team_shared_source,广西壮族自治区,防城港市,港口区,POINT (108.470528 21.578034)
gis_osm_pois_free,<NA>,9266288514,hospital,hospitals:gis_osm_pois_free:9266288514:hospital,OGC:CRS84,450109,OpenStreetMap,real,kept,<NA>,蒲津社区卫生服务中心,medical,hospital,108.4903354,22.7463065,,derived_from_source_layer_osm_id_fclass,smartbidata_task06_20260810,team_shared,team_shared_source,广西壮族自治区,南宁市,邕宁区,POINT (108.490335 22.746306)
gis_osm_pois_free,<NA>,9269206548,hospital,hospitals:gis_osm_pois_free:9269206548:hospital,OGC:CRS84,450109,OpenStreetMap,real,kept,<NA>,新兴社区卫生服务中心,medical,hospital,108.4864996,22.7572975,,derived_from_source_layer_osm_id_fclass,smartbidata_task06_20260810,team_shared,team_shared_source,广西壮族自治区,南宁市,邕宁区,POINT (108.4865 22.757298)
gis_osm_pois_free,<NA>,9289777258,hospital,hospitals:gis_osm_pois_free:9289777258:hospital,OGC:CRS84,450108,OpenStreetMap,real,kept,<NA>,良庆镇卫生院,medical,hospital,108.4107608,22.749921,,derived_from_source_layer_osm_id_fclass,smartbidata_task06_20260810,team_shared,team_shared_source,广西壮族自治区,南宁市,良庆区,POINT (108.410761 22.749921)
gis_osm_pois_free,<NA>,9322711107,hospital,hospitals:gis_osm_pois_free:9322711107:hospital,OGC:CRS84,450109,OpenStreetMap,real,kept,<NA>,银龙社区卫生服务中心,medical,hospital,108.4530137,22.7566083,,derived_from_source_layer_osm_id_fclass,smartbidata_task06_20260810,team_shared,team_shared_source,广西壮族自治区,南宁市,邕宁区,POINT (108.453014 22.756608)
gis_osm_pois_free,<NA>,9333389181,hospital,hospitals:gis_osm_pois_free:9333389181:hospital,OGC:CRS84,450107,OpenStreetMap,real,kept,<NA>,广西中医药大学第一附属医院（仁爱分院）,medical,hospital,108.3137619,22.8451701,,derived_from_source_layer_osm_id_fclass,smartbidata_task06_20260810,team_shared,team_shared_source,广西壮族自治区,南宁市,西乡塘区,POINT (108.313762 22.84517)
gis_osm_pois_free,<NA>,9363978729,hospital,hospitals:gis_osm_pois_free:9363978729:hospital,OGC:CRS84,450108,OpenStreetMap,real,kept,<NA>,南宁市第二人民医院良庆医院,medical,hospital,108.3420342,22.7343309,,derived_from_source_layer_osm_id_fclass,smartbidata_task06_20260810,team_shared,team_shared_source,广西壮族自治区,南宁市,良庆区,POINT (108.342034 22.734331)
gis_osm_pois_free,<NA>,9433494284,hospital,hospitals:gis_osm_pois_free:9433494284:hospital,OGC:CRS84,450105,OpenStreetMap,real,kept,<NA>,石柱岭社区卫生服务中心,medical,hospital,108.3013049,22.7876313,,derived_from_source_layer_osm_id_fclass,smartbidata_task06_20260810,team_shared,team_shared_source,广西壮族自治区,南宁市,江南区,POINT (108.301305 22.787631)
gis_osm_pois_free,<NA>,9495208695,hospital,hospitals:gis_osm_pois_free:9495208695:hospital,OGC:CRS84,450603,OpenStreetMap,real,kept,<NA>,水营社区卫生服务中心,medical,hospital,108.338433,21.745305,,derived_from_source_layer_osm_id_fclass,smartbidata_task06_20260810,team_shared,team_shared_source,广西壮族自治区,防城港市,防城区,POINT (108.338433 21.745305)
gis_osm_pois_free,<NA>,9502196549,clinic,hospitals:gis_osm_pois_free:9502196549:clinic,OGC:CRS84,450603,OpenStreetMap,real,kept,<NA>,沙埠村卫生所,medical,clinic,108.3564135,21.7544041,,derived_from_source_layer_osm_id_fclass,smartbidata_task06_20260810,team_shared,team_shared_source,广西壮族自治区,防城港市,防城区,POINT (108.356414 21.754404)
gis_osm_pois_free,<NA>,9632501240,clinic,hospitals:gis_osm_pois_free:9632501240:clinic,OGC:CRS84,450603,OpenStreetMap,real,kept,<NA>,冲仑村卫生所,medical,clinic,108.3909068,21.7920148,,derived_from_source_layer_osm_id_fclass,smartbidata_task06_20260810,team_shared,team_shared_source,广西壮族自治区,防城港市,防城区,POINT (108.390907 21.792015)
gis_osm_pois_free,<NA>,9668231803,hospital,hospitals:gis_osm_pois_free:9668231803:hospital,OGC:CRS84,450602,OpenStreetMap,real,kept,<NA>,防城港海康医院,medical,hospital,108.3598095,21.6582556,,derived_from_source_layer_osm_id_fclass,smartbidata_task06_20260810,team_shared,team_shared_source,广西壮族自治区,防城港市,港口区,POINT (108.35981 21.658256)
gis_osm_pois_free,<NA>,9687527538,hospital,hospitals:gis_osm_pois_free:9687527538:hospital,OGC:CRS84,450102,OpenStreetMap,real,kept,<NA>,南宁市兴宁区第二人民医院,medical,hospital,108.4140607,22.8798167,,derived_from_source_layer_osm_id_fclass,smartbidata_task06_20260810,team_shared,team_shared_source,广西壮族自治区,南宁市,兴宁区,POINT (108.414061 22.879817)
gis_osm_pois_free,<NA>,9754152525,clinic,hospitals:gis_osm_pois_free:9754152525:clinic,OGC:CRS84,450312,OpenStreetMap,real,kept,<NA>,,medical,clinic,110.1468124,25.221267,,derived_from_source_layer_osm_id_fclass,smartbidata_task06_20260810,team_shared,team_shared_source,广西壮族自治区,桂林市,临桂区,POINT (110.146812 25.221267)
gis_osm_pois_free,<NA>,9882816179,hospital,hospitals:gis_osm_pois_free:9882816179:hospital,OGC:CRS84,450921,OpenStreetMap,real,kept,<NA>,容县杨村镇卫生院,medical,hospital,110.7877277,22.6007658,,derived_from_source_layer_osm_id_fclass,smartbidata_task06_20260810,team_shared,team_shared_source,广西壮族自治区,玉林市,容县,POINT (110.787728 22.600766)
gis_osm_pois_free,<NA>,10584020531,clinic,hospitals:gis_osm_pois_free:10584020531:clinic,OGC:CRS84,451081,OpenStreetMap,real,kept,<NA>,靖西市康而乐诊所,medical,clinic,106.4205994,23.1395211,,derived_from_source_layer_osm_id_fclass,smartbidata_task06_20260810,team_shared,team_shared_source,广西壮族自治区,百色市,靖西市,POINT (106.420599 23.139521)
gis_osm_pois_free,<NA>,10694815583,clinic,hospitals:gis_osm_pois_free:10694815583:clinic,OGC:CRS84,451081,OpenStreetMap,real,kept,<NA>,康宁诊所,medical,clinic,106.4175323,23.1366974,,derived_from_source_layer_osm_id_fclass,smartbidata_task06_20260810,team_shared,team_shared_source,广西壮族自治区,百色市,靖西市,POINT (106.417532 23.136697)
gis_osm_pois_free,<NA>,10706993620,clinic,hospitals:gis_osm_pois_free:10706993620:clinic,OGC:CRS84,451081,OpenStreetMap,real,kept,<NA>,瑞成康诊所,medical,clinic,106.412964,23.1399913,,derived_from_source_layer_osm_id_fclass,smartbidata_task06_20260810,team_shared,team_shared_source,广西壮族自治区,百色市,靖西市,POINT (106.412964 23.139991)
gis_osm_pois_free,<NA>,10711392089,clinic,hospitals:gis_osm_pois_free:10711392089:clinic,OGC:CRS84,451081,OpenStreetMap,real,kept,<NA>,天之目眼科诊所,medical,clinic,106.4127106,23.1397897,,derived_from_source_layer_osm_id_fclass,smartbidata_task06_20260810,team_shared,team_shared_source,广西壮族自治区,百色市,靖西市,POINT (106.412711 23.13979)
gis_osm_pois_free,<NA>,10738897288,clinic,hospitals:gis_osm_pois_free:10738897288:clinic,OGC:CRS84,451081,OpenStreetMap,real,kept,<NA>,东方诊所,medical,clinic,106.4107681,23.1416519,,derived_from_source_layer_osm_id_fclass,smartbidata_task06_20260810,team_shared,team_shared_source,广西壮族自治区,百色市,靖西市,POINT (106.410768 23.141652)
gis_osm_pois_free,<NA>,10740506268,clinic,hospitals:gis_osm_pois_free:10740506268:clinic,OGC:CRS84,451081,OpenStreetMap,real,kept,<NA>,平民诊所,medical,clinic,106.4077612,23.1427436,,derived_from_source_layer_osm_id_fclass,smartbidata_task06_20260810,team_shared,team_shared_source,广西壮族自治区,百色市,靖西市,POINT (106.407761 23.142744)
gis_osm_pois_free,<NA>,10760925758,hospital,hospitals:gis_osm_pois_free:10760925758:hospital,OGC:CRS84,451029,OpenStreetMap,real,kept,<NA>,弄瓦卫生院,medical,hospital,105.9723273,24.1535861,,derived_from_source_layer_osm_id_fclass,smartbidata_task06_20260810,team_shared,team_shared_source,广西壮族自治区,百色市,田林县,POINT (105.972327 24.153586)
gis_osm_pois_free,<NA>,10763735489,clinic,hospitals:gis_osm_pois_free:10763735489:clinic,OGC:CRS84,451081,OpenStreetMap,real,kept,<NA>,新康健皮肤病诊所,medical,clinic,106.4046078,23.1508474,,derived_from_source_layer_osm_id_fclass,smartbidata_task06_20260810,team_shared,team_shared_source,广西壮族自治区,百色市,靖西市,POINT (106.404608 23.150847)
gis_osm_pois_free,<NA>,10773452348,clinic,hospitals:gis_osm_pois_free:10773452348:clinic,OGC:CRS84,451081,OpenStreetMap,real,kept,<NA>,康民诊所,medical,clinic,106.4078119,23.1394984,,derived_from_source_layer_osm_id_fclass,smartbidata_task06_20260810,team_shared,team_shared_source,广西壮族自治区,百色市,靖西市,POINT (106.407812 23.139498)
gis_osm_pois_free,<NA>,10779664563,clinic,hospitals:gis_osm_pois_free:10779664563:clinic,OGC:CRS84,451081,OpenStreetMap,real,kept,<NA>,瑞成康诊所,medical,clinic,106.4103923,23.1390296,,derived_from_source_layer_osm_id_fclass,smartbidata_task06_20260810,team_shared,team_shared_source,广西壮族自治区,百色市,靖西市,POINT (106.410392 23.13903)
gis_osm_pois_free,<NA>,10794657410,clinic,hospitals:gis_osm_pois_free:10794657410:clinic,OGC:CRS84,451081,OpenStreetMap,real,kept,<NA>,康达诊所,medical,clinic,106.4128722,23.1350762,,derived_from_source_layer_osm_id_fclass,smartbidata_task06_20260810,team_shared,team_shared_source,广西壮族自治区,百色市,靖西市,POINT (106.412872 23.135076)
gis_osm_pois_free,<NA>,10811334309,clinic,hospitals:gis_osm_pois_free:10811334309:clinic,OGC:CRS84,451081,OpenStreetMap,real,kept,<NA>,德政诊所,medical,clinic,106.4108566,23.1345609,,derived_from_source_layer_osm_id_fclass,smartbidata_task06_20260810,team_shared,team_shared_source,广西壮族自治区,百色市,靖西市,POINT (106.410857 23.134561)
gis_osm_pois_free,<NA>,10816397753,clinic,hospitals:gis_osm_pois_free:10816397753:clinic,OGC:CRS84,451081,OpenStreetMap,real,kept,<NA>,恒雅诊所,medical,clinic,106.4137406,23.1318392,,derived_from_source_layer_osm_id_fclass,smartbidata_task06_20260810,team_shared,team_shared_source,广西壮族自治区,百色市,靖西市,POINT (106.413741 23.131839)
gis_osm_pois_free,<NA>,10822029602,clinic,hospitals:gis_osm_pois_free:10822029602:clinic,OGC:CRS84,451081,OpenStreetMap,real,kept,<NA>,安康骨科诊所,medical,clinic,106.4111876,23.1310956,,derived_from_source_layer_osm_id_fclass,smartbidata_task06_20260810,team_shared,team_shared_source,广西壮族自治区,百色市,靖西市,POINT (106.411188 23.131096)
gis_osm_pois_free,<NA>,10822824876,hospital,hospitals:gis_osm_pois_free:10822824876:hospital,OGC:CRS84,450902,OpenStreetMap,real,kept,<NA>,玉林市第一人民医院,medical,hospital,110.1516055,22.6380922,,derived_from_source_layer_osm_id_fclass,smartbidata_task06_20260810,team_shared,team_shared_source,广西壮族自治区,玉林市,玉州区,POINT (110.151606 22.638092)
gis_osm_pois_free,<NA>,10823628130,clinic,hospitals:gis_osm_pois_free:10823628130:clinic,OGC:CRS84,451081,OpenStreetMap,real,kept,<NA>,盛华诊所,medical,clinic,106.4213936,23.1369771,,derived_from_source_layer_osm_id_fclass,smartbidata_task06_20260810,team_shared,team_shared_source,广西壮族自治区,百色市,靖西市,POINT (106.421394 23.136977)
gis_osm_pois_free,<NA>,10848228953,clinic,hospitals:gis_osm_pois_free:10848228953:clinic,OGC:CRS84,451081,OpenStreetMap,real,kept,<NA>,吉康诊所,medical,clinic,106.4185326,23.1356088,,derived_from_source_layer_osm_id_fclass,smartbidata_task06_20260810,team_shared,team_shared_source,广西壮族自治区,百色市,靖西市,POINT (106.418533 23.135609)
gis_osm_pois_free,<NA>,10880215188,clinic,hospitals:gis_osm_pois_free:10880215188:clinic,OGC:CRS84,451081,OpenStreetMap,real,kept,<NA>,继文中医诊所,medical,clinic,106.4174194,23.1331832,,derived_from_source_layer_osm_id_fclass,smartbidata_task06_20260810,team_shared,team_shared_source,广西壮族自治区,百色市,靖西市,POINT (106.417419 23.133183)
gis_osm_pois_free,<NA>,10906821399,clinic,hospitals:gis_osm_pois_free:10906821399:clinic,OGC:CRS84,451081,OpenStreetMap,real,kept,<NA>,秀琴诊所,medical,clinic,106.4193607,23.1267245,,derived_from_source_layer_osm_id_fclass,smartbidata_task06_20260810,team_shared,team_shared_source,广西壮族自治区,百色市,靖西市,POINT (106.419361 23.126724)
gis_osm_pois_free,<NA>,10914362322,clinic,hospitals:gis_osm_pois_free:10914362322:clinic,OGC:CRS84,451081,OpenStreetMap,real,kept,<NA>,益民诊所,medical,clinic,106.4206851,23.1245169,,derived_from_source_layer_osm_id_fclass,smartbidata_task06_20260810,team_shared,team_shared_source,广西壮族自治区,百色市,靖西市,POINT (106.420685 23.124517)
gis_osm_pois_free,<NA>,10926392036,clinic,hospitals:gis_osm_pois_free:10926392036:clinic,OGC:CRS84,451081,OpenStreetMap,real,kept,<NA>,新康健皮肤病诊所,medical,clinic,106.4219253,23.1247409,,derived_from_source_layer_osm_id_fclass,smartbidata_task06_20260810,team_shared,team_shared_source,广西壮族自治区,百色市,靖西市,POINT (106.421925 23.124741)
gis_osm_pois_free,<NA>,10951464746,clinic,hospitals:gis_osm_pois_free:10951464746:clinic,OGC:CRS84,451081,OpenStreetMap,real,kept,<NA>,老百姓诊所,medical,clinic,106.406244,23.1445877,,derived_from_source_layer_osm_id_fclass,smartbidata_task06_20260810,team_shared,team_shared_source,广西壮族自治区,百色市,靖西市,POINT (106.406244 23.144588)
gis_osm_pois_free,<NA>,10989760012,clinic,hospitals:gis_osm_pois_free:10989760012:clinic,OGC:CRS84,451081,OpenStreetMap,real,kept,<NA>,康宁诊所,medical,clinic,106.4072376,23.1355227,,derived_from_source_layer_osm_id_fclass,smartbidata_task06_20260810,team_shared,team_shared_source,广西壮族自治区,百色市,靖西市,POINT (106.407238 23.135523)
gis_osm_pois_free,<NA>,11027993626,doctors,hospitals:gis_osm_pois_free:11027993626:doctors,OGC:CRS84,450103,OpenStreetMap,real,kept,<NA>,南宁二中校园医务室,medical,doctors,108.4163682,22.8268342,,derived_from_source_layer_osm_id_fclass,smartbidata_task06_20260810,team_shared,team_shared_source,广西壮族自治区,南宁市,青秀区,POINT (108.416368 22.826834)
gis_osm_pois_free,<NA>,11263792002,clinic,hospitals:gis_osm_pois_free:11263792002:clinic,OGC:CRS84,451081,OpenStreetMap,real,kept,<NA>,赵承春诊所,medical,clinic,106.3988305,23.1593703,,derived_from_source_layer_osm_id_fclass,smartbidata_task06_20260810,team_shared,team_shared_source,广西壮族自治区,百色市,靖西市,POINT (106.39883 23.15937)
gis_osm_pois_free,<NA>,11389257405,clinic,hospitals:gis_osm_pois_free:11389257405:clinic,OGC:CRS84,451081,OpenStreetMap,real,kept,<NA>,盛功诊所,medical,clinic,106.4278913,23.1231367,,derived_from_source_layer_osm_id_fclass,smartbidata_task06_20260810,team_shared,team_shared_source,广西壮族自治区,百色市,靖西市,POINT (106.427891 23.123137)
gis_osm_pois_free,<NA>,11694261644,clinic,hospitals:gis_osm_pois_free:11694261644:clinic,OGC:CRS84,451081,OpenStreetMap,real,kept,<NA>,精医诊所,medical,clinic,106.4301189,23.0980867,,derived_from_source_layer_osm_id_fclass,smartbidata_task06_20260810,team_shared,team_shared_source,广西壮族自治区,百色市,靖西市,POINT (106.430119 23.098087)
gis_osm_pois_free,<NA>,11700975200,clinic,hospitals:gis_osm_pois_free:11700975200:clinic,OGC:CRS84,451081,OpenStreetMap,real,kept,<NA>,瑞尔康诊所,medical,clinic,106.4051765,23.133736,,derived_from_source_layer_osm_id_fclass,smartbidata_task06_20260810,team_shared,team_shared_source,广西壮族自治区,百色市,靖西市,POINT (106.405176 23.133736)
gis_osm_pois_free,<NA>,11774729724,clinic,hospitals:gis_osm_pois_free:11774729724:clinic,OGC:CRS84,451081,OpenStreetMap,real,kept,<NA>,延春诊所,medical,clinic,106.3993048,23.1311681,,derived_from_source_layer_osm_id_fclass,smartbidata_task06_20260810,team_shared,team_shared_source,广西壮族自治区,百色市,靖西市,POINT (106.399305 23.131168)
gis_osm_pois_free,<NA>,11861167665,hospital,hospitals:gis_osm_pois_free:11861167665:hospital,OGC:CRS84,451324,OpenStreetMap,real,kept,<NA>,金秀镇卫生院,medical,hospital,110.1829792,24.1406597,,derived_from_source_layer_osm_id_fclass,smartbidata_task06_20260810,team_shared,team_shared_source,广西壮族自治区,来宾市,金秀瑶族自治县,POINT (110.182979 24.14066)
gis_osm_pois_free,<NA>,12065920728,clinic,hospitals:gis_osm_pois_free:12065920728:clinic,OGC:CRS84,451324,OpenStreetMap,real,kept,<NA>,李瑶医诊所,medical,clinic,110.184417,24.1387149,,derived_from_source_layer_osm_id_fclass,smartbidata_task06_20260810,team_shared,team_shared_source,广西壮族自治区,来宾市,金秀瑶族自治县,POINT (110.184417 24.138715)
gis_osm_pois_free,<NA>,12094455296,clinic,hospitals:gis_osm_pois_free:12094455296:clinic,OGC:CRS84,451026,OpenStreetMap,real,kept,<NA>,卫康诊所,medical,clinic,105.8358463,23.4162092,,derived_from_source_layer_osm_id_fclass,smartbidata_task06_20260810,team_shared,team_shared_source,广西壮族自治区,百色市,那坡县,POINT (105.835846 23.416209)
gis_osm_pois_free,<NA>,12347916172,clinic,hospitals:gis_osm_pois_free:12347916172:clinic,OGC:CRS84,450602,OpenStreetMap,real,kept,<NA>,张雪兰西医诊所,medical,clinic,108.4730288,21.5772109,,derived_from_source_layer_osm_id_fclass,smartbidata_task06_20260810,team_shared,team_shared_source,广西壮族自治区,防城港市,港口区,POINT (108.473029 21.577211)
gis_osm_pois_free,<NA>,12523108065,clinic,hospitals:gis_osm_pois_free:12523108065:clinic,OGC:CRS84,450405,OpenStreetMap,real,kept,<NA>,长洲镇竹湾村卫生室,medical,clinic,111.2590122,23.4665679,,derived_from_source_layer_osm_id_fclass,smartbidata_task06_20260810,team_shared,team_shared_source,广西壮族自治区,梧州市,长洲区,POINT (111.259012 23.466568)
gis_osm_pois_free,<NA>,12538530767,clinic,hospitals:gis_osm_pois_free:12538530767:clinic,OGC:CRS84,450203,OpenStreetMap,real,kept,<NA>,柳州中一卫生所,medical,clinic,109.4115111,24.2917651,,derived_from_source_layer_osm_id_fclass,smartbidata_task06_20260810,team_shared,team_shared_source,广西壮族自治区,柳州市,鱼峰区,POINT (109.411511 24.291765)
gis_osm_pois_free,<NA>,12543663710,clinic,hospitals:gis_osm_pois_free:12543663710:clinic,OGC:CRS84,450602,OpenStreetMap,real,kept,<NA>,汇宁诊所,medical,clinic,108.3503547,21.645494,,derived_from_source_layer_osm_id_fclass,smartbidata_task06_20260810,team_shared,team_shared_source,广西壮族自治区,防城港市,港口区,POINT (108.350355 21.645494)
gis_osm_pois_free,<NA>,12587683836,clinic,hospitals:gis_osm_pois_free:12587683836:clinic,OGC:CRS84,450204,OpenStreetMap,real,kept,<NA>,亿发医疗专家门诊部,medical,clinic,109.4022774,24.3018169,,derived_from_source_layer_osm_id_fclass,smartbidata_task06_20260810,team_shared,team_shared_source,广西壮族自治区,柳州市,柳南区,POINT (109.402277 24.301817)
gis_osm_pois_free,<NA>,12587683854,clinic,hospitals:gis_osm_pois_free:12587683854:clinic,OGC:CRS84,450203,OpenStreetMap,real,kept,<NA>,柳开综合医疗门诊,medical,clinic,109.408281,24.2955683,,derived_from_source_layer_osm_id_fclass,smartbidata_task06_20260810,team_shared,team_shared_source,广西壮族自治区,柳州市,鱼峰区,POINT (109.408281 24.295568)
gis_osm_pois_free,<NA>,12587683866,clinic,hospitals:gis_osm_pois_free:12587683866:clinic,OGC:CRS84,450203,OpenStreetMap,real,kept,<NA>,诚健医疗卫生所,medical,clinic,109.4162129,24.2892089,,derived_from_source_layer_osm_id_fclass,smartbidata_task06_20260810,team_shared,team_shared_source,广西壮族自治区,柳州市,鱼峰区,POINT (109.416213 24.289209)
gis_osm_pois_free,<NA>,12635551448,clinic,hospitals:gis_osm_pois_free:12635551448:clinic,OGC:CRS84,451081,OpenStreetMap,real,kept,<NA>,那足屯卫生室,medical,clinic,106.4359454,23.1233339,,derived_from_source_layer_osm_id_fclass,smartbidata_task06_20260810,team_shared,team_shared_source,广西壮族自治区,百色市,靖西市,POINT (106.435945 23.123334)
gis_osm_pois_free,<NA>,12655492682,hospital,hospitals:gis_osm_pois_free:12655492682:hospital,OGC:CRS84,450422,OpenStreetMap,real,kept,<NA>,藤县妇幼保健院,medical,hospital,110.9226836,23.3764622,,derived_from_source_layer_osm_id_fclass,smartbidata_task06_20260810,team_shared,team_shared_source,广西壮族自治区,梧州市,藤县,POINT (110.922684 23.376462)
gis_osm_pois_free,<NA>,12728263151,doctors,hospitals:gis_osm_pois_free:12728263151:doctors,OGC:CRS84,450105,OpenStreetMap,real,kept,<NA>,校医室,medical,doctors,108.2636144,22.7736463,,derived_from_source_layer_osm_id_fclass,smartbidata_task06_20260810,team_shared,team_shared_source,广西壮族自治区,南宁市,江南区,POINT (108.263614 22.773646)
gis_osm_pois_free,<NA>,12797193399,hospital,hospitals:gis_osm_pois_free:12797193399:hospital,OGC:CRS84,451324,OpenStreetMap,real,kept,<NA>,金秀瑶族自治县公立医院总院金秀镇分院,medical,hospital,110.1864643,24.1328978,,derived_from_source_layer_osm_id_fclass,smartbidata_task06_20260810,team_shared,team_shared_source,广西壮族自治区,来宾市,金秀瑶族自治县,POINT (110.186464 24.132898)
gis_osm_pois_free,<NA>,12961192420,clinic,hospitals:gis_osm_pois_free:12961192420:clinic,OGC:CRS84,451081,OpenStreetMap,real,kept,<NA>,那耀村卫生所,medical,clinic,106.4540451,23.1232945,,derived_from_source_layer_osm_id_fclass,smartbidata_task06_20260810,team_shared,team_shared_source,广西壮族自治区,百色市,靖西市,POINT (106.454045 23.123294)
gis_osm_pois_free,<NA>,13022342405,doctors,hospitals:gis_osm_pois_free:13022342405:doctors,OGC:CRS84,450105,OpenStreetMap,real,kept,<NA>,南宁韦年郑内科诊所,medical,doctors,108.2156058,22.6457699,,derived_from_source_layer_osm_id_fclass,smartbidata_task06_20260810,team_shared,team_shared_source,广西壮族自治区,南宁市,江南区,POINT (108.215606 22.64577)
gis_osm_pois_free,<NA>,13195604500,clinic,hospitals:gis_osm_pois_free:13195604500:clinic,OGC:CRS84,450421,OpenStreetMap,real,kept,<NA>,狮寨镇卫生院,medical,clinic,111.1325561,23.8167379,,derived_from_source_layer_osm_id_fclass,smartbidata_task06_20260810,team_shared,team_shared_source,广西壮族自治区,梧州市,苍梧县,POINT (111.132556 23.816738)
gis_osm_pois_free,<NA>,13240619216,hospital,hospitals:gis_osm_pois_free:13240619216:hospital,OGC:CRS84,450103,OpenStreetMap,real,kept,<NA>,广西爱思特整形外科医院,medical,hospital,108.4162437,22.8131243,,derived_from_source_layer_osm_id_fclass,smartbidata_task06_20260810,team_shared,team_shared_source,广西壮族自治区,南宁市,青秀区,POINT (108.416244 22.813124)
gis_osm_pois_free,<NA>,13243286146,hospital,hospitals:gis_osm_pois_free:13243286146:hospital,OGC:CRS84,450103,OpenStreetMap,real,kept,<NA>,平岭社区卫生服务中心,medical,hospital,108.4164011,22.8034826,,derived_from_source_layer_osm_id_fclass,smartbidata_task06_20260810,team_shared,team_shared_source,广西壮族自治区,南宁市,青秀区,POINT (108.416401 22.803483)
gis_osm_pois_free,<NA>,13275562396,hospital,hospitals:gis_osm_pois_free:13275562396:hospital,OGC:CRS84,450102,OpenStreetMap,real,kept,<NA>,,medical,hospital,108.3110264,22.8244921,,derived_from_source_layer_osm_id_fclass,smartbidata_task06_20260810,team_shared,team_shared_source,广西壮族自治区,南宁市,兴宁区,POINT (108.311026 22.824492)
gis_osm_pois_free,<NA>,13275647829,hospital,hospitals:gis_osm_pois_free:13275647829:hospital,OGC:CRS84,450102,OpenStreetMap,real,kept,<NA>,,medical,hospital,108.3105633,22.8247888,,derived_from_source_layer_osm_id_fclass,smartbidata_task06_20260810,team_shared,team_shared_source,广西壮族自治区,南宁市,兴宁区,POINT (108.310563 22.824789)
gis_osm_pois_free,<NA>,13433981740,clinic,hospitals:gis_osm_pois_free:13433981740:clinic,OGC:CRS84,450902,OpenStreetMap,real,kept,<NA>,校医院,medical,clinic,110.1933829,22.6795888,,derived_from_source_layer_osm_id_fclass,smartbidata_task06_20260810,team_shared,team_shared_source,广西壮族自治区,玉林市,玉州区,POINT (110.193383 22.679589)
gis_osm_pois_free,<NA>,13598172742,hospital,hospitals:gis_osm_pois_free:13598172742:hospital,OGC:CRS84,450721,OpenStreetMap,real,kept,<NA>,陆屋镇中心卫生院,medical,hospital,108.9469781,22.282436,,derived_from_source_layer_osm_id_fclass,smartbidata_task06_20260810,team_shared,team_shared_source,广西壮族自治区,钦州市,灵山县,POINT (108.946978 22.282436)
gis_osm_pois_free,<NA>,13607236661,doctors,hospitals:gis_osm_pois_free:13607236661:doctors,OGC:CRS84,451103,OpenStreetMap,real,kept,<NA>,贺州爱尔眼科,medical,doctors,111.5146803,24.4172086,,derived_from_source_layer_osm_id_fclass,smartbidata_task06_20260810,team_shared,team_shared_source,广西壮族自治区,贺州市,平桂区,POINT (111.51468 24.417209)
gis_osm_pois_free,<NA>,13607268543,clinic,hospitals:gis_osm_pois_free:13607268543:clinic,OGC:CRS84,451103,OpenStreetMap,real,kept,<NA>,民兴诊所,medical,clinic,111.5151368,24.4201823,,derived_from_source_layer_osm_id_fclass,smartbidata_task06_20260810,team_shared,team_shared_source,广西壮族自治区,贺州市,平桂区,POINT (111.515137 24.420182)
gis_osm_pois_free,<NA>,13622298401,doctors,hospitals:gis_osm_pois_free:13622298401:doctors,OGC:CRS84,450102,OpenStreetMap,real,kept,<NA>,,medical,doctors,108.3180293,22.8213511,,derived_from_source_layer_osm_id_fclass,smartbidata_task06_20260810,team_shared,team_shared_source,广西壮族自治区,南宁市,兴宁区,POINT (108.318029 22.821351)
gis_osm_pois_free,<NA>,13622342101,hospital,hospitals:gis_osm_pois_free:13622342101:hospital,OGC:CRS84,450103,OpenStreetMap,real,kept,<NA>,Nanning bright eye hospital,medical,hospital,108.3394439,22.8152269,,derived_from_source_layer_osm_id_fclass,smartbidata_task06_20260810,team_shared,team_shared_source,广西壮族自治区,南宁市,青秀区,POINT (108.339444 22.815227)
gis_osm_pois_free,<NA>,13680972877,clinic,hospitals:gis_osm_pois_free:13680972877:clinic,OGC:CRS84,450109,OpenStreetMap,real,kept,<NA>,杨一鸣诊所,medical,clinic,108.4481741,22.7800253,,derived_from_source_layer_osm_id_fclass,smartbidata_task06_20260810,team_shared,team_shared_source,广西壮族自治区,南宁市,邕宁区,POINT (108.448174 22.780025)
gis_osm_pois_free,<NA>,13700802329,clinic,hospitals:gis_osm_pois_free:13700802329:clinic,OGC:CRS84,,OpenStreetMap,real,kept,<NA>,,medical,clinic,109.0913558,21.0553531,,derived_from_source_layer_osm_id_fclass,smartbidata_task06_20260810,team_shared,team_shared_source,,,,POINT (109.091356 21.055353)
gis_osm_pois_free,<NA>,14045057477,hospital,hospitals:gis_osm_pois_free:14045057477:hospital,OGC:CRS84,451203,OpenStreetMap,real,kept,<NA>,太平卫生院,medical,hospital,108.636997,24.4117432,,derived_from_source_layer_osm_id_fclass,smartbidata_task06_20260810,team_shared,team_shared_source,广西壮族自治区,河池市,宜州区,POINT (108.636997 24.411743)
gis_osm_pois_free,<NA>,14046794772,hospital,hospitals:gis_osm_pois_free:14046794772:hospital,OGC:CRS84,451082,OpenStreetMap,real,kept,<NA>,四塘镇卫生院,medical,hospital,107.8050913,23.3971215,,derived_from_source_layer_osm_id_fclass,smartbidata_task06_20260810,team_shared,team_shared_source,广西壮族自治区,百色市,平果市,POINT (107.805091 23.397122)
gis_osm_pois_free,<NA>,14046796249,hospital,hospitals:gis_osm_pois_free:14046796249:hospital,OGC:CRS84,451082,OpenStreetMap,real,kept,<NA>,安邦村卫生站,medical,hospital,107.8310333,23.4071701,,derived_from_source_layer_osm_id_fclass,smartbidata_task06_20260810,team_shared,team_shared_source,广西壮族自治区,百色市,平果市,POINT (107.831033 23.40717)
gis_osm_pois_a_free,<NA>,168134022,hospital,hospitals:gis_osm_pois_a_free:168134022:hospital,OGC:CRS84,450204,OpenStreetMap,real,kept,<NA>,柳铁中心医院,medical,hospital,109.39408013910148,24.31126295,,derived_from_source_layer_osm_id_fclass,smartbidata_task06_20260810,team_shared,team_shared_source,广西壮族自治区,柳州市,柳南区,"MULTIPOLYGON (((109.392729 24.312726, 109.392828 24.310425, 109.392833 24.309921, 109.393931 24.309867, 109.394897 24.310044, 109.394895 24.310166, 109.395094 24.310185, 109.395058 24.310293, 109.395334 24.310324, 109.39531 24.310469, 109.395432 24.310474, 109.395531 24.310821, 109.395519 24.311061, 109.395217 24.311465, 109.394243 24.312741, 109.392729 24.312726)))"
gis_osm_pois_a_free,<NA>,205658308,hospital,hospitals:gis_osm_pois_a_free:205658308:hospital,OGC:CRS84,450202,OpenStreetMap,real,kept,<NA>,柳州市中医院,medical,hospital,109.40926037575687,24.32140375,,derived_from_source_layer_osm_id_fclass,smartbidata_task06_20260810,team_shared,team_shared_source,广西壮族自治区,柳州市,城中区,"MULTIPOLYGON (((109.408712 24.320734, 109.409205 24.320644, 109.40925 24.320817, 109.409725 24.320756, 109.409816 24.321191, 109.409559 24.321616, 109.409257 24.321665, 109.409142 24.321684, 109.408907 24.321775, 109.408781 24.321137, 109.408712 24.320734)))"
gis_osm_pois_a_free,<NA>,205658309,hospital,hospitals:gis_osm_pois_a_free:205658309:hospital,OGC:CRS84,450202,OpenStreetMap,real,kept,<NA>,柳州市妇幼保健院,medical,hospital,109.40525361858006,24.31831835,,derived_from_source_layer_osm_id_fclass,smartbidata_task06_20260810,team_shared,team_shared_source,广西壮族自治区,柳州市,城中区,"MULTIPOLYGON (((109.404897 24.318678, 109.405048 24.317983, 109.405588 24.318066, 109.405476 24.318571, 109.405643 24.318581, 109.405648 24.31884, 109.40505 24.318851, 109.404897 24.318678)))"
gis_osm_pois_a_free,<NA>,205661089,hospital,hospitals:gis_osm_pois_a_free:205661089:hospital,OGC:CRS84,450202,OpenStreetMap,real,kept,<NA>,柳州市红十字会医院,medical,hospital,109.4100531,24.3148924,,derived_from_source_layer_osm_id_fclass,smartbidata_task06_20260810,team_shared,team_shared_source,广西壮族自治区,柳州市,城中区,"MULTIPOLYGON (((109.409888 24.315036, 109.409964 24.314701, 109.410218 24.314749, 109.410142 24.315084, 109.409888 24.315036)))"
gis_osm_pois_a_free,<NA>,273401665,hospital,hospitals:gis_osm_pois_a_free:273401665:hospital,OGC:CRS84,450321,OpenStreetMap,real,kept,<NA>,阳朔县人民医院,medical,hospital,110.48738600837856,24.7815497,,derived_from_source_layer_osm_id_fclass,smartbidata_task06_20260810,team_shared,team_shared_source,广西壮族自治区,桂林市,阳朔县,"MULTIPOLYGON (((110.486688 24.781853, 110.486786 24.781312, 110.486941 24.780671, 110.487494 24.780717, 110.488248 24.780911, 110.487948 24.781787, 110.487819 24.78225, 110.487632 24.782808, 110.487084 24.782652, 110.486778 24.782478, 110.486742 24.782398, 110.486702 24.782311, 110.48669 24.781929, 110.486689 24.781881, 110.486688 24.781853)))"
gis_osm_pois_a_free,<NA>,310312815,hospital,hospitals:gis_osm_pois_a_free:310312815:hospital,OGC:CRS84,450502,OpenStreetMap,real,kept,<NA>,北海市人民医院,medical,hospital,109.11205698312982,21.4822115,,derived_from_source_layer_osm_id_fclass,smartbidata_task06_20260810,team_shared,team_shared_source,广西壮族自治区,北海市,海城区,"MULTIPOLYGON (((109.110281 21.481354, 109.110421 21.481136, 109.110903 21.481364, 109.111061 21.481076, 109.111727 21.481286, 109.112737 21.48172, 109.112566 21.482155, 109.112769 21.482268, 109.11268 21.482513, 109.113052 21.482676, 109.113289 21.48278, 109.113107 21.483213, 109.111178 21.483386, 109.11146 21.482154, 109.111438 21.482065, 109.110669 21.481791, 109.110772 21.481575, 109.110281 21.481354)))"
gis_osm_pois_a_free,<NA>,310461779,hospital,hospitals:gis_osm_pois_a_free:310461779:hospital,OGC:CRS84,450502,OpenStreetMap,real,kept,<NA>,北海疾病预防中心,medical,hospital,109.09943763226192,21.45800885,,derived_from_source_layer_osm_id_fclass,smartbidata_task06_20260810,team_shared,team_shared_source,广西壮族自治区,北海市,海城区,"MULTIPOLYGON (((109.098925 21.458053, 109.099053 21.457732, 109.099949 21.457965, 109.099849 21.458229, 109.099276 21.458058, 109.09917 21.458115, 109.098925 21.458053)))"
gis_osm_pois_a_free,<NA>,377236076,hospital,hospitals:gis_osm_pois_a_free:377236076:hospital,OGC:CRS84,450902,OpenStreetMap,real,kept,<NA>,桂南医院,medical,hospital,110.14677006032633,22.59823065,,derived_from_source_layer_osm_id_fclass,smartbidata_task06_20260810,team_shared,team_shared_source,广西壮族自治区,玉林市,玉州区,"MULTIPOLYGON (((110.146313 22.598503, 110.146384 22.598002, 110.146664 22.597965, 110.147227 22.597963, 110.147156 22.598459, 110.14705 22.59889, 110.146313 22.598503)))"
gis_osm_pois_a_free,<NA>,456490455,hospital,hospitals:gis_osm_pois_a_free:456490455:hospital,OGC:CRS84,450202,OpenStreetMap,real,kept,<NA>,柳州市人民医院,medical,hospital,109.44027645919553,24.32898345,,derived_from_source_layer_osm_id_fclass,smartbidata_task06_20260810,team_shared,team_shared_source,广西壮族自治区,柳州市,城中区,"MULTIPOLYGON (((109.438864 24.328679, 109.439523 24.32868, 109.43948 24.326288, 109.440009 24.326323, 109.440904 24.326383, 109.441178 24.326402, 109.441497 24.326614, 109.441539 24.330839, 109.441514 24.331203, 109.441479 24.331429, 109.439158 24.331443, 109.439186 24.330322, 109.439201 24.329286, 109.438864 24.328679)))"
gis_osm_pois_a_free,<NA>,470504383,hospital,hospitals:gis_osm_pois_a_free:470504383:hospital,OGC:CRS84,451022,OpenStreetMap,real,kept,<NA>,田东县中医医院,medical,hospital,107.12384740276207,23.59971615,,derived_from_source_layer_osm_id_fclass,smartbidata_task06_20260810,team_shared,team_shared_source,广西壮族自治区,百色市,田东县,"MULTIPOLYGON (((107.123275 23.599872, 107.123372 23.599442, 107.123602 23.599486, 107.123651 23.599309, 107.124405 23.59956, 107.124351 23.59998, 107.124096 23.599954, 107.124056 23.600069, 107.123275 23.599872)))"
gis_osm_pois_a_free,<NA>,470504384,hospital,hospitals:gis_osm_pois_a_free:470504384:hospital,OGC:CRS84,451022,OpenStreetMap,real,kept,<NA>,田东县人民医院,medical,hospital,107.12101003390868,23.59482635,,derived_from_source_layer_osm_id_fclass,smartbidata_task06_20260810,team_shared,team_shared_source,广西壮族自治区,百色市,田东县,"MULTIPOLYGON (((107.12013 23.59445, 107.120202 23.594046, 107.120484 23.593664, 107.121337 23.594052, 107.121385 23.594404, 107.121651 23.594453, 107.121679 23.594857, 107.121711 23.595458, 107.121545 23.595455, 107.121518 23.595609, 107.12139 23.595587, 107.121334 23.595983, 107.120503 23.595906, 107.120526 23.595691, 107.120316 23.595654, 107.120415 23.594842, 107.120271 23.594811, 107.120331 23.594485, 107.12013 23.59445)))"
gis_osm_pois_a_free,<NA>,472328415,hospital,hospitals:gis_osm_pois_a_free:472328415:hospital,OGC:CRS84,451022,OpenStreetMap,real,kept,<NA>,田东县中医医院（新区）,medical,hospital,107.13513180893906,23.6073974,,derived_from_source_layer_osm_id_fclass,smartbidata_task06_20260810,team_shared,team_shared_source,广西壮族自治区,百色市,田东县,"MULTIPOLYGON (((107.133563 23.607036, 107.136457 23.606624, 107.136723 23.607759, 107.133763 23.608194, 107.133563 23.607036)))"
gis_osm_pois_a_free,<NA>,472339893,hospital,hospitals:gis_osm_pois_a_free:472339893:hospital,OGC:CRS84,451022,OpenStreetMap,real,kept,<NA>,田东县计划生育服务站,medical,hospital,107.11891317119331,23.61264465,,derived_from_source_layer_osm_id_fclass,smartbidata_task06_20260810,team_shared,team_shared_source,广西壮族自治区,百色市,田东县,"MULTIPOLYGON (((107.118405 23.61255, 107.119406 23.612472, 107.119423 23.612774, 107.118524 23.612835, 107.118417 23.612739, 107.118405 23.61255)))"
gis_osm_pois_a_free,<NA>,477305833,hospital,hospitals:gis_osm_pois_a_free:477305833:hospital,OGC:CRS84,450107,OpenStreetMap,real,kept,<NA>,南宁市红十字会医院,medical,hospital,108.30874170276647,22.8177296,,derived_from_source_layer_osm_id_fclass,smartbidata_task06_20260810,team_shared,team_shared_source,广西壮族自治区,南宁市,西乡塘区,"MULTIPOLYGON (((108.308172 22.817923, 108.308422 22.817347, 108.308823 22.817536, 108.309006 22.817134, 108.309416 22.817397, 108.308939 22.818239, 108.308172 22.817923)))"
gis_osm_pois_a_free,<NA>,487001576,hospital,hospitals:gis_osm_pois_a_free:487001576:hospital,OGC:CRS84,451102,OpenStreetMap,real,kept,<NA>,贺州市人民医院,medical,hospital,111.53456447624363,24.41440575,,derived_from_source_layer_osm_id_fclass,smartbidata_task06_20260810,team_shared,team_shared_source,广西壮族自治区,贺州市,八步区,"MULTIPOLYGON (((111.533362 24.414108, 111.533757 24.413974, 111.534234 24.413928, 111.534676 24.413945, 111.535275 24.413608, 111.535797 24.413784, 111.536018 24.41388, 111.535392 24.414855, 111.535155 24.414763, 111.534943 24.414703, 111.53389 24.414711, 111.533558 24.41478, 111.533362 24.414108)))"
gis_osm_pois_a_free,<NA>,520613835,hospital,hospitals:gis_osm_pois_a_free:520613835:hospital,OGC:CRS84,451123,OpenStreetMap,real,kept,<NA>,富川瑶族自治县人民医院,medical,hospital,111.2685230397467,24.82633165,,derived_from_source_layer_osm_id_fclass,smartbidata_task06_20260810,team_shared,team_shared_source,广西壮族自治区,贺州市,富川瑶族自治县,"MULTIPOLYGON (((111.267774 24.825982, 111.268539 24.826019, 111.268866 24.825895, 111.269228 24.826201, 111.26926 24.826496, 111.268641 24.826644, 111.267839 24.82672, 111.267815 24.826462, 111.267774 24.825982)))"
gis_osm_pois_a_free,<NA>,549745214,hospital,hospitals:gis_osm_pois_a_free:549745214:hospital,OGC:CRS84,451002,OpenStreetMap,real,kept,<NA>,右江民族医学院附属医院,medical,hospital,106.60934280717026,23.89562365,,derived_from_source_layer_osm_id_fclass,smartbidata_task06_20260810,team_shared,team_shared_source,广西壮族自治区,百色市,右江区,"MULTIPOLYGON (((106.607201 23.895212, 106.607423 23.894851, 106.607723 23.895016, 106.607707 23.895076, 106.607885 23.895115, 106.607978 23.894958, 106.608434 23.894916, 106.60842 23.894722, 106.608616 23.89472, 106.608627 23.894808, 106.608914 23.894769, 106.609644 23.894502, 106.610132 23.894377, 106.61044 23.894262, 106.610428 23.89408, 106.610769 23.894137, 106.610756 23.894261, 106.611087 23.894355, 106.611015 23.895106, 106.610821 23.895156, 106.611435 23.895475, 106.611077 23.895716, 106.60957 23.897045, 106.608458 23.896325, 106.607883 23.89591, 106.607339 23.895532, 106.607453 23.895355, 106.607201 23.895212)))"
gis_osm_pois_a_free,<NA>,550204077,hospital,hospitals:gis_osm_pois_a_free:550204077:hospital,OGC:CRS84,450206,OpenStreetMap,real,kept,<NA>,柳江区人民医院,medical,hospital,109.33038338481012,24.25265975,,derived_from_source_layer_osm_id_fclass,smartbidata_task06_20260810,team_shared,team_shared_source,广西壮族自治区,柳州市,柳江区,"MULTIPOLYGON (((109.329286 24.254128, 109.329328 24.253746, 109.329381 24.253261, 109.329413 24.252971, 109.32981 24.253022, 109.329917 24.252311, 109.329949 24.25193, 109.330126 24.251842, 109.330128 24.251769, 109.330132 24.251566, 109.330606 24.251577, 109.330721 24.251661, 109.330752 24.252049, 109.330904 24.252366, 109.330901 24.252954, 109.330657 24.253866, 109.330269 24.253916, 109.329914 24.253992, 109.329286 24.254128)))"
gis_osm_pois_a_free,<NA>,550352583,hospital,hospitals:gis_osm_pois_a_free:550352583:hospital,OGC:CRS84,451002,OpenStreetMap,real,kept,<NA>,百色市人民医院,medical,hospital,106.61712042588948,23.8957852,,derived_from_source_layer_osm_id_fclass,smartbidata_task06_20260810,team_shared,team_shared_source,广西壮族自治区,百色市,右江区,"MULTIPOLYGON (((106.61619 23.89591, 106.61685 23.895366, 106.617064 23.894925, 106.616582 23.894812, 106.61673 23.89435, 106.618027 23.89462, 106.617988 23.894811, 106.618531 23.894977, 106.618579 23.89522, 106.618716 23.895684, 106.618677 23.895841, 106.618611 23.89593, 106.618472 23.895734, 106.618312 23.895836, 106.61809 23.895633, 106.617104 23.896416, 106.617511 23.896784, 106.617057 23.897146, 106.616434 23.896527, 106.616576 23.896391, 106.61619 23.89591)))"
gis_osm_pois_a_free,<NA>,550400864,hospital,hospitals:gis_osm_pois_a_free:550400864:hospital,OGC:CRS84,450202,OpenStreetMap,real,kept,<NA>,柳州市中西医结合医院,medical,hospital,109.42861045270175,24.34079905,,derived_from_source_layer_osm_id_fclass,smartbidata_task06_20260810,team_shared,team_shared_source,广西壮族自治区,柳州市,城中区,"MULTIPOLYGON (((109.42832 24.341096, 109.42832 24.340501, 109.428907 24.340502, 109.428895 24.341096, 109.42832 24.341096)))"
gis_osm_pois_a_free,<NA>,553196019,hospital,hospitals:gis_osm_pois_a_free:553196019:hospital,OGC:CRS84,450107,OpenStreetMap,real,kept,<NA>,广西民族医院,medical,hospital,108.31467724003319,22.847373,,derived_from_source_layer_osm_id_fclass,smartbidata_task06_20260810,team_shared,team_shared_source,广西壮族自治区,南宁市,西乡塘区,"MULTIPOLYGON (((108.3139 22.847338, 108.314288 22.846303, 108.315575 22.846694, 108.315337 22.847312, 108.31538 22.847408, 108.315404 22.847502, 108.315391 22.847614, 108.315008 22.84838, 108.314419 22.848212, 108.314557 22.847836, 108.314213 22.847714, 108.314232 22.847557, 108.314215 22.847485, 108.314161 22.847439, 108.3139 22.847338)))"
gis_osm_pois_a_free,<NA>,566283530,hospital,hospitals:gis_osm_pois_a_free:566283530:hospital,OGC:CRS84,451022,OpenStreetMap,real,kept,<NA>,田东县人民医院东宁院区,medical,hospital,107.12028062181753,23.60332345,,derived_from_source_layer_osm_id_fclass,smartbidata_task06_20260810,team_shared,team_shared_source,广西壮族自治区,百色市,田东县,"MULTIPOLYGON (((107.119906 23.603457, 107.12003 23.603452, 107.120038 23.60312, 107.120172 23.602954, 107.120264 23.602903, 107.120388 23.602896, 107.120635 23.603033, 107.120519 23.603194, 107.120545 23.603558, 107.119919 23.603604, 107.119906 23.603457)))"
gis_osm_pois_a_free,<NA>,566283531,hospital,hospitals:gis_osm_pois_a_free:566283531:hospital,OGC:CRS84,451022,OpenStreetMap,real,kept,<NA>,平马镇卫生院,medical,hospital,107.11354466453793,23.60043825,,derived_from_source_layer_osm_id_fclass,smartbidata_task06_20260810,team_shared,team_shared_source,广西壮族自治区,百色市,田东县,"MULTIPOLYGON (((107.113251 23.60033, 107.113643 23.600171, 107.113846 23.600547, 107.113438 23.600727, 107.113251 23.60033)))"
gis_osm_pois_a_free,<NA>,566283532,hospital,hospitals:gis_osm_pois_a_free:566283532:hospital,OGC:CRS84,451022,OpenStreetMap,real,kept,<NA>,田东县妇幼保健院,medical,hospital,107.11098318786384,23.6038583,,derived_from_source_layer_osm_id_fclass,smartbidata_task06_20260810,team_shared,team_shared_source,广西壮族自治区,百色市,田东县,"MULTIPOLYGON (((107.110683 23.604059, 107.110799 23.603596, 107.111274 23.603657, 107.111175 23.604145, 107.110683 23.604059)))"
gis_osm_pois_a_free,<NA>,569493331,hospital,hospitals:gis_osm_pois_a_free:569493331:hospital,OGC:CRS84,451022,OpenStreetMap,real,kept,<NA>,右矿医院,medical,hospital,107.02490840117581,23.63332365,,derived_from_source_layer_osm_id_fclass,smartbidata_task06_20260810,team_shared,team_shared_source,广西壮族自治区,百色市,田东县,"MULTIPOLYGON (((107.023396 23.633566, 107.024357 23.633081, 107.025484 23.632529, 107.025651 23.632758, 107.026072 23.632906, 107.025793 23.633791, 107.025156 23.634415, 107.024947 23.634371, 107.024602 23.634298, 107.0237 23.63433, 107.023396 23.633566)))"
gis_osm_pois_a_free,<NA>,569513091,hospital,hospitals:gis_osm_pois_a_free:569513091:hospital,OGC:CRS84,451022,OpenStreetMap,real,kept,<NA>,祥周卫生院,medical,hospital,107.0500199425679,23.62241775,,derived_from_source_layer_osm_id_fclass,smartbidata_task06_20260810,team_shared,team_shared_source,广西壮族自治区,百色市,田东县,"MULTIPOLYGON (((107.049637 23.622534, 107.049667 23.622224, 107.050403 23.622301, 107.050373 23.6226, 107.049637 23.622534)))"
gis_osm_pois_a_free,<NA>,570478123,hospital,hospitals:gis_osm_pois_a_free:570478123:hospital,OGC:CRS84,451022,OpenStreetMap,real,kept,<NA>,布兵卫生院,medical,hospital,106.99724965494278,23.58778565,,derived_from_source_layer_osm_id_fclass,smartbidata_task06_20260810,team_shared,team_shared_source,广西壮族自治区,百色市,田东县,"MULTIPOLYGON (((106.997076 23.588099, 106.997079 23.587623, 106.997322 23.587572, 106.997497 23.587949, 106.997076 23.588099)))"
gis_osm_pois_a_free,<NA>,575447454,hospital,hospitals:gis_osm_pois_a_free:575447454:hospital,OGC:CRS84,450803,OpenStreetMap,real,kept,<NA>,贵港市中医医院,medical,hospital,109.60994959040663,23.07414795,,derived_from_source_layer_osm_id_fclass,smartbidata_task06_20260810,team_shared,team_shared_source,广西壮族自治区,贵港市,港南区,"MULTIPOLYGON (((109.608366 23.073761, 109.608947 23.072933, 109.610357 23.073226, 109.610306 23.073432, 109.611186 23.073538, 109.611027 23.07453, 109.61044 23.074459, 109.610363 23.074811, 109.608756 23.074582, 109.608851 23.073837, 109.608366 23.073761)))"
gis_osm_pois_a_free,<NA>,575501286,hospital,hospitals:gis_osm_pois_a_free:575501286:hospital,OGC:CRS84,450802,OpenStreetMap,real,kept,<NA>,贵港市人民医院,medical,hospital,109.59543020301687,23.0904974,,derived_from_source_layer_osm_id_fclass,smartbidata_task06_20260810,team_shared,team_shared_source,广西壮族自治区,贵港市,港北区,"MULTIPOLYGON (((109.593949 23.089991, 109.59401 23.089936, 109.594048 23.08988, 109.594147 23.089587, 109.594287 23.089301, 109.594439 23.08913, 109.595482 23.089587, 109.595766 23.089629, 109.596484 23.089993, 109.596249 23.090822, 109.596204 23.090831, 109.596067 23.091103, 109.596114 23.091167, 109.595875 23.091959, 109.594621 23.091352, 109.594955 23.090821, 109.594472 23.090564, 109.594567 23.090431, 109.594576 23.090323, 109.593949 23.089991)))"
gis_osm_pois_a_free,<NA>,587688758,hospital,hospitals:gis_osm_pois_a_free:587688758:hospital,OGC:CRS84,450206,OpenStreetMap,real,kept,<NA>,柳州市柳江区中医院,medical,hospital,109.33238242857928,24.25893135,,derived_from_source_layer_osm_id_fclass,smartbidata_task06_20260810,team_shared,team_shared_source,广西壮族自治区,柳州市,柳江区,"MULTIPOLYGON (((109.331497 24.258706, 109.332806 24.258276, 109.333085 24.259156, 109.332205 24.259332, 109.331497 24.258706)))"
gis_osm_pois_a_free,<NA>,598514017,hospital,hospitals:gis_osm_pois_a_free:598514017:hospital,OGC:CRS84,450203,OpenStreetMap,real,kept,<NA>,广西脑科医院,medical,hospital,109.43374869977936,24.2813498,,derived_from_source_layer_osm_id_fclass,smartbidata_task06_20260810,team_shared,team_shared_source,广西壮族自治区,柳州市,鱼峰区,"MULTIPOLYGON (((109.432514 24.281042, 109.432548 24.280835, 109.43262 24.280642, 109.432823 24.280452, 109.433724 24.279996, 109.433893 24.280114, 109.433897 24.28017, 109.433936 24.280702, 109.434201 24.280721, 109.434866 24.28072, 109.434911 24.282283, 109.434916 24.282543, 109.433438 24.282609, 109.433236 24.282321, 109.433101 24.282096, 109.432662 24.281434, 109.432564 24.281265, 109.432514 24.281042)))"
gis_osm_pois_a_free,<NA>,598802734,hospital,hospitals:gis_osm_pois_a_free:598802734:hospital,OGC:CRS84,450203,OpenStreetMap,real,kept,<NA>,柳州市工人医院鱼峰院区,medical,hospital,109.40633944142408,24.30065945,,derived_from_source_layer_osm_id_fclass,smartbidata_task06_20260810,team_shared,team_shared_source,广西壮族自治区,柳州市,鱼峰区,"MULTIPOLYGON (((109.405021 24.30102, 109.406133 24.299203, 109.40649 24.299388, 109.406297 24.299754, 109.407441 24.300107, 109.407509 24.299901, 109.4078 24.299965, 109.407737 24.300298, 109.407525 24.300259, 109.407341 24.3011, 109.40686 24.301034, 109.406723 24.301024, 109.406619 24.301038, 109.406513 24.301072, 109.406402 24.301179, 109.406177 24.301573, 109.405021 24.30102)))"
gis_osm_pois_a_free,<NA>,611821755,clinic,hospitals:gis_osm_pois_a_free:611821755:clinic,OGC:CRS84,450603,OpenStreetMap,real,kept,<NA>,Trạm Y tế xã Hải Sơn,medical,clinic,107.77456167636673,21.6456963,,derived_from_source_layer_osm_id_fclass,smartbidata_task06_20260810,team_shared,team_shared_source,广西壮族自治区,防城港市,防城区,"MULTIPOLYGON (((107.774119 21.645509, 107.774532 21.64526, 107.775018 21.645906, 107.774646 21.646175, 107.774406 21.645883, 107.774119 21.645509)))"
gis_osm_pois_a_free,<NA>,628650868,hospital,hospitals:gis_osm_pois_a_free:628650868:hospital,OGC:CRS84,450602,OpenStreetMap,real,kept,<NA>,港口区人民医院,medical,hospital,108.47172146177469,21.6034832,,derived_from_source_layer_osm_id_fclass,smartbidata_task06_20260810,team_shared,team_shared_source,广西壮族自治区,防城港市,港口区,"MULTIPOLYGON (((108.470379 21.603398, 108.470741 21.603282, 108.470782 21.603268, 108.472482 21.602428, 108.473084 21.603569, 108.473082 21.603607, 108.473052 21.603637, 108.472166 21.604028, 108.471107 21.604521, 108.470824 21.604653, 108.470728 21.604624, 108.470379 21.603398)))"
gis_osm_pois_a_free,<NA>,646911636,hospital,hospitals:gis_osm_pois_a_free:646911636:hospital,OGC:CRS84,450305,OpenStreetMap,real,kept,<NA>,桂林市中西医结合医院,medical,hospital,110.31928790641942,25.2629359,,derived_from_source_layer_osm_id_fclass,smartbidata_task06_20260810,team_shared,team_shared_source,广西壮族自治区,桂林市,七星区,"MULTIPOLYGON (((110.318613 25.262754, 110.319184 25.262298, 110.319493 25.262194, 110.320178 25.262186, 110.320187 25.262757, 110.319954 25.26276, 110.319956 25.262834, 110.319968 25.263449, 110.319679 25.263453, 110.319683 25.263621, 110.319431 25.263832, 110.318621 25.263038, 110.318613 25.262754)))"
gis_osm_pois_a_free,<NA>,652173870,doctors,hospitals:gis_osm_pois_a_free:652173870:doctors,OGC:CRS84,450103,OpenStreetMap,real,kept,<NA>,致远楼,medical,doctors,108.51306776597042,22.80067745,,derived_from_source_layer_osm_id_fclass,smartbidata_task06_20260810,team_shared,team_shared_source,广西壮族自治区,南宁市,青秀区,"MULTIPOLYGON (((108.512916 22.800669, 108.512939 22.800554, 108.513184 22.800596, 108.513146 22.800788, 108.513004 22.800764, 108.513019 22.800686, 108.512916 22.800669)))"
gis_osm_pois_a_free,<NA>,669121411,hospital,hospitals:gis_osm_pois_a_free:669121411:hospital,OGC:CRS84,450305,OpenStreetMap,real,kept,<NA>,桂林宝石花医院,medical,hospital,110.31822271454986,25.2558196,,derived_from_source_layer_osm_id_fclass,smartbidata_task06_20260810,team_shared,team_shared_source,广西壮族自治区,桂林市,七星区,"MULTIPOLYGON (((110.317835 25.255859, 110.318216 25.255529, 110.318249 25.255499, 110.318582 25.255805, 110.318549 25.255834, 110.318596 25.25588, 110.318304 25.25613, 110.318256 25.256084, 110.318168 25.256159, 110.317835 25.255859)))"
gis_osm_pois_a_free,<NA>,673512209,hospital,hospitals:gis_osm_pois_a_free:673512209:hospital,OGC:CRS84,451022,OpenStreetMap,real,kept,<NA>,田东县妇幼保健院,medical,hospital,107.12576697919961,23.6097209,,derived_from_source_layer_osm_id_fclass,smartbidata_task06_20260810,team_shared,team_shared_source,广西壮族自治区,百色市,田东县,"MULTIPOLYGON (((107.124977 23.609065, 107.126408 23.60896, 107.126629 23.610377, 107.125042 23.610482, 107.124977 23.609065)))"
gis_osm_pois_a_free,<NA>,9366624,hospital,hospitals:gis_osm_pois_a_free:9366624:hospital,OGC:CRS84,450305,OpenStreetMap,real,kept,<NA>,校医院,medical,hospital,110.3220176503997,25.2679006,,derived_from_source_layer_osm_id_fclass,smartbidata_task06_20260810,team_shared,team_shared_source,广西壮族自治区,桂林市,七星区,"MULTIPOLYGON (((110.32198 25.267792, 110.322339 25.267792, 110.322339 25.268005, 110.32198 25.268005, 110.32198 25.267792), (110.322056 25.267936, 110.322267 25.267936, 110.322267 25.267865, 110.322056 25.267865, 110.322056 25.267936)))"
gis_osm_pois_a_free,<NA>,677411918,hospital,hospitals:gis_osm_pois_a_free:677411918:hospital,OGC:CRS84,450303,OpenStreetMap,real,kept,<NA>,桂林市第二人民医院,medical,hospital,110.29778553888978,25.29035165,,derived_from_source_layer_osm_id_fclass,smartbidata_task06_20260810,team_shared,team_shared_source,广西壮族自治区,桂林市,叠彩区,"MULTIPOLYGON (((110.297364 25.289879, 110.298056 25.289809, 110.298126 25.290127, 110.298196 25.290504, 110.298279 25.290865, 110.298116 25.290928, 110.298148 25.291096, 110.297453 25.291168, 110.297437 25.290885, 110.297418 25.290551, 110.297392 25.290199, 110.297364 25.289879)))"
gis_osm_pois_a_free,<NA>,680306172,hospital,hospitals:gis_osm_pois_a_free:680306172:hospital,OGC:CRS84,451002,OpenStreetMap,real,kept,<NA>,百色市妇幼保健院,medical,hospital,106.62005004979312,23.90291725,,derived_from_source_layer_osm_id_fclass,smartbidata_task06_20260810,team_shared,team_shared_source,广西壮族自治区,百色市,右江区,"MULTIPOLYGON (((106.619712 23.902821, 106.619778 23.902778, 106.619845 23.902864, 106.620131 23.90268, 106.620355 23.90297, 106.620003 23.903198, 106.619712 23.902821)))"
gis_osm_pois_a_free,<NA>,680311500,hospital,hospitals:gis_osm_pois_a_free:680311500:hospital,OGC:CRS84,451002,OpenStreetMap,real,kept,<NA>,右江区人民医院,medical,hospital,106.6163566690721,23.90493465,,derived_from_source_layer_osm_id_fclass,smartbidata_task06_20260810,team_shared,team_shared_source,广西壮族自治区,百色市,右江区,"MULTIPOLYGON (((106.615852 23.905108, 106.615873 23.905074, 106.616091 23.904603, 106.616333 23.904696, 106.61636 23.904723, 106.616385 23.904677, 106.616754 23.904839, 106.616717 23.904909, 106.616834 23.90496, 106.616674 23.905226, 106.616239 23.905044, 106.616222 23.905076, 106.616132 23.905036, 106.616038 23.904995, 106.615946 23.905142, 106.615852 23.905108)))"
gis_osm_pois_a_free,<NA>,680390041,hospital,hospitals:gis_osm_pois_a_free:680390041:hospital,OGC:CRS84,451002,OpenStreetMap,real,kept,<NA>,百色市中医院,medical,hospital,106.65282055,23.8859797,,derived_from_source_layer_osm_id_fclass,smartbidata_task06_20260810,team_shared,team_shared_source,广西壮族自治区,百色市,右江区,"MULTIPOLYGON (((106.652147 23.886201, 106.652856 23.885326, 106.653494 23.885759, 106.652785 23.886634, 106.652147 23.886201)))"
gis_osm_pois_a_free,<NA>,682666715,hospital,hospitals:gis_osm_pois_a_free:682666715:hospital,OGC:CRS84,450304,OpenStreetMap,real,kept,<NA>,桂林市人民医院,medical,hospital,110.29037656336868,25.27205255,,derived_from_source_layer_osm_id_fclass,smartbidata_task06_20260810,team_shared,team_shared_source,广西壮族自治区,桂林市,象山区,"MULTIPOLYGON (((110.289433 25.272282, 110.289592 25.272224, 110.289538 25.272066, 110.289736 25.272037, 110.2899 25.272039, 110.289878 25.271486, 110.290112 25.271469, 110.290104 25.271188, 110.290477 25.271186, 110.290576 25.271186, 110.290579 25.271353, 110.291 25.271365, 110.291027 25.271868, 110.291185 25.272168, 110.290911 25.27217, 110.291099 25.272563, 110.290579 25.272798, 110.290088 25.272823, 110.289621 25.272903, 110.289586 25.272789, 110.289433 25.272282)))"
gis_osm_pois_a_free,<NA>,682678656,hospital,hospitals:gis_osm_pois_a_free:682678656:hospital,OGC:CRS84,450304,OpenStreetMap,real,kept,<NA>,中国人民解放军联勤保障部队第九二四医院,medical,hospital,110.28954806853127,25.26819825,,derived_from_source_layer_osm_id_fclass,smartbidata_task06_20260810,team_shared,team_shared_source,广西壮族自治区,桂林市,象山区,"MULTIPOLYGON (((110.287941 25.267603, 110.287952 25.267129, 110.290471 25.267261, 110.290809 25.268947, 110.2906 25.269056, 110.290426 25.269134, 110.290278 25.26918, 110.290101 25.269235, 110.289943 25.269269, 110.289755 25.269301, 110.288626 25.269479, 110.288393 25.268755, 110.288481 25.267641, 110.287941 25.267603)))"
gis_osm_pois_a_free,<NA>,682678657,hospital,hospitals:gis_osm_pois_a_free:682678657:hospital,OGC:CRS84,450304,OpenStreetMap,real,kept,<NA>,广西壮族自治区南溪山医院,medical,hospital,110.28504917273206,25.2501908,,derived_from_source_layer_osm_id_fclass,smartbidata_task06_20260810,team_shared,team_shared_source,广西壮族自治区,桂林市,象山区,"MULTIPOLYGON (((110.28162 25.249, 110.282256 25.248439, 110.283052 25.24848, 110.283004 25.249698, 110.286102 25.249732, 110.286797 25.249854, 110.287478 25.250528, 110.28648 25.25112, 110.286287 25.251523, 110.286174 25.251717, 110.284613 25.251658, 110.28162 25.249)))"
gis_osm_pois_a_free,<NA>,682678659,hospital,hospitals:gis_osm_pois_a_free:682678659:hospital,OGC:CRS84,,OpenStreetMap,real,kept,<NA>,桂林市妇女儿童医院,medical,hospital,110.29435608457956,25.28811195,,derived_from_source_layer_osm_id_fclass,smartbidata_task06_20260810,team_shared,team_shared_source,,,,"MULTIPOLYGON (((110.293943 25.287932, 110.29398 25.2879, 110.294587 25.287738, 110.294749 25.288231, 110.294132 25.288384, 110.293945 25.287993, 110.293943 25.287932)))"
gis_osm_pois_a_free,<NA>,682678660,hospital,hospitals:gis_osm_pois_a_free:682678660:hospital,OGC:CRS84,450302,OpenStreetMap,real,kept,<NA>,桂林市口腔医院,medical,hospital,110.28893297878668,25.28005085,,derived_from_source_layer_osm_id_fclass,smartbidata_task06_20260810,team_shared,team_shared_source,广西壮族自治区,桂林市,秀峰区,"MULTIPOLYGON (((110.288722 25.280096, 110.28893 25.279958, 110.288962 25.280016, 110.289051 25.279987, 110.289091 25.280085, 110.288761 25.280194, 110.288722 25.280096)))"
gis_osm_pois_a_free,<NA>,682678661,hospital,hospitals:gis_osm_pois_a_free:682678661:hospital,OGC:CRS84,450304,OpenStreetMap,real,kept,<NA>,桂林市中医医院,medical,hospital,110.28614541610594,25.27498985,,derived_from_source_layer_osm_id_fclass,smartbidata_task06_20260810,team_shared,team_shared_source,广西壮族自治区,桂林市,象山区,"MULTIPOLYGON (((110.285466 25.275195, 110.286396 25.274377, 110.28655 25.274495, 110.286464 25.274584, 110.286634 25.274708, 110.28648 25.274853, 110.286703 25.275127, 110.286555 25.275222, 110.286754 25.275491, 110.28608 25.275838, 110.285466 25.275195)))"
gis_osm_pois_a_free,<NA>,684128783,hospital,hospitals:gis_osm_pois_a_free:684128783:hospital,OGC:CRS84,450302,OpenStreetMap,real,kept,<NA>,桂林医科大学第一附属医院（乐群院区）,medical,hospital,110.28745015495163,25.2844256,,derived_from_source_layer_osm_id_fclass,smartbidata_task06_20260810,team_shared,team_shared_source,广西壮族自治区,桂林市,秀峰区,"MULTIPOLYGON (((110.286513 25.284088, 110.286879 25.283937, 110.287007 25.283887, 110.287472 25.283704, 110.287555 25.283863, 110.288034 25.283652, 110.288178 25.283667, 110.288397 25.284015, 110.288355 25.284053, 110.288468 25.284273, 110.28778 25.284583, 110.287151 25.284914, 110.286888 25.284578, 110.286513 25.284088)))"
gis_osm_pois_a_free,<NA>,690889137,hospital,hospitals:gis_osm_pois_a_free:690889137:hospital,OGC:CRS84,450202,OpenStreetMap,real,kept,<NA>,柳州市中医院（东区）,medical,hospital,109.43468071716387,24.3789268,,derived_from_source_layer_osm_id_fclass,smartbidata_task06_20260810,team_shared,team_shared_source,广西壮族自治区,柳州市,城中区,"MULTIPOLYGON (((109.432246 24.378892, 109.432344 24.378763, 109.434438 24.378137, 109.436397 24.377591, 109.43652 24.377652, 109.437131 24.378962, 109.437017 24.379215, 109.432414 24.380331, 109.432275 24.380216, 109.432246 24.378892)))"
gis_osm_pois_a_free,<NA>,712661893,hospital,hospitals:gis_osm_pois_a_free:712661893:hospital,OGC:CRS84,450203,OpenStreetMap,real,kept,<NA>,柳州市妇幼保健院,medical,hospital,109.55237566587391,24.39725605,,derived_from_source_layer_osm_id_fclass,smartbidata_task06_20260810,team_shared,team_shared_source,广西壮族自治区,柳州市,鱼峰区,"MULTIPOLYGON (((109.550094 24.398638, 109.551134 24.39559, 109.551488 24.395416, 109.554162 24.396123, 109.554379 24.396438, 109.553981 24.398121, 109.553876 24.398074, 109.553499 24.399249, 109.553126 24.399447, 109.550094 24.398638)))"
gis_osm_pois_a_free,<NA>,724360572,clinic,hospitals:gis_osm_pois_a_free:724360572:clinic,OGC:CRS84,450305,OpenStreetMap,real,kept,<NA>,卫生所,medical,clinic,110.3656127037365,25.2849777,,derived_from_source_layer_osm_id_fclass,smartbidata_task06_20260810,team_shared,team_shared_source,广西壮族自治区,桂林市,七星区,"MULTIPOLYGON (((110.365381 25.285036, 110.365382 25.284978, 110.365582 25.284979, 110.365583 25.284918, 110.365806 25.284919, 110.365806 25.284977, 110.365643 25.284976, 110.365643 25.285002, 110.365617 25.285002, 110.365617 25.285038, 110.365381 25.285036)))"
gis_osm_pois_a_free,<NA>,734011142,hospital,hospitals:gis_osm_pois_a_free:734011142:hospital,OGC:CRS84,450403,OpenStreetMap,real,kept,<NA>,广西壮族自治区桂东人民医院,medical,hospital,111.32624934546095,23.4753041,,derived_from_source_layer_osm_id_fclass,smartbidata_task06_20260810,team_shared,team_shared_source,广西壮族自治区,梧州市,万秀区,"MULTIPOLYGON (((111.325839 23.475112, 111.325851 23.474894, 111.326603 23.4749, 111.326594 23.475496, 111.325965 23.475499, 111.325839 23.475112)))"
gis_osm_pois_a_free,<NA>,734011163,hospital,hospitals:gis_osm_pois_a_free:734011163:hospital,OGC:CRS84,450403,OpenStreetMap,real,kept,<NA>,工人医院（广西医科大学附属第七医院）,medical,hospital,111.31742219030787,23.4754243,,derived_from_source_layer_osm_id_fclass,smartbidata_task06_20260810,team_shared,team_shared_source,广西壮族自治区,梧州市,万秀区,"MULTIPOLYGON (((111.31658 23.475257, 111.316753 23.474986, 111.316846 23.474757, 111.317331 23.474702, 111.318151 23.474668, 111.318201 23.474665, 111.318288 23.475773, 111.317504 23.475843, 111.31751 23.476001, 111.316832 23.476122, 111.316588 23.475592, 111.31658 23.475257)))"
gis_osm_pois_a_free,<NA>,734011167,hospital,hospitals:gis_osm_pois_a_free:734011167:hospital,OGC:CRS84,450403,OpenStreetMap,real,kept,<NA>,皮肤病防治院,medical,hospital,111.31393149955095,23.47533355,,derived_from_source_layer_osm_id_fclass,smartbidata_task06_20260810,team_shared,team_shared_source,广西壮族自治区,梧州市,万秀区,"MULTIPOLYGON (((111.313645 23.475511, 111.313652 23.475147, 111.314218 23.475156, 111.314211 23.47552, 111.313645 23.475511)))"
gis_osm_pois_a_free,<NA>,734135147,hospital,hospitals:gis_osm_pois_a_free:734135147:hospital,OGC:CRS84,450403,OpenStreetMap,real,kept,<NA>,梧州市妇幼保健院,medical,hospital,111.30098931421513,23.4823476,,derived_from_source_layer_osm_id_fclass,smartbidata_task06_20260810,team_shared,team_shared_source,广西壮族自治区,梧州市,万秀区,"MULTIPOLYGON (((111.300394 23.482737, 111.300688 23.482048, 111.301363 23.48223, 111.301495 23.48251, 111.30144 23.482649, 111.300894 23.482465, 111.300732 23.48287, 111.300394 23.482737)))"
gis_osm_pois_a_free,<NA>,734135151,hospital,hospitals:gis_osm_pois_a_free:734135151:hospital,OGC:CRS84,450403,OpenStreetMap,real,kept,<NA>,梧州红十字会医院,medical,hospital,111.29734906696586,23.4736242,,derived_from_source_layer_osm_id_fclass,smartbidata_task06_20260810,team_shared,team_shared_source,广西壮族自治区,梧州市,万秀区,"MULTIPOLYGON (((111.296685 23.473407, 111.297737 23.473225, 111.298417 23.473061, 111.298496 23.473375, 111.297929 23.473516, 111.29799 23.473732, 111.2971 23.474029, 111.297065 23.473921, 111.296823 23.47397, 111.296685 23.473407)))"
gis_osm_pois_a_free,<NA>,734499589,hospital,hospitals:gis_osm_pois_a_free:734499589:hospital,OGC:CRS84,450405,OpenStreetMap,real,kept,<NA>,梧州市中医医院,medical,hospital,111.25977582247623,23.4788649,,derived_from_source_layer_osm_id_fclass,smartbidata_task06_20260810,team_shared,team_shared_source,广西壮族自治区,梧州市,长洲区,"MULTIPOLYGON (((111.259178 23.478255, 111.260312 23.478209, 111.260394 23.479475, 111.259592 23.480162, 111.259227 23.479813, 111.259178 23.478255)))"
gis_osm_pois_a_free,<NA>,734529180,hospital,hospitals:gis_osm_pois_a_free:734529180:hospital,OGC:CRS84,450405,OpenStreetMap,real,kept,<NA>,梧州市人民医院,medical,hospital,111.22799953456891,23.46042715,,derived_from_source_layer_osm_id_fclass,smartbidata_task06_20260810,team_shared,team_shared_source,广西壮族自治区,梧州市,长洲区,"MULTIPOLYGON (((111.226302 23.459721, 111.228022 23.458718, 111.229697 23.461133, 111.228093 23.462068, 111.228023 23.462078, 111.227974 23.462074, 111.227919 23.462053, 111.226302 23.459721)))"
gis_osm_pois_a_free,<NA>,735236302,hospital,hospitals:gis_osm_pois_a_free:735236302:hospital,OGC:CRS84,450406,OpenStreetMap,real,kept,<NA>,苍梧县人民医院,medical,hospital,111.23833675641654,23.4233806,,derived_from_source_layer_osm_id_fclass,smartbidata_task06_20260810,team_shared,team_shared_source,广西壮族自治区,梧州市,龙圩区,"MULTIPOLYGON (((111.237791 23.423367, 111.238021 23.422972, 111.238883 23.423394, 111.238653 23.423789, 111.237791 23.423367)))"
gis_osm_pois_a_free,<NA>,759170267,clinic,hospitals:gis_osm_pois_a_free:759170267:clinic,OGC:CRS84,450107,OpenStreetMap,real,kept,<NA>,校医院,medical,clinic,108.29218635588589,22.8447904,,derived_from_source_layer_osm_id_fclass,smartbidata_task06_20260810,team_shared,team_shared_source,广西壮族自治区,南宁市,西乡塘区,"MULTIPOLYGON (((108.291897 22.844915, 108.291971 22.844632, 108.292456 22.84474, 108.292424 22.84486, 108.292335 22.84484, 108.292293 22.845003, 108.292026 22.844944, 108.291897 22.844915)))"
gis_osm_pois_a_free,<NA>,759340886,clinic,hospitals:gis_osm_pois_a_free:759340886:clinic,OGC:CRS84,450107,OpenStreetMap,real,kept,<NA>,西校园门诊部,medical,clinic,108.28299582912844,22.8446594,,derived_from_source_layer_osm_id_fclass,smartbidata_task06_20260810,team_shared,team_shared_source,广西壮族自治区,南宁市,西乡塘区,"MULTIPOLYGON (((108.282753 22.844742, 108.28292 22.844742, 108.282919 22.844577, 108.283072 22.844577, 108.283072 22.844882, 108.282753 22.844882, 108.282753 22.844742)))"
gis_osm_pois_a_free,<NA>,770986391,hospital,hospitals:gis_osm_pois_a_free:770986391:hospital,OGC:CRS84,450403,OpenStreetMap,real,kept,<NA>,梧州市第三人民医院,medical,hospital,111.34350066846761,23.46807455,,derived_from_source_layer_osm_id_fclass,smartbidata_task06_20260810,team_shared,team_shared_source,广西壮族自治区,梧州市,万秀区,"MULTIPOLYGON (((111.342963 23.466685, 111.342984 23.466219, 111.343583 23.466214, 111.343743 23.466337, 111.343727 23.466758, 111.343775 23.467258, 111.343962 23.467219, 111.344059 23.467518, 111.343941 23.467631, 111.343914 23.469106, 111.343344 23.469126, 111.34323 23.468802, 111.343177 23.468543, 111.343102 23.468518, 111.342963 23.466685)))"
gis_osm_pois_a_free,<NA>,775904713,hospital,hospitals:gis_osm_pois_a_free:775904713:hospital,OGC:CRS84,450202,OpenStreetMap,real,kept,<NA>,城中区柳东卫生院,medical,hospital,109.43830295000001,24.35298525,,derived_from_source_layer_osm_id_fclass,smartbidata_task06_20260810,team_shared,team_shared_source,广西壮族自治区,柳州市,城中区,"MULTIPOLYGON (((109.438011 24.352734, 109.438595 24.352734, 109.438595 24.353236, 109.438011 24.353236, 109.438011 24.352734)))"
gis_osm_pois_a_free,<NA>,792003601,hospital,hospitals:gis_osm_pois_a_free:792003601:hospital,OGC:CRS84,451002,OpenStreetMap,real,kept,<NA>,百色市第二人民医院,medical,hospital,106.61723259781638,23.91613345,,derived_from_source_layer_osm_id_fclass,smartbidata_task06_20260810,team_shared,team_shared_source,广西壮族自治区,百色市,右江区,"MULTIPOLYGON (((106.6164 23.91535, 106.61714 23.915156, 106.617972 23.916358, 106.617234 23.916892, 106.616821 23.916552, 106.616556 23.915909, 106.6164 23.91535)))"
gis_osm_pois_a_free,<NA>,792024776,hospital,hospitals:gis_osm_pois_a_free:792024776:hospital,OGC:CRS84,451002,OpenStreetMap,real,kept,<NA>,百东医院,medical,hospital,106.75761463542747,23.78866555,,derived_from_source_layer_osm_id_fclass,smartbidata_task06_20260810,team_shared,team_shared_source,广西壮族自治区,百色市,右江区,"MULTIPOLYGON (((106.755926 23.788369, 106.757313 23.787419, 106.757621 23.78711, 106.758013 23.786771, 106.758182 23.786727, 106.758407 23.786896, 106.758697 23.787377, 106.758844 23.787816, 106.758935 23.788148, 106.759091 23.788386, 106.759402 23.788945, 106.759383 23.78912, 106.759096 23.789382, 106.758866 23.789662, 106.758689 23.789851, 106.758681 23.79016, 106.758533 23.790263, 106.75723 23.790524, 106.757093 23.790325, 106.756819 23.789993, 106.756275 23.789358, 106.756055 23.789044, 106.755926 23.788369)))"
gis_osm_pois_a_free,<NA>,792184800,hospital,hospitals:gis_osm_pois_a_free:792184800:hospital,OGC:CRS84,451002,OpenStreetMap,real,kept,<NA>,妇幼保健院,medical,hospital,106.60275035441876,23.8875049,,derived_from_source_layer_osm_id_fclass,smartbidata_task06_20260810,team_shared,team_shared_source,广西壮族自治区,百色市,右江区,"MULTIPOLYGON (((106.602473 23.887492, 106.602514 23.887371, 106.603028 23.887518, 106.602986 23.887639, 106.602473 23.887492)))"
gis_osm_pois_a_free,<NA>,792853857,hospital,hospitals:gis_osm_pois_a_free:792853857:hospital,OGC:CRS84,451002,OpenStreetMap,real,kept,<NA>,右江区妇幼保健院,medical,hospital,106.63866521365563,23.88427525,,derived_from_source_layer_osm_id_fclass,smartbidata_task06_20260810,team_shared,team_shared_source,广西壮族自治区,百色市,右江区,"MULTIPOLYGON (((106.638582 23.884202, 106.638748 23.884201, 106.638749 23.884349, 106.638688 23.884349, 106.638689 23.88444, 106.638749 23.884439, 106.63875 23.884495, 106.638583 23.884496, 106.638582 23.884202)))"
gis_osm_pois_a_free,<NA>,822526261,hospital,hospitals:gis_osm_pois_a_free:822526261:hospital,OGC:CRS84,450603,OpenStreetMap,real,kept,<NA>,防城区人民医院,medical,hospital,108.34818912710959,21.76338495,,derived_from_source_layer_osm_id_fclass,smartbidata_task06_20260810,team_shared,team_shared_source,广西壮族自治区,防城港市,防城区,"MULTIPOLYGON (((108.347448 21.763601, 108.347466 21.763586, 108.347497 21.763563, 108.347457 21.763513, 108.347813 21.763257, 108.347807 21.763241, 108.347812 21.763236, 108.347806 21.763214, 108.347876 21.763162, 108.347942 21.763113, 108.347955 21.763103, 108.348007 21.763081, 108.348049 21.763064, 108.348079 21.763043, 108.348002 21.762924, 108.348088 21.762874, 108.348128 21.762931, 108.34843 21.762821, 108.348511 21.762791, 108.348594 21.762761, 108.348614 21.762862, 108.348667 21.763065, 108.348681 21.763124, 108.348692 21.76316, 108.348775 21.763525, 108.34879 21.76361, 108.348803 21.763694, 108.348817 21.763778, 108.348727 21.763791, 108.348624 21.763807, 108.348026 21.763898, 108.347978 21.763906, 108.347928 21.763914, 108.347674 21.763952, 108.347645 21.763957, 108.347626 21.763868, 108.347448 21.763601)))"
gis_osm_pois_a_free,<NA>,822539059,hospital,hospitals:gis_osm_pois_a_free:822539059:hospital,OGC:CRS84,450603,OpenStreetMap,real,kept,<NA>,防城港市第一人民医院,medical,hospital,108.36051682625899,21.77222895,,derived_from_source_layer_osm_id_fclass,smartbidata_task06_20260810,team_shared,team_shared_source,广西壮族自治区,防城港市,防城区,"MULTIPOLYGON (((108.359245 21.772102, 108.359295 21.771663, 108.359456 21.77162, 108.35954 21.771546, 108.359517 21.771341, 108.359587 21.771344, 108.359598 21.770998, 108.359605 21.770764, 108.360118 21.771149, 108.360159 21.77118, 108.3602 21.77121, 108.360231 21.771237, 108.360237 21.771242, 108.360247 21.77125, 108.360334 21.771323, 108.360421 21.771396, 108.360688 21.77162, 108.361025 21.771902, 108.361073 21.771942, 108.361276 21.772112, 108.3614 21.772216, 108.361441 21.772242, 108.361514 21.772303, 108.361433 21.772386, 108.361584 21.772513, 108.361535 21.772572, 108.361565 21.772587, 108.361538 21.772709, 108.361634 21.772714, 108.361722 21.772789, 108.361506 21.773018, 108.361483 21.773138, 108.361391 21.773234, 108.36127 21.773296, 108.36126 21.773515, 108.361207 21.773647, 108.361105 21.773678, 108.361001 21.773632, 108.360631 21.773637, 108.360142 21.773703, 108.35997 21.773461, 108.359977 21.773382, 108.359918 21.773307, 108.359594 21.773266, 108.359634 21.772937, 108.35968 21.772398, 108.35971 21.772248, 108.359495 21.772206, 108.359507 21.772152, 108.359278 21.772108, 108.359245 21.772102)))"
gis_osm_pois_a_free,<NA>,822563908,hospital,hospitals:gis_osm_pois_a_free:822563908:hospital,OGC:CRS84,450603,OpenStreetMap,real,kept,<NA>,防城港市中医医院,medical,hospital,108.35892212429428,21.75662185,,derived_from_source_layer_osm_id_fclass,smartbidata_task06_20260810,team_shared,team_shared_source,广西壮族自治区,防城港市,防城区,"MULTIPOLYGON (((108.358068 21.757016, 108.358284 21.756898, 108.358494 21.756788, 108.358391 21.756534, 108.35849 21.756502, 108.358411 21.756285, 108.358521 21.756239, 108.358447 21.756047, 108.358628 21.755939, 108.358678 21.755909, 108.359011 21.755713, 108.359071 21.755717, 108.359115 21.755734, 108.359548 21.756266, 108.35957 21.75637, 108.359552 21.756454, 108.359508 21.756524, 108.359337 21.75671, 108.359298 21.756803, 108.359282 21.75691, 108.359356 21.757051, 108.359375 21.757116, 108.359337 21.757208, 108.359141 21.757322, 108.359128 21.757304, 108.358912 21.757444, 108.358544 21.757676, 108.358473 21.757579, 108.358414 21.757497, 108.35836 21.75742, 108.358313 21.757356, 108.358068 21.757016)))"
gis_osm_pois_a_free,<NA>,824173859,hospital,hospitals:gis_osm_pois_a_free:824173859:hospital,OGC:CRS84,451029,OpenStreetMap,real,kept,<NA>,田林县中医医院,medical,hospital,106.21327209267778,24.31193455,,derived_from_source_layer_osm_id_fclass,smartbidata_task06_20260810,team_shared,team_shared_source,广西壮族自治区,百色市,田林县,"MULTIPOLYGON (((106.212798 24.311989, 106.213632 24.311282, 106.213759 24.311383, 106.213774 24.311571, 106.213805 24.311817, 106.213693 24.31188, 106.213664 24.312029, 106.213694 24.312406, 106.213334 24.312583, 106.212798 24.311989)))"
gis_osm_pois_a_free,<NA>,826171236,hospital,hospitals:gis_osm_pois_a_free:826171236:hospital,OGC:CRS84,450603,OpenStreetMap,real,kept,<NA>,广西壮族自治区人民医院防城港医院,medical,hospital,108.37411999421727,21.73054075,,derived_from_source_layer_osm_id_fclass,smartbidata_task06_20260810,team_shared,team_shared_source,广西壮族自治区,防城港市,防城区,"MULTIPOLYGON (((108.372557 21.729265, 108.373477 21.729262, 108.374392 21.72926, 108.374595 21.72926, 108.375797 21.729256, 108.37591 21.729256, 108.375428 21.731817, 108.372588 21.731846, 108.372557 21.729265)))"
gis_osm_pois_a_free,<NA>,836086506,hospital,hospitals:gis_osm_pois_a_free:836086506:hospital,OGC:CRS84,450205,OpenStreetMap,real,kept,<NA>,广西科技大学第一附属医院,medical,hospital,109.41046351311863,24.37061885,,derived_from_source_layer_osm_id_fclass,smartbidata_task06_20260810,team_shared,team_shared_source,广西壮族自治区,柳州市,柳北区,"MULTIPOLYGON (((109.409395 24.371647, 109.409575 24.368735, 109.410221 24.368717, 109.410199 24.368852, 109.410322 24.368858, 109.410303 24.369337, 109.410603 24.369366, 109.410539 24.370226, 109.410696 24.370243, 109.41069 24.370396, 109.411505 24.370482, 109.411432 24.370755, 109.411787 24.370844, 109.411761 24.371022, 109.411842 24.371088, 109.412204 24.371131, 109.412183 24.371266, 109.412084 24.371897, 109.41204 24.372177, 109.41196 24.372332, 109.411942 24.372368, 109.411727 24.372323, 109.411498 24.372342, 109.411167 24.372434, 109.411078 24.372458, 109.410939 24.372416, 109.41085 24.372398, 109.41084 24.372472, 109.410709 24.372457, 109.410678 24.372434, 109.410498 24.37241, 109.409503 24.372409, 109.409539 24.371691, 109.409395 24.371647)))"
gis_osm_pois_a_free,<NA>,837903779,hospital,hospitals:gis_osm_pois_a_free:837903779:hospital,OGC:CRS84,450108,OpenStreetMap,real,kept,<NA>,前海人寿南宁医院,medical,hospital,108.38662605213034,22.70700275,,derived_from_source_layer_osm_id_fclass,smartbidata_task06_20260810,team_shared,team_shared_source,广西壮族自治区,南宁市,良庆区,"MULTIPOLYGON (((108.38506 22.708314, 108.385613 22.705724, 108.385682 22.705601, 108.385772 22.705518, 108.385925 22.705491, 108.388048 22.705535, 108.388128 22.705559, 108.388185 22.705622, 108.388195 22.705709, 108.387633 22.708282, 108.387569 22.708378, 108.387458 22.70844, 108.387362 22.708464, 108.385378 22.708551, 108.385207 22.708529, 108.385118 22.708476, 108.38507 22.708411, 108.38506 22.708314)))"
gis_osm_pois_a_free,<NA>,837946513,hospital,hospitals:gis_osm_pois_a_free:837946513:hospital,OGC:CRS84,450108,OpenStreetMap,real,kept,<NA>,广西自贸区医院,medical,hospital,108.4177100291531,22.73933875,,derived_from_source_layer_osm_id_fclass,smartbidata_task06_20260810,team_shared,team_shared_source,广西壮族自治区,南宁市,良庆区,"MULTIPOLYGON (((108.416587 22.738514, 108.418577 22.738343, 108.418859 22.740164, 108.418836 22.740231, 108.41878 22.740278, 108.418714 22.740297, 108.416987 22.740372, 108.416894 22.740355, 108.416831 22.740302, 108.416802 22.740258, 108.416587 22.738514)))"
gis_osm_pois_a_free,<NA>,838558094,hospital,hospitals:gis_osm_pois_a_free:838558094:hospital,OGC:CRS84,450103,OpenStreetMap,real,kept,<NA>,中山大学第一医院广西医院,medical,hospital,108.38271069666013,22.8335199,,derived_from_source_layer_osm_id_fclass,smartbidata_task06_20260810,team_shared,team_shared_source,广西壮族自治区,南宁市,青秀区,"MULTIPOLYGON (((108.381583 22.833816, 108.381585 22.83377, 108.381984 22.83283, 108.382027 22.832785, 108.382082 22.83276, 108.382183 22.83277, 108.383741 22.833132, 108.383773 22.833148, 108.38379 22.833172, 108.383792 22.833208, 108.383775 22.833326, 108.383686 22.833714, 108.383583 22.834061, 108.383406 22.834568, 108.38339 22.834585, 108.383369 22.834587, 108.383347 22.834583, 108.383313 22.834566, 108.382602 22.834237, 108.38217 22.834057, 108.381942 22.83397, 108.381656 22.833881, 108.381609 22.833852, 108.381583 22.833816)))"
gis_osm_pois_a_free,<NA>,839607678,hospital,hospitals:gis_osm_pois_a_free:839607678:hospital,OGC:CRS84,450107,OpenStreetMap,real,kept,<NA>,广西医科大学第二附属医院,medical,hospital,108.25584208274739,22.84422335,,derived_from_source_layer_osm_id_fclass,smartbidata_task06_20260810,team_shared,team_shared_source,广西壮族自治区,南宁市,西乡塘区,"MULTIPOLYGON (((108.254659 22.845835, 108.254875 22.844451, 108.254905 22.843414, 108.255289 22.843244, 108.255184 22.842825, 108.255233 22.842815, 108.255967 22.842669, 108.257308 22.842454, 108.257375 22.842784, 108.257468 22.843309, 108.257284 22.843337, 108.257102 22.843335, 108.256831 22.843394, 108.256698 22.843797, 108.256813 22.844088, 108.256792 22.844359, 108.256948 22.844391, 108.25692 22.844638, 108.25699 22.84473, 108.256912 22.845348, 108.256113 22.845521, 108.254659 22.845835)))"
gis_osm_pois_a_free,<NA>,839633851,hospital,hospitals:gis_osm_pois_a_free:839633851:hospital,OGC:CRS84,450204,OpenStreetMap,real,kept,<NA>,柳州市工人医院,medical,hospital,109.3434927436434,24.3160102,,derived_from_source_layer_osm_id_fclass,smartbidata_task06_20260810,team_shared,team_shared_source,广西壮族自治区,柳州市,柳南区,"MULTIPOLYGON (((109.341513 24.31772, 109.341513 24.316673, 109.342344 24.31668, 109.342364 24.315631, 109.342497 24.315488, 109.344439 24.315469, 109.344446 24.314907, 109.344388 24.314905, 109.344395 24.314567, 109.344628 24.314555, 109.344627 24.315457, 109.34463 24.316389, 109.344729 24.316451, 109.345694 24.316449, 109.346302 24.316448, 109.346286 24.31704, 109.34627 24.317662, 109.346141 24.317789, 109.345263 24.317776, 109.345148 24.317774, 109.342181 24.31773, 109.341513 24.31772)))"
gis_osm_pois_a_free,<NA>,839655961,hospital,hospitals:gis_osm_pois_a_free:839655961:hospital,OGC:CRS84,450102,OpenStreetMap,real,kept,<NA>,广西壮族自治区妇幼保健院,medical,hospital,108.36506775931214,22.85365235,,derived_from_source_layer_osm_id_fclass,smartbidata_task06_20260810,team_shared,team_shared_source,广西壮族自治区,南宁市,兴宁区,"MULTIPOLYGON (((108.363452 22.853841, 108.364205 22.852226, 108.365534 22.853006, 108.365703 22.853088, 108.366688 22.853464, 108.365954 22.854976, 108.363452 22.853841)))"
gis_osm_pois_a_free,<NA>,866221921,hospital,hospitals:gis_osm_pois_a_free:866221921:hospital,OGC:CRS84,451029,OpenStreetMap,real,kept,<NA>,田林县人民医院,medical,hospital,106.23627098112438,24.29008415,,derived_from_source_layer_osm_id_fclass,smartbidata_task06_20260810,team_shared,team_shared_source,广西壮族自治区,百色市,田林县,"MULTIPOLYGON (((106.23517 24.290253, 106.235963 24.28965, 106.236374 24.289267, 106.23646 24.289332, 106.236553 24.289398, 106.236655 24.28947, 106.236676 24.289485, 106.236819 24.289604, 106.236941 24.289708, 106.237012 24.289778, 106.237118 24.289837, 106.237258 24.289915, 106.236906 24.290465, 106.236449 24.291048, 106.236315 24.291219, 106.236167 24.291107, 106.236069 24.290927, 106.23557 24.290611, 106.235549 24.290593, 106.235412 24.29047, 106.235189 24.29027, 106.23517 24.290253)))"
gis_osm_pois_a_free,<NA>,866221942,hospital,hospitals:gis_osm_pois_a_free:866221942:hospital,OGC:CRS84,451029,OpenStreetMap,real,kept,<NA>,田林县妇幼保健院,medical,hospital,106.23033202672637,24.2915603,,derived_from_source_layer_osm_id_fclass,smartbidata_task06_20260810,team_shared,team_shared_source,广西壮族自治区,百色市,田林县,"MULTIPOLYGON (((106.229955 24.291457, 106.230301 24.291216, 106.230424 24.291351, 106.230709 24.291664, 106.230366 24.291908, 106.229955 24.291457)))"
gis_osm_pois_a_free,<NA>,883840455,hospital,hospitals:gis_osm_pois_a_free:883840455:hospital,OGC:CRS84,451481,OpenStreetMap,real,kept,<NA>,凭祥市人民医院,medical,hospital,106.75205059397516,22.10869515,,derived_from_source_layer_osm_id_fclass,smartbidata_task06_20260810,team_shared,team_shared_source,广西壮族自治区,崇左市,凭祥市,"MULTIPOLYGON (((106.751175 22.108953, 106.751659 22.108418, 106.751642 22.108297, 106.751822 22.10807, 106.751854 22.107897, 106.752138 22.107885, 106.752196 22.108162, 106.752374 22.108104, 106.752554 22.107989, 106.752606 22.108049, 106.752762 22.108261, 106.752809 22.108419, 106.752828 22.108631, 106.752557 22.108759, 106.752362 22.108803, 106.75225 22.108939, 106.752049 22.108986, 106.751927 22.108942, 106.751839 22.109196, 106.751666 22.109319, 106.751591 22.109351, 106.751549 22.109382, 106.751175 22.108953)))"
gis_osm_pois_a_free,<NA>,891244297,hospital,hospitals:gis_osm_pois_a_free:891244297:hospital,OGC:CRS84,450205,OpenStreetMap,real,kept,<NA>,广西柳州钢铁医院,medical,hospital,109.40298886309722,24.3730727,,derived_from_source_layer_osm_id_fclass,smartbidata_task06_20260810,team_shared,team_shared_source,广西壮族自治区,柳州市,柳北区,"MULTIPOLYGON (((109.401852 24.373211, 109.401893 24.372315, 109.402033 24.37205, 109.402206 24.371978, 109.403889 24.372197, 109.404206 24.372204, 109.404485 24.372114, 109.404439 24.372834, 109.404382 24.372885, 109.404173 24.372893, 109.404118 24.372934, 109.404128 24.37395, 109.40361 24.374046, 109.402771 24.374034, 109.402755 24.373911, 109.401852 24.373211)))"
gis_osm_pois_a_free,<NA>,899210215,hospital,hospitals:gis_osm_pois_a_free:899210215:hospital,OGC:CRS84,450204,OpenStreetMap,real,kept,<NA>,柳州市潭中人民医院（西院）,medical,hospital,109.37357624095807,24.34008115,,derived_from_source_layer_osm_id_fclass,smartbidata_task06_20260810,team_shared,team_shared_source,广西壮族自治区,柳州市,柳南区,"MULTIPOLYGON (((109.373094 24.340377, 109.373125 24.339338, 109.373303 24.339259, 109.373672 24.339254, 109.373983 24.339272, 109.3742 24.339272, 109.374202 24.339349, 109.374211 24.339797, 109.374049 24.339805, 109.374049 24.340358, 109.373094 24.340377)))"
gis_osm_pois_a_free,<NA>,904773392,hospital,hospitals:gis_osm_pois_a_free:904773392:hospital,OGC:CRS84,450702,OpenStreetMap,real,kept,<NA>,钦州市第一人民医院,medical,hospital,108.62745600825605,21.96424835,,derived_from_source_layer_osm_id_fclass,smartbidata_task06_20260810,team_shared,team_shared_source,广西壮族自治区,钦州市,钦南区,"MULTIPOLYGON (((108.626224 21.963154, 108.626391 21.963135, 108.626479 21.963121, 108.626569 21.963098, 108.626671 21.963043, 108.626756 21.962988, 108.626873 21.962891, 108.627036 21.962756, 108.627322 21.962524, 108.627416 21.96248, 108.627428 21.962607, 108.627476 21.962606, 108.627524 21.962606, 108.627537 21.963022, 108.628294 21.962969, 108.628384 21.962925, 108.628784 21.962899, 108.628694 21.963118, 108.628685 21.963856, 108.628672 21.964641, 108.628646 21.965224, 108.628582 21.965306, 108.627726 21.965316, 108.627664 21.965278, 108.627431 21.965277, 108.627377 21.965285, 108.627 21.965286, 108.626653 21.9653, 108.626242 21.965187, 108.626228 21.963623, 108.626224 21.963154)))"
gis_osm_pois_a_free,<NA>,915070929,hospital,hospitals:gis_osm_pois_a_free:915070929:hospital,OGC:CRS84,450103,OpenStreetMap,real,kept,<NA>,南宁市第一人民医院,medical,hospital,108.32100181383345,22.8135385,,derived_from_source_layer_osm_id_fclass,smartbidata_task06_20260810,team_shared,team_shared_source,广西壮族自治区,南宁市,青秀区,"MULTIPOLYGON (((108.320056 22.81308, 108.320086 22.812937, 108.320167 22.812846, 108.321493 22.812403, 108.321837 22.813997, 108.321618 22.814069, 108.321656 22.814195, 108.32106 22.814397, 108.321172 22.814658, 108.320832 22.814777, 108.320056 22.81308)))"
gis_osm_pois_a_free,<NA>,915070930,hospital,hospitals:gis_osm_pois_a_free:915070930:hospital,OGC:CRS84,450103,OpenStreetMap,real,kept,<NA>,广西壮族自治区人民医院,medical,hospital,108.32395043653,22.8048815,,derived_from_source_layer_osm_id_fclass,smartbidata_task06_20260810,team_shared,team_shared_source,广西壮族自治区,南宁市,青秀区,"MULTIPOLYGON (((108.3231 22.805133, 108.323109 22.805085, 108.323123 22.805012, 108.323294 22.804497, 108.32346 22.80411, 108.32378 22.803358, 108.324491 22.80362, 108.32432 22.804091, 108.324822 22.804246, 108.324759 22.804415, 108.324712 22.804541, 108.32465 22.804708, 108.324784 22.804751, 108.324638 22.805138, 108.324612 22.805209, 108.324948 22.805315, 108.32485 22.805597, 108.325001 22.805653, 108.324947 22.80582, 108.325297 22.805919, 108.324858 22.806149, 108.324669 22.806207, 108.32416 22.806342, 108.32336 22.806559, 108.323346 22.806514, 108.323311 22.806426, 108.32329 22.806325, 108.323248 22.806061, 108.32323 22.805872, 108.323281 22.805868, 108.323264 22.805724, 108.323262 22.805628, 108.32325 22.80536, 108.323312 22.805305, 108.323227 22.805196, 108.3231 22.805133)))"
gis_osm_pois_a_free,<NA>,915110708,hospital,hospitals:gis_osm_pois_a_free:915110708:hospital,OGC:CRS84,450103,OpenStreetMap,real,kept,<NA>,联勤保障部队第九二三医院,medical,hospital,108.32758807190035,22.79801845,,derived_from_source_layer_osm_id_fclass,smartbidata_task06_20260810,team_shared,team_shared_source,广西壮族自治区,南宁市,青秀区,"MULTIPOLYGON (((108.32554 22.798825, 108.3259 22.798283, 108.325913 22.798156, 108.325832 22.797986, 108.325712 22.797887, 108.325909 22.797191, 108.326042 22.797187, 108.326042 22.796607, 108.326347 22.796638, 108.32648 22.796571, 108.326763 22.796615, 108.326793 22.796528, 108.327694 22.796896, 108.327754 22.796749, 108.327973 22.796816, 108.328016 22.796722, 108.32857 22.796915, 108.328524 22.797018, 108.329486 22.797366, 108.329451 22.797647, 108.329318 22.798051, 108.329232 22.798483, 108.328864 22.798448, 108.328846 22.798784, 108.328825 22.79907, 108.32869 22.799065, 108.328665 22.79935, 108.327767 22.799292, 108.327218 22.799301, 108.327172 22.799468, 108.326829 22.799302, 108.326432 22.799139, 108.325797 22.798902, 108.32554 22.798825)))"
gis_osm_pois_a_free,<NA>,915315500,hospital,hospitals:gis_osm_pois_a_free:915315500:hospital,OGC:CRS84,450103,OpenStreetMap,real,kept,<NA>,广西医科大学第一附属医院,medical,hospital,108.3390913519844,22.79878815,,derived_from_source_layer_osm_id_fclass,smartbidata_task06_20260810,team_shared,team_shared_source,广西壮族自治区,南宁市,青秀区,"MULTIPOLYGON (((108.336427 22.800007, 108.33644 22.7999, 108.336457 22.799774, 108.336834 22.798043, 108.338562 22.798383, 108.338794 22.797647, 108.338836 22.797606, 108.338901 22.79759, 108.339474 22.79756, 108.339615 22.797626, 108.34004 22.797745, 108.340854 22.797999, 108.341122 22.798063, 108.341109 22.798117, 108.341427 22.798192, 108.341613 22.798228, 108.34156 22.798448, 108.341526 22.798686, 108.341496 22.798891, 108.34143 22.799299, 108.341181 22.79931, 108.341179 22.799342, 108.34117 22.799624, 108.34063 22.799495, 108.340528 22.799791, 108.339093 22.799438, 108.339119 22.799344, 108.338304 22.799133, 108.337319 22.799964, 108.337268 22.799916, 108.33722 22.79987, 108.337064 22.800008, 108.336867 22.800104, 108.336655 22.800154, 108.336522 22.800142, 108.336427 22.800007)))"
gis_osm_pois_a_free,<NA>,915315536,hospital,hospitals:gis_osm_pois_a_free:915315536:hospital,OGC:CRS84,450103,OpenStreetMap,real,kept,<NA>,广西医科大学附属口腔医院,medical,hospital,108.34008052530581,22.80133555,,derived_from_source_layer_osm_id_fclass,smartbidata_task06_20260810,team_shared,team_shared_source,广西壮族自治区,南宁市,青秀区,"MULTIPOLYGON (((108.339351 22.801686, 108.339365 22.801642, 108.3395 22.801451, 108.339639 22.801287, 108.339828 22.80116, 108.339996 22.800963, 108.340069 22.800844, 108.340133 22.800786, 108.340196 22.800754, 108.34037 22.800762, 108.340465 22.800746, 108.340456 22.800883, 108.340406 22.801034, 108.340514 22.80106, 108.340484 22.801151, 108.340501 22.801155, 108.340449 22.801298, 108.340677 22.801373, 108.34061 22.801594, 108.340309 22.801519, 108.340197 22.801494, 108.340082 22.801449, 108.33996 22.801737, 108.339833 22.801961, 108.339366 22.80172, 108.339351 22.801686)))"
gis_osm_pois_a_free,<NA>,921993751,hospital,hospitals:gis_osm_pois_a_free:921993751:hospital,OGC:CRS84,450603,OpenStreetMap,real,kept,<NA>,文昌社区卫生服务中心,medical,hospital,108.36709220167435,21.724547,,derived_from_source_layer_osm_id_fclass,smartbidata_task06_20260810,team_shared,team_shared_source,广西壮族自治区,防城港市,防城区,"MULTIPOLYGON (((108.366974 21.724356, 108.366975 21.724281, 108.367128 21.72428, 108.367211 21.72436, 108.367245 21.724461, 108.367167 21.724653, 108.367109 21.724633, 108.366975 21.724634, 108.366974 21.724356)))"
gis_osm_pois_a_free,<NA>,922786893,hospital,hospitals:gis_osm_pois_a_free:922786893:hospital,OGC:CRS84,450103,OpenStreetMap,real,kept,<NA>,广西江滨医院,medical,hospital,108.34624508229311,22.79212985,,derived_from_source_layer_osm_id_fclass,smartbidata_task06_20260810,team_shared,team_shared_source,广西壮族自治区,南宁市,青秀区,"MULTIPOLYGON (((108.344948 22.792956, 108.345021 22.79264, 108.345764 22.790971, 108.345879 22.791024, 108.346025 22.790702, 108.346118 22.790732, 108.346194 22.790555, 108.346264 22.790569, 108.346294 22.790473, 108.346642 22.790462, 108.346658 22.790415, 108.347341 22.790598, 108.346928 22.791935, 108.347556 22.792325, 108.347443 22.792419, 108.34729 22.792574, 108.34676 22.793741, 108.346598 22.793722, 108.345538 22.793566, 108.345604 22.79319, 108.344948 22.792956)))"
gis_osm_pois_a_free,<NA>,922789147,hospital,hospitals:gis_osm_pois_a_free:922789147:hospital,OGC:CRS84,450108,OpenStreetMap,real,kept,<NA>,广西国际壮医医院,medical,hospital,108.38158930732453,22.75137715,,derived_from_source_layer_osm_id_fclass,smartbidata_task06_20260810,team_shared,team_shared_source,广西壮族自治区,南宁市,良庆区,"MULTIPOLYGON (((108.380205 22.751712, 108.380209 22.751665, 108.380241 22.751582, 108.380288 22.751172, 108.380299 22.750953, 108.380303 22.750874, 108.380306 22.75081, 108.380313 22.750627, 108.38035 22.750564, 108.381255 22.749725, 108.381302 22.749658, 108.381414 22.749588, 108.381418 22.749515, 108.38171 22.749506, 108.382019 22.749517, 108.38281 22.74951, 108.382902 22.749512, 108.382925 22.753078, 108.382859 22.753078, 108.381698 22.753077, 108.381592 22.75308, 108.381479 22.753083, 108.380799 22.753077, 108.380581 22.753055, 108.380209 22.753056, 108.380205 22.751712)))"
gis_osm_pois_a_free,<NA>,923433149,hospital,hospitals:gis_osm_pois_a_free:923433149:hospital,OGC:CRS84,450602,OpenStreetMap,real,kept,<NA>,防城港市第四人民医院,medical,hospital,108.47150409987448,21.60229725,,derived_from_source_layer_osm_id_fclass,smartbidata_task06_20260810,team_shared,team_shared_source,广西壮族自治区,防城港市,港口区,"MULTIPOLYGON (((108.470553 21.602167, 108.472072 21.601445, 108.472482 21.602428, 108.470782 21.603268, 108.470553 21.602167)))"
gis_osm_pois_a_free,<NA>,923434621,hospital,hospitals:gis_osm_pois_a_free:923434621:hospital,OGC:CRS84,450602,OpenStreetMap,real,kept,<NA>,港口区人民医院凯乐门诊部,medical,hospital,108.35484114144865,21.62737795,,derived_from_source_layer_osm_id_fclass,smartbidata_task06_20260810,team_shared,team_shared_source,广西壮族自治区,防城港市,港口区,"MULTIPOLYGON (((108.354667 21.627306, 108.35487 21.627203, 108.355015 21.62745, 108.354812 21.627553, 108.354667 21.627306)))"
gis_osm_pois_a_free,<NA>,923437416,hospital,hospitals:gis_osm_pois_a_free:923437416:hospital,OGC:CRS84,450602,OpenStreetMap,real,kept,<NA>,港口区人民医院(海港分院),medical,hospital,108.33460195601435,21.6097803,,derived_from_source_layer_osm_id_fclass,smartbidata_task06_20260810,team_shared,team_shared_source,广西壮族自治区,防城港市,港口区,"MULTIPOLYGON (((108.334281 21.609576, 108.334342 21.609329, 108.334739 21.609246, 108.33494 21.610008, 108.334515 21.610104, 108.33448 21.609984, 108.334372 21.61001, 108.334281 21.609576)))"
gis_osm_pois_a_free,<NA>,923440968,hospital,hospitals:gis_osm_pois_a_free:923440968:hospital,OGC:CRS84,450602,OpenStreetMap,real,kept,<NA>,港口区人民医院(公车分院),medical,hospital,108.43181236966208,21.6968635,,derived_from_source_layer_osm_id_fclass,smartbidata_task06_20260810,team_shared,team_shared_source,广西壮族自治区,防城港市,港口区,"MULTIPOLYGON (((108.431444 21.696186, 108.431567 21.696114, 108.432154 21.696112, 108.432152 21.696276, 108.432201 21.696357, 108.432164 21.696812, 108.432195 21.696914, 108.432198 21.697609, 108.431446 21.697607, 108.431444 21.696186)))"
gis_osm_pois_a_free,<NA>,923488289,hospital,hospitals:gis_osm_pois_a_free:923488289:hospital,OGC:CRS84,450603,OpenStreetMap,real,kept,<NA>,防城港市重大疫情救治基地,medical,hospital,108.3739895766432,21.7323866,,derived_from_source_layer_osm_id_fclass,smartbidata_task06_20260810,team_shared,team_shared_source,广西壮族自治区,防城港市,防城区,"MULTIPOLYGON (((108.372588 21.731846, 108.375428 21.731817, 108.375342 21.732967, 108.3726 21.732927, 108.372588 21.731846)))"
gis_osm_pois_a_free,<NA>,924329164,hospital,hospitals:gis_osm_pois_a_free:924329164:hospital,OGC:CRS84,450602,OpenStreetMap,real,kept,<NA>,防城港市妇幼保健院,medical,hospital,108.36864442635019,21.6749648,,derived_from_source_layer_osm_id_fclass,smartbidata_task06_20260810,team_shared,team_shared_source,广西壮族自治区,防城港市,港口区,"MULTIPOLYGON (((108.367771 21.675191, 108.367964 21.674682, 108.368115 21.674738, 108.368162 21.674692, 108.368757 21.673954, 108.36893 21.674065, 108.369074 21.674139, 108.369603 21.674394, 108.369645 21.674446, 108.369649 21.674514, 108.369131 21.675588, 108.369056 21.675641, 108.368965 21.675646, 108.368017 21.675324, 108.367895 21.675283, 108.367808 21.675254, 108.367825 21.67521, 108.367771 21.675191)))"
gis_osm_pois_a_free,<NA>,925228689,hospital,hospitals:gis_osm_pois_a_free:925228689:hospital,OGC:CRS84,451425,OpenStreetMap,real,kept,<NA>,天等县人民医院,medical,hospital,107.13364655724561,23.08517835,,derived_from_source_layer_osm_id_fclass,smartbidata_task06_20260810,team_shared,team_shared_source,广西壮族自治区,崇左市,天等县,"MULTIPOLYGON (((107.13245 23.08588, 107.132654 23.085544, 107.133115 23.084782, 107.133586 23.084005, 107.134465 23.084624, 107.134336 23.084813, 107.134505 23.085564, 107.134216 23.086236, 107.134093 23.086401, 107.133702 23.086622, 107.13308 23.086801, 107.132479 23.086304, 107.132576 23.086202, 107.13253 23.08601, 107.13245 23.08588)))"
gis_osm_pois_a_free,<NA>,927474995,clinic,hospitals:gis_osm_pois_a_free:927474995:clinic,OGC:CRS84,451002,OpenStreetMap,real,kept,<NA>,,medical,clinic,106.32940387131003,24.1920732,,derived_from_source_layer_osm_id_fclass,smartbidata_task06_20260810,team_shared,team_shared_source,广西壮族自治区,百色市,右江区,"MULTIPOLYGON (((106.329341 24.192071, 106.329443 24.192029, 106.329466 24.192075, 106.329368 24.192114, 106.329341 24.192071)))"
gis_osm_pois_a_free,<NA>,927516485,hospital,hospitals:gis_osm_pois_a_free:927516485:hospital,OGC:CRS84,451002,OpenStreetMap,real,kept,<NA>,汪甸中心卫生院,medical,hospital,106.34268858991211,24.18724915,,derived_from_source_layer_osm_id_fclass,smartbidata_task06_20260810,team_shared,team_shared_source,广西壮族自治区,百色市,右江区,"MULTIPOLYGON (((106.342457 24.187327, 106.342477 24.187171, 106.342602 24.186875, 106.342874 24.18694, 106.342966 24.18773, 106.342769 24.187734, 106.34272 24.187376, 106.342457 24.187327)))"
gis_osm_pois_a_free,<NA>,930358545,hospital,hospitals:gis_osm_pois_a_free:930358545:hospital,OGC:CRS84,450603,OpenStreetMap,real,kept,<NA>,防城海港医院,medical,hospital,108.34246627113482,21.7622894,,derived_from_source_layer_osm_id_fclass,smartbidata_task06_20260810,team_shared,team_shared_source,广西壮族自治区,防城港市,防城区,"MULTIPOLYGON (((108.342238 21.762369, 108.342424 21.762067, 108.342543 21.762126, 108.342696 21.76221, 108.342536 21.762461, 108.342504 21.762514, 108.342238 21.762369)))"
gis_osm_pois_a_free,<NA>,945755550,hospital,hospitals:gis_osm_pois_a_free:945755550:hospital,OGC:CRS84,450603,OpenStreetMap,real,kept,<NA>,防城卫生院,medical,hospital,108.35581459721757,21.7623715,,derived_from_source_layer_osm_id_fclass,smartbidata_task06_20260810,team_shared,team_shared_source,广西壮族自治区,防城港市,防城区,"MULTIPOLYGON (((108.355714 21.762318, 108.355721 21.762255, 108.355727 21.762231, 108.355887 21.762158, 108.355907 21.762216, 108.355913 21.762316, 108.355915 21.762435, 108.35594 21.762435, 108.355941 21.762474, 108.355941 21.762502, 108.355943 21.762633, 108.355731 21.762636, 108.355719 21.762636, 108.355716 21.762438, 108.355716 21.762425, 108.355714 21.762318)))"
gis_osm_pois_a_free,<NA>,947179985,hospital,hospitals:gis_osm_pois_a_free:947179985:hospital,OGC:CRS84,450603,OpenStreetMap,real,kept,<NA>,防城区妇幼保健院,medical,hospital,108.35035316709845,21.76564995,,derived_from_source_layer_osm_id_fclass,smartbidata_task06_20260810,team_shared,team_shared_source,广西壮族自治区,防城港市,防城区,"MULTIPOLYGON (((108.349758 21.765948, 108.349831 21.76581, 108.349878 21.765748, 108.349908 21.765575, 108.349924 21.765535, 108.349948 21.765543, 108.349958 21.765506, 108.349969 21.765466, 108.349981 21.765425, 108.349992 21.765384, 108.349832 21.765327, 108.349845 21.765304, 108.349854 21.765287, 108.350008 21.76534, 108.350087 21.765368, 108.350128 21.765268, 108.350179 21.765271, 108.350203 21.765273, 108.350383 21.765287, 108.35054 21.765299, 108.350568 21.765303, 108.35067 21.765349, 108.35081 21.765412, 108.350881 21.765466, 108.350815 21.765644, 108.350808 21.765656, 108.350788 21.765716, 108.35065 21.765781, 108.350646 21.765842, 108.350186 21.765792, 108.350161 21.765802, 108.350047 21.765848, 108.349966 21.765925, 108.349857 21.766031, 108.349758 21.765948)))"
gis_osm_pois_a_free,<NA>,952705303,hospital,hospitals:gis_osm_pois_a_free:952705303:hospital,OGC:CRS84,450203,OpenStreetMap,real,kept,<NA>,中国人民解放军第一五八医院,medical,hospital,109.45470563459023,24.2974541,,derived_from_source_layer_osm_id_fclass,smartbidata_task06_20260810,team_shared,team_shared_source,广西壮族自治区,柳州市,鱼峰区,"MULTIPOLYGON (((109.452562 24.297025, 109.45327 24.296599, 109.453886 24.295988, 109.4544 24.294908, 109.455916 24.29521, 109.457045 24.29894, 109.457147 24.299764, 109.456934 24.299574, 109.456807 24.299563, 109.453394 24.299528, 109.453386 24.299163, 109.453695 24.298766, 109.453822 24.298592, 109.453912 24.298112, 109.45358 24.297899, 109.453071 24.297884, 109.452562 24.297025)))"
gis_osm_pois_a_free,<NA>,956330021,hospital,hospitals:gis_osm_pois_a_free:956330021:hospital,OGC:CRS84,450107,OpenStreetMap,real,kept,<NA>,中国人民武装警察部队广西总队医院,medical,hospital,108.28218499756227,22.84992335,,derived_from_source_layer_osm_id_fclass,smartbidata_task06_20260810,team_shared,team_shared_source,广西壮族自治区,南宁市,西乡塘区,"MULTIPOLYGON (((108.280074 22.852202, 108.280116 22.852065, 108.280127 22.851618, 108.280209 22.851127, 108.280183 22.85081, 108.280179 22.850594, 108.280232 22.850429, 108.280713 22.849418, 108.280776 22.849229, 108.280817 22.849019, 108.280825 22.848682, 108.280746 22.848321, 108.280761 22.848187, 108.280877 22.847891, 108.280903 22.847671, 108.280978 22.847644, 108.281145 22.847614, 108.281313 22.847607, 108.28241 22.847741, 108.282779 22.847858, 108.283458 22.848085, 108.283537 22.848126, 108.283559 22.84826, 108.283613 22.848255, 108.283731 22.848243, 108.283723 22.848604, 108.283783 22.848941, 108.283902 22.84904, 108.284008 22.849175, 108.283736 22.851018, 108.285415 22.851267, 108.28504 22.852378, 108.283899 22.852395, 108.282224 22.852914, 108.282078 22.852767, 108.281984 22.852428, 108.281347 22.852444, 108.281011 22.852627, 108.280702 22.852577, 108.280315 22.852499, 108.280263 22.852474, 108.280205 22.852429, 108.280074 22.852202)))"
gis_osm_pois_a_free,<NA>,958817948,hospital,hospitals:gis_osm_pois_a_free:958817948:hospital,OGC:CRS84,450403,OpenStreetMap,real,kept,<NA>,梧州市工人医院北山医院,medical,hospital,111.31161547959826,23.4807707,,derived_from_source_layer_osm_id_fclass,smartbidata_task06_20260810,team_shared,team_shared_source,广西壮族自治区,梧州市,万秀区,"MULTIPOLYGON (((111.311275 23.480985, 111.31138 23.48046, 111.311956 23.480556, 111.311851 23.481082, 111.311275 23.480985)))"
gis_osm_pois_a_free,<NA>,961603754,hospital,hospitals:gis_osm_pois_a_free:961603754:hospital,OGC:CRS84,451026,OpenStreetMap,real,kept,<NA>,那坡县人民医院,medical,hospital,105.83754749943121,23.4069651,,derived_from_source_layer_osm_id_fclass,smartbidata_task06_20260810,team_shared,team_shared_source,广西壮族自治区,百色市,那坡县,"MULTIPOLYGON (((105.836864 23.407242, 105.837187 23.406896, 105.837226 23.406854, 105.837334 23.406698, 105.837404 23.406529, 105.837457 23.406258, 105.837495 23.406154, 105.837644 23.406174, 105.837981 23.406277, 105.838034 23.406245, 105.838309 23.406338, 105.837935 23.407034, 105.837887 23.407254, 105.837773 23.407399, 105.837809 23.407476, 105.837491 23.407836, 105.837108 23.407402, 105.836864 23.407242)))"
gis_osm_pois_a_free,<NA>,962081953,hospital,hospitals:gis_osm_pois_a_free:962081953:hospital,OGC:CRS84,451024,OpenStreetMap,real,kept,<NA>,德保县博爱医院,medical,hospital,106.61557138664796,23.32312215,,derived_from_source_layer_osm_id_fclass,smartbidata_task06_20260810,team_shared,team_shared_source,广西壮族自治区,百色市,德保县,"MULTIPOLYGON (((106.615368 23.323259, 106.615478 23.322907, 106.615708 23.322972, 106.615773 23.322985, 106.615667 23.323335, 106.615368 23.323259)))"
gis_osm_pois_a_free,<NA>,964463344,hospital,hospitals:gis_osm_pois_a_free:964463344:hospital,OGC:CRS84,451226,OpenStreetMap,real,kept,<NA>,大安乡卫生院,medical,hospital,108.32169849160965,24.91749175,,derived_from_source_layer_osm_id_fclass,smartbidata_task06_20260810,team_shared,team_shared_source,广西壮族自治区,河池市,环江毛南族自治县,"MULTIPOLYGON (((108.321298 24.917092, 108.321558 24.916971, 108.321651 24.916992, 108.32194 24.91709, 108.322025 24.917213, 108.32195 24.917658, 108.322036 24.917864, 108.321792 24.917945, 108.321718 24.917767, 108.321572 24.917812, 108.32134 24.917325, 108.321298 24.917092)))"
gis_osm_pois_a_free,<NA>,964464123,hospital,hospitals:gis_osm_pois_a_free:964464123:hospital,OGC:CRS84,451226,OpenStreetMap,real,kept,<NA>,环江毛南族自治县妇幼保健院,medical,hospital,108.25917882356767,24.8350949,,derived_from_source_layer_osm_id_fclass,smartbidata_task06_20260810,team_shared,team_shared_source,广西壮族自治区,河池市,环江毛南族自治县,"MULTIPOLYGON (((108.258829 24.835527, 108.25883 24.835242, 108.259018 24.834948, 108.259145 24.8349, 108.259355 24.834768, 108.259434 24.834767, 108.259433 24.835528, 108.258829 24.835527)))"
gis_osm_pois_a_free,<NA>,964464179,hospital,hospitals:gis_osm_pois_a_free:964464179:hospital,OGC:CRS84,451226,OpenStreetMap,real,kept,<NA>,环江县人民医院,medical,hospital,108.25140258526162,24.83728195,,derived_from_source_layer_osm_id_fclass,smartbidata_task06_20260810,team_shared,team_shared_source,广西壮族自治区,河池市,环江毛南族自治县,"MULTIPOLYGON (((108.250989 24.836848, 108.251793 24.836838, 108.251789 24.837013, 108.251818 24.837551, 108.251915 24.837676, 108.252155 24.837726, 108.252085 24.838022, 108.251901 24.837981, 108.251447 24.837996, 108.251437 24.837916, 108.25102 24.83792, 108.250989 24.836848)))"
gis_osm_pois_a_free,<NA>,967338459,hospital,hospitals:gis_osm_pois_a_free:967338459:hospital,OGC:CRS84,450702,OpenStreetMap,real,kept,<NA>,钦州市钦北区妇幼保健院,medical,hospital,108.6222927753386,21.9668499,,derived_from_source_layer_osm_id_fclass,smartbidata_task06_20260810,team_shared,team_shared_source,广西壮族自治区,钦州市,钦南区,"MULTIPOLYGON (((108.621784 21.966999, 108.62188 21.966915, 108.621976 21.966832, 108.622084 21.96641, 108.622708 21.966604, 108.622625 21.966868, 108.622254 21.967253, 108.621824 21.967287, 108.621784 21.966999)))"
gis_osm_pois_a_free,<NA>,968557172,hospital,hospitals:gis_osm_pois_a_free:968557172:hospital,OGC:CRS84,450703,OpenStreetMap,real,kept,<NA>,钦北区人民医院,medical,hospital,108.63239810989336,22.0267007,,derived_from_source_layer_osm_id_fclass,smartbidata_task06_20260810,team_shared,team_shared_source,广西壮族自治区,钦州市,钦北区,"MULTIPOLYGON (((108.631712 22.026532, 108.631924 22.025986, 108.6321 22.026065, 108.632179 22.025913, 108.633089 22.026324, 108.632865 22.027168, 108.632743 22.02723, 108.632033 22.027207, 108.631903 22.02687, 108.631712 22.026532)))"
gis_osm_pois_a_free,<NA>,969612374,hospital,hospitals:gis_osm_pois_a_free:969612374:hospital,OGC:CRS84,450702,OpenStreetMap,real,kept,<NA>,钦州市第一人民医院钦州港分院,medical,hospital,108.60158471272662,21.7486695,,derived_from_source_layer_osm_id_fclass,smartbidata_task06_20260810,team_shared,team_shared_source,广西壮族自治区,钦州市,钦南区,"MULTIPOLYGON (((108.600856 21.748148, 108.600892 21.748092, 108.602021 21.747844, 108.602306 21.749191, 108.601226 21.749416, 108.601159 21.749416, 108.601129 21.74936, 108.600856 21.748148)))"
gis_osm_pois_a_free,<NA>,969639007,hospital,hospitals:gis_osm_pois_a_free:969639007:hospital,OGC:CRS84,450702,OpenStreetMap,real,kept,<NA>,钦州市中医医院,medical,hospital,108.65748470530546,21.96786455,,derived_from_source_layer_osm_id_fclass,smartbidata_task06_20260810,team_shared,team_shared_source,广西壮族自治区,钦州市,钦南区,"MULTIPOLYGON (((108.656423 21.96828, 108.656437 21.967095, 108.657585 21.967123, 108.658351 21.967057, 108.658392 21.967322, 108.658329 21.967653, 108.658755 21.968076, 108.658826 21.968464, 108.656591 21.968479, 108.656423 21.96828)))"
gis_osm_pois_a_free,<NA>,969888740,hospital,hospitals:gis_osm_pois_a_free:969888740:hospital,OGC:CRS84,450702,OpenStreetMap,real,kept,<NA>,钦州市第二人民医院,medical,hospital,108.61409985486588,21.9583144,,derived_from_source_layer_osm_id_fclass,smartbidata_task06_20260810,team_shared,team_shared_source,广西壮族自治区,钦州市,钦南区,"MULTIPOLYGON (((108.612627 21.957685, 108.613197 21.957675, 108.613243 21.957558, 108.613358 21.957463, 108.613532 21.957381, 108.613707 21.957351, 108.613775 21.957282, 108.61385 21.957205, 108.614 21.95712, 108.614146 21.957116, 108.615372 21.957265, 108.615351 21.957596, 108.615365 21.957708, 108.615386 21.957801, 108.615433 21.957976, 108.615472 21.958855, 108.614288 21.958841, 108.613921 21.958653, 108.612827 21.95869, 108.612627 21.957685)))"
gis_osm_pois_a_free,<NA>,977504139,hospital,hospitals:gis_osm_pois_a_free:977504139:hospital,OGC:CRS84,450603,OpenStreetMap,real,kept,<NA>,防城区皮肤病防治院,medical,hospital,108.35407686835144,21.77269565,,derived_from_source_layer_osm_id_fclass,smartbidata_task06_20260810,team_shared,team_shared_source,广西壮族自治区,防城港市,防城区,"MULTIPOLYGON (((108.353903 21.772808, 108.353921 21.772737, 108.353926 21.772717, 108.35393 21.772701, 108.353953 21.772612, 108.353974 21.77253, 108.354105 21.772559, 108.35414 21.772566, 108.354152 21.772569, 108.354191 21.772578, 108.354256 21.772592, 108.354249 21.772614, 108.354227 21.772682, 108.354224 21.772691, 108.35419 21.772796, 108.354185 21.77281, 108.354166 21.772866, 108.353903 21.772808)))"
gis_osm_pois_a_free,<NA>,977909146,hospital,hospitals:gis_osm_pois_a_free:977909146:hospital,OGC:CRS84,450503,OpenStreetMap,real,kept,<NA>,北海市人民医院银滩医院,medical,hospital,109.10525059261973,21.43372825,,derived_from_source_layer_osm_id_fclass,smartbidata_task06_20260810,team_shared,team_shared_source,广西壮族自治区,北海市,银海区,"MULTIPOLYGON (((109.102994 21.43384, 109.103262 21.433363, 109.104299 21.43272, 109.105689 21.431974, 109.106506 21.43303, 109.10701 21.432742, 109.107632 21.433617, 109.104644 21.435395, 109.104226 21.434631, 109.103534 21.434858, 109.103091 21.434468, 109.102994 21.43384)))"
gis_osm_pois_a_free,<NA>,980131342,hospital,hospitals:gis_osm_pois_a_free:980131342:hospital,OGC:CRS84,450109,OpenStreetMap,real,kept,<NA>,南宁市邕宁区人民医院,medical,hospital,108.46842301186607,22.78051605,,derived_from_source_layer_osm_id_fclass,smartbidata_task06_20260810,team_shared,team_shared_source,广西壮族自治区,南宁市,邕宁区,"MULTIPOLYGON (((108.466734 22.781609, 108.466743 22.781563, 108.46707 22.780913, 108.467634 22.779873, 108.46791 22.779371, 108.467953 22.779336, 108.468008 22.77932, 108.46808 22.779327, 108.469639 22.779884, 108.46971 22.779926, 108.469747 22.779973, 108.469765 22.780043, 108.469756 22.780119, 108.468635 22.782395, 108.468597 22.782441, 108.468542 22.782471, 108.468485 22.782474, 108.468419 22.782464, 108.466774 22.781667, 108.46675 22.781645, 108.466734 22.781609)))"
gis_osm_pois_a_free,<NA>,980131345,hospital,hospitals:gis_osm_pois_a_free:980131345:hospital,OGC:CRS84,450109,OpenStreetMap,real,kept,<NA>,邕宁区中医院住院部,medical,hospital,108.47426111223211,22.755039,,derived_from_source_layer_osm_id_fclass,smartbidata_task06_20260810,team_shared,team_shared_source,广西壮族自治区,南宁市,邕宁区,"MULTIPOLYGON (((108.473513 22.754791, 108.473561 22.754685, 108.473793 22.7546, 108.474202 22.754492, 108.474612 22.754438, 108.474703 22.754389, 108.474744 22.75428, 108.47485 22.754314, 108.474843 22.755303, 108.474477 22.755345, 108.474467 22.755475, 108.474218 22.755483, 108.474167 22.755812, 108.473802 22.755651, 108.473893 22.755459, 108.473901 22.755245, 108.473753 22.755085, 108.473602 22.754993, 108.473515 22.754868, 108.473513 22.754791)))"
gis_osm_pois_a_free,<NA>,980131346,hospital,hospitals:gis_osm_pois_a_free:980131346:hospital,OGC:CRS84,450109,OpenStreetMap,real,kept,<NA>,邕宁区中医院门诊部,medical,hospital,108.4765696517229,22.7569918,,derived_from_source_layer_osm_id_fclass,smartbidata_task06_20260810,team_shared,team_shared_source,广西壮族自治区,南宁市,邕宁区,"MULTIPOLYGON (((108.476339 22.757008, 108.47638 22.756869, 108.476801 22.756976, 108.476759 22.757115, 108.476339 22.757008)))"
gis_osm_pois_a_free,<NA>,980131347,hospital,hospitals:gis_osm_pois_a_free:980131347:hospital,OGC:CRS84,450103,OpenStreetMap,real,kept,<NA>,南宁市第一人民医院青秀分院,medical,hospital,108.49289100374045,22.77463295,,derived_from_source_layer_osm_id_fclass,smartbidata_task06_20260810,team_shared,team_shared_source,广西壮族自治区,南宁市,青秀区,"MULTIPOLYGON (((108.49247 22.775147, 108.492507 22.774094, 108.493321 22.774119, 108.493266 22.775176, 108.49247 22.775147)))"
gis_osm_pois_a_free,<NA>,980131348,hospital,hospitals:gis_osm_pois_a_free:980131348:hospital,OGC:CRS84,450103,OpenStreetMap,real,kept,<NA>,广西中医药大学第一附属医院仙葫院区,medical,hospital,108.44247837594187,22.8128513,,derived_from_source_layer_osm_id_fclass,smartbidata_task06_20260810,team_shared,team_shared_source,广西壮族自治区,南宁市,青秀区,"MULTIPOLYGON (((108.442117 22.813625, 108.442145 22.812067, 108.44284 22.812077, 108.442812 22.813636, 108.442117 22.813625)))"
gis_osm_pois_a_free,<NA>,985407622,hospital,hospitals:gis_osm_pois_a_free:985407622:hospital,OGC:CRS84,450203,OpenStreetMap,real,kept,<NA>,广西壮族自治区胸科医院,medical,hospital,109.41912538726584,24.28031435,,derived_from_source_layer_osm_id_fclass,smartbidata_task06_20260810,team_shared,team_shared_source,广西壮族自治区,柳州市,鱼峰区,"MULTIPOLYGON (((109.417431 24.279694, 109.417548 24.279113, 109.417997 24.278609, 109.418901 24.278953, 109.420254 24.278977, 109.420234 24.279724, 109.420144 24.281082, 109.42121 24.280998, 109.422258 24.281378, 109.423726 24.281474, 109.42372 24.282059, 109.423045 24.282048, 109.421594 24.281562, 109.41959 24.281704, 109.418882 24.281306, 109.418651 24.280905, 109.417431 24.279694)))"
gis_osm_pois_a_free,<NA>,987102914,hospital,hospitals:gis_osm_pois_a_free:987102914:hospital,OGC:CRS84,450206,OpenStreetMap,real,kept,<NA>,柳江区妇幼保健院,medical,hospital,109.33325884426381,24.2586575,,derived_from_source_layer_osm_id_fclass,smartbidata_task06_20260810,team_shared,team_shared_source,广西壮族自治区,柳州市,柳江区,"MULTIPOLYGON (((109.332728 24.258016, 109.333357 24.257873, 109.333705 24.259039, 109.333085 24.259156, 109.332806 24.258276, 109.332728 24.258016)))"
gis_osm_pois_a_free,<NA>,989626120,hospital,hospitals:gis_osm_pois_a_free:989626120:hospital,OGC:CRS84,450302,OpenStreetMap,real,kept,<NA>,桂林市社会福利医院,medical,hospital,110.28379916784601,25.32818365,,derived_from_source_layer_osm_id_fclass,smartbidata_task06_20260810,team_shared,team_shared_source,广西壮族自治区,桂林市,秀峰区,"MULTIPOLYGON (((110.282958 25.327673, 110.284442 25.32769, 110.284605 25.327691, 110.284608 25.328711, 110.283025 25.328676, 110.282958 25.327673)))"
gis_osm_pois_a_free,<NA>,990697672,hospital,hospitals:gis_osm_pois_a_free:990697672:hospital,OGC:CRS84,450109,OpenStreetMap,real,kept,<NA>,前海人寿广西医院,medical,hospital,108.43950555515681,22.7738861,,derived_from_source_layer_osm_id_fclass,smartbidata_task06_20260810,team_shared,team_shared_source,广西壮族自治区,南宁市,邕宁区,"MULTIPOLYGON (((108.43828 22.773003, 108.438397 22.772906, 108.438515 22.772892, 108.438927 22.772932, 108.439202 22.772945, 108.439948 22.773121, 108.440606 22.77326, 108.440732 22.773397, 108.440714 22.774375, 108.440712 22.775018, 108.438299 22.775003, 108.43828 22.773003)))"
gis_osm_pois_a_free,<NA>,991462905,hospital,hospitals:gis_osm_pois_a_free:991462905:hospital,OGC:CRS84,450502,OpenStreetMap,real,kept,<NA>,北海市第三人民医院,medical,hospital,109.1002136776527,21.4638108,,derived_from_source_layer_osm_id_fclass,smartbidata_task06_20260810,team_shared,team_shared_source,广西壮族自治区,北海市,海城区,"MULTIPOLYGON (((109.099716 21.464038, 109.099928 21.46337, 109.100711 21.463584, 109.1005 21.464252, 109.099716 21.464038)))"
gis_osm_pois_a_free,<NA>,991504394,hospital,hospitals:gis_osm_pois_a_free:991504394:hospital,OGC:CRS84,450312,OpenStreetMap,real,kept,<NA>,桂林医科大学第二附属医院,medical,hospital,110.19115104393737,25.2413521,,derived_from_source_layer_osm_id_fclass,smartbidata_task06_20260810,team_shared,team_shared_source,广西壮族自治区,桂林市,临桂区,"MULTIPOLYGON (((110.189151 25.241258, 110.189409 25.240472, 110.190275 25.240676, 110.191316 25.24026, 110.191457 25.240187, 110.191665 25.240078, 110.192096 25.24, 110.192391 25.240078, 110.192559 25.240034, 110.192604 25.239971, 110.193097 25.240338, 110.192901 25.240681, 110.192773 25.241279, 110.192699 25.241627, 110.192842 25.241737, 110.192678 25.241972, 110.192134 25.242587, 110.192066 25.242537, 110.191972 25.242657, 110.191858 25.242593, 110.191415 25.242352, 110.191001 25.241989, 110.189848 25.241425, 110.189151 25.241258)))"
gis_osm_pois_a_free,<NA>,996589840,hospital,hospitals:gis_osm_pois_a_free:996589840:hospital,OGC:CRS84,450602,OpenStreetMap,real,kept,<NA>,,medical,hospital,108.36589145232833,21.6639873,,derived_from_source_layer_osm_id_fclass,smartbidata_task06_20260810,team_shared,team_shared_source,广西壮族自治区,防城港市,港口区,"MULTIPOLYGON (((108.365312 21.663996, 108.366272 21.663581, 108.366471 21.663979, 108.366151 21.664117, 108.365996 21.664184, 108.365511 21.664394, 108.365312 21.663996)))"
gis_osm_pois_a_free,<NA>,997399354,hospital,hospitals:gis_osm_pois_a_free:997399354:hospital,OGC:CRS84,450103,OpenStreetMap,real,kept,<NA>,南宁市第一人民医院埌东分院,medical,hospital,108.37154104967959,22.82194005,,derived_from_source_layer_osm_id_fclass,smartbidata_task06_20260810,team_shared,team_shared_source,广西壮族自治区,南宁市,青秀区,"MULTIPOLYGON (((108.371261 22.821661, 108.371818 22.821658, 108.371821 22.822219, 108.371264 22.822222, 108.371261 22.821661)))"
gis_osm_pois_a_free,<NA>,999488516,hospital,hospitals:gis_osm_pois_a_free:999488516:hospital,OGC:CRS84,450108,OpenStreetMap,real,kept,<NA>,悦年华 南宁康复医院,medical,hospital,108.41525165973229,22.737886,,derived_from_source_layer_osm_id_fclass,smartbidata_task06_20260810,team_shared,team_shared_source,广西壮族自治区,南宁市,良庆区,"MULTIPOLYGON (((108.41487 22.73757, 108.415506 22.737532, 108.415561 22.73754, 108.415592 22.737567, 108.415604 22.737613, 108.415634 22.738173, 108.414947 22.738209, 108.414897 22.738159, 108.41487 22.73757)))"
gis_osm_pois_a_free,<NA>,1001804417,hospital,hospitals:gis_osm_pois_a_free:1001804417:hospital,OGC:CRS84,450302,OpenStreetMap,real,kept,<NA>,第三人民医院,medical,hospital,110.25492318998187,25.27913815,,derived_from_source_layer_osm_id_fclass,smartbidata_task06_20260810,team_shared,team_shared_source,广西壮族自治区,桂林市,秀峰区,"MULTIPOLYGON (((110.254079 25.279712, 110.254255 25.279388, 110.254479 25.2792, 110.254559 25.279076, 110.254441 25.278446, 110.254507 25.278356, 110.255317 25.278309, 110.255317 25.278926, 110.255334 25.279285, 110.255817 25.279416, 110.255676 25.279974, 110.255024 25.279974, 110.2545 25.279968, 110.254186 25.279968, 110.254079 25.279712)))"
gis_osm_pois_a_free,<NA>,1001927229,hospital,hospitals:gis_osm_pois_a_free:1001927229:hospital,OGC:CRS84,450109,OpenStreetMap,real,kept,<NA>,蒲庙镇 卫生院,medical,hospital,108.49065563210942,22.750542,,derived_from_source_layer_osm_id_fclass,smartbidata_task06_20260810,team_shared,team_shared_source,广西壮族自治区,南宁市,邕宁区,"MULTIPOLYGON (((108.490349 22.750698, 108.490451 22.75068, 108.490408 22.750391, 108.490894 22.750404, 108.490844 22.750945, 108.490448 22.750953, 108.490349 22.750698)))"
gis_osm_pois_a_free,<NA>,1001927230,hospital,hospitals:gis_osm_pois_a_free:1001927230:hospital,OGC:CRS84,450109,OpenStreetMap,real,kept,<NA>,南宁市 第二妇幼保健院,medical,hospital,108.49127134044228,22.75133045,,derived_from_source_layer_osm_id_fclass,smartbidata_task06_20260810,team_shared,team_shared_source,广西壮族自治区,南宁市,邕宁区,"MULTIPOLYGON (((108.491047 22.7516, 108.491081 22.75087, 108.491334 22.75087, 108.491417 22.75106, 108.491549 22.7516, 108.491047 22.7516)))"
gis_osm_pois_a_free,<NA>,1001927231,hospital,hospitals:gis_osm_pois_a_free:1001927231:hospital,OGC:CRS84,450109,OpenStreetMap,real,kept,<NA>,邕宁区 妇幼保健院,medical,hospital,108.49467388233806,22.7487066,,derived_from_source_layer_osm_id_fclass,smartbidata_task06_20260810,team_shared,team_shared_source,广西壮族自治区,南宁市,邕宁区,"MULTIPOLYGON (((108.494382 22.748716, 108.494384 22.748692, 108.494444 22.748608, 108.494686 22.748529, 108.494956 22.748588, 108.494972 22.748604, 108.49497 22.748697, 108.494957 22.748722, 108.494442 22.748874, 108.494422 22.748864, 108.494382 22.748716)))"
gis_osm_pois_a_free,<NA>,1001944757,hospital,hospitals:gis_osm_pois_a_free:1001944757:hospital,OGC:CRS84,450203,OpenStreetMap,real,kept,<NA>,广西地质职工医院,medical,hospital,109.44776348846199,24.2571392,,derived_from_source_layer_osm_id_fclass,smartbidata_task06_20260810,team_shared,team_shared_source,广西壮族自治区,柳州市,鱼峰区,"MULTIPOLYGON (((109.44619 24.256972, 109.447387 24.256124, 109.447571 24.256153, 109.447846 24.256504, 109.44948 24.256728, 109.449229 24.257306, 109.44864 24.257769, 109.447841 24.257957, 109.447127 24.258061, 109.446835 24.258446, 109.446487 24.258353, 109.44619 24.256972)))"
gis_osm_pois_a_free,<NA>,1005456694,hospital,hospitals:gis_osm_pois_a_free:1005456694:hospital,OGC:CRS84,450303,OpenStreetMap,real,kept,<NA>,桂林市中医院（城北）,medical,hospital,110.31246434367407,25.3344966,,derived_from_source_layer_osm_id_fclass,smartbidata_task06_20260810,team_shared,team_shared_source,广西壮族自治区,桂林市,叠彩区,"MULTIPOLYGON (((110.311251 25.335959, 110.311292 25.335084, 110.31137 25.333865, 110.311415 25.333772, 110.311514 25.33375, 110.312732 25.333798, 110.313371 25.333824, 110.313466 25.33382, 110.313552 25.333876, 110.313576 25.333909, 110.31365 25.335814, 110.313626 25.335907, 110.313564 25.335974, 110.313437 25.336029, 110.31187 25.335977, 110.311251 25.335959)))"
gis_osm_pois_a_free,<NA>,1005519824,hospital,hospitals:gis_osm_pois_a_free:1005519824:hospital,OGC:CRS84,450323,OpenStreetMap,real,kept,<NA>,灵川县中医院,medical,hospital,110.31603021866039,25.3537903,,derived_from_source_layer_osm_id_fclass,smartbidata_task06_20260810,team_shared,team_shared_source,广西壮族自治区,桂林市,灵川县,"MULTIPOLYGON (((110.315421 25.353273, 110.316369 25.353114, 110.316704 25.354579, 110.315862 25.354716, 110.315728 25.354622, 110.315652 25.354308, 110.315421 25.353273)))"
gis_osm_pois_a_free,<NA>,1007350158,hospital,hospitals:gis_osm_pois_a_free:1007350158:hospital,OGC:CRS84,450103,OpenStreetMap,real,kept,<NA>,广西生殖医院,medical,hospital,108.42002156563524,22.7934629,,derived_from_source_layer_osm_id_fclass,smartbidata_task06_20260810,team_shared,team_shared_source,广西壮族自治区,南宁市,青秀区,"MULTIPOLYGON (((108.419539 22.793622, 108.419589 22.793213, 108.420494 22.793304, 108.42047 22.793707, 108.419539 22.793622)))"
gis_osm_pois_a_free,<NA>,1007574995,hospital,hospitals:gis_osm_pois_a_free:1007574995:hospital,OGC:CRS84,450107,OpenStreetMap,real,kept,<NA>,广西壮族自治区皮肤病医院,medical,hospital,108.25076099175038,22.84138615,,derived_from_source_layer_osm_id_fclass,smartbidata_task06_20260810,team_shared,team_shared_source,广西壮族自治区,南宁市,西乡塘区,"MULTIPOLYGON (((108.249774 22.84188, 108.24998 22.841229, 108.251756 22.841159, 108.251478 22.841544, 108.251241 22.841618, 108.25125 22.84185, 108.249774 22.84188)))"
gis_osm_pois_a_free,<NA>,1011959795,hospital,hospitals:gis_osm_pois_a_free:1011959795:hospital,OGC:CRS84,450107,OpenStreetMap,real,kept,<NA>,广西国际壮医医院（明秀分院）,medical,hospital,108.31312664487498,22.8464,,derived_from_source_layer_osm_id_fclass,smartbidata_task06_20260810,team_shared,team_shared_source,广西壮族自治区,南宁市,西乡塘区,"MULTIPOLYGON (((108.312654 22.847013, 108.312963 22.845546, 108.313288 22.845741, 108.313475 22.845834, 108.313638 22.845909, 108.313284 22.846946, 108.313077 22.846891, 108.313005 22.847112, 108.312654 22.847013)))"
gis_osm_pois_a_free,<NA>,1012349763,hospital,hospitals:gis_osm_pois_a_free:1012349763:hospital,OGC:CRS84,450103,OpenStreetMap,real,kept,<NA>,广西工人医院,medical,hospital,108.34502774543438,22.7894266,,derived_from_source_layer_osm_id_fclass,smartbidata_task06_20260810,team_shared,team_shared_source,广西壮族自治区,南宁市,青秀区,"MULTIPOLYGON (((108.344086 22.788897, 108.344183 22.788833, 108.34429 22.788922, 108.344486 22.788939, 108.34466 22.788687, 108.34599 22.789098, 108.345725 22.789835, 108.345395 22.789756, 108.345298 22.79003, 108.344952 22.789926, 108.344942 22.790233, 108.344336 22.790252, 108.344086 22.788897)))"
gis_osm_pois_a_free,<NA>,1014354032,hospital,hospitals:gis_osm_pois_a_free:1014354032:hospital,OGC:CRS84,450108,OpenStreetMap,real,kept,<NA>,广西医科大学附属肿瘤医院（五象院区）,medical,hospital,108.3585285624444,22.7264225,,derived_from_source_layer_osm_id_fclass,smartbidata_task06_20260810,team_shared,team_shared_source,广西壮族自治区,南宁市,良庆区,"MULTIPOLYGON (((108.355484 22.726838, 108.356097 22.724758, 108.356324 22.724654, 108.361591 22.726008, 108.360869 22.72815, 108.355484 22.726838)))"
gis_osm_pois_a_free,<NA>,1014598154,hospital,hospitals:gis_osm_pois_a_free:1014598154:hospital,OGC:CRS84,450103,OpenStreetMap,real,kept,<NA>,广西中医药大学第一附属医院,medical,hospital,108.3412053110805,22.82515045,,derived_from_source_layer_osm_id_fclass,smartbidata_task06_20260810,team_shared,team_shared_source,广西壮族自治区,南宁市,青秀区,"MULTIPOLYGON (((108.340186 22.825087, 108.340709 22.824548, 108.340822 22.824484, 108.340884 22.824573, 108.341466 22.824848, 108.341536 22.824744, 108.341592 22.824662, 108.342142 22.824953, 108.34225 22.825011, 108.342128 22.825214, 108.342812 22.825567, 108.342705 22.825715, 108.342624 22.82575, 108.342431 22.82593, 108.342139 22.825874, 108.341624 22.825878, 108.340658 22.82554, 108.34053 22.825458, 108.340186 22.825087)))"
gis_osm_pois_a_free,<NA>,1015073787,hospital,hospitals:gis_osm_pois_a_free:1015073787:hospital,OGC:CRS84,450108,OpenStreetMap,real,kept,<NA>,良庆区人民医院,medical,hospital,108.34228172752849,22.7344521,,derived_from_source_layer_osm_id_fclass,smartbidata_task06_20260810,team_shared,team_shared_source,广西壮族自治区,南宁市,良庆区,"MULTIPOLYGON (((108.341321 22.734291, 108.341667 22.733727, 108.343236 22.734613, 108.343288 22.734672, 108.343323 22.734759, 108.343331 22.734829, 108.343315 22.734886, 108.343083 22.735262, 108.341321 22.734291)))"
gis_osm_pois_a_free,<NA>,1015162904,hospital,hospitals:gis_osm_pois_a_free:1015162904:hospital,OGC:CRS84,450603,OpenStreetMap,real,kept,<NA>,茅岭镇卫生院,medical,hospital,108.45558416515416,21.86043955,,derived_from_source_layer_osm_id_fclass,smartbidata_task06_20260810,team_shared,team_shared_source,广西壮族自治区,防城港市,防城区,"MULTIPOLYGON (((108.455253 21.860486, 108.45551 21.860394, 108.455693 21.860023, 108.45587 21.860102, 108.455688 21.860842, 108.455451 21.860817, 108.455253 21.860486)))"
gis_osm_pois_a_free,<NA>,1022859153,hospital,hospitals:gis_osm_pois_a_free:1022859153:hospital,OGC:CRS84,450105,OpenStreetMap,real,kept,<NA>,广西区总工会南宁工人疗养院,medical,hospital,108.30075037673473,22.7831801,,derived_from_source_layer_osm_id_fclass,smartbidata_task06_20260810,team_shared,team_shared_source,广西壮族自治区,南宁市,江南区,"MULTIPOLYGON (((108.299698 22.782235, 108.301839 22.782676, 108.301753 22.783685, 108.301855 22.783694, 108.301833 22.784565, 108.301286 22.784555, 108.30129 22.784789, 108.301219 22.784789, 108.301147 22.78479, 108.301136 22.784399, 108.301034 22.784397, 108.300554 22.784157, 108.300562 22.783724, 108.299709 22.783724, 108.299698 22.782235)))"
gis_osm_pois_a_free,<NA>,1024155607,hospital,hospitals:gis_osm_pois_a_free:1024155607:hospital,OGC:CRS84,450204,OpenStreetMap,real,kept,<NA>,柳州九龙医院,medical,hospital,109.37446803971417,24.2771379,,derived_from_source_layer_osm_id_fclass,smartbidata_task06_20260810,team_shared,team_shared_source,广西壮族自治区,柳州市,柳南区,"MULTIPOLYGON (((109.374256 24.277218, 109.374471 24.276928, 109.37468 24.277058, 109.374465 24.277347, 109.374256 24.277218)))"
gis_osm_pois_a_free,<NA>,1024585048,hospital,hospitals:gis_osm_pois_a_free:1024585048:hospital,OGC:CRS84,450312,OpenStreetMap,real,kept,<NA>,西城医院,medical,hospital,110.17989013282552,25.22421105,,derived_from_source_layer_osm_id_fclass,smartbidata_task06_20260810,team_shared,team_shared_source,广西壮族自治区,桂林市,临桂区,"MULTIPOLYGON (((110.179307 25.224031, 110.180329 25.223892, 110.180451 25.224391, 110.179666 25.224506, 110.179452 25.224427, 110.179307 25.224031)))"
gis_osm_pois_a_free,<NA>,1025514057,hospital,hospitals:gis_osm_pois_a_free:1025514057:hospital,OGC:CRS84,450312,OpenStreetMap,real,kept,<NA>,临桂镇卫生院,medical,hospital,110.1842220422663,25.2838024,,derived_from_source_layer_osm_id_fclass,smartbidata_task06_20260810,team_shared,team_shared_source,广西壮族自治区,桂林市,临桂区,"MULTIPOLYGON (((110.183615 25.284073, 110.184184 25.283394, 110.184424 25.283609, 110.18478 25.283995, 110.184518 25.284225, 110.184265 25.284388, 110.183615 25.284073)))"
gis_osm_pois_a_free,<NA>,1027013381,hospital,hospitals:gis_osm_pois_a_free:1027013381:hospital,OGC:CRS84,450681,OpenStreetMap,real,kept,<NA>,江平中心卫生院,medical,hospital,108.13400426994286,21.59242895,,derived_from_source_layer_osm_id_fclass,smartbidata_task06_20260810,team_shared,team_shared_source,广西壮族自治区,防城港市,东兴市,"MULTIPOLYGON (((108.133358 21.593014, 108.133443 21.592613, 108.133472 21.592337, 108.133424 21.592302, 108.13345 21.592194, 108.133646 21.591734, 108.134541 21.592295, 108.134549 21.592522, 108.134494 21.592521, 108.134486 21.59266, 108.13438 21.592864, 108.134246 21.59283, 108.134242 21.592867, 108.134042 21.592828, 108.13401 21.592964, 108.133885 21.592938, 108.133852 21.593104, 108.133358 21.593014)))"
gis_osm_pois_a_free,<NA>,1027237835,hospital,hospitals:gis_osm_pois_a_free:1027237835:hospital,OGC:CRS84,,OpenStreetMap,real,kept,<NA>,渔洲坪社区卫生服务中心,medical,hospital,108.37985290482621,21.6496343,,derived_from_source_layer_osm_id_fclass,smartbidata_task06_20260810,team_shared,team_shared_source,,,,"MULTIPOLYGON (((108.379574 21.649657, 108.379729 21.649464, 108.379657 21.649415, 108.379719 21.649351, 108.379922 21.649292, 108.380095 21.649612, 108.380147 21.649675, 108.380172 21.649706, 108.379976 21.649935, 108.379638 21.649701, 108.379602 21.649676, 108.379574 21.649657)))"
gis_osm_pois_a_free,<NA>,1027239570,hospital,hospitals:gis_osm_pois_a_free:1027239570:hospital,OGC:CRS84,450602,OpenStreetMap,real,kept,<NA>,沙𬇕社区卫生服务中心,medical,hospital,108.34209471316001,21.6140554,,derived_from_source_layer_osm_id_fclass,smartbidata_task06_20260810,team_shared,team_shared_source,广西壮族自治区,防城港市,港口区,"MULTIPOLYGON (((108.341797 21.614249, 108.342037 21.614006, 108.342193 21.613849, 108.342308 21.613947, 108.342152 21.614104, 108.341912 21.614347, 108.341797 21.614249)))"
gis_osm_pois_a_free,<NA>,1027240346,hospital,hospitals:gis_osm_pois_a_free:1027240346:hospital,OGC:CRS84,450602,OpenStreetMap,real,kept,<NA>,金海湾社区卫生服务中心,medical,hospital,108.34526997336286,21.6923295,,derived_from_source_layer_osm_id_fclass,smartbidata_task06_20260810,team_shared,team_shared_source,广西壮族自治区,防城港市,港口区,"MULTIPOLYGON (((108.344941 21.692407, 108.345043 21.692078, 108.345634 21.692252, 108.345392 21.692567, 108.344941 21.692407)))"
gis_osm_pois_a_free,<NA>,1027242607,hospital,hospitals:gis_osm_pois_a_free:1027242607:hospital,OGC:CRS84,450603,OpenStreetMap,real,kept,<NA>,珠河社区卫生服务中心,medical,hospital,108.38487300449013,21.7908445,,derived_from_source_layer_osm_id_fclass,smartbidata_task06_20260810,team_shared,team_shared_source,广西壮族自治区,防城港市,防城区,"MULTIPOLYGON (((108.384798 21.791058, 108.384801 21.790668, 108.385091 21.791021, 108.385034 21.791058, 108.384798 21.791058)))"
gis_osm_pois_a_free,<NA>,1036187480,hospital,hospitals:gis_osm_pois_a_free:1036187480:hospital,OGC:CRS84,450103,OpenStreetMap,real,kept,<NA>,广西医科大学附属肿瘤医院,medical,hospital,108.33774656655588,22.7979016,,derived_from_source_layer_osm_id_fclass,smartbidata_task06_20260810,team_shared,team_shared_source,广西壮族自治区,南宁市,青秀区,"MULTIPOLYGON (((108.336843 22.798018, 108.336898 22.797785, 108.336941 22.797726, 108.337017 22.797673, 108.337156 22.797632, 108.33861 22.797511, 108.338568 22.797647, 108.338694 22.79767, 108.338496 22.798317, 108.336843 22.798018)))"
gis_osm_pois_a_free,<NA>,1036616954,hospital,hospitals:gis_osm_pois_a_free:1036616954:hospital,OGC:CRS84,450110,OpenStreetMap,real,kept,<NA>,南宁市第十人民医院,medical,hospital,108.16189170630521,23.1998623,,derived_from_source_layer_osm_id_fclass,smartbidata_task06_20260810,team_shared,team_shared_source,广西壮族自治区,南宁市,武鸣区,"MULTIPOLYGON (((108.160469 23.19932, 108.162346 23.198425, 108.162866 23.199387, 108.162959 23.200338, 108.161694 23.200973, 108.160469 23.19932)))"
gis_osm_pois_a_free,<NA>,1036617050,hospital,hospitals:gis_osm_pois_a_free:1036617050:hospital,OGC:CRS84,450110,OpenStreetMap,real,kept,<NA>,武鸣区第一人民医院,medical,hospital,108.2828187928749,23.1777033,,derived_from_source_layer_osm_id_fclass,smartbidata_task06_20260810,team_shared,team_shared_source,广西壮族自治区,南宁市,武鸣区,"MULTIPOLYGON (((108.281616 23.176972, 108.282531 23.176337, 108.284797 23.178434, 108.283479 23.179572, 108.281664 23.17935, 108.281616 23.176972)))"
gis_osm_pois_a_free,<NA>,1040471199,hospital,hospitals:gis_osm_pois_a_free:1040471199:hospital,OGC:CRS84,450102,OpenStreetMap,real,kept,<NA>,南宁市疾病预防控制中心,medical,hospital,108.36649348462096,22.8523625,,derived_from_source_layer_osm_id_fclass,smartbidata_task06_20260810,team_shared,team_shared_source,广西壮族自治区,南宁市,兴宁区,"MULTIPOLYGON (((108.365671 22.852995, 108.366286 22.851258, 108.367325 22.85173, 108.366714 22.85339, 108.365671 22.852995)))"
gis_osm_pois_a_free,<NA>,1043466143,clinic,hospitals:gis_osm_pois_a_free:1043466143:clinic,OGC:CRS84,450422,OpenStreetMap,real,kept,<NA>,莫埌村卫生所,medical,clinic,111.11746064200535,23.326448,,derived_from_source_layer_osm_id_fclass,smartbidata_task06_20260810,team_shared,team_shared_source,广西壮族自治区,梧州市,藤县,"MULTIPOLYGON (((111.117394 23.326451, 111.117466 23.326385, 111.117527 23.326445, 111.117455 23.326512, 111.117394 23.326451)))"
gis_osm_pois_a_free,<NA>,1055592032,hospital,hospitals:gis_osm_pois_a_free:1055592032:hospital,OGC:CRS84,450325,OpenStreetMap,real,kept,<NA>,兴安县人民医院,medical,hospital,110.66773140457317,25.6088061,,derived_from_source_layer_osm_id_fclass,smartbidata_task06_20260810,team_shared,team_shared_source,广西壮族自治区,桂林市,兴安县,"MULTIPOLYGON (((110.666465 25.609341, 110.66654 25.609341, 110.666541 25.609064, 110.667043 25.609044, 110.666998 25.608256, 110.667325 25.608242, 110.667331 25.608357, 110.668271 25.608325, 110.668429 25.608582, 110.668438 25.60903, 110.668446 25.609531, 110.668242 25.609536, 110.668228 25.609674, 110.667566 25.609692, 110.667565 25.609675, 110.667138 25.609696, 110.666813 25.609777, 110.666466 25.609792, 110.666465 25.609341)))"
gis_osm_pois_a_free,<NA>,1059583612,hospital,hospitals:gis_osm_pois_a_free:1059583612:hospital,OGC:CRS84,450105,OpenStreetMap,real,kept,<NA>,南宁市第二人民医院,medical,hospital,108.30181035466727,22.798614,,derived_from_source_layer_osm_id_fclass,smartbidata_task06_20260810,team_shared,team_shared_source,广西壮族自治区,南宁市,江南区,"MULTIPOLYGON (((108.301302 22.799879, 108.301363 22.797771, 108.302306 22.797794, 108.302258 22.799434, 108.302577 22.799649, 108.302014 22.800359, 108.301302 22.799879)))"
gis_osm_pois_a_free,<NA>,1060042063,hospital,hospitals:gis_osm_pois_a_free:1060042063:hospital,OGC:CRS84,450602,OpenStreetMap,real,kept,<NA>,桃花湾社区卫生服务中心,medical,hospital,108.36684015286164,21.6611407,,derived_from_source_layer_osm_id_fclass,smartbidata_task06_20260810,team_shared,team_shared_source,广西壮族自治区,防城港市,港口区,"MULTIPOLYGON (((108.366594 21.660993, 108.366609 21.660735, 108.366804 21.660632, 108.36704 21.660942, 108.366988 21.661289, 108.366793 21.661378, 108.366594 21.660993)))"
gis_osm_pois_a_free,<NA>,1065047756,hospital,hospitals:gis_osm_pois_a_free:1065047756:hospital,OGC:CRS84,450102,OpenStreetMap,real,kept,<NA>,南宁市第四人民医院,medical,hospital,108.34019019030855,22.8378486,,derived_from_source_layer_osm_id_fclass,smartbidata_task06_20260810,team_shared,team_shared_source,广西壮族自治区,南宁市,兴宁区,"MULTIPOLYGON (((108.339234 22.836849, 108.339407 22.83659, 108.339259 22.83636, 108.339749 22.835918, 108.339989 22.836228, 108.340474 22.836595, 108.341096 22.836894, 108.340618 22.838578, 108.340515 22.838933, 108.340285 22.8389, 108.33977 22.838787, 108.339657 22.838519, 108.339468 22.838293, 108.339642 22.837404, 108.339366 22.837258, 108.339234 22.836849)))"
gis_osm_pois_a_free,<NA>,1068173330,hospital,hospitals:gis_osm_pois_a_free:1068173330:hospital,OGC:CRS84,,OpenStreetMap,real,kept,<NA>,Bệnh viện Đa khoa huyện Hà Quảng,medical,hospital,106.06912852247063,22.90012105,,derived_from_source_layer_osm_id_fclass,smartbidata_task06_20260810,team_shared,team_shared_source,,,,"MULTIPOLYGON (((106.06877 22.900482, 106.068958 22.899622, 106.069296 22.899627, 106.069344 22.899953, 106.069365 22.900052, 106.069451 22.90019, 106.069623 22.900427, 106.069778 22.900556, 106.069655 22.900709, 106.069387 22.900679, 106.069226 22.90067, 106.069022 22.900719, 106.06877 22.900482)))"
gis_osm_pois_a_free,<NA>,1075266036,hospital,hospitals:gis_osm_pois_a_free:1075266036:hospital,OGC:CRS84,450205,OpenStreetMap,real,kept,<NA>,柳州市潭中人民医院东院,medical,hospital,109.40145508698825,24.33775145,,derived_from_source_layer_osm_id_fclass,smartbidata_task06_20260810,team_shared,team_shared_source,广西壮族自治区,柳州市,柳北区,"MULTIPOLYGON (((109.401068 24.337861, 109.401079 24.337642, 109.401404 24.337518, 109.401787 24.337497, 109.401877 24.337957, 109.401257 24.337998, 109.401068 24.337861)))"
gis_osm_pois_a_free,<NA>,1076267881,hospital,hospitals:gis_osm_pois_a_free:1076267881:hospital,OGC:CRS84,450304,OpenStreetMap,real,kept,<NA>,桂林惠宁医院,medical,hospital,110.28689534509405,25.1744803,,derived_from_source_layer_osm_id_fclass,smartbidata_task06_20260810,team_shared,team_shared_source,广西壮族自治区,桂林市,象山区,"MULTIPOLYGON (((110.286176 25.174823, 110.286405 25.174221, 110.28669 25.174302, 110.286888 25.173763, 110.287567 25.17396, 110.287456 25.174658, 110.287365 25.174927, 110.287002 25.175057, 110.286176 25.174823)))"
gis_osm_pois_a_free,<NA>,1077876225,hospital,hospitals:gis_osm_pois_a_free:1077876225:hospital,OGC:CRS84,450503,OpenStreetMap,real,kept,<NA>,北海市第二人民医院,medical,hospital,109.1495552689287,21.45670965,,derived_from_source_layer_osm_id_fclass,smartbidata_task06_20260810,team_shared,team_shared_source,广西壮族自治区,北海市,银海区,"MULTIPOLYGON (((109.148587 21.457419, 109.14922 21.455646, 109.150518 21.456001, 109.14989 21.457798, 109.148587 21.457419)))"
gis_osm_pois_a_free,<NA>,1079663074,hospital,hospitals:gis_osm_pois_a_free:1079663074:hospital,OGC:CRS84,450107,OpenStreetMap,real,kept,<NA>,南宁市中医医院,medical,hospital,108.31534282919944,22.85939345,,derived_from_source_layer_osm_id_fclass,smartbidata_task06_20260810,team_shared,team_shared_source,广西壮族自治区,南宁市,西乡塘区,"MULTIPOLYGON (((108.314654 22.859625, 108.314683 22.859176, 108.315242 22.859202, 108.315271 22.859036, 108.315712 22.859092, 108.31578 22.858684, 108.316101 22.858703, 108.315993 22.859585, 108.31534 22.86001, 108.314849 22.860017, 108.314654 22.859625)))"
gis_osm_pois_a_free,<NA>,1080700794,hospital,hospitals:gis_osm_pois_a_free:1080700794:hospital,OGC:CRS84,450311,OpenStreetMap,real,kept,<NA>,桂林市雁山中心卫生院,medical,hospital,110.3001112455988,25.08426495,,derived_from_source_layer_osm_id_fclass,smartbidata_task06_20260810,team_shared,team_shared_source,广西壮族自治区,桂林市,雁山区,"MULTIPOLYGON (((110.29956 25.084786, 110.299783 25.083922, 110.300587 25.084049, 110.300468 25.084481, 110.300308 25.084942, 110.29956 25.084786)))"
gis_osm_pois_a_free,<NA>,1100629578,hospital,hospitals:gis_osm_pois_a_free:1100629578:hospital,OGC:CRS84,450922,OpenStreetMap,real,kept,<NA>,,medical,hospital,110.3387764448969,21.9424125,,derived_from_source_layer_osm_id_fclass,smartbidata_task06_20260810,team_shared,team_shared_source,广西壮族自治区,玉林市,陆川县,"MULTIPOLYGON (((110.338149 21.942761, 110.338283 21.942184, 110.33838 21.942104, 110.338798 21.941943, 110.338964 21.941923, 110.339067 21.941973, 110.339171 21.942033, 110.33929 21.942136, 110.339197 21.942251, 110.339449 21.942574, 110.339436 21.942759, 110.339393 21.942749, 110.339309 21.942779, 110.339289 21.942805, 110.339219 21.942806, 110.338973 21.94281, 110.338914 21.942691, 110.338651 21.942694, 110.338541 21.942864, 110.338194 21.942771, 110.338149 21.942761)))"
gis_osm_pois_a_free,<NA>,1131947164,hospital,hospitals:gis_osm_pois_a_free:1131947164:hospital,OGC:CRS84,450602,OpenStreetMap,real,kept,<NA>,防城港康晨精神病医院,medical,hospital,108.42891120004872,21.70089875,,derived_from_source_layer_osm_id_fclass,smartbidata_task06_20260810,team_shared,team_shared_source,广西壮族自治区,防城港市,港口区,"MULTIPOLYGON (((108.428171 21.700245, 108.42948 21.700244, 108.429481 21.701553, 108.429622 21.701948, 108.428616 21.701949, 108.428171 21.700245)))"
gis_osm_pois_a_free,<NA>,1134779242,hospital,hospitals:gis_osm_pois_a_free:1134779242:hospital,OGC:CRS84,451081,OpenStreetMap,real,kept,<NA>,靖西市疾控中心,medical,hospital,106.41873727451522,23.13819115,,derived_from_source_layer_osm_id_fclass,smartbidata_task06_20260810,team_shared,team_shared_source,广西壮族自治区,百色市,靖西市,"MULTIPOLYGON (((106.418231 23.138237, 106.41852 23.137814, 106.418727 23.13793, 106.418814 23.137894, 106.418934 23.137843, 106.419171 23.137996, 106.419144 23.138056, 106.41924 23.138098, 106.419222 23.138146, 106.419177 23.138359, 106.419128 23.138575, 106.419118 23.138572, 106.419105 23.138581, 106.418683 23.138494, 106.418668 23.138291, 106.4184 23.138278, 106.418347 23.138296, 106.418231 23.138237)))"
gis_osm_pois_a_free,<NA>,1135173692,hospital,hospitals:gis_osm_pois_a_free:1135173692:hospital,OGC:CRS84,451081,OpenStreetMap,real,kept,<NA>,靖西市妇幼保健院,medical,hospital,106.41719325921792,23.1398909,,derived_from_source_layer_osm_id_fclass,smartbidata_task06_20260810,team_shared,team_shared_source,广西壮族自治区,百色市,靖西市,"MULTIPOLYGON (((106.41664 23.140139, 106.417163 23.139548, 106.417284 23.139643, 106.41753 23.139633, 106.417524 23.14021, 106.417494 23.140213, 106.41749 23.140202, 106.417452 23.140203, 106.417444 23.140187, 106.417325 23.140184, 106.417228 23.140213, 106.417023 23.140211, 106.41698 23.140198, 106.416977 23.140182, 106.416839 23.140181, 106.416838 23.140169, 106.4167 23.140167, 106.416666 23.140156, 106.41664 23.140139)))"
gis_osm_pois_a_free,<NA>,1138317691,hospital,hospitals:gis_osm_pois_a_free:1138317691:hospital,OGC:CRS84,451081,OpenStreetMap,real,kept,<NA>,靖西市中医医院针灸推拿科,medical,hospital,106.41609309108651,23.135345,,derived_from_source_layer_osm_id_fclass,smartbidata_task06_20260810,team_shared,team_shared_source,广西壮族自治区,百色市,靖西市,"MULTIPOLYGON (((106.41575 23.135205, 106.415857 23.135089, 106.416028 23.135224, 106.416098 23.13516, 106.416295 23.135317, 106.416318 23.135362, 106.416388 23.135419, 106.416388 23.135425, 106.416414 23.135445, 106.416384 23.135471, 106.416319 23.135526, 106.416285 23.135554, 106.416213 23.135505, 106.416106 23.135607, 106.416047 23.135567, 106.416036 23.135576, 106.41597 23.135526, 106.415978 23.135514, 106.415929 23.135476, 106.415923 23.135471, 106.415914 23.135479, 106.415879 23.135451, 106.415887 23.135441, 106.415832 23.135398, 106.415892 23.135328, 106.415757 23.135227, 106.415764 23.135215, 106.41575 23.135205)))"
gis_osm_pois_a_free,<NA>,1150313868,hospital,hospitals:gis_osm_pois_a_free:1150313868:hospital,OGC:CRS84,451081,OpenStreetMap,real,kept,<NA>,靖西博爱医院,medical,hospital,106.4149979682561,23.14217955,,derived_from_source_layer_osm_id_fclass,smartbidata_task06_20260810,team_shared,team_shared_source,广西壮族自治区,百色市,靖西市,"MULTIPOLYGON (((106.414892 23.142207, 106.414893 23.142197, 106.414995 23.142079, 106.415104 23.142162, 106.41499 23.142286, 106.414893 23.142215, 106.414892 23.142207)))"
gis_osm_pois_a_free,<NA>,1154717290,hospital,hospitals:gis_osm_pois_a_free:1154717290:hospital,OGC:CRS84,451081,OpenStreetMap,real,kept,<NA>,靖西市皮肤病诊治医院,medical,hospital,106.41027162615953,23.14145345,,derived_from_source_layer_osm_id_fclass,smartbidata_task06_20260810,team_shared,team_shared_source,广西壮族自治区,百色市,靖西市,"MULTIPOLYGON (((106.410056 23.141611, 106.410317 23.141326, 106.410403 23.141381, 106.410283 23.141526, 106.410286 23.141542, 106.41021 23.141553, 106.410163 23.141578, 106.410104 23.141593, 106.410056 23.141611)))"
gis_osm_pois_a_free,<NA>,1160144098,hospital,hospitals:gis_osm_pois_a_free:1160144098:hospital,OGC:CRS84,,OpenStreetMap,real,kept,<NA>,Bệnh viện Đa khoa huyện Trùng Khánh,medical,hospital,106.52675057987238,22.8386977,,derived_from_source_layer_osm_id_fclass,smartbidata_task06_20260810,team_shared,team_shared_source,,,,"MULTIPOLYGON (((106.526069 22.838414, 106.526836 22.837972, 106.527038 22.83833, 106.527176 22.838306, 106.52724 22.838395, 106.527155 22.838468, 106.527189 22.838506, 106.52749 22.83889, 106.527173 22.839118, 106.526962 22.838893, 106.526711 22.839082, 106.526614 22.838941, 106.526366 22.839129, 106.526266 22.839017, 106.526069 22.838414)))"
gis_osm_pois_a_free,<NA>,1160144102,hospital,hospitals:gis_osm_pois_a_free:1160144102:hospital,OGC:CRS84,,OpenStreetMap,real,kept,<NA>,Trung tâm Y tế huyện Hạ Lang,medical,hospital,106.67627017799973,22.6870726,,derived_from_source_layer_osm_id_fclass,smartbidata_task06_20260810,team_shared,team_shared_source,,,,"MULTIPOLYGON (((106.675803 22.686848, 106.675968 22.68681, 106.676167 22.686818, 106.676608 22.686832, 106.676721 22.686863, 106.676568 22.687282, 106.676562 22.687514, 106.676486 22.687646, 106.676287 22.687655, 106.67624 22.687657, 106.67622 22.687658, 106.676154 22.687629, 106.676106 22.687584, 106.675803 22.686848)))"
gis_osm_pois_a_free,<NA>,1163721016,hospital,hospitals:gis_osm_pois_a_free:1163721016:hospital,OGC:CRS84,450902,OpenStreetMap,real,kept,<NA>,玉林市中西医结合骨科医院,medical,hospital,110.19702164853068,22.6623628,,derived_from_source_layer_osm_id_fclass,smartbidata_task06_20260810,team_shared,team_shared_source,广西壮族自治区,玉林市,玉州区,"MULTIPOLYGON (((110.194874 22.662694, 110.198194 22.66105, 110.198789 22.662073, 110.198212 22.662653, 110.197742 22.662968, 110.196927 22.663359, 110.196359 22.663623, 110.195985 22.663772, 110.195747 22.663748, 110.195585 22.66366, 110.194874 22.662694)))"
gis_osm_pois_a_free,<NA>,1167309365,hospital,hospitals:gis_osm_pois_a_free:1167309365:hospital,OGC:CRS84,451081,OpenStreetMap,real,kept,<NA>,靖西市人民医院,medical,hospital,106.4188989609375,23.13286645,,derived_from_source_layer_osm_id_fclass,smartbidata_task06_20260810,team_shared,team_shared_source,广西壮族自治区,百色市,靖西市,"MULTIPOLYGON (((106.417459 23.133675, 106.4175 23.133626, 106.417689 23.133407, 106.417814 23.133459, 106.417839 23.13338, 106.417822 23.133367, 106.417874 23.133276, 106.417881 23.133208, 106.417855 23.133196, 106.417873 23.133135, 106.417888 23.133089, 106.41786 23.133076, 106.417931 23.13288, 106.41789 23.132853, 106.417912 23.132816, 106.417829 23.132776, 106.417954 23.132567, 106.417975 23.132558, 106.417992 23.132542, 106.418058 23.132373, 106.418095 23.132271, 106.418186 23.132022, 106.418199 23.13198, 106.418309 23.132024, 106.418346 23.132028, 106.418374 23.132017, 106.4184 23.132004, 106.418618 23.131866, 106.418651 23.131856, 106.418685 23.131856, 106.418709 23.131861, 106.418752 23.131911, 106.418724 23.131937, 106.418847 23.132052, 106.418859 23.132046, 106.418996 23.132161, 106.418995 23.132176, 106.419017 23.132187, 106.419025 23.132205, 106.419155 23.132169, 106.419294 23.132245, 106.419312 23.13224, 106.419372 23.132152, 106.41942 23.132171, 106.419404 23.132202, 106.419463 23.13227, 106.419502 23.132286, 106.419503 23.132305, 106.419519 23.132316, 106.419519 23.132332, 106.419607 23.132413, 106.419644 23.132444, 106.419743 23.13251, 106.419824 23.132566, 106.41995 23.132649, 106.419981 23.132658, 106.419929 23.132772, 106.419848 23.132958, 106.419754 23.133164, 106.419716 23.133249, 106.419617 23.133228, 106.419591 23.133329, 106.419449 23.133331, 106.419447 23.133368, 106.419166 23.133365, 106.419158 23.133593, 106.419162 23.133624, 106.419152 23.133799, 106.418851 23.133743, 106.418836 23.13379, 106.418738 23.133761, 106.418719 23.133815, 106.418646 23.133784, 106.418596 23.133861, 106.418362 23.133762, 106.417891 23.133546, 106.417886 23.133558, 106.417888 23.133573, 106.417896 23.133581, 106.417889 23.133599, 106.417607 23.133807, 106.417556 23.133803, 106.417496 23.133788, 106.417508 23.133781, 106.417547 23.133747, 106.417459 23.133675)))"
gis_osm_pois_a_free,<NA>,1169652228,hospital,hospitals:gis_osm_pois_a_free:1169652228:hospital,OGC:CRS84,451081,OpenStreetMap,real,kept,<NA>,靖西市协和医院,medical,hospital,106.41573351161418,23.13174315,,derived_from_source_layer_osm_id_fclass,smartbidata_task06_20260810,team_shared,team_shared_source,广西壮族自治区,百色市,靖西市,"MULTIPOLYGON (((106.415567 23.131837, 106.41557 23.131824, 106.415582 23.131812, 106.41574 23.131685, 106.415858 23.131801, 106.415797 23.131846, 106.415752 23.131813, 106.415635 23.131908, 106.41557 23.13185, 106.415567 23.131837)))"
gis_osm_pois_a_free,<NA>,1169948854,hospital,hospitals:gis_osm_pois_a_free:1169948854:hospital,OGC:CRS84,451081,OpenStreetMap,real,kept,<NA>,靖西市人民医院体检部,medical,hospital,106.41831368527579,23.1307017,,derived_from_source_layer_osm_id_fclass,smartbidata_task06_20260810,team_shared,team_shared_source,广西壮族自治区,百色市,靖西市,"MULTIPOLYGON (((106.418102 23.130735, 106.418117 23.130622, 106.418525 23.130669, 106.41851 23.130781, 106.418266 23.130753, 106.418102 23.130735)))"
gis_osm_pois_a_free,<NA>,1170009685,hospital,hospitals:gis_osm_pois_a_free:1170009685:hospital,OGC:CRS84,450902,OpenStreetMap,real,kept,<NA>,协同医院,medical,hospital,110.15195454560225,22.621901,,derived_from_source_layer_osm_id_fclass,smartbidata_task06_20260810,team_shared,team_shared_source,广西壮族自治区,玉林市,玉州区,"MULTIPOLYGON (((110.151829 22.622154, 110.15188 22.621633, 110.152079 22.621648, 110.15203 22.622173, 110.151829 22.622154)))"
gis_osm_pois_a_free,<NA>,1170009694,hospital,hospitals:gis_osm_pois_a_free:1170009694:hospital,OGC:CRS84,450902,OpenStreetMap,real,kept,<NA>,玉林市第二人民医院,medical,hospital,110.14207596972263,22.63203095,,derived_from_source_layer_osm_id_fclass,smartbidata_task06_20260810,team_shared,team_shared_source,广西壮族自治区,玉林市,玉州区,"MULTIPOLYGON (((110.140763 22.632936, 110.141669 22.63253, 110.141697 22.632452, 110.141852 22.631802, 110.141364 22.631636, 110.141554 22.630778, 110.142473 22.630949, 110.142432 22.631148, 110.142551 22.631184, 110.142536 22.631313, 110.142296 22.63226, 110.140886 22.633043, 110.140763 22.632936)))"
gis_osm_pois_a_free,<NA>,1170009705,hospital,hospitals:gis_osm_pois_a_free:1170009705:hospital,OGC:CRS84,450902,OpenStreetMap,real,kept,<NA>,玉林市第二人民医院(新民路),medical,hospital,110.12716798915311,22.63003195,,derived_from_source_layer_osm_id_fclass,smartbidata_task06_20260810,team_shared,team_shared_source,广西壮族自治区,玉林市,玉州区,"MULTIPOLYGON (((110.125754 22.628869, 110.126311 22.62867, 110.126969 22.629578, 110.127356 22.629342, 110.128173 22.630486, 110.12723 22.631011, 110.125868 22.629214, 110.125754 22.628869)))"
gis_osm_pois_a_free,<NA>,1170016598,hospital,hospitals:gis_osm_pois_a_free:1170016598:hospital,OGC:CRS84,450902,OpenStreetMap,real,kept,<NA>,玉林市妇幼保健院,medical,hospital,110.13554732156993,22.63848305,,derived_from_source_layer_osm_id_fclass,smartbidata_task06_20260810,team_shared,team_shared_source,广西壮族自治区,玉林市,玉州区,"MULTIPOLYGON (((110.135039 22.63831, 110.135221 22.638142, 110.135097 22.638008, 110.135227 22.637892, 110.135396 22.638062, 110.135541 22.637934, 110.136 22.638369, 110.135751 22.638597, 110.135945 22.638838, 110.135824 22.638938, 110.135698 22.638944, 110.135039 22.63831)))"
gis_osm_pois_a_free,<NA>,1170016599,hospital,hospitals:gis_osm_pois_a_free:1170016599:hospital,OGC:CRS84,450902,OpenStreetMap,real,kept,<NA>,玉州区妇幼保健院,medical,hospital,110.16085757407984,22.63029895,,derived_from_source_layer_osm_id_fclass,smartbidata_task06_20260810,team_shared,team_shared_source,广西壮族自治区,玉林市,玉州区,"MULTIPOLYGON (((110.160003 22.62966, 110.16007 22.629583, 110.160171 22.629661, 110.160321 22.629508, 110.160492 22.629657, 110.16101 22.630106, 110.161677 22.630685, 110.161301 22.631089, 110.160692 22.630982, 110.160864 22.630888, 110.160373 22.630415, 110.160593 22.630183, 110.160003 22.62966)))"
gis_osm_pois_a_free,<NA>,1170016600,hospital,hospitals:gis_osm_pois_a_free:1170016600:hospital,OGC:CRS84,450902,OpenStreetMap,real,kept,<NA>,玉林中山医院,medical,hospital,110.15985516472097,22.6304208,,derived_from_source_layer_osm_id_fclass,smartbidata_task06_20260810,team_shared,team_shared_source,广西壮族自治区,玉林市,玉州区,"MULTIPOLYGON (((110.15966 22.630306, 110.159692 22.630222, 110.159724 22.630179, 110.16011 22.630536, 110.159861 22.63066, 110.15966 22.630306)))"
gis_osm_pois_a_free,<NA>,1171027594,clinic,hospitals:gis_osm_pois_a_free:1171027594:clinic,OGC:CRS84,451081,OpenStreetMap,real,kept,<NA>,健安诊所,medical,clinic,106.4124842,23.1296668,,derived_from_source_layer_osm_id_fclass,smartbidata_task06_20260810,team_shared,team_shared_source,广西壮族自治区,百色市,靖西市,"MULTIPOLYGON (((106.412395 23.129694, 106.412537 23.129596, 106.412573 23.12964, 106.412432 23.129738, 106.412395 23.129694)))"
gis_osm_pois_a_free,<NA>,1173771635,hospital,hospitals:gis_osm_pois_a_free:1173771635:hospital,OGC:CRS84,450902,OpenStreetMap,real,kept,<NA>,玉林市第三人民医院,medical,hospital,110.15919822597904,22.59629655,,derived_from_source_layer_osm_id_fclass,smartbidata_task06_20260810,team_shared,team_shared_source,广西壮族自治区,玉林市,玉州区,"MULTIPOLYGON (((110.158404 22.596648, 110.158425 22.595945, 110.158974 22.595315, 110.160237 22.595936, 110.159264 22.597314, 110.158404 22.596648)))"
gis_osm_pois_a_free,<NA>,1173988921,hospital,hospitals:gis_osm_pois_a_free:1173988921:hospital,OGC:CRS84,451081,OpenStreetMap,real,kept,<NA>,新靖镇卫生院,medical,hospital,106.41976843659327,23.1269714,,derived_from_source_layer_osm_id_fclass,smartbidata_task06_20260810,team_shared,team_shared_source,广西壮族自治区,百色市,靖西市,"MULTIPOLYGON (((106.419402 23.127295, 106.419504 23.126936, 106.419541 23.126826, 106.419559 23.126704, 106.419584 23.126558, 106.419684 23.126549, 106.419698 23.126512, 106.419719 23.126512, 106.419728 23.126485, 106.419816 23.126482, 106.419868 23.12648, 106.419893 23.126484, 106.419922 23.126496, 106.419958 23.126515, 106.419977 23.126522, 106.419991 23.126523, 106.42 23.126527, 106.420006 23.126538, 106.420131 23.126585, 106.420035 23.127007, 106.420035 23.127024, 106.420035 23.127052, 106.420021 23.127087, 106.42001 23.127112, 106.419986 23.127133, 106.419941 23.127163, 106.419898 23.127189, 106.419843 23.127216, 106.419744 23.127285, 106.419725 23.127323, 106.419653 23.127425, 106.419631 23.127433, 106.419556 23.127388, 106.419402 23.127295)))"
gis_osm_pois_a_free,<NA>,1191968535,hospital,hospitals:gis_osm_pois_a_free:1191968535:hospital,OGC:CRS84,450103,OpenStreetMap,real,kept,<NA>,伶俐镇卫生院,medical,hospital,108.76321986895957,22.852277,,derived_from_source_layer_osm_id_fclass,smartbidata_task06_20260810,team_shared,team_shared_source,广西壮族自治区,南宁市,青秀区,"MULTIPOLYGON (((108.762805 22.852436, 108.762891 22.852018, 108.763622 22.852118, 108.763564 22.852579, 108.762805 22.852436)))"
gis_osm_pois_a_free,<NA>,1192675770,hospital,hospitals:gis_osm_pois_a_free:1192675770:hospital,OGC:CRS84,451082,OpenStreetMap,real,kept,<NA>,平果市妇幼保健院,medical,hospital,107.58802226282609,23.3216682,,derived_from_source_layer_osm_id_fclass,smartbidata_task06_20260810,team_shared,team_shared_source,广西壮族自治区,百色市,平果市,"MULTIPOLYGON (((107.587362 23.321763, 107.587557 23.32128, 107.58766 23.321313, 107.588035 23.321364, 107.588131 23.321285, 107.588351 23.321366, 107.588568 23.321615, 107.58872 23.321722, 107.588829 23.321979, 107.588791 23.322042, 107.58872 23.322042, 107.588677 23.322121, 107.58848 23.322049, 107.588305 23.322007, 107.588275 23.322065, 107.587362 23.321763)))"
gis_osm_pois_a_free,<NA>,1194977969,hospital,hospitals:gis_osm_pois_a_free:1194977969:hospital,OGC:CRS84,450602,OpenStreetMap,real,kept,<NA>,光坡镇中心卫生院,medical,hospital,108.48687407800662,21.6581555,,derived_from_source_layer_osm_id_fclass,smartbidata_task06_20260810,team_shared,team_shared_source,广西壮族自治区,防城港市,港口区,"MULTIPOLYGON (((108.486337 21.658443, 108.486638 21.65777, 108.487053 21.657545, 108.487148 21.657608, 108.487156 21.657674, 108.487254 21.657707, 108.487407 21.657868, 108.487038 21.65872, 108.486337 21.658443)))"
gis_osm_pois_a_free,<NA>,1211765117,hospital,hospitals:gis_osm_pois_a_free:1211765117:hospital,OGC:CRS84,451081,OpenStreetMap,real,kept,<NA>,靖西市中医医院,medical,hospital,106.40833516166472,23.15056305,,derived_from_source_layer_osm_id_fclass,smartbidata_task06_20260810,team_shared,team_shared_source,广西壮族自治区,百色市,靖西市,"MULTIPOLYGON (((106.407676 23.150725, 106.407711 23.150679, 106.407702 23.150642, 106.408294 23.150034, 106.40837 23.150089, 106.408958 23.150484, 106.408356 23.151198, 106.407676 23.150725)))"
gis_osm_pois_a_free,<NA>,1212111376,hospital,hospitals:gis_osm_pois_a_free:1212111376:hospital,OGC:CRS84,450981,OpenStreetMap,real,kept,<NA>,北流市人民医院,medical,hospital,110.34618392678678,22.7191119,,derived_from_source_layer_osm_id_fclass,smartbidata_task06_20260810,team_shared,team_shared_source,广西壮族自治区,玉林市,北流市,"MULTIPOLYGON (((110.34449 22.718825, 110.344576 22.718558, 110.345225 22.718281, 110.345428 22.718345, 110.346319 22.718375, 110.347462 22.718375, 110.34766 22.718454, 110.347708 22.719399, 110.347172 22.719448, 110.347108 22.719918, 110.346158 22.720111, 110.345498 22.720394, 110.34449 22.718825)))"
gis_osm_pois_a_free,<NA>,1213844247,hospital,hospitals:gis_osm_pois_a_free:1213844247:hospital,OGC:CRS84,450108,OpenStreetMap,real,kept,<NA>,广西水电医院,medical,hospital,108.31263918834581,22.7615792,,derived_from_source_layer_osm_id_fclass,smartbidata_task06_20260810,team_shared,team_shared_source,广西壮族自治区,南宁市,良庆区,"MULTIPOLYGON (((108.311773 22.761963, 108.311881 22.760716, 108.312614 22.760815, 108.312537 22.761258, 108.313557 22.761363, 108.313372 22.761832, 108.312611 22.761795, 108.312574 22.762051, 108.311773 22.761963)))"
gis_osm_pois_a_free,<NA>,1217253744,hospital,hospitals:gis_osm_pois_a_free:1217253744:hospital,OGC:CRS84,451081,OpenStreetMap,real,kept,<NA>,百康医院,medical,hospital,106.39962176953725,23.1563009,,derived_from_source_layer_osm_id_fclass,smartbidata_task06_20260810,team_shared,team_shared_source,广西壮族自治区,百色市,靖西市,"MULTIPOLYGON (((106.399303 23.156644, 106.39932 23.156614, 106.399415 23.156455, 106.39957 23.156147, 106.399582 23.1561, 106.399841 23.156134, 106.399516 23.156733, 106.399303 23.156644)))"
gis_osm_pois_a_free,<NA>,1224010558,hospital,hospitals:gis_osm_pois_a_free:1224010558:hospital,OGC:CRS84,450481,OpenStreetMap,real,kept,<NA>,岑溪市人民医院,medical,hospital,110.99116525183447,22.924081,,derived_from_source_layer_osm_id_fclass,smartbidata_task06_20260810,team_shared,team_shared_source,广西壮族自治区,梧州市,岑溪市,"MULTIPOLYGON (((110.990289 22.924161, 110.990559 22.923875, 110.99037 22.923778, 110.99063 22.923406, 110.990812 22.92349, 110.991031 22.923378, 110.991183 22.92343, 110.991342 22.923517, 110.991455 22.923488, 110.991601 22.923449, 110.992141 22.923822, 110.992043 22.924001, 110.99153 22.924534, 110.99118 22.924826, 110.990289 22.924161)))"
gis_osm_pois_a_free,<NA>,1236163506,hospital,hospitals:gis_osm_pois_a_free:1236163506:hospital,OGC:CRS84,450802,OpenStreetMap,real,kept,<NA>,贵港东晖医院,medical,hospital,109.58037330359892,23.12511525,,derived_from_source_layer_osm_id_fclass,smartbidata_task06_20260810,team_shared,team_shared_source,广西壮族自治区,贵港市,港北区,"MULTIPOLYGON (((109.578711 23.123872, 109.578788 23.12367, 109.57902 23.123501, 109.581842 23.123476, 109.582043 23.123639, 109.582023 23.126358, 109.581987 23.126432, 109.582016 23.127386, 109.581948 23.127513, 109.581744 23.127582, 109.578977 23.127621, 109.578824 23.127581, 109.578719 23.1274, 109.578711 23.123872)))"
gis_osm_pois_a_free,<NA>,1259393576,hospital,hospitals:gis_osm_pois_a_free:1259393576:hospital,OGC:CRS84,450204,OpenStreetMap,real,kept,<NA>,柳微医院,medical,hospital,109.3714589898737,24.32872685,,derived_from_source_layer_osm_id_fclass,smartbidata_task06_20260810,team_shared,team_shared_source,广西壮族自治区,柳州市,柳南区,"MULTIPOLYGON (((109.370862 24.328979, 109.370874 24.328454, 109.372048 24.328475, 109.372053 24.329005, 109.370862 24.328979)))"
gis_osm_pois_a_free,<NA>,1259732234,hospital,hospitals:gis_osm_pois_a_free:1259732234:hospital,OGC:CRS84,450881,OpenStreetMap,real,kept,<NA>,桂平市人民医院(江北院区),medical,hospital,110.0852189725992,23.42524925,,derived_from_source_layer_osm_id_fclass,smartbidata_task06_20260810,team_shared,team_shared_source,广西壮族自治区,贵港市,桂平市,"MULTIPOLYGON (((110.083547 23.425735, 110.083928 23.425384, 110.08383 23.425292, 110.084727 23.424504, 110.084524 23.424307, 110.085169 23.423727, 110.086582 23.425135, 110.08661 23.425206, 110.084702 23.426798, 110.08457 23.426794, 110.083547 23.425735)))"
gis_osm_pois_a_free,<NA>,1267819227,hospital,hospitals:gis_osm_pois_a_free:1267819227:hospital,OGC:CRS84,451081,OpenStreetMap,real,kept,<NA>,靖西市荣创医院,medical,hospital,106.39149147240356,23.1328298,,derived_from_source_layer_osm_id_fclass,smartbidata_task06_20260810,team_shared,team_shared_source,广西壮族自治区,百色市,靖西市,"MULTIPOLYGON (((106.390491 23.133124, 106.390568 23.133054, 106.390659 23.132963, 106.39073 23.132902, 106.390843 23.132801, 106.39097 23.132684, 106.391086 23.132583, 106.391175 23.132514, 106.391386 23.132346, 106.391568 23.132207, 106.391687 23.132123, 106.39177 23.132056, 106.391778 23.132092, 106.391811 23.132138, 106.391867 23.132193, 106.392117 23.132454, 106.392225 23.132373, 106.392275 23.132411, 106.392244 23.132514, 106.392215 23.132631, 106.392192 23.13273, 106.39218 23.132803, 106.392163 23.132857, 106.392144 23.132923, 106.392072 23.132985, 106.392022 23.133043, 106.391958 23.133111, 106.391859 23.133204, 106.39178 23.133277, 106.391651 23.133354, 106.391503 23.133421, 106.391336 23.133509, 106.391135 23.133629, 106.390491 23.133124)))"
gis_osm_pois_a_free,<NA>,1272721426,hospital,hospitals:gis_osm_pois_a_free:1272721426:hospital,OGC:CRS84,451402,OpenStreetMap,real,kept,<NA>,崇左市妇幼保健院,medical,hospital,107.39730890492845,22.390753,,derived_from_source_layer_osm_id_fclass,smartbidata_task06_20260810,team_shared,team_shared_source,广西壮族自治区,崇左市,江州区,"MULTIPOLYGON (((107.396288 22.391628, 107.396321 22.38988, 107.396331 22.389766, 107.396342 22.389687, 107.39646 22.389583, 107.39842 22.389491, 107.398239 22.391626, 107.397761 22.391626, 107.39644 22.391628, 107.396288 22.391628)))"
gis_osm_pois_a_free,<NA>,1272721429,hospital,hospitals:gis_osm_pois_a_free:1272721429:hospital,OGC:CRS84,451402,OpenStreetMap,real,kept,<NA>,崇左市人民医院,medical,hospital,107.37443746527791,22.3830838,,derived_from_source_layer_osm_id_fclass,smartbidata_task06_20260810,team_shared,team_shared_source,广西壮族自治区,崇左市,江州区,"MULTIPOLYGON (((107.37311 22.385528, 107.373312 22.384, 107.373432 22.382168, 107.375492 22.382135, 107.375531 22.385699, 107.37325 22.3857, 107.373157 22.385645, 107.37311 22.385528)))"
gis_osm_pois_a_free,<NA>,1277815769,hospital,hospitals:gis_osm_pois_a_free:1277815769:hospital,OGC:CRS84,451081,OpenStreetMap,real,kept,<NA>,康城社区卫生院,medical,hospital,106.38583469791992,23.13614275,,derived_from_source_layer_osm_id_fclass,smartbidata_task06_20260810,team_shared,team_shared_source,广西壮族自治区,百色市,靖西市,"MULTIPOLYGON (((106.385497 23.136095, 106.385611 23.135852, 106.385669 23.135833, 106.385698 23.135855, 106.385803 23.135937, 106.386168 23.136149, 106.38625 23.13619, 106.386099 23.136462, 106.385535 23.136171, 106.385508 23.136136, 106.385497 23.136095)))"
gis_osm_pois_a_free,<NA>,1278159270,hospital,hospitals:gis_osm_pois_a_free:1278159270:hospital,OGC:CRS84,451024,OpenStreetMap,real,kept,<NA>,德保县城关镇卫生院,medical,hospital,106.59678442434122,23.3147166,,derived_from_source_layer_osm_id_fclass,smartbidata_task06_20260810,team_shared,team_shared_source,广西壮族自治区,百色市,德保县,"MULTIPOLYGON (((106.596076 23.314902, 106.596085 23.314873, 106.596109 23.314847, 106.596395 23.314551, 106.596544 23.314417, 106.596592 23.314378, 106.596638 23.314364, 106.596689 23.31436, 106.596723 23.31436, 106.596758 23.314304, 106.596947 23.314434, 106.59717 23.3146, 106.597498 23.314833, 106.597531 23.314855, 106.597559 23.314881, 106.597563 23.314906, 106.59755 23.314934, 106.597517 23.314961, 106.597473 23.314991, 106.597414 23.315027, 106.597333 23.315052, 106.597254 23.315067, 106.597179 23.315076, 106.597121 23.315076, 106.597048 23.315068, 106.59701 23.315046, 106.596958 23.315031, 106.596907 23.315019, 106.596856 23.315018, 106.596793 23.31503, 106.596738 23.315042, 106.596687 23.315059, 106.596642 23.315086, 106.596606 23.315117, 106.596534 23.315193, 106.596417 23.31514, 106.596092 23.314928, 106.596076 23.314902)))"
gis_osm_pois_a_free,<NA>,1279593075,hospital,hospitals:gis_osm_pois_a_free:1279593075:hospital,OGC:CRS84,450126,OpenStreetMap,real,kept,<NA>,宾阳县人民医院,medical,hospital,108.82650251843864,23.24598435,,derived_from_source_layer_osm_id_fclass,smartbidata_task06_20260810,team_shared,team_shared_source,广西壮族自治区,南宁市,宾阳县,"MULTIPOLYGON (((108.824761 23.245481, 108.826398 23.244963, 108.826468 23.245115, 108.826574 23.24507, 108.827043 23.24505, 108.827306 23.245626, 108.827501 23.245785, 108.827824 23.246216, 108.828025 23.246655, 108.827965 23.246886, 108.827184 23.247115, 108.827122 23.246913, 108.826932 23.246754, 108.826842 23.246669, 108.826631 23.246089, 108.825498 23.246448, 108.825336 23.245922, 108.824967 23.246047, 108.824761 23.245481)))"
gis_osm_pois_a_free,<NA>,1279593098,hospital,hospitals:gis_osm_pois_a_free:1279593098:hospital,OGC:CRS84,450126,OpenStreetMap,real,kept,<NA>,宾阳县人民医院（城南分院）,medical,hospital,108.80412638567515,23.2180803,,derived_from_source_layer_osm_id_fclass,smartbidata_task06_20260810,team_shared,team_shared_source,广西壮族自治区,南宁市,宾阳县,"MULTIPOLYGON (((108.803781 23.217744, 108.804322 23.217648, 108.804473 23.218416, 108.804428 23.21851, 108.803948 23.218608, 108.803781 23.217744)))"
gis_osm_pois_a_free,<NA>,1281708673,hospital,hospitals:gis_osm_pois_a_free:1281708673:hospital,OGC:CRS84,450502,OpenStreetMap,real,kept,<NA>,涠洲岛医院,medical,hospital,109.11142049424512,21.0463405,,derived_from_source_layer_osm_id_fclass,smartbidata_task06_20260810,team_shared,team_shared_source,广西壮族自治区,北海市,海城区,"MULTIPOLYGON (((109.110387 21.046014, 109.112116 21.045556, 109.112454 21.046667, 109.110725 21.047125, 109.110387 21.046014)))"
gis_osm_pois_a_free,<NA>,1288867982,hospital,hospitals:gis_osm_pois_a_free:1288867982:hospital,OGC:CRS84,450205,OpenStreetMap,real,kept,<NA>,柳州二运白沙医院,medical,hospital,109.41101580094445,24.35870845,,derived_from_source_layer_osm_id_fclass,smartbidata_task06_20260810,team_shared,team_shared_source,广西壮族自治区,柳州市,柳北区,"MULTIPOLYGON (((109.410694 24.359239, 109.411011 24.358224, 109.411074 24.358096, 109.41112 24.358091, 109.411212 24.359192, 109.410694 24.359239)))"
gis_osm_pois_a_free,<NA>,1290653584,hospital,hospitals:gis_osm_pois_a_free:1290653584:hospital,OGC:CRS84,451302,OpenStreetMap,real,kept,<NA>,,medical,hospital,109.22847446538086,23.747681,,derived_from_source_layer_osm_id_fclass,smartbidata_task06_20260810,team_shared,team_shared_source,广西壮族自治区,来宾市,兴宾区,"MULTIPOLYGON (((109.227083 23.749072, 109.227418 23.747186, 109.22745 23.747096, 109.227506 23.747057, 109.22765 23.747018, 109.229563 23.746819, 109.229566 23.74688, 109.229651 23.748176, 109.230472 23.748296, 109.229757 23.749449, 109.227083 23.749072)))"
gis_osm_pois_a_free,<NA>,1292064118,hospital,hospitals:gis_osm_pois_a_free:1292064118:hospital,OGC:CRS84,451003,OpenStreetMap,real,kept,<NA>,广西中医药大学附属瑞康医院（田阳院区）,medical,hospital,106.91948958607472,23.7363924,,derived_from_source_layer_osm_id_fclass,smartbidata_task06_20260810,team_shared,team_shared_source,广西壮族自治区,百色市,田阳区,"MULTIPOLYGON (((106.918715 23.736756, 106.919072 23.736029, 106.919436 23.735291, 106.920436 23.735986, 106.919343 23.737254, 106.918715 23.736756)))"
gis_osm_pois_a_free,<NA>,1297488533,hospital,hospitals:gis_osm_pois_a_free:1297488533:hospital,OGC:CRS84,451324,OpenStreetMap,real,kept,<NA>,金秀瑶族自治县妇幼保健院,medical,hospital,110.18106199183993,24.1432602,,derived_from_source_layer_osm_id_fclass,smartbidata_task06_20260810,team_shared,team_shared_source,广西壮族自治区,来宾市,金秀瑶族自治县,"MULTIPOLYGON (((110.180751 24.143172, 110.18104 24.142828, 110.181061 24.142815, 110.181088 24.142805, 110.181121 24.142804, 110.181154 24.142812, 110.181174 24.142821, 110.181191 24.142832, 110.18121 24.142852, 110.181461 24.143059, 110.18122 24.143327, 110.181396 24.143458, 110.181266 24.143592, 110.180759 24.143193, 110.180752 24.143184, 110.180751 24.143172)))"
gis_osm_pois_a_free,<NA>,1302475752,hospital,hospitals:gis_osm_pois_a_free:1302475752:hospital,OGC:CRS84,450406,OpenStreetMap,real,kept,<NA>,龙圩区中医医院,medical,hospital,111.2396165197348,23.4142944,,derived_from_source_layer_osm_id_fclass,smartbidata_task06_20260810,team_shared,team_shared_source,广西壮族自治区,梧州市,龙圩区,"MULTIPOLYGON (((111.239035 23.414058, 111.239621 23.413747, 111.239976 23.414077, 111.240084 23.414512, 111.239582 23.414827, 111.239035 23.414058)))"
gis_osm_pois_a_free,<NA>,1306482367,hospital,hospitals:gis_osm_pois_a_free:1306482367:hospital,OGC:CRS84,450203,OpenStreetMap,real,kept,<NA>,柳州市肿瘤医院,medical,hospital,109.42862590826877,24.3087497,,derived_from_source_layer_osm_id_fclass,smartbidata_task06_20260810,team_shared,team_shared_source,广西壮族自治区,柳州市,鱼峰区,"MULTIPOLYGON (((109.427347 24.309175, 109.427374 24.30897, 109.42776 24.30853, 109.428055 24.3085, 109.428431 24.30806, 109.428704 24.307875, 109.429225 24.307831, 109.430046 24.307792, 109.43011 24.308354, 109.429665 24.308456, 109.429756 24.309786, 109.429096 24.309845, 109.429053 24.31007, 109.428468 24.309957, 109.428431 24.31006, 109.427669 24.30983, 109.427712 24.309278, 109.427347 24.309175)))"
gis_osm_pois_a_free,<NA>,1307418820,hospital,hospitals:gis_osm_pois_a_free:1307418820:hospital,OGC:CRS84,450902,OpenStreetMap,real,kept,<NA>,玉林市第一人民医院,medical,hospital,110.15141865321522,22.63997585,,derived_from_source_layer_osm_id_fclass,smartbidata_task06_20260810,team_shared,team_shared_source,广西壮族自治区,玉林市,玉州区,"MULTIPOLYGON (((110.149534 22.638093, 110.150456 22.638406, 110.151261 22.637206, 110.152477 22.637928, 110.151908 22.638761, 110.152514 22.638975, 110.152385 22.639312, 110.152787 22.639925, 110.152658 22.640026, 110.152642 22.640039, 110.152938 22.640648, 110.152927 22.642396, 110.152326 22.642316, 110.152299 22.64248, 110.151647 22.642418, 110.151629 22.642477, 110.151333 22.64253, 110.151352 22.642637, 110.150848 22.642669, 110.15085 22.6426, 110.150234 22.642607, 110.150102 22.641703, 110.150342 22.641656, 110.149996 22.639106, 110.149662 22.639135, 110.149534 22.638093)))"
gis_osm_pois_a_free,<NA>,1308326545,hospital,hospitals:gis_osm_pois_a_free:1308326545:hospital,OGC:CRS84,450403,OpenStreetMap,real,kept,<NA>,梧州民族医医院,medical,hospital,111.30077768114424,23.47660455,,derived_from_source_layer_osm_id_fclass,smartbidata_task06_20260810,team_shared,team_shared_source,广西壮族自治区,梧州市,万秀区,"MULTIPOLYGON (((111.300445 23.476515, 111.300718 23.476366, 111.300785 23.476417, 111.300866 23.47633, 111.301098 23.476546, 111.30102 23.476674, 111.300989 23.476663, 111.300886 23.476788, 111.300842 23.476778, 111.300638 23.476874, 111.300445 23.476515)))"
gis_osm_pois_a_free,<NA>,1308577518,hospital,hospitals:gis_osm_pois_a_free:1308577518:hospital,OGC:CRS84,450405,OpenStreetMap,real,kept,<NA>,梧州市妇幼保健院儿童健康管理中心,medical,hospital,111.22676638996404,23.46639805,,derived_from_source_layer_osm_id_fclass,smartbidata_task06_20260810,team_shared,team_shared_source,广西壮族自治区,梧州市,长洲区,"MULTIPOLYGON (((111.226369 23.466408, 111.226926 23.466084, 111.227162 23.466388, 111.226827 23.466598, 111.226569 23.46671, 111.226369 23.466408)))"
gis_osm_pois_a_free,<NA>,1313936011,hospital,hospitals:gis_osm_pois_a_free:1313936011:hospital,OGC:CRS84,451024,OpenStreetMap,real,kept,<NA>,德保县中医医院,medical,hospital,106.59830933081876,23.3331254,,derived_from_source_layer_osm_id_fclass,smartbidata_task06_20260810,team_shared,team_shared_source,广西壮族自治区,百色市,德保县,"MULTIPOLYGON (((106.597203 23.333239, 106.597863 23.332346, 106.597964 23.332361, 106.598045 23.332416, 106.598082 23.332456, 106.59809 23.332521, 106.598078 23.33255, 106.598078 23.332576, 106.59822 23.33265, 106.598256 23.332684, 106.598285 23.332712, 106.598338 23.332715, 106.598429 23.332677, 106.598529 23.332628, 106.598636 23.332567, 106.598722 23.332489, 106.598861 23.332365, 106.599144 23.332565, 106.599524 23.332788, 106.59953 23.3328, 106.599528 23.332817, 106.599407 23.333012, 106.598959 23.333685, 106.598772 23.334006, 106.598338 23.333819, 106.598077 23.333698, 106.597928 23.333636, 106.597834 23.333591, 106.597771 23.333559, 106.597698 23.333521, 106.597557 23.333437, 106.597439 23.333376, 106.597203 23.333239)))"
gis_osm_pois_a_free,<NA>,1314100790,hospital,hospitals:gis_osm_pois_a_free:1314100790:hospital,OGC:CRS84,451324,OpenStreetMap,real,kept,<NA>,金秀瑶族自治县人民医院,medical,hospital,110.18618137727273,24.1375517,,derived_from_source_layer_osm_id_fclass,smartbidata_task06_20260810,team_shared,team_shared_source,广西壮族自治区,来宾市,金秀瑶族自治县,"MULTIPOLYGON (((110.18551 24.137962, 110.185515 24.137922, 110.18553 24.137814, 110.185551 24.137727, 110.18557 24.137644, 110.185594 24.137604, 110.18562 24.137589, 110.185652 24.13758, 110.185687 24.13757, 110.18572 24.137558, 110.185753 24.137545, 110.18579 24.137524, 110.185827 24.137498, 110.185847 24.137475, 110.185866 24.137441, 110.185874 24.13741, 110.185887 24.137382, 110.185912 24.137352, 110.185935 24.137327, 110.185953 24.137312, 110.185974 24.137301, 110.186 24.13729, 110.186026 24.137269, 110.186047 24.137251, 110.186058 24.137227, 110.186067 24.1372, 110.186064 24.137177, 110.186058 24.137156, 110.185977 24.136829, 110.185982 24.136805, 110.185996 24.136767, 110.186004 24.136702, 110.18601 24.136629, 110.186007 24.136592, 110.186119 24.136582, 110.186132 24.136599, 110.186146 24.136618, 110.186167 24.136642, 110.186184 24.136666, 110.186194 24.136689, 110.186215 24.136677, 110.186264 24.136755, 110.186249 24.136771, 110.186251 24.136795, 110.186268 24.136836, 110.186308 24.136938, 110.186362 24.137045, 110.186413 24.137135, 110.186464 24.13721, 110.1865 24.137271, 110.186526 24.137319, 110.18656 24.137398, 110.186602 24.137492, 110.186622 24.137534, 110.186629 24.137564, 110.186626 24.137596, 110.186589 24.137762, 110.186573 24.137761, 110.186546 24.137893, 110.186484 24.138131, 110.1864 24.138428, 110.18637 24.1385, 110.186344 24.138516, 110.186314 24.138524, 110.186257 24.138518, 110.186095 24.138491, 110.186122 24.138386, 110.186124 24.138366, 110.186119 24.138346, 110.186109 24.138335, 110.186091 24.138328, 110.185831 24.138276, 110.185586 24.138229, 110.185573 24.13822, 110.185562 24.138206, 110.185554 24.138169, 110.185545 24.138123, 110.185536 24.138064, 110.185528 24.138032, 110.18552 24.137997, 110.18551 24.137962)))"
gis_osm_pois_a_free,<NA>,1314391992,hospital,hospitals:gis_osm_pois_a_free:1314391992:hospital,OGC:CRS84,451324,OpenStreetMap,real,kept,<NA>,金秀县人民医院分院,medical,hospital,109.96692780058078,24.19192235,,derived_from_source_layer_osm_id_fclass,smartbidata_task06_20260810,team_shared,team_shared_source,广西壮族自治区,来宾市,金秀瑶族自治县,"MULTIPOLYGON (((109.965811 24.1915, 109.965911 24.191356, 109.967895 24.191275, 109.967976 24.191317, 109.968063 24.19328, 109.965908 24.193384, 109.965895 24.192345, 109.965811 24.1915)))"
gis_osm_pois_a_free,<NA>,1315634425,hospital,hospitals:gis_osm_pois_a_free:1315634425:hospital,OGC:CRS84,450405,OpenStreetMap,real,kept,<NA>,梧州信立康医院,medical,hospital,111.25169387498119,23.48852195,,derived_from_source_layer_osm_id_fclass,smartbidata_task06_20260810,team_shared,team_shared_source,广西壮族自治区,梧州市,长洲区,"MULTIPOLYGON (((111.251464 23.488688, 111.251527 23.488302, 111.251924 23.488356, 111.25186 23.488742, 111.251464 23.488688)))"
gis_osm_pois_a_free,<NA>,1315643348,hospital,hospitals:gis_osm_pois_a_free:1315643348:hospital,OGC:CRS84,451425,OpenStreetMap,real,kept,<NA>,天等县中医医院,medical,hospital,107.14624381389291,23.06875205,,derived_from_source_layer_osm_id_fclass,smartbidata_task06_20260810,team_shared,team_shared_source,广西壮族自治区,崇左市,天等县,"MULTIPOLYGON (((107.143402 23.069957, 107.14628 23.068114, 107.14635 23.068124, 107.148323 23.069575, 107.148274 23.069643, 107.146836 23.069512, 107.146579 23.069531, 107.146384 23.06957, 107.145831 23.069485, 107.145699 23.069451, 107.145533 23.06938, 107.145145 23.069389, 107.144186 23.069744, 107.143993 23.069855, 107.143889 23.070036, 107.143735 23.070166, 107.143622 23.070267, 107.143402 23.069957)))"
gis_osm_pois_a_free,<NA>,1322639353,hospital,hospitals:gis_osm_pois_a_free:1322639353:hospital,OGC:CRS84,450702,OpenStreetMap,real,kept,<NA>,钦州市第二人民医院(二马路院区)南区,medical,hospital,108.61689626866132,21.95325485,,derived_from_source_layer_osm_id_fclass,smartbidata_task06_20260810,team_shared,team_shared_source,广西壮族自治区,钦州市,钦南区,"MULTIPOLYGON (((108.616628 21.953071, 108.616918 21.952946, 108.617165 21.953439, 108.616875 21.953564, 108.616628 21.953071)))"
gis_osm_pois_a_free,<NA>,1322639354,hospital,hospitals:gis_osm_pois_a_free:1322639354:hospital,OGC:CRS84,450702,OpenStreetMap,real,kept,<NA>,钦州市第二人民医院(二马路院区)北区,medical,hospital,108.6164054908246,21.9540093,,derived_from_source_layer_osm_id_fclass,smartbidata_task06_20260810,team_shared,team_shared_source,广西壮族自治区,钦州市,钦南区,"MULTIPOLYGON (((108.615945 21.954047, 108.616785 21.953711, 108.616888 21.953972, 108.616498 21.954098, 108.616334 21.954325, 108.616039 21.95435, 108.615945 21.954047)))"
gis_osm_pois_a_free,<NA>,1332053213,hospital,hospitals:gis_osm_pois_a_free:1332053213:hospital,OGC:CRS84,450103,OpenStreetMap,real,kept,<NA>,广西壮族自治区南宁茅桥中心医院,medical,hospital,108.35893516605555,22.83644425,,derived_from_source_layer_osm_id_fclass,smartbidata_task06_20260810,team_shared,team_shared_source,广西壮族自治区,南宁市,青秀区,"MULTIPOLYGON (((108.357089 22.836259, 108.357866 22.836494, 108.357929 22.835848, 108.359092 22.835922, 108.359129 22.835738, 108.360176 22.83582, 108.360178 22.835965, 108.359926 22.836643, 108.359749 22.837205, 108.358858 22.837232, 108.358334 22.837243, 108.357911 22.837209, 108.357634 22.837122, 108.357412 22.836722, 108.357106 22.836395, 108.357089 22.836259)))"
gis_osm_pois_a_free,<NA>,1334508464,hospital,hospitals:gis_osm_pois_a_free:1334508464:hospital,OGC:CRS84,450203,OpenStreetMap,real,kept,<NA>,柳州市工人医院南院,medical,hospital,109.42383361536125,24.2860817,,derived_from_source_layer_osm_id_fclass,smartbidata_task06_20260810,team_shared,team_shared_source,广西壮族自治区,柳州市,鱼峰区,"MULTIPOLYGON (((109.423114 24.285573, 109.423626 24.285291, 109.424039 24.285871, 109.424339 24.286292, 109.423691 24.286708, 109.423574 24.286566, 109.423644 24.286314, 109.423114 24.285573)))"
gis_osm_pois_a_free,<NA>,1338986068,hospital,hospitals:gis_osm_pois_a_free:1338986068:hospital,OGC:CRS84,451324,OpenStreetMap,real,kept,<NA>,金秀瑶族自治县产科急救中心,medical,hospital,110.18569527625178,24.13724505,,derived_from_source_layer_osm_id_fclass,smartbidata_task06_20260810,team_shared,team_shared_source,广西壮族自治区,来宾市,金秀瑶族自治县,"MULTIPOLYGON (((110.185497 24.137348, 110.185565 24.136998, 110.18585 24.137039, 110.185838 24.137068, 110.185834 24.137087, 110.18583 24.137118, 110.18583 24.137146, 110.185838 24.137164, 110.185857 24.137177, 110.18588 24.1372, 110.185883 24.137215, 110.185878 24.137237, 110.18587 24.137254, 110.18585 24.137282, 110.185832 24.13731, 110.185823 24.13734, 110.185812 24.137369, 110.185807 24.137399, 110.185799 24.137434, 110.185792 24.137462, 110.185764 24.137485, 110.185742 24.137505, 110.185723 24.137508, 110.185596 24.137491, 110.185613 24.137375, 110.185497 24.137348)))"
gis_osm_pois_a_free,<NA>,1348664661,hospital,hospitals:gis_osm_pois_a_free:1348664661:hospital,OGC:CRS84,450204,OpenStreetMap,real,kept,<NA>,柳州市工人医院西院,medical,hospital,109.36944003782247,24.30877455,,derived_from_source_layer_osm_id_fclass,smartbidata_task06_20260810,team_shared,team_shared_source,广西壮族自治区,柳州市,柳南区,"MULTIPOLYGON (((109.368579 24.309358, 109.36883 24.309064, 109.368979 24.308486, 109.368777 24.308003, 109.369315 24.307789, 109.370237 24.309165, 109.370234 24.309264, 109.369839 24.309507, 109.369658 24.309276, 109.368987 24.309548, 109.368579 24.309358)))"
gis_osm_pois_a_free,<NA>,1349370054,hospital,hospitals:gis_osm_pois_a_free:1349370054:hospital,OGC:CRS84,450902,OpenStreetMap,real,kept,<NA>,玉林市中医院,medical,hospital,110.14987842686028,22.63397735,,derived_from_source_layer_osm_id_fclass,smartbidata_task06_20260810,team_shared,team_shared_source,广西壮族自治区,玉林市,玉州区,"MULTIPOLYGON (((110.148961 22.634288, 110.149968 22.633246, 110.150332 22.633557, 110.150456 22.633403, 110.150747 22.633684, 110.150564 22.633836, 110.150427 22.634119, 110.150324 22.634256, 110.150234 22.634342, 110.150184 22.63438, 110.149657 22.634872, 110.149311 22.634575, 110.148961 22.634288)))"
gis_osm_pois_a_free,<NA>,1349392041,hospital,hospitals:gis_osm_pois_a_free:1349392041:hospital,OGC:CRS84,450902,OpenStreetMap,real,kept,<NA>,玉林红十字会医院,medical,hospital,110.18519749171139,22.64251955,,derived_from_source_layer_osm_id_fclass,smartbidata_task06_20260810,team_shared,team_shared_source,广西壮族自治区,玉林市,玉州区,"MULTIPOLYGON (((110.182647 22.64293, 110.183113 22.642109, 110.183929 22.641183, 110.18491 22.639962, 110.185141 22.639412, 110.185726 22.638712, 110.185883 22.638583, 110.186082 22.63842, 110.186195 22.638384, 110.186448 22.638302, 110.186698 22.638292, 110.186677 22.638708, 110.186539 22.63896, 110.186501 22.639275, 110.187954 22.639582, 110.187663 22.64018, 110.188006 22.641285, 110.187892 22.641961, 110.186888 22.643451, 110.186581 22.643686, 110.186016 22.644372, 110.185599 22.644812, 110.183695 22.647, 110.182707 22.646456, 110.182882 22.643236, 110.182647 22.64293)))"
gis_osm_pois_a_free,<NA>,1349785658,hospital,hospitals:gis_osm_pois_a_free:1349785658:hospital,OGC:CRS84,450125,OpenStreetMap,real,kept,<NA>,上林县人民医院,medical,hospital,108.59405328824096,23.43558665,,derived_from_source_layer_osm_id_fclass,smartbidata_task06_20260810,team_shared,team_shared_source,广西壮族自治区,南宁市,上林县,"MULTIPOLYGON (((108.593514 23.435495, 108.593605 23.435188, 108.593679 23.434927, 108.593695 23.43487, 108.593837 23.434633, 108.593953 23.434723, 108.594504 23.435215, 108.594368 23.435333, 108.594534 23.435468, 108.594499 23.435518, 108.594724 23.435706, 108.594698 23.435734, 108.595343 23.436267, 108.595198 23.436473, 108.595284 23.436594, 108.595197 23.436606, 108.59473 23.436275, 108.594647 23.436216, 108.594405 23.436092, 108.594174 23.435974, 108.593534 23.435661, 108.593533 23.435656, 108.593515 23.435508, 108.593514 23.435495)))"
gis_osm_pois_a_free,<NA>,1351248937,hospital,hospitals:gis_osm_pois_a_free:1351248937:hospital,OGC:CRS84,450203,OpenStreetMap,real,kept,<NA>,广西荣誉军人康复医院,medical,hospital,109.41841761732498,24.30159305,,derived_from_source_layer_osm_id_fclass,smartbidata_task06_20260810,team_shared,team_shared_source,广西壮族自治区,柳州市,鱼峰区,"MULTIPOLYGON (((109.418123 24.301805, 109.418497 24.301259, 109.418712 24.301381, 109.418338 24.301927, 109.418123 24.301805)))"
gis_osm_pois_a_free,<NA>,1355300234,hospital,hospitals:gis_osm_pois_a_free:1355300234:hospital,OGC:CRS84,450203,OpenStreetMap,real,kept,<NA>,爱尔眼科,medical,hospital,109.42532114381106,24.2846036,,derived_from_source_layer_osm_id_fclass,smartbidata_task06_20260810,team_shared,team_shared_source,广西壮族自治区,柳州市,鱼峰区,"MULTIPOLYGON (((109.425127 24.284614, 109.425428 24.284455, 109.425515 24.284593, 109.425215 24.284752, 109.425127 24.284614)))"
gis_osm_pois_a_free,<NA>,1356341226,hospital,hospitals:gis_osm_pois_a_free:1356341226:hospital,OGC:CRS84,450323,OpenStreetMap,real,kept,<NA>,国营桂林华侨农场医院,medical,hospital,110.39427622520057,25.17048665,,derived_from_source_layer_osm_id_fclass,smartbidata_task06_20260810,team_shared,team_shared_source,广西壮族自治区,桂林市,灵川县,"MULTIPOLYGON (((110.393869 25.170314, 110.394172 25.170193, 110.39432 25.17012, 110.394666 25.17066, 110.394297 25.170891, 110.393869 25.170314)))"
gis_osm_pois_a_free,<NA>,1358678334,hospital,hospitals:gis_osm_pois_a_free:1358678334:hospital,OGC:CRS84,450226,OpenStreetMap,real,kept,<NA>,三江侗族自治县人民医院,medical,hospital,109.6098073526346,25.79595415,,derived_from_source_layer_osm_id_fclass,smartbidata_task06_20260810,team_shared,team_shared_source,广西壮族自治区,柳州市,三江侗族自治县,"MULTIPOLYGON (((109.608886 25.796542, 109.609093 25.794371, 109.61048 25.794334, 109.610705 25.795366, 109.610639 25.796562, 109.610639 25.796573, 109.608886 25.796542)))"
gis_osm_pois_a_free,<NA>,1364000164,hospital,hospitals:gis_osm_pois_a_free:1364000164:hospital,OGC:CRS84,451302,OpenStreetMap,real,kept,<NA>,兴宾区人民医院,medical,hospital,109.18657307046854,23.7330269,,derived_from_source_layer_osm_id_fclass,smartbidata_task06_20260810,team_shared,team_shared_source,广西壮族自治区,来宾市,兴宾区,"MULTIPOLYGON (((109.185446 23.732867, 109.18545 23.732086, 109.185693 23.731847, 109.18745 23.731861, 109.187671 23.732066, 109.187686 23.733187, 109.187792 23.733958, 109.187634 23.734112, 109.185733 23.734096, 109.185557 23.733968, 109.185446 23.732867)))"
gis_osm_pois_a_free,<NA>,1383693028,hospital,hospitals:gis_osm_pois_a_free:1383693028:hospital,OGC:CRS84,450109,OpenStreetMap,real,kept,<NA>,邕宁区疾病预防控制中心（新址）,medical,hospital,108.47745903677655,22.75022195,,derived_from_source_layer_osm_id_fclass,smartbidata_task06_20260810,team_shared,team_shared_source,广西壮族自治区,南宁市,邕宁区,"MULTIPOLYGON (((108.476777 22.749931, 108.47809 22.749785, 108.478139 22.750512, 108.478118 22.750576, 108.478073 22.750633, 108.478015 22.750664, 108.477919 22.750684, 108.476845 22.750829, 108.476777 22.749931)))"
gis_osm_pois_a_free,<NA>,1385380309,hospital,hospitals:gis_osm_pois_a_free:1385380309:hospital,OGC:CRS84,451202,OpenStreetMap,real,kept,<NA>,河池利民医院,medical,hospital,108.03998285107005,24.6817857,,derived_from_source_layer_osm_id_fclass,smartbidata_task06_20260810,team_shared,team_shared_source,广西壮族自治区,河池市,金城江区,"MULTIPOLYGON (((108.039632 24.681922, 108.039821 24.68165, 108.039876 24.681439, 108.040342 24.681407, 108.040182 24.681998, 108.040107 24.681988, 108.03999 24.681971, 108.039674 24.681927, 108.039632 24.681922)))"
gis_osm_pois_a_free,<NA>,1385558797,hospital,hospitals:gis_osm_pois_a_free:1385558797:hospital,OGC:CRS84,451202,OpenStreetMap,real,kept,<NA>,河池市人民医院,medical,hospital,108.04510537924398,24.6975715,,derived_from_source_layer_osm_id_fclass,smartbidata_task06_20260810,team_shared,team_shared_source,广西壮族自治区,河池市,金城江区,"MULTIPOLYGON (((108.04398 24.698084, 108.044621 24.696354, 108.045165 24.69661, 108.045157 24.696708, 108.045316 24.696761, 108.045294 24.696871, 108.045431 24.696924, 108.045426 24.697012, 108.04564 24.69721, 108.045804 24.697312, 108.045983 24.697249, 108.046091 24.697356, 108.046142 24.697519, 108.04594 24.697624, 108.045876 24.697772, 108.045852 24.697941, 108.045506 24.698686, 108.04398 24.698084)))"
gis_osm_pois_a_free,<NA>,1385804237,hospital,hospitals:gis_osm_pois_a_free:1385804237:hospital,OGC:CRS84,451202,OpenStreetMap,real,kept,<NA>,河池市妇幼保健院,medical,hospital,108.04326342063092,24.69543225,,derived_from_source_layer_osm_id_fclass,smartbidata_task06_20260810,team_shared,team_shared_source,广西壮族自治区,河池市,金城江区,"MULTIPOLYGON (((108.04283 24.69556, 108.043006 24.695305, 108.043183 24.694999, 108.043733 24.695271, 108.043349 24.695767, 108.04283 24.69556)))"
gis_osm_pois_a_free,<NA>,1395880441,hospital,hospitals:gis_osm_pois_a_free:1395880441:hospital,OGC:CRS84,450107,OpenStreetMap,real,kept,<NA>,广西壮族自治区儿童医院,medical,hospital,108.28821805130073,22.8200065,,derived_from_source_layer_osm_id_fclass,smartbidata_task06_20260810,team_shared,team_shared_source,广西壮族自治区,南宁市,西乡塘区,"MULTIPOLYGON (((108.287624 22.820597, 108.287633 22.820121, 108.287698 22.819892, 108.288123 22.819227, 108.288255 22.819298, 108.288696 22.819697, 108.288565 22.81982, 108.289183 22.82038, 108.289189 22.820603, 108.287826 22.820633, 108.287738 22.820599, 108.287624 22.820597)))"
gis_osm_pois_a_free,<NA>,1408539488,hospital,hospitals:gis_osm_pois_a_free:1408539488:hospital,OGC:CRS84,451402,OpenStreetMap,real,kept,<NA>,江州区人民医院,medical,hospital,107.35617625935444,22.4221992,,derived_from_source_layer_osm_id_fclass,smartbidata_task06_20260810,team_shared,team_shared_source,广西壮族自治区,崇左市,江州区,"MULTIPOLYGON (((107.355188 22.42252, 107.355329 22.421879, 107.355378 22.421202, 107.355505 22.421062, 107.357131 22.421064, 107.357077 22.422736, 107.357068 22.422993, 107.35694 22.422986, 107.356023 22.422728, 107.355531 22.422721, 107.355188 22.42252)))"
gis_osm_pois_a_free,<NA>,1412403189,hospital,hospitals:gis_osm_pois_a_free:1412403189:hospital,OGC:CRS84,450102,OpenStreetMap,real,kept,<NA>,南宁市第五人民医院·南宁市心理医院,medical,hospital,108.3333445504152,22.86120225,,derived_from_source_layer_osm_id_fclass,smartbidata_task06_20260810,team_shared,team_shared_source,广西壮族自治区,南宁市,兴宁区,"MULTIPOLYGON (((108.332866 22.860924, 108.333583 22.860911, 108.333689 22.860928, 108.33381 22.860995, 108.33386 22.861079, 108.333845 22.861148, 108.333787 22.861256, 108.333743 22.861336, 108.333738 22.861346, 108.333723 22.861372, 108.333656 22.861478, 108.333325 22.861486, 108.332881 22.861497, 108.332867 22.860955, 108.332866 22.860924)))"
gis_osm_pois_a_free,<NA>,1412403198,hospital,hospitals:gis_osm_pois_a_free:1412403198:hospital,OGC:CRS84,450102,OpenStreetMap,real,kept,<NA>,南宁市第五人民医院·南宁市心理医院（精卫门诊）,medical,hospital,108.32972976951878,22.86355725,,derived_from_source_layer_osm_id_fclass,smartbidata_task06_20260810,team_shared,team_shared_source,广西壮族自治区,南宁市,兴宁区,"MULTIPOLYGON (((108.328296 22.863933, 108.328616 22.863332, 108.328747 22.863198, 108.328975 22.862916, 108.32932 22.862918, 108.329319 22.862126, 108.330178 22.862222, 108.3303 22.862236, 108.330372 22.862244, 108.330977 22.862306, 108.330973 22.86266, 108.330965 22.863421, 108.330962 22.863694, 108.330959 22.863852, 108.33066 22.864167, 108.33052 22.864314, 108.330397 22.864524, 108.330312 22.864826, 108.330129 22.864818, 108.329742 22.864706, 108.328296 22.863933)))"
gis_osm_pois_a_free,<NA>,1415180936,hospital,hospitals:gis_osm_pois_a_free:1415180936:hospital,OGC:CRS84,450105,OpenStreetMap,real,kept,<NA>,吴圩卫生院,medical,hospital,108.21419448821582,22.6434509,,derived_from_source_layer_osm_id_fclass,smartbidata_task06_20260810,team_shared,team_shared_source,广西壮族自治区,南宁市,江南区,"MULTIPOLYGON (((108.213324 22.643279, 108.213613 22.642779, 108.21421 22.64305, 108.214391 22.642949, 108.214817 22.64333, 108.214852 22.643572, 108.214682 22.643616, 108.214547 22.64392, 108.21461 22.643967, 108.214507 22.644097, 108.214283 22.643877, 108.214224 22.643951, 108.213324 22.643279)))"
gis_osm_pois_a_free,<NA>,1415311073,hospital,hospitals:gis_osm_pois_a_free:1415311073:hospital,OGC:CRS84,,OpenStreetMap,real,kept,<NA>,桂林医科大学第一附属医院（漓东院区）,medical,hospital,110.31697023295487,25.3026944,,derived_from_source_layer_osm_id_fclass,smartbidata_task06_20260810,team_shared,team_shared_source,,,,"MULTIPOLYGON (((110.315187 25.30231, 110.315212 25.302176, 110.315754 25.301775, 110.316075 25.301419, 110.316272 25.300962, 110.316518 25.300795, 110.318207 25.30153, 110.318367 25.301697, 110.318429 25.303079, 110.318416 25.303959, 110.318281 25.304338, 110.317985 25.304806, 110.317702 25.30514, 110.315187 25.30231)))"
gis_osm_pois_a_free,<NA>,1415449943,hospital,hospitals:gis_osm_pois_a_free:1415449943:hospital,OGC:CRS84,451202,OpenStreetMap,real,kept,<NA>,六圩镇卫生院,medical,hospital,108.02795981944399,24.67263815,,derived_from_source_layer_osm_id_fclass,smartbidata_task06_20260810,team_shared,team_shared_source,广西壮族自治区,河池市,金城江区,"MULTIPOLYGON (((108.027443 24.672493, 108.027736 24.672356, 108.027859 24.672146, 108.028054 24.672184, 108.028134 24.672179, 108.028435 24.672326, 108.028499 24.672312, 108.028593 24.672339, 108.028493 24.67256, 108.02844 24.672767, 108.028043 24.673139, 108.027449 24.672716, 108.027443 24.672493)))"
gis_osm_pois_a_free,<NA>,1420130742,hospital,hospitals:gis_osm_pois_a_free:1420130742:hospital,OGC:CRS84,450205,OpenStreetMap,real,kept,<NA>,柳钢医院第一门诊部,medical,hospital,109.39483733122044,24.37489745,,derived_from_source_layer_osm_id_fclass,smartbidata_task06_20260810,team_shared,team_shared_source,广西壮族自治区,柳州市,柳北区,"MULTIPOLYGON (((109.394539 24.374532, 109.394855 24.374644, 109.395102 24.374766, 109.395164 24.375029, 109.395291 24.375032, 109.395333 24.375352, 109.394544 24.375356, 109.394539 24.374532)))"
gis_osm_pois_a_free,<NA>,1422425327,hospital,hospitals:gis_osm_pois_a_free:1422425327:hospital,OGC:CRS84,450821,OpenStreetMap,real,kept,<NA>,平南县第三人民医院,medical,hospital,110.361286823953,23.48430525,,derived_from_source_layer_osm_id_fclass,smartbidata_task06_20260810,team_shared,team_shared_source,广西壮族自治区,贵港市,平南县,"MULTIPOLYGON (((110.360049 23.483504, 110.362494 23.483465, 110.362525 23.485107, 110.36008 23.485146, 110.360049 23.483504)))"
gis_osm_pois_a_free,<NA>,1424443929,hospital,hospitals:gis_osm_pois_a_free:1424443929:hospital,OGC:CRS84,450802,OpenStreetMap,real,kept,<NA>,联勤保障九二三医院贵港医疗区,medical,hospital,109.6065612295371,23.1439398,,derived_from_source_layer_osm_id_fclass,smartbidata_task06_20260810,team_shared,team_shared_source,广西壮族自治区,贵港市,港北区,"MULTIPOLYGON (((109.604531 23.142942, 109.604828 23.142746, 109.605357 23.142425, 109.605763 23.14259, 109.606168 23.142738, 109.606588 23.142551, 109.607348 23.142191, 109.607537 23.141549, 109.607801 23.141241, 109.607995 23.141232, 109.608028 23.141722, 109.608448 23.141848, 109.608396 23.141992, 109.608509 23.142031, 109.608476 23.142143, 109.608627 23.142204, 109.608618 23.142373, 109.608061 23.143072, 109.608103 23.143519, 109.608287 23.144139, 109.608245 23.144586, 109.608108 23.144769, 109.608051 23.145185, 109.608155 23.145827, 109.607688 23.146361, 109.606678 23.146135, 109.605616 23.145732, 109.605602 23.145259, 109.604866 23.14525, 109.604918 23.14443, 109.604885 23.14374, 109.604531 23.142942)))"
gis_osm_pois_a_free,<NA>,1446827547,clinic,hospitals:gis_osm_pois_a_free:1446827547:clinic,OGC:CRS84,450902,OpenStreetMap,real,kept,<NA>,玉林师范学院医院,medical,clinic,110.19821141676368,22.68360635,,derived_from_source_layer_osm_id_fclass,smartbidata_task06_20260810,team_shared,team_shared_source,广西壮族自治区,玉林市,玉州区,"MULTIPOLYGON (((110.198014 22.68368, 110.198321 22.683458, 110.198406 22.683533, 110.198094 22.683765, 110.198014 22.68368)))"
gis_osm_pois_a_free,<NA>,1447604266,hospital,hospitals:gis_osm_pois_a_free:1447604266:hospital,OGC:CRS84,450222,OpenStreetMap,real,kept,<NA>,柳城县人民医院,medical,hospital,109.24100101201725,24.659997,,derived_from_source_layer_osm_id_fclass,smartbidata_task06_20260810,team_shared,team_shared_source,广西壮族自治区,柳州市,柳城县,"MULTIPOLYGON (((109.239782 24.660273, 109.240712 24.65858, 109.242131 24.65894, 109.242094 24.659802, 109.242043 24.660192, 109.241688 24.66124, 109.239824 24.660434, 109.239782 24.660273)))"
gis_osm_pois_a_free,<NA>,1450021789,hospital,hospitals:gis_osm_pois_a_free:1450021789:hospital,OGC:CRS84,450324,OpenStreetMap,real,kept,<NA>,全州县妇幼保健院,medical,hospital,111.06637500651487,25.93704745,,derived_from_source_layer_osm_id_fclass,smartbidata_task06_20260810,team_shared,team_shared_source,广西壮族自治区,桂林市,全州县,"MULTIPOLYGON (((111.065888 25.937231, 111.066019 25.937127, 111.06624 25.93688, 111.066254 25.936433, 111.066802 25.936559, 111.066722 25.936806, 111.066602 25.936844, 111.066606 25.936968, 111.066777 25.937223, 111.066811 25.937612, 111.066032 25.937674, 111.065888 25.937231)))"
gis_osm_pois_a_free,<NA>,1460543404,hospital,hospitals:gis_osm_pois_a_free:1460543404:hospital,OGC:CRS84,451122,OpenStreetMap,real,kept,<NA>,钟山县妇幼保健院,medical,hospital,111.29227826849981,24.52598935,,derived_from_source_layer_osm_id_fclass,smartbidata_task06_20260810,team_shared,team_shared_source,广西壮族自治区,贺州市,钟山县,"MULTIPOLYGON (((111.291897 24.526553, 111.291993 24.525726, 111.292634 24.525754, 111.292554 24.526225, 111.292357 24.526234, 111.292289 24.526583, 111.291932 24.526553, 111.291897 24.526553)))"
gis_osm_pois_a_free,<NA>,1463858013,hospital,hospitals:gis_osm_pois_a_free:1463858013:hospital,OGC:CRS84,451122,OpenStreetMap,real,kept,<NA>,钟山县中医医院,medical,hospital,111.29578642081566,24.53203915,,derived_from_source_layer_osm_id_fclass,smartbidata_task06_20260810,team_shared,team_shared_source,广西壮族自治区,贺州市,钟山县,"MULTIPOLYGON (((111.295381 24.532635, 111.295445 24.532073, 111.295539 24.532068, 111.295562 24.531795, 111.29559 24.531459, 111.296168 24.531482, 111.296126 24.531974, 111.296045 24.53201, 111.295999 24.532108, 111.295933 24.532649, 111.295381 24.532635)))"
gis_osm_pois_a_free,<NA>,1464036708,hospital,hospitals:gis_osm_pois_a_free:1464036708:hospital,OGC:CRS84,450312,OpenStreetMap,real,kept,<NA>,会仙镇中心卫生院,medical,hospital,110.21668922877305,25.06335155,,derived_from_source_layer_osm_id_fclass,smartbidata_task06_20260810,team_shared,team_shared_source,广西壮族自治区,桂林市,临桂区,"MULTIPOLYGON (((110.21631 25.063542, 110.216434 25.063113, 110.21666 25.063161, 110.216708 25.063032, 110.217052 25.063099, 110.216966 25.063666, 110.21639 25.063604, 110.21631 25.063542)))"
gis_osm_pois_a_free,<NA>,1464060775,hospital,hospitals:gis_osm_pois_a_free:1464060775:hospital,OGC:CRS84,450311,OpenStreetMap,real,kept,<NA>,广西壮族自治区南溪山医院雁山院区,medical,hospital,110.27585661746141,25.08189675,,derived_from_source_layer_osm_id_fclass,smartbidata_task06_20260810,team_shared,team_shared_source,广西壮族自治区,桂林市,雁山区,"MULTIPOLYGON (((110.275316 25.082042, 110.275436 25.081449, 110.27586 25.080584, 110.276686 25.080907, 110.276711 25.080969, 110.276393 25.081752, 110.27617 25.083005, 110.27546 25.083034, 110.275378 25.082742, 110.275316 25.082042)))"
gis_osm_pois_a_free,<NA>,1464097988,hospital,hospitals:gis_osm_pois_a_free:1464097988:hospital,OGC:CRS84,450312,OpenStreetMap,real,kept,<NA>,四塘镇卫生院,medical,hospital,110.12677467982806,25.1617847,,derived_from_source_layer_osm_id_fclass,smartbidata_task06_20260810,team_shared,team_shared_source,广西壮族自治区,桂林市,临桂区,"MULTIPOLYGON (((110.12637 25.161996, 110.12638 25.16132, 110.126889 25.161327, 110.127251 25.161574, 110.126955 25.162408, 110.126563 25.16239, 110.12637 25.161996)))"
gis_osm_pois_a_free,<NA>,1470199571,hospital,hospitals:gis_osm_pois_a_free:1470199571:hospital,OGC:CRS84,450902,OpenStreetMap,real,kept,<NA>,红十字会医院（城区分院）,medical,hospital,110.15858184347586,22.63769615,,derived_from_source_layer_osm_id_fclass,smartbidata_task06_20260810,team_shared,team_shared_source,广西壮族自治区,玉林市,玉州区,"MULTIPOLYGON (((110.158129 22.637782, 110.158392 22.637383, 110.158992 22.637611, 110.158911 22.638108, 110.158129 22.637782)))"
gis_osm_pois_a_free,<NA>,1470237864,hospital,hospitals:gis_osm_pois_a_free:1470237864:hospital,OGC:CRS84,450902,OpenStreetMap,real,kept,<NA>,玉林市荣军医院,medical,hospital,110.10217152588643,22.6438182,,derived_from_source_layer_osm_id_fclass,smartbidata_task06_20260810,team_shared,team_shared_source,广西壮族自治区,玉林市,玉州区,"MULTIPOLYGON (((110.100449 22.642958, 110.100556 22.642694, 110.101062 22.642385, 110.101545 22.642279, 110.101929 22.642309, 110.102403 22.642966, 110.102934 22.643132, 110.103596 22.643562, 110.103866 22.643924, 110.104079 22.644256, 110.103932 22.644392, 110.10358 22.644701, 110.103171 22.645033, 110.102697 22.645395, 110.102321 22.645508, 110.101724 22.645327, 110.101185 22.644942, 110.100948 22.644663, 110.100506 22.643713, 110.100449 22.642958)))"
gis_osm_pois_a_free,<NA>,1472885756,hospital,hospitals:gis_osm_pois_a_free:1472885756:hospital,OGC:CRS84,451082,OpenStreetMap,real,kept,<NA>,广西平果广旅医院,medical,hospital,107.52594940628597,23.3404916,,derived_from_source_layer_osm_id_fclass,smartbidata_task06_20260810,team_shared,team_shared_source,广西壮族自治区,百色市,平果市,"MULTIPOLYGON (((107.525237 23.340338, 107.525858 23.339755, 107.526783 23.340645, 107.525516 23.341463, 107.525237 23.340338)))"
gis_osm_pois_a_free,<NA>,1472949294,hospital,hospitals:gis_osm_pois_a_free:1472949294:hospital,OGC:CRS84,451082,OpenStreetMap,real,kept,<NA>,平果市人民医院,medical,hospital,107.58388889464668,23.31829495,,derived_from_source_layer_osm_id_fclass,smartbidata_task06_20260810,team_shared,team_shared_source,广西壮族自治区,百色市,平果市,"MULTIPOLYGON (((107.583064 23.31883, 107.583719 23.317381, 107.584714 23.31776, 107.584059 23.319209, 107.583064 23.31883)))"
gis_osm_pois_a_free,<NA>,1474942496,hospital,hospitals:gis_osm_pois_a_free:1474942496:hospital,OGC:CRS84,450326,OpenStreetMap,real,kept,<NA>,永福县苏桥镇中心卫生院,medical,hospital,110.05647956926938,25.1063786,,derived_from_source_layer_osm_id_fclass,smartbidata_task06_20260810,team_shared,team_shared_source,广西壮族自治区,桂林市,永福县,"MULTIPOLYGON (((110.056053 25.106949, 110.05613 25.106796, 110.056198 25.106606, 110.056225 25.10649, 110.056249 25.106324, 110.056264 25.106201, 110.056262 25.106018, 110.056271 25.105728, 110.056757 25.105688, 110.057063 25.105697, 110.056937 25.106036, 110.056682 25.106434, 110.056346 25.107114, 110.056067 25.106965, 110.056053 25.106949)))"
gis_osm_pois_a_free,<NA>,1481705521,hospital,hospitals:gis_osm_pois_a_free:1481705521:hospital,OGC:CRS84,450902,OpenStreetMap,real,kept,<NA>,玉东新区人民医院新院区,medical,hospital,110.21853306321151,22.66250135,,derived_from_source_layer_osm_id_fclass,smartbidata_task06_20260810,team_shared,team_shared_source,广西壮族自治区,玉林市,玉州区,"MULTIPOLYGON (((110.217071 22.661958, 110.219916 22.661038, 110.220439 22.661445, 110.219736 22.66309, 110.217087 22.663044, 110.217071 22.661958)))"
gis_osm_pois_a_free,<NA>,1482102437,hospital,hospitals:gis_osm_pois_a_free:1482102437:hospital,OGC:CRS84,451202,OpenStreetMap,real,kept,<NA>,保平乡卫生院,medical,hospital,107.83787433774154,24.43578265,,derived_from_source_layer_osm_id_fclass,smartbidata_task06_20260810,team_shared,team_shared_source,广西壮族自治区,河池市,金城江区,"MULTIPOLYGON (((107.837482 24.435811, 107.8377 24.435661, 107.838039 24.435608, 107.838293 24.435754, 107.837751 24.435983, 107.837562 24.43599, 107.837482 24.435811)))"
gis_osm_pois_a_free,<NA>,1486736324,hospital,hospitals:gis_osm_pois_a_free:1486736324:hospital,OGC:CRS84,451424,OpenStreetMap,real,kept,<NA>,硕龙镇卫生院,medical,hospital,106.82154842721718,22.82168945,,derived_from_source_layer_osm_id_fclass,smartbidata_task06_20260810,team_shared,team_shared_source,广西壮族自治区,崇左市,大新县,"MULTIPOLYGON (((106.821066 22.821473, 106.821481 22.821258, 106.821586 22.821483, 106.821809 22.821435, 106.821867 22.821571, 106.821955 22.821966, 106.821444 22.822126, 106.821278 22.821808, 106.821066 22.821473)))"
gis_osm_pois_a_free,<NA>,1488521083,hospital,hospitals:gis_osm_pois_a_free:1488521083:hospital,OGC:CRS84,450328,OpenStreetMap,real,kept,<NA>,龙胜各族自治县中医医院,medical,hospital,110.02187599347232,25.77977195,,derived_from_source_layer_osm_id_fclass,smartbidata_task06_20260810,team_shared,team_shared_source,广西壮族自治区,桂林市,龙胜各族自治县,"MULTIPOLYGON (((110.020966 25.779581, 110.021009 25.779459, 110.021834 25.779164, 110.021929 25.779344, 110.022603 25.779472, 110.022568 25.779587, 110.022775 25.779957, 110.022269 25.780182, 110.022372 25.780361, 110.021612 25.780661, 110.020966 25.779581)))"
gis_osm_pois_a_free,<NA>,1490013852,hospital,hospitals:gis_osm_pois_a_free:1490013852:hospital,OGC:CRS84,450312,OpenStreetMap,real,kept,<NA>,两江镇中心卫生院,medical,hospital,110.01671876329249,25.19777925,,derived_from_source_layer_osm_id_fclass,smartbidata_task06_20260810,team_shared,team_shared_source,广西壮族自治区,桂林市,临桂区,"MULTIPOLYGON (((110.01572 25.198208, 110.015982 25.197115, 110.016091 25.196799, 110.016244 25.196797, 110.016315 25.196812, 110.01661 25.196959, 110.016552 25.197193, 110.017847 25.197392, 110.017873 25.197474, 110.01704 25.198461, 110.0169 25.198491, 110.016524 25.198407, 110.016578 25.198186, 110.016287 25.198085, 110.016089 25.198149, 110.015809 25.198223, 110.01572 25.198208)))"
gis_osm_pois_a_free,<NA>,1492040731,hospital,hospitals:gis_osm_pois_a_free:1492040731:hospital,OGC:CRS84,450312,OpenStreetMap,real,kept,<NA>,临桂区疾病预防控制中心,medical,hospital,110.18684093541464,25.2286554,,derived_from_source_layer_osm_id_fclass,smartbidata_task06_20260810,team_shared,team_shared_source,广西壮族自治区,桂林市,临桂区,"MULTIPOLYGON (((110.186486 25.228509, 110.186876 25.22831, 110.187362 25.229026, 110.187 25.229195, 110.186942 25.229192, 110.186658 25.228802, 110.186486 25.228509)))"
gis_osm_pois_a_free,<NA>,1501005976,hospital,hospitals:gis_osm_pois_a_free:1501005976:hospital,OGC:CRS84,450224,OpenStreetMap,real,kept,<NA>,融安县人民医院,medical,hospital,109.39123368729557,25.21891275,,derived_from_source_layer_osm_id_fclass,smartbidata_task06_20260810,team_shared,team_shared_source,广西壮族自治区,柳州市,融安县,"MULTIPOLYGON (((109.390066 25.2192, 109.391979 25.218051, 109.392401 25.218626, 109.390488 25.219775, 109.390066 25.2192)))"
gis_osm_pois_a_free,<NA>,1515091249,hospital,hospitals:gis_osm_pois_a_free:1515091249:hospital,OGC:CRS84,451122,OpenStreetMap,real,kept,<NA>,钟山县人民医院,medical,hospital,111.29795331847382,24.52565345,,derived_from_source_layer_osm_id_fclass,smartbidata_task06_20260810,team_shared,team_shared_source,广西壮族自治区,贺州市,钟山县,"MULTIPOLYGON (((111.297587 24.526239, 111.297741 24.524995, 111.298311 24.525112, 111.298314 24.525401, 111.298181 24.525906, 111.298274 24.525956, 111.298089 24.526346, 111.297587 24.526239)))"
gis_osm_pois_a_free,<NA>,1531721002,hospital,hospitals:gis_osm_pois_a_free:1531721002:hospital,OGC:CRS84,451082,OpenStreetMap,real,kept,<NA>,,medical,hospital,107.80528306292835,23.39704765,,derived_from_source_layer_osm_id_fclass,smartbidata_task06_20260810,team_shared,team_shared_source,广西壮族自治区,百色市,平果市,"MULTIPOLYGON (((107.804773 23.396958, 107.805345 23.396764, 107.805566 23.39694, 107.805752 23.396955, 107.805768 23.397137, 107.805507 23.397281, 107.805145 23.397294, 107.804931 23.397389, 107.804773 23.396958)))"
gis_osm_pois_a_free,<NA>,1531723071,hospital,hospitals:gis_osm_pois_a_free:1531723071:hospital,OGC:CRS84,450110,OpenStreetMap,real,kept,<NA>,灵马镇卫生院,medical,hospital,107.91007244595426,23.3903767,,derived_from_source_layer_osm_id_fclass,smartbidata_task06_20260810,team_shared,team_shared_source,广西壮族自治区,南宁市,武鸣区,"MULTIPOLYGON (((107.90972 23.390543, 107.909727 23.389927, 107.909919 23.389888, 107.910384 23.390072, 107.910485 23.39021, 107.910307 23.390693, 107.90972 23.390543)))"
gis_osm_pois_a_free,<NA>,21102499,hospital,hospitals:gis_osm_pois_a_free:21102499:hospital,OGC:CRS84,450312,OpenStreetMap,real,kept,<NA>,中南大学湘雅二医院桂林医院,medical,hospital,110.16279826563448,25.27393655,,derived_from_source_layer_osm_id_fclass,smartbidata_task06_20260810,team_shared,team_shared_source,广西壮族自治区,桂林市,临桂区,"MULTIPOLYGON (((110.160119 25.273892, 110.160188 25.273677, 110.160713 25.27233, 110.160913 25.272249, 110.161437 25.272436, 110.161873 25.272507, 110.162083 25.272571, 110.162694 25.272781, 110.163733 25.272985, 110.164021 25.273024, 110.165322 25.273202, 110.165487 25.273445, 110.165262 25.274368, 110.165226 25.274534, 110.165059 25.274895, 110.164762 25.275418, 110.164616 25.275669, 110.164272 25.275684, 110.163987 25.275647, 110.163678 25.2756, 110.163168 25.275443, 110.162642 25.275236, 110.162264 25.275006, 110.161893 25.27478, 110.16143 25.274494, 110.160566 25.27401, 110.16034 25.273982, 110.160119 25.273892)))"
gis_osm_pois_a_free,<NA>,1540715412,hospital,hospitals:gis_osm_pois_a_free:1540715412:hospital,OGC:CRS84,450722,OpenStreetMap,real,kept,<NA>,浦北县人民医院,medical,hospital,109.54258889736465,22.26617445,,derived_from_source_layer_osm_id_fclass,smartbidata_task06_20260810,team_shared,team_shared_source,广西壮族自治区,钦州市,浦北县,"MULTIPOLYGON (((109.541266 22.265389, 109.54385 22.265307, 109.543911 22.26696, 109.541328 22.267042, 109.541266 22.265389)))"
gis_osm_pois_a_free,<NA>,1540721296,hospital,hospitals:gis_osm_pois_a_free:1540721296:hospital,OGC:CRS84,450721,OpenStreetMap,real,kept,<NA>,灵山县骨科医院,medical,hospital,109.30149816266355,22.4097956,,derived_from_source_layer_osm_id_fclass,smartbidata_task06_20260810,team_shared,team_shared_source,广西壮族自治区,钦州市,灵山县,"MULTIPOLYGON (((109.299868 22.410431, 109.300122 22.410044, 109.299906 22.409547, 109.300119 22.409094, 109.30297 22.409053, 109.302996 22.410666, 109.302309 22.410476, 109.301524 22.410476, 109.299944 22.410877, 109.299868 22.410431)))"
